[02:29:02][pdx_localize.cpp:231]: Key 'concept_diplomatic_demand_desc' defined in multiple files: 'localization/japanese/concepts_l_japanese.yml', 'localization/japanese/replace/concepts_l_japanese.yml'
[02:29:02][pdx_localize.cpp:231]: Key 'concept_diplomatic_action' defined in multiple files: 'localization/japanese/concepts_l_japanese.yml', 'localization/japanese/replace/concepts_l_japanese.yml'
[02:29:02][pdx_localize.cpp:231]: Key 'concept_diplomatic_actions' defined in multiple files: 'localization/japanese/concepts_l_japanese.yml', 'localization/japanese/replace/concepts_l_japanese.yml'
[02:29:02][pdx_localize.cpp:231]: Key 'concept_diplomatic_actions_short' defined in multiple files: 'localization/japanese/concepts_l_japanese.yml', 'localization/japanese/replace/concepts_l_japanese.yml'
[02:29:02][pdx_localize.cpp:231]: Key 'concept_diplomatic_action_desc' defined in multiple files: 'localization/japanese/concepts_l_japanese.yml', 'localization/japanese/replace/concepts_l_japanese.yml'
[02:29:02][pdx_localize.cpp:231]: Key 'concept_subject_action' defined in multiple files: 'localization/japanese/concepts_l_japanese.yml', 'localization/japanese/replace/concepts_l_japanese.yml'
[02:29:02][pdx_localize.cpp:231]: Key 'concept_subject_actions' defined in multiple files: 'localization/japanese/concepts_l_japanese.yml', 'localization/japanese/replace/concepts_l_japanese.yml'
[02:29:02][pdx_localize.cpp:231]: Key 'concept_subject_action_desc' defined in multiple files: 'localization/japanese/concepts_l_japanese.yml', 'localization/japanese/replace/concepts_l_japanese.yml'
[02:29:02][pdx_localize.cpp:231]: Key 'concept_overlord_action' defined in multiple files: 'localization/japanese/concepts_l_japanese.yml', 'localization/japanese/replace/concepts_l_japanese.yml'
[02:29:02][pdx_localize.cpp:231]: Key 'concept_overlord_actions' defined in multiple files: 'localization/japanese/concepts_l_japanese.yml', 'localization/japanese/replace/concepts_l_japanese.yml'
[02:29:02][pdx_localize.cpp:231]: Key 'concept_overlord_action_desc' defined in multiple files: 'localization/japanese/concepts_l_japanese.yml', 'localization/japanese/replace/concepts_l_japanese.yml'
[02:29:02][pdx_localize.cpp:231]: Key 'concept_bloc_member_action' defined in multiple files: 'localization/japanese/concepts_l_japanese.yml', 'localization/japanese/replace/concepts_l_japanese.yml'
[02:29:02][pdx_localize.cpp:231]: Key 'concept_bloc_member_actions' defined in multiple files: 'localization/japanese/concepts_l_japanese.yml', 'localization/japanese/replace/concepts_l_japanese.yml'
[02:29:02][pdx_localize.cpp:231]: Key 'concept_bloc_member_action_desc' defined in multiple files: 'localization/japanese/concepts_l_japanese.yml', 'localization/japanese/replace/concepts_l_japanese.yml'
[02:29:02][pdx_localize.cpp:231]: Key 'concept_bloc_leader_action' defined in multiple files: 'localization/japanese/concepts_l_japanese.yml', 'localization/japanese/replace/concepts_l_japanese.yml'
[02:29:02][pdx_localize.cpp:231]: Key 'concept_bloc_leader_actions' defined in multiple files: 'localization/japanese/concepts_l_japanese.yml', 'localization/japanese/replace/concepts_l_japanese.yml'
[02:29:02][pdx_localize.cpp:231]: Key 'concept_bloc_leader_action_desc' defined in multiple files: 'localization/japanese/concepts_l_japanese.yml', 'localization/japanese/replace/concepts_l_japanese.yml'
[02:29:02][pdx_localize.cpp:231]: Key 'concept_government_building' defined in multiple files: 'localization/japanese/concepts_l_japanese.yml', 'localization/japanese/replace/concepts_l_japanese.yml'
[02:29:02][pdx_localize.cpp:231]: Key 'concept_government_buildings' defined in multiple files: 'localization/japanese/concepts_l_japanese.yml', 'localization/japanese/replace/concepts_l_japanese.yml'
[02:29:02][pdx_localize.cpp:231]: Key 'concept_government_building_desc' defined in multiple files: 'localization/japanese/concepts_l_japanese.yml', 'localization/japanese/replace/concepts_l_japanese.yml'
[02:29:02][pdx_localize.cpp:231]: Key 'concept_military_building' defined in multiple files: 'localization/japanese/concepts_l_japanese.yml', 'localization/japanese/replace/concepts_l_japanese.yml'
[02:29:02][pdx_localize.cpp:231]: Key 'concept_military_buildings' defined in multiple files: 'localization/japanese/concepts_l_japanese.yml', 'localization/japanese/replace/concepts_l_japanese.yml'
[02:29:02][pdx_localize.cpp:231]: Key 'concept_military_building_army_and_navy' defined in multiple files: 'localization/japanese/concepts_l_japanese.yml', 'localization/japanese/replace/concepts_l_japanese.yml'
[02:29:02][pdx_localize.cpp:231]: Key 'concept_military_building_desc' defined in multiple files: 'localization/japanese/concepts_l_japanese.yml', 'localization/japanese/replace/concepts_l_japanese.yml'
[02:29:02][pdx_localize.cpp:231]: Key 'concept_incorporated_state' defined in multiple files: 'localization/japanese/concepts_l_japanese.yml', 'localization/japanese/replace/concepts_l_japanese.yml'
[02:29:02][pdx_localize.cpp:231]: Key 'concept_incorporated_states' defined in multiple files: 'localization/japanese/concepts_l_japanese.yml', 'localization/japanese/replace/concepts_l_japanese.yml'
[02:29:02][pdx_localize.cpp:231]: Key 'concept_incorporate_state' defined in multiple files: 'localization/japanese/concepts_l_japanese.yml', 'localization/japanese/replace/concepts_l_japanese.yml'
[02:29:02][pdx_localize.cpp:231]: Key 'concept_incorporated_state_possessive' defined in multiple files: 'localization/japanese/concepts_l_japanese.yml', 'localization/japanese/replace/concepts_l_japanese.yml'
[02:29:02][pdx_localize.cpp:231]: Key 'concept_incorporate' defined in multiple files: 'localization/japanese/concepts_l_japanese.yml', 'localization/japanese/replace/concepts_l_japanese.yml'
[02:29:02][pdx_localize.cpp:231]: Key 'concept_incorporated' defined in multiple files: 'localization/japanese/concepts_l_japanese.yml', 'localization/japanese/replace/concepts_l_japanese.yml'
[02:29:02][pdx_localize.cpp:231]: Key 'concept_incorporating' defined in multiple files: 'localization/japanese/concepts_l_japanese.yml', 'localization/japanese/replace/concepts_l_japanese.yml'
[02:29:02][pdx_localize.cpp:231]: Key 'concept_incorporation' defined in multiple files: 'localization/japanese/concepts_l_japanese.yml', 'localization/japanese/replace/concepts_l_japanese.yml'
[02:29:02][pdx_localize.cpp:231]: Key 'concept_incorporated_state_desc' defined in multiple files: 'localization/japanese/concepts_l_japanese.yml', 'localization/japanese/replace/concepts_l_japanese.yml'
[02:29:02][pdx_localize.cpp:231]: Key 'concept_capacity' defined in multiple files: 'localization/japanese/concepts_l_japanese.yml', 'localization/japanese/replace/concepts_l_japanese.yml'
[02:29:02][pdx_localize.cpp:231]: Key 'concept_capacities' defined in multiple files: 'localization/japanese/concepts_l_japanese.yml', 'localization/japanese/replace/concepts_l_japanese.yml'
[02:29:02][pdx_localize.cpp:231]: Key 'concept_capacity_desc' defined in multiple files: 'localization/japanese/concepts_l_japanese.yml', 'localization/japanese/replace/concepts_l_japanese.yml'
[02:29:02][pdx_localize.cpp:231]: Key 'concept_bureaucracy' defined in multiple files: 'localization/japanese/concepts_l_japanese.yml', 'localization/japanese/replace/concepts_l_japanese.yml'
[02:29:02][pdx_localize.cpp:231]: Key 'concept_bureaucracy_desc' defined in multiple files: 'localization/japanese/concepts_l_japanese.yml', 'localization/japanese/replace/concepts_l_japanese.yml'
[02:29:02][pdx_localize.cpp:231]: Key 'concept_bureaucracy_desc_added' defined in multiple files: 'localization/japanese/concepts_l_japanese.yml', 'localization/japanese/replace/concepts_l_japanese.yml'
[02:29:02][pdx_localize.cpp:231]: Key 'concept_authority' defined in multiple files: 'localization/japanese/concepts_l_japanese.yml', 'localization/japanese/replace/concepts_l_japanese.yml'
[02:29:02][pdx_localize.cpp:231]: Key 'concept_authority_desc' defined in multiple files: 'localization/japanese/concepts_l_japanese.yml', 'localization/japanese/replace/concepts_l_japanese.yml'
[02:29:02][pdx_localize.cpp:231]: Key 'concept_influence' defined in multiple files: 'localization/japanese/concepts_l_japanese.yml', 'localization/japanese/replace/concepts_l_japanese.yml'
[02:29:02][pdx_localize.cpp:231]: Key 'concept_influence_desc' defined in multiple files: 'localization/japanese/concepts_l_japanese.yml', 'localization/japanese/replace/concepts_l_japanese.yml'
[02:29:02][pdx_localize.cpp:231]: Key 'concept_institution' defined in multiple files: 'localization/japanese/concepts_l_japanese.yml', 'localization/japanese/replace/concepts_l_japanese.yml'
[02:29:02][pdx_localize.cpp:231]: Key 'concept_institutions' defined in multiple files: 'localization/japanese/concepts_l_japanese.yml', 'localization/japanese/replace/concepts_l_japanese.yml'
[02:29:02][pdx_localize.cpp:231]: Key 'concept_institution_possessive' defined in multiple files: 'localization/japanese/concepts_l_japanese.yml', 'localization/japanese/replace/concepts_l_japanese.yml'
[02:29:02][pdx_localize.cpp:231]: Key 'concept_institution_desc' defined in multiple files: 'localization/japanese/concepts_l_japanese.yml', 'localization/japanese/replace/concepts_l_japanese.yml'
[02:29:02][pdx_localize.cpp:231]: Key 'concept_law' defined in multiple files: 'localization/japanese/concepts_l_japanese.yml', 'localization/japanese/replace/concepts_l_japanese.yml'
[02:29:02][pdx_localize.cpp:231]: Key 'concept_laws' defined in multiple files: 'localization/japanese/concepts_l_japanese.yml', 'localization/japanese/replace/concepts_l_japanese.yml'
[02:29:02][pdx_localize.cpp:231]: Key 'concept_law_desc' defined in multiple files: 'localization/japanese/concepts_l_japanese.yml', 'localization/japanese/replace/concepts_l_japanese.yml'
[02:29:02][pdx_localize.cpp:231]: Key 'concept_amendment' defined in multiple files: 'localization/japanese/concepts_l_japanese.yml', 'localization/japanese/replace/concepts_l_japanese.yml'
[02:29:02][pdx_localize.cpp:231]: Key 'concept_amendments' defined in multiple files: 'localization/japanese/concepts_l_japanese.yml', 'localization/japanese/replace/concepts_l_japanese.yml'
[02:29:02][pdx_localize.cpp:231]: Key 'concept_amendment_desc' defined in multiple files: 'localization/japanese/concepts_l_japanese.yml', 'localization/japanese/replace/concepts_l_japanese.yml'
[02:29:02][pdx_localize.cpp:231]: Key 'concept_amendment_repeal' defined in multiple files: 'localization/japanese/concepts_l_japanese.yml', 'localization/japanese/replace/concepts_l_japanese.yml'
[02:29:02][pdx_localize.cpp:231]: Key 'concept_repeal' defined in multiple files: 'localization/japanese/concepts_l_japanese.yml', 'localization/japanese/replace/concepts_l_japanese.yml'
[02:29:02][pdx_localize.cpp:231]: Key 'concept_repealed' defined in multiple files: 'localization/japanese/concepts_l_japanese.yml', 'localization/japanese/replace/concepts_l_japanese.yml'
[02:29:02][pdx_localize.cpp:231]: Key 'concept_repealing' defined in multiple files: 'localization/japanese/concepts_l_japanese.yml', 'localization/japanese/replace/concepts_l_japanese.yml'
[02:29:02][pdx_localize.cpp:231]: Key 'concept_amendment_repeal_desc' defined in multiple files: 'localization/japanese/concepts_l_japanese.yml', 'localization/japanese/replace/concepts_l_japanese.yml'
[02:29:02][pdx_localize.cpp:231]: Key 'concept_parent_law' defined in multiple files: 'localization/japanese/concepts_l_japanese.yml', 'localization/japanese/replace/concepts_l_japanese.yml'
[02:29:02][pdx_localize.cpp:231]: Key 'concept_parent_law_desc' defined in multiple files: 'localization/japanese/concepts_l_japanese.yml', 'localization/japanese/replace/concepts_l_japanese.yml'
[02:29:02][pdx_localize.cpp:231]: Key 'concept_enactment_setback' defined in multiple files: 'localization/japanese/concepts_l_japanese.yml', 'localization/japanese/replace/concepts_l_japanese.yml'
[02:29:02][pdx_localize.cpp:231]: Key 'concept_enactment_setbacks' defined in multiple files: 'localization/japanese/concepts_l_japanese.yml', 'localization/japanese/replace/concepts_l_japanese.yml'
[02:29:02][pdx_localize.cpp:231]: Key 'concept_enactment_setback_short' defined in multiple files: 'localization/japanese/concepts_l_japanese.yml', 'localization/japanese/replace/concepts_l_japanese.yml'
[02:29:02][pdx_localize.cpp:231]: Key 'concept_enactment_setbacks_short' defined in multiple files: 'localization/japanese/concepts_l_japanese.yml', 'localization/japanese/replace/concepts_l_japanese.yml'
[02:29:02][pdx_localize.cpp:231]: Key 'concept_enactment_setback_desc' defined in multiple files: 'localization/japanese/concepts_l_japanese.yml', 'localization/japanese/replace/concepts_l_japanese.yml'
[02:29:02][pdx_localize.cpp:231]: Key 'concept_enactment_phase' defined in multiple files: 'localization/japanese/concepts_l_japanese.yml', 'localization/japanese/replace/concepts_l_japanese.yml'
[02:29:02][pdx_localize.cpp:231]: Key 'concept_enactment_phase_short' defined in multiple files: 'localization/japanese/concepts_l_japanese.yml', 'localization/japanese/replace/concepts_l_japanese.yml'
[02:29:02][pdx_localize.cpp:231]: Key 'concept_enactment_phases_short' defined in multiple files: 'localization/japanese/concepts_l_japanese.yml', 'localization/japanese/replace/concepts_l_japanese.yml'
[02:29:02][pdx_localize.cpp:231]: Key 'concept_enactment_phases' defined in multiple files: 'localization/japanese/concepts_l_japanese.yml', 'localization/japanese/replace/concepts_l_japanese.yml'
[02:29:02][pdx_localize.cpp:231]: Key 'concept_enactment_phase_desc' defined in multiple files: 'localization/japanese/concepts_l_japanese.yml', 'localization/japanese/replace/concepts_l_japanese.yml'
[02:29:02][pdx_localize.cpp:231]: Key 'concept_enactment_phase_ingame_added' defined in multiple files: 'localization/japanese/concepts_l_japanese.yml', 'localization/japanese/replace/concepts_l_japanese.yml'
[02:29:02][pdx_localize.cpp:231]: Key 'concept_money' defined in multiple files: 'localization/japanese/concepts_l_japanese.yml', 'localization/japanese/replace/concepts_l_japanese.yml'
[02:29:02][pdx_localize.cpp:231]: Key 'concept_money_desc' defined in multiple files: 'localization/japanese/concepts_l_japanese.yml', 'localization/japanese/replace/concepts_l_japanese.yml'
[02:29:02][pdx_localize.cpp:231]: Key 'concept_workforce' defined in multiple files: 'localization/japanese/concepts_l_japanese.yml', 'localization/japanese/replace/concepts_l_japanese.yml'
[02:29:02][pdx_localize.cpp:231]: Key 'concept_workforce_desc' defined in multiple files: 'localization/japanese/concepts_l_japanese.yml', 'localization/japanese/replace/concepts_l_japanese.yml'
[02:29:02][pdx_localize.cpp:231]: Key 'concept_gold_reserves' defined in multiple files: 'localization/japanese/concepts_l_japanese.yml', 'localization/japanese/replace/concepts_l_japanese.yml'
[02:29:02][pdx_localize.cpp:231]: Key 'concept_gold_reserves_desc' defined in multiple files: 'localization/japanese/concepts_l_japanese.yml', 'localization/japanese/replace/concepts_l_japanese.yml'
[02:29:02][pdx_localize.cpp:231]: Key 'concept_cash_reserves' defined in multiple files: 'localization/japanese/concepts_l_japanese.yml', 'localization/japanese/replace/concepts_l_japanese.yml'
[02:29:02][pdx_localize.cpp:231]: Key 'concept_cash_reserves_desc' defined in multiple files: 'localization/japanese/concepts_l_japanese.yml', 'localization/japanese/replace/concepts_l_japanese.yml'
[02:29:02][pdx_localize.cpp:231]: Key 'concept_obsession' defined in multiple files: 'localization/japanese/concepts_l_japanese.yml', 'localization/japanese/replace/concepts_l_japanese.yml'
[02:29:02][pdx_localize.cpp:231]: Key 'concept_obsessed' defined in multiple files: 'localization/japanese/concepts_l_japanese.yml', 'localization/japanese/replace/concepts_l_japanese.yml'
[02:29:02][pdx_localize.cpp:231]: Key 'concept_obsessions' defined in multiple files: 'localization/japanese/concepts_l_japanese.yml', 'localization/japanese/replace/concepts_l_japanese.yml'
[02:29:02][pdx_localize.cpp:231]: Key 'concept_obsession_desc' defined in multiple files: 'localization/japanese/concepts_l_japanese.yml', 'localization/japanese/replace/concepts_l_japanese.yml'
[02:29:02][pdx_localize.cpp:231]: Key 'concept_taboo' defined in multiple files: 'localization/japanese/concepts_l_japanese.yml', 'localization/japanese/replace/concepts_l_japanese.yml'
[02:29:02][pdx_localize.cpp:231]: Key 'concept_taboos' defined in multiple files: 'localization/japanese/concepts_l_japanese.yml', 'localization/japanese/replace/concepts_l_japanese.yml'
[02:29:02][pdx_localize.cpp:231]: Key 'concept_taboo_desc' defined in multiple files: 'localization/japanese/concepts_l_japanese.yml', 'localization/japanese/replace/concepts_l_japanese.yml'
[02:29:02][pdx_localize.cpp:231]: Key 'concept_goods_substitution' defined in multiple files: 'localization/japanese/concepts_l_japanese.yml', 'localization/japanese/replace/concepts_l_japanese.yml'
[02:29:02][pdx_localize.cpp:231]: Key 'concept_goods_substitutes_short' defined in multiple files: 'localization/japanese/concepts_l_japanese.yml', 'localization/japanese/replace/concepts_l_japanese.yml'
[02:29:02][pdx_localize.cpp:231]: Key 'concept_goods_substitutable' defined in multiple files: 'localization/japanese/concepts_l_japanese.yml', 'localization/japanese/replace/concepts_l_japanese.yml'
[02:29:02][pdx_localize.cpp:231]: Key 'concept_goods_substitution_desc' defined in multiple files: 'localization/japanese/concepts_l_japanese.yml', 'localization/japanese/replace/concepts_l_japanese.yml'
[02:29:02][pdx_localize.cpp:231]: Key 'concept_market_price' defined in multiple files: 'localization/japanese/concepts_l_japanese.yml', 'localization/japanese/replace/concepts_l_japanese.yml'
[02:29:02][pdx_localize.cpp:231]: Key 'concept_market_prices' defined in multiple files: 'localization/japanese/concepts_l_japanese.yml', 'localization/japanese/replace/concepts_l_japanese.yml'
[02:29:02][pdx_localize.cpp:231]: Key 'concept_market_price_share' defined in multiple files: 'localization/japanese/concepts_l_japanese.yml', 'localization/japanese/replace/concepts_l_japanese.yml'
[02:29:02][pdx_localize.cpp:231]: Key 'concept_market_price_short' defined in multiple files: 'localization/japanese/concepts_l_japanese.yml', 'localization/japanese/replace/concepts_l_japanese.yml'
[02:29:02][pdx_localize.cpp:231]: Key 'concept_market_prices_short' defined in multiple files: 'localization/japanese/concepts_l_japanese.yml', 'localization/japanese/replace/concepts_l_japanese.yml'
[02:29:02][pdx_localize.cpp:231]: Key 'concept_market_price_desc' defined in multiple files: 'localization/japanese/concepts_l_japanese.yml', 'localization/japanese/replace/concepts_l_japanese.yml'
[02:29:02][pdx_localize.cpp:231]: Key 'concept_local_price' defined in multiple files: 'localization/japanese/concepts_l_japanese.yml', 'localization/japanese/replace/concepts_l_japanese.yml'
[02:29:02][pdx_localize.cpp:231]: Key 'concept_local_prices' defined in multiple files: 'localization/japanese/concepts_l_japanese.yml', 'localization/japanese/replace/concepts_l_japanese.yml'
[02:29:02][pdx_localize.cpp:231]: Key 'concept_local_goods_prices' defined in multiple files: 'localization/japanese/concepts_l_japanese.yml', 'localization/japanese/replace/concepts_l_japanese.yml'
[02:29:02][pdx_localize.cpp:231]: Key 'concept_local_price_desc' defined in multiple files: 'localization/japanese/concepts_l_japanese.yml', 'localization/japanese/replace/concepts_l_japanese.yml'
[02:29:02][pdx_localize.cpp:231]: Key 'concept_world_market_price' defined in multiple files: 'localization/japanese/concepts_l_japanese.yml', 'localization/japanese/replace/concepts_l_japanese.yml'
[02:29:02][pdx_localize.cpp:231]: Key 'concept_world_market_price_desc' defined in multiple files: 'localization/japanese/concepts_l_japanese.yml', 'localization/japanese/replace/concepts_l_japanese.yml'
[02:29:02][pdx_localize.cpp:231]: Key 'concept_import_price' defined in multiple files: 'localization/japanese/concepts_l_japanese.yml', 'localization/japanese/replace/concepts_l_japanese.yml'
[02:29:02][pdx_localize.cpp:231]: Key 'concept_import_price_desc' defined in multiple files: 'localization/japanese/concepts_l_japanese.yml', 'localization/japanese/replace/concepts_l_japanese.yml'
[02:29:02][pdx_localize.cpp:231]: Key 'concept_export_price' defined in multiple files: 'localization/japanese/concepts_l_japanese.yml', 'localization/japanese/replace/concepts_l_japanese.yml'
[02:29:02][pdx_localize.cpp:231]: Key 'concept_export_price_desc' defined in multiple files: 'localization/japanese/concepts_l_japanese.yml', 'localization/japanese/replace/concepts_l_japanese.yml'
[02:29:02][pdx_localize.cpp:231]: Key 'concept_local_good' defined in multiple files: 'localization/japanese/concepts_l_japanese.yml', 'localization/japanese/replace/concepts_l_japanese.yml'
[02:29:02][pdx_localize.cpp:231]: Key 'concept_local_goods' defined in multiple files: 'localization/japanese/concepts_l_japanese.yml', 'localization/japanese/replace/concepts_l_japanese.yml'
[02:29:02][pdx_localize.cpp:231]: Key 'concept_local_good_desc' defined in multiple files: 'localization/japanese/concepts_l_japanese.yml', 'localization/japanese/replace/concepts_l_japanese.yml'
[02:29:02][pdx_localize.cpp:231]: Key 'concept_subsistence_building' defined in multiple files: 'localization/japanese/concepts_l_japanese.yml', 'localization/japanese/replace/concepts_l_japanese.yml'
[02:29:02][pdx_localize.cpp:231]: Key 'concept_subsistence_buildings' defined in multiple files: 'localization/japanese/concepts_l_japanese.yml', 'localization/japanese/replace/concepts_l_japanese.yml'
[02:29:02][pdx_localize.cpp:231]: Key 'concept_subsistence_building_farming' defined in multiple files: 'localization/japanese/concepts_l_japanese.yml', 'localization/japanese/replace/concepts_l_japanese.yml'
[02:29:02][pdx_localize.cpp:231]: Key 'concept_subsistence_building_desc' defined in multiple files: 'localization/japanese/concepts_l_japanese.yml', 'localization/japanese/replace/concepts_l_japanese.yml'
[02:29:02][pdx_localize.cpp:231]: Key 'concept_subsistence_building_desc_added' defined in multiple files: 'localization/japanese/concepts_l_japanese.yml', 'localization/japanese/replace/concepts_l_japanese.yml'
[02:29:02][pdx_localize.cpp:231]: Key 'concept_economy_of_scale' defined in multiple files: 'localization/japanese/concepts_l_japanese.yml', 'localization/japanese/replace/concepts_l_japanese.yml'
[02:29:02][pdx_localize.cpp:231]: Key 'concept_economy_of_scale_desc' defined in multiple files: 'localization/japanese/concepts_l_japanese.yml', 'localization/japanese/replace/concepts_l_japanese.yml'
[02:29:02][pdx_localize.cpp:231]: Key 'concept_economy_of_scale_desc_ingame_added' defined in multiple files: 'localization/japanese/concepts_l_japanese.yml', 'localization/japanese/replace/concepts_l_japanese.yml'
[02:29:02][pdx_localize.cpp:231]: Key 'concept_interest_group' defined in multiple files: 'localization/japanese/concepts_l_japanese.yml', 'localization/japanese/replace/concepts_l_japanese.yml'
[02:29:02][pdx_localize.cpp:231]: Key 'concept_interest_groups' defined in multiple files: 'localization/japanese/concepts_l_japanese.yml', 'localization/japanese/replace/concepts_l_japanese.yml'
[02:29:02][pdx_localize.cpp:231]: Key 'concept_interest_group_possessive' defined in multiple files: 'localization/japanese/concepts_l_japanese.yml', 'localization/japanese/replace/concepts_l_japanese.yml'
[02:29:02][pdx_localize.cpp:231]: Key 'concept_interest_group_plural_possessive' defined in multiple files: 'localization/japanese/concepts_l_japanese.yml', 'localization/japanese/replace/concepts_l_japanese.yml'
[02:29:02][pdx_localize.cpp:231]: Key 'concept_interest_group_desc' defined in multiple files: 'localization/japanese/concepts_l_japanese.yml', 'localization/japanese/replace/concepts_l_japanese.yml'
[02:29:02][pdx_localize.cpp:231]: Key 'concept_interest_group_attraction' defined in multiple files: 'localization/japanese/concepts_l_japanese.yml', 'localization/japanese/replace/concepts_l_japanese.yml'
[02:29:02][pdx_localize.cpp:231]: Key 'concept_interest_group_attraction_short' defined in multiple files: 'localization/japanese/concepts_l_japanese.yml', 'localization/japanese/replace/concepts_l_japanese.yml'
[02:29:02][pdx_localize.cpp:231]: Key 'concept_interest_group_attractions' defined in multiple files: 'localization/japanese/concepts_l_japanese.yml', 'localization/japanese/replace/concepts_l_japanese.yml'
[02:29:02][pdx_localize.cpp:231]: Key 'concept_attracted' defined in multiple files: 'localization/japanese/concepts_l_japanese.yml', 'localization/japanese/replace/concepts_l_japanese.yml'
[02:29:02][pdx_localize.cpp:231]: Key 'concept_interest_group_attraction_desc' defined in multiple files: 'localization/japanese/concepts_l_japanese.yml', 'localization/japanese/replace/concepts_l_japanese.yml'
[02:29:02][pdx_localize.cpp:231]: Key 'concept_politician' defined in multiple files: 'localization/japanese/concepts_l_japanese.yml', 'localization/japanese/replace/concepts_l_japanese.yml'
[02:29:02][pdx_localize.cpp:231]: Key 'concept_politicians' defined in multiple files: 'localization/japanese/concepts_l_japanese.yml', 'localization/japanese/replace/concepts_l_japanese.yml'
[02:29:02][pdx_localize.cpp:231]: Key 'concept_politician_desc' defined in multiple files: 'localization/japanese/concepts_l_japanese.yml', 'localization/japanese/replace/concepts_l_japanese.yml'
[02:29:02][pdx_localize.cpp:231]: Key 'concept_leader' defined in multiple files: 'localization/japanese/concepts_l_japanese.yml', 'localization/japanese/replace/concepts_l_japanese.yml'
[02:29:02][pdx_localize.cpp:231]: Key 'concept_leaders' defined in multiple files: 'localization/japanese/concepts_l_japanese.yml', 'localization/japanese/replace/concepts_l_japanese.yml'
[02:29:02][pdx_localize.cpp:231]: Key 'concept_leader_possessive' defined in multiple files: 'localization/japanese/concepts_l_japanese.yml', 'localization/japanese/replace/concepts_l_japanese.yml'
[02:29:02][pdx_localize.cpp:231]: Key 'concept_leader_desc' defined in multiple files: 'localization/japanese/concepts_l_japanese.yml', 'localization/japanese/replace/concepts_l_japanese.yml'
[02:29:02][pdx_localize.cpp:231]: Key 'concept_interest_group_trait' defined in multiple files: 'localization/japanese/concepts_l_japanese.yml', 'localization/japanese/replace/concepts_l_japanese.yml'
[02:29:02][pdx_localize.cpp:231]: Key 'concept_interest_group_traits' defined in multiple files: 'localization/japanese/concepts_l_japanese.yml', 'localization/japanese/replace/concepts_l_japanese.yml'
[02:29:02][pdx_localize.cpp:231]: Key 'concept_interest_group_trait_short' defined in multiple files: 'localization/japanese/concepts_l_japanese.yml', 'localization/japanese/replace/concepts_l_japanese.yml'
[02:29:02][pdx_localize.cpp:231]: Key 'concept_interest_group_traits_short' defined in multiple files: 'localization/japanese/concepts_l_japanese.yml', 'localization/japanese/replace/concepts_l_japanese.yml'
[02:29:02][pdx_localize.cpp:231]: Key 'concept_interest_group_trait_desc' defined in multiple files: 'localization/japanese/concepts_l_japanese.yml', 'localization/japanese/replace/concepts_l_japanese.yml'
[02:29:02][pdx_localize.cpp:231]: Key 'concept_decay' defined in multiple files: 'localization/japanese/concepts_l_japanese.yml', 'localization/japanese/replace/concepts_l_japanese.yml'
[02:29:02][pdx_localize.cpp:231]: Key 'concept_decaying' defined in multiple files: 'localization/japanese/concepts_l_japanese.yml', 'localization/japanese/replace/concepts_l_japanese.yml'
[02:29:02][pdx_localize.cpp:231]: Key 'concept_decay_desc' defined in multiple files: 'localization/japanese/concepts_l_japanese.yml', 'localization/japanese/replace/concepts_l_japanese.yml'
[02:29:02][pdx_localize.cpp:231]: Key 'concept_character_trait' defined in multiple files: 'localization/japanese/concepts_l_japanese.yml', 'localization/japanese/replace/concepts_l_japanese.yml'
[02:29:02][pdx_localize.cpp:231]: Key 'concept_character_traits' defined in multiple files: 'localization/japanese/concepts_l_japanese.yml', 'localization/japanese/replace/concepts_l_japanese.yml'
[02:29:02][pdx_localize.cpp:231]: Key 'concept_character_trait_short' defined in multiple files: 'localization/japanese/concepts_l_japanese.yml', 'localization/japanese/replace/concepts_l_japanese.yml'
[02:29:02][pdx_localize.cpp:231]: Key 'concept_character_traits_short' defined in multiple files: 'localization/japanese/concepts_l_japanese.yml', 'localization/japanese/replace/concepts_l_japanese.yml'
[02:29:02][pdx_localize.cpp:231]: Key 'concept_character_trait_desc' defined in multiple files: 'localization/japanese/concepts_l_japanese.yml', 'localization/japanese/replace/concepts_l_japanese.yml'
[02:29:02][pdx_localize.cpp:231]: Key 'concept_construction_queue' defined in multiple files: 'localization/japanese/concepts_l_japanese.yml', 'localization/japanese/replace/concepts_l_japanese.yml'
[02:29:02][pdx_localize.cpp:231]: Key 'concept_construction_queue_desc' defined in multiple files: 'localization/japanese/concepts_l_japanese.yml', 'localization/japanese/replace/concepts_l_japanese.yml'
[02:29:02][pdx_localize.cpp:231]: Key 'concept_government_construction' defined in multiple files: 'localization/japanese/concepts_l_japanese.yml', 'localization/japanese/replace/concepts_l_japanese.yml'
[02:29:02][pdx_localize.cpp:231]: Key 'concept_government_constructions' defined in multiple files: 'localization/japanese/concepts_l_japanese.yml', 'localization/japanese/replace/concepts_l_japanese.yml'
[02:29:02][pdx_localize.cpp:231]: Key 'concept_government_construction_desc' defined in multiple files: 'localization/japanese/concepts_l_japanese.yml', 'localization/japanese/replace/concepts_l_japanese.yml'
[02:29:02][pdx_localize.cpp:231]: Key 'concept_private_construction' defined in multiple files: 'localization/japanese/concepts_l_japanese.yml', 'localization/japanese/replace/concepts_l_japanese.yml'
[02:29:02][pdx_localize.cpp:231]: Key 'concept_private_constructions' defined in multiple files: 'localization/japanese/concepts_l_japanese.yml', 'localization/japanese/replace/concepts_l_japanese.yml'
[02:29:02][pdx_localize.cpp:231]: Key 'concept_private_construction_desc' defined in multiple files: 'localization/japanese/concepts_l_japanese.yml', 'localization/japanese/replace/concepts_l_japanese.yml'
[02:29:02][pdx_localize.cpp:231]: Key 'concept_under_construction' defined in multiple files: 'localization/japanese/concepts_l_japanese.yml', 'localization/japanese/replace/concepts_l_japanese.yml'
[02:29:02][pdx_localize.cpp:231]: Key 'concept_under_construction_desc' defined in multiple files: 'localization/japanese/concepts_l_japanese.yml', 'localization/japanese/replace/concepts_l_japanese.yml'
[02:29:02][pdx_localize.cpp:231]: Key 'concept_urbanization' defined in multiple files: 'localization/japanese/concepts_l_japanese.yml', 'localization/japanese/replace/concepts_l_japanese.yml'
[02:29:02][pdx_localize.cpp:231]: Key 'concept_urbanization_desc' defined in multiple files: 'localization/japanese/concepts_l_japanese.yml', 'localization/japanese/replace/concepts_l_japanese.yml'
[02:29:02][pdx_localize.cpp:231]: Key 'concept_urbanization_desc_added' defined in multiple files: 'localization/japanese/concepts_l_japanese.yml', 'localization/japanese/replace/concepts_l_japanese.yml'
[02:29:02][pdx_localize.cpp:231]: Key 'concept_endorse_oppose' defined in multiple files: 'localization/japanese/concepts_l_japanese.yml', 'localization/japanese/replace/concepts_l_japanese.yml'
[02:29:02][pdx_localize.cpp:231]: Key 'concept_endorse' defined in multiple files: 'localization/japanese/concepts_l_japanese.yml', 'localization/japanese/replace/concepts_l_japanese.yml'
[02:29:02][pdx_localize.cpp:231]: Key 'concept_endorses' defined in multiple files: 'localization/japanese/concepts_l_japanese.yml', 'localization/japanese/replace/concepts_l_japanese.yml'
[02:29:02][pdx_localize.cpp:231]: Key 'concept_endorsed' defined in multiple files: 'localization/japanese/concepts_l_japanese.yml', 'localization/japanese/replace/concepts_l_japanese.yml'
[02:29:02][pdx_localize.cpp:231]: Key 'concept_endorsing' defined in multiple files: 'localization/japanese/concepts_l_japanese.yml', 'localization/japanese/replace/concepts_l_japanese.yml'
[02:29:02][pdx_localize.cpp:231]: Key 'concept_endorsement' defined in multiple files: 'localization/japanese/concepts_l_japanese.yml', 'localization/japanese/replace/concepts_l_japanese.yml'
[02:29:02][pdx_localize.cpp:231]: Key 'concept_opposition' defined in multiple files: 'localization/japanese/concepts_l_japanese.yml', 'localization/japanese/replace/concepts_l_japanese.yml'
[02:29:02][pdx_localize.cpp:231]: Key 'concept_oppose' defined in multiple files: 'localization/japanese/concepts_l_japanese.yml', 'localization/japanese/replace/concepts_l_japanese.yml'
[02:29:02][pdx_localize.cpp:231]: Key 'concept_opposes' defined in multiple files: 'localization/japanese/concepts_l_japanese.yml', 'localization/japanese/replace/concepts_l_japanese.yml'
[02:29:02][pdx_localize.cpp:231]: Key 'concept_opposed' defined in multiple files: 'localization/japanese/concepts_l_japanese.yml', 'localization/japanese/replace/concepts_l_japanese.yml'
[02:29:02][pdx_localize.cpp:231]: Key 'concept_opposing' defined in multiple files: 'localization/japanese/concepts_l_japanese.yml', 'localization/japanese/replace/concepts_l_japanese.yml'
[02:29:02][pdx_localize.cpp:231]: Key 'concept_indifferent' defined in multiple files: 'localization/japanese/concepts_l_japanese.yml', 'localization/japanese/replace/concepts_l_japanese.yml'
[02:29:02][pdx_localize.cpp:231]: Key 'concept_endorses_and_opposes' defined in multiple files: 'localization/japanese/concepts_l_japanese.yml', 'localization/japanese/replace/concepts_l_japanese.yml'
[02:29:02][pdx_localize.cpp:231]: Key 'concept_endorse_or_oppose' defined in multiple files: 'localization/japanese/concepts_l_japanese.yml', 'localization/japanese/replace/concepts_l_japanese.yml'
[02:29:02][pdx_localize.cpp:231]: Key 'concept_stance' defined in multiple files: 'localization/japanese/concepts_l_japanese.yml', 'localization/japanese/replace/concepts_l_japanese.yml'
[02:29:02][pdx_localize.cpp:231]: Key 'concept_endorse_oppose_desc' defined in multiple files: 'localization/japanese/concepts_l_japanese.yml', 'localization/japanese/replace/concepts_l_japanese.yml'
[02:29:02][pdx_localize.cpp:231]: Key 'concept_ideology' defined in multiple files: 'localization/japanese/concepts_l_japanese.yml', 'localization/japanese/replace/concepts_l_japanese.yml'
[02:29:02][pdx_localize.cpp:231]: Key 'concept_ideologies' defined in multiple files: 'localization/japanese/concepts_l_japanese.yml', 'localization/japanese/replace/concepts_l_japanese.yml'
[02:29:02][pdx_localize.cpp:231]: Key 'concept_ideology_possessive' defined in multiple files: 'localization/japanese/concepts_l_japanese.yml', 'localization/japanese/replace/concepts_l_japanese.yml'
[02:29:02][pdx_localize.cpp:231]: Key 'concept_ideology_desc' defined in multiple files: 'localization/japanese/concepts_l_japanese.yml', 'localization/japanese/replace/concepts_l_japanese.yml'
[02:29:02][pdx_localize.cpp:231]: Key 'concept_presidency_stability' defined in multiple files: 'localization/japanese/concepts_l_japanese.yml', 'localization/japanese/replace/concepts_l_japanese.yml'
[02:29:02][pdx_localize.cpp:231]: Key 'concept_presidency_stability_short' defined in multiple files: 'localization/japanese/concepts_l_japanese.yml', 'localization/japanese/replace/concepts_l_japanese.yml'
[02:29:02][pdx_localize.cpp:231]: Key 'concept_presidency_stability_desc' defined in multiple files: 'localization/japanese/concepts_l_japanese.yml', 'localization/japanese/replace/concepts_l_japanese.yml'
[02:29:02][pdx_localize.cpp:231]: Key 'concept_presidency' defined in multiple files: 'localization/japanese/concepts_l_japanese.yml', 'localization/japanese/replace/concepts_l_japanese.yml'
[02:29:02][pdx_localize.cpp:231]: Key 'concept_presidency_desc' defined in multiple files: 'localization/japanese/concepts_l_japanese.yml', 'localization/japanese/replace/concepts_l_japanese.yml'
[02:29:02][pdx_localize.cpp:231]: Key 'concept_presidencies' defined in multiple files: 'localization/japanese/concepts_l_japanese.yml', 'localization/japanese/replace/concepts_l_japanese.yml'
[02:29:02][pdx_localize.cpp:231]: Key 'concept_court_intrigue' defined in multiple files: 'localization/japanese/concepts_l_japanese.yml', 'localization/japanese/replace/concepts_l_japanese.yml'
[02:29:02][pdx_localize.cpp:231]: Key 'concept_court_intrigue_short' defined in multiple files: 'localization/japanese/concepts_l_japanese.yml', 'localization/japanese/replace/concepts_l_japanese.yml'
[02:29:02][pdx_localize.cpp:231]: Key 'concept_court_intrigue_desc' defined in multiple files: 'localization/japanese/concepts_l_japanese.yml', 'localization/japanese/replace/concepts_l_japanese.yml'
[02:29:02][pdx_localize.cpp:231]: Key 'concept_empire_stability' defined in multiple files: 'localization/japanese/concepts_l_japanese.yml', 'localization/japanese/replace/concepts_l_japanese.yml'
[02:29:02][pdx_localize.cpp:231]: Key 'concept_empire_stability_short' defined in multiple files: 'localization/japanese/concepts_l_japanese.yml', 'localization/japanese/replace/concepts_l_japanese.yml'
[02:29:02][pdx_localize.cpp:231]: Key 'concept_empire_stability_desc' defined in multiple files: 'localization/japanese/concepts_l_japanese.yml', 'localization/japanese/replace/concepts_l_japanese.yml'
[02:29:02][pdx_localize.cpp:231]: Key 'concept_ottoman_integrity' defined in multiple files: 'localization/japanese/concepts_l_japanese.yml', 'localization/japanese/replace/concepts_l_japanese.yml'
[02:29:02][pdx_localize.cpp:231]: Key 'concept_ottoman_integrity_short' defined in multiple files: 'localization/japanese/concepts_l_japanese.yml', 'localization/japanese/replace/concepts_l_japanese.yml'
[02:29:02][pdx_localize.cpp:231]: Key 'concept_ottoman_integrity_desc' defined in multiple files: 'localization/japanese/concepts_l_japanese.yml', 'localization/japanese/replace/concepts_l_japanese.yml'
[02:29:02][pdx_localize.cpp:231]: Key 'concept_balkan_culture' defined in multiple files: 'localization/japanese/concepts_l_japanese.yml', 'localization/japanese/replace/concepts_l_japanese.yml'
[02:29:02][pdx_localize.cpp:231]: Key 'concept_balkan_cultures' defined in multiple files: 'localization/japanese/concepts_l_japanese.yml', 'localization/japanese/replace/concepts_l_japanese.yml'
[02:29:02][pdx_localize.cpp:231]: Key 'concept_balkan_culture_short' defined in multiple files: 'localization/japanese/concepts_l_japanese.yml', 'localization/japanese/replace/concepts_l_japanese.yml'
[02:29:02][pdx_localize.cpp:231]: Key 'concept_balkan_culture_desc' defined in multiple files: 'localization/japanese/concepts_l_japanese.yml', 'localization/japanese/replace/concepts_l_japanese.yml'
[02:29:02][pdx_localize.cpp:231]: Key 'concept_subsistence_output' defined in multiple files: 'localization/japanese/concepts_l_japanese.yml', 'localization/japanese/replace/concepts_l_japanese.yml'
[02:29:02][pdx_localize.cpp:231]: Key 'concept_subsistence_output_desc' defined in multiple files: 'localization/japanese/concepts_l_japanese.yml', 'localization/japanese/replace/concepts_l_japanese.yml'
[02:29:02][pdx_localize.cpp:231]: Key 'concept_subsistence_output_desc_added' defined in multiple files: 'localization/japanese/concepts_l_japanese.yml', 'localization/japanese/replace/concepts_l_japanese.yml'
[02:29:02][pdx_localize.cpp:231]: Key 'concept_split_state' defined in multiple files: 'localization/japanese/concepts_l_japanese.yml', 'localization/japanese/replace/concepts_l_japanese.yml'
[02:29:02][pdx_localize.cpp:231]: Key 'concept_split_states' defined in multiple files: 'localization/japanese/concepts_l_japanese.yml', 'localization/japanese/replace/concepts_l_japanese.yml'
[02:29:02][pdx_localize.cpp:231]: Key 'concept_split_state_short' defined in multiple files: 'localization/japanese/concepts_l_japanese.yml', 'localization/japanese/replace/concepts_l_japanese.yml'
[02:29:02][pdx_localize.cpp:231]: Key 'concept_split_state_desc' defined in multiple files: 'localization/japanese/concepts_l_japanese.yml', 'localization/japanese/replace/concepts_l_japanese.yml'
[02:29:02][pdx_localize.cpp:231]: Key 'concept_unincorporated_state' defined in multiple files: 'localization/japanese/concepts_l_japanese.yml', 'localization/japanese/replace/concepts_l_japanese.yml'
[02:29:02][pdx_localize.cpp:231]: Key 'concept_unincorporated_state_short' defined in multiple files: 'localization/japanese/concepts_l_japanese.yml', 'localization/japanese/replace/concepts_l_japanese.yml'
[02:29:02][pdx_localize.cpp:231]: Key 'concept_unincorporated_states' defined in multiple files: 'localization/japanese/concepts_l_japanese.yml', 'localization/japanese/replace/concepts_l_japanese.yml'
[02:29:02][pdx_localize.cpp:231]: Key 'concept_unincorporated_state_icon' defined in multiple files: 'localization/japanese/concepts_l_japanese.yml', 'localization/japanese/replace/concepts_l_japanese.yml'
[02:29:02][pdx_localize.cpp:231]: Key 'UNINCORPORATED_ICON_WITH_CONCEPT' defined in multiple files: 'localization/japanese/concepts_l_japanese.yml', 'localization/japanese/replace/concepts_l_japanese.yml'
[02:29:02][pdx_localize.cpp:231]: Key 'concept_unincorporated_state_desc' defined in multiple files: 'localization/japanese/concepts_l_japanese.yml', 'localization/japanese/replace/concepts_l_japanese.yml'
[02:29:02][pdx_localize.cpp:231]: Key 'concept_unincorporated_state_desc_added' defined in multiple files: 'localization/japanese/concepts_l_japanese.yml', 'localization/japanese/replace/concepts_l_japanese.yml'
[02:29:02][pdx_localize.cpp:231]: Key 'concept_decentralized_nation' defined in multiple files: 'localization/japanese/concepts_l_japanese.yml', 'localization/japanese/replace/concepts_l_japanese.yml'
[02:29:02][pdx_localize.cpp:231]: Key 'concept_decentralized_nations' defined in multiple files: 'localization/japanese/concepts_l_japanese.yml', 'localization/japanese/replace/concepts_l_japanese.yml'
[02:29:02][pdx_localize.cpp:231]: Key 'concept_decentralized' defined in multiple files: 'localization/japanese/concepts_l_japanese.yml', 'localization/japanese/replace/concepts_l_japanese.yml'
[02:29:02][pdx_localize.cpp:231]: Key 'concept_decentralized_nation_desc' defined in multiple files: 'localization/japanese/concepts_l_japanese.yml', 'localization/japanese/replace/concepts_l_japanese.yml'
[02:29:02][pdx_localize.cpp:231]: Key 'concept_arable_land' defined in multiple files: 'localization/japanese/concepts_l_japanese.yml', 'localization/japanese/replace/concepts_l_japanese.yml'
[02:29:02][pdx_localize.cpp:231]: Key 'concept_arable_land_desc' defined in multiple files: 'localization/japanese/concepts_l_japanese.yml', 'localization/japanese/replace/concepts_l_japanese.yml'
[02:29:02][pdx_localize.cpp:231]: Key 'concept_state_region' defined in multiple files: 'localization/japanese/concepts_l_japanese.yml', 'localization/japanese/replace/concepts_l_japanese.yml'
[02:29:02][pdx_localize.cpp:231]: Key 'concept_state_regions' defined in multiple files: 'localization/japanese/concepts_l_japanese.yml', 'localization/japanese/replace/concepts_l_japanese.yml'
[02:29:02][pdx_localize.cpp:231]: Key 'concept_state_region_possessive' defined in multiple files: 'localization/japanese/concepts_l_japanese.yml', 'localization/japanese/replace/concepts_l_japanese.yml'
[02:29:02][pdx_localize.cpp:231]: Key 'concept_state_region_desc' defined in multiple files: 'localization/japanese/concepts_l_japanese.yml', 'localization/japanese/replace/concepts_l_japanese.yml'
[02:29:02][pdx_localize.cpp:231]: Key 'concept_occupancy' defined in multiple files: 'localization/japanese/concepts_l_japanese.yml', 'localization/japanese/replace/concepts_l_japanese.yml'
[02:29:02][pdx_localize.cpp:231]: Key 'concept_occupancy_desc' defined in multiple files: 'localization/japanese/concepts_l_japanese.yml', 'localization/japanese/replace/concepts_l_japanese.yml'
[02:29:02][pdx_localize.cpp:231]: Key 'concept_votes' defined in multiple files: 'localization/japanese/concepts_l_japanese.yml', 'localization/japanese/replace/concepts_l_japanese.yml'
[02:29:02][pdx_localize.cpp:231]: Key 'concept_vote' defined in multiple files: 'localization/japanese/concepts_l_japanese.yml', 'localization/japanese/replace/concepts_l_japanese.yml'
[02:29:02][pdx_localize.cpp:231]: Key 'concept_voting_rights' defined in multiple files: 'localization/japanese/concepts_l_japanese.yml', 'localization/japanese/replace/concepts_l_japanese.yml'
[02:29:02][pdx_localize.cpp:231]: Key 'concept_voting' defined in multiple files: 'localization/japanese/concepts_l_japanese.yml', 'localization/japanese/replace/concepts_l_japanese.yml'
[02:29:02][pdx_localize.cpp:231]: Key 'concept_votes_desc' defined in multiple files: 'localization/japanese/concepts_l_japanese.yml', 'localization/japanese/replace/concepts_l_japanese.yml'
[02:29:02][pdx_localize.cpp:231]: Key 'concept_clout' defined in multiple files: 'localization/japanese/concepts_l_japanese.yml', 'localization/japanese/replace/concepts_l_japanese.yml'
[02:29:02][pdx_localize.cpp:231]: Key 'concept_clout_desc' defined in multiple files: 'localization/japanese/concepts_l_japanese.yml', 'localization/japanese/replace/concepts_l_japanese.yml'
[02:29:02][pdx_localize.cpp:231]: Key 'concept_powerful' defined in multiple files: 'localization/japanese/concepts_l_japanese.yml', 'localization/japanese/replace/concepts_l_japanese.yml'
[02:29:02][pdx_localize.cpp:231]: Key 'concept_powerful_desc' defined in multiple files: 'localization/japanese/concepts_l_japanese.yml', 'localization/japanese/replace/concepts_l_japanese.yml'
[02:29:02][pdx_localize.cpp:231]: Key 'concept_influential' defined in multiple files: 'localization/japanese/concepts_l_japanese.yml', 'localization/japanese/replace/concepts_l_japanese.yml'
[02:29:02][pdx_localize.cpp:231]: Key 'concept_influential_powerful_common' defined in multiple files: 'localization/japanese/concepts_l_japanese.yml', 'localization/japanese/replace/concepts_l_japanese.yml'
[02:29:02][pdx_localize.cpp:231]: Key 'concept_influential_desc' defined in multiple files: 'localization/japanese/concepts_l_japanese.yml', 'localization/japanese/replace/concepts_l_japanese.yml'
[02:29:02][pdx_localize.cpp:231]: Key 'concept_marginalized' defined in multiple files: 'localization/japanese/concepts_l_japanese.yml', 'localization/japanese/replace/concepts_l_japanese.yml'
[02:29:02][pdx_localize.cpp:231]: Key 'concept_marginalized_desc' defined in multiple files: 'localization/japanese/concepts_l_japanese.yml', 'localization/japanese/replace/concepts_l_japanese.yml'
[02:29:02][pdx_localize.cpp:231]: Key 'concept_politically_unaligned_aligned' defined in multiple files: 'localization/japanese/concepts_l_japanese.yml', 'localization/japanese/replace/concepts_l_japanese.yml'
[02:29:02][pdx_localize.cpp:231]: Key 'concept_politically_unaligned' defined in multiple files: 'localization/japanese/concepts_l_japanese.yml', 'localization/japanese/replace/concepts_l_japanese.yml'
[02:29:02][pdx_localize.cpp:231]: Key 'concept_politically_involved' defined in multiple files: 'localization/japanese/concepts_l_japanese.yml', 'localization/japanese/replace/concepts_l_japanese.yml'
[02:29:02][pdx_localize.cpp:231]: Key 'concept_politically_unaligned_aligned_desc' defined in multiple files: 'localization/japanese/concepts_l_japanese.yml', 'localization/japanese/replace/concepts_l_japanese.yml'
[02:29:02][pdx_localize.cpp:231]: Key 'concept_investment_level' defined in multiple files: 'localization/japanese/concepts_l_japanese.yml', 'localization/japanese/replace/concepts_l_japanese.yml'
[02:29:02][pdx_localize.cpp:231]: Key 'concept_investment_levels' defined in multiple files: 'localization/japanese/concepts_l_japanese.yml', 'localization/japanese/replace/concepts_l_japanese.yml'
[02:29:02][pdx_localize.cpp:231]: Key 'concept_investment_level_desc' defined in multiple files: 'localization/japanese/concepts_l_japanese.yml', 'localization/japanese/replace/concepts_l_japanese.yml'
[02:29:02][pdx_localize.cpp:231]: Key 'concept_investment_level_ingame_added' defined in multiple files: 'localization/japanese/concepts_l_japanese.yml', 'localization/japanese/replace/concepts_l_japanese.yml'
[02:29:02][pdx_localize.cpp:231]: Key 'concept_production_lens' defined in multiple files: 'localization/japanese/concepts_l_japanese.yml', 'localization/japanese/replace/concepts_l_japanese.yml'
[02:29:02][pdx_localize.cpp:231]: Key 'concept_production_lens_desc' defined in multiple files: 'localization/japanese/concepts_l_japanese.yml', 'localization/japanese/replace/concepts_l_japanese.yml'
[02:29:02][pdx_localize.cpp:231]: Key 'concept_political_lens' defined in multiple files: 'localization/japanese/concepts_l_japanese.yml', 'localization/japanese/replace/concepts_l_japanese.yml'
[02:29:02][pdx_localize.cpp:231]: Key 'concept_political_lens_desc' defined in multiple files: 'localization/japanese/concepts_l_japanese.yml', 'localization/japanese/replace/concepts_l_japanese.yml'
[02:29:02][pdx_localize.cpp:231]: Key 'concept_diplomatic_lens' defined in multiple files: 'localization/japanese/concepts_l_japanese.yml', 'localization/japanese/replace/concepts_l_japanese.yml'
[02:29:02][pdx_localize.cpp:231]: Key 'concept_diplomatic_lens_desc' defined in multiple files: 'localization/japanese/concepts_l_japanese.yml', 'localization/japanese/replace/concepts_l_japanese.yml'
[02:29:02][pdx_localize.cpp:231]: Key 'concept_military_lens' defined in multiple files: 'localization/japanese/concepts_l_japanese.yml', 'localization/japanese/replace/concepts_l_japanese.yml'
[02:29:02][pdx_localize.cpp:231]: Key 'concept_military_lens_desc' defined in multiple files: 'localization/japanese/concepts_l_japanese.yml', 'localization/japanese/replace/concepts_l_japanese.yml'
[02:29:02][pdx_localize.cpp:231]: Key 'concept_country' defined in multiple files: 'localization/japanese/concepts_l_japanese.yml', 'localization/japanese/replace/concepts_l_japanese.yml'
[02:29:02][pdx_localize.cpp:231]: Key 'concept_countries' defined in multiple files: 'localization/japanese/concepts_l_japanese.yml', 'localization/japanese/replace/concepts_l_japanese.yml'
[02:29:02][pdx_localize.cpp:231]: Key 'concept_country_nation' defined in multiple files: 'localization/japanese/concepts_l_japanese.yml', 'localization/japanese/replace/concepts_l_japanese.yml'
[02:29:02][pdx_localize.cpp:231]: Key 'concept_country_nation_state' defined in multiple files: 'localization/japanese/concepts_l_japanese.yml', 'localization/japanese/replace/concepts_l_japanese.yml'
[02:29:02][pdx_localize.cpp:231]: Key 'concept_country_polity' defined in multiple files: 'localization/japanese/concepts_l_japanese.yml', 'localization/japanese/replace/concepts_l_japanese.yml'
[02:29:02][pdx_localize.cpp:231]: Key 'concept_country_polities' defined in multiple files: 'localization/japanese/concepts_l_japanese.yml', 'localization/japanese/replace/concepts_l_japanese.yml'
[02:29:02][pdx_localize.cpp:231]: Key 'concept_country_possessive' defined in multiple files: 'localization/japanese/concepts_l_japanese.yml', 'localization/japanese/replace/concepts_l_japanese.yml'
[02:29:02][pdx_localize.cpp:231]: Key 'concept_countries_possessive' defined in multiple files: 'localization/japanese/concepts_l_japanese.yml', 'localization/japanese/replace/concepts_l_japanese.yml'
[02:29:02][pdx_localize.cpp:231]: Key 'concept_country_desc' defined in multiple files: 'localization/japanese/concepts_l_japanese.yml', 'localization/japanese/replace/concepts_l_japanese.yml'
[02:29:02][pdx_localize.cpp:231]: Key 'concept_decree' defined in multiple files: 'localization/japanese/concepts_l_japanese.yml', 'localization/japanese/replace/concepts_l_japanese.yml'
[02:29:02][pdx_localize.cpp:231]: Key 'concept_decrees' defined in multiple files: 'localization/japanese/concepts_l_japanese.yml', 'localization/japanese/replace/concepts_l_japanese.yml'
[02:29:02][pdx_localize.cpp:231]: Key 'concept_decree_desc' defined in multiple files: 'localization/japanese/concepts_l_japanese.yml', 'localization/japanese/replace/concepts_l_japanese.yml'
[02:29:02][pdx_localize.cpp:231]: Key 'concept_pop_needs' defined in multiple files: 'localization/japanese/concepts_l_japanese.yml', 'localization/japanese/replace/concepts_l_japanese.yml'
[02:29:02][pdx_localize.cpp:231]: Key 'concept_pop_need' defined in multiple files: 'localization/japanese/concepts_l_japanese.yml', 'localization/japanese/replace/concepts_l_japanese.yml'
[02:29:02][pdx_localize.cpp:231]: Key 'concept_pop_needs_short' defined in multiple files: 'localization/japanese/concepts_l_japanese.yml', 'localization/japanese/replace/concepts_l_japanese.yml'
[02:29:02][pdx_localize.cpp:231]: Key 'concept_pop_need_short' defined in multiple files: 'localization/japanese/concepts_l_japanese.yml', 'localization/japanese/replace/concepts_l_japanese.yml'
[02:29:02][pdx_localize.cpp:231]: Key 'concept_pop_needs_desc' defined in multiple files: 'localization/japanese/concepts_l_japanese.yml', 'localization/japanese/replace/concepts_l_japanese.yml'
[02:29:02][pdx_localize.cpp:231]: Key 'concept_combat_unit_group' defined in multiple files: 'localization/japanese/concepts_l_japanese.yml', 'localization/japanese/replace/concepts_l_japanese.yml'
[02:29:02][pdx_localize.cpp:231]: Key 'concept_combat_unit_groups' defined in multiple files: 'localization/japanese/concepts_l_japanese.yml', 'localization/japanese/replace/concepts_l_japanese.yml'
[02:29:02][pdx_localize.cpp:231]: Key 'concept_combat_unit_group_short' defined in multiple files: 'localization/japanese/concepts_l_japanese.yml', 'localization/japanese/replace/concepts_l_japanese.yml'
[02:29:02][pdx_localize.cpp:231]: Key 'concept_combat_unit_groups_short' defined in multiple files: 'localization/japanese/concepts_l_japanese.yml', 'localization/japanese/replace/concepts_l_japanese.yml'
[02:29:02][pdx_localize.cpp:231]: Key 'concept_combat_unit_group_desc' defined in multiple files: 'localization/japanese/concepts_l_japanese.yml', 'localization/japanese/replace/concepts_l_japanese.yml'
[02:29:02][pdx_localize.cpp:231]: Key 'concept_combat_unit_type' defined in multiple files: 'localization/japanese/concepts_l_japanese.yml', 'localization/japanese/replace/concepts_l_japanese.yml'
[02:29:02][pdx_localize.cpp:231]: Key 'concept_combat_unit_types' defined in multiple files: 'localization/japanese/concepts_l_japanese.yml', 'localization/japanese/replace/concepts_l_japanese.yml'
[02:29:02][pdx_localize.cpp:231]: Key 'concept_combat_unit_type_short' defined in multiple files: 'localization/japanese/concepts_l_japanese.yml', 'localization/japanese/replace/concepts_l_japanese.yml'
[02:29:02][pdx_localize.cpp:231]: Key 'concept_combat_unit_types_short' defined in multiple files: 'localization/japanese/concepts_l_japanese.yml', 'localization/japanese/replace/concepts_l_japanese.yml'
[02:29:02][pdx_localize.cpp:231]: Key 'concept_combat_unit_type_desc' defined in multiple files: 'localization/japanese/concepts_l_japanese.yml', 'localization/japanese/replace/concepts_l_japanese.yml'
[02:29:02][pdx_localize.cpp:231]: Key 'concept_unit' defined in multiple files: 'localization/japanese/concepts_l_japanese.yml', 'localization/japanese/replace/concepts_l_japanese.yml'
[02:29:02][pdx_localize.cpp:231]: Key 'concept_units' defined in multiple files: 'localization/japanese/concepts_l_japanese.yml', 'localization/japanese/replace/concepts_l_japanese.yml'
[02:29:02][pdx_localize.cpp:231]: Key 'concept_unit_short' defined in multiple files: 'localization/japanese/concepts_l_japanese.yml', 'localization/japanese/replace/concepts_l_japanese.yml'
[02:29:02][pdx_localize.cpp:231]: Key 'concept_units_short' defined in multiple files: 'localization/japanese/concepts_l_japanese.yml', 'localization/japanese/replace/concepts_l_japanese.yml'
[02:29:02][pdx_localize.cpp:231]: Key 'concept_unit_possessive' defined in multiple files: 'localization/japanese/concepts_l_japanese.yml', 'localization/japanese/replace/concepts_l_japanese.yml'
[02:29:02][pdx_localize.cpp:231]: Key 'concept_unit_desc' defined in multiple files: 'localization/japanese/concepts_l_japanese.yml', 'localization/japanese/replace/concepts_l_japanese.yml'
[02:29:02][pdx_localize.cpp:231]: Key 'concept_special_unit' defined in multiple files: 'localization/japanese/concepts_l_japanese.yml', 'localization/japanese/replace/concepts_l_japanese.yml'
[02:29:02][pdx_localize.cpp:231]: Key 'concept_special_units' defined in multiple files: 'localization/japanese/concepts_l_japanese.yml', 'localization/japanese/replace/concepts_l_japanese.yml'
[02:29:02][pdx_localize.cpp:231]: Key 'concept_special_unit_desc' defined in multiple files: 'localization/japanese/concepts_l_japanese.yml', 'localization/japanese/replace/concepts_l_japanese.yml'
[02:29:02][pdx_localize.cpp:231]: Key 'concept_default_unit' defined in multiple files: 'localization/japanese/concepts_l_japanese.yml', 'localization/japanese/replace/concepts_l_japanese.yml'
[02:29:02][pdx_localize.cpp:231]: Key 'concept_default_units' defined in multiple files: 'localization/japanese/concepts_l_japanese.yml', 'localization/japanese/replace/concepts_l_japanese.yml'
[02:29:02][pdx_localize.cpp:231]: Key 'concept_default_unit_desc' defined in multiple files: 'localization/japanese/concepts_l_japanese.yml', 'localization/japanese/replace/concepts_l_japanese.yml'
[02:29:02][pdx_localize.cpp:231]: Key 'concept_kill_rate' defined in multiple files: 'localization/japanese/concepts_l_japanese.yml', 'localization/japanese/replace/concepts_l_japanese.yml'
[02:29:02][pdx_localize.cpp:231]: Key 'concept_kill_rate_desc' defined in multiple files: 'localization/japanese/concepts_l_japanese.yml', 'localization/japanese/replace/concepts_l_japanese.yml'
[02:29:02][pdx_localize.cpp:231]: Key 'concept_recovery_rate' defined in multiple files: 'localization/japanese/concepts_l_japanese.yml', 'localization/japanese/replace/concepts_l_japanese.yml'
[02:29:02][pdx_localize.cpp:231]: Key 'concept_recovery_rate_desc' defined in multiple files: 'localization/japanese/concepts_l_japanese.yml', 'localization/japanese/replace/concepts_l_japanese.yml'
[02:29:02][pdx_localize.cpp:231]: Key 'concept_casualties' defined in multiple files: 'localization/japanese/concepts_l_japanese.yml', 'localization/japanese/replace/concepts_l_japanese.yml'
[02:29:02][pdx_localize.cpp:231]: Key 'concept_casualties_desc' defined in multiple files: 'localization/japanese/concepts_l_japanese.yml', 'localization/japanese/replace/concepts_l_japanese.yml'
[02:29:02][pdx_localize.cpp:231]: Key 'concept_offense' defined in multiple files: 'localization/japanese/concepts_l_japanese.yml', 'localization/japanese/replace/concepts_l_japanese.yml'
[02:29:02][pdx_localize.cpp:231]: Key 'concept_offense_desc' defined in multiple files: 'localization/japanese/concepts_l_japanese.yml', 'localization/japanese/replace/concepts_l_japanese.yml'
[02:29:02][pdx_localize.cpp:231]: Key 'concept_defense' defined in multiple files: 'localization/japanese/concepts_l_japanese.yml', 'localization/japanese/replace/concepts_l_japanese.yml'
[02:29:02][pdx_localize.cpp:231]: Key 'concept_defense_desc' defined in multiple files: 'localization/japanese/concepts_l_japanese.yml', 'localization/japanese/replace/concepts_l_japanese.yml'
[02:29:02][pdx_localize.cpp:231]: Key 'concept_blockade_strength' defined in multiple files: 'localization/japanese/concepts_l_japanese.yml', 'localization/japanese/replace/concepts_l_japanese.yml'
[02:29:02][pdx_localize.cpp:231]: Key 'concept_blockade_strength_short' defined in multiple files: 'localization/japanese/concepts_l_japanese.yml', 'localization/japanese/replace/concepts_l_japanese.yml'
[02:29:02][pdx_localize.cpp:231]: Key 'concept_blockade_strength_desc' defined in multiple files: 'localization/japanese/concepts_l_japanese.yml', 'localization/japanese/replace/concepts_l_japanese.yml'
[02:29:02][pdx_localize.cpp:231]: Key 'concept_blockade_efficiency' defined in multiple files: 'localization/japanese/concepts_l_japanese.yml', 'localization/japanese/replace/concepts_l_japanese.yml'
[02:29:02][pdx_localize.cpp:231]: Key 'concept_blockade_efficiency_desc' defined in multiple files: 'localization/japanese/concepts_l_japanese.yml', 'localization/japanese/replace/concepts_l_japanese.yml'
[02:29:02][pdx_localize.cpp:231]: Key 'concept_blockade_resistance' defined in multiple files: 'localization/japanese/concepts_l_japanese.yml', 'localization/japanese/replace/concepts_l_japanese.yml'
[02:29:02][pdx_localize.cpp:231]: Key 'concept_blockade_resistance_short' defined in multiple files: 'localization/japanese/concepts_l_japanese.yml', 'localization/japanese/replace/concepts_l_japanese.yml'
[02:29:02][pdx_localize.cpp:231]: Key 'concept_blockade_resistance_desc' defined in multiple files: 'localization/japanese/concepts_l_japanese.yml', 'localization/japanese/replace/concepts_l_japanese.yml'
[02:29:02][pdx_localize.cpp:231]: Key 'concept_blockade' defined in multiple files: 'localization/japanese/concepts_l_japanese.yml', 'localization/japanese/replace/concepts_l_japanese.yml'
[02:29:02][pdx_localize.cpp:231]: Key 'concept_blockade_level' defined in multiple files: 'localization/japanese/concepts_l_japanese.yml', 'localization/japanese/replace/concepts_l_japanese.yml'
[02:29:02][pdx_localize.cpp:231]: Key 'concept_blockades' defined in multiple files: 'localization/japanese/concepts_l_japanese.yml', 'localization/japanese/replace/concepts_l_japanese.yml'
[02:29:02][pdx_localize.cpp:231]: Key 'concept_blockaded' defined in multiple files: 'localization/japanese/concepts_l_japanese.yml', 'localization/japanese/replace/concepts_l_japanese.yml'
[02:29:02][pdx_localize.cpp:231]: Key 'concept_blockade_desc' defined in multiple files: 'localization/japanese/concepts_l_japanese.yml', 'localization/japanese/replace/concepts_l_japanese.yml'
[02:29:02][pdx_localize.cpp:231]: Key 'concept_naval_hostilities' defined in multiple files: 'localization/japanese/concepts_l_japanese.yml', 'localization/japanese/replace/concepts_l_japanese.yml'
[02:29:02][pdx_localize.cpp:231]: Key 'concept_naval_hostilities_desc' defined in multiple files: 'localization/japanese/concepts_l_japanese.yml', 'localization/japanese/replace/concepts_l_japanese.yml'
[02:29:02][pdx_localize.cpp:231]: Key 'concept_organization' defined in multiple files: 'localization/japanese/concepts_l_japanese.yml', 'localization/japanese/replace/concepts_l_japanese.yml'
[02:29:02][pdx_localize.cpp:231]: Key 'concept_organization_organized' defined in multiple files: 'localization/japanese/concepts_l_japanese.yml', 'localization/japanese/replace/concepts_l_japanese.yml'
[02:29:02][pdx_localize.cpp:231]: Key 'concept_organization_desc' defined in multiple files: 'localization/japanese/concepts_l_japanese.yml', 'localization/japanese/replace/concepts_l_japanese.yml'
[02:29:02][pdx_localize.cpp:231]: Key 'concept_unit_experience' defined in multiple files: 'localization/japanese/concepts_l_japanese.yml', 'localization/japanese/replace/concepts_l_japanese.yml'
[02:29:02][pdx_localize.cpp:231]: Key 'concept_experience' defined in multiple files: 'localization/japanese/concepts_l_japanese.yml', 'localization/japanese/replace/concepts_l_japanese.yml'
[02:29:02][pdx_localize.cpp:231]: Key 'concept_unit_experience_desc' defined in multiple files: 'localization/japanese/concepts_l_japanese.yml', 'localization/japanese/replace/concepts_l_japanese.yml'
[02:29:02][pdx_localize.cpp:231]: Key 'concept_veterancy_level' defined in multiple files: 'localization/japanese/concepts_l_japanese.yml', 'localization/japanese/replace/concepts_l_japanese.yml'
[02:29:02][pdx_localize.cpp:231]: Key 'concept_veterancy_levels' defined in multiple files: 'localization/japanese/concepts_l_japanese.yml', 'localization/japanese/replace/concepts_l_japanese.yml'
[02:29:02][pdx_localize.cpp:231]: Key 'concept_veterancy_level_short' defined in multiple files: 'localization/japanese/concepts_l_japanese.yml', 'localization/japanese/replace/concepts_l_japanese.yml'
[02:29:02][pdx_localize.cpp:231]: Key 'concept_veterancy_levels_short' defined in multiple files: 'localization/japanese/concepts_l_japanese.yml', 'localization/japanese/replace/concepts_l_japanese.yml'
[02:29:02][pdx_localize.cpp:231]: Key 'concept_veterancy_level_desc' defined in multiple files: 'localization/japanese/concepts_l_japanese.yml', 'localization/japanese/replace/concepts_l_japanese.yml'
[02:29:02][pdx_localize.cpp:231]: Key 'concept_battalion' defined in multiple files: 'localization/japanese/concepts_l_japanese.yml', 'localization/japanese/replace/concepts_l_japanese.yml'
[02:29:02][pdx_localize.cpp:231]: Key 'concept_battalions' defined in multiple files: 'localization/japanese/concepts_l_japanese.yml', 'localization/japanese/replace/concepts_l_japanese.yml'
[02:29:02][pdx_localize.cpp:231]: Key 'concept_battalion_desc' defined in multiple files: 'localization/japanese/concepts_l_japanese.yml', 'localization/japanese/replace/concepts_l_japanese.yml'
[02:29:02][pdx_localize.cpp:231]: Key 'concept_battalion_desc_added' defined in multiple files: 'localization/japanese/concepts_l_japanese.yml', 'localization/japanese/replace/concepts_l_japanese.yml'
[02:29:02][pdx_localize.cpp:231]: Key 'concept_in_government' defined in multiple files: 'localization/japanese/concepts_l_japanese.yml', 'localization/japanese/replace/concepts_l_japanese.yml'
[02:29:02][pdx_localize.cpp:231]: Key 'concept_in_government_desc' defined in multiple files: 'localization/japanese/concepts_l_japanese.yml', 'localization/japanese/replace/concepts_l_japanese.yml'
[02:29:02][pdx_localize.cpp:231]: Key 'concept_change_rate_scaling' defined in multiple files: 'localization/japanese/concepts_l_japanese.yml', 'localization/japanese/replace/concepts_l_japanese.yml'
[02:29:02][pdx_localize.cpp:231]: Key 'concept_change_rate_scaling_desc' defined in multiple files: 'localization/japanese/concepts_l_japanese.yml', 'localization/japanese/replace/concepts_l_japanese.yml'
[02:29:02][pdx_localize.cpp:231]: Key 'concept_in_opposition' defined in multiple files: 'localization/japanese/concepts_l_japanese.yml', 'localization/japanese/replace/concepts_l_japanese.yml'
[02:29:02][pdx_localize.cpp:231]: Key 'concept_in_opposition_short' defined in multiple files: 'localization/japanese/concepts_l_japanese.yml', 'localization/japanese/replace/concepts_l_japanese.yml'
[02:29:02][pdx_localize.cpp:231]: Key 'concept_in_opposition_desc' defined in multiple files: 'localization/japanese/concepts_l_japanese.yml', 'localization/japanese/replace/concepts_l_japanese.yml'
[02:29:02][pdx_localize.cpp:231]: Key 'concept_legitimacy' defined in multiple files: 'localization/japanese/concepts_l_japanese.yml', 'localization/japanese/replace/concepts_l_japanese.yml'
[02:29:02][pdx_localize.cpp:231]: Key 'concept_legitimate' defined in multiple files: 'localization/japanese/concepts_l_japanese.yml', 'localization/japanese/replace/concepts_l_japanese.yml'
[02:29:02][pdx_localize.cpp:231]: Key 'concept_legitimacy_desc' defined in multiple files: 'localization/japanese/concepts_l_japanese.yml', 'localization/japanese/replace/concepts_l_japanese.yml'
[02:29:02][pdx_localize.cpp:231]: Key 'legitimacy_coup_loc' defined in multiple files: 'localization/japanese/concepts_l_japanese.yml', 'localization/japanese/replace/concepts_l_japanese.yml'
[02:29:02][pdx_localize.cpp:231]: Key 'concept_acceptance' defined in multiple files: 'localization/japanese/concepts_l_japanese.yml', 'localization/japanese/replace/concepts_l_japanese.yml'
[02:29:02][pdx_localize.cpp:231]: Key 'concept_accepted' defined in multiple files: 'localization/japanese/concepts_l_japanese.yml', 'localization/japanese/replace/concepts_l_japanese.yml'
[02:29:02][pdx_localize.cpp:231]: Key 'concept_acceptance_desc' defined in multiple files: 'localization/japanese/concepts_l_japanese.yml', 'localization/japanese/replace/concepts_l_japanese.yml'
[02:29:02][pdx_localize.cpp:231]: Key 'concept_acceptance_status' defined in multiple files: 'localization/japanese/concepts_l_japanese.yml', 'localization/japanese/replace/concepts_l_japanese.yml'
[02:29:02][pdx_localize.cpp:231]: Key 'concept_acceptance_statuses' defined in multiple files: 'localization/japanese/concepts_l_japanese.yml', 'localization/japanese/replace/concepts_l_japanese.yml'
[02:29:02][pdx_localize.cpp:231]: Key 'concept_acceptance_status_short' defined in multiple files: 'localization/japanese/concepts_l_japanese.yml', 'localization/japanese/replace/concepts_l_japanese.yml'
[02:29:02][pdx_localize.cpp:231]: Key 'concept_accepted_status_short' defined in multiple files: 'localization/japanese/concepts_l_japanese.yml', 'localization/japanese/replace/concepts_l_japanese.yml'
[02:29:02][pdx_localize.cpp:231]: Key 'concept_acceptance_status_desc' defined in multiple files: 'localization/japanese/concepts_l_japanese.yml', 'localization/japanese/replace/concepts_l_japanese.yml'
[02:29:02][pdx_localize.cpp:231]: Key 'concept_national_awakening' defined in multiple files: 'localization/japanese/concepts_l_japanese.yml', 'localization/japanese/replace/concepts_l_japanese.yml'
[02:29:02][pdx_localize.cpp:231]: Key 'concept_national_awakening_desc' defined in multiple files: 'localization/japanese/concepts_l_japanese.yml', 'localization/japanese/replace/concepts_l_japanese.yml'
[02:29:02][pdx_localize.cpp:231]: Key 'concept_ideological_incoherence' defined in multiple files: 'localization/japanese/concepts_l_japanese.yml', 'localization/japanese/replace/concepts_l_japanese.yml'
[02:29:02][pdx_localize.cpp:231]: Key 'concept_ideological_incoherence_desc' defined in multiple files: 'localization/japanese/concepts_l_japanese.yml', 'localization/japanese/replace/concepts_l_japanese.yml'
[02:29:02][pdx_localize.cpp:231]: Key 'concept_market_capital' defined in multiple files: 'localization/japanese/concepts_l_japanese.yml', 'localization/japanese/replace/concepts_l_japanese.yml'
[02:29:02][pdx_localize.cpp:231]: Key 'concept_market_capitals' defined in multiple files: 'localization/japanese/concepts_l_japanese.yml', 'localization/japanese/replace/concepts_l_japanese.yml'
[02:29:02][pdx_localize.cpp:231]: Key 'concept_market_capital_short' defined in multiple files: 'localization/japanese/concepts_l_japanese.yml', 'localization/japanese/replace/concepts_l_japanese.yml'
[02:29:02][pdx_localize.cpp:231]: Key 'concept_market_capital_desc' defined in multiple files: 'localization/japanese/concepts_l_japanese.yml', 'localization/japanese/replace/concepts_l_japanese.yml'
[02:29:02][pdx_localize.cpp:231]: Key 'concept_market_capital_desc_added' defined in multiple files: 'localization/japanese/concepts_l_japanese.yml', 'localization/japanese/replace/concepts_l_japanese.yml'
[02:29:02][pdx_localize.cpp:231]: Key 'concept_ownership_share' defined in multiple files: 'localization/japanese/concepts_l_japanese.yml', 'localization/japanese/replace/concepts_l_japanese.yml'
[02:29:02][pdx_localize.cpp:231]: Key 'concept_ownership_shares' defined in multiple files: 'localization/japanese/concepts_l_japanese.yml', 'localization/japanese/replace/concepts_l_japanese.yml'
[02:29:02][pdx_localize.cpp:231]: Key 'concept_ownership_share_desc' defined in multiple files: 'localization/japanese/concepts_l_japanese.yml', 'localization/japanese/replace/concepts_l_japanese.yml'
[02:29:02][pdx_localize.cpp:231]: Key 'concept_market_share' defined in multiple files: 'localization/japanese/concepts_l_japanese.yml', 'localization/japanese/replace/concepts_l_japanese.yml'
[02:29:02][pdx_localize.cpp:231]: Key 'concept_market_shares' defined in multiple files: 'localization/japanese/concepts_l_japanese.yml', 'localization/japanese/replace/concepts_l_japanese.yml'
[02:29:02][pdx_localize.cpp:231]: Key 'concept_market_share_desc' defined in multiple files: 'localization/japanese/concepts_l_japanese.yml', 'localization/japanese/replace/concepts_l_japanese.yml'
[02:29:02][pdx_localize.cpp:231]: Key 'concept_default' defined in multiple files: 'localization/japanese/concepts_l_japanese.yml', 'localization/japanese/replace/concepts_l_japanese.yml'
[02:29:02][pdx_localize.cpp:231]: Key 'concept_default_desc' defined in multiple files: 'localization/japanese/concepts_l_japanese.yml', 'localization/japanese/replace/concepts_l_japanese.yml'
[02:29:02][pdx_localize.cpp:231]: Key 'concept_decision' defined in multiple files: 'localization/japanese/concepts_l_japanese.yml', 'localization/japanese/replace/concepts_l_japanese.yml'
[02:29:02][pdx_localize.cpp:231]: Key 'concept_decisions' defined in multiple files: 'localization/japanese/concepts_l_japanese.yml', 'localization/japanese/replace/concepts_l_japanese.yml'
[02:29:02][pdx_localize.cpp:231]: Key 'concept_decision_desc' defined in multiple files: 'localization/japanese/concepts_l_japanese.yml', 'localization/japanese/replace/concepts_l_japanese.yml'
[02:29:02][pdx_localize.cpp:231]: Key 'concept_bankruptcy' defined in multiple files: 'localization/japanese/concepts_l_japanese.yml', 'localization/japanese/replace/concepts_l_japanese.yml'
[02:29:02][pdx_localize.cpp:231]: Key 'concept_bankruptcy_desc' defined in multiple files: 'localization/japanese/concepts_l_japanese.yml', 'localization/japanese/replace/concepts_l_japanese.yml'
[02:29:02][pdx_localize.cpp:231]: Key 'concept_bankruptcy_desc_added' defined in multiple files: 'localization/japanese/concepts_l_japanese.yml', 'localization/japanese/replace/concepts_l_japanese.yml'
[02:29:02][pdx_localize.cpp:231]: Key 'concept_market_owner' defined in multiple files: 'localization/japanese/concepts_l_japanese.yml', 'localization/japanese/replace/concepts_l_japanese.yml'
[02:29:02][pdx_localize.cpp:231]: Key 'concept_market_owners' defined in multiple files: 'localization/japanese/concepts_l_japanese.yml', 'localization/japanese/replace/concepts_l_japanese.yml'
[02:29:02][pdx_localize.cpp:231]: Key 'concept_market_owner_possessive' defined in multiple files: 'localization/japanese/concepts_l_japanese.yml', 'localization/japanese/replace/concepts_l_japanese.yml'
[02:29:02][pdx_localize.cpp:231]: Key 'concept_market_owner_desc' defined in multiple files: 'localization/japanese/concepts_l_japanese.yml', 'localization/japanese/replace/concepts_l_japanese.yml'
[02:29:02][pdx_localize.cpp:231]: Key 'concept_embargo' defined in multiple files: 'localization/japanese/concepts_l_japanese.yml', 'localization/japanese/replace/concepts_l_japanese.yml'
[02:29:02][pdx_localize.cpp:231]: Key 'concept_embargoed' defined in multiple files: 'localization/japanese/concepts_l_japanese.yml', 'localization/japanese/replace/concepts_l_japanese.yml'
[02:29:02][pdx_localize.cpp:231]: Key 'concept_embargoes' defined in multiple files: 'localization/japanese/concepts_l_japanese.yml', 'localization/japanese/replace/concepts_l_japanese.yml'
[02:29:02][pdx_localize.cpp:231]: Key 'concept_embargoing' defined in multiple files: 'localization/japanese/concepts_l_japanese.yml', 'localization/japanese/replace/concepts_l_japanese.yml'
[02:29:02][pdx_localize.cpp:231]: Key 'concept_embargo_desc' defined in multiple files: 'localization/japanese/concepts_l_japanese.yml', 'localization/japanese/replace/concepts_l_japanese.yml'
[02:29:02][pdx_localize.cpp:231]: Key 'concept_encourage_consumption' defined in multiple files: 'localization/japanese/concepts_l_japanese.yml', 'localization/japanese/replace/concepts_l_japanese.yml'
[02:29:02][pdx_localize.cpp:231]: Key 'concept_encouraging_consumption' defined in multiple files: 'localization/japanese/concepts_l_japanese.yml', 'localization/japanese/replace/concepts_l_japanese.yml'
[02:29:02][pdx_localize.cpp:231]: Key 'concept_encourage_consumption_desc' defined in multiple files: 'localization/japanese/concepts_l_japanese.yml', 'localization/japanese/replace/concepts_l_japanese.yml'
[02:29:02][pdx_localize.cpp:231]: Key 'concept_discourage_consumption' defined in multiple files: 'localization/japanese/concepts_l_japanese.yml', 'localization/japanese/replace/concepts_l_japanese.yml'
[02:29:02][pdx_localize.cpp:231]: Key 'concept_discouraging_consumption' defined in multiple files: 'localization/japanese/concepts_l_japanese.yml', 'localization/japanese/replace/concepts_l_japanese.yml'
[02:29:02][pdx_localize.cpp:231]: Key 'concept_discourage_consumption_desc' defined in multiple files: 'localization/japanese/concepts_l_japanese.yml', 'localization/japanese/replace/concepts_l_japanese.yml'
[02:29:02][pdx_localize.cpp:231]: Key 'concept_consumption_tax' defined in multiple files: 'localization/japanese/concepts_l_japanese.yml', 'localization/japanese/replace/concepts_l_japanese.yml'
[02:29:02][pdx_localize.cpp:231]: Key 'concept_consumption_taxes' defined in multiple files: 'localization/japanese/concepts_l_japanese.yml', 'localization/japanese/replace/concepts_l_japanese.yml'
[02:29:02][pdx_localize.cpp:231]: Key 'concept_consumption_tax_desc' defined in multiple files: 'localization/japanese/concepts_l_japanese.yml', 'localization/japanese/replace/concepts_l_japanese.yml'
[02:29:02][pdx_localize.cpp:231]: Key 'concept_loyalist' defined in multiple files: 'localization/japanese/concepts_l_japanese.yml', 'localization/japanese/replace/concepts_l_japanese.yml'
[02:29:02][pdx_localize.cpp:231]: Key 'concept_loyal' defined in multiple files: 'localization/japanese/concepts_l_japanese.yml', 'localization/japanese/replace/concepts_l_japanese.yml'
[02:29:02][pdx_localize.cpp:231]: Key 'concept_loyalists' defined in multiple files: 'localization/japanese/concepts_l_japanese.yml', 'localization/japanese/replace/concepts_l_japanese.yml'
[02:29:02][pdx_localize.cpp:231]: Key 'concept_loyalism' defined in multiple files: 'localization/japanese/concepts_l_japanese.yml', 'localization/japanese/replace/concepts_l_japanese.yml'
[02:29:02][pdx_localize.cpp:231]: Key 'concept_loyalist_desc' defined in multiple files: 'localization/japanese/concepts_l_japanese.yml', 'localization/japanese/replace/concepts_l_japanese.yml'
[02:29:02][pdx_localize.cpp:231]: Key 'concept_radical' defined in multiple files: 'localization/japanese/concepts_l_japanese.yml', 'localization/japanese/replace/concepts_l_japanese.yml'
[02:29:02][pdx_localize.cpp:231]: Key 'concept_radicals' defined in multiple files: 'localization/japanese/concepts_l_japanese.yml', 'localization/japanese/replace/concepts_l_japanese.yml'
[02:29:02][pdx_localize.cpp:231]: Key 'concept_radicalism' defined in multiple files: 'localization/japanese/concepts_l_japanese.yml', 'localization/japanese/replace/concepts_l_japanese.yml'
[02:29:02][pdx_localize.cpp:231]: Key 'concept_radicalize' defined in multiple files: 'localization/japanese/concepts_l_japanese.yml', 'localization/japanese/replace/concepts_l_japanese.yml'
[02:29:02][pdx_localize.cpp:231]: Key 'concept_radicalized' defined in multiple files: 'localization/japanese/concepts_l_japanese.yml', 'localization/japanese/replace/concepts_l_japanese.yml'
[02:29:02][pdx_localize.cpp:231]: Key 'concept_radicalization' defined in multiple files: 'localization/japanese/concepts_l_japanese.yml', 'localization/japanese/replace/concepts_l_japanese.yml'
[02:29:02][pdx_localize.cpp:231]: Key 'concept_radical_desc' defined in multiple files: 'localization/japanese/concepts_l_japanese.yml', 'localization/japanese/replace/concepts_l_japanese.yml'
[02:29:02][pdx_localize.cpp:231]: Key 'concept_neutral' defined in multiple files: 'localization/japanese/concepts_l_japanese.yml', 'localization/japanese/replace/concepts_l_japanese.yml'
[02:29:02][pdx_localize.cpp:231]: Key 'concept_neutrals' defined in multiple files: 'localization/japanese/concepts_l_japanese.yml', 'localization/japanese/replace/concepts_l_japanese.yml'
[02:29:02][pdx_localize.cpp:231]: Key 'concept_neutral_desc' defined in multiple files: 'localization/japanese/concepts_l_japanese.yml', 'localization/japanese/replace/concepts_l_japanese.yml'
[02:29:02][pdx_localize.cpp:231]: Key 'concept_rivalry' defined in multiple files: 'localization/japanese/concepts_l_japanese.yml', 'localization/japanese/replace/concepts_l_japanese.yml'
[02:29:02][pdx_localize.cpp:231]: Key 'concept_rivals' defined in multiple files: 'localization/japanese/concepts_l_japanese.yml', 'localization/japanese/replace/concepts_l_japanese.yml'
[02:29:02][pdx_localize.cpp:231]: Key 'concept_rival' defined in multiple files: 'localization/japanese/concepts_l_japanese.yml', 'localization/japanese/replace/concepts_l_japanese.yml'
[02:29:02][pdx_localize.cpp:231]: Key 'concept_rivalries' defined in multiple files: 'localization/japanese/concepts_l_japanese.yml', 'localization/japanese/replace/concepts_l_japanese.yml'
[02:29:02][pdx_localize.cpp:231]: Key 'concept_rivaling' defined in multiple files: 'localization/japanese/concepts_l_japanese.yml', 'localization/japanese/replace/concepts_l_japanese.yml'
[02:29:02][pdx_localize.cpp:231]: Key 'concept_rivalry_desc' defined in multiple files: 'localization/japanese/concepts_l_japanese.yml', 'localization/japanese/replace/concepts_l_japanese.yml'
[02:29:02][pdx_localize.cpp:231]: Key 'concept_colonial_growth' defined in multiple files: 'localization/japanese/concepts_l_japanese.yml', 'localization/japanese/replace/concepts_l_japanese.yml'
[02:29:02][pdx_localize.cpp:231]: Key 'concept_colonial_growth_desc' defined in multiple files: 'localization/japanese/concepts_l_japanese.yml', 'localization/japanese/replace/concepts_l_japanese.yml'
[02:29:02][pdx_localize.cpp:231]: Key 'concept_colonial_growth_ingame_added' defined in multiple files: 'localization/japanese/concepts_l_japanese.yml', 'localization/japanese/replace/concepts_l_japanese.yml'
[02:29:02][pdx_localize.cpp:231]: Key 'concept_colonial_growth_ingame_added_2' defined in multiple files: 'localization/japanese/concepts_l_japanese.yml', 'localization/japanese/replace/concepts_l_japanese.yml'
[02:29:02][pdx_localize.cpp:231]: Key 'concept_colony' defined in multiple files: 'localization/japanese/concepts_l_japanese.yml', 'localization/japanese/replace/concepts_l_japanese.yml'
[02:29:02][pdx_localize.cpp:231]: Key 'concept_colonies' defined in multiple files: 'localization/japanese/concepts_l_japanese.yml', 'localization/japanese/replace/concepts_l_japanese.yml'
[02:29:02][pdx_localize.cpp:231]: Key 'concept_colonize' defined in multiple files: 'localization/japanese/concepts_l_japanese.yml', 'localization/japanese/replace/concepts_l_japanese.yml'
[02:29:02][pdx_localize.cpp:231]: Key 'concept_colonial' defined in multiple files: 'localization/japanese/concepts_l_japanese.yml', 'localization/japanese/replace/concepts_l_japanese.yml'
[02:29:02][pdx_localize.cpp:231]: Key 'concept_colonized' defined in multiple files: 'localization/japanese/concepts_l_japanese.yml', 'localization/japanese/replace/concepts_l_japanese.yml'
[02:29:02][pdx_localize.cpp:231]: Key 'concept_colonizes' defined in multiple files: 'localization/japanese/concepts_l_japanese.yml', 'localization/japanese/replace/concepts_l_japanese.yml'
[02:29:02][pdx_localize.cpp:231]: Key 'concept_colonizing' defined in multiple files: 'localization/japanese/concepts_l_japanese.yml', 'localization/japanese/replace/concepts_l_japanese.yml'
[02:29:02][pdx_localize.cpp:231]: Key 'concept_colonization' defined in multiple files: 'localization/japanese/concepts_l_japanese.yml', 'localization/japanese/replace/concepts_l_japanese.yml'
[02:29:02][pdx_localize.cpp:231]: Key 'concept_colony_desc' defined in multiple files: 'localization/japanese/concepts_l_japanese.yml', 'localization/japanese/replace/concepts_l_japanese.yml'
[02:29:02][pdx_localize.cpp:231]: Key 'concept_colony_desc_added' defined in multiple files: 'localization/japanese/concepts_l_japanese.yml', 'localization/japanese/replace/concepts_l_japanese.yml'
[02:29:02][pdx_localize.cpp:231]: Key 'concept_escalation' defined in multiple files: 'localization/japanese/concepts_l_japanese.yml', 'localization/japanese/replace/concepts_l_japanese.yml'
[02:29:02][pdx_localize.cpp:231]: Key 'concept_escalate' defined in multiple files: 'localization/japanese/concepts_l_japanese.yml', 'localization/japanese/replace/concepts_l_japanese.yml'
[02:29:02][pdx_localize.cpp:231]: Key 'concept_escalating' defined in multiple files: 'localization/japanese/concepts_l_japanese.yml', 'localization/japanese/replace/concepts_l_japanese.yml'
[02:29:02][pdx_localize.cpp:231]: Key 'concept_escalates' defined in multiple files: 'localization/japanese/concepts_l_japanese.yml', 'localization/japanese/replace/concepts_l_japanese.yml'
[02:29:02][pdx_localize.cpp:231]: Key 'concept_escalation_desc' defined in multiple files: 'localization/japanese/concepts_l_japanese.yml', 'localization/japanese/replace/concepts_l_japanese.yml'
[02:29:02][pdx_localize.cpp:231]: Key 'concept_revenue' defined in multiple files: 'localization/japanese/concepts_l_japanese.yml', 'localization/japanese/replace/concepts_l_japanese.yml'
[02:29:02][pdx_localize.cpp:231]: Key 'concept_revenue_desc' defined in multiple files: 'localization/japanese/concepts_l_japanese.yml', 'localization/japanese/replace/concepts_l_japanese.yml'
[02:29:02][pdx_localize.cpp:231]: Key 'concept_combat_width' defined in multiple files: 'localization/japanese/concepts_l_japanese.yml', 'localization/japanese/replace/concepts_l_japanese.yml'
[02:29:02][pdx_localize.cpp:231]: Key 'concept_combat_width_desc' defined in multiple files: 'localization/japanese/concepts_l_japanese.yml', 'localization/japanese/replace/concepts_l_japanese.yml'
[02:29:02][pdx_localize.cpp:231]: Key 'concept_infamy' defined in multiple files: 'localization/japanese/concepts_l_japanese.yml', 'localization/japanese/replace/concepts_l_japanese.yml'
[02:29:02][pdx_localize.cpp:231]: Key 'concept_infamy_desc' defined in multiple files: 'localization/japanese/concepts_l_japanese.yml', 'localization/japanese/replace/concepts_l_japanese.yml'
[02:29:02][pdx_localize.cpp:231]: Key 'concept_diplomatic_incident' defined in multiple files: 'localization/japanese/concepts_l_japanese.yml', 'localization/japanese/replace/concepts_l_japanese.yml'
[02:29:02][pdx_localize.cpp:231]: Key 'concept_diplomatic_incident_short' defined in multiple files: 'localization/japanese/concepts_l_japanese.yml', 'localization/japanese/replace/concepts_l_japanese.yml'
[02:29:02][pdx_localize.cpp:231]: Key 'concept_diplomatic_incidents' defined in multiple files: 'localization/japanese/concepts_l_japanese.yml', 'localization/japanese/replace/concepts_l_japanese.yml'
[02:29:02][pdx_localize.cpp:231]: Key 'concept_diplomatic_incident_desc' defined in multiple files: 'localization/japanese/concepts_l_japanese.yml', 'localization/japanese/replace/concepts_l_japanese.yml'
[02:29:02][pdx_localize.cpp:231]: Key 'concept_tension' defined in multiple files: 'localization/japanese/concepts_l_japanese.yml', 'localization/japanese/replace/concepts_l_japanese.yml'
[02:29:02][pdx_localize.cpp:231]: Key 'concept_tensions' defined in multiple files: 'localization/japanese/concepts_l_japanese.yml', 'localization/japanese/replace/concepts_l_japanese.yml'
[02:29:02][pdx_localize.cpp:231]: Key 'concept_tension_desc' defined in multiple files: 'localization/japanese/concepts_l_japanese.yml', 'localization/japanese/replace/concepts_l_japanese.yml'
[02:29:02][pdx_localize.cpp:231]: Key 'concept_relations' defined in multiple files: 'localization/japanese/concepts_l_japanese.yml', 'localization/japanese/replace/concepts_l_japanese.yml'
[02:29:02][pdx_localize.cpp:231]: Key 'concept_relations_desc' defined in multiple files: 'localization/japanese/concepts_l_japanese.yml', 'localization/japanese/replace/concepts_l_japanese.yml'
[02:29:02][pdx_localize.cpp:231]: Key 'concept_ai_strategy' defined in multiple files: 'localization/japanese/concepts_l_japanese.yml', 'localization/japanese/replace/concepts_l_japanese.yml'
[02:29:02][pdx_localize.cpp:231]: Key 'concept_ai_strategies' defined in multiple files: 'localization/japanese/concepts_l_japanese.yml', 'localization/japanese/replace/concepts_l_japanese.yml'
[02:29:02][pdx_localize.cpp:231]: Key 'concept_ai_strategy_desc' defined in multiple files: 'localization/japanese/concepts_l_japanese.yml', 'localization/japanese/replace/concepts_l_japanese.yml'
[02:29:02][pdx_localize.cpp:231]: Key 'concept_strategic_desire' defined in multiple files: 'localization/japanese/concepts_l_japanese.yml', 'localization/japanese/replace/concepts_l_japanese.yml'
[02:29:02][pdx_localize.cpp:231]: Key 'concept_strategic_desire_desc' defined in multiple files: 'localization/japanese/concepts_l_japanese.yml', 'localization/japanese/replace/concepts_l_japanese.yml'
[02:29:02][pdx_localize.cpp:231]: Key 'concept_attitude' defined in multiple files: 'localization/japanese/concepts_l_japanese.yml', 'localization/japanese/replace/concepts_l_japanese.yml'
[02:29:02][pdx_localize.cpp:231]: Key 'concept_attitude_desc' defined in multiple files: 'localization/japanese/concepts_l_japanese.yml', 'localization/japanese/replace/concepts_l_japanese.yml'
[02:29:02][pdx_localize.cpp:231]: Key 'concept_instant_diplomatic_action' defined in multiple files: 'localization/japanese/concepts_l_japanese.yml', 'localization/japanese/replace/concepts_l_japanese.yml'
[02:29:02][pdx_localize.cpp:231]: Key 'concept_instant_diplomatic_actions' defined in multiple files: 'localization/japanese/concepts_l_japanese.yml', 'localization/japanese/replace/concepts_l_japanese.yml'
[02:29:02][pdx_localize.cpp:231]: Key 'concept_instant_diplomatic_action_desc' defined in multiple files: 'localization/japanese/concepts_l_japanese.yml', 'localization/japanese/replace/concepts_l_japanese.yml'
[02:29:02][pdx_localize.cpp:231]: Key 'concept_ongoing_diplomatic_action' defined in multiple files: 'localization/japanese/concepts_l_japanese.yml', 'localization/japanese/replace/concepts_l_japanese.yml'
[02:29:02][pdx_localize.cpp:231]: Key 'concept_ongoing_diplomatic_actions' defined in multiple files: 'localization/japanese/concepts_l_japanese.yml', 'localization/japanese/replace/concepts_l_japanese.yml'
[02:29:02][pdx_localize.cpp:231]: Key 'concept_ongoing_diplomatic_action_desc' defined in multiple files: 'localization/japanese/concepts_l_japanese.yml', 'localization/japanese/replace/concepts_l_japanese.yml'
[02:29:02][pdx_localize.cpp:231]: Key 'concept_diplomatic_pact' defined in multiple files: 'localization/japanese/concepts_l_japanese.yml', 'localization/japanese/replace/concepts_l_japanese.yml'
[02:29:02][pdx_localize.cpp:231]: Key 'concept_diplomatic_pacts' defined in multiple files: 'localization/japanese/concepts_l_japanese.yml', 'localization/japanese/replace/concepts_l_japanese.yml'
[02:29:02][pdx_localize.cpp:231]: Key 'concept_diplomatic_pact_short' defined in multiple files: 'localization/japanese/concepts_l_japanese.yml', 'localization/japanese/replace/concepts_l_japanese.yml'
[02:29:02][pdx_localize.cpp:231]: Key 'concept_diplomatic_pacts_short' defined in multiple files: 'localization/japanese/concepts_l_japanese.yml', 'localization/japanese/replace/concepts_l_japanese.yml'
[02:29:02][pdx_localize.cpp:231]: Key 'concept_diplomatic_pact_desc' defined in multiple files: 'localization/japanese/concepts_l_japanese.yml', 'localization/japanese/replace/concepts_l_japanese.yml'
[02:29:02][pdx_localize.cpp:231]: Key 'concept_truce' defined in multiple files: 'localization/japanese/concepts_l_japanese.yml', 'localization/japanese/replace/concepts_l_japanese.yml'
[02:29:02][pdx_localize.cpp:231]: Key 'concept_truces' defined in multiple files: 'localization/japanese/concepts_l_japanese.yml', 'localization/japanese/replace/concepts_l_japanese.yml'
[02:29:02][pdx_localize.cpp:231]: Key 'concept_truce_desc' defined in multiple files: 'localization/japanese/concepts_l_japanese.yml', 'localization/japanese/replace/concepts_l_japanese.yml'
[02:29:02][pdx_localize.cpp:231]: Key 'concept_war_reparations' defined in multiple files: 'localization/japanese/concepts_l_japanese.yml', 'localization/japanese/replace/concepts_l_japanese.yml'
[02:29:02][pdx_localize.cpp:231]: Key 'concept_war_reparations_desc' defined in multiple files: 'localization/japanese/concepts_l_japanese.yml', 'localization/japanese/replace/concepts_l_japanese.yml'
[02:29:02][pdx_localize.cpp:231]: Key 'concept_colonization_rights' defined in multiple files: 'localization/japanese/concepts_l_japanese.yml', 'localization/japanese/replace/concepts_l_japanese.yml'
[02:29:02][pdx_localize.cpp:231]: Key 'concept_colonization_rights_desc' defined in multiple files: 'localization/japanese/concepts_l_japanese.yml', 'localization/japanese/replace/concepts_l_japanese.yml'
[02:29:02][pdx_localize.cpp:231]: Key 'concept_foreign_investment' defined in multiple files: 'localization/japanese/concepts_l_japanese.yml', 'localization/japanese/replace/concepts_l_japanese.yml'
[02:29:02][pdx_localize.cpp:231]: Key 'concept_foreign_investments' defined in multiple files: 'localization/japanese/concepts_l_japanese.yml', 'localization/japanese/replace/concepts_l_japanese.yml'
[02:29:02][pdx_localize.cpp:231]: Key 'concept_foreign_investment_desc' defined in multiple files: 'localization/japanese/concepts_l_japanese.yml', 'localization/japanese/replace/concepts_l_japanese.yml'
[02:29:02][pdx_localize.cpp:231]: Key 'concept_foreign_investment_rights' defined in multiple files: 'localization/japanese/concepts_l_japanese.yml', 'localization/japanese/replace/concepts_l_japanese.yml'
[02:29:02][pdx_localize.cpp:231]: Key 'concept_foreign_investment_rights_short' defined in multiple files: 'localization/japanese/concepts_l_japanese.yml', 'localization/japanese/replace/concepts_l_japanese.yml'
[02:29:02][pdx_localize.cpp:231]: Key 'concept_foreign_investment_rights_desc' defined in multiple files: 'localization/japanese/concepts_l_japanese.yml', 'localization/japanese/replace/concepts_l_japanese.yml'
[02:29:02][pdx_localize.cpp:231]: Key 'concept_exiled_army' defined in multiple files: 'localization/japanese/concepts_l_japanese.yml', 'localization/japanese/replace/concepts_l_japanese.yml'
[02:29:02][pdx_localize.cpp:231]: Key 'concept_exiled_armies' defined in multiple files: 'localization/japanese/concepts_l_japanese.yml', 'localization/japanese/replace/concepts_l_japanese.yml'
[02:29:02][pdx_localize.cpp:231]: Key 'concept_exiled_army_short' defined in multiple files: 'localization/japanese/concepts_l_japanese.yml', 'localization/japanese/replace/concepts_l_japanese.yml'
[02:29:02][pdx_localize.cpp:231]: Key 'concept_exiled_army_exile' defined in multiple files: 'localization/japanese/concepts_l_japanese.yml', 'localization/japanese/replace/concepts_l_japanese.yml'
[02:29:02][pdx_localize.cpp:231]: Key 'concept_exiled_army_desc' defined in multiple files: 'localization/japanese/concepts_l_japanese.yml', 'localization/japanese/replace/concepts_l_japanese.yml'
[02:29:02][pdx_localize.cpp:231]: Key 'concept_military_access' defined in multiple files: 'localization/japanese/concepts_l_japanese.yml', 'localization/japanese/replace/concepts_l_japanese.yml'
[02:29:02][pdx_localize.cpp:231]: Key 'concept_military_access_desc' defined in multiple files: 'localization/japanese/concepts_l_japanese.yml', 'localization/japanese/replace/concepts_l_japanese.yml'
[02:29:02][pdx_localize.cpp:231]: Key 'concept_military_assistance' defined in multiple files: 'localization/japanese/concepts_l_japanese.yml', 'localization/japanese/replace/concepts_l_japanese.yml'
[02:29:02][pdx_localize.cpp:231]: Key 'concept_military_assistance_desc' defined in multiple files: 'localization/japanese/concepts_l_japanese.yml', 'localization/japanese/replace/concepts_l_japanese.yml'
[02:29:02][pdx_localize.cpp:231]: Key 'concept_social_hierarchy' defined in multiple files: 'localization/japanese/concepts_l_japanese.yml', 'localization/japanese/replace/concepts_l_japanese.yml'
[02:29:02][pdx_localize.cpp:231]: Key 'concept_social_hierarchies' defined in multiple files: 'localization/japanese/concepts_l_japanese.yml', 'localization/japanese/replace/concepts_l_japanese.yml'
[02:29:02][pdx_localize.cpp:231]: Key 'concept_social_hierarchy_possessive' defined in multiple files: 'localization/japanese/concepts_l_japanese.yml', 'localization/japanese/replace/concepts_l_japanese.yml'
[02:29:02][pdx_localize.cpp:231]: Key 'concept_social_hierarchy_short' defined in multiple files: 'localization/japanese/concepts_l_japanese.yml', 'localization/japanese/replace/concepts_l_japanese.yml'
[02:29:02][pdx_localize.cpp:231]: Key 'concept_social_hierarchy_desc' defined in multiple files: 'localization/japanese/concepts_l_japanese.yml', 'localization/japanese/replace/concepts_l_japanese.yml'
[02:29:02][pdx_localize.cpp:231]: Key 'concept_social_class' defined in multiple files: 'localization/japanese/concepts_l_japanese.yml', 'localization/japanese/replace/concepts_l_japanese.yml'
[02:29:02][pdx_localize.cpp:231]: Key 'concept_social_classes' defined in multiple files: 'localization/japanese/concepts_l_japanese.yml', 'localization/japanese/replace/concepts_l_japanese.yml'
[02:29:02][pdx_localize.cpp:231]: Key 'concept_social_class_short' defined in multiple files: 'localization/japanese/concepts_l_japanese.yml', 'localization/japanese/replace/concepts_l_japanese.yml'
[02:29:02][pdx_localize.cpp:231]: Key 'concept_social_class_possessive' defined in multiple files: 'localization/japanese/concepts_l_japanese.yml', 'localization/japanese/replace/concepts_l_japanese.yml'
[02:29:02][pdx_localize.cpp:231]: Key 'concept_social_class_desc' defined in multiple files: 'localization/japanese/concepts_l_japanese.yml', 'localization/japanese/replace/concepts_l_japanese.yml'
[02:29:02][pdx_localize.cpp:231]: Key 'concept_open_market' defined in multiple files: 'localization/japanese/concepts_l_japanese.yml', 'localization/japanese/replace/concepts_l_japanese.yml'
[02:29:02][pdx_localize.cpp:231]: Key 'concept_open_market_short' defined in multiple files: 'localization/japanese/concepts_l_japanese.yml', 'localization/japanese/replace/concepts_l_japanese.yml'
[02:29:02][pdx_localize.cpp:231]: Key 'concept_open_market_desc' defined in multiple files: 'localization/japanese/concepts_l_japanese.yml', 'localization/japanese/replace/concepts_l_japanese.yml'
[02:29:02][pdx_localize.cpp:231]: Key 'concept_open_market_desc_added' defined in multiple files: 'localization/japanese/concepts_l_japanese.yml', 'localization/japanese/replace/concepts_l_japanese.yml'
[02:29:02][pdx_localize.cpp:231]: Key 'concept_open_market_desc_added_2' defined in multiple files: 'localization/japanese/concepts_l_japanese.yml', 'localization/japanese/replace/concepts_l_japanese.yml'
[02:29:02][pdx_localize.cpp:231]: Key 'concept_open_market_desc_added_3' defined in multiple files: 'localization/japanese/concepts_l_japanese.yml', 'localization/japanese/replace/concepts_l_japanese.yml'
[02:29:02][pdx_localize.cpp:231]: Key 'concept_humiliation' defined in multiple files: 'localization/japanese/concepts_l_japanese.yml', 'localization/japanese/replace/concepts_l_japanese.yml'
[02:29:02][pdx_localize.cpp:231]: Key 'concept_humiliated' defined in multiple files: 'localization/japanese/concepts_l_japanese.yml', 'localization/japanese/replace/concepts_l_japanese.yml'
[02:29:02][pdx_localize.cpp:231]: Key 'concept_humiliate' defined in multiple files: 'localization/japanese/concepts_l_japanese.yml', 'localization/japanese/replace/concepts_l_japanese.yml'
[02:29:02][pdx_localize.cpp:231]: Key 'concept_humiliation_desc' defined in multiple files: 'localization/japanese/concepts_l_japanese.yml', 'localization/japanese/replace/concepts_l_japanese.yml'
[02:29:02][pdx_localize.cpp:231]: Key 'concept_humiliation_desc_added' defined in multiple files: 'localization/japanese/concepts_l_japanese.yml', 'localization/japanese/replace/concepts_l_japanese.yml'
[02:29:02][pdx_localize.cpp:231]: Key 'concept_customs_union' defined in multiple files: 'localization/japanese/concepts_l_japanese.yml', 'localization/japanese/replace/concepts_l_japanese.yml'
[02:29:02][pdx_localize.cpp:231]: Key 'concept_customs_union_desc' defined in multiple files: 'localization/japanese/concepts_l_japanese.yml', 'localization/japanese/replace/concepts_l_japanese.yml'
[02:29:02][pdx_localize.cpp:231]: Key 'concept_senior_partner' defined in multiple files: 'localization/japanese/concepts_l_japanese.yml', 'localization/japanese/replace/concepts_l_japanese.yml'
[02:29:02][pdx_localize.cpp:231]: Key 'concept_senior_partner_desc' defined in multiple files: 'localization/japanese/concepts_l_japanese.yml', 'localization/japanese/replace/concepts_l_japanese.yml'
[02:29:02][pdx_localize.cpp:231]: Key 'concept_junior_partner' defined in multiple files: 'localization/japanese/concepts_l_japanese.yml', 'localization/japanese/replace/concepts_l_japanese.yml'
[02:29:02][pdx_localize.cpp:231]: Key 'concept_junior_partners' defined in multiple files: 'localization/japanese/concepts_l_japanese.yml', 'localization/japanese/replace/concepts_l_japanese.yml'
[02:29:02][pdx_localize.cpp:231]: Key 'concept_junior_partners_possessive' defined in multiple files: 'localization/japanese/concepts_l_japanese.yml', 'localization/japanese/replace/concepts_l_japanese.yml'
[02:29:02][pdx_localize.cpp:231]: Key 'concept_junior_partner_desc' defined in multiple files: 'localization/japanese/concepts_l_japanese.yml', 'localization/japanese/replace/concepts_l_japanese.yml'
[02:29:02][pdx_localize.cpp:231]: Key 'concept_regime_change' defined in multiple files: 'localization/japanese/concepts_l_japanese.yml', 'localization/japanese/replace/concepts_l_japanese.yml'
[02:29:02][pdx_localize.cpp:231]: Key 'concept_regime_change_desc' defined in multiple files: 'localization/japanese/concepts_l_japanese.yml', 'localization/japanese/replace/concepts_l_japanese.yml'
[02:29:02][pdx_localize.cpp:231]: Key 'concept_alliance' defined in multiple files: 'localization/japanese/concepts_l_japanese.yml', 'localization/japanese/replace/concepts_l_japanese.yml'
[02:29:02][pdx_localize.cpp:231]: Key 'concept_alliances' defined in multiple files: 'localization/japanese/concepts_l_japanese.yml', 'localization/japanese/replace/concepts_l_japanese.yml'
[02:29:02][pdx_localize.cpp:231]: Key 'concept_alliance_desc' defined in multiple files: 'localization/japanese/concepts_l_japanese.yml', 'localization/japanese/replace/concepts_l_japanese.yml'
[02:29:02][pdx_localize.cpp:231]: Key 'concept_defensive_pact' defined in multiple files: 'localization/japanese/concepts_l_japanese.yml', 'localization/japanese/replace/concepts_l_japanese.yml'
[02:29:02][pdx_localize.cpp:231]: Key 'concept_defensive_pacts' defined in multiple files: 'localization/japanese/concepts_l_japanese.yml', 'localization/japanese/replace/concepts_l_japanese.yml'
[02:29:02][pdx_localize.cpp:231]: Key 'concept_defensive_pact_desc' defined in multiple files: 'localization/japanese/concepts_l_japanese.yml', 'localization/japanese/replace/concepts_l_japanese.yml'
[02:29:02][pdx_localize.cpp:231]: Key 'concept_guarantee_independence' defined in multiple files: 'localization/japanese/concepts_l_japanese.yml', 'localization/japanese/replace/concepts_l_japanese.yml'
[02:29:02][pdx_localize.cpp:231]: Key 'concept_guarantee_of_independence' defined in multiple files: 'localization/japanese/concepts_l_japanese.yml', 'localization/japanese/replace/concepts_l_japanese.yml'
[02:29:02][pdx_localize.cpp:231]: Key 'concept_guarantee_independence_desc' defined in multiple files: 'localization/japanese/concepts_l_japanese.yml', 'localization/japanese/replace/concepts_l_japanese.yml'
[02:29:02][pdx_localize.cpp:231]: Key 'concept_ally' defined in multiple files: 'localization/japanese/concepts_l_japanese.yml', 'localization/japanese/replace/concepts_l_japanese.yml'
[02:29:02][pdx_localize.cpp:231]: Key 'concept_allies' defined in multiple files: 'localization/japanese/concepts_l_japanese.yml', 'localization/japanese/replace/concepts_l_japanese.yml'
[02:29:02][pdx_localize.cpp:231]: Key 'concept_allied' defined in multiple files: 'localization/japanese/concepts_l_japanese.yml', 'localization/japanese/replace/concepts_l_japanese.yml'
[02:29:02][pdx_localize.cpp:231]: Key 'concept_ally_desc' defined in multiple files: 'localization/japanese/concepts_l_japanese.yml', 'localization/japanese/replace/concepts_l_japanese.yml'
[02:29:02][pdx_localize.cpp:231]: Key 'concept_supply' defined in multiple files: 'localization/japanese/concepts_l_japanese.yml', 'localization/japanese/replace/concepts_l_japanese.yml'
[02:29:02][pdx_localize.cpp:231]: Key 'concept_supplies' defined in multiple files: 'localization/japanese/concepts_l_japanese.yml', 'localization/japanese/replace/concepts_l_japanese.yml'
[02:29:02][pdx_localize.cpp:231]: Key 'concept_supply_desc' defined in multiple files: 'localization/japanese/concepts_l_japanese.yml', 'localization/japanese/replace/concepts_l_japanese.yml'
[02:29:02][pdx_localize.cpp:231]: Key 'concept_manpower' defined in multiple files: 'localization/japanese/concepts_l_japanese.yml', 'localization/japanese/replace/concepts_l_japanese.yml'
[02:29:02][pdx_localize.cpp:231]: Key 'concept_manpower_desc' defined in multiple files: 'localization/japanese/concepts_l_japanese.yml', 'localization/japanese/replace/concepts_l_japanese.yml'
[02:29:02][pdx_localize.cpp:231]: Key 'concept_manpower_desc_added' defined in multiple files: 'localization/japanese/concepts_l_japanese.yml', 'localization/japanese/replace/concepts_l_japanese.yml'
[02:29:02][pdx_localize.cpp:231]: Key 'concept_manpower_desc_added_2' defined in multiple files: 'localization/japanese/concepts_l_japanese.yml', 'localization/japanese/replace/concepts_l_japanese.yml'
[02:29:02][pdx_localize.cpp:231]: Key 'concept_morale' defined in multiple files: 'localization/japanese/concepts_l_japanese.yml', 'localization/japanese/replace/concepts_l_japanese.yml'
[02:29:02][pdx_localize.cpp:231]: Key 'concept_morale_demoralized' defined in multiple files: 'localization/japanese/concepts_l_japanese.yml', 'localization/japanese/replace/concepts_l_japanese.yml'
[02:29:02][pdx_localize.cpp:231]: Key 'concept_morale_demoralized_desc' defined in multiple files: 'localization/japanese/concepts_l_japanese.yml', 'localization/japanese/replace/concepts_l_japanese.yml'
[02:29:02][pdx_localize.cpp:231]: Key 'concept_morale_desc' defined in multiple files: 'localization/japanese/concepts_l_japanese.yml', 'localization/japanese/replace/concepts_l_japanese.yml'
[02:29:02][pdx_localize.cpp:231]: Key 'concept_morale_damage' defined in multiple files: 'localization/japanese/concepts_l_japanese.yml', 'localization/japanese/replace/concepts_l_japanese.yml'
[02:29:02][pdx_localize.cpp:231]: Key 'concept_morale_damage_desc' defined in multiple files: 'localization/japanese/concepts_l_japanese.yml', 'localization/japanese/replace/concepts_l_japanese.yml'
[02:29:02][pdx_localize.cpp:231]: Key 'concept_rank' defined in multiple files: 'localization/japanese/concepts_l_japanese.yml', 'localization/japanese/replace/concepts_l_japanese.yml'
[02:29:02][pdx_localize.cpp:231]: Key 'concept_ranks' defined in multiple files: 'localization/japanese/concepts_l_japanese.yml', 'localization/japanese/replace/concepts_l_japanese.yml'
[02:29:02][pdx_localize.cpp:231]: Key 'concept_rank_desc' defined in multiple files: 'localization/japanese/concepts_l_japanese.yml', 'localization/japanese/replace/concepts_l_japanese.yml'
[02:29:02][pdx_localize.cpp:231]: Key 'concept_rank_ingame_added' defined in multiple files: 'localization/japanese/concepts_l_japanese.yml', 'localization/japanese/replace/concepts_l_japanese.yml'
[02:29:02][pdx_localize.cpp:231]: Key 'concept_migration' defined in multiple files: 'localization/japanese/concepts_l_japanese.yml', 'localization/japanese/replace/concepts_l_japanese.yml'
[02:29:02][pdx_localize.cpp:231]: Key 'concept_migration_internal' defined in multiple files: 'localization/japanese/concepts_l_japanese.yml', 'localization/japanese/replace/concepts_l_japanese.yml'
[02:29:02][pdx_localize.cpp:231]: Key 'concept_weekly_migration' defined in multiple files: 'localization/japanese/concepts_l_japanese.yml', 'localization/japanese/replace/concepts_l_japanese.yml'
[02:29:02][pdx_localize.cpp:231]: Key 'concept_migrating' defined in multiple files: 'localization/japanese/concepts_l_japanese.yml', 'localization/japanese/replace/concepts_l_japanese.yml'
[02:29:02][pdx_localize.cpp:231]: Key 'concept_migrate' defined in multiple files: 'localization/japanese/concepts_l_japanese.yml', 'localization/japanese/replace/concepts_l_japanese.yml'
[02:29:02][pdx_localize.cpp:231]: Key 'concept_immigration' defined in multiple files: 'localization/japanese/concepts_l_japanese.yml', 'localization/japanese/replace/concepts_l_japanese.yml'
[02:29:02][pdx_localize.cpp:231]: Key 'concept_immigrating' defined in multiple files: 'localization/japanese/concepts_l_japanese.yml', 'localization/japanese/replace/concepts_l_japanese.yml'
[02:29:02][pdx_localize.cpp:231]: Key 'concept_emigrate' defined in multiple files: 'localization/japanese/concepts_l_japanese.yml', 'localization/japanese/replace/concepts_l_japanese.yml'
[02:29:02][pdx_localize.cpp:231]: Key 'concept_emigration' defined in multiple files: 'localization/japanese/concepts_l_japanese.yml', 'localization/japanese/replace/concepts_l_japanese.yml'
[02:29:02][pdx_localize.cpp:231]: Key 'concept_emigrating' defined in multiple files: 'localization/japanese/concepts_l_japanese.yml', 'localization/japanese/replace/concepts_l_japanese.yml'
[02:29:02][pdx_localize.cpp:231]: Key 'concept_migration_desc' defined in multiple files: 'localization/japanese/concepts_l_japanese.yml', 'localization/japanese/replace/concepts_l_japanese.yml'
[02:29:02][pdx_localize.cpp:231]: Key 'concept_mass_migration_pull' defined in multiple files: 'localization/japanese/concepts_l_japanese.yml', 'localization/japanese/replace/concepts_l_japanese.yml'
[02:29:02][pdx_localize.cpp:231]: Key 'concept_mass_migration_pull_desc' defined in multiple files: 'localization/japanese/concepts_l_japanese.yml', 'localization/japanese/replace/concepts_l_japanese.yml'
[02:29:02][pdx_localize.cpp:231]: Key 'concept_mass_migration' defined in multiple files: 'localization/japanese/concepts_l_japanese.yml', 'localization/japanese/replace/concepts_l_japanese.yml'
[02:29:02][pdx_localize.cpp:231]: Key 'concept_mass_migrations' defined in multiple files: 'localization/japanese/concepts_l_japanese.yml', 'localization/japanese/replace/concepts_l_japanese.yml'
[02:29:02][pdx_localize.cpp:231]: Key 'concept_mass_migration_migrating' defined in multiple files: 'localization/japanese/concepts_l_japanese.yml', 'localization/japanese/replace/concepts_l_japanese.yml'
[02:29:02][pdx_localize.cpp:231]: Key 'concept_mass_migration_desc' defined in multiple files: 'localization/japanese/concepts_l_japanese.yml', 'localization/japanese/replace/concepts_l_japanese.yml'
[02:29:02][pdx_localize.cpp:231]: Key 'concept_migration_target' defined in multiple files: 'localization/japanese/concepts_l_japanese.yml', 'localization/japanese/replace/concepts_l_japanese.yml'
[02:29:02][pdx_localize.cpp:231]: Key 'concept_mass_migration_target' defined in multiple files: 'localization/japanese/concepts_l_japanese.yml', 'localization/japanese/replace/concepts_l_japanese.yml'
[02:29:02][pdx_localize.cpp:231]: Key 'concept_migration_targets' defined in multiple files: 'localization/japanese/concepts_l_japanese.yml', 'localization/japanese/replace/concepts_l_japanese.yml'
[02:29:02][pdx_localize.cpp:231]: Key 'concept_mass_migration_targets' defined in multiple files: 'localization/japanese/concepts_l_japanese.yml', 'localization/japanese/replace/concepts_l_japanese.yml'
[02:29:02][pdx_localize.cpp:231]: Key 'concept_mass_migration_eligible' defined in multiple files: 'localization/japanese/concepts_l_japanese.yml', 'localization/japanese/replace/concepts_l_japanese.yml'
[02:29:02][pdx_localize.cpp:231]: Key 'concept_migration_target_desc' defined in multiple files: 'localization/japanese/concepts_l_japanese.yml', 'localization/japanese/replace/concepts_l_japanese.yml'
[02:29:02][pdx_localize.cpp:231]: Key 'concept_base_price' defined in multiple files: 'localization/japanese/concepts_l_japanese.yml', 'localization/japanese/replace/concepts_l_japanese.yml'
[02:29:02][pdx_localize.cpp:231]: Key 'concept_base_price_desc' defined in multiple files: 'localization/japanese/concepts_l_japanese.yml', 'localization/japanese/replace/concepts_l_japanese.yml'
[02:29:02][pdx_localize.cpp:231]: Key 'concept_market_impact' defined in multiple files: 'localization/japanese/concepts_l_japanese.yml', 'localization/japanese/replace/concepts_l_japanese.yml'
[02:29:02][pdx_localize.cpp:231]: Key 'concept_market_impact_short' defined in multiple files: 'localization/japanese/concepts_l_japanese.yml', 'localization/japanese/replace/concepts_l_japanese.yml'
[02:29:02][pdx_localize.cpp:231]: Key 'concept_market_impacts_short' defined in multiple files: 'localization/japanese/concepts_l_japanese.yml', 'localization/japanese/replace/concepts_l_japanese.yml'
[02:29:02][pdx_localize.cpp:231]: Key 'concept_market_impact_desc' defined in multiple files: 'localization/japanese/concepts_l_japanese.yml', 'localization/japanese/replace/concepts_l_japanese.yml'
[02:29:02][pdx_localize.cpp:231]: Key 'concept_capital_state' defined in multiple files: 'localization/japanese/concepts_l_japanese.yml', 'localization/japanese/replace/concepts_l_japanese.yml'
[02:29:02][pdx_localize.cpp:231]: Key 'concept_capital_state_short' defined in multiple files: 'localization/japanese/concepts_l_japanese.yml', 'localization/japanese/replace/concepts_l_japanese.yml'
[02:29:02][pdx_localize.cpp:231]: Key 'concept_capital_state_desc' defined in multiple files: 'localization/japanese/concepts_l_japanese.yml', 'localization/japanese/replace/concepts_l_japanese.yml'
[02:29:02][pdx_localize.cpp:231]: Key 'concept_capital_state_desc_added' defined in multiple files: 'localization/japanese/concepts_l_japanese.yml', 'localization/japanese/replace/concepts_l_japanese.yml'
[02:29:02][pdx_localize.cpp:231]: Key 'concept_treaty_port' defined in multiple files: 'localization/japanese/concepts_l_japanese.yml', 'localization/japanese/replace/concepts_l_japanese.yml'
[02:29:02][pdx_localize.cpp:231]: Key 'concept_treaty_ports' defined in multiple files: 'localization/japanese/concepts_l_japanese.yml', 'localization/japanese/replace/concepts_l_japanese.yml'
[02:29:02][pdx_localize.cpp:231]: Key 'concept_treaty_port_desc' defined in multiple files: 'localization/japanese/concepts_l_japanese.yml', 'localization/japanese/replace/concepts_l_japanese.yml'
[02:29:02][pdx_localize.cpp:231]: Key 'concept_treaty' defined in multiple files: 'localization/japanese/concepts_l_japanese.yml', 'localization/japanese/replace/concepts_l_japanese.yml'
[02:29:02][pdx_localize.cpp:231]: Key 'concept_treaties' defined in multiple files: 'localization/japanese/concepts_l_japanese.yml', 'localization/japanese/replace/concepts_l_japanese.yml'
[02:29:02][pdx_localize.cpp:231]: Key 'concept_treaty_desc' defined in multiple files: 'localization/japanese/concepts_l_japanese.yml', 'localization/japanese/replace/concepts_l_japanese.yml'
[02:29:02][pdx_localize.cpp:231]: Key 'concept_enforced_treaty' defined in multiple files: 'localization/japanese/concepts_l_japanese.yml', 'localization/japanese/replace/concepts_l_japanese.yml'
[02:29:02][pdx_localize.cpp:231]: Key 'concept_enforced_treaties' defined in multiple files: 'localization/japanese/concepts_l_japanese.yml', 'localization/japanese/replace/concepts_l_japanese.yml'
[02:29:02][pdx_localize.cpp:231]: Key 'concept_enforced_treaty_short' defined in multiple files: 'localization/japanese/concepts_l_japanese.yml', 'localization/japanese/replace/concepts_l_japanese.yml'
[02:29:02][pdx_localize.cpp:231]: Key 'concept_enforced_treaty_forced_short' defined in multiple files: 'localization/japanese/concepts_l_japanese.yml', 'localization/japanese/replace/concepts_l_japanese.yml'
[02:29:02][pdx_localize.cpp:231]: Key 'concept_enforced_treaty_enforce' defined in multiple files: 'localization/japanese/concepts_l_japanese.yml', 'localization/japanese/replace/concepts_l_japanese.yml'
[02:29:02][pdx_localize.cpp:231]: Key 'concept_enforced_treaty_enforce_short' defined in multiple files: 'localization/japanese/concepts_l_japanese.yml', 'localization/japanese/replace/concepts_l_japanese.yml'
[02:29:02][pdx_localize.cpp:231]: Key 'concept_enforced_treaty_desc' defined in multiple files: 'localization/japanese/concepts_l_japanese.yml', 'localization/japanese/replace/concepts_l_japanese.yml'
[02:29:02][pdx_localize.cpp:231]: Key 'concept_article' defined in multiple files: 'localization/japanese/concepts_l_japanese.yml', 'localization/japanese/replace/concepts_l_japanese.yml'
[02:29:02][pdx_localize.cpp:231]: Key 'concept_articles' defined in multiple files: 'localization/japanese/concepts_l_japanese.yml', 'localization/japanese/replace/concepts_l_japanese.yml'
[02:29:02][pdx_localize.cpp:231]: Key 'concept_article_desc' defined in multiple files: 'localization/japanese/concepts_l_japanese.yml', 'localization/japanese/replace/concepts_l_japanese.yml'
[02:29:02][pdx_localize.cpp:231]: Key 'concept_contravention' defined in multiple files: 'localization/japanese/concepts_l_japanese.yml', 'localization/japanese/replace/concepts_l_japanese.yml'
[02:29:02][pdx_localize.cpp:231]: Key 'concept_contraventions' defined in multiple files: 'localization/japanese/concepts_l_japanese.yml', 'localization/japanese/replace/concepts_l_japanese.yml'
[02:29:02][pdx_localize.cpp:231]: Key 'concept_contravening' defined in multiple files: 'localization/japanese/concepts_l_japanese.yml', 'localization/japanese/replace/concepts_l_japanese.yml'
[02:29:02][pdx_localize.cpp:231]: Key 'concept_contravene' defined in multiple files: 'localization/japanese/concepts_l_japanese.yml', 'localization/japanese/replace/concepts_l_japanese.yml'
[02:29:02][pdx_localize.cpp:231]: Key 'concept_contravened' defined in multiple files: 'localization/japanese/concepts_l_japanese.yml', 'localization/japanese/replace/concepts_l_japanese.yml'
[02:29:02][pdx_localize.cpp:231]: Key 'concept_contravention_desc' defined in multiple files: 'localization/japanese/concepts_l_japanese.yml', 'localization/japanese/replace/concepts_l_japanese.yml'
[02:29:02][pdx_localize.cpp:231]: Key 'concept_binding_period' defined in multiple files: 'localization/japanese/concepts_l_japanese.yml', 'localization/japanese/replace/concepts_l_japanese.yml'
[02:29:02][pdx_localize.cpp:231]: Key 'concept_binding_period_binding' defined in multiple files: 'localization/japanese/concepts_l_japanese.yml', 'localization/japanese/replace/concepts_l_japanese.yml'
[02:29:02][pdx_localize.cpp:231]: Key 'concept_binding_period_bound' defined in multiple files: 'localization/japanese/concepts_l_japanese.yml', 'localization/japanese/replace/concepts_l_japanese.yml'
[02:29:02][pdx_localize.cpp:231]: Key 'concept_binding_period_desc' defined in multiple files: 'localization/japanese/concepts_l_japanese.yml', 'localization/japanese/replace/concepts_l_japanese.yml'
[02:29:02][pdx_localize.cpp:231]: Key 'concept_non_fulfillment' defined in multiple files: 'localization/japanese/concepts_l_japanese.yml', 'localization/japanese/replace/concepts_l_japanese.yml'
[02:29:02][pdx_localize.cpp:231]: Key 'concept_non_fulfilled' defined in multiple files: 'localization/japanese/concepts_l_japanese.yml', 'localization/japanese/replace/concepts_l_japanese.yml'
[02:29:02][pdx_localize.cpp:231]: Key 'concept_non_fulfillment_desc' defined in multiple files: 'localization/japanese/concepts_l_japanese.yml', 'localization/japanese/replace/concepts_l_japanese.yml'
[02:29:02][pdx_localize.cpp:231]: Key 'concept_prestige' defined in multiple files: 'localization/japanese/concepts_l_japanese.yml', 'localization/japanese/replace/concepts_l_japanese.yml'
[02:29:02][pdx_localize.cpp:231]: Key 'concept_prestige_desc' defined in multiple files: 'localization/japanese/concepts_l_japanese.yml', 'localization/japanese/replace/concepts_l_japanese.yml'
[02:29:02][pdx_localize.cpp:231]: Key 'concept_prestige_desc_gamestate' defined in multiple files: 'localization/japanese/concepts_l_japanese.yml', 'localization/japanese/replace/concepts_l_japanese.yml'
[02:29:02][pdx_localize.cpp:231]: Key 'concept_power_projection' defined in multiple files: 'localization/japanese/concepts_l_japanese.yml', 'localization/japanese/replace/concepts_l_japanese.yml'
[02:29:02][pdx_localize.cpp:231]: Key 'concept_power_projection_desc' defined in multiple files: 'localization/japanese/concepts_l_japanese.yml', 'localization/japanese/replace/concepts_l_japanese.yml'
[02:29:02][pdx_localize.cpp:231]: Key 'concept_army_power_projection' defined in multiple files: 'localization/japanese/concepts_l_japanese.yml', 'localization/japanese/replace/concepts_l_japanese.yml'
[02:29:02][pdx_localize.cpp:231]: Key 'concept_army_power_projection_desc' defined in multiple files: 'localization/japanese/concepts_l_japanese.yml', 'localization/japanese/replace/concepts_l_japanese.yml'
[02:29:02][pdx_localize.cpp:231]: Key 'concept_naval_power_projection' defined in multiple files: 'localization/japanese/concepts_l_japanese.yml', 'localization/japanese/replace/concepts_l_japanese.yml'
[02:29:02][pdx_localize.cpp:231]: Key 'concept_naval_power_projection_desc' defined in multiple files: 'localization/japanese/concepts_l_japanese.yml', 'localization/japanese/replace/concepts_l_japanese.yml'
[02:29:02][pdx_localize.cpp:231]: Key 'concept_dividends' defined in multiple files: 'localization/japanese/concepts_l_japanese.yml', 'localization/japanese/replace/concepts_l_japanese.yml'
[02:29:02][pdx_localize.cpp:231]: Key 'concept_dividends_desc' defined in multiple files: 'localization/japanese/concepts_l_japanese.yml', 'localization/japanese/replace/concepts_l_japanese.yml'
[02:29:02][pdx_localize.cpp:231]: Key 'concept_government_dividends' defined in multiple files: 'localization/japanese/concepts_l_japanese.yml', 'localization/japanese/replace/concepts_l_japanese.yml'
[02:29:02][pdx_localize.cpp:231]: Key 'concept_government_dividends_desc' defined in multiple files: 'localization/japanese/concepts_l_japanese.yml', 'localization/japanese/replace/concepts_l_japanese.yml'
[02:29:02][pdx_localize.cpp:231]: Key 'concept_credit' defined in multiple files: 'localization/japanese/concepts_l_japanese.yml', 'localization/japanese/replace/concepts_l_japanese.yml'
[02:29:02][pdx_localize.cpp:231]: Key 'concept_credit_debt' defined in multiple files: 'localization/japanese/concepts_l_japanese.yml', 'localization/japanese/replace/concepts_l_japanese.yml'
[02:29:02][pdx_localize.cpp:231]: Key 'concept_credit_limit' defined in multiple files: 'localization/japanese/concepts_l_japanese.yml', 'localization/japanese/replace/concepts_l_japanese.yml'
[02:29:02][pdx_localize.cpp:231]: Key 'concept_credit_desc' defined in multiple files: 'localization/japanese/concepts_l_japanese.yml', 'localization/japanese/replace/concepts_l_japanese.yml'
[02:29:02][pdx_localize.cpp:231]: Key 'concept_principal' defined in multiple files: 'localization/japanese/concepts_l_japanese.yml', 'localization/japanese/replace/concepts_l_japanese.yml'
[02:29:02][pdx_localize.cpp:231]: Key 'concept_principal_desc' defined in multiple files: 'localization/japanese/concepts_l_japanese.yml', 'localization/japanese/replace/concepts_l_japanese.yml'
[02:29:02][pdx_localize.cpp:231]: Key 'concept_loans' defined in multiple files: 'localization/japanese/concepts_l_japanese.yml', 'localization/japanese/replace/concepts_l_japanese.yml'
[02:29:02][pdx_localize.cpp:231]: Key 'concept_loans_desc' defined in multiple files: 'localization/japanese/concepts_l_japanese.yml', 'localization/japanese/replace/concepts_l_japanese.yml'
[02:29:02][pdx_localize.cpp:231]: Key 'concept_war_support' defined in multiple files: 'localization/japanese/concepts_l_japanese.yml', 'localization/japanese/replace/concepts_l_japanese.yml'
[02:29:02][pdx_localize.cpp:231]: Key 'concept_war_support_desc' defined in multiple files: 'localization/japanese/concepts_l_japanese.yml', 'localization/japanese/replace/concepts_l_japanese.yml'
[02:29:02][pdx_localize.cpp:231]: Key 'concept_occupation' defined in multiple files: 'localization/japanese/concepts_l_japanese.yml', 'localization/japanese/replace/concepts_l_japanese.yml'
[02:29:02][pdx_localize.cpp:231]: Key 'concept_occupied' defined in multiple files: 'localization/japanese/concepts_l_japanese.yml', 'localization/japanese/replace/concepts_l_japanese.yml'
[02:29:02][pdx_localize.cpp:231]: Key 'concept_occupying' defined in multiple files: 'localization/japanese/concepts_l_japanese.yml', 'localization/japanese/replace/concepts_l_japanese.yml'
[02:29:02][pdx_localize.cpp:231]: Key 'concept_occupy' defined in multiple files: 'localization/japanese/concepts_l_japanese.yml', 'localization/japanese/replace/concepts_l_japanese.yml'
[02:29:02][pdx_localize.cpp:231]: Key 'concept_occupies' defined in multiple files: 'localization/japanese/concepts_l_japanese.yml', 'localization/japanese/replace/concepts_l_japanese.yml'
[02:29:02][pdx_localize.cpp:231]: Key 'concept_occupation_desc' defined in multiple files: 'localization/japanese/concepts_l_japanese.yml', 'localization/japanese/replace/concepts_l_japanese.yml'
[02:29:02][pdx_localize.cpp:231]: Key 'concept_war_exhaustion' defined in multiple files: 'localization/japanese/concepts_l_japanese.yml', 'localization/japanese/replace/concepts_l_japanese.yml'
[02:29:02][pdx_localize.cpp:231]: Key 'concept_war_exhaustion_exhausted' defined in multiple files: 'localization/japanese/concepts_l_japanese.yml', 'localization/japanese/replace/concepts_l_japanese.yml'
[02:29:02][pdx_localize.cpp:231]: Key 'concept_war_exhaustion_desc' defined in multiple files: 'localization/japanese/concepts_l_japanese.yml', 'localization/japanese/replace/concepts_l_japanese.yml'
[02:29:02][pdx_localize.cpp:231]: Key 'concept_theater' defined in multiple files: 'localization/japanese/concepts_l_japanese.yml', 'localization/japanese/replace/concepts_l_japanese.yml'
[02:29:02][pdx_localize.cpp:231]: Key 'concept_theaters' defined in multiple files: 'localization/japanese/concepts_l_japanese.yml', 'localization/japanese/replace/concepts_l_japanese.yml'
[02:29:02][pdx_localize.cpp:231]: Key 'concept_theater_desc' defined in multiple files: 'localization/japanese/concepts_l_japanese.yml', 'localization/japanese/replace/concepts_l_japanese.yml'
[02:29:02][pdx_localize.cpp:231]: Key 'concept_literacy' defined in multiple files: 'localization/japanese/concepts_l_japanese.yml', 'localization/japanese/replace/concepts_l_japanese.yml'
[02:29:02][pdx_localize.cpp:231]: Key 'concept_literate' defined in multiple files: 'localization/japanese/concepts_l_japanese.yml', 'localization/japanese/replace/concepts_l_japanese.yml'
[02:29:02][pdx_localize.cpp:231]: Key 'concept_literacy_desc' defined in multiple files: 'localization/japanese/concepts_l_japanese.yml', 'localization/japanese/replace/concepts_l_japanese.yml'
[02:29:02][pdx_localize.cpp:231]: Key 'concept_literacy_desc_added' defined in multiple files: 'localization/japanese/concepts_l_japanese.yml', 'localization/japanese/replace/concepts_l_japanese.yml'
[02:29:02][pdx_localize.cpp:231]: Key 'concept_turmoil' defined in multiple files: 'localization/japanese/concepts_l_japanese.yml', 'localization/japanese/replace/concepts_l_japanese.yml'
[02:29:02][pdx_localize.cpp:231]: Key 'concept_turmoil_desc' defined in multiple files: 'localization/japanese/concepts_l_japanese.yml', 'localization/japanese/replace/concepts_l_japanese.yml'
[02:29:02][pdx_localize.cpp:231]: Key 'concept_unemployed' defined in multiple files: 'localization/japanese/concepts_l_japanese.yml', 'localization/japanese/replace/concepts_l_japanese.yml'
[02:29:02][pdx_localize.cpp:231]: Key 'concept_unemployment' defined in multiple files: 'localization/japanese/concepts_l_japanese.yml', 'localization/japanese/replace/concepts_l_japanese.yml'
[02:29:02][pdx_localize.cpp:231]: Key 'concept_unemployed_desc' defined in multiple files: 'localization/japanese/concepts_l_japanese.yml', 'localization/japanese/replace/concepts_l_japanese.yml'
[02:29:02][pdx_localize.cpp:231]: Key 'concept_cultural_turmoil' defined in multiple files: 'localization/japanese/concepts_l_japanese.yml', 'localization/japanese/replace/concepts_l_japanese.yml'
[02:29:02][pdx_localize.cpp:231]: Key 'concept_cultural_turmoil_desc' defined in multiple files: 'localization/japanese/concepts_l_japanese.yml', 'localization/japanese/replace/concepts_l_japanese.yml'
[02:29:02][pdx_localize.cpp:231]: Key 'concept_commander_rank' defined in multiple files: 'localization/japanese/concepts_l_japanese.yml', 'localization/japanese/replace/concepts_l_japanese.yml'
[02:29:02][pdx_localize.cpp:231]: Key 'concept_commander_rank_short' defined in multiple files: 'localization/japanese/concepts_l_japanese.yml', 'localization/japanese/replace/concepts_l_japanese.yml'
[02:29:02][pdx_localize.cpp:231]: Key 'concept_commander_ranks' defined in multiple files: 'localization/japanese/concepts_l_japanese.yml', 'localization/japanese/replace/concepts_l_japanese.yml'
[02:29:02][pdx_localize.cpp:231]: Key 'concept_commander_rank_desc' defined in multiple files: 'localization/japanese/concepts_l_japanese.yml', 'localization/japanese/replace/concepts_l_japanese.yml'
[02:29:02][pdx_localize.cpp:231]: Key 'concept_commander' defined in multiple files: 'localization/japanese/concepts_l_japanese.yml', 'localization/japanese/replace/concepts_l_japanese.yml'
[02:29:02][pdx_localize.cpp:231]: Key 'concept_commanders' defined in multiple files: 'localization/japanese/concepts_l_japanese.yml', 'localization/japanese/replace/concepts_l_japanese.yml'
[02:29:02][pdx_localize.cpp:231]: Key 'concept_commander_possessive' defined in multiple files: 'localization/japanese/concepts_l_japanese.yml', 'localization/japanese/replace/concepts_l_japanese.yml'
[02:29:02][pdx_localize.cpp:231]: Key 'concept_commander_desc' defined in multiple files: 'localization/japanese/concepts_l_japanese.yml', 'localization/japanese/replace/concepts_l_japanese.yml'
[02:29:02][pdx_localize.cpp:231]: Key 'commander_coup_loc' defined in multiple files: 'localization/japanese/concepts_l_japanese.yml', 'localization/japanese/replace/concepts_l_japanese.yml'
[02:29:02][pdx_localize.cpp:231]: Key 'concept_general' defined in multiple files: 'localization/japanese/concepts_l_japanese.yml', 'localization/japanese/replace/concepts_l_japanese.yml'
[02:29:02][pdx_localize.cpp:231]: Key 'concept_generals' defined in multiple files: 'localization/japanese/concepts_l_japanese.yml', 'localization/japanese/replace/concepts_l_japanese.yml'
[02:29:02][pdx_localize.cpp:231]: Key 'concept_general_possessive' defined in multiple files: 'localization/japanese/concepts_l_japanese.yml', 'localization/japanese/replace/concepts_l_japanese.yml'
[02:29:02][pdx_localize.cpp:231]: Key 'concept_general_plural_singular' defined in multiple files: 'localization/japanese/concepts_l_japanese.yml', 'localization/japanese/replace/concepts_l_japanese.yml'
[02:29:02][pdx_localize.cpp:231]: Key 'concept_general_desc' defined in multiple files: 'localization/japanese/concepts_l_japanese.yml', 'localization/japanese/replace/concepts_l_japanese.yml'
[02:29:02][pdx_localize.cpp:231]: Key 'concept_admiral' defined in multiple files: 'localization/japanese/concepts_l_japanese.yml', 'localization/japanese/replace/concepts_l_japanese.yml'
[02:29:02][pdx_localize.cpp:231]: Key 'concept_admirals' defined in multiple files: 'localization/japanese/concepts_l_japanese.yml', 'localization/japanese/replace/concepts_l_japanese.yml'
[02:29:02][pdx_localize.cpp:231]: Key 'concept_admiral_possessive' defined in multiple files: 'localization/japanese/concepts_l_japanese.yml', 'localization/japanese/replace/concepts_l_japanese.yml'
[02:29:02][pdx_localize.cpp:231]: Key 'concept_admiral_desc' defined in multiple files: 'localization/japanese/concepts_l_japanese.yml', 'localization/japanese/replace/concepts_l_japanese.yml'
[02:29:02][pdx_localize.cpp:231]: Key 'concept_admiral_defeated' defined in multiple files: 'localization/japanese/concepts_l_japanese.yml', 'localization/japanese/replace/concepts_l_japanese.yml'
[02:29:02][pdx_localize.cpp:231]: Key 'concept_admiral_defeated_desc' defined in multiple files: 'localization/japanese/concepts_l_japanese.yml', 'localization/japanese/replace/concepts_l_japanese.yml'
[02:29:02][pdx_localize.cpp:231]: Key 'concept_military_formation' defined in multiple files: 'localization/japanese/concepts_l_japanese.yml', 'localization/japanese/replace/concepts_l_japanese.yml'
[02:29:02][pdx_localize.cpp:231]: Key 'concept_military_formations' defined in multiple files: 'localization/japanese/concepts_l_japanese.yml', 'localization/japanese/replace/concepts_l_japanese.yml'
[02:29:02][pdx_localize.cpp:231]: Key 'concept_military_formation_possessive' defined in multiple files: 'localization/japanese/concepts_l_japanese.yml', 'localization/japanese/replace/concepts_l_japanese.yml'
[02:29:02][pdx_localize.cpp:231]: Key 'concept_military_formation_desc' defined in multiple files: 'localization/japanese/concepts_l_japanese.yml', 'localization/japanese/replace/concepts_l_japanese.yml'
[02:29:02][pdx_localize.cpp:231]: Key 'concept_political_strength' defined in multiple files: 'localization/japanese/concepts_l_japanese.yml', 'localization/japanese/replace/concepts_l_japanese.yml'
[02:29:02][pdx_localize.cpp:231]: Key 'concept_political_strength_desc' defined in multiple files: 'localization/japanese/concepts_l_japanese.yml', 'localization/japanese/replace/concepts_l_japanese.yml'
[02:29:02][pdx_localize.cpp:231]: Key 'concept_invasion' defined in multiple files: 'localization/japanese/concepts_l_japanese.yml', 'localization/japanese/replace/concepts_l_japanese.yml'
[02:29:02][pdx_localize.cpp:231]: Key 'concept_invade' defined in multiple files: 'localization/japanese/concepts_l_japanese.yml', 'localization/japanese/replace/concepts_l_japanese.yml'
[02:29:02][pdx_localize.cpp:231]: Key 'concept_invaded' defined in multiple files: 'localization/japanese/concepts_l_japanese.yml', 'localization/japanese/replace/concepts_l_japanese.yml'
[02:29:02][pdx_localize.cpp:231]: Key 'concept_invading' defined in multiple files: 'localization/japanese/concepts_l_japanese.yml', 'localization/japanese/replace/concepts_l_japanese.yml'
[02:29:02][pdx_localize.cpp:231]: Key 'concept_invasion_desc' defined in multiple files: 'localization/japanese/concepts_l_japanese.yml', 'localization/japanese/replace/concepts_l_japanese.yml'
[02:29:02][pdx_localize.cpp:231]: Key 'concept_naval_invasion' defined in multiple files: 'localization/japanese/concepts_l_japanese.yml', 'localization/japanese/replace/concepts_l_japanese.yml'
[02:29:02][pdx_localize.cpp:231]: Key 'concept_naval_invasions' defined in multiple files: 'localization/japanese/concepts_l_japanese.yml', 'localization/japanese/replace/concepts_l_japanese.yml'
[02:29:02][pdx_localize.cpp:231]: Key 'concept_naval_invaded' defined in multiple files: 'localization/japanese/concepts_l_japanese.yml', 'localization/japanese/replace/concepts_l_japanese.yml'
[02:29:02][pdx_localize.cpp:231]: Key 'concept_naval_invasion_desc' defined in multiple files: 'localization/japanese/concepts_l_japanese.yml', 'localization/japanese/replace/concepts_l_japanese.yml'
[02:29:02][pdx_localize.cpp:231]: Key 'concept_working_adults' defined in multiple files: 'localization/japanese/concepts_l_japanese.yml', 'localization/japanese/replace/concepts_l_japanese.yml'
[02:29:02][pdx_localize.cpp:231]: Key 'concept_working_adult' defined in multiple files: 'localization/japanese/concepts_l_japanese.yml', 'localization/japanese/replace/concepts_l_japanese.yml'
[02:29:02][pdx_localize.cpp:231]: Key 'concept_working_adults_desc' defined in multiple files: 'localization/japanese/concepts_l_japanese.yml', 'localization/japanese/replace/concepts_l_japanese.yml'
[02:29:02][pdx_localize.cpp:231]: Key 'concept_dependents' defined in multiple files: 'localization/japanese/concepts_l_japanese.yml', 'localization/japanese/replace/concepts_l_japanese.yml'
[02:29:02][pdx_localize.cpp:231]: Key 'concept_dependent' defined in multiple files: 'localization/japanese/concepts_l_japanese.yml', 'localization/japanese/replace/concepts_l_japanese.yml'
[02:29:02][pdx_localize.cpp:231]: Key 'concept_dependents_desc' defined in multiple files: 'localization/japanese/concepts_l_japanese.yml', 'localization/japanese/replace/concepts_l_japanese.yml'
[02:29:02][pdx_localize.cpp:231]: Key 'concept_disenfranchised' defined in multiple files: 'localization/japanese/concepts_l_japanese.yml', 'localization/japanese/replace/concepts_l_japanese.yml'
[02:29:02][pdx_localize.cpp:231]: Key 'concept_disenfranchised_desc' defined in multiple files: 'localization/japanese/concepts_l_japanese.yml', 'localization/japanese/replace/concepts_l_japanese.yml'
[02:29:02][pdx_localize.cpp:231]: Key 'concept_input_mult' defined in multiple files: 'localization/japanese/concepts_l_japanese.yml', 'localization/japanese/replace/concepts_l_japanese.yml'
[02:29:02][pdx_localize.cpp:231]: Key 'concept_input_mult_desc' defined in multiple files: 'localization/japanese/concepts_l_japanese.yml', 'localization/japanese/replace/concepts_l_japanese.yml'
[02:29:02][pdx_localize.cpp:231]: Key 'concept_throughput' defined in multiple files: 'localization/japanese/concepts_l_japanese.yml', 'localization/japanese/replace/concepts_l_japanese.yml'
[02:29:02][pdx_localize.cpp:231]: Key 'concept_throughput_desc' defined in multiple files: 'localization/japanese/concepts_l_japanese.yml', 'localization/japanese/replace/concepts_l_japanese.yml'
[02:29:02][pdx_localize.cpp:231]: Key 'concept_native_uprising' defined in multiple files: 'localization/japanese/concepts_l_japanese.yml', 'localization/japanese/replace/concepts_l_japanese.yml'
[02:29:02][pdx_localize.cpp:231]: Key 'concept_native_uprising_desc' defined in multiple files: 'localization/japanese/concepts_l_japanese.yml', 'localization/japanese/replace/concepts_l_japanese.yml'
[02:29:02][pdx_localize.cpp:231]: Key 'concept_discrimination' defined in multiple files: 'localization/japanese/concepts_l_japanese.yml', 'localization/japanese/replace/concepts_l_japanese.yml'
[02:29:02][pdx_localize.cpp:231]: Key 'concept_discriminated' defined in multiple files: 'localization/japanese/concepts_l_japanese.yml', 'localization/japanese/replace/concepts_l_japanese.yml'
[02:29:02][pdx_localize.cpp:231]: Key 'concept_discriminated_against' defined in multiple files: 'localization/japanese/concepts_l_japanese.yml', 'localization/japanese/replace/concepts_l_japanese.yml'
[02:29:02][pdx_localize.cpp:231]: Key 'concept_discrimination_desc' defined in multiple files: 'localization/japanese/concepts_l_japanese.yml', 'localization/japanese/replace/concepts_l_japanese.yml'
[02:29:02][pdx_localize.cpp:231]: Key 'concept_approval' defined in multiple files: 'localization/japanese/concepts_l_japanese.yml', 'localization/japanese/replace/concepts_l_japanese.yml'
[02:29:02][pdx_localize.cpp:231]: Key 'concept_approval_disapproval' defined in multiple files: 'localization/japanese/concepts_l_japanese.yml', 'localization/japanese/replace/concepts_l_japanese.yml'
[02:29:02][pdx_localize.cpp:231]: Key 'concept_approval_indifferent' defined in multiple files: 'localization/japanese/concepts_l_japanese.yml', 'localization/japanese/replace/concepts_l_japanese.yml'
[02:29:02][pdx_localize.cpp:231]: Key 'concept_approval_desc' defined in multiple files: 'localization/japanese/concepts_l_japanese.yml', 'localization/japanese/replace/concepts_l_japanese.yml'
[02:29:02][pdx_localize.cpp:231]: Key 'ig_approval_coup_loc' defined in multiple files: 'localization/japanese/concepts_l_japanese.yml', 'localization/japanese/replace/concepts_l_japanese.yml'
[02:29:02][pdx_localize.cpp:231]: Key 'concept_insurrection' defined in multiple files: 'localization/japanese/concepts_l_japanese.yml', 'localization/japanese/replace/concepts_l_japanese.yml'
[02:29:02][pdx_localize.cpp:231]: Key 'concept_insurrections' defined in multiple files: 'localization/japanese/concepts_l_japanese.yml', 'localization/japanese/replace/concepts_l_japanese.yml'
[02:29:02][pdx_localize.cpp:231]: Key 'concept_insurrectionary' defined in multiple files: 'localization/japanese/concepts_l_japanese.yml', 'localization/japanese/replace/concepts_l_japanese.yml'
[02:29:02][pdx_localize.cpp:231]: Key 'concept_insurrection_desc' defined in multiple files: 'localization/japanese/concepts_l_japanese.yml', 'localization/japanese/replace/concepts_l_japanese.yml'
[02:29:02][pdx_localize.cpp:231]: Key 'concept_revolt' defined in multiple files: 'localization/japanese/concepts_l_japanese.yml', 'localization/japanese/replace/concepts_l_japanese.yml'
[02:29:02][pdx_localize.cpp:231]: Key 'concept_revolution' defined in multiple files: 'localization/japanese/concepts_l_japanese.yml', 'localization/japanese/replace/concepts_l_japanese.yml'
[02:29:02][pdx_localize.cpp:231]: Key 'concept_revolutions' defined in multiple files: 'localization/japanese/concepts_l_japanese.yml', 'localization/japanese/replace/concepts_l_japanese.yml'
[02:29:02][pdx_localize.cpp:231]: Key 'concept_revolutionary' defined in multiple files: 'localization/japanese/concepts_l_japanese.yml', 'localization/japanese/replace/concepts_l_japanese.yml'
[02:29:02][pdx_localize.cpp:231]: Key 'concept_revolution_desc' defined in multiple files: 'localization/japanese/concepts_l_japanese.yml', 'localization/japanese/replace/concepts_l_japanese.yml'
[02:29:02][pdx_localize.cpp:231]: Key 'concept_revolution_desc_added' defined in multiple files: 'localization/japanese/concepts_l_japanese.yml', 'localization/japanese/replace/concepts_l_japanese.yml'
[02:29:02][pdx_localize.cpp:231]: Key 'concept_secession' defined in multiple files: 'localization/japanese/concepts_l_japanese.yml', 'localization/japanese/replace/concepts_l_japanese.yml'
[02:29:02][pdx_localize.cpp:231]: Key 'concept_secessions' defined in multiple files: 'localization/japanese/concepts_l_japanese.yml', 'localization/japanese/replace/concepts_l_japanese.yml'
[02:29:02][pdx_localize.cpp:231]: Key 'concept_secessionist' defined in multiple files: 'localization/japanese/concepts_l_japanese.yml', 'localization/japanese/replace/concepts_l_japanese.yml'
[02:29:02][pdx_localize.cpp:231]: Key 'concept_secessionists' defined in multiple files: 'localization/japanese/concepts_l_japanese.yml', 'localization/japanese/replace/concepts_l_japanese.yml'
[02:29:02][pdx_localize.cpp:231]: Key 'concept_seceding' defined in multiple files: 'localization/japanese/concepts_l_japanese.yml', 'localization/japanese/replace/concepts_l_japanese.yml'
[02:29:02][pdx_localize.cpp:231]: Key 'concept_secession_desc' defined in multiple files: 'localization/japanese/concepts_l_japanese.yml', 'localization/japanese/replace/concepts_l_japanese.yml'
[02:29:02][pdx_localize.cpp:231]: Key 'concept_secession_desc_added' defined in multiple files: 'localization/japanese/concepts_l_japanese.yml', 'localization/japanese/replace/concepts_l_japanese.yml'
[02:29:02][pdx_localize.cpp:231]: Key 'concept_civil_war' defined in multiple files: 'localization/japanese/concepts_l_japanese.yml', 'localization/japanese/replace/concepts_l_japanese.yml'
[02:29:02][pdx_localize.cpp:231]: Key 'concept_civil_wars' defined in multiple files: 'localization/japanese/concepts_l_japanese.yml', 'localization/japanese/replace/concepts_l_japanese.yml'
[02:29:02][pdx_localize.cpp:231]: Key 'concept_civil_war_desc' defined in multiple files: 'localization/japanese/concepts_l_japanese.yml', 'localization/japanese/replace/concepts_l_japanese.yml'
[02:29:02][pdx_localize.cpp:231]: Key 'concept_political_movement_support' defined in multiple files: 'localization/japanese/concepts_l_japanese.yml', 'localization/japanese/replace/concepts_l_japanese.yml'
[02:29:02][pdx_localize.cpp:231]: Key 'concept_political_movement_support_short' defined in multiple files: 'localization/japanese/concepts_l_japanese.yml', 'localization/japanese/replace/concepts_l_japanese.yml'
[02:29:02][pdx_localize.cpp:231]: Key 'concept_political_movement_supporting' defined in multiple files: 'localization/japanese/concepts_l_japanese.yml', 'localization/japanese/replace/concepts_l_japanese.yml'
[02:29:02][pdx_localize.cpp:231]: Key 'concept_political_movement_support_desc' defined in multiple files: 'localization/japanese/concepts_l_japanese.yml', 'localization/japanese/replace/concepts_l_japanese.yml'
[02:29:02][pdx_localize.cpp:231]: Key 'concept_political_movement' defined in multiple files: 'localization/japanese/concepts_l_japanese.yml', 'localization/japanese/replace/concepts_l_japanese.yml'
[02:29:02][pdx_localize.cpp:231]: Key 'concept_political_movement_short' defined in multiple files: 'localization/japanese/concepts_l_japanese.yml', 'localization/japanese/replace/concepts_l_japanese.yml'
[02:29:02][pdx_localize.cpp:231]: Key 'concept_political_movements_short' defined in multiple files: 'localization/japanese/concepts_l_japanese.yml', 'localization/japanese/replace/concepts_l_japanese.yml'
[02:29:02][pdx_localize.cpp:231]: Key 'concept_political_movements' defined in multiple files: 'localization/japanese/concepts_l_japanese.yml', 'localization/japanese/replace/concepts_l_japanese.yml'
[02:29:02][pdx_localize.cpp:231]: Key 'concept_political_movement_possessive' defined in multiple files: 'localization/japanese/concepts_l_japanese.yml', 'localization/japanese/replace/concepts_l_japanese.yml'
[02:29:02][pdx_localize.cpp:231]: Key 'concept_political_movement_possessive_short' defined in multiple files: 'localization/japanese/concepts_l_japanese.yml', 'localization/japanese/replace/concepts_l_japanese.yml'
[02:29:02][pdx_localize.cpp:231]: Key 'concept_political_movement_desc' defined in multiple files: 'localization/japanese/concepts_l_japanese.yml', 'localization/japanese/replace/concepts_l_japanese.yml'
[02:29:02][pdx_localize.cpp:231]: Key 'concept_activism' defined in multiple files: 'localization/japanese/concepts_l_japanese.yml', 'localization/japanese/replace/concepts_l_japanese.yml'
[02:29:02][pdx_localize.cpp:231]: Key 'concept_activism_short' defined in multiple files: 'localization/japanese/concepts_l_japanese.yml', 'localization/japanese/replace/concepts_l_japanese.yml'
[02:29:02][pdx_localize.cpp:231]: Key 'concept_activism_desc' defined in multiple files: 'localization/japanese/concepts_l_japanese.yml', 'localization/japanese/replace/concepts_l_japanese.yml'
[02:29:02][pdx_localize.cpp:231]: Key 'concept_political_movement_pressure' defined in multiple files: 'localization/japanese/concepts_l_japanese.yml', 'localization/japanese/replace/concepts_l_japanese.yml'
[02:29:02][pdx_localize.cpp:231]: Key 'concept_political_movement_pressure_short' defined in multiple files: 'localization/japanese/concepts_l_japanese.yml', 'localization/japanese/replace/concepts_l_japanese.yml'
[02:29:02][pdx_localize.cpp:231]: Key 'concept_political_movement_pressured_short' defined in multiple files: 'localization/japanese/concepts_l_japanese.yml', 'localization/japanese/replace/concepts_l_japanese.yml'
[02:29:02][pdx_localize.cpp:231]: Key 'concept_political_movement_pressure_desc' defined in multiple files: 'localization/japanese/concepts_l_japanese.yml', 'localization/japanese/replace/concepts_l_japanese.yml'
[02:29:02][pdx_localize.cpp:231]: Key 'concept_core_movement_ideology' defined in multiple files: 'localization/japanese/concepts_l_japanese.yml', 'localization/japanese/replace/concepts_l_japanese.yml'
[02:29:02][pdx_localize.cpp:231]: Key 'concept_core_movement_ideology_short' defined in multiple files: 'localization/japanese/concepts_l_japanese.yml', 'localization/japanese/replace/concepts_l_japanese.yml'
[02:29:02][pdx_localize.cpp:231]: Key 'concept_core_movement_ideology_extra_short' defined in multiple files: 'localization/japanese/concepts_l_japanese.yml', 'localization/japanese/replace/concepts_l_japanese.yml'
[02:29:02][pdx_localize.cpp:231]: Key 'concept_core_movement_ideology_desc' defined in multiple files: 'localization/japanese/concepts_l_japanese.yml', 'localization/japanese/replace/concepts_l_japanese.yml'
[02:29:02][pdx_localize.cpp:231]: Key 'concept_peace_deal' defined in multiple files: 'localization/japanese/concepts_l_japanese.yml', 'localization/japanese/replace/concepts_l_japanese.yml'
[02:29:02][pdx_localize.cpp:231]: Key 'concept_peace_deals' defined in multiple files: 'localization/japanese/concepts_l_japanese.yml', 'localization/japanese/replace/concepts_l_japanese.yml'
[02:29:02][pdx_localize.cpp:231]: Key 'concept_peace_deal_desc' defined in multiple files: 'localization/japanese/concepts_l_japanese.yml', 'localization/japanese/replace/concepts_l_japanese.yml'
[02:29:02][pdx_localize.cpp:231]: Key 'concept_war' defined in multiple files: 'localization/japanese/concepts_l_japanese.yml', 'localization/japanese/replace/concepts_l_japanese.yml'
[02:29:02][pdx_localize.cpp:231]: Key 'concept_wars' defined in multiple files: 'localization/japanese/concepts_l_japanese.yml', 'localization/japanese/replace/concepts_l_japanese.yml'
[02:29:02][pdx_localize.cpp:231]: Key 'concept_war_desc' defined in multiple files: 'localization/japanese/concepts_l_japanese.yml', 'localization/japanese/replace/concepts_l_japanese.yml'
[02:29:02][pdx_localize.cpp:231]: Key 'concept_war_goal' defined in multiple files: 'localization/japanese/concepts_l_japanese.yml', 'localization/japanese/replace/concepts_l_japanese.yml'
[02:29:02][pdx_localize.cpp:231]: Key 'concept_war_goals' defined in multiple files: 'localization/japanese/concepts_l_japanese.yml', 'localization/japanese/replace/concepts_l_japanese.yml'
[02:29:02][pdx_localize.cpp:231]: Key 'concept_war_goal_desc' defined in multiple files: 'localization/japanese/concepts_l_japanese.yml', 'localization/japanese/replace/concepts_l_japanese.yml'
[02:29:02][pdx_localize.cpp:231]: Key 'concept_controlled_war_goal' defined in multiple files: 'localization/japanese/concepts_l_japanese.yml', 'localization/japanese/replace/concepts_l_japanese.yml'
[02:29:02][pdx_localize.cpp:231]: Key 'concept_controlled_war_goals' defined in multiple files: 'localization/japanese/concepts_l_japanese.yml', 'localization/japanese/replace/concepts_l_japanese.yml'
[02:29:02][pdx_localize.cpp:231]: Key 'concept_control_war_goal' defined in multiple files: 'localization/japanese/concepts_l_japanese.yml', 'localization/japanese/replace/concepts_l_japanese.yml'
[02:29:02][pdx_localize.cpp:231]: Key 'concept_control_war_goals' defined in multiple files: 'localization/japanese/concepts_l_japanese.yml', 'localization/japanese/replace/concepts_l_japanese.yml'
[02:29:02][pdx_localize.cpp:231]: Key 'concept_controlling_a_war_goal' defined in multiple files: 'localization/japanese/concepts_l_japanese.yml', 'localization/japanese/replace/concepts_l_japanese.yml'
[02:29:02][pdx_localize.cpp:231]: Key 'concept_controlling_war_goals' defined in multiple files: 'localization/japanese/concepts_l_japanese.yml', 'localization/japanese/replace/concepts_l_japanese.yml'
[02:29:02][pdx_localize.cpp:231]: Key 'concept_controlled_war_goal_short' defined in multiple files: 'localization/japanese/concepts_l_japanese.yml', 'localization/japanese/replace/concepts_l_japanese.yml'
[02:29:02][pdx_localize.cpp:231]: Key 'concept_controlling_war_goal_short' defined in multiple files: 'localization/japanese/concepts_l_japanese.yml', 'localization/japanese/replace/concepts_l_japanese.yml'
[02:29:02][pdx_localize.cpp:231]: Key 'concept_control_war_goal_short' defined in multiple files: 'localization/japanese/concepts_l_japanese.yml', 'localization/japanese/replace/concepts_l_japanese.yml'
[02:29:02][pdx_localize.cpp:231]: Key 'concept_controls_war_goal_short' defined in multiple files: 'localization/japanese/concepts_l_japanese.yml', 'localization/japanese/replace/concepts_l_japanese.yml'
[02:29:02][pdx_localize.cpp:231]: Key 'concept_controlled_war_goal_desc' defined in multiple files: 'localization/japanese/concepts_l_japanese.yml', 'localization/japanese/replace/concepts_l_japanese.yml'
[02:29:02][pdx_localize.cpp:231]: Key 'concept_primary_demand' defined in multiple files: 'localization/japanese/concepts_l_japanese.yml', 'localization/japanese/replace/concepts_l_japanese.yml'
[02:29:02][pdx_localize.cpp:231]: Key 'concept_primary_demand_short' defined in multiple files: 'localization/japanese/concepts_l_japanese.yml', 'localization/japanese/replace/concepts_l_japanese.yml'
[02:29:02][pdx_localize.cpp:231]: Key 'concept_primary_demands' defined in multiple files: 'localization/japanese/concepts_l_japanese.yml', 'localization/japanese/replace/concepts_l_japanese.yml'
[02:29:02][pdx_localize.cpp:231]: Key 'concept_primary_demand_desc' defined in multiple files: 'localization/japanese/concepts_l_japanese.yml', 'localization/japanese/replace/concepts_l_japanese.yml'
[02:29:02][pdx_localize.cpp:231]: Key 'concept_secondary_demand' defined in multiple files: 'localization/japanese/concepts_l_japanese.yml', 'localization/japanese/replace/concepts_l_japanese.yml'
[02:29:02][pdx_localize.cpp:231]: Key 'concept_secondary_demand_short' defined in multiple files: 'localization/japanese/concepts_l_japanese.yml', 'localization/japanese/replace/concepts_l_japanese.yml'
[02:29:02][pdx_localize.cpp:231]: Key 'concept_secondary_demands' defined in multiple files: 'localization/japanese/concepts_l_japanese.yml', 'localization/japanese/replace/concepts_l_japanese.yml'
[02:29:02][pdx_localize.cpp:231]: Key 'concept_secondary_demand_desc' defined in multiple files: 'localization/japanese/concepts_l_japanese.yml', 'localization/japanese/replace/concepts_l_japanese.yml'
[02:29:02][pdx_localize.cpp:231]: Key 'concept_resource_potential' defined in multiple files: 'localization/japanese/concepts_l_japanese.yml', 'localization/japanese/replace/concepts_l_japanese.yml'
[02:29:02][pdx_localize.cpp:231]: Key 'concept_resource_potentials' defined in multiple files: 'localization/japanese/concepts_l_japanese.yml', 'localization/japanese/replace/concepts_l_japanese.yml'
[02:29:02][pdx_localize.cpp:231]: Key 'concept_resource_potentials_short' defined in multiple files: 'localization/japanese/concepts_l_japanese.yml', 'localization/japanese/replace/concepts_l_japanese.yml'
[02:29:02][pdx_localize.cpp:231]: Key 'concept_resource_potential_desc' defined in multiple files: 'localization/japanese/concepts_l_japanese.yml', 'localization/japanese/replace/concepts_l_japanese.yml'
[02:29:02][pdx_localize.cpp:231]: Key 'concept_government' defined in multiple files: 'localization/japanese/concepts_l_japanese.yml', 'localization/japanese/replace/concepts_l_japanese.yml'
[02:29:02][pdx_localize.cpp:231]: Key 'concept_governments' defined in multiple files: 'localization/japanese/concepts_l_japanese.yml', 'localization/japanese/replace/concepts_l_japanese.yml'
[02:29:02][pdx_localize.cpp:231]: Key 'concept_government_possessive' defined in multiple files: 'localization/japanese/concepts_l_japanese.yml', 'localization/japanese/replace/concepts_l_japanese.yml'
[02:29:02][pdx_localize.cpp:231]: Key 'concept_government_desc' defined in multiple files: 'localization/japanese/concepts_l_japanese.yml', 'localization/japanese/replace/concepts_l_japanese.yml'
[02:29:02][pdx_localize.cpp:231]: Key 'concept_interest' defined in multiple files: 'localization/japanese/concepts_l_japanese.yml', 'localization/japanese/replace/concepts_l_japanese.yml'
[02:29:02][pdx_localize.cpp:231]: Key 'concept_interests' defined in multiple files: 'localization/japanese/concepts_l_japanese.yml', 'localization/japanese/replace/concepts_l_japanese.yml'
[02:29:02][pdx_localize.cpp:231]: Key 'concept_interest_desc' defined in multiple files: 'localization/japanese/concepts_l_japanese.yml', 'localization/japanese/replace/concepts_l_japanese.yml'
[02:29:02][pdx_localize.cpp:231]: Key 'concept_involvement' defined in multiple files: 'localization/japanese/concepts_l_japanese.yml', 'localization/japanese/replace/concepts_l_japanese.yml'
[02:29:02][pdx_localize.cpp:231]: Key 'concept_involved' defined in multiple files: 'localization/japanese/concepts_l_japanese.yml', 'localization/japanese/replace/concepts_l_japanese.yml'
[02:29:02][pdx_localize.cpp:231]: Key 'concept_involvement_desc' defined in multiple files: 'localization/japanese/concepts_l_japanese.yml', 'localization/japanese/replace/concepts_l_japanese.yml'
[02:29:02][pdx_localize.cpp:231]: Key 'concept_local_country' defined in multiple files: 'localization/japanese/concepts_l_japanese.yml', 'localization/japanese/replace/concepts_l_japanese.yml'
[02:29:02][pdx_localize.cpp:231]: Key 'concept_local_countries' defined in multiple files: 'localization/japanese/concepts_l_japanese.yml', 'localization/japanese/replace/concepts_l_japanese.yml'
[02:29:02][pdx_localize.cpp:231]: Key 'concept_local_country_short' defined in multiple files: 'localization/japanese/concepts_l_japanese.yml', 'localization/japanese/replace/concepts_l_japanese.yml'
[02:29:02][pdx_localize.cpp:231]: Key 'concept_local_country_desc' defined in multiple files: 'localization/japanese/concepts_l_japanese.yml', 'localization/japanese/replace/concepts_l_japanese.yml'
[02:29:02][pdx_localize.cpp:231]: Key 'concept_locality' defined in multiple files: 'localization/japanese/concepts_l_japanese.yml', 'localization/japanese/replace/concepts_l_japanese.yml'
[02:29:02][pdx_localize.cpp:231]: Key 'concept_locality_desc' defined in multiple files: 'localization/japanese/concepts_l_japanese.yml', 'localization/japanese/replace/concepts_l_japanese.yml'
[02:29:02][pdx_localize.cpp:231]: Key 'concept_interest_tier' defined in multiple files: 'localization/japanese/concepts_l_japanese.yml', 'localization/japanese/replace/concepts_l_japanese.yml'
[02:29:02][pdx_localize.cpp:231]: Key 'concept_interest_tiers' defined in multiple files: 'localization/japanese/concepts_l_japanese.yml', 'localization/japanese/replace/concepts_l_japanese.yml'
[02:29:02][pdx_localize.cpp:231]: Key 'concept_interest_tier_short' defined in multiple files: 'localization/japanese/concepts_l_japanese.yml', 'localization/japanese/replace/concepts_l_japanese.yml'
[02:29:02][pdx_localize.cpp:231]: Key 'concept_interest_tier_desc' defined in multiple files: 'localization/japanese/concepts_l_japanese.yml', 'localization/japanese/replace/concepts_l_japanese.yml'
[02:29:02][pdx_localize.cpp:231]: Key 'concept_diplomatic_relevancy' defined in multiple files: 'localization/japanese/concepts_l_japanese.yml', 'localization/japanese/replace/concepts_l_japanese.yml'
[02:29:02][pdx_localize.cpp:231]: Key 'concept_diplomatically_relevant' defined in multiple files: 'localization/japanese/concepts_l_japanese.yml', 'localization/japanese/replace/concepts_l_japanese.yml'
[02:29:02][pdx_localize.cpp:231]: Key 'concept_diplomatically_irrelevant' defined in multiple files: 'localization/japanese/concepts_l_japanese.yml', 'localization/japanese/replace/concepts_l_japanese.yml'
[02:29:02][pdx_localize.cpp:231]: Key 'concept_diplomatic_relevancy_desc' defined in multiple files: 'localization/japanese/concepts_l_japanese.yml', 'localization/japanese/replace/concepts_l_japanese.yml'
[02:29:02][pdx_localize.cpp:231]: Key 'concept_strategic_adjacency' defined in multiple files: 'localization/japanese/concepts_l_japanese.yml', 'localization/japanese/replace/concepts_l_japanese.yml'
[02:29:02][pdx_localize.cpp:231]: Key 'concept_strategically_adjacent' defined in multiple files: 'localization/japanese/concepts_l_japanese.yml', 'localization/japanese/replace/concepts_l_japanese.yml'
[02:29:02][pdx_localize.cpp:231]: Key 'concept_strategic_adjacency_desc' defined in multiple files: 'localization/japanese/concepts_l_japanese.yml', 'localization/japanese/replace/concepts_l_japanese.yml'
[02:29:02][pdx_localize.cpp:231]: Key 'concept_obligation' defined in multiple files: 'localization/japanese/concepts_l_japanese.yml', 'localization/japanese/replace/concepts_l_japanese.yml'
[02:29:02][pdx_localize.cpp:231]: Key 'concept_obligations' defined in multiple files: 'localization/japanese/concepts_l_japanese.yml', 'localization/japanese/replace/concepts_l_japanese.yml'
[02:29:02][pdx_localize.cpp:231]: Key 'concept_obligated' defined in multiple files: 'localization/japanese/concepts_l_japanese.yml', 'localization/japanese/replace/concepts_l_japanese.yml'
[02:29:02][pdx_localize.cpp:231]: Key 'concept_obligation_desc' defined in multiple files: 'localization/japanese/concepts_l_japanese.yml', 'localization/japanese/replace/concepts_l_japanese.yml'
[02:29:02][pdx_localize.cpp:231]: Key 'concept_gdp' defined in multiple files: 'localization/japanese/concepts_l_japanese.yml', 'localization/japanese/replace/concepts_l_japanese.yml'
[02:29:02][pdx_localize.cpp:231]: Key 'concept_gdp_short' defined in multiple files: 'localization/japanese/concepts_l_japanese.yml', 'localization/japanese/replace/concepts_l_japanese.yml'
[02:29:02][pdx_localize.cpp:231]: Key 'concept_gdp_desc' defined in multiple files: 'localization/japanese/concepts_l_japanese.yml', 'localization/japanese/replace/concepts_l_japanese.yml'
[02:29:02][pdx_localize.cpp:231]: Key 'concept_gdp_per_capita' defined in multiple files: 'localization/japanese/concepts_l_japanese.yml', 'localization/japanese/replace/concepts_l_japanese.yml'
[02:29:02][pdx_localize.cpp:231]: Key 'concept_gdp_per_capita_short' defined in multiple files: 'localization/japanese/concepts_l_japanese.yml', 'localization/japanese/replace/concepts_l_japanese.yml'
[02:29:02][pdx_localize.cpp:231]: Key 'concept_gdp_per_capita_desc' defined in multiple files: 'localization/japanese/concepts_l_japanese.yml', 'localization/japanese/replace/concepts_l_japanese.yml'
[02:29:02][pdx_localize.cpp:231]: Key 'concept_gdp_ownership' defined in multiple files: 'localization/japanese/concepts_l_japanese.yml', 'localization/japanese/replace/concepts_l_japanese.yml'
[02:29:02][pdx_localize.cpp:231]: Key 'concept_gdp_ownership_desc' defined in multiple files: 'localization/japanese/concepts_l_japanese.yml', 'localization/japanese/replace/concepts_l_japanese.yml'
[02:29:02][pdx_localize.cpp:231]: Key 'concept_education_access' defined in multiple files: 'localization/japanese/concepts_l_japanese.yml', 'localization/japanese/replace/concepts_l_japanese.yml'
[02:29:02][pdx_localize.cpp:231]: Key 'concept_education_access_desc' defined in multiple files: 'localization/japanese/concepts_l_japanese.yml', 'localization/japanese/replace/concepts_l_japanese.yml'
[02:29:02][pdx_localize.cpp:231]: Key 'concept_isolated_state' defined in multiple files: 'localization/japanese/concepts_l_japanese.yml', 'localization/japanese/replace/concepts_l_japanese.yml'
[02:29:02][pdx_localize.cpp:231]: Key 'concept_isolated_states' defined in multiple files: 'localization/japanese/concepts_l_japanese.yml', 'localization/japanese/replace/concepts_l_japanese.yml'
[02:29:02][pdx_localize.cpp:231]: Key 'concept_isolated_state_short' defined in multiple files: 'localization/japanese/concepts_l_japanese.yml', 'localization/japanese/replace/concepts_l_japanese.yml'
[02:29:02][pdx_localize.cpp:231]: Key 'concept_isolated_state_desc' defined in multiple files: 'localization/japanese/concepts_l_japanese.yml', 'localization/japanese/replace/concepts_l_japanese.yml'
[02:29:02][pdx_localize.cpp:231]: Key 'concept_isolated_state_desc_added' defined in multiple files: 'localization/japanese/concepts_l_japanese.yml', 'localization/japanese/replace/concepts_l_japanese.yml'
[02:29:02][pdx_localize.cpp:231]: Key 'concept_shortage' defined in multiple files: 'localization/japanese/concepts_l_japanese.yml', 'localization/japanese/replace/concepts_l_japanese.yml'
[02:29:02][pdx_localize.cpp:231]: Key 'concept_shortages' defined in multiple files: 'localization/japanese/concepts_l_japanese.yml', 'localization/japanese/replace/concepts_l_japanese.yml'
[02:29:02][pdx_localize.cpp:231]: Key 'concept_input_goods_shortage' defined in multiple files: 'localization/japanese/concepts_l_japanese.yml', 'localization/japanese/replace/concepts_l_japanese.yml'
[02:29:02][pdx_localize.cpp:231]: Key 'concept_input_goods_shortages' defined in multiple files: 'localization/japanese/concepts_l_japanese.yml', 'localization/japanese/replace/concepts_l_japanese.yml'
[02:29:02][pdx_localize.cpp:231]: Key 'concept_shortage_desc' defined in multiple files: 'localization/japanese/concepts_l_japanese.yml', 'localization/japanese/replace/concepts_l_japanese.yml'
[02:29:02][pdx_localize.cpp:231]: Key 'concept_market' defined in multiple files: 'localization/japanese/concepts_l_japanese.yml', 'localization/japanese/replace/concepts_l_japanese.yml'
[02:29:02][pdx_localize.cpp:231]: Key 'concept_markets' defined in multiple files: 'localization/japanese/concepts_l_japanese.yml', 'localization/japanese/replace/concepts_l_japanese.yml'
[02:29:02][pdx_localize.cpp:231]: Key 'concept_market_possessive' defined in multiple files: 'localization/japanese/concepts_l_japanese.yml', 'localization/japanese/replace/concepts_l_japanese.yml'
[02:29:02][pdx_localize.cpp:231]: Key 'concept_market_desc' defined in multiple files: 'localization/japanese/concepts_l_japanese.yml', 'localization/japanese/replace/concepts_l_japanese.yml'
[02:29:02][pdx_localize.cpp:231]: Key 'concept_world_market' defined in multiple files: 'localization/japanese/concepts_l_japanese.yml', 'localization/japanese/replace/concepts_l_japanese.yml'
[02:29:02][pdx_localize.cpp:231]: Key 'concept_world_market_desc' defined in multiple files: 'localization/japanese/concepts_l_japanese.yml', 'localization/japanese/replace/concepts_l_japanese.yml'
[02:29:02][pdx_localize.cpp:231]: Key 'concept_market_access' defined in multiple files: 'localization/japanese/concepts_l_japanese.yml', 'localization/japanese/replace/concepts_l_japanese.yml'
[02:29:02][pdx_localize.cpp:231]: Key 'concept_market_access_desc' defined in multiple files: 'localization/japanese/concepts_l_japanese.yml', 'localization/japanese/replace/concepts_l_japanese.yml'
[02:29:02][pdx_localize.cpp:231]: Key 'concept_world_market_access' defined in multiple files: 'localization/japanese/concepts_l_japanese.yml', 'localization/japanese/replace/concepts_l_japanese.yml'
[02:29:02][pdx_localize.cpp:231]: Key 'concept_world_market_access_desc' defined in multiple files: 'localization/japanese/concepts_l_japanese.yml', 'localization/japanese/replace/concepts_l_japanese.yml'
[02:29:02][pdx_localize.cpp:231]: Key 'concept_world_market_hub' defined in multiple files: 'localization/japanese/concepts_l_japanese.yml', 'localization/japanese/replace/concepts_l_japanese.yml'
[02:29:02][pdx_localize.cpp:231]: Key 'concept_world_market_hubs' defined in multiple files: 'localization/japanese/concepts_l_japanese.yml', 'localization/japanese/replace/concepts_l_japanese.yml'
[02:29:02][pdx_localize.cpp:231]: Key 'concept_world_market_hub_short' defined in multiple files: 'localization/japanese/concepts_l_japanese.yml', 'localization/japanese/replace/concepts_l_japanese.yml'
[02:29:02][pdx_localize.cpp:231]: Key 'concept_world_market_hubs_short' defined in multiple files: 'localization/japanese/concepts_l_japanese.yml', 'localization/japanese/replace/concepts_l_japanese.yml'
[02:29:02][pdx_localize.cpp:231]: Key 'concept_world_market_hub_desc' defined in multiple files: 'localization/japanese/concepts_l_japanese.yml', 'localization/japanese/replace/concepts_l_japanese.yml'
[02:29:02][pdx_localize.cpp:231]: Key 'concept_infrastructure' defined in multiple files: 'localization/japanese/concepts_l_japanese.yml', 'localization/japanese/replace/concepts_l_japanese.yml'
[02:29:02][pdx_localize.cpp:231]: Key 'concept_infrastructure_desc' defined in multiple files: 'localization/japanese/concepts_l_japanese.yml', 'localization/japanese/replace/concepts_l_japanese.yml'
[02:29:02][pdx_localize.cpp:231]: Key 'concept_infrastructure_desc_added' defined in multiple files: 'localization/japanese/concepts_l_japanese.yml', 'localization/japanese/replace/concepts_l_japanese.yml'
[02:29:02][pdx_localize.cpp:231]: Key 'concept_infrastructure_desc_added_2' defined in multiple files: 'localization/japanese/concepts_l_japanese.yml', 'localization/japanese/replace/concepts_l_japanese.yml'
[02:29:02][pdx_localize.cpp:231]: Key 'concept_infrastructure_usage' defined in multiple files: 'localization/japanese/concepts_l_japanese.yml', 'localization/japanese/replace/concepts_l_japanese.yml'
[02:29:02][pdx_localize.cpp:231]: Key 'concept_infrastructure_usage_desc' defined in multiple files: 'localization/japanese/concepts_l_japanese.yml', 'localization/japanese/replace/concepts_l_japanese.yml'
[02:29:02][pdx_localize.cpp:231]: Key 'concept_good' defined in multiple files: 'localization/japanese/concepts_l_japanese.yml', 'localization/japanese/replace/concepts_l_japanese.yml'
[02:29:02][pdx_localize.cpp:231]: Key 'concept_goods' defined in multiple files: 'localization/japanese/concepts_l_japanese.yml', 'localization/japanese/replace/concepts_l_japanese.yml'
[02:29:02][pdx_localize.cpp:231]: Key 'concept_good_possessive' defined in multiple files: 'localization/japanese/concepts_l_japanese.yml', 'localization/japanese/replace/concepts_l_japanese.yml'
[02:29:02][pdx_localize.cpp:231]: Key 'concept_goods_input' defined in multiple files: 'localization/japanese/concepts_l_japanese.yml', 'localization/japanese/replace/concepts_l_japanese.yml'
[02:29:02][pdx_localize.cpp:231]: Key 'concept_goods_output' defined in multiple files: 'localization/japanese/concepts_l_japanese.yml', 'localization/japanese/replace/concepts_l_japanese.yml'
[02:29:02][pdx_localize.cpp:231]: Key 'concept_good_desc' defined in multiple files: 'localization/japanese/concepts_l_japanese.yml', 'localization/japanese/replace/concepts_l_japanese.yml'
[02:29:02][pdx_localize.cpp:231]: Key 'concept_prestige_good' defined in multiple files: 'localization/japanese/concepts_l_japanese.yml', 'localization/japanese/replace/concepts_l_japanese.yml'
[02:29:02][pdx_localize.cpp:231]: Key 'concept_prestige_good_short' defined in multiple files: 'localization/japanese/concepts_l_japanese.yml', 'localization/japanese/replace/concepts_l_japanese.yml'
[02:29:02][pdx_localize.cpp:231]: Key 'concept_prestige_goods' defined in multiple files: 'localization/japanese/concepts_l_japanese.yml', 'localization/japanese/replace/concepts_l_japanese.yml'
[02:29:02][pdx_localize.cpp:231]: Key 'concept_prestige_good_desc' defined in multiple files: 'localization/japanese/concepts_l_japanese.yml', 'localization/japanese/replace/concepts_l_japanese.yml'
[02:29:02][pdx_localize.cpp:231]: Key 'concept_government_good' defined in multiple files: 'localization/japanese/concepts_l_japanese.yml', 'localization/japanese/replace/concepts_l_japanese.yml'
[02:29:02][pdx_localize.cpp:231]: Key 'concept_government_goods' defined in multiple files: 'localization/japanese/concepts_l_japanese.yml', 'localization/japanese/replace/concepts_l_japanese.yml'
[02:29:02][pdx_localize.cpp:231]: Key 'concept_government_good_desc' defined in multiple files: 'localization/japanese/concepts_l_japanese.yml', 'localization/japanese/replace/concepts_l_japanese.yml'
[02:29:02][pdx_localize.cpp:231]: Key 'concept_military_good' defined in multiple files: 'localization/japanese/concepts_l_japanese.yml', 'localization/japanese/replace/concepts_l_japanese.yml'
[02:29:02][pdx_localize.cpp:231]: Key 'concept_military_goods' defined in multiple files: 'localization/japanese/concepts_l_japanese.yml', 'localization/japanese/replace/concepts_l_japanese.yml'
[02:29:02][pdx_localize.cpp:231]: Key 'concept_military_good_desc' defined in multiple files: 'localization/japanese/concepts_l_japanese.yml', 'localization/japanese/replace/concepts_l_japanese.yml'
[02:29:02][pdx_localize.cpp:231]: Key 'concept_state' defined in multiple files: 'localization/japanese/concepts_l_japanese.yml', 'localization/japanese/replace/concepts_l_japanese.yml'
[02:29:02][pdx_localize.cpp:231]: Key 'concept_states' defined in multiple files: 'localization/japanese/concepts_l_japanese.yml', 'localization/japanese/replace/concepts_l_japanese.yml'
[02:29:02][pdx_localize.cpp:231]: Key 'concept_state_or_states' defined in multiple files: 'localization/japanese/concepts_l_japanese.yml', 'localization/japanese/replace/concepts_l_japanese.yml'
[02:29:02][pdx_localize.cpp:231]: Key 'concept_state_possessive' defined in multiple files: 'localization/japanese/concepts_l_japanese.yml', 'localization/japanese/replace/concepts_l_japanese.yml'
[02:29:02][pdx_localize.cpp:231]: Key 'concept_state_desc' defined in multiple files: 'localization/japanese/concepts_l_japanese.yml', 'localization/japanese/replace/concepts_l_japanese.yml'
[02:29:02][pdx_localize.cpp:231]: Key 'concept_home_state' defined in multiple files: 'localization/japanese/concepts_l_japanese.yml', 'localization/japanese/replace/concepts_l_japanese.yml'
[02:29:02][pdx_localize.cpp:231]: Key 'concept_home_state_desc' defined in multiple files: 'localization/japanese/concepts_l_japanese.yml', 'localization/japanese/replace/concepts_l_japanese.yml'
[02:29:02][pdx_localize.cpp:231]: Key 'concept_pop' defined in multiple files: 'localization/japanese/concepts_l_japanese.yml', 'localization/japanese/replace/concepts_l_japanese.yml'
[02:29:02][pdx_localize.cpp:231]: Key 'concept_pops' defined in multiple files: 'localization/japanese/concepts_l_japanese.yml', 'localization/japanese/replace/concepts_l_japanese.yml'
[02:29:02][pdx_localize.cpp:231]: Key 'concept_pop_possessive' defined in multiple files: 'localization/japanese/concepts_l_japanese.yml', 'localization/japanese/replace/concepts_l_japanese.yml'
[02:29:02][pdx_localize.cpp:231]: Key 'concept_pops_possessive' defined in multiple files: 'localization/japanese/concepts_l_japanese.yml', 'localization/japanese/replace/concepts_l_japanese.yml'
[02:29:02][pdx_localize.cpp:231]: Key 'concept_population' defined in multiple files: 'localization/japanese/concepts_l_japanese.yml', 'localization/japanese/replace/concepts_l_japanese.yml'
[02:29:02][pdx_localize.cpp:231]: Key 'concept_pop_desc' defined in multiple files: 'localization/japanese/concepts_l_japanese.yml', 'localization/japanese/replace/concepts_l_japanese.yml'
[02:29:02][pdx_localize.cpp:231]: Key 'concept_profession' defined in multiple files: 'localization/japanese/concepts_l_japanese.yml', 'localization/japanese/replace/concepts_l_japanese.yml'
[02:29:02][pdx_localize.cpp:231]: Key 'concept_profession_jobs' defined in multiple files: 'localization/japanese/concepts_l_japanese.yml', 'localization/japanese/replace/concepts_l_japanese.yml'
[02:29:02][pdx_localize.cpp:231]: Key 'concept_professions' defined in multiple files: 'localization/japanese/concepts_l_japanese.yml', 'localization/japanese/replace/concepts_l_japanese.yml'
[02:29:02][pdx_localize.cpp:231]: Key 'concept_profession_desc' defined in multiple files: 'localization/japanese/concepts_l_japanese.yml', 'localization/japanese/replace/concepts_l_japanese.yml'
[02:29:02][pdx_localize.cpp:231]: Key 'concept_production_method' defined in multiple files: 'localization/japanese/concepts_l_japanese.yml', 'localization/japanese/replace/concepts_l_japanese.yml'
[02:29:02][pdx_localize.cpp:231]: Key 'concept_production_methods' defined in multiple files: 'localization/japanese/concepts_l_japanese.yml', 'localization/japanese/replace/concepts_l_japanese.yml'
[02:29:02][pdx_localize.cpp:231]: Key 'concept_production_method_desc' defined in multiple files: 'localization/japanese/concepts_l_japanese.yml', 'localization/japanese/replace/concepts_l_japanese.yml'
[02:29:02][pdx_localize.cpp:231]: Key 'concept_nation_formation' defined in multiple files: 'localization/japanese/concepts_l_japanese.yml', 'localization/japanese/replace/concepts_l_japanese.yml'
[02:29:02][pdx_localize.cpp:231]: Key 'concept_nation_formations' defined in multiple files: 'localization/japanese/concepts_l_japanese.yml', 'localization/japanese/replace/concepts_l_japanese.yml'
[02:29:02][pdx_localize.cpp:231]: Key 'concept_nation_formation_short_past' defined in multiple files: 'localization/japanese/concepts_l_japanese.yml', 'localization/japanese/replace/concepts_l_japanese.yml'
[02:29:02][pdx_localize.cpp:231]: Key 'concept_nation_formation_short_present' defined in multiple files: 'localization/japanese/concepts_l_japanese.yml', 'localization/japanese/replace/concepts_l_japanese.yml'
[02:29:02][pdx_localize.cpp:231]: Key 'concept_nation_formation_desc' defined in multiple files: 'localization/japanese/concepts_l_japanese.yml', 'localization/japanese/replace/concepts_l_japanese.yml'
[02:29:02][pdx_localize.cpp:231]: Key 'concept_culture' defined in multiple files: 'localization/japanese/concepts_l_japanese.yml', 'localization/japanese/replace/concepts_l_japanese.yml'
[02:29:02][pdx_localize.cpp:231]: Key 'concept_cultures' defined in multiple files: 'localization/japanese/concepts_l_japanese.yml', 'localization/japanese/replace/concepts_l_japanese.yml'
[02:29:02][pdx_localize.cpp:231]: Key 'concept_culture_possessive' defined in multiple files: 'localization/japanese/concepts_l_japanese.yml', 'localization/japanese/replace/concepts_l_japanese.yml'
[02:29:02][pdx_localize.cpp:231]: Key 'concept_cultural' defined in multiple files: 'localization/japanese/concepts_l_japanese.yml', 'localization/japanese/replace/concepts_l_japanese.yml'
[02:29:02][pdx_localize.cpp:231]: Key 'concept_culture_desc' defined in multiple files: 'localization/japanese/concepts_l_japanese.yml', 'localization/japanese/replace/concepts_l_japanese.yml'
[02:29:02][pdx_localize.cpp:231]: Key 'concept_accepted_culture' defined in multiple files: 'localization/japanese/concepts_l_japanese.yml', 'localization/japanese/replace/concepts_l_japanese.yml'
[02:29:02][pdx_localize.cpp:231]: Key 'concept_accepted_cultures' defined in multiple files: 'localization/japanese/concepts_l_japanese.yml', 'localization/japanese/replace/concepts_l_japanese.yml'
[02:29:02][pdx_localize.cpp:231]: Key 'concept_accepted_culture_short' defined in multiple files: 'localization/japanese/concepts_l_japanese.yml', 'localization/japanese/replace/concepts_l_japanese.yml'
[02:29:02][pdx_localize.cpp:231]: Key 'concept_accepted_culture_desc' defined in multiple files: 'localization/japanese/concepts_l_japanese.yml', 'localization/japanese/replace/concepts_l_japanese.yml'
[02:29:02][pdx_localize.cpp:231]: Key 'concept_accepted_culture_desc_added' defined in multiple files: 'localization/japanese/concepts_l_japanese.yml', 'localization/japanese/replace/concepts_l_japanese.yml'
[02:29:02][pdx_localize.cpp:231]: Key 'concept_primary_cultures' defined in multiple files: 'localization/japanese/concepts_l_japanese.yml', 'localization/japanese/replace/concepts_l_japanese.yml'
[02:29:02][pdx_localize.cpp:231]: Key 'concept_primary_culture' defined in multiple files: 'localization/japanese/concepts_l_japanese.yml', 'localization/japanese/replace/concepts_l_japanese.yml'
[02:29:02][pdx_localize.cpp:231]: Key 'concept_primary_cultures_desc' defined in multiple files: 'localization/japanese/concepts_l_japanese.yml', 'localization/japanese/replace/concepts_l_japanese.yml'
[02:29:02][pdx_localize.cpp:231]: Key 'concept_primary_cultures_ingame_added' defined in multiple files: 'localization/japanese/concepts_l_japanese.yml', 'localization/japanese/replace/concepts_l_japanese.yml'
[02:29:02][pdx_localize.cpp:231]: Key 'concept_discrimination_trait' defined in multiple files: 'localization/japanese/concepts_l_japanese.yml', 'localization/japanese/replace/concepts_l_japanese.yml'
[02:29:02][pdx_localize.cpp:231]: Key 'concept_discrimination_traits' defined in multiple files: 'localization/japanese/concepts_l_japanese.yml', 'localization/japanese/replace/concepts_l_japanese.yml'
[02:29:02][pdx_localize.cpp:231]: Key 'concept_discrimination_trait_short' defined in multiple files: 'localization/japanese/concepts_l_japanese.yml', 'localization/japanese/replace/concepts_l_japanese.yml'
[02:29:02][pdx_localize.cpp:231]: Key 'concept_discrimination_traits_short' defined in multiple files: 'localization/japanese/concepts_l_japanese.yml', 'localization/japanese/replace/concepts_l_japanese.yml'
[02:29:02][pdx_localize.cpp:231]: Key 'concept_cultural_trait' defined in multiple files: 'localization/japanese/concepts_l_japanese.yml', 'localization/japanese/replace/concepts_l_japanese.yml'
[02:29:02][pdx_localize.cpp:231]: Key 'concept_cultural_traits' defined in multiple files: 'localization/japanese/concepts_l_japanese.yml', 'localization/japanese/replace/concepts_l_japanese.yml'
[02:29:02][pdx_localize.cpp:231]: Key 'concept_religious_trait' defined in multiple files: 'localization/japanese/concepts_l_japanese.yml', 'localization/japanese/replace/concepts_l_japanese.yml'
[02:29:02][pdx_localize.cpp:231]: Key 'concept_religious_traits' defined in multiple files: 'localization/japanese/concepts_l_japanese.yml', 'localization/japanese/replace/concepts_l_japanese.yml'
[02:29:02][pdx_localize.cpp:231]: Key 'concept_discrimination_trait_desc' defined in multiple files: 'localization/japanese/concepts_l_japanese.yml', 'localization/japanese/replace/concepts_l_japanese.yml'
[02:29:02][pdx_localize.cpp:231]: Key 'concept_discrimination_trait_group' defined in multiple files: 'localization/japanese/concepts_l_japanese.yml', 'localization/japanese/replace/concepts_l_japanese.yml'
[02:29:02][pdx_localize.cpp:231]: Key 'concept_discrimination_trait_groups' defined in multiple files: 'localization/japanese/concepts_l_japanese.yml', 'localization/japanese/replace/concepts_l_japanese.yml'
[02:29:02][pdx_localize.cpp:231]: Key 'concept_discrimination_trait_group_short' defined in multiple files: 'localization/japanese/concepts_l_japanese.yml', 'localization/japanese/replace/concepts_l_japanese.yml'
[02:29:02][pdx_localize.cpp:231]: Key 'concept_discrimination_trait_groups_short' defined in multiple files: 'localization/japanese/concepts_l_japanese.yml', 'localization/japanese/replace/concepts_l_japanese.yml'
[02:29:02][pdx_localize.cpp:231]: Key 'concept_discrimination_trait_group_short_short' defined in multiple files: 'localization/japanese/concepts_l_japanese.yml', 'localization/japanese/replace/concepts_l_japanese.yml'
[02:29:02][pdx_localize.cpp:231]: Key 'concept_discrimination_trait_groups_short_short' defined in multiple files: 'localization/japanese/concepts_l_japanese.yml', 'localization/japanese/replace/concepts_l_japanese.yml'
[02:29:02][pdx_localize.cpp:231]: Key 'concept_discrimination_trait_group_desc' defined in multiple files: 'localization/japanese/concepts_l_japanese.yml', 'localization/japanese/replace/concepts_l_japanese.yml'
[02:29:02][pdx_localize.cpp:231]: Key 'concept_heritage_trait' defined in multiple files: 'localization/japanese/concepts_l_japanese.yml', 'localization/japanese/replace/concepts_l_japanese.yml'
[02:29:02][pdx_localize.cpp:231]: Key 'concept_heritage_traits' defined in multiple files: 'localization/japanese/concepts_l_japanese.yml', 'localization/japanese/replace/concepts_l_japanese.yml'
[02:29:02][pdx_localize.cpp:231]: Key 'concept_heritage_trait_short' defined in multiple files: 'localization/japanese/concepts_l_japanese.yml', 'localization/japanese/replace/concepts_l_japanese.yml'
[02:29:02][pdx_localize.cpp:231]: Key 'concept_heritage_traits_short' defined in multiple files: 'localization/japanese/concepts_l_japanese.yml', 'localization/japanese/replace/concepts_l_japanese.yml'
[02:29:02][pdx_localize.cpp:231]: Key 'concept_heritage_trait_group' defined in multiple files: 'localization/japanese/concepts_l_japanese.yml', 'localization/japanese/replace/concepts_l_japanese.yml'
[02:29:02][pdx_localize.cpp:231]: Key 'concept_heritage_trait_groups' defined in multiple files: 'localization/japanese/concepts_l_japanese.yml', 'localization/japanese/replace/concepts_l_japanese.yml'
[02:29:02][pdx_localize.cpp:231]: Key 'concept_heritage_trait_group_short' defined in multiple files: 'localization/japanese/concepts_l_japanese.yml', 'localization/japanese/replace/concepts_l_japanese.yml'
[02:29:02][pdx_localize.cpp:231]: Key 'concept_heritage_trait_groups_short' defined in multiple files: 'localization/japanese/concepts_l_japanese.yml', 'localization/japanese/replace/concepts_l_japanese.yml'
[02:29:02][pdx_localize.cpp:231]: Key 'concept_heritage_trait_desc' defined in multiple files: 'localization/japanese/concepts_l_japanese.yml', 'localization/japanese/replace/concepts_l_japanese.yml'
[02:29:02][pdx_localize.cpp:231]: Key 'concept_language_trait' defined in multiple files: 'localization/japanese/concepts_l_japanese.yml', 'localization/japanese/replace/concepts_l_japanese.yml'
[02:29:02][pdx_localize.cpp:231]: Key 'concept_language_traits' defined in multiple files: 'localization/japanese/concepts_l_japanese.yml', 'localization/japanese/replace/concepts_l_japanese.yml'
[02:29:02][pdx_localize.cpp:231]: Key 'concept_language_trait_short' defined in multiple files: 'localization/japanese/concepts_l_japanese.yml', 'localization/japanese/replace/concepts_l_japanese.yml'
[02:29:02][pdx_localize.cpp:231]: Key 'concept_language_traits_short' defined in multiple files: 'localization/japanese/concepts_l_japanese.yml', 'localization/japanese/replace/concepts_l_japanese.yml'
[02:29:02][pdx_localize.cpp:231]: Key 'concept_language_trait_group' defined in multiple files: 'localization/japanese/concepts_l_japanese.yml', 'localization/japanese/replace/concepts_l_japanese.yml'
[02:29:02][pdx_localize.cpp:231]: Key 'concept_language_trait_groups' defined in multiple files: 'localization/japanese/concepts_l_japanese.yml', 'localization/japanese/replace/concepts_l_japanese.yml'
[02:29:02][pdx_localize.cpp:231]: Key 'concept_language_trait_group_short' defined in multiple files: 'localization/japanese/concepts_l_japanese.yml', 'localization/japanese/replace/concepts_l_japanese.yml'
[02:29:02][pdx_localize.cpp:231]: Key 'concept_language_trait_groups_short' defined in multiple files: 'localization/japanese/concepts_l_japanese.yml', 'localization/japanese/replace/concepts_l_japanese.yml'
[02:29:02][pdx_localize.cpp:231]: Key 'concept_language_trait_desc' defined in multiple files: 'localization/japanese/concepts_l_japanese.yml', 'localization/japanese/replace/concepts_l_japanese.yml'
[02:29:02][pdx_localize.cpp:231]: Key 'concept_tradition_trait' defined in multiple files: 'localization/japanese/concepts_l_japanese.yml', 'localization/japanese/replace/concepts_l_japanese.yml'
[02:29:02][pdx_localize.cpp:231]: Key 'concept_tradition_traits' defined in multiple files: 'localization/japanese/concepts_l_japanese.yml', 'localization/japanese/replace/concepts_l_japanese.yml'
[02:29:02][pdx_localize.cpp:231]: Key 'concept_tradition_trait_short' defined in multiple files: 'localization/japanese/concepts_l_japanese.yml', 'localization/japanese/replace/concepts_l_japanese.yml'
[02:29:02][pdx_localize.cpp:231]: Key 'concept_tradition_traits_short' defined in multiple files: 'localization/japanese/concepts_l_japanese.yml', 'localization/japanese/replace/concepts_l_japanese.yml'
[02:29:02][pdx_localize.cpp:231]: Key 'concept_tradition_trait_desc' defined in multiple files: 'localization/japanese/concepts_l_japanese.yml', 'localization/japanese/replace/concepts_l_japanese.yml'
[02:29:02][pdx_localize.cpp:231]: Key 'concept_religion' defined in multiple files: 'localization/japanese/concepts_l_japanese.yml', 'localization/japanese/replace/concepts_l_japanese.yml'
[02:29:02][pdx_localize.cpp:231]: Key 'concept_religions' defined in multiple files: 'localization/japanese/concepts_l_japanese.yml', 'localization/japanese/replace/concepts_l_japanese.yml'
[02:29:02][pdx_localize.cpp:231]: Key 'concept_religious' defined in multiple files: 'localization/japanese/concepts_l_japanese.yml', 'localization/japanese/replace/concepts_l_japanese.yml'
[02:29:02][pdx_localize.cpp:231]: Key 'concept_religion_desc' defined in multiple files: 'localization/japanese/concepts_l_japanese.yml', 'localization/japanese/replace/concepts_l_japanese.yml'
[02:29:02][pdx_localize.cpp:231]: Key 'concept_accepted_religion' defined in multiple files: 'localization/japanese/concepts_l_japanese.yml', 'localization/japanese/replace/concepts_l_japanese.yml'
[02:29:02][pdx_localize.cpp:231]: Key 'concept_accepted_religions' defined in multiple files: 'localization/japanese/concepts_l_japanese.yml', 'localization/japanese/replace/concepts_l_japanese.yml'
[02:29:02][pdx_localize.cpp:231]: Key 'concept_accepted_religion_short' defined in multiple files: 'localization/japanese/concepts_l_japanese.yml', 'localization/japanese/replace/concepts_l_japanese.yml'
[02:29:02][pdx_localize.cpp:231]: Key 'concept_accepted_religion_desc' defined in multiple files: 'localization/japanese/concepts_l_japanese.yml', 'localization/japanese/replace/concepts_l_japanese.yml'
[02:29:02][pdx_localize.cpp:231]: Key 'concept_accepted_religion_desc_added' defined in multiple files: 'localization/japanese/concepts_l_japanese.yml', 'localization/japanese/replace/concepts_l_japanese.yml'
[02:29:02][pdx_localize.cpp:231]: Key 'concept_state_religion' defined in multiple files: 'localization/japanese/concepts_l_japanese.yml', 'localization/japanese/replace/concepts_l_japanese.yml'
[02:29:02][pdx_localize.cpp:231]: Key 'concept_state_religions' defined in multiple files: 'localization/japanese/concepts_l_japanese.yml', 'localization/japanese/replace/concepts_l_japanese.yml'
[02:29:02][pdx_localize.cpp:231]: Key 'concept_state_religion_desc' defined in multiple files: 'localization/japanese/concepts_l_japanese.yml', 'localization/japanese/replace/concepts_l_japanese.yml'
[02:29:02][pdx_localize.cpp:231]: Key 'concept_state_religion_ingame_added' defined in multiple files: 'localization/japanese/concepts_l_japanese.yml', 'localization/japanese/replace/concepts_l_japanese.yml'
[02:29:02][pdx_localize.cpp:231]: Key 'concept_investment_pool' defined in multiple files: 'localization/japanese/concepts_l_japanese.yml', 'localization/japanese/replace/concepts_l_japanese.yml'
[02:29:02][pdx_localize.cpp:231]: Key 'concept_investment_pool_desc' defined in multiple files: 'localization/japanese/concepts_l_japanese.yml', 'localization/japanese/replace/concepts_l_japanese.yml'
[02:29:02][pdx_localize.cpp:231]: Key 'concept_reinvestment' defined in multiple files: 'localization/japanese/concepts_l_japanese.yml', 'localization/japanese/replace/concepts_l_japanese.yml'
[02:29:02][pdx_localize.cpp:231]: Key 'concept_reinvestment_desc' defined in multiple files: 'localization/japanese/concepts_l_japanese.yml', 'localization/japanese/replace/concepts_l_japanese.yml'
[02:29:02][pdx_localize.cpp:231]: Key 'concept_pop_income' defined in multiple files: 'localization/japanese/concepts_l_japanese.yml', 'localization/japanese/replace/concepts_l_japanese.yml'
[02:29:02][pdx_localize.cpp:231]: Key 'concept_pop_income_short' defined in multiple files: 'localization/japanese/concepts_l_japanese.yml', 'localization/japanese/replace/concepts_l_japanese.yml'
[02:29:02][pdx_localize.cpp:231]: Key 'concept_pop_income_expenses' defined in multiple files: 'localization/japanese/concepts_l_japanese.yml', 'localization/japanese/replace/concepts_l_japanese.yml'
[02:29:02][pdx_localize.cpp:231]: Key 'concept_pop_income_expenses_short' defined in multiple files: 'localization/japanese/concepts_l_japanese.yml', 'localization/japanese/replace/concepts_l_japanese.yml'
[02:29:02][pdx_localize.cpp:231]: Key 'concept_pop_income_desc' defined in multiple files: 'localization/japanese/concepts_l_japanese.yml', 'localization/japanese/replace/concepts_l_japanese.yml'
[02:29:02][pdx_localize.cpp:231]: Key 'concept_dependent_income' defined in multiple files: 'localization/japanese/concepts_l_japanese.yml', 'localization/japanese/replace/concepts_l_japanese.yml'
[02:29:02][pdx_localize.cpp:231]: Key 'concept_dependent_income_desc' defined in multiple files: 'localization/japanese/concepts_l_japanese.yml', 'localization/japanese/replace/concepts_l_japanese.yml'
[02:29:02][pdx_localize.cpp:231]: Key 'concept_dependent_income_desc_added' defined in multiple files: 'localization/japanese/concepts_l_japanese.yml', 'localization/japanese/replace/concepts_l_japanese.yml'
[02:29:02][pdx_localize.cpp:231]: Key 'concept_wealth' defined in multiple files: 'localization/japanese/concepts_l_japanese.yml', 'localization/japanese/replace/concepts_l_japanese.yml'
[02:29:02][pdx_localize.cpp:231]: Key 'concept_wealthy' defined in multiple files: 'localization/japanese/concepts_l_japanese.yml', 'localization/japanese/replace/concepts_l_japanese.yml'
[02:29:02][pdx_localize.cpp:231]: Key 'concept_wealth_desc' defined in multiple files: 'localization/japanese/concepts_l_japanese.yml', 'localization/japanese/replace/concepts_l_japanese.yml'
[02:29:02][pdx_localize.cpp:231]: Key 'concept_innovation' defined in multiple files: 'localization/japanese/concepts_l_japanese.yml', 'localization/japanese/replace/concepts_l_japanese.yml'
[02:29:02][pdx_localize.cpp:231]: Key 'concept_innovation_desc' defined in multiple files: 'localization/japanese/concepts_l_japanese.yml', 'localization/japanese/replace/concepts_l_japanese.yml'
[02:29:02][pdx_localize.cpp:231]: Key 'concept_innovation_desc_added' defined in multiple files: 'localization/japanese/concepts_l_japanese.yml', 'localization/japanese/replace/concepts_l_japanese.yml'
[02:29:02][pdx_localize.cpp:231]: Key 'concept_technology_spread' defined in multiple files: 'localization/japanese/concepts_l_japanese.yml', 'localization/japanese/replace/concepts_l_japanese.yml'
[02:29:02][pdx_localize.cpp:231]: Key 'concept_technology_spread_desc' defined in multiple files: 'localization/japanese/concepts_l_japanese.yml', 'localization/japanese/replace/concepts_l_japanese.yml'
[02:29:02][pdx_localize.cpp:231]: Key 'concept_technology_era' defined in multiple files: 'localization/japanese/concepts_l_japanese.yml', 'localization/japanese/replace/concepts_l_japanese.yml'
[02:29:02][pdx_localize.cpp:231]: Key 'concept_technology_era_short' defined in multiple files: 'localization/japanese/concepts_l_japanese.yml', 'localization/japanese/replace/concepts_l_japanese.yml'
[02:29:02][pdx_localize.cpp:231]: Key 'concept_technology_eras_short' defined in multiple files: 'localization/japanese/concepts_l_japanese.yml', 'localization/japanese/replace/concepts_l_japanese.yml'
[02:29:02][pdx_localize.cpp:231]: Key 'concept_technology_era_ahead_of_time_penalty_desc' defined in multiple files: 'localization/japanese/concepts_l_japanese.yml', 'localization/japanese/replace/concepts_l_japanese.yml'
[02:29:02][pdx_localize.cpp:231]: Key 'concept_technology_era_desc' defined in multiple files: 'localization/japanese/concepts_l_japanese.yml', 'localization/japanese/replace/concepts_l_japanese.yml'
[02:29:02][pdx_localize.cpp:231]: Key 'concept_technology' defined in multiple files: 'localization/japanese/concepts_l_japanese.yml', 'localization/japanese/replace/concepts_l_japanese.yml'
[02:29:02][pdx_localize.cpp:231]: Key 'concept_technologies' defined in multiple files: 'localization/japanese/concepts_l_japanese.yml', 'localization/japanese/replace/concepts_l_japanese.yml'
[02:29:02][pdx_localize.cpp:231]: Key 'concept_technology_desc' defined in multiple files: 'localization/japanese/concepts_l_japanese.yml', 'localization/japanese/replace/concepts_l_japanese.yml'
[02:29:02][pdx_localize.cpp:231]: Key 'concept_technology_desc_added' defined in multiple files: 'localization/japanese/concepts_l_japanese.yml', 'localization/japanese/replace/concepts_l_japanese.yml'
[02:29:02][pdx_localize.cpp:231]: Key 'concept_canal' defined in multiple files: 'localization/japanese/concepts_l_japanese.yml', 'localization/japanese/replace/concepts_l_japanese.yml'
[02:29:02][pdx_localize.cpp:231]: Key 'concept_canals' defined in multiple files: 'localization/japanese/concepts_l_japanese.yml', 'localization/japanese/replace/concepts_l_japanese.yml'
[02:29:02][pdx_localize.cpp:231]: Key 'concept_canal_desc' defined in multiple files: 'localization/japanese/concepts_l_japanese.yml', 'localization/japanese/replace/concepts_l_japanese.yml'
[02:29:02][pdx_localize.cpp:231]: Key 'concept_monument' defined in multiple files: 'localization/japanese/concepts_l_japanese.yml', 'localization/japanese/replace/concepts_l_japanese.yml'
[02:29:02][pdx_localize.cpp:231]: Key 'concept_monuments' defined in multiple files: 'localization/japanese/concepts_l_japanese.yml', 'localization/japanese/replace/concepts_l_japanese.yml'
[02:29:02][pdx_localize.cpp:231]: Key 'concept_monument_desc' defined in multiple files: 'localization/japanese/concepts_l_japanese.yml', 'localization/japanese/replace/concepts_l_japanese.yml'
[02:29:02][pdx_localize.cpp:231]: Key 'concept_productivity' defined in multiple files: 'localization/japanese/concepts_l_japanese.yml', 'localization/japanese/replace/concepts_l_japanese.yml'
[02:29:02][pdx_localize.cpp:231]: Key 'concept_productivity_long' defined in multiple files: 'localization/japanese/concepts_l_japanese.yml', 'localization/japanese/replace/concepts_l_japanese.yml'
[02:29:02][pdx_localize.cpp:231]: Key 'concept_productive' defined in multiple files: 'localization/japanese/concepts_l_japanese.yml', 'localization/japanese/replace/concepts_l_japanese.yml'
[02:29:02][pdx_localize.cpp:231]: Key 'concept_unproductive' defined in multiple files: 'localization/japanese/concepts_l_japanese.yml', 'localization/japanese/replace/concepts_l_japanese.yml'
[02:29:02][pdx_localize.cpp:231]: Key 'concept_productivity_desc' defined in multiple files: 'localization/japanese/concepts_l_japanese.yml', 'localization/japanese/replace/concepts_l_japanese.yml'
[02:29:02][pdx_localize.cpp:231]: Key 'concept_law_group' defined in multiple files: 'localization/japanese/concepts_l_japanese.yml', 'localization/japanese/replace/concepts_l_japanese.yml'
[02:29:02][pdx_localize.cpp:231]: Key 'concept_law_groups' defined in multiple files: 'localization/japanese/concepts_l_japanese.yml', 'localization/japanese/replace/concepts_l_japanese.yml'
[02:29:02][pdx_localize.cpp:231]: Key 'concept_law_group_desc' defined in multiple files: 'localization/japanese/concepts_l_japanese.yml', 'localization/japanese/replace/concepts_l_japanese.yml'
[02:29:02][pdx_localize.cpp:231]: Key 'concept_government_reform' defined in multiple files: 'localization/japanese/concepts_l_japanese.yml', 'localization/japanese/replace/concepts_l_japanese.yml'
[02:29:02][pdx_localize.cpp:231]: Key 'concept_government_reform_short' defined in multiple files: 'localization/japanese/concepts_l_japanese.yml', 'localization/japanese/replace/concepts_l_japanese.yml'
[02:29:02][pdx_localize.cpp:231]: Key 'concept_government_reform_desc' defined in multiple files: 'localization/japanese/concepts_l_japanese.yml', 'localization/japanese/replace/concepts_l_japanese.yml'
[02:29:02][pdx_localize.cpp:231]: Key 'concept_election' defined in multiple files: 'localization/japanese/concepts_l_japanese.yml', 'localization/japanese/replace/concepts_l_japanese.yml'
[02:29:02][pdx_localize.cpp:231]: Key 'concept_elections' defined in multiple files: 'localization/japanese/concepts_l_japanese.yml', 'localization/japanese/replace/concepts_l_japanese.yml'
[02:29:02][pdx_localize.cpp:231]: Key 'concept_election_possessive' defined in multiple files: 'localization/japanese/concepts_l_japanese.yml', 'localization/japanese/replace/concepts_l_japanese.yml'
[02:29:02][pdx_localize.cpp:231]: Key 'concept_election_voting_franchise' defined in multiple files: 'localization/japanese/concepts_l_japanese.yml', 'localization/japanese/replace/concepts_l_japanese.yml'
[02:29:02][pdx_localize.cpp:231]: Key 'concept_elect' defined in multiple files: 'localization/japanese/concepts_l_japanese.yml', 'localization/japanese/replace/concepts_l_japanese.yml'
[02:29:02][pdx_localize.cpp:231]: Key 'concept_elected' defined in multiple files: 'localization/japanese/concepts_l_japanese.yml', 'localization/japanese/replace/concepts_l_japanese.yml'
[02:29:02][pdx_localize.cpp:231]: Key 'concept_election_desc' defined in multiple files: 'localization/japanese/concepts_l_japanese.yml', 'localization/japanese/replace/concepts_l_japanese.yml'
[02:29:02][pdx_localize.cpp:231]: Key 'concept_budget_minting' defined in multiple files: 'localization/japanese/concepts_l_japanese.yml', 'localization/japanese/replace/concepts_l_japanese.yml'
[02:29:02][pdx_localize.cpp:231]: Key 'concept_budget_minted' defined in multiple files: 'localization/japanese/concepts_l_japanese.yml', 'localization/japanese/replace/concepts_l_japanese.yml'
[02:29:02][pdx_localize.cpp:231]: Key 'concept_budget_minting_desc' defined in multiple files: 'localization/japanese/concepts_l_japanese.yml', 'localization/japanese/replace/concepts_l_japanese.yml'
[02:29:02][pdx_localize.cpp:231]: Key 'concept_budget_poll_taxes' defined in multiple files: 'localization/japanese/concepts_l_japanese.yml', 'localization/japanese/replace/concepts_l_japanese.yml'
[02:29:02][pdx_localize.cpp:231]: Key 'concept_budget_poll_tax' defined in multiple files: 'localization/japanese/concepts_l_japanese.yml', 'localization/japanese/replace/concepts_l_japanese.yml'
[02:29:02][pdx_localize.cpp:231]: Key 'concept_budget_poll_taxes_desc' defined in multiple files: 'localization/japanese/concepts_l_japanese.yml', 'localization/japanese/replace/concepts_l_japanese.yml'
[02:29:02][pdx_localize.cpp:231]: Key 'concept_budget_land_taxes' defined in multiple files: 'localization/japanese/concepts_l_japanese.yml', 'localization/japanese/replace/concepts_l_japanese.yml'
[02:29:02][pdx_localize.cpp:231]: Key 'concept_budget_land_taxes_desc' defined in multiple files: 'localization/japanese/concepts_l_japanese.yml', 'localization/japanese/replace/concepts_l_japanese.yml'
[02:29:02][pdx_localize.cpp:231]: Key 'concept_budget_land_taxes_desc_added' defined in multiple files: 'localization/japanese/concepts_l_japanese.yml', 'localization/japanese/replace/concepts_l_japanese.yml'
[02:29:02][pdx_localize.cpp:231]: Key 'concept_budget_land_taxes_desc_farmers' defined in multiple files: 'localization/japanese/concepts_l_japanese.yml', 'localization/japanese/replace/concepts_l_japanese.yml'
[02:29:02][pdx_localize.cpp:231]: Key 'concept_budget_heathen_taxes' defined in multiple files: 'localization/japanese/concepts_l_japanese.yml', 'localization/japanese/replace/concepts_l_japanese.yml'
[02:29:02][pdx_localize.cpp:231]: Key 'concept_budget_heathen_taxes_desc' defined in multiple files: 'localization/japanese/concepts_l_japanese.yml', 'localization/japanese/replace/concepts_l_japanese.yml'
[02:29:02][pdx_localize.cpp:231]: Key 'concept_budget_per_capita_taxes' defined in multiple files: 'localization/japanese/concepts_l_japanese.yml', 'localization/japanese/replace/concepts_l_japanese.yml'
[02:29:02][pdx_localize.cpp:231]: Key 'concept_budget_per_capita_taxes_desc' defined in multiple files: 'localization/japanese/concepts_l_japanese.yml', 'localization/japanese/replace/concepts_l_japanese.yml'
[02:29:02][pdx_localize.cpp:231]: Key 'concept_budget_per_capita_taxes_desc_added' defined in multiple files: 'localization/japanese/concepts_l_japanese.yml', 'localization/japanese/replace/concepts_l_japanese.yml'
[02:29:02][pdx_localize.cpp:231]: Key 'concept_budget_income_taxes' defined in multiple files: 'localization/japanese/concepts_l_japanese.yml', 'localization/japanese/replace/concepts_l_japanese.yml'
[02:29:02][pdx_localize.cpp:231]: Key 'concept_budget_income_taxes_desc' defined in multiple files: 'localization/japanese/concepts_l_japanese.yml', 'localization/japanese/replace/concepts_l_japanese.yml'
[02:29:02][pdx_localize.cpp:231]: Key 'concept_budget_investment_income' defined in multiple files: 'localization/japanese/concepts_l_japanese.yml', 'localization/japanese/replace/concepts_l_japanese.yml'
[02:29:02][pdx_localize.cpp:231]: Key 'concept_budget_investment_income_desc' defined in multiple files: 'localization/japanese/concepts_l_japanese.yml', 'localization/japanese/replace/concepts_l_japanese.yml'
[02:29:02][pdx_localize.cpp:231]: Key 'concept_budget_consumption_taxes' defined in multiple files: 'localization/japanese/concepts_l_japanese.yml', 'localization/japanese/replace/concepts_l_japanese.yml'
[02:29:02][pdx_localize.cpp:231]: Key 'concept_budget_consumption_tax' defined in multiple files: 'localization/japanese/concepts_l_japanese.yml', 'localization/japanese/replace/concepts_l_japanese.yml'
[02:29:02][pdx_localize.cpp:231]: Key 'concept_budget_consumption_tax_rate' defined in multiple files: 'localization/japanese/concepts_l_japanese.yml', 'localization/japanese/replace/concepts_l_japanese.yml'
[02:29:02][pdx_localize.cpp:231]: Key 'concept_budget_consumption_taxes_desc' defined in multiple files: 'localization/japanese/concepts_l_japanese.yml', 'localization/japanese/replace/concepts_l_japanese.yml'
[02:29:02][pdx_localize.cpp:231]: Key 'concept_budget_dividends_taxes' defined in multiple files: 'localization/japanese/concepts_l_japanese.yml', 'localization/japanese/replace/concepts_l_japanese.yml'
[02:29:02][pdx_localize.cpp:231]: Key 'concept_budget_dividends_taxes_desc' defined in multiple files: 'localization/japanese/concepts_l_japanese.yml', 'localization/japanese/replace/concepts_l_japanese.yml'
[02:29:02][pdx_localize.cpp:231]: Key 'concept_taxes' defined in multiple files: 'localization/japanese/concepts_l_japanese.yml', 'localization/japanese/replace/concepts_l_japanese.yml'
[02:29:02][pdx_localize.cpp:231]: Key 'concept_tax' defined in multiple files: 'localization/japanese/concepts_l_japanese.yml', 'localization/japanese/replace/concepts_l_japanese.yml'
[02:29:02][pdx_localize.cpp:231]: Key 'concept_taxing' defined in multiple files: 'localization/japanese/concepts_l_japanese.yml', 'localization/japanese/replace/concepts_l_japanese.yml'
[02:29:02][pdx_localize.cpp:231]: Key 'concept_taxation' defined in multiple files: 'localization/japanese/concepts_l_japanese.yml', 'localization/japanese/replace/concepts_l_japanese.yml'
[02:29:02][pdx_localize.cpp:231]: Key 'concept_tax_rate' defined in multiple files: 'localization/japanese/concepts_l_japanese.yml', 'localization/japanese/replace/concepts_l_japanese.yml'
[02:29:02][pdx_localize.cpp:231]: Key 'concept_tax_level' defined in multiple files: 'localization/japanese/concepts_l_japanese.yml', 'localization/japanese/replace/concepts_l_japanese.yml'
[02:29:02][pdx_localize.cpp:231]: Key 'concept_tax_revenue' defined in multiple files: 'localization/japanese/concepts_l_japanese.yml', 'localization/japanese/replace/concepts_l_japanese.yml'
[02:29:02][pdx_localize.cpp:231]: Key 'concept_taxes_desc' defined in multiple files: 'localization/japanese/concepts_l_japanese.yml', 'localization/japanese/replace/concepts_l_japanese.yml'
[02:29:02][pdx_localize.cpp:231]: Key 'concept_unrealized_taxes' defined in multiple files: 'localization/japanese/concepts_l_japanese.yml', 'localization/japanese/replace/concepts_l_japanese.yml'
[02:29:02][pdx_localize.cpp:231]: Key 'concept_unrealized_taxes_desc' defined in multiple files: 'localization/japanese/concepts_l_japanese.yml', 'localization/japanese/replace/concepts_l_japanese.yml'
[02:29:02][pdx_localize.cpp:231]: Key 'concept_budget_additional_income' defined in multiple files: 'localization/japanese/concepts_l_japanese.yml', 'localization/japanese/replace/concepts_l_japanese.yml'
[02:29:02][pdx_localize.cpp:231]: Key 'concept_budget_additional_income_desc' defined in multiple files: 'localization/japanese/concepts_l_japanese.yml', 'localization/japanese/replace/concepts_l_japanese.yml'
[02:29:02][pdx_localize.cpp:231]: Key 'concept_budget_additional_expenses' defined in multiple files: 'localization/japanese/concepts_l_japanese.yml', 'localization/japanese/replace/concepts_l_japanese.yml'
[02:29:02][pdx_localize.cpp:231]: Key 'concept_budget_additional_expenses_desc' defined in multiple files: 'localization/japanese/concepts_l_japanese.yml', 'localization/japanese/replace/concepts_l_japanese.yml'
[02:29:02][pdx_localize.cpp:231]: Key 'concept_budget_diplomatic_pacts' defined in multiple files: 'localization/japanese/concepts_l_japanese.yml', 'localization/japanese/replace/concepts_l_japanese.yml'
[02:29:02][pdx_localize.cpp:231]: Key 'concept_budget_diplomatic_pacts_desc' defined in multiple files: 'localization/japanese/concepts_l_japanese.yml', 'localization/japanese/replace/concepts_l_japanese.yml'
[02:29:02][pdx_localize.cpp:231]: Key 'concept_budget_treaties' defined in multiple files: 'localization/japanese/concepts_l_japanese.yml', 'localization/japanese/replace/concepts_l_japanese.yml'
[02:29:02][pdx_localize.cpp:231]: Key 'concept_budget_treaties_desc' defined in multiple files: 'localization/japanese/concepts_l_japanese.yml', 'localization/japanese/replace/concepts_l_japanese.yml'
[02:29:02][pdx_localize.cpp:231]: Key 'concept_budget_power_bloc' defined in multiple files: 'localization/japanese/concepts_l_japanese.yml', 'localization/japanese/replace/concepts_l_japanese.yml'
[02:29:02][pdx_localize.cpp:231]: Key 'concept_budget_power_bloc_desc' defined in multiple files: 'localization/japanese/concepts_l_japanese.yml', 'localization/japanese/replace/concepts_l_japanese.yml'
[02:29:02][pdx_localize.cpp:231]: Key 'concept_piracy' defined in multiple files: 'localization/japanese/concepts_l_japanese.yml', 'localization/japanese/replace/concepts_l_japanese.yml'
[02:29:02][pdx_localize.cpp:231]: Key 'concept_pirated' defined in multiple files: 'localization/japanese/concepts_l_japanese.yml', 'localization/japanese/replace/concepts_l_japanese.yml'
[02:29:02][pdx_localize.cpp:231]: Key 'concept_piracy_desc' defined in multiple files: 'localization/japanese/concepts_l_japanese.yml', 'localization/japanese/replace/concepts_l_japanese.yml'
[02:29:02][pdx_localize.cpp:231]: Key 'concept_construction' defined in multiple files: 'localization/japanese/concepts_l_japanese.yml', 'localization/japanese/replace/concepts_l_japanese.yml'
[02:29:02][pdx_localize.cpp:231]: Key 'concept_constructions' defined in multiple files: 'localization/japanese/concepts_l_japanese.yml', 'localization/japanese/replace/concepts_l_japanese.yml'
[02:29:02][pdx_localize.cpp:231]: Key 'concept_construct' defined in multiple files: 'localization/japanese/concepts_l_japanese.yml', 'localization/japanese/replace/concepts_l_japanese.yml'
[02:29:02][pdx_localize.cpp:231]: Key 'concept_constructed' defined in multiple files: 'localization/japanese/concepts_l_japanese.yml', 'localization/japanese/replace/concepts_l_japanese.yml'
[02:29:02][pdx_localize.cpp:231]: Key 'concept_construction_desc' defined in multiple files: 'localization/japanese/concepts_l_japanese.yml', 'localization/japanese/replace/concepts_l_japanese.yml'
[02:29:02][pdx_localize.cpp:231]: Key 'concept_construction_desc_added' defined in multiple files: 'localization/japanese/concepts_l_japanese.yml', 'localization/japanese/replace/concepts_l_japanese.yml'
[02:29:02][pdx_localize.cpp:231]: Key 'concept_budget_construction_goods' defined in multiple files: 'localization/japanese/concepts_l_japanese.yml', 'localization/japanese/replace/concepts_l_japanese.yml'
[02:29:02][pdx_localize.cpp:231]: Key 'concept_budget_construction_goods_desc' defined in multiple files: 'localization/japanese/concepts_l_japanese.yml', 'localization/japanese/replace/concepts_l_japanese.yml'
[02:29:02][pdx_localize.cpp:231]: Key 'concept_budget_construction_goods_desc_added' defined in multiple files: 'localization/japanese/concepts_l_japanese.yml', 'localization/japanese/replace/concepts_l_japanese.yml'
[02:29:02][pdx_localize.cpp:231]: Key 'concept_budget_government_wages' defined in multiple files: 'localization/japanese/concepts_l_japanese.yml', 'localization/japanese/replace/concepts_l_japanese.yml'
[02:29:02][pdx_localize.cpp:231]: Key 'concept_budget_government_wages_desc' defined in multiple files: 'localization/japanese/concepts_l_japanese.yml', 'localization/japanese/replace/concepts_l_japanese.yml'
[02:29:02][pdx_localize.cpp:231]: Key 'concept_budget_wages' defined in multiple files: 'localization/japanese/concepts_l_japanese.yml', 'localization/japanese/replace/concepts_l_japanese.yml'
[02:29:02][pdx_localize.cpp:231]: Key 'concept_budget_wage' defined in multiple files: 'localization/japanese/concepts_l_japanese.yml', 'localization/japanese/replace/concepts_l_japanese.yml'
[02:29:02][pdx_localize.cpp:231]: Key 'concept_budget_wages_desc' defined in multiple files: 'localization/japanese/concepts_l_japanese.yml', 'localization/japanese/replace/concepts_l_japanese.yml'
[02:29:02][pdx_localize.cpp:231]: Key 'concept_budget_goods_for_government_buildings' defined in multiple files: 'localization/japanese/concepts_l_japanese.yml', 'localization/japanese/replace/concepts_l_japanese.yml'
[02:29:02][pdx_localize.cpp:231]: Key 'concept_budget_goods_for_government_buildings_desc' defined in multiple files: 'localization/japanese/concepts_l_japanese.yml', 'localization/japanese/replace/concepts_l_japanese.yml'
[02:29:02][pdx_localize.cpp:231]: Key 'concept_budget_government_slaves' defined in multiple files: 'localization/japanese/concepts_l_japanese.yml', 'localization/japanese/replace/concepts_l_japanese.yml'
[02:29:02][pdx_localize.cpp:231]: Key 'concept_budget_government_slaves_desc' defined in multiple files: 'localization/japanese/concepts_l_japanese.yml', 'localization/japanese/replace/concepts_l_japanese.yml'
[02:29:02][pdx_localize.cpp:231]: Key 'concept_budget_military_wages' defined in multiple files: 'localization/japanese/concepts_l_japanese.yml', 'localization/japanese/replace/concepts_l_japanese.yml'
[02:29:02][pdx_localize.cpp:231]: Key 'concept_budget_military_wages_desc' defined in multiple files: 'localization/japanese/concepts_l_japanese.yml', 'localization/japanese/replace/concepts_l_japanese.yml'
[02:29:02][pdx_localize.cpp:231]: Key 'concept_budget_goods_for_military_upkeep' defined in multiple files: 'localization/japanese/concepts_l_japanese.yml', 'localization/japanese/replace/concepts_l_japanese.yml'
[02:29:02][pdx_localize.cpp:231]: Key 'concept_budget_goods_for_military_upkeep_desc' defined in multiple files: 'localization/japanese/concepts_l_japanese.yml', 'localization/japanese/replace/concepts_l_japanese.yml'
[02:29:02][pdx_localize.cpp:231]: Key 'concept_slavery' defined in multiple files: 'localization/japanese/concepts_l_japanese.yml', 'localization/japanese/replace/concepts_l_japanese.yml'
[02:29:02][pdx_localize.cpp:231]: Key 'concept_slaves' defined in multiple files: 'localization/japanese/concepts_l_japanese.yml', 'localization/japanese/replace/concepts_l_japanese.yml'
[02:29:02][pdx_localize.cpp:231]: Key 'concept_enslaved' defined in multiple files: 'localization/japanese/concepts_l_japanese.yml', 'localization/japanese/replace/concepts_l_japanese.yml'
[02:29:02][pdx_localize.cpp:231]: Key 'concept_slavery_desc' defined in multiple files: 'localization/japanese/concepts_l_japanese.yml', 'localization/japanese/replace/concepts_l_japanese.yml'
[02:29:02][pdx_localize.cpp:231]: Key 'concept_slavery_desc_added' defined in multiple files: 'localization/japanese/concepts_l_japanese.yml', 'localization/japanese/replace/concepts_l_japanese.yml'
[02:29:02][pdx_localize.cpp:231]: Key 'concept_budget_military_slaves' defined in multiple files: 'localization/japanese/concepts_l_japanese.yml', 'localization/japanese/replace/concepts_l_japanese.yml'
[02:29:02][pdx_localize.cpp:231]: Key 'concept_budget_military_slaves_desc' defined in multiple files: 'localization/japanese/concepts_l_japanese.yml', 'localization/japanese/replace/concepts_l_japanese.yml'
[02:29:02][pdx_localize.cpp:231]: Key 'concept_good_production' defined in multiple files: 'localization/japanese/concepts_l_japanese.yml', 'localization/japanese/replace/concepts_l_japanese.yml'
[02:29:02][pdx_localize.cpp:231]: Key 'concept_good_produced' defined in multiple files: 'localization/japanese/concepts_l_japanese.yml', 'localization/japanese/replace/concepts_l_japanese.yml'
[02:29:02][pdx_localize.cpp:231]: Key 'concept_good_produce' defined in multiple files: 'localization/japanese/concepts_l_japanese.yml', 'localization/japanese/replace/concepts_l_japanese.yml'
[02:29:02][pdx_localize.cpp:231]: Key 'concept_good_produces' defined in multiple files: 'localization/japanese/concepts_l_japanese.yml', 'localization/japanese/replace/concepts_l_japanese.yml'
[02:29:02][pdx_localize.cpp:231]: Key 'concept_output_goods' defined in multiple files: 'localization/japanese/concepts_l_japanese.yml', 'localization/japanese/replace/concepts_l_japanese.yml'
[02:29:02][pdx_localize.cpp:231]: Key 'concept_good_production_desc' defined in multiple files: 'localization/japanese/concepts_l_japanese.yml', 'localization/japanese/replace/concepts_l_japanese.yml'
[02:29:02][pdx_localize.cpp:231]: Key 'concept_good_consumption' defined in multiple files: 'localization/japanese/concepts_l_japanese.yml', 'localization/japanese/replace/concepts_l_japanese.yml'
[02:29:02][pdx_localize.cpp:231]: Key 'concept_good_consumed' defined in multiple files: 'localization/japanese/concepts_l_japanese.yml', 'localization/japanese/replace/concepts_l_japanese.yml'
[02:29:02][pdx_localize.cpp:231]: Key 'concept_good_consumes' defined in multiple files: 'localization/japanese/concepts_l_japanese.yml', 'localization/japanese/replace/concepts_l_japanese.yml'
[02:29:02][pdx_localize.cpp:231]: Key 'concept_input_goods' defined in multiple files: 'localization/japanese/concepts_l_japanese.yml', 'localization/japanese/replace/concepts_l_japanese.yml'
[02:29:02][pdx_localize.cpp:231]: Key 'concept_good_consumption_desc' defined in multiple files: 'localization/japanese/concepts_l_japanese.yml', 'localization/japanese/replace/concepts_l_japanese.yml'
[02:29:02][pdx_localize.cpp:231]: Key 'concept_subsidies' defined in multiple files: 'localization/japanese/concepts_l_japanese.yml', 'localization/japanese/replace/concepts_l_japanese.yml'
[02:29:02][pdx_localize.cpp:231]: Key 'concept_subsidize' defined in multiple files: 'localization/japanese/concepts_l_japanese.yml', 'localization/japanese/replace/concepts_l_japanese.yml'
[02:29:02][pdx_localize.cpp:231]: Key 'concept_subsidized' defined in multiple files: 'localization/japanese/concepts_l_japanese.yml', 'localization/japanese/replace/concepts_l_japanese.yml'
[02:29:02][pdx_localize.cpp:231]: Key 'concept_subsidizing' defined in multiple files: 'localization/japanese/concepts_l_japanese.yml', 'localization/japanese/replace/concepts_l_japanese.yml'
[02:29:02][pdx_localize.cpp:231]: Key 'concept_subsidies_desc' defined in multiple files: 'localization/japanese/concepts_l_japanese.yml', 'localization/japanese/replace/concepts_l_japanese.yml'
[02:29:02][pdx_localize.cpp:231]: Key 'concept_budget_interest' defined in multiple files: 'localization/japanese/concepts_l_japanese.yml', 'localization/japanese/replace/concepts_l_japanese.yml'
[02:29:02][pdx_localize.cpp:231]: Key 'concept_budget_interest_rate' defined in multiple files: 'localization/japanese/concepts_l_japanese.yml', 'localization/japanese/replace/concepts_l_japanese.yml'
[02:29:02][pdx_localize.cpp:231]: Key 'concept_budget_interest_rates' defined in multiple files: 'localization/japanese/concepts_l_japanese.yml', 'localization/japanese/replace/concepts_l_japanese.yml'
[02:29:02][pdx_localize.cpp:231]: Key 'concept_budget_interest_desc' defined in multiple files: 'localization/japanese/concepts_l_japanese.yml', 'localization/japanese/replace/concepts_l_japanese.yml'
[02:29:02][pdx_localize.cpp:231]: Key 'concept_country_tier' defined in multiple files: 'localization/japanese/concepts_l_japanese.yml', 'localization/japanese/replace/concepts_l_japanese.yml'
[02:29:02][pdx_localize.cpp:231]: Key 'concept_country_tier_short' defined in multiple files: 'localization/japanese/concepts_l_japanese.yml', 'localization/japanese/replace/concepts_l_japanese.yml'
[02:29:02][pdx_localize.cpp:231]: Key 'concept_country_tier_possessive' defined in multiple files: 'localization/japanese/concepts_l_japanese.yml', 'localization/japanese/replace/concepts_l_japanese.yml'
[02:29:02][pdx_localize.cpp:231]: Key 'concept_country_tier_desc' defined in multiple files: 'localization/japanese/concepts_l_japanese.yml', 'localization/japanese/replace/concepts_l_japanese.yml'
[02:29:02][pdx_localize.cpp:231]: Key 'concept_claim' defined in multiple files: 'localization/japanese/concepts_l_japanese.yml', 'localization/japanese/replace/concepts_l_japanese.yml'
[02:29:02][pdx_localize.cpp:231]: Key 'concept_claims' defined in multiple files: 'localization/japanese/concepts_l_japanese.yml', 'localization/japanese/replace/concepts_l_japanese.yml'
[02:29:02][pdx_localize.cpp:231]: Key 'concept_claimed' defined in multiple files: 'localization/japanese/concepts_l_japanese.yml', 'localization/japanese/replace/concepts_l_japanese.yml'
[02:29:02][pdx_localize.cpp:231]: Key 'concept_claim_desc' defined in multiple files: 'localization/japanese/concepts_l_japanese.yml', 'localization/japanese/replace/concepts_l_japanese.yml'
[02:29:02][pdx_localize.cpp:231]: Key 'concept_devastation' defined in multiple files: 'localization/japanese/concepts_l_japanese.yml', 'localization/japanese/replace/concepts_l_japanese.yml'
[02:29:02][pdx_localize.cpp:231]: Key 'concept_pollution_impact' defined in multiple files: 'localization/japanese/concepts_l_japanese.yml', 'localization/japanese/replace/concepts_l_japanese.yml'
[02:29:02][pdx_localize.cpp:231]: Key 'concept_pollution_impact_desc' defined in multiple files: 'localization/japanese/concepts_l_japanese.yml', 'localization/japanese/replace/concepts_l_japanese.yml'
[02:29:02][pdx_localize.cpp:231]: Key 'concept_generated_pollution' defined in multiple files: 'localization/japanese/concepts_l_japanese.yml', 'localization/japanese/replace/concepts_l_japanese.yml'
[02:29:02][pdx_localize.cpp:231]: Key 'concept_generated_pollution_desc' defined in multiple files: 'localization/japanese/concepts_l_japanese.yml', 'localization/japanese/replace/concepts_l_japanese.yml'
[02:29:02][pdx_localize.cpp:231]: Key 'concept_devastated' defined in multiple files: 'localization/japanese/concepts_l_japanese.yml', 'localization/japanese/replace/concepts_l_japanese.yml'
[02:29:02][pdx_localize.cpp:231]: Key 'concept_devastation_desc' defined in multiple files: 'localization/japanese/concepts_l_japanese.yml', 'localization/japanese/replace/concepts_l_japanese.yml'
[02:29:02][pdx_localize.cpp:231]: Key 'concept_command_limit' defined in multiple files: 'localization/japanese/concepts_l_japanese.yml', 'localization/japanese/replace/concepts_l_japanese.yml'
[02:29:02][pdx_localize.cpp:231]: Key 'concept_command_limit_desc' defined in multiple files: 'localization/japanese/concepts_l_japanese.yml', 'localization/japanese/replace/concepts_l_japanese.yml'
[02:29:02][pdx_localize.cpp:231]: Key 'concept_command' defined in multiple files: 'localization/japanese/concepts_l_japanese.yml', 'localization/japanese/replace/concepts_l_japanese.yml'
[02:29:02][pdx_localize.cpp:231]: Key 'concept_commanded' defined in multiple files: 'localization/japanese/concepts_l_japanese.yml', 'localization/japanese/replace/concepts_l_japanese.yml'
[02:29:02][pdx_localize.cpp:231]: Key 'concept_pop_qualifications' defined in multiple files: 'localization/japanese/concepts_l_japanese.yml', 'localization/japanese/replace/concepts_l_japanese.yml'
[02:29:02][pdx_localize.cpp:231]: Key 'concept_qualifying' defined in multiple files: 'localization/japanese/concepts_l_japanese.yml', 'localization/japanese/replace/concepts_l_japanese.yml'
[02:29:02][pdx_localize.cpp:231]: Key 'concept_qualified' defined in multiple files: 'localization/japanese/concepts_l_japanese.yml', 'localization/japanese/replace/concepts_l_japanese.yml'
[02:29:02][pdx_localize.cpp:231]: Key 'concept_qualify' defined in multiple files: 'localization/japanese/concepts_l_japanese.yml', 'localization/japanese/replace/concepts_l_japanese.yml'
[02:29:02][pdx_localize.cpp:231]: Key 'concept_pop_qualifications_desc' defined in multiple files: 'localization/japanese/concepts_l_japanese.yml', 'localization/japanese/replace/concepts_l_japanese.yml'
[02:29:02][pdx_localize.cpp:231]: Key 'concept_hq' defined in multiple files: 'localization/japanese/concepts_l_japanese.yml', 'localization/japanese/replace/concepts_l_japanese.yml'
[02:29:02][pdx_localize.cpp:231]: Key 'concept_hqs' defined in multiple files: 'localization/japanese/concepts_l_japanese.yml', 'localization/japanese/replace/concepts_l_japanese.yml'
[02:29:02][pdx_localize.cpp:231]: Key 'concept_hq_possessive' defined in multiple files: 'localization/japanese/concepts_l_japanese.yml', 'localization/japanese/replace/concepts_l_japanese.yml'
[02:29:02][pdx_localize.cpp:231]: Key 'concept_hq_long' defined in multiple files: 'localization/japanese/concepts_l_japanese.yml', 'localization/japanese/replace/concepts_l_japanese.yml'
[02:29:02][pdx_localize.cpp:231]: Key 'concept_hq_desc' defined in multiple files: 'localization/japanese/concepts_l_japanese.yml', 'localization/japanese/replace/concepts_l_japanese.yml'
[02:29:02][pdx_localize.cpp:231]: Key 'concept_tax_waste' defined in multiple files: 'localization/japanese/concepts_l_japanese.yml', 'localization/japanese/replace/concepts_l_japanese.yml'
[02:29:02][pdx_localize.cpp:231]: Key 'concept_tax_waste_desc' defined in multiple files: 'localization/japanese/concepts_l_japanese.yml', 'localization/japanese/replace/concepts_l_japanese.yml'
[02:29:02][pdx_localize.cpp:231]: Key 'concept_tax_capacity' defined in multiple files: 'localization/japanese/concepts_l_japanese.yml', 'localization/japanese/replace/concepts_l_japanese.yml'
[02:29:02][pdx_localize.cpp:231]: Key 'concept_tax_capacity_desc' defined in multiple files: 'localization/japanese/concepts_l_japanese.yml', 'localization/japanese/replace/concepts_l_japanese.yml'
[02:29:02][pdx_localize.cpp:231]: Key 'concept_tax_capacity_desc_added' defined in multiple files: 'localization/japanese/concepts_l_japanese.yml', 'localization/japanese/replace/concepts_l_japanese.yml'
[02:29:02][pdx_localize.cpp:231]: Key 'concept_assimilation' defined in multiple files: 'localization/japanese/concepts_l_japanese.yml', 'localization/japanese/replace/concepts_l_japanese.yml'
[02:29:02][pdx_localize.cpp:231]: Key 'concept_assimilating' defined in multiple files: 'localization/japanese/concepts_l_japanese.yml', 'localization/japanese/replace/concepts_l_japanese.yml'
[02:29:02][pdx_localize.cpp:231]: Key 'concept_assimilate' defined in multiple files: 'localization/japanese/concepts_l_japanese.yml', 'localization/japanese/replace/concepts_l_japanese.yml'
[02:29:02][pdx_localize.cpp:231]: Key 'concept_assimilation_desc' defined in multiple files: 'localization/japanese/concepts_l_japanese.yml', 'localization/japanese/replace/concepts_l_japanese.yml'
[02:29:02][pdx_localize.cpp:231]: Key 'concept_conversion' defined in multiple files: 'localization/japanese/concepts_l_japanese.yml', 'localization/japanese/replace/concepts_l_japanese.yml'
[02:29:02][pdx_localize.cpp:231]: Key 'concept_converting' defined in multiple files: 'localization/japanese/concepts_l_japanese.yml', 'localization/japanese/replace/concepts_l_japanese.yml'
[02:29:02][pdx_localize.cpp:231]: Key 'concept_convert' defined in multiple files: 'localization/japanese/concepts_l_japanese.yml', 'localization/japanese/replace/concepts_l_japanese.yml'
[02:29:02][pdx_localize.cpp:231]: Key 'concept_conversion_desc' defined in multiple files: 'localization/japanese/concepts_l_japanese.yml', 'localization/japanese/replace/concepts_l_japanese.yml'
[02:29:02][pdx_localize.cpp:231]: Key 'concept_life_experience' defined in multiple files: 'localization/japanese/concepts_l_japanese.yml', 'localization/japanese/replace/concepts_l_japanese.yml'
[02:29:02][pdx_localize.cpp:231]: Key 'concept_life_experience_desc' defined in multiple files: 'localization/japanese/concepts_l_japanese.yml', 'localization/japanese/replace/concepts_l_japanese.yml'
[02:29:02][pdx_localize.cpp:231]: Key 'concept_supply_network' defined in multiple files: 'localization/japanese/concepts_l_japanese.yml', 'localization/japanese/replace/concepts_l_japanese.yml'
[02:29:02][pdx_localize.cpp:231]: Key 'concept_supply_network_short' defined in multiple files: 'localization/japanese/concepts_l_japanese.yml', 'localization/japanese/replace/concepts_l_japanese.yml'
[02:29:02][pdx_localize.cpp:231]: Key 'concept_supply_networks' defined in multiple files: 'localization/japanese/concepts_l_japanese.yml', 'localization/japanese/replace/concepts_l_japanese.yml'
[02:29:02][pdx_localize.cpp:231]: Key 'concept_supply_networks_short' defined in multiple files: 'localization/japanese/concepts_l_japanese.yml', 'localization/japanese/replace/concepts_l_japanese.yml'
[02:29:02][pdx_localize.cpp:231]: Key 'concept_supply_network_desc' defined in multiple files: 'localization/japanese/concepts_l_japanese.yml', 'localization/japanese/replace/concepts_l_japanese.yml'
[02:29:02][pdx_localize.cpp:231]: Key 'concept_ship' defined in multiple files: 'localization/japanese/concepts_l_japanese.yml', 'localization/japanese/replace/concepts_l_japanese.yml'
[02:29:02][pdx_localize.cpp:231]: Key 'concept_ships' defined in multiple files: 'localization/japanese/concepts_l_japanese.yml', 'localization/japanese/replace/concepts_l_japanese.yml'
[02:29:02][pdx_localize.cpp:231]: Key 'concept_military_ship' defined in multiple files: 'localization/japanese/concepts_l_japanese.yml', 'localization/japanese/replace/concepts_l_japanese.yml'
[02:29:02][pdx_localize.cpp:231]: Key 'concept_military_ships' defined in multiple files: 'localization/japanese/concepts_l_japanese.yml', 'localization/japanese/replace/concepts_l_japanese.yml'
[02:29:02][pdx_localize.cpp:231]: Key 'concept_ship_possessive' defined in multiple files: 'localization/japanese/concepts_l_japanese.yml', 'localization/japanese/replace/concepts_l_japanese.yml'
[02:29:02][pdx_localize.cpp:231]: Key 'concept_ship_desc' defined in multiple files: 'localization/japanese/concepts_l_japanese.yml', 'localization/japanese/replace/concepts_l_japanese.yml'
[02:29:02][pdx_localize.cpp:231]: Key 'concept_ship_group' defined in multiple files: 'localization/japanese/concepts_l_japanese.yml', 'localization/japanese/replace/concepts_l_japanese.yml'
[02:29:02][pdx_localize.cpp:231]: Key 'concept_ship_groups' defined in multiple files: 'localization/japanese/concepts_l_japanese.yml', 'localization/japanese/replace/concepts_l_japanese.yml'
[02:29:02][pdx_localize.cpp:231]: Key 'concept_ship_group_desc' defined in multiple files: 'localization/japanese/concepts_l_japanese.yml', 'localization/japanese/replace/concepts_l_japanese.yml'
[02:29:02][pdx_localize.cpp:231]: Key 'concept_ship_type' defined in multiple files: 'localization/japanese/concepts_l_japanese.yml', 'localization/japanese/replace/concepts_l_japanese.yml'
[02:29:02][pdx_localize.cpp:231]: Key 'concept_ship_types' defined in multiple files: 'localization/japanese/concepts_l_japanese.yml', 'localization/japanese/replace/concepts_l_japanese.yml'
[02:29:02][pdx_localize.cpp:231]: Key 'concept_ship_type_short' defined in multiple files: 'localization/japanese/concepts_l_japanese.yml', 'localization/japanese/replace/concepts_l_japanese.yml'
[02:29:02][pdx_localize.cpp:231]: Key 'concept_ship_types_short' defined in multiple files: 'localization/japanese/concepts_l_japanese.yml', 'localization/japanese/replace/concepts_l_japanese.yml'
[02:29:02][pdx_localize.cpp:231]: Key 'concept_ship_type_desc' defined in multiple files: 'localization/japanese/concepts_l_japanese.yml', 'localization/japanese/replace/concepts_l_japanese.yml'
[02:29:02][pdx_localize.cpp:231]: Key 'concept_ship_template' defined in multiple files: 'localization/japanese/concepts_l_japanese.yml', 'localization/japanese/replace/concepts_l_japanese.yml'
[02:29:02][pdx_localize.cpp:231]: Key 'concept_ship_templates' defined in multiple files: 'localization/japanese/concepts_l_japanese.yml', 'localization/japanese/replace/concepts_l_japanese.yml'
[02:29:02][pdx_localize.cpp:231]: Key 'concept_ship_template_short' defined in multiple files: 'localization/japanese/concepts_l_japanese.yml', 'localization/japanese/replace/concepts_l_japanese.yml'
[02:29:02][pdx_localize.cpp:231]: Key 'concept_ship_templates_short' defined in multiple files: 'localization/japanese/concepts_l_japanese.yml', 'localization/japanese/replace/concepts_l_japanese.yml'
[02:29:02][pdx_localize.cpp:231]: Key 'concept_ship_template_desc' defined in multiple files: 'localization/japanese/concepts_l_japanese.yml', 'localization/japanese/replace/concepts_l_japanese.yml'
[02:29:02][pdx_localize.cpp:231]: Key 'concept_base_template' defined in multiple files: 'localization/japanese/concepts_l_japanese.yml', 'localization/japanese/replace/concepts_l_japanese.yml'
[02:29:02][pdx_localize.cpp:231]: Key 'concept_base_templates' defined in multiple files: 'localization/japanese/concepts_l_japanese.yml', 'localization/japanese/replace/concepts_l_japanese.yml'
[02:29:02][pdx_localize.cpp:231]: Key 'concept_base_template_desc' defined in multiple files: 'localization/japanese/concepts_l_japanese.yml', 'localization/japanese/replace/concepts_l_japanese.yml'
[02:29:02][pdx_localize.cpp:231]: Key 'concept_sailor' defined in multiple files: 'localization/japanese/concepts_l_japanese.yml', 'localization/japanese/replace/concepts_l_japanese.yml'
[02:29:02][pdx_localize.cpp:231]: Key 'concept_sailors' defined in multiple files: 'localization/japanese/concepts_l_japanese.yml', 'localization/japanese/replace/concepts_l_japanese.yml'
[02:29:02][pdx_localize.cpp:231]: Key 'concept_sailor_desc' defined in multiple files: 'localization/japanese/concepts_l_japanese.yml', 'localization/japanese/replace/concepts_l_japanese.yml'
[02:29:02][pdx_localize.cpp:231]: Key 'concept_ship_construction' defined in multiple files: 'localization/japanese/concepts_l_japanese.yml', 'localization/japanese/replace/concepts_l_japanese.yml'
[02:29:02][pdx_localize.cpp:231]: Key 'concept_ship_construction_short' defined in multiple files: 'localization/japanese/concepts_l_japanese.yml', 'localization/japanese/replace/concepts_l_japanese.yml'
[02:29:02][pdx_localize.cpp:231]: Key 'concept_ship_construct' defined in multiple files: 'localization/japanese/concepts_l_japanese.yml', 'localization/japanese/replace/concepts_l_japanese.yml'
[02:29:02][pdx_localize.cpp:231]: Key 'concept_ship_construction_desc' defined in multiple files: 'localization/japanese/concepts_l_japanese.yml', 'localization/japanese/replace/concepts_l_japanese.yml'
[02:29:02][pdx_localize.cpp:231]: Key 'concept_ship_construction_capacity' defined in multiple files: 'localization/japanese/concepts_l_japanese.yml', 'localization/japanese/replace/concepts_l_japanese.yml'
[02:29:02][pdx_localize.cpp:231]: Key 'concept_ship_construction_capacity_short' defined in multiple files: 'localization/japanese/concepts_l_japanese.yml', 'localization/japanese/replace/concepts_l_japanese.yml'
[02:29:02][pdx_localize.cpp:231]: Key 'concept_ship_construction_capacity_desc' defined in multiple files: 'localization/japanese/concepts_l_japanese.yml', 'localization/japanese/replace/concepts_l_japanese.yml'
[02:29:02][pdx_localize.cpp:231]: Key 'concept_ship_construction_queue' defined in multiple files: 'localization/japanese/concepts_l_japanese.yml', 'localization/japanese/replace/concepts_l_japanese.yml'
[02:29:02][pdx_localize.cpp:231]: Key 'concept_ship_construction_queue_short' defined in multiple files: 'localization/japanese/concepts_l_japanese.yml', 'localization/japanese/replace/concepts_l_japanese.yml'
[02:29:02][pdx_localize.cpp:231]: Key 'concept_ship_construction_queue_desc' defined in multiple files: 'localization/japanese/concepts_l_japanese.yml', 'localization/japanese/replace/concepts_l_japanese.yml'
[02:29:02][pdx_localize.cpp:231]: Key 'concept_ship_retrofit' defined in multiple files: 'localization/japanese/concepts_l_japanese.yml', 'localization/japanese/replace/concepts_l_japanese.yml'
[02:29:02][pdx_localize.cpp:231]: Key 'concept_ship_retrofit_short' defined in multiple files: 'localization/japanese/concepts_l_japanese.yml', 'localization/japanese/replace/concepts_l_japanese.yml'
[02:29:02][pdx_localize.cpp:231]: Key 'concept_ship_retrofitted_short' defined in multiple files: 'localization/japanese/concepts_l_japanese.yml', 'localization/japanese/replace/concepts_l_japanese.yml'
[02:29:02][pdx_localize.cpp:231]: Key 'concept_ship_retrofit_desc' defined in multiple files: 'localization/japanese/concepts_l_japanese.yml', 'localization/japanese/replace/concepts_l_japanese.yml'
[02:29:02][pdx_localize.cpp:231]: Key 'concept_ship_complexity' defined in multiple files: 'localization/japanese/concepts_l_japanese.yml', 'localization/japanese/replace/concepts_l_japanese.yml'
[02:29:02][pdx_localize.cpp:231]: Key 'concept_ship_complexity_short' defined in multiple files: 'localization/japanese/concepts_l_japanese.yml', 'localization/japanese/replace/concepts_l_japanese.yml'
[02:29:02][pdx_localize.cpp:231]: Key 'concept_ship_complexity_desc' defined in multiple files: 'localization/japanese/concepts_l_japanese.yml', 'localization/japanese/replace/concepts_l_japanese.yml'
[02:29:02][pdx_localize.cpp:231]: Key 'concept_ship_modification' defined in multiple files: 'localization/japanese/concepts_l_japanese.yml', 'localization/japanese/replace/concepts_l_japanese.yml'
[02:29:02][pdx_localize.cpp:231]: Key 'concept_ship_modification_short' defined in multiple files: 'localization/japanese/concepts_l_japanese.yml', 'localization/japanese/replace/concepts_l_japanese.yml'
[02:29:02][pdx_localize.cpp:231]: Key 'concept_ship_modifications' defined in multiple files: 'localization/japanese/concepts_l_japanese.yml', 'localization/japanese/replace/concepts_l_japanese.yml'
[02:29:02][pdx_localize.cpp:231]: Key 'concept_ship_utility_modifications_short' defined in multiple files: 'localization/japanese/concepts_l_japanese.yml', 'localization/japanese/replace/concepts_l_japanese.yml'
[02:29:02][pdx_localize.cpp:231]: Key 'concept_ship_modification_desc' defined in multiple files: 'localization/japanese/concepts_l_japanese.yml', 'localization/japanese/replace/concepts_l_japanese.yml'
[02:29:02][pdx_localize.cpp:231]: Key 'concept_ship_under_construction' defined in multiple files: 'localization/japanese/concepts_l_japanese.yml', 'localization/japanese/replace/concepts_l_japanese.yml'
[02:29:02][pdx_localize.cpp:231]: Key 'concept_ship_under_construction_short' defined in multiple files: 'localization/japanese/concepts_l_japanese.yml', 'localization/japanese/replace/concepts_l_japanese.yml'
[02:29:02][pdx_localize.cpp:231]: Key 'concept_ship_under_construction_desc' defined in multiple files: 'localization/japanese/concepts_l_japanese.yml', 'localization/japanese/replace/concepts_l_japanese.yml'
[02:29:02][pdx_localize.cpp:231]: Key 'concept_flagship' defined in multiple files: 'localization/japanese/concepts_l_japanese.yml', 'localization/japanese/replace/concepts_l_japanese.yml'
[02:29:02][pdx_localize.cpp:231]: Key 'concept_flagship_desc' defined in multiple files: 'localization/japanese/concepts_l_japanese.yml', 'localization/japanese/replace/concepts_l_japanese.yml'
[02:29:02][pdx_localize.cpp:231]: Key 'concept_ship_crew' defined in multiple files: 'localization/japanese/concepts_l_japanese.yml', 'localization/japanese/replace/concepts_l_japanese.yml'
[02:29:02][pdx_localize.cpp:231]: Key 'concept_ship_crew_short' defined in multiple files: 'localization/japanese/concepts_l_japanese.yml', 'localization/japanese/replace/concepts_l_japanese.yml'
[02:29:02][pdx_localize.cpp:231]: Key 'concept_ship_crew_desc' defined in multiple files: 'localization/japanese/concepts_l_japanese.yml', 'localization/japanese/replace/concepts_l_japanese.yml'
[02:29:02][pdx_localize.cpp:231]: Key 'concept_ship_crew_desc_added' defined in multiple files: 'localization/japanese/concepts_l_japanese.yml', 'localization/japanese/replace/concepts_l_japanese.yml'
[02:29:02][pdx_localize.cpp:231]: Key 'concept_ship_hit_points' defined in multiple files: 'localization/japanese/concepts_l_japanese.yml', 'localization/japanese/replace/concepts_l_japanese.yml'
[02:29:02][pdx_localize.cpp:231]: Key 'concept_ship_hit_points_short' defined in multiple files: 'localization/japanese/concepts_l_japanese.yml', 'localization/japanese/replace/concepts_l_japanese.yml'
[02:29:02][pdx_localize.cpp:231]: Key 'concept_ship_hit_points_desc' defined in multiple files: 'localization/japanese/concepts_l_japanese.yml', 'localization/japanese/replace/concepts_l_japanese.yml'
[02:29:02][pdx_localize.cpp:231]: Key 'concept_fleet_hit_points' defined in multiple files: 'localization/japanese/concepts_l_japanese.yml', 'localization/japanese/replace/concepts_l_japanese.yml'
[02:29:02][pdx_localize.cpp:231]: Key 'concept_fleet_hit_points_short' defined in multiple files: 'localization/japanese/concepts_l_japanese.yml', 'localization/japanese/replace/concepts_l_japanese.yml'
[02:29:02][pdx_localize.cpp:231]: Key 'concept_fleet_hit_points_desc' defined in multiple files: 'localization/japanese/concepts_l_japanese.yml', 'localization/japanese/replace/concepts_l_japanese.yml'
[02:29:02][pdx_localize.cpp:231]: Key 'concept_ship_armor' defined in multiple files: 'localization/japanese/concepts_l_japanese.yml', 'localization/japanese/replace/concepts_l_japanese.yml'
[02:29:02][pdx_localize.cpp:231]: Key 'concept_ship_armor_short' defined in multiple files: 'localization/japanese/concepts_l_japanese.yml', 'localization/japanese/replace/concepts_l_japanese.yml'
[02:29:02][pdx_localize.cpp:231]: Key 'concept_ship_armor_desc' defined in multiple files: 'localization/japanese/concepts_l_japanese.yml', 'localization/japanese/replace/concepts_l_japanese.yml'
[02:29:02][pdx_localize.cpp:231]: Key 'concept_ship_upkeep' defined in multiple files: 'localization/japanese/concepts_l_japanese.yml', 'localization/japanese/replace/concepts_l_japanese.yml'
[02:29:02][pdx_localize.cpp:231]: Key 'concept_ship_upkeep_short' defined in multiple files: 'localization/japanese/concepts_l_japanese.yml', 'localization/japanese/replace/concepts_l_japanese.yml'
[02:29:02][pdx_localize.cpp:231]: Key 'concept_ship_upkeep_desc' defined in multiple files: 'localization/japanese/concepts_l_japanese.yml', 'localization/japanese/replace/concepts_l_japanese.yml'
[02:29:02][pdx_localize.cpp:231]: Key 'concept_ship_speed' defined in multiple files: 'localization/japanese/concepts_l_japanese.yml', 'localization/japanese/replace/concepts_l_japanese.yml'
[02:29:02][pdx_localize.cpp:231]: Key 'concept_ship_speed_short' defined in multiple files: 'localization/japanese/concepts_l_japanese.yml', 'localization/japanese/replace/concepts_l_japanese.yml'
[02:29:02][pdx_localize.cpp:231]: Key 'concept_ship_speed_desc' defined in multiple files: 'localization/japanese/concepts_l_japanese.yml', 'localization/japanese/replace/concepts_l_japanese.yml'
[02:29:02][pdx_localize.cpp:231]: Key 'concept_attack_damage' defined in multiple files: 'localization/japanese/concepts_l_japanese.yml', 'localization/japanese/replace/concepts_l_japanese.yml'
[02:29:02][pdx_localize.cpp:231]: Key 'concept_attack_damage_short' defined in multiple files: 'localization/japanese/concepts_l_japanese.yml', 'localization/japanese/replace/concepts_l_japanese.yml'
[02:29:02][pdx_localize.cpp:231]: Key 'concept_attack_damage_desc' defined in multiple files: 'localization/japanese/concepts_l_japanese.yml', 'localization/japanese/replace/concepts_l_japanese.yml'
[02:29:02][pdx_localize.cpp:231]: Key 'concept_hull_attack_damage' defined in multiple files: 'localization/japanese/concepts_l_japanese.yml', 'localization/japanese/replace/concepts_l_japanese.yml'
[02:29:02][pdx_localize.cpp:231]: Key 'concept_hull_attack_damage_short' defined in multiple files: 'localization/japanese/concepts_l_japanese.yml', 'localization/japanese/replace/concepts_l_japanese.yml'
[02:29:02][pdx_localize.cpp:231]: Key 'concept_hull_attack_damage_desc' defined in multiple files: 'localization/japanese/concepts_l_japanese.yml', 'localization/japanese/replace/concepts_l_japanese.yml'
[02:29:02][pdx_localize.cpp:231]: Key 'concept_crew_attack_damage' defined in multiple files: 'localization/japanese/concepts_l_japanese.yml', 'localization/japanese/replace/concepts_l_japanese.yml'
[02:29:02][pdx_localize.cpp:231]: Key 'concept_crew_attack_damage_short' defined in multiple files: 'localization/japanese/concepts_l_japanese.yml', 'localization/japanese/replace/concepts_l_japanese.yml'
[02:29:02][pdx_localize.cpp:231]: Key 'concept_crew_attack_damage_desc' defined in multiple files: 'localization/japanese/concepts_l_japanese.yml', 'localization/japanese/replace/concepts_l_japanese.yml'
[02:29:02][pdx_localize.cpp:231]: Key 'concept_carrying_capacity' defined in multiple files: 'localization/japanese/concepts_l_japanese.yml', 'localization/japanese/replace/concepts_l_japanese.yml'
[02:29:02][pdx_localize.cpp:231]: Key 'concept_carrying_capacity_desc' defined in multiple files: 'localization/japanese/concepts_l_japanese.yml', 'localization/japanese/replace/concepts_l_japanese.yml'
[02:29:02][pdx_localize.cpp:231]: Key 'concept_marine_capacity' defined in multiple files: 'localization/japanese/concepts_l_japanese.yml', 'localization/japanese/replace/concepts_l_japanese.yml'
[02:29:02][pdx_localize.cpp:231]: Key 'concept_marine_capacity_desc' defined in multiple files: 'localization/japanese/concepts_l_japanese.yml', 'localization/japanese/replace/concepts_l_japanese.yml'
[02:29:02][pdx_localize.cpp:231]: Key 'concept_supply_capacity' defined in multiple files: 'localization/japanese/concepts_l_japanese.yml', 'localization/japanese/replace/concepts_l_japanese.yml'
[02:29:02][pdx_localize.cpp:231]: Key 'concept_supply_capacity_desc' defined in multiple files: 'localization/japanese/concepts_l_japanese.yml', 'localization/japanese/replace/concepts_l_japanese.yml'
[02:29:02][pdx_localize.cpp:231]: Key 'concept_supply_efficiency' defined in multiple files: 'localization/japanese/concepts_l_japanese.yml', 'localization/japanese/replace/concepts_l_japanese.yml'
[02:29:02][pdx_localize.cpp:231]: Key 'concept_supply_efficiency_desc' defined in multiple files: 'localization/japanese/concepts_l_japanese.yml', 'localization/japanese/replace/concepts_l_japanese.yml'
[02:29:02][pdx_localize.cpp:231]: Key 'concept_supply_priority' defined in multiple files: 'localization/japanese/concepts_l_japanese.yml', 'localization/japanese/replace/concepts_l_japanese.yml'
[02:29:02][pdx_localize.cpp:231]: Key 'concept_supply_priority_short' defined in multiple files: 'localization/japanese/concepts_l_japanese.yml', 'localization/japanese/replace/concepts_l_japanese.yml'
[02:29:02][pdx_localize.cpp:231]: Key 'concept_supply_priority_desc' defined in multiple files: 'localization/japanese/concepts_l_japanese.yml', 'localization/japanese/replace/concepts_l_japanese.yml'
[02:29:02][pdx_localize.cpp:231]: Key 'concept_supply_ship' defined in multiple files: 'localization/japanese/concepts_l_japanese.yml', 'localization/japanese/replace/concepts_l_japanese.yml'
[02:29:02][pdx_localize.cpp:231]: Key 'concept_supply_ships' defined in multiple files: 'localization/japanese/concepts_l_japanese.yml', 'localization/japanese/replace/concepts_l_japanese.yml'
[02:29:02][pdx_localize.cpp:231]: Key 'concept_supply_ship_construction' defined in multiple files: 'localization/japanese/concepts_l_japanese.yml', 'localization/japanese/replace/concepts_l_japanese.yml'
[02:29:02][pdx_localize.cpp:231]: Key 'concept_supply_ship_desc' defined in multiple files: 'localization/japanese/concepts_l_japanese.yml', 'localization/japanese/replace/concepts_l_japanese.yml'
[02:29:02][pdx_localize.cpp:231]: Key 'concept_critical_hit_chance' defined in multiple files: 'localization/japanese/concepts_l_japanese.yml', 'localization/japanese/replace/concepts_l_japanese.yml'
[02:29:02][pdx_localize.cpp:231]: Key 'concept_critical_hit_chance_desc' defined in multiple files: 'localization/japanese/concepts_l_japanese.yml', 'localization/japanese/replace/concepts_l_japanese.yml'
[02:29:02][pdx_localize.cpp:231]: Key 'concept_critical_hit_multiplier' defined in multiple files: 'localization/japanese/concepts_l_japanese.yml', 'localization/japanese/replace/concepts_l_japanese.yml'
[02:29:02][pdx_localize.cpp:231]: Key 'concept_critical_hit_multiplier_desc' defined in multiple files: 'localization/japanese/concepts_l_japanese.yml', 'localization/japanese/replace/concepts_l_japanese.yml'
[02:29:02][pdx_localize.cpp:231]: Key 'concept_vulnerability' defined in multiple files: 'localization/japanese/concepts_l_japanese.yml', 'localization/japanese/replace/concepts_l_japanese.yml'
[02:29:02][pdx_localize.cpp:231]: Key 'concept_vulnerability_desc' defined in multiple files: 'localization/japanese/concepts_l_japanese.yml', 'localization/japanese/replace/concepts_l_japanese.yml'
[02:29:02][pdx_localize.cpp:231]: Key 'concept_screening' defined in multiple files: 'localization/japanese/concepts_l_japanese.yml', 'localization/japanese/replace/concepts_l_japanese.yml'
[02:29:02][pdx_localize.cpp:231]: Key 'concept_screening_desc' defined in multiple files: 'localization/japanese/concepts_l_japanese.yml', 'localization/japanese/replace/concepts_l_japanese.yml'
[02:29:02][pdx_localize.cpp:231]: Key 'concept_readiness' defined in multiple files: 'localization/japanese/concepts_l_japanese.yml', 'localization/japanese/replace/concepts_l_japanese.yml'
[02:29:02][pdx_localize.cpp:231]: Key 'concept_readiness_desc' defined in multiple files: 'localization/japanese/concepts_l_japanese.yml', 'localization/japanese/replace/concepts_l_japanese.yml'
[02:29:02][pdx_localize.cpp:231]: Key 'concept_accuracy' defined in multiple files: 'localization/japanese/concepts_l_japanese.yml', 'localization/japanese/replace/concepts_l_japanese.yml'
[02:29:02][pdx_localize.cpp:231]: Key 'concept_accuracy_desc' defined in multiple files: 'localization/japanese/concepts_l_japanese.yml', 'localization/japanese/replace/concepts_l_japanese.yml'
[02:29:02][pdx_localize.cpp:231]: Key 'concept_detection' defined in multiple files: 'localization/japanese/concepts_l_japanese.yml', 'localization/japanese/replace/concepts_l_japanese.yml'
[02:29:02][pdx_localize.cpp:231]: Key 'concept_detection_desc' defined in multiple files: 'localization/japanese/concepts_l_japanese.yml', 'localization/japanese/replace/concepts_l_japanese.yml'
[02:29:02][pdx_localize.cpp:231]: Key 'concept_visibility' defined in multiple files: 'localization/japanese/concepts_l_japanese.yml', 'localization/japanese/replace/concepts_l_japanese.yml'
[02:29:02][pdx_localize.cpp:231]: Key 'concept_visibility_desc' defined in multiple files: 'localization/japanese/concepts_l_japanese.yml', 'localization/japanese/replace/concepts_l_japanese.yml'
[02:29:02][pdx_localize.cpp:231]: Key 'concept_withdrawn_ships' defined in multiple files: 'localization/japanese/concepts_l_japanese.yml', 'localization/japanese/replace/concepts_l_japanese.yml'
[02:29:02][pdx_localize.cpp:231]: Key 'concept_withdrawn_ships_short' defined in multiple files: 'localization/japanese/concepts_l_japanese.yml', 'localization/japanese/replace/concepts_l_japanese.yml'
[02:29:02][pdx_localize.cpp:231]: Key 'concept_withdrawn_ships_desc' defined in multiple files: 'localization/japanese/concepts_l_japanese.yml', 'localization/japanese/replace/concepts_l_japanese.yml'
[02:29:02][pdx_localize.cpp:231]: Key 'concept_sunk_ships' defined in multiple files: 'localization/japanese/concepts_l_japanese.yml', 'localization/japanese/replace/concepts_l_japanese.yml'
[02:29:02][pdx_localize.cpp:231]: Key 'concept_sunk_ships_short' defined in multiple files: 'localization/japanese/concepts_l_japanese.yml', 'localization/japanese/replace/concepts_l_japanese.yml'
[02:29:02][pdx_localize.cpp:231]: Key 'concept_sunk_ships_desc' defined in multiple files: 'localization/japanese/concepts_l_japanese.yml', 'localization/japanese/replace/concepts_l_japanese.yml'
[02:29:02][pdx_localize.cpp:231]: Key 'concept_crew_casualties' defined in multiple files: 'localization/japanese/concepts_l_japanese.yml', 'localization/japanese/replace/concepts_l_japanese.yml'
[02:29:02][pdx_localize.cpp:231]: Key 'concept_crew_casualties_short' defined in multiple files: 'localization/japanese/concepts_l_japanese.yml', 'localization/japanese/replace/concepts_l_japanese.yml'
[02:29:02][pdx_localize.cpp:231]: Key 'concept_crew_casualties_desc' defined in multiple files: 'localization/japanese/concepts_l_japanese.yml', 'localization/japanese/replace/concepts_l_japanese.yml'
[02:29:02][pdx_localize.cpp:231]: Key 'concept_shipping_lane' defined in multiple files: 'localization/japanese/concepts_l_japanese.yml', 'localization/japanese/replace/concepts_l_japanese.yml'
[02:29:02][pdx_localize.cpp:231]: Key 'concept_shipping_lanes' defined in multiple files: 'localization/japanese/concepts_l_japanese.yml', 'localization/japanese/replace/concepts_l_japanese.yml'
[02:29:02][pdx_localize.cpp:231]: Key 'concept_shipping_lane_desc' defined in multiple files: 'localization/japanese/concepts_l_japanese.yml', 'localization/japanese/replace/concepts_l_japanese.yml'
[02:29:02][pdx_localize.cpp:231]: Key 'concept_tolls' defined in multiple files: 'localization/japanese/concepts_l_japanese.yml', 'localization/japanese/replace/concepts_l_japanese.yml'
[02:29:02][pdx_localize.cpp:231]: Key 'concept_toll' defined in multiple files: 'localization/japanese/concepts_l_japanese.yml', 'localization/japanese/replace/concepts_l_japanese.yml'
[02:29:02][pdx_localize.cpp:231]: Key 'concept_toll_rate' defined in multiple files: 'localization/japanese/concepts_l_japanese.yml', 'localization/japanese/replace/concepts_l_japanese.yml'
[02:29:02][pdx_localize.cpp:231]: Key 'concept_tolls_desc' defined in multiple files: 'localization/japanese/concepts_l_japanese.yml', 'localization/japanese/replace/concepts_l_japanese.yml'
[02:29:02][pdx_localize.cpp:231]: Key 'concept_strait' defined in multiple files: 'localization/japanese/concepts_l_japanese.yml', 'localization/japanese/replace/concepts_l_japanese.yml'
[02:29:02][pdx_localize.cpp:231]: Key 'concept_straits' defined in multiple files: 'localization/japanese/concepts_l_japanese.yml', 'localization/japanese/replace/concepts_l_japanese.yml'
[02:29:02][pdx_localize.cpp:231]: Key 'concept_strait_desc' defined in multiple files: 'localization/japanese/concepts_l_japanese.yml', 'localization/japanese/replace/concepts_l_japanese.yml'
[02:29:02][pdx_localize.cpp:231]: Key 'concept_port_connection' defined in multiple files: 'localization/japanese/concepts_l_japanese.yml', 'localization/japanese/replace/concepts_l_japanese.yml'
[02:29:02][pdx_localize.cpp:231]: Key 'concept_port_connections' defined in multiple files: 'localization/japanese/concepts_l_japanese.yml', 'localization/japanese/replace/concepts_l_japanese.yml'
[02:29:02][pdx_localize.cpp:231]: Key 'concept_port_connection_desc' defined in multiple files: 'localization/japanese/concepts_l_japanese.yml', 'localization/japanese/replace/concepts_l_japanese.yml'
[02:29:02][pdx_localize.cpp:231]: Key 'concept_port_connection_desc_added' defined in multiple files: 'localization/japanese/concepts_l_japanese.yml', 'localization/japanese/replace/concepts_l_japanese.yml'
[02:29:02][pdx_localize.cpp:231]: Key 'concept_shipping_lane_effectiveness' defined in multiple files: 'localization/japanese/concepts_l_japanese.yml', 'localization/japanese/replace/concepts_l_japanese.yml'
[02:29:02][pdx_localize.cpp:231]: Key 'concept_shipping_lane_effectiveness_short' defined in multiple files: 'localization/japanese/concepts_l_japanese.yml', 'localization/japanese/replace/concepts_l_japanese.yml'
[02:29:02][pdx_localize.cpp:231]: Key 'concept_shipping_lane_effectiveness_desc' defined in multiple files: 'localization/japanese/concepts_l_japanese.yml', 'localization/japanese/replace/concepts_l_japanese.yml'
[02:29:02][pdx_localize.cpp:231]: Key 'concept_supply_route' defined in multiple files: 'localization/japanese/concepts_l_japanese.yml', 'localization/japanese/replace/concepts_l_japanese.yml'
[02:29:02][pdx_localize.cpp:231]: Key 'concept_supply_routes' defined in multiple files: 'localization/japanese/concepts_l_japanese.yml', 'localization/japanese/replace/concepts_l_japanese.yml'
[02:29:02][pdx_localize.cpp:231]: Key 'concept_supply_route_possessive' defined in multiple files: 'localization/japanese/concepts_l_japanese.yml', 'localization/japanese/replace/concepts_l_japanese.yml'
[02:29:02][pdx_localize.cpp:231]: Key 'concept_supply_route_desc' defined in multiple files: 'localization/japanese/concepts_l_japanese.yml', 'localization/japanese/replace/concepts_l_japanese.yml'
[02:29:02][pdx_localize.cpp:231]: Key 'concept_character' defined in multiple files: 'localization/japanese/concepts_l_japanese.yml', 'localization/japanese/replace/concepts_l_japanese.yml'
[02:29:02][pdx_localize.cpp:231]: Key 'concept_characters' defined in multiple files: 'localization/japanese/concepts_l_japanese.yml', 'localization/japanese/replace/concepts_l_japanese.yml'
[02:29:02][pdx_localize.cpp:231]: Key 'concept_character_possessive' defined in multiple files: 'localization/japanese/concepts_l_japanese.yml', 'localization/japanese/replace/concepts_l_japanese.yml'
[02:29:02][pdx_localize.cpp:231]: Key 'concept_character_desc' defined in multiple files: 'localization/japanese/concepts_l_japanese.yml', 'localization/japanese/replace/concepts_l_japanese.yml'
[02:29:02][pdx_localize.cpp:231]: Key 'concept_busy' defined in multiple files: 'localization/japanese/concepts_l_japanese.yml', 'localization/japanese/replace/concepts_l_japanese.yml'
[02:29:02][pdx_localize.cpp:231]: Key 'concept_busy_desc' defined in multiple files: 'localization/japanese/concepts_l_japanese.yml', 'localization/japanese/replace/concepts_l_japanese.yml'
[02:29:02][pdx_localize.cpp:231]: Key 'concept_popularity' defined in multiple files: 'localization/japanese/concepts_l_japanese.yml', 'localization/japanese/replace/concepts_l_japanese.yml'
[02:29:02][pdx_localize.cpp:231]: Key 'concept_popular' defined in multiple files: 'localization/japanese/concepts_l_japanese.yml', 'localization/japanese/replace/concepts_l_japanese.yml'
[02:29:02][pdx_localize.cpp:231]: Key 'concept_popularity_desc' defined in multiple files: 'localization/japanese/concepts_l_japanese.yml', 'localization/japanese/replace/concepts_l_japanese.yml'
[02:29:02][pdx_localize.cpp:231]: Key 'concept_prominence' defined in multiple files: 'localization/japanese/concepts_l_japanese.yml', 'localization/japanese/replace/concepts_l_japanese.yml'
[02:29:02][pdx_localize.cpp:231]: Key 'concept_prominent' defined in multiple files: 'localization/japanese/concepts_l_japanese.yml', 'localization/japanese/replace/concepts_l_japanese.yml'
[02:29:02][pdx_localize.cpp:231]: Key 'concept_prominence_desc' defined in multiple files: 'localization/japanese/concepts_l_japanese.yml', 'localization/japanese/replace/concepts_l_japanese.yml'
[02:29:02][pdx_localize.cpp:231]: Key 'concept_loyalty' defined in multiple files: 'localization/japanese/concepts_l_japanese.yml', 'localization/japanese/replace/concepts_l_japanese.yml'
[02:29:02][pdx_localize.cpp:231]: Key 'concept_loyalty_desc' defined in multiple files: 'localization/japanese/concepts_l_japanese.yml', 'localization/japanese/replace/concepts_l_japanese.yml'
[02:29:02][pdx_localize.cpp:231]: Key 'concept_momentum' defined in multiple files: 'localization/japanese/concepts_l_japanese.yml', 'localization/japanese/replace/concepts_l_japanese.yml'
[02:29:02][pdx_localize.cpp:231]: Key 'concept_momentum_desc' defined in multiple files: 'localization/japanese/concepts_l_japanese.yml', 'localization/japanese/replace/concepts_l_japanese.yml'
[02:29:02][pdx_localize.cpp:231]: Key 'concept_government_expenses' defined in multiple files: 'localization/japanese/concepts_l_japanese.yml', 'localization/japanese/replace/concepts_l_japanese.yml'
[02:29:02][pdx_localize.cpp:231]: Key 'concept_government_expenses_short' defined in multiple files: 'localization/japanese/concepts_l_japanese.yml', 'localization/japanese/replace/concepts_l_japanese.yml'
[02:29:02][pdx_localize.cpp:231]: Key 'concept_government_expenses_desc' defined in multiple files: 'localization/japanese/concepts_l_japanese.yml', 'localization/japanese/replace/concepts_l_japanese.yml'
[02:29:02][pdx_localize.cpp:231]: Key 'concept_sovereignty' defined in multiple files: 'localization/japanese/concepts_l_japanese.yml', 'localization/japanese/replace/concepts_l_japanese.yml'
[02:29:02][pdx_localize.cpp:231]: Key 'concept_sovereignty_desc' defined in multiple files: 'localization/japanese/concepts_l_japanese.yml', 'localization/japanese/replace/concepts_l_japanese.yml'
[02:29:02][pdx_localize.cpp:231]: Key 'concept_average_wage' defined in multiple files: 'localization/japanese/concepts_l_japanese.yml', 'localization/japanese/replace/concepts_l_japanese.yml'
[02:29:02][pdx_localize.cpp:231]: Key 'concept_average_wage_desc' defined in multiple files: 'localization/japanese/concepts_l_japanese.yml', 'localization/japanese/replace/concepts_l_japanese.yml'
[02:29:02][pdx_localize.cpp:231]: Key 'concept_subsidized_wage' defined in multiple files: 'localization/japanese/concepts_l_japanese.yml', 'localization/japanese/replace/concepts_l_japanese.yml'
[02:29:02][pdx_localize.cpp:231]: Key 'concept_subsidized_wage_desc' defined in multiple files: 'localization/japanese/concepts_l_japanese.yml', 'localization/japanese/replace/concepts_l_japanese.yml'
[02:29:02][pdx_localize.cpp:231]: Key 'concept_government_wage' defined in multiple files: 'localization/japanese/concepts_l_japanese.yml', 'localization/japanese/replace/concepts_l_japanese.yml'
[02:29:02][pdx_localize.cpp:231]: Key 'concept_government_wages' defined in multiple files: 'localization/japanese/concepts_l_japanese.yml', 'localization/japanese/replace/concepts_l_japanese.yml'
[02:29:02][pdx_localize.cpp:231]: Key 'concept_government_wage_desc' defined in multiple files: 'localization/japanese/concepts_l_japanese.yml', 'localization/japanese/replace/concepts_l_japanese.yml'
[02:29:02][pdx_localize.cpp:231]: Key 'concept_military_wage' defined in multiple files: 'localization/japanese/concepts_l_japanese.yml', 'localization/japanese/replace/concepts_l_japanese.yml'
[02:29:02][pdx_localize.cpp:231]: Key 'concept_military_wages' defined in multiple files: 'localization/japanese/concepts_l_japanese.yml', 'localization/japanese/replace/concepts_l_japanese.yml'
[02:29:02][pdx_localize.cpp:231]: Key 'concept_military_wage_desc' defined in multiple files: 'localization/japanese/concepts_l_japanese.yml', 'localization/japanese/replace/concepts_l_japanese.yml'
[02:29:02][pdx_localize.cpp:231]: Key 'concept_normal_wage' defined in multiple files: 'localization/japanese/concepts_l_japanese.yml', 'localization/japanese/replace/concepts_l_japanese.yml'
[02:29:02][pdx_localize.cpp:231]: Key 'concept_normal_wage_desc' defined in multiple files: 'localization/japanese/concepts_l_japanese.yml', 'localization/japanese/replace/concepts_l_japanese.yml'
[02:29:02][pdx_localize.cpp:231]: Key 'concept_dead' defined in multiple files: 'localization/japanese/concepts_l_japanese.yml', 'localization/japanese/replace/concepts_l_japanese.yml'
[02:29:02][pdx_localize.cpp:231]: Key 'concept_dead_desc' defined in multiple files: 'localization/japanese/concepts_l_japanese.yml', 'localization/japanese/replace/concepts_l_japanese.yml'
[02:29:02][pdx_localize.cpp:231]: Key 'concept_wounded' defined in multiple files: 'localization/japanese/concepts_l_japanese.yml', 'localization/japanese/replace/concepts_l_japanese.yml'
[02:29:02][pdx_localize.cpp:231]: Key 'concept_wounded_desc' defined in multiple files: 'localization/japanese/concepts_l_japanese.yml', 'localization/japanese/replace/concepts_l_japanese.yml'
[02:29:02][pdx_localize.cpp:231]: Key 'concept_attrition' defined in multiple files: 'localization/japanese/concepts_l_japanese.yml', 'localization/japanese/replace/concepts_l_japanese.yml'
[02:29:02][pdx_localize.cpp:231]: Key 'concept_attrition_risk' defined in multiple files: 'localization/japanese/concepts_l_japanese.yml', 'localization/japanese/replace/concepts_l_japanese.yml'
[02:29:02][pdx_localize.cpp:231]: Key 'concept_attrition_desc' defined in multiple files: 'localization/japanese/concepts_l_japanese.yml', 'localization/japanese/replace/concepts_l_japanese.yml'
[02:29:02][pdx_localize.cpp:231]: Key 'concept_ruler' defined in multiple files: 'localization/japanese/concepts_l_japanese.yml', 'localization/japanese/replace/concepts_l_japanese.yml'
[02:29:02][pdx_localize.cpp:231]: Key 'concept_rulers' defined in multiple files: 'localization/japanese/concepts_l_japanese.yml', 'localization/japanese/replace/concepts_l_japanese.yml'
[02:29:02][pdx_localize.cpp:231]: Key 'concept_ruler_possessive' defined in multiple files: 'localization/japanese/concepts_l_japanese.yml', 'localization/japanese/replace/concepts_l_japanese.yml'
[02:29:02][pdx_localize.cpp:231]: Key 'concept_ruler_desc' defined in multiple files: 'localization/japanese/concepts_l_japanese.yml', 'localization/japanese/replace/concepts_l_japanese.yml'
[02:29:02][pdx_localize.cpp:231]: Key 'concept_heir' defined in multiple files: 'localization/japanese/concepts_l_japanese.yml', 'localization/japanese/replace/concepts_l_japanese.yml'
[02:29:02][pdx_localize.cpp:231]: Key 'concept_heir_desc' defined in multiple files: 'localization/japanese/concepts_l_japanese.yml', 'localization/japanese/replace/concepts_l_japanese.yml'
[02:29:02][pdx_localize.cpp:231]: Key 'concept_executive' defined in multiple files: 'localization/japanese/concepts_l_japanese.yml', 'localization/japanese/replace/concepts_l_japanese.yml'
[02:29:02][pdx_localize.cpp:231]: Key 'concept_executives' defined in multiple files: 'localization/japanese/concepts_l_japanese.yml', 'localization/japanese/replace/concepts_l_japanese.yml'
[02:29:02][pdx_localize.cpp:231]: Key 'concept_executives_desc' defined in multiple files: 'localization/japanese/concepts_l_japanese.yml', 'localization/japanese/replace/concepts_l_japanese.yml'
[02:29:02][pdx_localize.cpp:231]: Key 'concept_executive_desc' defined in multiple files: 'localization/japanese/concepts_l_japanese.yml', 'localization/japanese/replace/concepts_l_japanese.yml'
[02:29:02][pdx_localize.cpp:231]: Key 'concept_magnate' defined in multiple files: 'localization/japanese/concepts_l_japanese.yml', 'localization/japanese/replace/concepts_l_japanese.yml'
[02:29:02][pdx_localize.cpp:231]: Key 'concept_magnates' defined in multiple files: 'localization/japanese/concepts_l_japanese.yml', 'localization/japanese/replace/concepts_l_japanese.yml'
[02:29:02][pdx_localize.cpp:231]: Key 'concept_magnates_desc' defined in multiple files: 'localization/japanese/concepts_l_japanese.yml', 'localization/japanese/replace/concepts_l_japanese.yml'
[02:29:02][pdx_localize.cpp:231]: Key 'concept_magnate_desc' defined in multiple files: 'localization/japanese/concepts_l_japanese.yml', 'localization/japanese/replace/concepts_l_japanese.yml'
[02:29:02][pdx_localize.cpp:231]: Key 'concept_magnate_holding_desc' defined in multiple files: 'localization/japanese/concepts_l_japanese.yml', 'localization/japanese/replace/concepts_l_japanese.yml'
[02:29:02][pdx_localize.cpp:231]: Key 'concept_holding' defined in multiple files: 'localization/japanese/concepts_l_japanese.yml', 'localization/japanese/replace/concepts_l_japanese.yml'
[02:29:02][pdx_localize.cpp:231]: Key 'concept_holding_desc' defined in multiple files: 'localization/japanese/concepts_l_japanese.yml', 'localization/japanese/replace/concepts_l_japanese.yml'
[02:29:02][pdx_localize.cpp:231]: Key 'concept_character_role' defined in multiple files: 'localization/japanese/concepts_l_japanese.yml', 'localization/japanese/replace/concepts_l_japanese.yml'
[02:29:02][pdx_localize.cpp:231]: Key 'concept_character_roles' defined in multiple files: 'localization/japanese/concepts_l_japanese.yml', 'localization/japanese/replace/concepts_l_japanese.yml'
[02:29:02][pdx_localize.cpp:231]: Key 'concept_character_role_desc' defined in multiple files: 'localization/japanese/concepts_l_japanese.yml', 'localization/japanese/replace/concepts_l_japanese.yml'
[02:29:02][pdx_localize.cpp:231]: Key 'concept_treasury' defined in multiple files: 'localization/japanese/concepts_l_japanese.yml', 'localization/japanese/replace/concepts_l_japanese.yml'
[02:29:02][pdx_localize.cpp:231]: Key 'concept_treasury_possessive' defined in multiple files: 'localization/japanese/concepts_l_japanese.yml', 'localization/japanese/replace/concepts_l_japanese.yml'
[02:29:02][pdx_localize.cpp:231]: Key 'concept_treasury_desc' defined in multiple files: 'localization/japanese/concepts_l_japanese.yml', 'localization/japanese/replace/concepts_l_japanese.yml'
[02:29:02][pdx_localize.cpp:231]: Key 'concept_building_balance' defined in multiple files: 'localization/japanese/concepts_l_japanese.yml', 'localization/japanese/replace/concepts_l_japanese.yml'
[02:29:02][pdx_localize.cpp:231]: Key 'concept_building_balance_profit' defined in multiple files: 'localization/japanese/concepts_l_japanese.yml', 'localization/japanese/replace/concepts_l_japanese.yml'
[02:29:02][pdx_localize.cpp:231]: Key 'concept_building_balance_desc' defined in multiple files: 'localization/japanese/concepts_l_japanese.yml', 'localization/japanese/replace/concepts_l_japanese.yml'
[02:29:02][pdx_localize.cpp:231]: Key 'concept_building_wage' defined in multiple files: 'localization/japanese/concepts_l_japanese.yml', 'localization/japanese/replace/concepts_l_japanese.yml'
[02:29:02][pdx_localize.cpp:231]: Key 'concept_building_wages' defined in multiple files: 'localization/japanese/concepts_l_japanese.yml', 'localization/japanese/replace/concepts_l_japanese.yml'
[02:29:02][pdx_localize.cpp:231]: Key 'concept_building_wage_desc' defined in multiple files: 'localization/japanese/concepts_l_japanese.yml', 'localization/japanese/replace/concepts_l_japanese.yml'
[02:29:02][pdx_localize.cpp:231]: Key 'concept_sell_orders' defined in multiple files: 'localization/japanese/concepts_l_japanese.yml', 'localization/japanese/replace/concepts_l_japanese.yml'
[02:29:02][pdx_localize.cpp:231]: Key 'concept_sell_order' defined in multiple files: 'localization/japanese/concepts_l_japanese.yml', 'localization/japanese/replace/concepts_l_japanese.yml'
[02:29:02][pdx_localize.cpp:231]: Key 'concept_sell_order_short' defined in multiple files: 'localization/japanese/concepts_l_japanese.yml', 'localization/japanese/replace/concepts_l_japanese.yml'
[02:29:02][pdx_localize.cpp:231]: Key 'concept_sell_orders_supply' defined in multiple files: 'localization/japanese/concepts_l_japanese.yml', 'localization/japanese/replace/concepts_l_japanese.yml'
[02:29:02][pdx_localize.cpp:231]: Key 'concept_sell_orders_desc' defined in multiple files: 'localization/japanese/concepts_l_japanese.yml', 'localization/japanese/replace/concepts_l_japanese.yml'
[02:29:02][pdx_localize.cpp:231]: Key 'concept_buy_orders' defined in multiple files: 'localization/japanese/concepts_l_japanese.yml', 'localization/japanese/replace/concepts_l_japanese.yml'
[02:29:02][pdx_localize.cpp:231]: Key 'concept_buy_order' defined in multiple files: 'localization/japanese/concepts_l_japanese.yml', 'localization/japanese/replace/concepts_l_japanese.yml'
[02:29:02][pdx_localize.cpp:231]: Key 'concept_buy_order_short' defined in multiple files: 'localization/japanese/concepts_l_japanese.yml', 'localization/japanese/replace/concepts_l_japanese.yml'
[02:29:02][pdx_localize.cpp:231]: Key 'concept_buy_orders_demand' defined in multiple files: 'localization/japanese/concepts_l_japanese.yml', 'localization/japanese/replace/concepts_l_japanese.yml'
[02:29:02][pdx_localize.cpp:231]: Key 'concept_buy_orders_desc' defined in multiple files: 'localization/japanese/concepts_l_japanese.yml', 'localization/japanese/replace/concepts_l_japanese.yml'
[02:29:02][pdx_localize.cpp:231]: Key 'concept_head_of_state' defined in multiple files: 'localization/japanese/concepts_l_japanese.yml', 'localization/japanese/replace/concepts_l_japanese.yml'
[02:29:02][pdx_localize.cpp:231]: Key 'concept_head_of_state_desc' defined in multiple files: 'localization/japanese/concepts_l_japanese.yml', 'localization/japanese/replace/concepts_l_japanese.yml'
[02:29:02][pdx_localize.cpp:231]: Key 'concept_head_of_state_ingame_added' defined in multiple files: 'localization/japanese/concepts_l_japanese.yml', 'localization/japanese/replace/concepts_l_japanese.yml'
[02:29:02][pdx_localize.cpp:231]: Key 'concept_government_type' defined in multiple files: 'localization/japanese/concepts_l_japanese.yml', 'localization/japanese/replace/concepts_l_japanese.yml'
[02:29:02][pdx_localize.cpp:231]: Key 'concept_government_types' defined in multiple files: 'localization/japanese/concepts_l_japanese.yml', 'localization/japanese/replace/concepts_l_japanese.yml'
[02:29:02][pdx_localize.cpp:231]: Key 'concept_government_type_transfer_of_power' defined in multiple files: 'localization/japanese/concepts_l_japanese.yml', 'localization/japanese/replace/concepts_l_japanese.yml'
[02:29:02][pdx_localize.cpp:231]: Key 'concept_government_type_desc' defined in multiple files: 'localization/japanese/concepts_l_japanese.yml', 'localization/japanese/replace/concepts_l_japanese.yml'
[02:29:02][pdx_localize.cpp:231]: Key 'concept_government_type_ingame_added' defined in multiple files: 'localization/japanese/concepts_l_japanese.yml', 'localization/japanese/replace/concepts_l_japanese.yml'
[02:29:02][pdx_localize.cpp:231]: Key 'concept_transfer_of_power' defined in multiple files: 'localization/japanese/concepts_l_japanese.yml', 'localization/japanese/replace/concepts_l_japanese.yml'
[02:29:02][pdx_localize.cpp:231]: Key 'concept_transfer_of_power_desc' defined in multiple files: 'localization/japanese/concepts_l_japanese.yml', 'localization/japanese/replace/concepts_l_japanese.yml'
[02:29:02][pdx_localize.cpp:231]: Key 'concept_recognized_power' defined in multiple files: 'localization/japanese/concepts_l_japanese.yml', 'localization/japanese/replace/concepts_l_japanese.yml'
[02:29:02][pdx_localize.cpp:231]: Key 'concept_recognized_powers' defined in multiple files: 'localization/japanese/concepts_l_japanese.yml', 'localization/japanese/replace/concepts_l_japanese.yml'
[02:29:02][pdx_localize.cpp:231]: Key 'concept_recognized_power_short' defined in multiple files: 'localization/japanese/concepts_l_japanese.yml', 'localization/japanese/replace/concepts_l_japanese.yml'
[02:29:02][pdx_localize.cpp:231]: Key 'concept_recognition' defined in multiple files: 'localization/japanese/concepts_l_japanese.yml', 'localization/japanese/replace/concepts_l_japanese.yml'
[02:29:02][pdx_localize.cpp:231]: Key 'concept_recognized_power_desc' defined in multiple files: 'localization/japanese/concepts_l_japanese.yml', 'localization/japanese/replace/concepts_l_japanese.yml'
[02:29:02][pdx_localize.cpp:231]: Key 'concept_unification_supporter' defined in multiple files: 'localization/japanese/concepts_l_japanese.yml', 'localization/japanese/replace/concepts_l_japanese.yml'
[02:29:02][pdx_localize.cpp:231]: Key 'concept_unification_supporters' defined in multiple files: 'localization/japanese/concepts_l_japanese.yml', 'localization/japanese/replace/concepts_l_japanese.yml'
[02:29:02][pdx_localize.cpp:231]: Key 'concept_unification_support' defined in multiple files: 'localization/japanese/concepts_l_japanese.yml', 'localization/japanese/replace/concepts_l_japanese.yml'
[02:29:02][pdx_localize.cpp:231]: Key 'concept_unification_supporting' defined in multiple files: 'localization/japanese/concepts_l_japanese.yml', 'localization/japanese/replace/concepts_l_japanese.yml'
[02:29:02][pdx_localize.cpp:231]: Key 'concept_unification_supporter_desc' defined in multiple files: 'localization/japanese/concepts_l_japanese.yml', 'localization/japanese/replace/concepts_l_japanese.yml'
[02:29:02][pdx_localize.cpp:231]: Key 'concept_unification_candidate' defined in multiple files: 'localization/japanese/concepts_l_japanese.yml', 'localization/japanese/replace/concepts_l_japanese.yml'
[02:29:02][pdx_localize.cpp:231]: Key 'concept_unification_candidate_short' defined in multiple files: 'localization/japanese/concepts_l_japanese.yml', 'localization/japanese/replace/concepts_l_japanese.yml'
[02:29:02][pdx_localize.cpp:231]: Key 'concept_unification_candidates' defined in multiple files: 'localization/japanese/concepts_l_japanese.yml', 'localization/japanese/replace/concepts_l_japanese.yml'
[02:29:02][pdx_localize.cpp:231]: Key 'concept_unification_candidate_desc' defined in multiple files: 'localization/japanese/concepts_l_japanese.yml', 'localization/japanese/replace/concepts_l_japanese.yml'
[02:29:02][pdx_localize.cpp:231]: Key 'concept_unification' defined in multiple files: 'localization/japanese/concepts_l_japanese.yml', 'localization/japanese/replace/concepts_l_japanese.yml'
[02:29:02][pdx_localize.cpp:231]: Key 'concept_unification_short' defined in multiple files: 'localization/japanese/concepts_l_japanese.yml', 'localization/japanese/replace/concepts_l_japanese.yml'
[02:29:02][pdx_localize.cpp:231]: Key 'concept_unify' defined in multiple files: 'localization/japanese/concepts_l_japanese.yml', 'localization/japanese/replace/concepts_l_japanese.yml'
[02:29:02][pdx_localize.cpp:231]: Key 'concept_unified' defined in multiple files: 'localization/japanese/concepts_l_japanese.yml', 'localization/japanese/replace/concepts_l_japanese.yml'
[02:29:02][pdx_localize.cpp:231]: Key 'concept_major_unification' defined in multiple files: 'localization/japanese/concepts_l_japanese.yml', 'localization/japanese/replace/concepts_l_japanese.yml'
[02:29:02][pdx_localize.cpp:231]: Key 'concept_minor_unification' defined in multiple files: 'localization/japanese/concepts_l_japanese.yml', 'localization/japanese/replace/concepts_l_japanese.yml'
[02:29:02][pdx_localize.cpp:231]: Key 'concept_unification_desc' defined in multiple files: 'localization/japanese/concepts_l_japanese.yml', 'localization/japanese/replace/concepts_l_japanese.yml'
[02:29:02][pdx_localize.cpp:231]: Key 'concept_order' defined in multiple files: 'localization/japanese/concepts_l_japanese.yml', 'localization/japanese/replace/concepts_l_japanese.yml'
[02:29:02][pdx_localize.cpp:231]: Key 'concept_orders' defined in multiple files: 'localization/japanese/concepts_l_japanese.yml', 'localization/japanese/replace/concepts_l_japanese.yml'
[02:29:02][pdx_localize.cpp:231]: Key 'concept_ordered' defined in multiple files: 'localization/japanese/concepts_l_japanese.yml', 'localization/japanese/replace/concepts_l_japanese.yml'
[02:29:02][pdx_localize.cpp:231]: Key 'concept_order_desc' defined in multiple files: 'localization/japanese/concepts_l_japanese.yml', 'localization/japanese/replace/concepts_l_japanese.yml'
[02:29:02][pdx_localize.cpp:231]: Key 'concept_naval_mission' defined in multiple files: 'localization/japanese/concepts_l_japanese.yml', 'localization/japanese/replace/concepts_l_japanese.yml'
[02:29:02][pdx_localize.cpp:231]: Key 'concept_naval_missions' defined in multiple files: 'localization/japanese/concepts_l_japanese.yml', 'localization/japanese/replace/concepts_l_japanese.yml'
[02:29:02][pdx_localize.cpp:231]: Key 'concept_naval_mission_short' defined in multiple files: 'localization/japanese/concepts_l_japanese.yml', 'localization/japanese/replace/concepts_l_japanese.yml'
[02:29:02][pdx_localize.cpp:231]: Key 'concept_naval_missions_short' defined in multiple files: 'localization/japanese/concepts_l_japanese.yml', 'localization/japanese/replace/concepts_l_japanese.yml'
[02:29:02][pdx_localize.cpp:231]: Key 'concept_naval_mission_desc' defined in multiple files: 'localization/japanese/concepts_l_japanese.yml', 'localization/japanese/replace/concepts_l_japanese.yml'
[02:29:02][pdx_localize.cpp:231]: Key 'concept_naval_mission_area_limit' defined in multiple files: 'localization/japanese/concepts_l_japanese.yml', 'localization/japanese/replace/concepts_l_japanese.yml'
[02:29:02][pdx_localize.cpp:231]: Key 'concept_naval_mission_area_limit_desc' defined in multiple files: 'localization/japanese/concepts_l_japanese.yml', 'localization/japanese/replace/concepts_l_japanese.yml'
[02:29:02][pdx_localize.cpp:231]: Key 'concept_party' defined in multiple files: 'localization/japanese/concepts_l_japanese.yml', 'localization/japanese/replace/concepts_l_japanese.yml'
[02:29:02][pdx_localize.cpp:231]: Key 'concept_parties' defined in multiple files: 'localization/japanese/concepts_l_japanese.yml', 'localization/japanese/replace/concepts_l_japanese.yml'
[02:29:02][pdx_localize.cpp:231]: Key 'concept_party_possessive' defined in multiple files: 'localization/japanese/concepts_l_japanese.yml', 'localization/japanese/replace/concepts_l_japanese.yml'
[02:29:02][pdx_localize.cpp:231]: Key 'concept_party_desc' defined in multiple files: 'localization/japanese/concepts_l_japanese.yml', 'localization/japanese/replace/concepts_l_japanese.yml'
[02:29:02][pdx_localize.cpp:231]: Key 'concept_party_leader' defined in multiple files: 'localization/japanese/concepts_l_japanese.yml', 'localization/japanese/replace/concepts_l_japanese.yml'
[02:29:02][pdx_localize.cpp:231]: Key 'concept_party_leader_short' defined in multiple files: 'localization/japanese/concepts_l_japanese.yml', 'localization/japanese/replace/concepts_l_japanese.yml'
[02:29:02][pdx_localize.cpp:231]: Key 'concept_party_leader_desc' defined in multiple files: 'localization/japanese/concepts_l_japanese.yml', 'localization/japanese/replace/concepts_l_japanese.yml'
[02:29:02][pdx_localize.cpp:231]: Key 'concept_party_leaders' defined in multiple files: 'localization/japanese/concepts_l_japanese.yml', 'localization/japanese/replace/concepts_l_japanese.yml'
[02:29:02][pdx_localize.cpp:231]: Key 'concept_party_leaders_short' defined in multiple files: 'localization/japanese/concepts_l_japanese.yml', 'localization/japanese/replace/concepts_l_japanese.yml'
[02:29:02][pdx_localize.cpp:231]: Key 'concept_party_leaders_desc' defined in multiple files: 'localization/japanese/concepts_l_japanese.yml', 'localization/japanese/replace/concepts_l_japanese.yml'
[02:29:02][pdx_localize.cpp:231]: Key 'concept_suppress' defined in multiple files: 'localization/japanese/concepts_l_japanese.yml', 'localization/japanese/replace/concepts_l_japanese.yml'
[02:29:02][pdx_localize.cpp:231]: Key 'concept_suppressed' defined in multiple files: 'localization/japanese/concepts_l_japanese.yml', 'localization/japanese/replace/concepts_l_japanese.yml'
[02:29:02][pdx_localize.cpp:231]: Key 'concept_suppressing' defined in multiple files: 'localization/japanese/concepts_l_japanese.yml', 'localization/japanese/replace/concepts_l_japanese.yml'
[02:29:02][pdx_localize.cpp:231]: Key 'concept_suppression' defined in multiple files: 'localization/japanese/concepts_l_japanese.yml', 'localization/japanese/replace/concepts_l_japanese.yml'
[02:29:02][pdx_localize.cpp:231]: Key 'concept_suppress_desc' defined in multiple files: 'localization/japanese/concepts_l_japanese.yml', 'localization/japanese/replace/concepts_l_japanese.yml'
[02:29:02][pdx_localize.cpp:231]: Key 'concept_suppress_desc_added' defined in multiple files: 'localization/japanese/concepts_l_japanese.yml', 'localization/japanese/replace/concepts_l_japanese.yml'
[02:29:02][pdx_localize.cpp:231]: Key 'concept_bolster' defined in multiple files: 'localization/japanese/concepts_l_japanese.yml', 'localization/japanese/replace/concepts_l_japanese.yml'
[02:29:02][pdx_localize.cpp:231]: Key 'concept_bolstered' defined in multiple files: 'localization/japanese/concepts_l_japanese.yml', 'localization/japanese/replace/concepts_l_japanese.yml'
[02:29:02][pdx_localize.cpp:231]: Key 'concept_bolsters' defined in multiple files: 'localization/japanese/concepts_l_japanese.yml', 'localization/japanese/replace/concepts_l_japanese.yml'
[02:29:02][pdx_localize.cpp:231]: Key 'concept_bolstering' defined in multiple files: 'localization/japanese/concepts_l_japanese.yml', 'localization/japanese/replace/concepts_l_japanese.yml'
[02:29:02][pdx_localize.cpp:231]: Key 'concept_bolster_desc' defined in multiple files: 'localization/japanese/concepts_l_japanese.yml', 'localization/japanese/replace/concepts_l_japanese.yml'
[02:29:02][pdx_localize.cpp:231]: Key 'concept_bolster_desc_added' defined in multiple files: 'localization/japanese/concepts_l_japanese.yml', 'localization/japanese/replace/concepts_l_japanese.yml'
[02:29:02][pdx_localize.cpp:231]: Key 'concept_journal_entry' defined in multiple files: 'localization/japanese/concepts_l_japanese.yml', 'localization/japanese/replace/concepts_l_japanese.yml'
[02:29:02][pdx_localize.cpp:231]: Key 'concept_journal' defined in multiple files: 'localization/japanese/concepts_l_japanese.yml', 'localization/japanese/replace/concepts_l_japanese.yml'
[02:29:02][pdx_localize.cpp:231]: Key 'concept_journal_entries' defined in multiple files: 'localization/japanese/concepts_l_japanese.yml', 'localization/japanese/replace/concepts_l_japanese.yml'
[02:29:02][pdx_localize.cpp:231]: Key 'concept_journal_entry_desc' defined in multiple files: 'localization/japanese/concepts_l_japanese.yml', 'localization/japanese/replace/concepts_l_japanese.yml'
[02:29:02][pdx_localize.cpp:231]: Key 'concept_political_lobby' defined in multiple files: 'localization/japanese/concepts_l_japanese.yml', 'localization/japanese/replace/concepts_l_japanese.yml'
[02:29:02][pdx_localize.cpp:231]: Key 'concept_political_lobby_short' defined in multiple files: 'localization/japanese/concepts_l_japanese.yml', 'localization/japanese/replace/concepts_l_japanese.yml'
[02:29:02][pdx_localize.cpp:231]: Key 'concept_political_lobbies_short' defined in multiple files: 'localization/japanese/concepts_l_japanese.yml', 'localization/japanese/replace/concepts_l_japanese.yml'
[02:29:02][pdx_localize.cpp:231]: Key 'concept_political_lobby_short_possessive' defined in multiple files: 'localization/japanese/concepts_l_japanese.yml', 'localization/japanese/replace/concepts_l_japanese.yml'
[02:29:02][pdx_localize.cpp:231]: Key 'concept_political_lobbies' defined in multiple files: 'localization/japanese/concepts_l_japanese.yml', 'localization/japanese/replace/concepts_l_japanese.yml'
[02:29:02][pdx_localize.cpp:231]: Key 'concept_political_pro_lobby' defined in multiple files: 'localization/japanese/concepts_l_japanese.yml', 'localization/japanese/replace/concepts_l_japanese.yml'
[02:29:02][pdx_localize.cpp:231]: Key 'concept_political_pro_lobbies' defined in multiple files: 'localization/japanese/concepts_l_japanese.yml', 'localization/japanese/replace/concepts_l_japanese.yml'
[02:29:02][pdx_localize.cpp:231]: Key 'concept_political_anti_lobby' defined in multiple files: 'localization/japanese/concepts_l_japanese.yml', 'localization/japanese/replace/concepts_l_japanese.yml'
[02:29:02][pdx_localize.cpp:231]: Key 'concept_political_anti_lobbies' defined in multiple files: 'localization/japanese/concepts_l_japanese.yml', 'localization/japanese/replace/concepts_l_japanese.yml'
[02:29:02][pdx_localize.cpp:231]: Key 'concept_political_lobby_desc' defined in multiple files: 'localization/japanese/concepts_l_japanese.yml', 'localization/japanese/replace/concepts_l_japanese.yml'
[02:29:02][pdx_localize.cpp:231]: Key 'concept_political_lobby_desc_DEMANDS_OPPORTUNITIES' defined in multiple files: 'localization/japanese/concepts_l_japanese.yml', 'localization/japanese/replace/concepts_l_japanese.yml'
[02:29:02][pdx_localize.cpp:231]: Key 'concept_political_lobby_appeasement' defined in multiple files: 'localization/japanese/concepts_l_japanese.yml', 'localization/japanese/replace/concepts_l_japanese.yml'
[02:29:02][pdx_localize.cpp:231]: Key 'concept_political_lobby_appease' defined in multiple files: 'localization/japanese/concepts_l_japanese.yml', 'localization/japanese/replace/concepts_l_japanese.yml'
[02:29:02][pdx_localize.cpp:231]: Key 'concept_political_lobby_appeasing' defined in multiple files: 'localization/japanese/concepts_l_japanese.yml', 'localization/japanese/replace/concepts_l_japanese.yml'
[02:29:02][pdx_localize.cpp:231]: Key 'concept_political_lobby_appeasement_desc' defined in multiple files: 'localization/japanese/concepts_l_japanese.yml', 'localization/japanese/replace/concepts_l_japanese.yml'
[02:29:02][pdx_localize.cpp:231]: Key 'concept_political_lobby_opportunity' defined in multiple files: 'localization/japanese/concepts_l_japanese.yml', 'localization/japanese/replace/concepts_l_japanese.yml'
[02:29:02][pdx_localize.cpp:231]: Key 'concept_political_lobby_opportunities_short' defined in multiple files: 'localization/japanese/concepts_l_japanese.yml', 'localization/japanese/replace/concepts_l_japanese.yml'
[02:29:02][pdx_localize.cpp:231]: Key 'concept_political_lobby_opportunity_short' defined in multiple files: 'localization/japanese/concepts_l_japanese.yml', 'localization/japanese/replace/concepts_l_japanese.yml'
[02:29:02][pdx_localize.cpp:231]: Key 'concept_political_lobby_opportunity_desc' defined in multiple files: 'localization/japanese/concepts_l_japanese.yml', 'localization/japanese/replace/concepts_l_japanese.yml'
[02:29:02][pdx_localize.cpp:231]: Key 'concept_political_lobby_demand' defined in multiple files: 'localization/japanese/concepts_l_japanese.yml', 'localization/japanese/replace/concepts_l_japanese.yml'
[02:29:02][pdx_localize.cpp:231]: Key 'concept_political_lobby_demands_short' defined in multiple files: 'localization/japanese/concepts_l_japanese.yml', 'localization/japanese/replace/concepts_l_japanese.yml'
[02:29:02][pdx_localize.cpp:231]: Key 'concept_political_lobby_demand_short' defined in multiple files: 'localization/japanese/concepts_l_japanese.yml', 'localization/japanese/replace/concepts_l_japanese.yml'
[02:29:02][pdx_localize.cpp:231]: Key 'concept_political_lobby_demand_desc' defined in multiple files: 'localization/japanese/concepts_l_japanese.yml', 'localization/japanese/replace/concepts_l_japanese.yml'
[02:29:02][pdx_localize.cpp:231]: Key 'concept_diplomatic_catalyst' defined in multiple files: 'localization/japanese/concepts_l_japanese.yml', 'localization/japanese/replace/concepts_l_japanese.yml'
[02:29:02][pdx_localize.cpp:231]: Key 'concept_diplomatic_catalyst_short' defined in multiple files: 'localization/japanese/concepts_l_japanese.yml', 'localization/japanese/replace/concepts_l_japanese.yml'
[02:29:02][pdx_localize.cpp:231]: Key 'concept_diplomatic_catalysts_short' defined in multiple files: 'localization/japanese/concepts_l_japanese.yml', 'localization/japanese/replace/concepts_l_japanese.yml'
[02:29:02][pdx_localize.cpp:231]: Key 'concept_diplomatic_catalysts' defined in multiple files: 'localization/japanese/concepts_l_japanese.yml', 'localization/japanese/replace/concepts_l_japanese.yml'
[02:29:02][pdx_localize.cpp:231]: Key 'concept_diplomatic_catalyst_desc' defined in multiple files: 'localization/japanese/concepts_l_japanese.yml', 'localization/japanese/replace/concepts_l_japanese.yml'
[02:29:02][pdx_localize.cpp:231]: Key 'concept_end_of_discussion_factor' defined in multiple files: 'localization/japanese/concepts_l_japanese.yml', 'localization/japanese/replace/concepts_l_japanese.yml'
[02:29:02][pdx_localize.cpp:231]: Key 'concept_end_of_discussion_factor_desc' defined in multiple files: 'localization/japanese/concepts_l_japanese.yml', 'localization/japanese/replace/concepts_l_japanese.yml'
[02:29:02][pdx_localize.cpp:231]: Key 'concept_enactment_of_laws' defined in multiple files: 'localization/japanese/concepts_l_japanese.yml', 'localization/japanese/replace/concepts_l_japanese.yml'
[02:29:02][pdx_localize.cpp:231]: Key 'concept_enactment_of_laws_enactment' defined in multiple files: 'localization/japanese/concepts_l_japanese.yml', 'localization/japanese/replace/concepts_l_japanese.yml'
[02:29:02][pdx_localize.cpp:231]: Key 'concept_enactment_of_laws_enact' defined in multiple files: 'localization/japanese/concepts_l_japanese.yml', 'localization/japanese/replace/concepts_l_japanese.yml'
[02:29:02][pdx_localize.cpp:231]: Key 'concept_enactment_of_laws_enacting' defined in multiple files: 'localization/japanese/concepts_l_japanese.yml', 'localization/japanese/replace/concepts_l_japanese.yml'
[02:29:02][pdx_localize.cpp:231]: Key 'concept_enactment_of_laws_enacted' defined in multiple files: 'localization/japanese/concepts_l_japanese.yml', 'localization/japanese/replace/concepts_l_japanese.yml'
[02:29:02][pdx_localize.cpp:231]: Key 'concept_enactment_of_laws_desc' defined in multiple files: 'localization/japanese/concepts_l_japanese.yml', 'localization/japanese/replace/concepts_l_japanese.yml'
[02:29:02][pdx_localize.cpp:231]: Key 'concept_enactment_of_laws_potential' defined in multiple files: 'localization/japanese/concepts_l_japanese.yml', 'localization/japanese/replace/concepts_l_japanese.yml'
[02:29:02][pdx_localize.cpp:231]: Key 'concept_enactment_success' defined in multiple files: 'localization/japanese/concepts_l_japanese.yml', 'localization/japanese/replace/concepts_l_japanese.yml'
[02:29:02][pdx_localize.cpp:231]: Key 'concept_enactment_success_short' defined in multiple files: 'localization/japanese/concepts_l_japanese.yml', 'localization/japanese/replace/concepts_l_japanese.yml'
[02:29:02][pdx_localize.cpp:231]: Key 'concept_enactment_successes' defined in multiple files: 'localization/japanese/concepts_l_japanese.yml', 'localization/japanese/replace/concepts_l_japanese.yml'
[02:29:02][pdx_localize.cpp:231]: Key 'concept_enactment_success_desc' defined in multiple files: 'localization/japanese/concepts_l_japanese.yml', 'localization/japanese/replace/concepts_l_japanese.yml'
[02:29:02][pdx_localize.cpp:231]: Key 'concept_enactment_advance' defined in multiple files: 'localization/japanese/concepts_l_japanese.yml', 'localization/japanese/replace/concepts_l_japanese.yml'
[02:29:02][pdx_localize.cpp:231]: Key 'concept_enactment_advance_short' defined in multiple files: 'localization/japanese/concepts_l_japanese.yml', 'localization/japanese/replace/concepts_l_japanese.yml'
[02:29:02][pdx_localize.cpp:231]: Key 'concept_enactment_advance_desc' defined in multiple files: 'localization/japanese/concepts_l_japanese.yml', 'localization/japanese/replace/concepts_l_japanese.yml'
[02:29:02][pdx_localize.cpp:231]: Key 'concept_enactment_debate' defined in multiple files: 'localization/japanese/concepts_l_japanese.yml', 'localization/japanese/replace/concepts_l_japanese.yml'
[02:29:02][pdx_localize.cpp:231]: Key 'concept_enactment_debate_short' defined in multiple files: 'localization/japanese/concepts_l_japanese.yml', 'localization/japanese/replace/concepts_l_japanese.yml'
[02:29:02][pdx_localize.cpp:231]: Key 'concept_enactment_debate_short_debated' defined in multiple files: 'localization/japanese/concepts_l_japanese.yml', 'localization/japanese/replace/concepts_l_japanese.yml'
[02:29:02][pdx_localize.cpp:231]: Key 'concept_enactment_debate_desc' defined in multiple files: 'localization/japanese/concepts_l_japanese.yml', 'localization/japanese/replace/concepts_l_japanese.yml'
[02:29:02][pdx_localize.cpp:231]: Key 'concept_enactment_stall' defined in multiple files: 'localization/japanese/concepts_l_japanese.yml', 'localization/japanese/replace/concepts_l_japanese.yml'
[02:29:02][pdx_localize.cpp:231]: Key 'concept_enactment_stall_short' defined in multiple files: 'localization/japanese/concepts_l_japanese.yml', 'localization/japanese/replace/concepts_l_japanese.yml'
[02:29:02][pdx_localize.cpp:231]: Key 'concept_enactment_stall_desc' defined in multiple files: 'localization/japanese/concepts_l_japanese.yml', 'localization/japanese/replace/concepts_l_japanese.yml'
[02:29:02][pdx_localize.cpp:231]: Key 'concept_base_success_chance' defined in multiple files: 'localization/japanese/concepts_l_japanese.yml', 'localization/japanese/replace/concepts_l_japanese.yml'
[02:29:02][pdx_localize.cpp:231]: Key 'concept_base_success_chance_desc' defined in multiple files: 'localization/japanese/concepts_l_japanese.yml', 'localization/japanese/replace/concepts_l_japanese.yml'
[02:29:02][pdx_localize.cpp:231]: Key 'concept_advance_factor' defined in multiple files: 'localization/japanese/concepts_l_japanese.yml', 'localization/japanese/replace/concepts_l_japanese.yml'
[02:29:02][pdx_localize.cpp:231]: Key 'concept_advance_factor_desc' defined in multiple files: 'localization/japanese/concepts_l_japanese.yml', 'localization/japanese/replace/concepts_l_japanese.yml'
[02:29:02][pdx_localize.cpp:231]: Key 'concept_migration_pull' defined in multiple files: 'localization/japanese/concepts_l_japanese.yml', 'localization/japanese/replace/concepts_l_japanese.yml'
[02:29:02][pdx_localize.cpp:231]: Key 'concept_migration_pull_short' defined in multiple files: 'localization/japanese/concepts_l_japanese.yml', 'localization/japanese/replace/concepts_l_japanese.yml'
[02:29:02][pdx_localize.cpp:231]: Key 'concept_migration_pull_desc' defined in multiple files: 'localization/japanese/concepts_l_japanese.yml', 'localization/japanese/replace/concepts_l_japanese.yml'
[02:29:02][pdx_localize.cpp:231]: Key 'concept_cultural_community' defined in multiple files: 'localization/japanese/concepts_l_japanese.yml', 'localization/japanese/replace/concepts_l_japanese.yml'
[02:29:02][pdx_localize.cpp:231]: Key 'concept_cultural_communities' defined in multiple files: 'localization/japanese/concepts_l_japanese.yml', 'localization/japanese/replace/concepts_l_japanese.yml'
[02:29:02][pdx_localize.cpp:231]: Key 'concept_cultural_community_short' defined in multiple files: 'localization/japanese/concepts_l_japanese.yml', 'localization/japanese/replace/concepts_l_japanese.yml'
[02:29:02][pdx_localize.cpp:231]: Key 'concept_cultural_community_desc' defined in multiple files: 'localization/japanese/concepts_l_japanese.yml', 'localization/japanese/replace/concepts_l_japanese.yml'
[02:29:02][pdx_localize.cpp:231]: Key 'concept_lower_strata' defined in multiple files: 'localization/japanese/concepts_l_japanese.yml', 'localization/japanese/replace/concepts_l_japanese.yml'
[02:29:02][pdx_localize.cpp:231]: Key 'concept_lower_strata_short' defined in multiple files: 'localization/japanese/concepts_l_japanese.yml', 'localization/japanese/replace/concepts_l_japanese.yml'
[02:29:02][pdx_localize.cpp:231]: Key 'concept_lower_strata_desc' defined in multiple files: 'localization/japanese/concepts_l_japanese.yml', 'localization/japanese/replace/concepts_l_japanese.yml'
[02:29:02][pdx_localize.cpp:231]: Key 'concept_middle_strata' defined in multiple files: 'localization/japanese/concepts_l_japanese.yml', 'localization/japanese/replace/concepts_l_japanese.yml'
[02:29:02][pdx_localize.cpp:231]: Key 'concept_middle_strata_short' defined in multiple files: 'localization/japanese/concepts_l_japanese.yml', 'localization/japanese/replace/concepts_l_japanese.yml'
[02:29:02][pdx_localize.cpp:231]: Key 'concept_middle_strata_desc' defined in multiple files: 'localization/japanese/concepts_l_japanese.yml', 'localization/japanese/replace/concepts_l_japanese.yml'
[02:29:02][pdx_localize.cpp:231]: Key 'concept_upper_strata' defined in multiple files: 'localization/japanese/concepts_l_japanese.yml', 'localization/japanese/replace/concepts_l_japanese.yml'
[02:29:02][pdx_localize.cpp:231]: Key 'concept_upper_strata_short' defined in multiple files: 'localization/japanese/concepts_l_japanese.yml', 'localization/japanese/replace/concepts_l_japanese.yml'
[02:29:02][pdx_localize.cpp:231]: Key 'concept_upper_strata_desc' defined in multiple files: 'localization/japanese/concepts_l_japanese.yml', 'localization/japanese/replace/concepts_l_japanese.yml'
[02:29:02][pdx_localize.cpp:231]: Key 'concept_incoming_units' defined in multiple files: 'localization/japanese/concepts_l_japanese.yml', 'localization/japanese/replace/concepts_l_japanese.yml'
[02:29:02][pdx_localize.cpp:231]: Key 'concept_incoming_units_short' defined in multiple files: 'localization/japanese/concepts_l_japanese.yml', 'localization/japanese/replace/concepts_l_japanese.yml'
[02:29:02][pdx_localize.cpp:231]: Key 'concept_incoming_units_desc' defined in multiple files: 'localization/japanese/concepts_l_japanese.yml', 'localization/japanese/replace/concepts_l_japanese.yml'
[02:29:02][pdx_localize.cpp:231]: Key 'concept_neighbors' defined in multiple files: 'localization/japanese/concepts_l_japanese.yml', 'localization/japanese/replace/concepts_l_japanese.yml'
[02:29:02][pdx_localize.cpp:231]: Key 'concept_neighboring' defined in multiple files: 'localization/japanese/concepts_l_japanese.yml', 'localization/japanese/replace/concepts_l_japanese.yml'
[02:29:02][pdx_localize.cpp:231]: Key 'concept_neighbors_desc' defined in multiple files: 'localization/japanese/concepts_l_japanese.yml', 'localization/japanese/replace/concepts_l_japanese.yml'
[02:29:02][pdx_localize.cpp:231]: Key 'concept_welfare_payments' defined in multiple files: 'localization/japanese/concepts_l_japanese.yml', 'localization/japanese/replace/concepts_l_japanese.yml'
[02:29:02][pdx_localize.cpp:231]: Key 'concept_welfare_payments_desc' defined in multiple files: 'localization/japanese/concepts_l_japanese.yml', 'localization/japanese/replace/concepts_l_japanese.yml'
[02:29:02][pdx_localize.cpp:231]: Key 'concept_sea_node' defined in multiple files: 'localization/japanese/concepts_l_japanese.yml', 'localization/japanese/replace/concepts_l_japanese.yml'
[02:29:02][pdx_localize.cpp:231]: Key 'concept_sea_nodes' defined in multiple files: 'localization/japanese/concepts_l_japanese.yml', 'localization/japanese/replace/concepts_l_japanese.yml'
[02:29:02][pdx_localize.cpp:231]: Key 'concept_sea_node_desc' defined in multiple files: 'localization/japanese/concepts_l_japanese.yml', 'localization/japanese/replace/concepts_l_japanese.yml'
[02:29:02][pdx_localize.cpp:231]: Key 'concept_sea_region' defined in multiple files: 'localization/japanese/concepts_l_japanese.yml', 'localization/japanese/replace/concepts_l_japanese.yml'
[02:29:02][pdx_localize.cpp:231]: Key 'concept_sea_regions' defined in multiple files: 'localization/japanese/concepts_l_japanese.yml', 'localization/japanese/replace/concepts_l_japanese.yml'
[02:29:02][pdx_localize.cpp:231]: Key 'concept_sea_region_short' defined in multiple files: 'localization/japanese/concepts_l_japanese.yml', 'localization/japanese/replace/concepts_l_japanese.yml'
[02:29:02][pdx_localize.cpp:231]: Key 'concept_sea_regions_short' defined in multiple files: 'localization/japanese/concepts_l_japanese.yml', 'localization/japanese/replace/concepts_l_japanese.yml'
[02:29:02][pdx_localize.cpp:231]: Key 'concept_agitator' defined in multiple files: 'localization/japanese/concepts_l_japanese.yml', 'localization/japanese/replace/concepts_l_japanese.yml'
[02:29:02][pdx_localize.cpp:231]: Key 'concept_agitators' defined in multiple files: 'localization/japanese/concepts_l_japanese.yml', 'localization/japanese/replace/concepts_l_japanese.yml'
[02:29:02][pdx_localize.cpp:231]: Key 'concept_agitate' defined in multiple files: 'localization/japanese/concepts_l_japanese.yml', 'localization/japanese/replace/concepts_l_japanese.yml'
[02:29:02][pdx_localize.cpp:231]: Key 'concept_agitator_possessive' defined in multiple files: 'localization/japanese/concepts_l_japanese.yml', 'localization/japanese/replace/concepts_l_japanese.yml'
[02:29:02][pdx_localize.cpp:231]: Key 'concept_agitator_desc' defined in multiple files: 'localization/japanese/concepts_l_japanese.yml', 'localization/japanese/replace/concepts_l_japanese.yml'
[02:29:02][pdx_localize.cpp:231]: Key 'AGITATORS_TITLE' defined in multiple files: 'localization/japanese/concepts_l_japanese.yml', 'localization/japanese/replace/concepts_l_japanese.yml'
[02:29:02][pdx_localize.cpp:231]: Key 'concept_exile' defined in multiple files: 'localization/japanese/concepts_l_japanese.yml', 'localization/japanese/replace/concepts_l_japanese.yml'
[02:29:02][pdx_localize.cpp:231]: Key 'concept_exiles' defined in multiple files: 'localization/japanese/concepts_l_japanese.yml', 'localization/japanese/replace/concepts_l_japanese.yml'
[02:29:02][pdx_localize.cpp:231]: Key 'concept_exiled' defined in multiple files: 'localization/japanese/concepts_l_japanese.yml', 'localization/japanese/replace/concepts_l_japanese.yml'
[02:29:02][pdx_localize.cpp:231]: Key 'concept_in_exile' defined in multiple files: 'localization/japanese/concepts_l_japanese.yml', 'localization/japanese/replace/concepts_l_japanese.yml'
[02:29:02][pdx_localize.cpp:231]: Key 'concept_exile_desc' defined in multiple files: 'localization/japanese/concepts_l_japanese.yml', 'localization/japanese/replace/concepts_l_japanese.yml'
[02:29:02][pdx_localize.cpp:231]: Key 'concept_message_settings_feed' defined in multiple files: 'localization/japanese/concepts_l_japanese.yml', 'localization/japanese/replace/concepts_l_japanese.yml'
[02:29:02][pdx_localize.cpp:231]: Key 'concept_message_settings_feed_desc' defined in multiple files: 'localization/japanese/concepts_l_japanese.yml', 'localization/japanese/replace/concepts_l_japanese.yml'
[02:29:02][pdx_localize.cpp:231]: Key 'concept_message_settings_toast' defined in multiple files: 'localization/japanese/concepts_l_japanese.yml', 'localization/japanese/replace/concepts_l_japanese.yml'
[02:29:02][pdx_localize.cpp:231]: Key 'concept_message_settings_toasts' defined in multiple files: 'localization/japanese/concepts_l_japanese.yml', 'localization/japanese/replace/concepts_l_japanese.yml'
[02:29:02][pdx_localize.cpp:231]: Key 'concept_message_settings_toast_desc' defined in multiple files: 'localization/japanese/concepts_l_japanese.yml', 'localization/japanese/replace/concepts_l_japanese.yml'
[02:29:02][pdx_localize.cpp:231]: Key 'concept_message_settings_popup' defined in multiple files: 'localization/japanese/concepts_l_japanese.yml', 'localization/japanese/replace/concepts_l_japanese.yml'
[02:29:02][pdx_localize.cpp:231]: Key 'concept_message_settings_popup_desc' defined in multiple files: 'localization/japanese/concepts_l_japanese.yml', 'localization/japanese/replace/concepts_l_japanese.yml'
[02:29:02][pdx_localize.cpp:231]: Key 'concept_message_settings_none' defined in multiple files: 'localization/japanese/concepts_l_japanese.yml', 'localization/japanese/replace/concepts_l_japanese.yml'
[02:29:02][pdx_localize.cpp:231]: Key 'concept_message_settings_none_desc' defined in multiple files: 'localization/japanese/concepts_l_japanese.yml', 'localization/japanese/replace/concepts_l_japanese.yml'
[02:29:02][pdx_localize.cpp:231]: Key 'concept_alert_settings_alert' defined in multiple files: 'localization/japanese/concepts_l_japanese.yml', 'localization/japanese/replace/concepts_l_japanese.yml'
[02:29:02][pdx_localize.cpp:231]: Key 'concept_alert_settings_alerts' defined in multiple files: 'localization/japanese/concepts_l_japanese.yml', 'localization/japanese/replace/concepts_l_japanese.yml'
[02:29:02][pdx_localize.cpp:231]: Key 'concept_alert_settings_alert_desc' defined in multiple files: 'localization/japanese/concepts_l_japanese.yml', 'localization/japanese/replace/concepts_l_japanese.yml'
[02:29:02][pdx_localize.cpp:231]: Key 'concept_alert_settings_important_action' defined in multiple files: 'localization/japanese/concepts_l_japanese.yml', 'localization/japanese/replace/concepts_l_japanese.yml'
[02:29:02][pdx_localize.cpp:231]: Key 'concept_alert_settings_important_actions' defined in multiple files: 'localization/japanese/concepts_l_japanese.yml', 'localization/japanese/replace/concepts_l_japanese.yml'
[02:29:02][pdx_localize.cpp:231]: Key 'concept_alert_settings_important_action_desc' defined in multiple files: 'localization/japanese/concepts_l_japanese.yml', 'localization/japanese/replace/concepts_l_japanese.yml'
[02:29:02][pdx_localize.cpp:231]: Key 'concept_alert_settings_angry_important_action' defined in multiple files: 'localization/japanese/concepts_l_japanese.yml', 'localization/japanese/replace/concepts_l_japanese.yml'
[02:29:02][pdx_localize.cpp:231]: Key 'concept_alert_settings_angry_important_actions' defined in multiple files: 'localization/japanese/concepts_l_japanese.yml', 'localization/japanese/replace/concepts_l_japanese.yml'
[02:29:02][pdx_localize.cpp:231]: Key 'concept_alert_settings_angry_important_action_desc' defined in multiple files: 'localization/japanese/concepts_l_japanese.yml', 'localization/japanese/replace/concepts_l_japanese.yml'
[02:29:02][pdx_localize.cpp:231]: Key 'concept_alert_settings_none' defined in multiple files: 'localization/japanese/concepts_l_japanese.yml', 'localization/japanese/replace/concepts_l_japanese.yml'
[02:29:02][pdx_localize.cpp:231]: Key 'concept_alert_settings_none_desc' defined in multiple files: 'localization/japanese/concepts_l_japanese.yml', 'localization/japanese/replace/concepts_l_japanese.yml'
[02:29:02][pdx_localize.cpp:231]: Key 'concept_training_rate' defined in multiple files: 'localization/japanese/concepts_l_japanese.yml', 'localization/japanese/replace/concepts_l_japanese.yml'
[02:29:02][pdx_localize.cpp:231]: Key 'concept_training_rate_desc' defined in multiple files: 'localization/japanese/concepts_l_japanese.yml', 'localization/japanese/replace/concepts_l_japanese.yml'
[02:29:02][pdx_localize.cpp:231]: Key 'concept_landing_progress' defined in multiple files: 'localization/japanese/concepts_l_japanese.yml', 'localization/japanese/replace/concepts_l_japanese.yml'
[02:29:02][pdx_localize.cpp:231]: Key 'concept_landing_progress_desc' defined in multiple files: 'localization/japanese/concepts_l_japanese.yml', 'localization/japanese/replace/concepts_l_japanese.yml'
[02:29:02][pdx_localize.cpp:231]: Key 'concept_naval_invasion_support' defined in multiple files: 'localization/japanese/concepts_l_japanese.yml', 'localization/japanese/replace/concepts_l_japanese.yml'
[02:29:02][pdx_localize.cpp:231]: Key 'concept_naval_invasion_support_desc' defined in multiple files: 'localization/japanese/concepts_l_japanese.yml', 'localization/japanese/replace/concepts_l_japanese.yml'
[02:29:02][pdx_localize.cpp:231]: Key 'concept_capitulation_desire' defined in multiple files: 'localization/japanese/concepts_l_japanese.yml', 'localization/japanese/replace/concepts_l_japanese.yml'
[02:29:02][pdx_localize.cpp:231]: Key 'concept_capitulation_desire_desc' defined in multiple files: 'localization/japanese/concepts_l_japanese.yml', 'localization/japanese/replace/concepts_l_japanese.yml'
[02:29:02][pdx_localize.cpp:231]: Key 'concept_risk' defined in multiple files: 'localization/japanese/concepts_l_japanese.yml', 'localization/japanese/replace/concepts_l_japanese.yml'
[02:29:02][pdx_localize.cpp:231]: Key 'concept_risk_desc' defined in multiple files: 'localization/japanese/concepts_l_japanese.yml', 'localization/japanese/replace/concepts_l_japanese.yml'
[02:29:02][pdx_localize.cpp:231]: Key 'concept_terrain_labels' defined in multiple files: 'localization/japanese/concepts_l_japanese.yml', 'localization/japanese/replace/concepts_l_japanese.yml'
[02:29:02][pdx_localize.cpp:231]: Key 'concept_terrain_labels_desc' defined in multiple files: 'localization/japanese/concepts_l_japanese.yml', 'localization/japanese/replace/concepts_l_japanese.yml'
[02:29:02][pdx_localize.cpp:231]: Key 'concept_job_satisfaction' defined in multiple files: 'localization/japanese/concepts_l_japanese.yml', 'localization/japanese/replace/concepts_l_japanese.yml'
[02:29:02][pdx_localize.cpp:231]: Key 'concept_job_satisfaction_satisfied' defined in multiple files: 'localization/japanese/concepts_l_japanese.yml', 'localization/japanese/replace/concepts_l_japanese.yml'
[02:29:02][pdx_localize.cpp:231]: Key 'concept_job_satisfaction_dissatisfied' defined in multiple files: 'localization/japanese/concepts_l_japanese.yml', 'localization/japanese/replace/concepts_l_japanese.yml'
[02:29:02][pdx_localize.cpp:231]: Key 'concept_job_satisfaction_desc' defined in multiple files: 'localization/japanese/concepts_l_japanese.yml', 'localization/japanese/replace/concepts_l_japanese.yml'
[02:29:02][pdx_localize.cpp:231]: Key 'concept_employment' defined in multiple files: 'localization/japanese/concepts_l_japanese.yml', 'localization/japanese/replace/concepts_l_japanese.yml'
[02:29:02][pdx_localize.cpp:231]: Key 'concept_employed' defined in multiple files: 'localization/japanese/concepts_l_japanese.yml', 'localization/japanese/replace/concepts_l_japanese.yml'
[02:29:02][pdx_localize.cpp:231]: Key 'concept_employees' defined in multiple files: 'localization/japanese/concepts_l_japanese.yml', 'localization/japanese/replace/concepts_l_japanese.yml'
[02:29:02][pdx_localize.cpp:231]: Key 'concept_employment_desc' defined in multiple files: 'localization/japanese/concepts_l_japanese.yml', 'localization/japanese/replace/concepts_l_japanese.yml'
[02:29:02][pdx_localize.cpp:231]: Key 'concept_power_bloc' defined in multiple files: 'localization/japanese/concepts_l_japanese.yml', 'localization/japanese/replace/concepts_l_japanese.yml'
[02:29:02][pdx_localize.cpp:231]: Key 'concept_power_blocs' defined in multiple files: 'localization/japanese/concepts_l_japanese.yml', 'localization/japanese/replace/concepts_l_japanese.yml'
[02:29:02][pdx_localize.cpp:231]: Key 'concept_power_bloc_possessive' defined in multiple files: 'localization/japanese/concepts_l_japanese.yml', 'localization/japanese/replace/concepts_l_japanese.yml'
[02:29:02][pdx_localize.cpp:231]: Key 'concept_power_blocs_possessive' defined in multiple files: 'localization/japanese/concepts_l_japanese.yml', 'localization/japanese/replace/concepts_l_japanese.yml'
[02:29:02][pdx_localize.cpp:231]: Key 'concept_power_bloc_short' defined in multiple files: 'localization/japanese/concepts_l_japanese.yml', 'localization/japanese/replace/concepts_l_japanese.yml'
[02:29:02][pdx_localize.cpp:231]: Key 'concept_power_bloc_shorts' defined in multiple files: 'localization/japanese/concepts_l_japanese.yml', 'localization/japanese/replace/concepts_l_japanese.yml'
[02:29:02][pdx_localize.cpp:231]: Key 'concept_power_bloc_desc' defined in multiple files: 'localization/japanese/concepts_l_japanese.yml', 'localization/japanese/replace/concepts_l_japanese.yml'
[02:29:02][pdx_localize.cpp:231]: Key 'concept_power_bloc_rank' defined in multiple files: 'localization/japanese/concepts_l_japanese.yml', 'localization/japanese/replace/concepts_l_japanese.yml'
[02:29:02][pdx_localize.cpp:231]: Key 'concept_power_bloc_rank_short' defined in multiple files: 'localization/japanese/concepts_l_japanese.yml', 'localization/japanese/replace/concepts_l_japanese.yml'
[02:29:02][pdx_localize.cpp:231]: Key 'concept_power_bloc_rank_desc' defined in multiple files: 'localization/japanese/concepts_l_japanese.yml', 'localization/japanese/replace/concepts_l_japanese.yml'
[02:29:02][pdx_localize.cpp:231]: Key 'concept_power_bloc_leader' defined in multiple files: 'localization/japanese/concepts_l_japanese.yml', 'localization/japanese/replace/concepts_l_japanese.yml'
[02:29:02][pdx_localize.cpp:231]: Key 'concept_power_bloc_leader_possessive' defined in multiple files: 'localization/japanese/concepts_l_japanese.yml', 'localization/japanese/replace/concepts_l_japanese.yml'
[02:29:02][pdx_localize.cpp:231]: Key 'concept_power_bloc_leaders' defined in multiple files: 'localization/japanese/concepts_l_japanese.yml', 'localization/japanese/replace/concepts_l_japanese.yml'
[02:29:02][pdx_localize.cpp:231]: Key 'concept_power_bloc_leader_short' defined in multiple files: 'localization/japanese/concepts_l_japanese.yml', 'localization/japanese/replace/concepts_l_japanese.yml'
[02:29:02][pdx_localize.cpp:231]: Key 'concept_power_bloc_leader_possessive_short' defined in multiple files: 'localization/japanese/concepts_l_japanese.yml', 'localization/japanese/replace/concepts_l_japanese.yml'
[02:29:02][pdx_localize.cpp:231]: Key 'concept_power_bloc_leaders_short' defined in multiple files: 'localization/japanese/concepts_l_japanese.yml', 'localization/japanese/replace/concepts_l_japanese.yml'
[02:29:02][pdx_localize.cpp:231]: Key 'concept_power_bloc_leader_extra_short' defined in multiple files: 'localization/japanese/concepts_l_japanese.yml', 'localization/japanese/replace/concepts_l_japanese.yml'
[02:29:02][pdx_localize.cpp:231]: Key 'concept_power_bloc_leader_possessive_extra_short' defined in multiple files: 'localization/japanese/concepts_l_japanese.yml', 'localization/japanese/replace/concepts_l_japanese.yml'
[02:29:02][pdx_localize.cpp:231]: Key 'concept_power_bloc_leaders_extra_short' defined in multiple files: 'localization/japanese/concepts_l_japanese.yml', 'localization/japanese/replace/concepts_l_japanese.yml'
[02:29:02][pdx_localize.cpp:231]: Key 'concept_power_bloc_leader_desc' defined in multiple files: 'localization/japanese/concepts_l_japanese.yml', 'localization/japanese/replace/concepts_l_japanese.yml'
[02:29:02][pdx_localize.cpp:231]: Key 'concept_power_bloc_member' defined in multiple files: 'localization/japanese/concepts_l_japanese.yml', 'localization/japanese/replace/concepts_l_japanese.yml'
[02:29:02][pdx_localize.cpp:231]: Key 'concept_power_bloc_members' defined in multiple files: 'localization/japanese/concepts_l_japanese.yml', 'localization/japanese/replace/concepts_l_japanese.yml'
[02:29:02][pdx_localize.cpp:231]: Key 'concept_power_bloc_member_short' defined in multiple files: 'localization/japanese/concepts_l_japanese.yml', 'localization/japanese/replace/concepts_l_japanese.yml'
[02:29:02][pdx_localize.cpp:231]: Key 'concept_power_bloc_members_short' defined in multiple files: 'localization/japanese/concepts_l_japanese.yml', 'localization/japanese/replace/concepts_l_japanese.yml'
[02:29:02][pdx_localize.cpp:231]: Key 'concept_power_bloc_member_extra_short' defined in multiple files: 'localization/japanese/concepts_l_japanese.yml', 'localization/japanese/replace/concepts_l_japanese.yml'
[02:29:02][pdx_localize.cpp:231]: Key 'concept_power_bloc_members_extra_short' defined in multiple files: 'localization/japanese/concepts_l_japanese.yml', 'localization/japanese/replace/concepts_l_japanese.yml'
[02:29:02][pdx_localize.cpp:231]: Key 'concept_power_bloc_member_non_leader' defined in multiple files: 'localization/japanese/concepts_l_japanese.yml', 'localization/japanese/replace/concepts_l_japanese.yml'
[02:29:02][pdx_localize.cpp:231]: Key 'concept_power_bloc_members_non_leader' defined in multiple files: 'localization/japanese/concepts_l_japanese.yml', 'localization/japanese/replace/concepts_l_japanese.yml'
[02:29:02][pdx_localize.cpp:231]: Key 'concept_power_bloc_member_short_non_leader' defined in multiple files: 'localization/japanese/concepts_l_japanese.yml', 'localization/japanese/replace/concepts_l_japanese.yml'
[02:29:02][pdx_localize.cpp:231]: Key 'concept_power_bloc_members_short_non_leader' defined in multiple files: 'localization/japanese/concepts_l_japanese.yml', 'localization/japanese/replace/concepts_l_japanese.yml'
[02:29:02][pdx_localize.cpp:231]: Key 'concept_power_bloc_member_extra_short_non_leader' defined in multiple files: 'localization/japanese/concepts_l_japanese.yml', 'localization/japanese/replace/concepts_l_japanese.yml'
[02:29:02][pdx_localize.cpp:231]: Key 'concept_power_bloc_members_extra_short_non_leader' defined in multiple files: 'localization/japanese/concepts_l_japanese.yml', 'localization/japanese/replace/concepts_l_japanese.yml'
[02:29:02][pdx_localize.cpp:231]: Key 'concept_power_bloc_member_desc' defined in multiple files: 'localization/japanese/concepts_l_japanese.yml', 'localization/japanese/replace/concepts_l_japanese.yml'
[02:29:02][pdx_localize.cpp:231]: Key 'concept_power_bloc_identity' defined in multiple files: 'localization/japanese/concepts_l_japanese.yml', 'localization/japanese/replace/concepts_l_japanese.yml'
[02:29:02][pdx_localize.cpp:231]: Key 'concept_power_bloc_identity_short' defined in multiple files: 'localization/japanese/concepts_l_japanese.yml', 'localization/japanese/replace/concepts_l_japanese.yml'
[02:29:02][pdx_localize.cpp:231]: Key 'concept_power_bloc_identity_extra_short' defined in multiple files: 'localization/japanese/concepts_l_japanese.yml', 'localization/japanese/replace/concepts_l_japanese.yml'
[02:29:02][pdx_localize.cpp:231]: Key 'concept_power_bloc_identity_desc' defined in multiple files: 'localization/japanese/concepts_l_japanese.yml', 'localization/japanese/replace/concepts_l_japanese.yml'
[02:29:02][pdx_localize.cpp:231]: Key 'concept_power_bloc_principle' defined in multiple files: 'localization/japanese/concepts_l_japanese.yml', 'localization/japanese/replace/concepts_l_japanese.yml'
[02:29:02][pdx_localize.cpp:231]: Key 'concept_power_bloc_principles' defined in multiple files: 'localization/japanese/concepts_l_japanese.yml', 'localization/japanese/replace/concepts_l_japanese.yml'
[02:29:02][pdx_localize.cpp:231]: Key 'concept_power_bloc_principle_desc' defined in multiple files: 'localization/japanese/concepts_l_japanese.yml', 'localization/japanese/replace/concepts_l_japanese.yml'
[02:29:02][pdx_localize.cpp:231]: Key 'concept_power_bloc_primary_principle_group' defined in multiple files: 'localization/japanese/concepts_l_japanese.yml', 'localization/japanese/replace/concepts_l_japanese.yml'
[02:29:02][pdx_localize.cpp:231]: Key 'concept_power_bloc_primary_principle_groups' defined in multiple files: 'localization/japanese/concepts_l_japanese.yml', 'localization/japanese/replace/concepts_l_japanese.yml'
[02:29:02][pdx_localize.cpp:231]: Key 'concept_power_bloc_primary_principle_group_short' defined in multiple files: 'localization/japanese/concepts_l_japanese.yml', 'localization/japanese/replace/concepts_l_japanese.yml'
[02:29:02][pdx_localize.cpp:231]: Key 'concept_power_bloc_primary_principle_groups_short' defined in multiple files: 'localization/japanese/concepts_l_japanese.yml', 'localization/japanese/replace/concepts_l_japanese.yml'
[02:29:02][pdx_localize.cpp:231]: Key 'concept_power_bloc_primary_principle_group_extra_short' defined in multiple files: 'localization/japanese/concepts_l_japanese.yml', 'localization/japanese/replace/concepts_l_japanese.yml'
[02:29:02][pdx_localize.cpp:231]: Key 'concept_power_bloc_primary_principle_group_desc' defined in multiple files: 'localization/japanese/concepts_l_japanese.yml', 'localization/japanese/replace/concepts_l_japanese.yml'
[02:29:02][pdx_localize.cpp:231]: Key 'concept_power_bloc_principle_group' defined in multiple files: 'localization/japanese/concepts_l_japanese.yml', 'localization/japanese/replace/concepts_l_japanese.yml'
[02:29:02][pdx_localize.cpp:231]: Key 'concept_power_bloc_principle_groups' defined in multiple files: 'localization/japanese/concepts_l_japanese.yml', 'localization/japanese/replace/concepts_l_japanese.yml'
[02:29:02][pdx_localize.cpp:231]: Key 'concept_power_bloc_principle_group_desc' defined in multiple files: 'localization/japanese/concepts_l_japanese.yml', 'localization/japanese/replace/concepts_l_japanese.yml'
[02:29:02][pdx_localize.cpp:231]: Key 'concept_power_bloc_mandate' defined in multiple files: 'localization/japanese/concepts_l_japanese.yml', 'localization/japanese/replace/concepts_l_japanese.yml'
[02:29:02][pdx_localize.cpp:231]: Key 'concept_power_bloc_mandates' defined in multiple files: 'localization/japanese/concepts_l_japanese.yml', 'localization/japanese/replace/concepts_l_japanese.yml'
[02:29:02][pdx_localize.cpp:231]: Key 'concept_power_bloc_mandated' defined in multiple files: 'localization/japanese/concepts_l_japanese.yml', 'localization/japanese/replace/concepts_l_japanese.yml'
[02:29:02][pdx_localize.cpp:231]: Key 'concept_power_bloc_mandating' defined in multiple files: 'localization/japanese/concepts_l_japanese.yml', 'localization/japanese/replace/concepts_l_japanese.yml'
[02:29:02][pdx_localize.cpp:231]: Key 'concept_power_bloc_mandate_desc' defined in multiple files: 'localization/japanese/concepts_l_japanese.yml', 'localization/japanese/replace/concepts_l_japanese.yml'
[02:29:02][pdx_localize.cpp:231]: Key 'concept_power_bloc_mandate_progress' defined in multiple files: 'localization/japanese/concepts_l_japanese.yml', 'localization/japanese/replace/concepts_l_japanese.yml'
[02:29:02][pdx_localize.cpp:231]: Key 'concept_power_bloc_mandate_progress_desc' defined in multiple files: 'localization/japanese/concepts_l_japanese.yml', 'localization/japanese/replace/concepts_l_japanese.yml'
[02:29:02][pdx_localize.cpp:231]: Key 'concept_power_bloc_cohesion' defined in multiple files: 'localization/japanese/concepts_l_japanese.yml', 'localization/japanese/replace/concepts_l_japanese.yml'
[02:29:02][pdx_localize.cpp:231]: Key 'concept_power_bloc_cohesion_desc' defined in multiple files: 'localization/japanese/concepts_l_japanese.yml', 'localization/japanese/replace/concepts_l_japanese.yml'
[02:29:02][pdx_localize.cpp:231]: Key 'concept_power_bloc_leverage' defined in multiple files: 'localization/japanese/concepts_l_japanese.yml', 'localization/japanese/replace/concepts_l_japanese.yml'
[02:29:02][pdx_localize.cpp:231]: Key 'concept_power_bloc_leverage_desc' defined in multiple files: 'localization/japanese/concepts_l_japanese.yml', 'localization/japanese/replace/concepts_l_japanese.yml'
[02:29:02][pdx_localize.cpp:231]: Key 'concept_power_bloc_unclaimed_leverage' defined in multiple files: 'localization/japanese/concepts_l_japanese.yml', 'localization/japanese/replace/concepts_l_japanese.yml'
[02:29:02][pdx_localize.cpp:231]: Key 'concept_power_bloc_unclaimed_leverage_short' defined in multiple files: 'localization/japanese/concepts_l_japanese.yml', 'localization/japanese/replace/concepts_l_japanese.yml'
[02:29:02][pdx_localize.cpp:231]: Key 'concept_power_bloc_unclaimed_leverage_desc' defined in multiple files: 'localization/japanese/concepts_l_japanese.yml', 'localization/japanese/replace/concepts_l_japanese.yml'
[02:29:02][pdx_localize.cpp:231]: Key 'concept_power_bloc_leverage_advantage' defined in multiple files: 'localization/japanese/concepts_l_japanese.yml', 'localization/japanese/replace/concepts_l_japanese.yml'
[02:29:02][pdx_localize.cpp:231]: Key 'concept_power_bloc_leverage_advantage_short' defined in multiple files: 'localization/japanese/concepts_l_japanese.yml', 'localization/japanese/replace/concepts_l_japanese.yml'
[02:29:02][pdx_localize.cpp:231]: Key 'concept_power_bloc_leverage_disadvantage' defined in multiple files: 'localization/japanese/concepts_l_japanese.yml', 'localization/japanese/replace/concepts_l_japanese.yml'
[02:29:02][pdx_localize.cpp:231]: Key 'concept_power_bloc_leverage_disadvantage_short' defined in multiple files: 'localization/japanese/concepts_l_japanese.yml', 'localization/japanese/replace/concepts_l_japanese.yml'
[02:29:02][pdx_localize.cpp:231]: Key 'concept_power_bloc_leverage_advantage_desc' defined in multiple files: 'localization/japanese/concepts_l_japanese.yml', 'localization/japanese/replace/concepts_l_japanese.yml'
[02:29:02][pdx_localize.cpp:231]: Key 'concept_power_bloc_leverage_share' defined in multiple files: 'localization/japanese/concepts_l_japanese.yml', 'localization/japanese/replace/concepts_l_japanese.yml'
[02:29:02][pdx_localize.cpp:231]: Key 'concept_power_bloc_leverage_share_desc' defined in multiple files: 'localization/japanese/concepts_l_japanese.yml', 'localization/japanese/replace/concepts_l_japanese.yml'
[02:29:02][pdx_localize.cpp:231]: Key 'concept_power_struggle' defined in multiple files: 'localization/japanese/concepts_l_japanese.yml', 'localization/japanese/replace/concepts_l_japanese.yml'
[02:29:02][pdx_localize.cpp:231]: Key 'concept_power_struggling' defined in multiple files: 'localization/japanese/concepts_l_japanese.yml', 'localization/japanese/replace/concepts_l_japanese.yml'
[02:29:02][pdx_localize.cpp:231]: Key 'concept_power_struggle_desc' defined in multiple files: 'localization/japanese/concepts_l_japanese.yml', 'localization/japanese/replace/concepts_l_japanese.yml'
[02:29:02][pdx_localize.cpp:231]: Key 'concept_autonomy' defined in multiple files: 'localization/japanese/concepts_l_japanese.yml', 'localization/japanese/replace/concepts_l_japanese.yml'
[02:29:02][pdx_localize.cpp:231]: Key 'concept_autonomous' defined in multiple files: 'localization/japanese/concepts_l_japanese.yml', 'localization/japanese/replace/concepts_l_japanese.yml'
[02:29:02][pdx_localize.cpp:231]: Key 'concept_autonomy_desc' defined in multiple files: 'localization/japanese/concepts_l_japanese.yml', 'localization/japanese/replace/concepts_l_japanese.yml'
[02:29:02][pdx_localize.cpp:231]: Key 'concept_economic_dependence' defined in multiple files: 'localization/japanese/concepts_l_japanese.yml', 'localization/japanese/replace/concepts_l_japanese.yml'
[02:29:02][pdx_localize.cpp:231]: Key 'concept_economic_dependence_desc' defined in multiple files: 'localization/japanese/concepts_l_japanese.yml', 'localization/japanese/replace/concepts_l_japanese.yml'
[02:29:02][pdx_localize.cpp:231]: Key 'concept_electoral_confidence' defined in multiple files: 'localization/japanese/concepts_l_japanese.yml', 'localization/japanese/replace/concepts_l_japanese.yml'
[02:29:02][pdx_localize.cpp:231]: Key 'concept_electoral_confidence_desc' defined in multiple files: 'localization/japanese/concepts_l_japanese.yml', 'localization/japanese/replace/concepts_l_japanese.yml'
[02:29:02][pdx_localize.cpp:231]: Key 'concept_princely_state' defined in multiple files: 'localization/japanese/concepts_l_japanese.yml', 'localization/japanese/replace/concepts_l_japanese.yml'
[02:29:02][pdx_localize.cpp:231]: Key 'concept_princely_states' defined in multiple files: 'localization/japanese/concepts_l_japanese.yml', 'localization/japanese/replace/concepts_l_japanese.yml'
[02:29:02][pdx_localize.cpp:231]: Key 'concept_princely_state_desc' defined in multiple files: 'localization/japanese/concepts_l_japanese.yml', 'localization/japanese/replace/concepts_l_japanese.yml'
[02:29:02][pdx_localize.cpp:231]: Key 'concept_crown_land' defined in multiple files: 'localization/japanese/concepts_l_japanese.yml', 'localization/japanese/replace/concepts_l_japanese.yml'
[02:29:02][pdx_localize.cpp:231]: Key 'concept_crown_lands' defined in multiple files: 'localization/japanese/concepts_l_japanese.yml', 'localization/japanese/replace/concepts_l_japanese.yml'
[02:29:02][pdx_localize.cpp:231]: Key 'concept_crown_land_desc' defined in multiple files: 'localization/japanese/concepts_l_japanese.yml', 'localization/japanese/replace/concepts_l_japanese.yml'
[02:29:02][pdx_localize.cpp:231]: Key 'concept_georegion' defined in multiple files: 'localization/japanese/concepts_l_japanese.yml', 'localization/japanese/replace/concepts_l_japanese.yml'
[02:29:02][pdx_localize.cpp:231]: Key 'concept_georegions' defined in multiple files: 'localization/japanese/concepts_l_japanese.yml', 'localization/japanese/replace/concepts_l_japanese.yml'
[02:29:02][pdx_localize.cpp:231]: Key 'concept_georegion_desc' defined in multiple files: 'localization/japanese/concepts_l_japanese.yml', 'localization/japanese/replace/concepts_l_japanese.yml'
[02:29:02][pdx_localize.cpp:231]: Key 'concept_privy_purse' defined in multiple files: 'localization/japanese/concepts_l_japanese.yml', 'localization/japanese/replace/concepts_l_japanese.yml'
[02:29:02][pdx_localize.cpp:231]: Key 'concept_privy_purse_desc' defined in multiple files: 'localization/japanese/concepts_l_japanese.yml', 'localization/japanese/replace/concepts_l_japanese.yml'
[02:29:02][pdx_localize.cpp:231]: Key 'concept_fervor' defined in multiple files: 'localization/japanese/concepts_l_japanese.yml', 'localization/japanese/replace/concepts_l_japanese.yml'
[02:29:02][pdx_localize.cpp:231]: Key 'concept_fervor_desc' defined in multiple files: 'localization/japanese/concepts_l_japanese.yml', 'localization/japanese/replace/concepts_l_japanese.yml'
[02:29:02][pdx_localize.cpp:231]: Key 'fervor_effects_from_citizenship_laws_tt' defined in multiple files: 'localization/japanese/concepts_l_japanese.yml', 'localization/japanese/replace/concepts_l_japanese.yml'
[02:29:02][pdx_localize.cpp:231]: Key 'concept_cultural_movement' defined in multiple files: 'localization/japanese/concepts_l_japanese.yml', 'localization/japanese/replace/concepts_l_japanese.yml'
[02:29:02][pdx_localize.cpp:231]: Key 'concept_cultural_movements' defined in multiple files: 'localization/japanese/concepts_l_japanese.yml', 'localization/japanese/replace/concepts_l_japanese.yml'
[02:29:02][pdx_localize.cpp:231]: Key 'concept_cultural_movement_desc' defined in multiple files: 'localization/japanese/concepts_l_japanese.yml', 'localization/japanese/replace/concepts_l_japanese.yml'
[02:29:02][pdx_localize.cpp:231]: Key 'concept_religious_movement' defined in multiple files: 'localization/japanese/concepts_l_japanese.yml', 'localization/japanese/replace/concepts_l_japanese.yml'
[02:29:02][pdx_localize.cpp:231]: Key 'concept_religious_movements' defined in multiple files: 'localization/japanese/concepts_l_japanese.yml', 'localization/japanese/replace/concepts_l_japanese.yml'
[02:29:02][pdx_localize.cpp:231]: Key 'concept_religious_movement_desc' defined in multiple files: 'localization/japanese/concepts_l_japanese.yml', 'localization/japanese/replace/concepts_l_japanese.yml'
[02:29:02][pdx_localize.cpp:231]: Key 'concept_dynastic_loyalty' defined in multiple files: 'localization/japanese/concepts_l_japanese.yml', 'localization/japanese/replace/concepts_l_japanese.yml'
[02:29:02][pdx_localize.cpp:231]: Key 'concept_dynastic_loyalty_desc' defined in multiple files: 'localization/japanese/concepts_l_japanese.yml', 'localization/japanese/replace/concepts_l_japanese.yml'
[02:29:02][pdx_localize.cpp:231]: Key 'concept_house_of_obrenovic' defined in multiple files: 'localization/japanese/concepts_l_japanese.yml', 'localization/japanese/replace/concepts_l_japanese.yml'
[02:29:02][pdx_localize.cpp:231]: Key 'concept_house_of_obrenovic_short' defined in multiple files: 'localization/japanese/concepts_l_japanese.yml', 'localization/japanese/replace/concepts_l_japanese.yml'
[02:29:02][pdx_localize.cpp:231]: Key 'concept_house_of_obrenovic_desc' defined in multiple files: 'localization/japanese/concepts_l_japanese.yml', 'localization/japanese/replace/concepts_l_japanese.yml'
[02:29:02][pdx_localize.cpp:231]: Key 'concept_house_of_karadjordjevic' defined in multiple files: 'localization/japanese/concepts_l_japanese.yml', 'localization/japanese/replace/concepts_l_japanese.yml'
[02:29:02][pdx_localize.cpp:231]: Key 'concept_house_of_karadjordjevic_short' defined in multiple files: 'localization/japanese/concepts_l_japanese.yml', 'localization/japanese/replace/concepts_l_japanese.yml'
[02:29:02][pdx_localize.cpp:231]: Key 'concept_house_of_karadjordjevic_desc' defined in multiple files: 'localization/japanese/concepts_l_japanese.yml', 'localization/japanese/replace/concepts_l_japanese.yml'
[02:29:02][pdx_localize.cpp:231]: Key 'concept_lands_of_anarchy_control' defined in multiple files: 'localization/japanese/concepts_l_japanese.yml', 'localization/japanese/replace/concepts_l_japanese.yml'
[02:29:02][pdx_localize.cpp:231]: Key 'concept_lands_of_anarchy_control_short' defined in multiple files: 'localization/japanese/concepts_l_japanese.yml', 'localization/japanese/replace/concepts_l_japanese.yml'
[02:29:02][pdx_localize.cpp:231]: Key 'concept_lands_of_anarchy_control_desc' defined in multiple files: 'localization/japanese/concepts_l_japanese.yml', 'localization/japanese/replace/concepts_l_japanese.yml'
[02:29:02][pdx_localize.cpp:231]: Key 'concept_austrian_constitutional_pressure' defined in multiple files: 'localization/japanese/concepts_l_japanese.yml', 'localization/japanese/replace/concepts_l_japanese.yml'
[02:29:02][pdx_localize.cpp:231]: Key 'concept_austrian_constitutional_pressure_short' defined in multiple files: 'localization/japanese/concepts_l_japanese.yml', 'localization/japanese/replace/concepts_l_japanese.yml'
[02:29:02][pdx_localize.cpp:231]: Key 'concept_austrian_constitutional_pressure_desc' defined in multiple files: 'localization/japanese/concepts_l_japanese.yml', 'localization/japanese/replace/concepts_l_japanese.yml'
[02:29:02][pdx_localize.cpp:231]: Key 'concept_coup' defined in multiple files: 'localization/japanese/concepts_l_japanese.yml', 'localization/japanese/replace/concepts_l_japanese.yml'
[02:29:02][pdx_localize.cpp:231]: Key 'concept_coups' defined in multiple files: 'localization/japanese/concepts_l_japanese.yml', 'localization/japanese/replace/concepts_l_japanese.yml'
[02:29:02][pdx_localize.cpp:231]: Key 'concept_coup_desc' defined in multiple files: 'localization/japanese/concepts_l_japanese.yml', 'localization/japanese/replace/concepts_l_japanese.yml'
[02:29:02][pdx_localize.cpp:231]: Key 'concept_coup_strength' defined in multiple files: 'localization/japanese/concepts_l_japanese.yml', 'localization/japanese/replace/concepts_l_japanese.yml'
[02:29:02][pdx_localize.cpp:231]: Key 'concept_coup_strength_short' defined in multiple files: 'localization/japanese/concepts_l_japanese.yml', 'localization/japanese/replace/concepts_l_japanese.yml'
[02:29:02][pdx_localize.cpp:231]: Key 'concept_coup_strength_desc' defined in multiple files: 'localization/japanese/concepts_l_japanese.yml', 'localization/japanese/replace/concepts_l_japanese.yml'
[02:29:02][pdx_localize.cpp:231]: Key 'concept_coup_resistance' defined in multiple files: 'localization/japanese/concepts_l_japanese.yml', 'localization/japanese/replace/concepts_l_japanese.yml'
[02:29:02][pdx_localize.cpp:231]: Key 'concept_coup_resistance_short' defined in multiple files: 'localization/japanese/concepts_l_japanese.yml', 'localization/japanese/replace/concepts_l_japanese.yml'
[02:29:02][pdx_localize.cpp:231]: Key 'concept_coup_resist' defined in multiple files: 'localization/japanese/concepts_l_japanese.yml', 'localization/japanese/replace/concepts_l_japanese.yml'
[02:29:02][pdx_localize.cpp:231]: Key 'concept_coup_resistant' defined in multiple files: 'localization/japanese/concepts_l_japanese.yml', 'localization/japanese/replace/concepts_l_japanese.yml'
[02:29:02][pdx_localize.cpp:231]: Key 'concept_coup_resistance_desc' defined in multiple files: 'localization/japanese/concepts_l_japanese.yml', 'localization/japanese/replace/concepts_l_japanese.yml'
[02:29:02][pdx_localize.cpp:231]: Key 'concept_pronunciamento' defined in multiple files: 'localization/japanese/concepts_l_japanese.yml', 'localization/japanese/replace/concepts_l_japanese.yml'
[02:29:02][pdx_localize.cpp:231]: Key 'concept_pronunciamento_desc' defined in multiple files: 'localization/japanese/concepts_l_japanese.yml', 'localization/japanese/replace/concepts_l_japanese.yml'
[02:29:02][pdx_localize.cpp:231]: Key 'concept_negotiation' defined in multiple files: 'localization/japanese/concepts_l_japanese.yml', 'localization/japanese/replace/concepts_l_japanese.yml'
[02:29:02][pdx_localize.cpp:231]: Key 'concept_negotiations' defined in multiple files: 'localization/japanese/concepts_l_japanese.yml', 'localization/japanese/replace/concepts_l_japanese.yml'
[02:29:02][pdx_localize.cpp:231]: Key 'concept_negotiating' defined in multiple files: 'localization/japanese/concepts_l_japanese.yml', 'localization/japanese/replace/concepts_l_japanese.yml'
[02:29:02][pdx_localize.cpp:231]: Key 'concept_negotiated' defined in multiple files: 'localization/japanese/concepts_l_japanese.yml', 'localization/japanese/replace/concepts_l_japanese.yml'
[02:29:02][pdx_localize.cpp:231]: Key 'concept_negotiate' defined in multiple files: 'localization/japanese/concepts_l_japanese.yml', 'localization/japanese/replace/concepts_l_japanese.yml'
[02:29:02][pdx_localize.cpp:231]: Key 'concept_negotiation_desc' defined in multiple files: 'localization/japanese/concepts_l_japanese.yml', 'localization/japanese/replace/concepts_l_japanese.yml'
[02:29:02][pdx_localize.cpp:231]: Key 'concept_amenability' defined in multiple files: 'localization/japanese/concepts_l_japanese.yml', 'localization/japanese/replace/concepts_l_japanese.yml'
[02:29:02][pdx_localize.cpp:231]: Key 'concept_amenability_desc' defined in multiple files: 'localization/japanese/concepts_l_japanese.yml', 'localization/japanese/replace/concepts_l_japanese.yml'
[02:29:02][pdx_localize.cpp:231]: Key 'concept_obstinance' defined in multiple files: 'localization/japanese/concepts_l_japanese.yml', 'localization/japanese/replace/concepts_l_japanese.yml'
[02:29:02][pdx_localize.cpp:231]: Key 'concept_obstinate' defined in multiple files: 'localization/japanese/concepts_l_japanese.yml', 'localization/japanese/replace/concepts_l_japanese.yml'
[02:29:02][pdx_localize.cpp:231]: Key 'concept_obstinance_desc' defined in multiple files: 'localization/japanese/concepts_l_japanese.yml', 'localization/japanese/replace/concepts_l_japanese.yml'
[02:29:02][pdx_localize.cpp:231]: Key 'concept_bavarocratic_ire' defined in multiple files: 'localization/japanese/concepts_l_japanese.yml', 'localization/japanese/replace/concepts_l_japanese.yml'
[02:29:02][pdx_localize.cpp:231]: Key 'concept_bavarocratic_ire_short' defined in multiple files: 'localization/japanese/concepts_l_japanese.yml', 'localization/japanese/replace/concepts_l_japanese.yml'
[02:29:02][pdx_localize.cpp:231]: Key 'concept_bavarocratic_ire_desc' defined in multiple files: 'localization/japanese/concepts_l_japanese.yml', 'localization/japanese/replace/concepts_l_japanese.yml'
[02:29:02][pdx_localize.cpp:231]: Key 'concept_disqualified_culture' defined in multiple files: 'localization/japanese/concepts_l_japanese.yml', 'localization/japanese/replace/concepts_l_japanese.yml'
[02:29:02][pdx_localize.cpp:231]: Key 'concept_disqualified_culture_short' defined in multiple files: 'localization/japanese/concepts_l_japanese.yml', 'localization/japanese/replace/concepts_l_japanese.yml'
[02:29:02][pdx_localize.cpp:231]: Key 'concept_disqualified_culture_present' defined in multiple files: 'localization/japanese/concepts_l_japanese.yml', 'localization/japanese/replace/concepts_l_japanese.yml'
[02:29:02][pdx_localize.cpp:231]: Key 'concept_disqualified_culture_verb' defined in multiple files: 'localization/japanese/concepts_l_japanese.yml', 'localization/japanese/replace/concepts_l_japanese.yml'
[02:29:02][pdx_localize.cpp:231]: Key 'concept_disqualified_culture_present_verb' defined in multiple files: 'localization/japanese/concepts_l_japanese.yml', 'localization/japanese/replace/concepts_l_japanese.yml'
[02:29:02][pdx_localize.cpp:231]: Key 'concept_disqualified_culture_desc' defined in multiple files: 'localization/japanese/concepts_l_japanese.yml', 'localization/japanese/replace/concepts_l_japanese.yml'
[02:29:02][pdx_localize.cpp:231]: Key 'concept_integrated_culture' defined in multiple files: 'localization/japanese/concepts_l_japanese.yml', 'localization/japanese/replace/concepts_l_japanese.yml'
[02:29:02][pdx_localize.cpp:231]: Key 'concept_integrated_culture_short' defined in multiple files: 'localization/japanese/concepts_l_japanese.yml', 'localization/japanese/replace/concepts_l_japanese.yml'
[02:29:02][pdx_localize.cpp:231]: Key 'concept_integrated_culture_present' defined in multiple files: 'localization/japanese/concepts_l_japanese.yml', 'localization/japanese/replace/concepts_l_japanese.yml'
[02:29:02][pdx_localize.cpp:231]: Key 'concept_integrated_culture_present_verb' defined in multiple files: 'localization/japanese/concepts_l_japanese.yml', 'localization/japanese/replace/concepts_l_japanese.yml'
[02:29:02][pdx_localize.cpp:231]: Key 'concept_integrated_culture_verb' defined in multiple files: 'localization/japanese/concepts_l_japanese.yml', 'localization/japanese/replace/concepts_l_japanese.yml'
[02:29:02][pdx_localize.cpp:231]: Key 'concept_integrated_culture_process' defined in multiple files: 'localization/japanese/concepts_l_japanese.yml', 'localization/japanese/replace/concepts_l_japanese.yml'
[02:29:02][pdx_localize.cpp:231]: Key 'concept_integrated_culture_desc' defined in multiple files: 'localization/japanese/concepts_l_japanese.yml', 'localization/japanese/replace/concepts_l_japanese.yml'
[02:29:02][pdx_localize.cpp:231]: Key 'concept_radicalized_interest_group' defined in multiple files: 'localization/japanese/concepts_l_japanese.yml', 'localization/japanese/replace/concepts_l_japanese.yml'
[02:29:02][pdx_localize.cpp:231]: Key 'concept_radicalized_interest_group_desc' defined in multiple files: 'localization/japanese/concepts_l_japanese.yml', 'localization/japanese/replace/concepts_l_japanese.yml'
[02:29:02][pdx_localize.cpp:231]: Key 'concept_strait_access' defined in multiple files: 'localization/japanese/concepts_l_japanese.yml', 'localization/japanese/replace/concepts_l_japanese.yml'
[02:29:02][pdx_localize.cpp:231]: Key 'concept_strait_accesses' defined in multiple files: 'localization/japanese/concepts_l_japanese.yml', 'localization/japanese/replace/concepts_l_japanese.yml'
[02:29:02][pdx_localize.cpp:231]: Key 'concept_strait_access_short' defined in multiple files: 'localization/japanese/concepts_l_japanese.yml', 'localization/japanese/replace/concepts_l_japanese.yml'
[02:29:02][pdx_localize.cpp:231]: Key 'concept_strait_access_desc' defined in multiple files: 'localization/japanese/concepts_l_japanese.yml', 'localization/japanese/replace/concepts_l_japanese.yml'
[02:29:02][pdx_localize.cpp:231]: Key 'concept_strait_allowed_countries' defined in multiple files: 'localization/japanese/concepts_l_japanese.yml', 'localization/japanese/replace/concepts_l_japanese.yml'
[02:29:02][pdx_localize.cpp:231]: Key 'concept_strait_allowed_countries_short' defined in multiple files: 'localization/japanese/concepts_l_japanese.yml', 'localization/japanese/replace/concepts_l_japanese.yml'
[02:29:02][pdx_localize.cpp:231]: Key 'concept_strait_allowed_countries_desc' defined in multiple files: 'localization/japanese/concepts_l_japanese.yml', 'localization/japanese/replace/concepts_l_japanese.yml'
[02:29:02][pdx_localize.cpp:231]: Key 'concept_strait_control' defined in multiple files: 'localization/japanese/concepts_l_japanese.yml', 'localization/japanese/replace/concepts_l_japanese.yml'
[02:29:02][pdx_localize.cpp:231]: Key 'concept_strait_control_short' defined in multiple files: 'localization/japanese/concepts_l_japanese.yml', 'localization/japanese/replace/concepts_l_japanese.yml'
[02:29:02][pdx_localize.cpp:231]: Key 'concept_strait_controller' defined in multiple files: 'localization/japanese/concepts_l_japanese.yml', 'localization/japanese/replace/concepts_l_japanese.yml'
[02:29:02][pdx_localize.cpp:231]: Key 'concept_strait_controller_short' defined in multiple files: 'localization/japanese/concepts_l_japanese.yml', 'localization/japanese/replace/concepts_l_japanese.yml'
[02:29:02][pdx_localize.cpp:231]: Key 'concept_strait_control_desc' defined in multiple files: 'localization/japanese/concepts_l_japanese.yml', 'localization/japanese/replace/concepts_l_japanese.yml'
[02:29:02][pdx_localize.cpp:231]: Key 'concept_japanese_emperor' defined in multiple files: 'localization/japanese/concepts_l_japanese.yml', 'localization/japanese/replace/concepts_l_japanese.yml'
[02:29:02][pdx_localize.cpp:231]: Key 'concept_japanese_emperor_desc' defined in multiple files: 'localization/japanese/concepts_l_japanese.yml', 'localization/japanese/replace/concepts_l_japanese.yml'
[02:29:02][pdx_localize.cpp:231]: Key 'concept_zaibatsu' defined in multiple files: 'localization/japanese/concepts_l_japanese.yml', 'localization/japanese/replace/concepts_l_japanese.yml'
[02:29:02][pdx_localize.cpp:231]: Key 'concept_zaibatsu_desc' defined in multiple files: 'localization/japanese/concepts_l_japanese.yml', 'localization/japanese/replace/concepts_l_japanese.yml'
[02:29:02][pdx_localize.cpp:231]: Key 'concept_raiding' defined in multiple files: 'localization/japanese/concepts_l_japanese.yml', 'localization/japanese/replace/concepts_l_japanese.yml'
[02:29:02][pdx_localize.cpp:231]: Key 'concept_raiding_short' defined in multiple files: 'localization/japanese/concepts_l_japanese.yml', 'localization/japanese/replace/concepts_l_japanese.yml'
[02:29:02][pdx_localize.cpp:231]: Key 'concept_raiding_desc' defined in multiple files: 'localization/japanese/concepts_l_japanese.yml', 'localization/japanese/replace/concepts_l_japanese.yml'
[02:29:02][pdx_localize.cpp:231]: Key 'concept_raiding_frequency' defined in multiple files: 'localization/japanese/concepts_l_japanese.yml', 'localization/japanese/replace/concepts_l_japanese.yml'
[02:29:02][pdx_localize.cpp:231]: Key 'concept_raiding_frequency_short' defined in multiple files: 'localization/japanese/concepts_l_japanese.yml', 'localization/japanese/replace/concepts_l_japanese.yml'
[02:29:02][pdx_localize.cpp:231]: Key 'concept_raiding_frequency_desc' defined in multiple files: 'localization/japanese/concepts_l_japanese.yml', 'localization/japanese/replace/concepts_l_japanese.yml'
[02:29:02][pdx_localize.cpp:231]: Key 'concept_russian_aid' defined in multiple files: 'localization/japanese/concepts_l_japanese.yml', 'localization/japanese/replace/concepts_l_japanese.yml'
[02:29:02][pdx_localize.cpp:231]: Key 'concept_russian_aid_short' defined in multiple files: 'localization/japanese/concepts_l_japanese.yml', 'localization/japanese/replace/concepts_l_japanese.yml'
[02:29:02][pdx_localize.cpp:231]: Key 'concept_russian_aid_desc' defined in multiple files: 'localization/japanese/concepts_l_japanese.yml', 'localization/japanese/replace/concepts_l_japanese.yml'
[02:29:02][pdx_localize.cpp:231]: Key 'concept_government_premium' defined in multiple files: 'localization/japanese/concepts_l_japanese.yml', 'localization/japanese/replace/concepts_l_japanese.yml'
[02:29:02][pdx_localize.cpp:231]: Key 'concept_government_premium_desc' defined in multiple files: 'localization/japanese/concepts_l_japanese.yml', 'localization/japanese/replace/concepts_l_japanese.yml'
[02:29:02][pdx_localize.cpp:231]: Key 'technology_events.1.t' defined in multiple files: 'localization/japanese/content_101_l_japanese.yml', 'localization/japanese/replace/content_101_l_japanese.yml'
[02:29:02][pdx_localize.cpp:231]: Key 'technology_events.1.d' defined in multiple files: 'localization/japanese/content_101_l_japanese.yml', 'localization/japanese/replace/content_101_l_japanese.yml'
[02:29:02][pdx_localize.cpp:231]: Key 'technology_events.1.f' defined in multiple files: 'localization/japanese/content_101_l_japanese.yml', 'localization/japanese/replace/content_101_l_japanese.yml'
[02:29:02][pdx_localize.cpp:231]: Key 'technology_events.1.a' defined in multiple files: 'localization/japanese/content_101_l_japanese.yml', 'localization/japanese/replace/content_101_l_japanese.yml'
[02:29:02][pdx_localize.cpp:231]: Key 'technology_events.1.b' defined in multiple files: 'localization/japanese/content_101_l_japanese.yml', 'localization/japanese/replace/content_101_l_japanese.yml'
[02:29:02][pdx_localize.cpp:231]: Key 'technology_events.1.c' defined in multiple files: 'localization/japanese/content_101_l_japanese.yml', 'localization/japanese/replace/content_101_l_japanese.yml'
[02:29:02][pdx_localize.cpp:231]: Key 'custom_automobile_accident_type_crash' defined in multiple files: 'localization/japanese/content_101_l_japanese.yml', 'localization/japanese/replace/content_101_l_japanese.yml'
[02:29:02][pdx_localize.cpp:231]: Key 'custom_automobile_accident_type_wall_crash' defined in multiple files: 'localization/japanese/content_101_l_japanese.yml', 'localization/japanese/replace/content_101_l_japanese.yml'
[02:29:02][pdx_localize.cpp:231]: Key 'custom_automobile_accident_type_wall_person_hit' defined in multiple files: 'localization/japanese/content_101_l_japanese.yml', 'localization/japanese/replace/content_101_l_japanese.yml'
[02:29:02][pdx_localize.cpp:231]: Key 'custom_automobile_accident_type_river' defined in multiple files: 'localization/japanese/content_101_l_japanese.yml', 'localization/japanese/replace/content_101_l_japanese.yml'
[02:29:02][pdx_localize.cpp:231]: Key 'technology_events.10.t' defined in multiple files: 'localization/japanese/content_101_l_japanese.yml', 'localization/japanese/replace/content_101_l_japanese.yml'
[02:29:02][pdx_localize.cpp:231]: Key 'technology_events.10.d' defined in multiple files: 'localization/japanese/content_101_l_japanese.yml', 'localization/japanese/replace/content_101_l_japanese.yml'
[02:29:02][pdx_localize.cpp:231]: Key 'technology_events.10.f' defined in multiple files: 'localization/japanese/content_101_l_japanese.yml', 'localization/japanese/replace/content_101_l_japanese.yml'
[02:29:02][pdx_localize.cpp:231]: Key 'technology_events.10.a' defined in multiple files: 'localization/japanese/content_101_l_japanese.yml', 'localization/japanese/replace/content_101_l_japanese.yml'
[02:29:02][pdx_localize.cpp:231]: Key 'technology_events.10.b' defined in multiple files: 'localization/japanese/content_101_l_japanese.yml', 'localization/japanese/replace/content_101_l_japanese.yml'
[02:29:02][pdx_localize.cpp:231]: Key 'technology_events.20.t' defined in multiple files: 'localization/japanese/content_101_l_japanese.yml', 'localization/japanese/replace/content_101_l_japanese.yml'
[02:29:02][pdx_localize.cpp:231]: Key 'technology_events.20.d' defined in multiple files: 'localization/japanese/content_101_l_japanese.yml', 'localization/japanese/replace/content_101_l_japanese.yml'
[02:29:02][pdx_localize.cpp:231]: Key 'technology_events.20.f' defined in multiple files: 'localization/japanese/content_101_l_japanese.yml', 'localization/japanese/replace/content_101_l_japanese.yml'
[02:29:02][pdx_localize.cpp:231]: Key 'technology_events.20.a' defined in multiple files: 'localization/japanese/content_101_l_japanese.yml', 'localization/japanese/replace/content_101_l_japanese.yml'
[02:29:02][pdx_localize.cpp:231]: Key 'technology_events.20.b' defined in multiple files: 'localization/japanese/content_101_l_japanese.yml', 'localization/japanese/replace/content_101_l_japanese.yml'
[02:29:02][pdx_localize.cpp:231]: Key 'technology_events.20.c' defined in multiple files: 'localization/japanese/content_101_l_japanese.yml', 'localization/japanese/replace/content_101_l_japanese.yml'
[02:29:02][pdx_localize.cpp:231]: Key 'modifier_radio_authority' defined in multiple files: 'localization/japanese/content_101_l_japanese.yml', 'localization/japanese/replace/content_101_l_japanese.yml'
[02:29:02][pdx_localize.cpp:231]: Key 'modifier_radio_ig' defined in multiple files: 'localization/japanese/content_101_l_japanese.yml', 'localization/japanese/replace/content_101_l_japanese.yml'
[02:29:02][pdx_localize.cpp:231]: Key 'modifier_radio_opium' defined in multiple files: 'localization/japanese/content_101_l_japanese.yml', 'localization/japanese/replace/content_101_l_japanese.yml'
[02:29:02][pdx_localize.cpp:231]: Key 'technology_events.30.t' defined in multiple files: 'localization/japanese/content_101_l_japanese.yml', 'localization/japanese/replace/content_101_l_japanese.yml'
[02:29:02][pdx_localize.cpp:231]: Key 'technology_events.30.d' defined in multiple files: 'localization/japanese/content_101_l_japanese.yml', 'localization/japanese/replace/content_101_l_japanese.yml'
[02:29:02][pdx_localize.cpp:231]: Key 'technology_events.30.f' defined in multiple files: 'localization/japanese/content_101_l_japanese.yml', 'localization/japanese/replace/content_101_l_japanese.yml'
[02:29:02][pdx_localize.cpp:231]: Key 'technology_events.30.a' defined in multiple files: 'localization/japanese/content_101_l_japanese.yml', 'localization/japanese/replace/content_101_l_japanese.yml'
[02:29:02][pdx_localize.cpp:231]: Key 'technology_events.30.b' defined in multiple files: 'localization/japanese/content_101_l_japanese.yml', 'localization/japanese/replace/content_101_l_japanese.yml'
[02:29:02][pdx_localize.cpp:231]: Key 'custom_weapon_article_machine_gun' defined in multiple files: 'localization/japanese/content_101_l_japanese.yml', 'localization/japanese/replace/content_101_l_japanese.yml'
[02:29:02][pdx_localize.cpp:231]: Key 'custom_weapon_article_chemical_weapons' defined in multiple files: 'localization/japanese/content_101_l_japanese.yml', 'localization/japanese/replace/content_101_l_japanese.yml'
[02:29:02][pdx_localize.cpp:231]: Key 'technology_events.40.t' defined in multiple files: 'localization/japanese/content_101_l_japanese.yml', 'localization/japanese/replace/content_101_l_japanese.yml'
[02:29:02][pdx_localize.cpp:231]: Key 'technology_events.40.d' defined in multiple files: 'localization/japanese/content_101_l_japanese.yml', 'localization/japanese/replace/content_101_l_japanese.yml'
[02:29:02][pdx_localize.cpp:231]: Key 'technology_events.40.f' defined in multiple files: 'localization/japanese/content_101_l_japanese.yml', 'localization/japanese/replace/content_101_l_japanese.yml'
[02:29:02][pdx_localize.cpp:231]: Key 'technology_events.40.a' defined in multiple files: 'localization/japanese/content_101_l_japanese.yml', 'localization/japanese/replace/content_101_l_japanese.yml'
[02:29:02][pdx_localize.cpp:231]: Key 'technology_events.40.b' defined in multiple files: 'localization/japanese/content_101_l_japanese.yml', 'localization/japanese/replace/content_101_l_japanese.yml'
[02:29:02][pdx_localize.cpp:231]: Key 'modifier_international_photographs' defined in multiple files: 'localization/japanese/content_101_l_japanese.yml', 'localization/japanese/replace/content_101_l_japanese.yml'
[02:29:02][pdx_localize.cpp:231]: Key 'modifier_domestic_photographs' defined in multiple files: 'localization/japanese/content_101_l_japanese.yml', 'localization/japanese/replace/content_101_l_japanese.yml'
[02:29:02][pdx_localize.cpp:231]: Key 'technology_events.50.t' defined in multiple files: 'localization/japanese/content_101_l_japanese.yml', 'localization/japanese/replace/content_101_l_japanese.yml'
[02:29:02][pdx_localize.cpp:231]: Key 'technology_events.50.d' defined in multiple files: 'localization/japanese/content_101_l_japanese.yml', 'localization/japanese/replace/content_101_l_japanese.yml'
[02:29:02][pdx_localize.cpp:231]: Key 'technology_events.50.f' defined in multiple files: 'localization/japanese/content_101_l_japanese.yml', 'localization/japanese/replace/content_101_l_japanese.yml'
[02:29:02][pdx_localize.cpp:231]: Key 'technology_events.50.a' defined in multiple files: 'localization/japanese/content_101_l_japanese.yml', 'localization/japanese/replace/content_101_l_japanese.yml'
[02:29:02][pdx_localize.cpp:231]: Key 'technology_events.50.b' defined in multiple files: 'localization/japanese/content_101_l_japanese.yml', 'localization/japanese/replace/content_101_l_japanese.yml'
[02:29:02][pdx_localize.cpp:231]: Key 'modifier_can_anger' defined in multiple files: 'localization/japanese/content_101_l_japanese.yml', 'localization/japanese/replace/content_101_l_japanese.yml'
[02:29:02][pdx_localize.cpp:231]: Key 'modifier_developing_can_opener' defined in multiple files: 'localization/japanese/content_101_l_japanese.yml', 'localization/japanese/replace/content_101_l_japanese.yml'
[02:29:02][pdx_localize.cpp:231]: Key 'modifier_weapons_regulated' defined in multiple files: 'localization/japanese/content_101_l_japanese.yml', 'localization/japanese/replace/content_101_l_japanese.yml'
[02:29:02][pdx_localize.cpp:231]: Key 'modifier_weapons_unregulated' defined in multiple files: 'localization/japanese/content_101_l_japanese.yml', 'localization/japanese/replace/content_101_l_japanese.yml'
[02:29:02][pdx_localize.cpp:231]: Key 'expedition_events.501.t' defined in multiple files: 'localization/japanese/content_101_l_japanese.yml', 'localization/japanese/replace/content_101_l_japanese.yml'
[02:29:02][pdx_localize.cpp:231]: Key 'expedition_events.501.d' defined in multiple files: 'localization/japanese/content_101_l_japanese.yml', 'localization/japanese/replace/content_101_l_japanese.yml'
[02:29:02][pdx_localize.cpp:231]: Key 'expedition_events.501.f' defined in multiple files: 'localization/japanese/content_101_l_japanese.yml', 'localization/japanese/replace/content_101_l_japanese.yml'
[02:29:02][pdx_localize.cpp:231]: Key 'expedition_events.501.a' defined in multiple files: 'localization/japanese/content_101_l_japanese.yml', 'localization/japanese/replace/content_101_l_japanese.yml'
[02:29:02][pdx_localize.cpp:231]: Key 'expedition_events.501.b' defined in multiple files: 'localization/japanese/content_101_l_japanese.yml', 'localization/japanese/replace/content_101_l_japanese.yml'
[02:29:02][pdx_localize.cpp:231]: Key 'expedition_events.502.a' defined in multiple files: 'localization/japanese/content_101_l_japanese.yml', 'localization/japanese/replace/content_101_l_japanese.yml'
[02:29:02][pdx_localize.cpp:231]: Key 'expedition_events.502.b' defined in multiple files: 'localization/japanese/content_101_l_japanese.yml', 'localization/japanese/replace/content_101_l_japanese.yml'
[02:29:02][pdx_localize.cpp:231]: Key 'expedition_events.502.c' defined in multiple files: 'localization/japanese/content_101_l_japanese.yml', 'localization/japanese/replace/content_101_l_japanese.yml'
[02:29:02][pdx_localize.cpp:231]: Key 'expedition_events.504.t' defined in multiple files: 'localization/japanese/content_101_l_japanese.yml', 'localization/japanese/replace/content_101_l_japanese.yml'
[02:29:02][pdx_localize.cpp:231]: Key 'expedition_events.504.d' defined in multiple files: 'localization/japanese/content_101_l_japanese.yml', 'localization/japanese/replace/content_101_l_japanese.yml'
[02:29:02][pdx_localize.cpp:231]: Key 'expedition_events.504.f' defined in multiple files: 'localization/japanese/content_101_l_japanese.yml', 'localization/japanese/replace/content_101_l_japanese.yml'
[02:29:02][pdx_localize.cpp:231]: Key 'expedition_events.504.a' defined in multiple files: 'localization/japanese/content_101_l_japanese.yml', 'localization/japanese/replace/content_101_l_japanese.yml'
[02:29:02][pdx_localize.cpp:231]: Key 'expedition_events.511.t' defined in multiple files: 'localization/japanese/content_101_l_japanese.yml', 'localization/japanese/replace/content_101_l_japanese.yml'
[02:29:02][pdx_localize.cpp:231]: Key 'expedition_events.511.d' defined in multiple files: 'localization/japanese/content_101_l_japanese.yml', 'localization/japanese/replace/content_101_l_japanese.yml'
[02:29:02][pdx_localize.cpp:231]: Key 'expedition_events.511.f' defined in multiple files: 'localization/japanese/content_101_l_japanese.yml', 'localization/japanese/replace/content_101_l_japanese.yml'
[02:29:02][pdx_localize.cpp:231]: Key 'expedition_events.511.a' defined in multiple files: 'localization/japanese/content_101_l_japanese.yml', 'localization/japanese/replace/content_101_l_japanese.yml'
[02:29:02][pdx_localize.cpp:231]: Key 'expedition_events.512.t' defined in multiple files: 'localization/japanese/content_101_l_japanese.yml', 'localization/japanese/replace/content_101_l_japanese.yml'
[02:29:02][pdx_localize.cpp:231]: Key 'expedition_events.512.d' defined in multiple files: 'localization/japanese/content_101_l_japanese.yml', 'localization/japanese/replace/content_101_l_japanese.yml'
[02:29:02][pdx_localize.cpp:231]: Key 'expedition_events.512.f' defined in multiple files: 'localization/japanese/content_101_l_japanese.yml', 'localization/japanese/replace/content_101_l_japanese.yml'
[02:29:02][pdx_localize.cpp:231]: Key 'expedition_events.512.a' defined in multiple files: 'localization/japanese/content_101_l_japanese.yml', 'localization/japanese/replace/content_101_l_japanese.yml'
[02:29:02][pdx_localize.cpp:231]: Key 'central_africa_expedition' defined in multiple files: 'localization/japanese/content_101_l_japanese.yml', 'localization/japanese/replace/content_101_l_japanese.yml'
[02:29:02][pdx_localize.cpp:231]: Key 'central_africa_expedition_desc' defined in multiple files: 'localization/japanese/content_101_l_japanese.yml', 'localization/japanese/replace/content_101_l_japanese.yml'
[02:29:02][pdx_localize.cpp:231]: Key 'central_africa_expedition_tooltip' defined in multiple files: 'localization/japanese/content_101_l_japanese.yml', 'localization/japanese/replace/content_101_l_japanese.yml'
[02:29:02][pdx_localize.cpp:231]: Key 'modifier_central_africa_expedition_complete' defined in multiple files: 'localization/japanese/content_101_l_japanese.yml', 'localization/japanese/replace/content_101_l_japanese.yml'
[02:29:02][pdx_localize.cpp:231]: Key 'expedition_events.520.t' defined in multiple files: 'localization/japanese/content_101_l_japanese.yml', 'localization/japanese/replace/content_101_l_japanese.yml'
[02:29:02][pdx_localize.cpp:231]: Key 'expedition_events.520.d' defined in multiple files: 'localization/japanese/content_101_l_japanese.yml', 'localization/japanese/replace/content_101_l_japanese.yml'
[02:29:02][pdx_localize.cpp:231]: Key 'expedition_events.520.f' defined in multiple files: 'localization/japanese/content_101_l_japanese.yml', 'localization/japanese/replace/content_101_l_japanese.yml'
[02:29:02][pdx_localize.cpp:231]: Key 'expedition_events.520.a' defined in multiple files: 'localization/japanese/content_101_l_japanese.yml', 'localization/japanese/replace/content_101_l_japanese.yml'
[02:29:02][pdx_localize.cpp:231]: Key 'expedition_events.520.b' defined in multiple files: 'localization/japanese/content_101_l_japanese.yml', 'localization/japanese/replace/content_101_l_japanese.yml'
[02:29:02][pdx_localize.cpp:231]: Key 'expedition_events.530.t' defined in multiple files: 'localization/japanese/content_101_l_japanese.yml', 'localization/japanese/replace/content_101_l_japanese.yml'
[02:29:02][pdx_localize.cpp:231]: Key 'expedition_events.530.d' defined in multiple files: 'localization/japanese/content_101_l_japanese.yml', 'localization/japanese/replace/content_101_l_japanese.yml'
[02:29:02][pdx_localize.cpp:231]: Key 'expedition_events.530.f' defined in multiple files: 'localization/japanese/content_101_l_japanese.yml', 'localization/japanese/replace/content_101_l_japanese.yml'
[02:29:02][pdx_localize.cpp:231]: Key 'expedition_events.530.a' defined in multiple files: 'localization/japanese/content_101_l_japanese.yml', 'localization/japanese/replace/content_101_l_japanese.yml'
[02:29:02][pdx_localize.cpp:231]: Key 'expedition_events.530.b' defined in multiple files: 'localization/japanese/content_101_l_japanese.yml', 'localization/japanese/replace/content_101_l_japanese.yml'
[02:29:02][pdx_localize.cpp:231]: Key 'expedition_events.540.t' defined in multiple files: 'localization/japanese/content_101_l_japanese.yml', 'localization/japanese/replace/content_101_l_japanese.yml'
[02:29:02][pdx_localize.cpp:231]: Key 'expedition_events.540.d' defined in multiple files: 'localization/japanese/content_101_l_japanese.yml', 'localization/japanese/replace/content_101_l_japanese.yml'
[02:29:02][pdx_localize.cpp:231]: Key 'expedition_events.540.f' defined in multiple files: 'localization/japanese/content_101_l_japanese.yml', 'localization/japanese/replace/content_101_l_japanese.yml'
[02:29:02][pdx_localize.cpp:231]: Key 'expedition_events.540.a' defined in multiple files: 'localization/japanese/content_101_l_japanese.yml', 'localization/japanese/replace/content_101_l_japanese.yml'
[02:29:02][pdx_localize.cpp:231]: Key 'expedition_events.540.b' defined in multiple files: 'localization/japanese/content_101_l_japanese.yml', 'localization/japanese/replace/content_101_l_japanese.yml'
[02:29:02][pdx_localize.cpp:231]: Key 'expedition_events.541.t' defined in multiple files: 'localization/japanese/content_101_l_japanese.yml', 'localization/japanese/replace/content_101_l_japanese.yml'
[02:29:02][pdx_localize.cpp:231]: Key 'expedition_events.541.d' defined in multiple files: 'localization/japanese/content_101_l_japanese.yml', 'localization/japanese/replace/content_101_l_japanese.yml'
[02:29:02][pdx_localize.cpp:231]: Key 'expedition_events.541.f' defined in multiple files: 'localization/japanese/content_101_l_japanese.yml', 'localization/japanese/replace/content_101_l_japanese.yml'
[02:29:02][pdx_localize.cpp:231]: Key 'expedition_events.541.a' defined in multiple files: 'localization/japanese/content_101_l_japanese.yml', 'localization/japanese/replace/content_101_l_japanese.yml'
[02:29:02][pdx_localize.cpp:231]: Key 'expedition_events.542.t' defined in multiple files: 'localization/japanese/content_101_l_japanese.yml', 'localization/japanese/replace/content_101_l_japanese.yml'
[02:29:02][pdx_localize.cpp:231]: Key 'expedition_events.542.d' defined in multiple files: 'localization/japanese/content_101_l_japanese.yml', 'localization/japanese/replace/content_101_l_japanese.yml'
[02:29:02][pdx_localize.cpp:231]: Key 'expedition_events.542.f' defined in multiple files: 'localization/japanese/content_101_l_japanese.yml', 'localization/japanese/replace/content_101_l_japanese.yml'
[02:29:02][pdx_localize.cpp:231]: Key 'expedition_events.542.a' defined in multiple files: 'localization/japanese/content_101_l_japanese.yml', 'localization/japanese/replace/content_101_l_japanese.yml'
[02:29:02][pdx_localize.cpp:231]: Key 'expedition_events.550.t' defined in multiple files: 'localization/japanese/content_101_l_japanese.yml', 'localization/japanese/replace/content_101_l_japanese.yml'
[02:29:02][pdx_localize.cpp:231]: Key 'expedition_events.550.d' defined in multiple files: 'localization/japanese/content_101_l_japanese.yml', 'localization/japanese/replace/content_101_l_japanese.yml'
[02:29:02][pdx_localize.cpp:231]: Key 'expedition_events.550.f' defined in multiple files: 'localization/japanese/content_101_l_japanese.yml', 'localization/japanese/replace/content_101_l_japanese.yml'
[02:29:02][pdx_localize.cpp:231]: Key 'expedition_events.550.a' defined in multiple files: 'localization/japanese/content_101_l_japanese.yml', 'localization/japanese/replace/content_101_l_japanese.yml'
[02:29:02][pdx_localize.cpp:231]: Key 'expedition_events.550.b' defined in multiple files: 'localization/japanese/content_101_l_japanese.yml', 'localization/japanese/replace/content_101_l_japanese.yml'
[02:29:02][pdx_localize.cpp:231]: Key 'sir_loc' defined in multiple files: 'localization/japanese/content_101_l_japanese.yml', 'localization/japanese/replace/content_101_l_japanese.yml'
[02:29:02][pdx_localize.cpp:231]: Key 'madam_loc' defined in multiple files: 'localization/japanese/content_101_l_japanese.yml', 'localization/japanese/replace/content_101_l_japanese.yml'
[02:29:02][pdx_localize.cpp:231]: Key 'mr_loc' defined in multiple files: 'localization/japanese/content_101_l_japanese.yml', 'localization/japanese/replace/content_101_l_japanese.yml'
[02:29:02][pdx_localize.cpp:231]: Key 'ms_loc' defined in multiple files: 'localization/japanese/content_101_l_japanese.yml', 'localization/japanese/replace/content_101_l_japanese.yml'
[02:29:02][pdx_localize.cpp:231]: Key 'expedition_event_delayed_tt' defined in multiple files: 'localization/japanese/content_101_l_japanese.yml', 'localization/japanese/replace/content_101_l_japanese.yml'
[02:29:02][pdx_localize.cpp:231]: Key 'expedition_events.560.t' defined in multiple files: 'localization/japanese/content_101_l_japanese.yml', 'localization/japanese/replace/content_101_l_japanese.yml'
[02:29:02][pdx_localize.cpp:231]: Key 'expedition_events.560.d' defined in multiple files: 'localization/japanese/content_101_l_japanese.yml', 'localization/japanese/replace/content_101_l_japanese.yml'
[02:29:02][pdx_localize.cpp:231]: Key 'expedition_events.560.f' defined in multiple files: 'localization/japanese/content_101_l_japanese.yml', 'localization/japanese/replace/content_101_l_japanese.yml'
[02:29:02][pdx_localize.cpp:231]: Key 'expedition_events.560.a' defined in multiple files: 'localization/japanese/content_101_l_japanese.yml', 'localization/japanese/replace/content_101_l_japanese.yml'
[02:29:02][pdx_localize.cpp:231]: Key 'expedition_events.560.b' defined in multiple files: 'localization/japanese/content_101_l_japanese.yml', 'localization/japanese/replace/content_101_l_japanese.yml'
[02:29:02][pdx_localize.cpp:231]: Key 'custom_alcohol' defined in multiple files: 'localization/japanese/content_101_l_japanese.yml', 'localization/japanese/replace/content_101_l_japanese.yml'
[02:29:02][pdx_localize.cpp:231]: Key 'custom_opium' defined in multiple files: 'localization/japanese/content_101_l_japanese.yml', 'localization/japanese/replace/content_101_l_japanese.yml'
[02:29:02][pdx_localize.cpp:231]: Key 'custom_cocaine' defined in multiple files: 'localization/japanese/content_101_l_japanese.yml', 'localization/japanese/replace/content_101_l_japanese.yml'
[02:29:02][pdx_localize.cpp:231]: Key 'NO_EFFECT' defined in multiple files: 'localization/japanese/content_101_l_japanese.yml', 'localization/japanese/replace/content_101_l_japanese.yml'
[02:29:02][pdx_localize.cpp:231]: Key 'expedition_events.570.t' defined in multiple files: 'localization/japanese/content_101_l_japanese.yml', 'localization/japanese/replace/content_101_l_japanese.yml'
[02:29:02][pdx_localize.cpp:231]: Key 'expedition_events.570.d' defined in multiple files: 'localization/japanese/content_101_l_japanese.yml', 'localization/japanese/replace/content_101_l_japanese.yml'
[02:29:02][pdx_localize.cpp:231]: Key 'expedition_events.570.f' defined in multiple files: 'localization/japanese/content_101_l_japanese.yml', 'localization/japanese/replace/content_101_l_japanese.yml'
[02:29:02][pdx_localize.cpp:231]: Key 'expedition_events.570.a' defined in multiple files: 'localization/japanese/content_101_l_japanese.yml', 'localization/japanese/replace/content_101_l_japanese.yml'
[02:29:02][pdx_localize.cpp:231]: Key 'expedition_events.570.b' defined in multiple files: 'localization/japanese/content_101_l_japanese.yml', 'localization/japanese/replace/content_101_l_japanese.yml'
[02:29:02][pdx_localize.cpp:231]: Key 'modifier_expedition_geographic_study' defined in multiple files: 'localization/japanese/content_101_l_japanese.yml', 'localization/japanese/replace/content_101_l_japanese.yml'
[02:29:02][pdx_localize.cpp:231]: Key 'modifier_expedition_geographic_study_desc' defined in multiple files: 'localization/japanese/content_101_l_japanese.yml', 'localization/japanese/replace/content_101_l_japanese.yml'
[02:29:02][pdx_localize.cpp:231]: Key 'expedition_event_peril_tt' defined in multiple files: 'localization/japanese/content_101_l_japanese.yml', 'localization/japanese/replace/content_101_l_japanese.yml'
[02:29:02][pdx_localize.cpp:231]: Key 'expedition_peril_explanation_tt' defined in multiple files: 'localization/japanese/content_101_l_japanese.yml', 'localization/japanese/replace/content_101_l_japanese.yml'
[02:29:02][pdx_localize.cpp:231]: Key 'modifier_expedition_rhino_hunt' defined in multiple files: 'localization/japanese/content_101_l_japanese.yml', 'localization/japanese/replace/content_101_l_japanese.yml'
[02:29:02][pdx_localize.cpp:231]: Key 'crime_events.1.t' defined in multiple files: 'localization/japanese/content_101_l_japanese.yml', 'localization/japanese/replace/content_101_l_japanese.yml'
[02:29:02][pdx_localize.cpp:231]: Key 'crime_events.1.d' defined in multiple files: 'localization/japanese/content_101_l_japanese.yml', 'localization/japanese/replace/content_101_l_japanese.yml'
[02:29:02][pdx_localize.cpp:231]: Key 'crime_events.1.f' defined in multiple files: 'localization/japanese/content_101_l_japanese.yml', 'localization/japanese/replace/content_101_l_japanese.yml'
[02:29:02][pdx_localize.cpp:231]: Key 'crime_events.1.a' defined in multiple files: 'localization/japanese/content_101_l_japanese.yml', 'localization/japanese/replace/content_101_l_japanese.yml'
[02:29:02][pdx_localize.cpp:231]: Key 'crime_events.1.b' defined in multiple files: 'localization/japanese/content_101_l_japanese.yml', 'localization/japanese/replace/content_101_l_japanese.yml'
[02:29:02][pdx_localize.cpp:231]: Key 'custom_gang' defined in multiple files: 'localization/japanese/content_101_l_japanese.yml', 'localization/japanese/replace/content_101_l_japanese.yml'
[02:29:02][pdx_localize.cpp:231]: Key 'custom_brothers' defined in multiple files: 'localization/japanese/content_101_l_japanese.yml', 'localization/japanese/replace/content_101_l_japanese.yml'
[02:29:02][pdx_localize.cpp:231]: Key 'custom_sisters' defined in multiple files: 'localization/japanese/content_101_l_japanese.yml', 'localization/japanese/replace/content_101_l_japanese.yml'
[02:29:02][pdx_localize.cpp:231]: Key 'custom_outlaws' defined in multiple files: 'localization/japanese/content_101_l_japanese.yml', 'localization/japanese/replace/content_101_l_japanese.yml'
[02:29:02][pdx_localize.cpp:231]: Key 'custom_bunch' defined in multiple files: 'localization/japanese/content_101_l_japanese.yml', 'localization/japanese/replace/content_101_l_japanese.yml'
[02:29:02][pdx_localize.cpp:231]: Key 'custom_wild_bunch' defined in multiple files: 'localization/japanese/content_101_l_japanese.yml', 'localization/japanese/replace/content_101_l_japanese.yml'
[02:29:02][pdx_localize.cpp:231]: Key 'modifier_train_robberies' defined in multiple files: 'localization/japanese/content_101_l_japanese.yml', 'localization/japanese/replace/content_101_l_japanese.yml'
[02:29:02][pdx_localize.cpp:231]: Key 'funding_marshals' defined in multiple files: 'localization/japanese/content_101_l_japanese.yml', 'localization/japanese/replace/content_101_l_japanese.yml'
[02:29:02][pdx_localize.cpp:231]: Key 'crime_events.2.t' defined in multiple files: 'localization/japanese/content_101_l_japanese.yml', 'localization/japanese/replace/content_101_l_japanese.yml'
[02:29:02][pdx_localize.cpp:231]: Key 'crime_events.2.d' defined in multiple files: 'localization/japanese/content_101_l_japanese.yml', 'localization/japanese/replace/content_101_l_japanese.yml'
[02:29:02][pdx_localize.cpp:231]: Key 'crime_events.2.f' defined in multiple files: 'localization/japanese/content_101_l_japanese.yml', 'localization/japanese/replace/content_101_l_japanese.yml'
[02:29:02][pdx_localize.cpp:231]: Key 'crime_events.2.a' defined in multiple files: 'localization/japanese/content_101_l_japanese.yml', 'localization/japanese/replace/content_101_l_japanese.yml'
[02:29:02][pdx_localize.cpp:231]: Key 'crime_events.2.b' defined in multiple files: 'localization/japanese/content_101_l_japanese.yml', 'localization/japanese/replace/content_101_l_japanese.yml'
[02:29:02][pdx_localize.cpp:231]: Key 'modifier_organised_crime_suppressed' defined in multiple files: 'localization/japanese/content_101_l_japanese.yml', 'localization/japanese/replace/content_101_l_japanese.yml'
[02:29:02][pdx_localize.cpp:231]: Key 'modifier_organised_crime' defined in multiple files: 'localization/japanese/content_101_l_japanese.yml', 'localization/japanese/replace/content_101_l_japanese.yml'
[02:29:02][pdx_localize.cpp:231]: Key 'crime_events.10.t' defined in multiple files: 'localization/japanese/content_101_l_japanese.yml', 'localization/japanese/replace/content_101_l_japanese.yml'
[02:29:02][pdx_localize.cpp:231]: Key 'crime_events.10.d' defined in multiple files: 'localization/japanese/content_101_l_japanese.yml', 'localization/japanese/replace/content_101_l_japanese.yml'
[02:29:02][pdx_localize.cpp:231]: Key 'crime_events.10.f' defined in multiple files: 'localization/japanese/content_101_l_japanese.yml', 'localization/japanese/replace/content_101_l_japanese.yml'
[02:29:02][pdx_localize.cpp:231]: Key 'crime_events.10.a' defined in multiple files: 'localization/japanese/content_101_l_japanese.yml', 'localization/japanese/replace/content_101_l_japanese.yml'
[02:29:02][pdx_localize.cpp:231]: Key 'crime_events.11.t' defined in multiple files: 'localization/japanese/content_101_l_japanese.yml', 'localization/japanese/replace/content_101_l_japanese.yml'
[02:29:02][pdx_localize.cpp:231]: Key 'crime_events.11.d' defined in multiple files: 'localization/japanese/content_101_l_japanese.yml', 'localization/japanese/replace/content_101_l_japanese.yml'
[02:29:02][pdx_localize.cpp:231]: Key 'crime_events.11.d2' defined in multiple files: 'localization/japanese/content_101_l_japanese.yml', 'localization/japanese/replace/content_101_l_japanese.yml'
[02:29:02][pdx_localize.cpp:231]: Key 'crime_events.11.f' defined in multiple files: 'localization/japanese/content_101_l_japanese.yml', 'localization/japanese/replace/content_101_l_japanese.yml'
[02:29:02][pdx_localize.cpp:231]: Key 'crime_events.11.a' defined in multiple files: 'localization/japanese/content_101_l_japanese.yml', 'localization/japanese/replace/content_101_l_japanese.yml'
[02:29:02][pdx_localize.cpp:231]: Key 'crime_events.11.b' defined in multiple files: 'localization/japanese/content_101_l_japanese.yml', 'localization/japanese/replace/content_101_l_japanese.yml'
[02:29:02][pdx_localize.cpp:231]: Key 'crime_events.12.t' defined in multiple files: 'localization/japanese/content_101_l_japanese.yml', 'localization/japanese/replace/content_101_l_japanese.yml'
[02:29:02][pdx_localize.cpp:231]: Key 'crime_events.12.d' defined in multiple files: 'localization/japanese/content_101_l_japanese.yml', 'localization/japanese/replace/content_101_l_japanese.yml'
[02:29:02][pdx_localize.cpp:231]: Key 'crime_events.12.f' defined in multiple files: 'localization/japanese/content_101_l_japanese.yml', 'localization/japanese/replace/content_101_l_japanese.yml'
[02:29:02][pdx_localize.cpp:231]: Key 'crime_events.12.a' defined in multiple files: 'localization/japanese/content_101_l_japanese.yml', 'localization/japanese/replace/content_101_l_japanese.yml'
[02:29:02][pdx_localize.cpp:231]: Key 'crime_events.12.b' defined in multiple files: 'localization/japanese/content_101_l_japanese.yml', 'localization/japanese/replace/content_101_l_japanese.yml'
[02:29:02][pdx_localize.cpp:231]: Key 'crime_events.12.c' defined in multiple files: 'localization/japanese/content_101_l_japanese.yml', 'localization/japanese/replace/content_101_l_japanese.yml'
[02:29:02][pdx_localize.cpp:231]: Key 'crime_events.13.t' defined in multiple files: 'localization/japanese/content_101_l_japanese.yml', 'localization/japanese/replace/content_101_l_japanese.yml'
[02:29:02][pdx_localize.cpp:231]: Key 'crime_events.13.d' defined in multiple files: 'localization/japanese/content_101_l_japanese.yml', 'localization/japanese/replace/content_101_l_japanese.yml'
[02:29:02][pdx_localize.cpp:231]: Key 'crime_events.13.f' defined in multiple files: 'localization/japanese/content_101_l_japanese.yml', 'localization/japanese/replace/content_101_l_japanese.yml'
[02:29:02][pdx_localize.cpp:231]: Key 'crime_events.13.a' defined in multiple files: 'localization/japanese/content_101_l_japanese.yml', 'localization/japanese/replace/content_101_l_japanese.yml'
[02:29:02][pdx_localize.cpp:231]: Key 'crime_events.13.b' defined in multiple files: 'localization/japanese/content_101_l_japanese.yml', 'localization/japanese/replace/content_101_l_japanese.yml'
[02:29:02][pdx_localize.cpp:231]: Key 'modifier_public_worried' defined in multiple files: 'localization/japanese/content_101_l_japanese.yml', 'localization/japanese/replace/content_101_l_japanese.yml'
[02:29:02][pdx_localize.cpp:231]: Key 'modifier_killer_caught' defined in multiple files: 'localization/japanese/content_101_l_japanese.yml', 'localization/japanese/replace/content_101_l_japanese.yml'
[02:29:02][pdx_localize.cpp:231]: Key 'custom_disembowled' defined in multiple files: 'localization/japanese/content_101_l_japanese.yml', 'localization/japanese/replace/content_101_l_japanese.yml'
[02:29:02][pdx_localize.cpp:231]: Key 'custom_face_removed' defined in multiple files: 'localization/japanese/content_101_l_japanese.yml', 'localization/japanese/replace/content_101_l_japanese.yml'
[02:29:02][pdx_localize.cpp:231]: Key 'custom_surgical' defined in multiple files: 'localization/japanese/content_101_l_japanese.yml', 'localization/japanese/replace/content_101_l_japanese.yml'
[02:29:02][pdx_localize.cpp:231]: Key 'custom_crocodile' defined in multiple files: 'localization/japanese/content_101_l_japanese.yml', 'localization/japanese/replace/content_101_l_japanese.yml'
[02:29:02][pdx_localize.cpp:231]: Key 'custom_strangled' defined in multiple files: 'localization/japanese/content_101_l_japanese.yml', 'localization/japanese/replace/content_101_l_japanese.yml'
[02:29:02][pdx_localize.cpp:231]: Key 'custom_stabbed' defined in multiple files: 'localization/japanese/content_101_l_japanese.yml', 'localization/japanese/replace/content_101_l_japanese.yml'
[02:29:02][pdx_localize.cpp:231]: Key 'ACTIVE_LAWS_DESC' defined in multiple files: 'localization/japanese/content_101_l_japanese.yml', 'localization/japanese/replace/content_101_l_japanese.yml'
[02:29:02][pdx_localize.cpp:231]: Key 'decentralized_power' defined in multiple files: 'localization/japanese/content_101_l_japanese.yml', 'localization/japanese/replace/content_101_l_japanese.yml'
[02:29:02][pdx_localize.cpp:231]: Key 'natural_disaster_events.1.t' defined in multiple files: 'localization/japanese/content_101_l_japanese.yml', 'localization/japanese/replace/content_101_l_japanese.yml'
[02:29:02][pdx_localize.cpp:231]: Key 'natural_disaster_events.1.d' defined in multiple files: 'localization/japanese/content_101_l_japanese.yml', 'localization/japanese/replace/content_101_l_japanese.yml'
[02:29:02][pdx_localize.cpp:231]: Key 'natural_disaster_events.1.f' defined in multiple files: 'localization/japanese/content_101_l_japanese.yml', 'localization/japanese/replace/content_101_l_japanese.yml'
[02:29:02][pdx_localize.cpp:231]: Key 'natural_disaster_events.1.a' defined in multiple files: 'localization/japanese/content_101_l_japanese.yml', 'localization/japanese/replace/content_101_l_japanese.yml'
[02:29:02][pdx_localize.cpp:231]: Key 'natural_disaster_events.1.b' defined in multiple files: 'localization/japanese/content_101_l_japanese.yml', 'localization/japanese/replace/content_101_l_japanese.yml'
[02:29:02][pdx_localize.cpp:231]: Key 'modifier_earthquake_relief' defined in multiple files: 'localization/japanese/content_101_l_japanese.yml', 'localization/japanese/replace/content_101_l_japanese.yml'
[02:29:02][pdx_localize.cpp:231]: Key 'natural_disaster_events.2.t' defined in multiple files: 'localization/japanese/content_101_l_japanese.yml', 'localization/japanese/replace/content_101_l_japanese.yml'
[02:29:02][pdx_localize.cpp:231]: Key 'natural_disaster_events.2.d' defined in multiple files: 'localization/japanese/content_101_l_japanese.yml', 'localization/japanese/replace/content_101_l_japanese.yml'
[02:29:02][pdx_localize.cpp:231]: Key 'natural_disaster_events.2.f' defined in multiple files: 'localization/japanese/content_101_l_japanese.yml', 'localization/japanese/replace/content_101_l_japanese.yml'
[02:29:02][pdx_localize.cpp:231]: Key 'natural_disaster_events.2.a' defined in multiple files: 'localization/japanese/content_101_l_japanese.yml', 'localization/japanese/replace/content_101_l_japanese.yml'
[02:29:02][pdx_localize.cpp:231]: Key 'natural_disaster_events.2.b' defined in multiple files: 'localization/japanese/content_101_l_japanese.yml', 'localization/japanese/replace/content_101_l_japanese.yml'
[02:29:02][pdx_localize.cpp:231]: Key 'modifier_flood_relief' defined in multiple files: 'localization/japanese/content_101_l_japanese.yml', 'localization/japanese/replace/content_101_l_japanese.yml'
[02:29:02][pdx_localize.cpp:231]: Key 'local_river' defined in multiple files: 'localization/japanese/content_101_l_japanese.yml', 'localization/japanese/replace/content_101_l_japanese.yml'
[02:29:02][pdx_localize.cpp:231]: Key 'natural_disaster_events.3.t' defined in multiple files: 'localization/japanese/content_101_l_japanese.yml', 'localization/japanese/replace/content_101_l_japanese.yml'
[02:29:02][pdx_localize.cpp:231]: Key 'natural_disaster_events.3.d' defined in multiple files: 'localization/japanese/content_101_l_japanese.yml', 'localization/japanese/replace/content_101_l_japanese.yml'
[02:29:02][pdx_localize.cpp:231]: Key 'natural_disaster_events.3.f' defined in multiple files: 'localization/japanese/content_101_l_japanese.yml', 'localization/japanese/replace/content_101_l_japanese.yml'
[02:29:02][pdx_localize.cpp:231]: Key 'natural_disaster_events.3.a' defined in multiple files: 'localization/japanese/content_101_l_japanese.yml', 'localization/japanese/replace/content_101_l_japanese.yml'
[02:29:02][pdx_localize.cpp:231]: Key 'natural_disaster_events.3.b' defined in multiple files: 'localization/japanese/content_101_l_japanese.yml', 'localization/japanese/replace/content_101_l_japanese.yml'
[02:29:02][pdx_localize.cpp:231]: Key 'natural_disaster_events.4.t' defined in multiple files: 'localization/japanese/content_101_l_japanese.yml', 'localization/japanese/replace/content_101_l_japanese.yml'
[02:29:02][pdx_localize.cpp:231]: Key 'natural_disaster_events.4.d' defined in multiple files: 'localization/japanese/content_101_l_japanese.yml', 'localization/japanese/replace/content_101_l_japanese.yml'
[02:29:02][pdx_localize.cpp:231]: Key 'natural_disaster_events.4.f' defined in multiple files: 'localization/japanese/content_101_l_japanese.yml', 'localization/japanese/replace/content_101_l_japanese.yml'
[02:29:02][pdx_localize.cpp:231]: Key 'natural_disaster_events.4.a' defined in multiple files: 'localization/japanese/content_101_l_japanese.yml', 'localization/japanese/replace/content_101_l_japanese.yml'
[02:29:02][pdx_localize.cpp:231]: Key 'natural_disaster_events.4.b' defined in multiple files: 'localization/japanese/content_101_l_japanese.yml', 'localization/japanese/replace/content_101_l_japanese.yml'
[02:29:02][pdx_localize.cpp:231]: Key 'modifier_mega_earthquake_relief' defined in multiple files: 'localization/japanese/content_101_l_japanese.yml', 'localization/japanese/replace/content_101_l_japanese.yml'
[02:29:02][pdx_localize.cpp:231]: Key 'natural_disaster_events.5.t' defined in multiple files: 'localization/japanese/content_101_l_japanese.yml', 'localization/japanese/replace/content_101_l_japanese.yml'
[02:29:02][pdx_localize.cpp:231]: Key 'natural_disaster_events.5.d' defined in multiple files: 'localization/japanese/content_101_l_japanese.yml', 'localization/japanese/replace/content_101_l_japanese.yml'
[02:29:02][pdx_localize.cpp:231]: Key 'natural_disaster_events.5.f' defined in multiple files: 'localization/japanese/content_101_l_japanese.yml', 'localization/japanese/replace/content_101_l_japanese.yml'
[02:29:02][pdx_localize.cpp:231]: Key 'natural_disaster_events.5.a' defined in multiple files: 'localization/japanese/content_101_l_japanese.yml', 'localization/japanese/replace/content_101_l_japanese.yml'
[02:29:02][pdx_localize.cpp:231]: Key 'natural_disaster_events.5.b' defined in multiple files: 'localization/japanese/content_101_l_japanese.yml', 'localization/japanese/replace/content_101_l_japanese.yml'
[02:29:02][pdx_localize.cpp:231]: Key 'modifier_crop_failure' defined in multiple files: 'localization/japanese/content_101_l_japanese.yml', 'localization/japanese/replace/content_101_l_japanese.yml'
[02:29:02][pdx_localize.cpp:231]: Key 'modifier_crop_failure_relief' defined in multiple files: 'localization/japanese/content_101_l_japanese.yml', 'localization/japanese/replace/content_101_l_japanese.yml'
[02:29:02][pdx_localize.cpp:231]: Key 'modifier_mega_flood_relief' defined in multiple files: 'localization/japanese/content_101_l_japanese.yml', 'localization/japanese/replace/content_101_l_japanese.yml'
[02:29:02][pdx_localize.cpp:231]: Key 'natural_disaster_events.6.t' defined in multiple files: 'localization/japanese/content_101_l_japanese.yml', 'localization/japanese/replace/content_101_l_japanese.yml'
[02:29:02][pdx_localize.cpp:231]: Key 'natural_disaster_events.6.d' defined in multiple files: 'localization/japanese/content_101_l_japanese.yml', 'localization/japanese/replace/content_101_l_japanese.yml'
[02:29:02][pdx_localize.cpp:231]: Key 'natural_disaster_events.6.f' defined in multiple files: 'localization/japanese/content_101_l_japanese.yml', 'localization/japanese/replace/content_101_l_japanese.yml'
[02:29:02][pdx_localize.cpp:231]: Key 'natural_disaster_events.6.a' defined in multiple files: 'localization/japanese/content_101_l_japanese.yml', 'localization/japanese/replace/content_101_l_japanese.yml'
[02:29:02][pdx_localize.cpp:231]: Key 'natural_disaster_events.6.b' defined in multiple files: 'localization/japanese/content_101_l_japanese.yml', 'localization/japanese/replace/content_101_l_japanese.yml'
[02:29:02][pdx_localize.cpp:231]: Key 'modifier_cyclone_relief' defined in multiple files: 'localization/japanese/content_101_l_japanese.yml', 'localization/japanese/replace/content_101_l_japanese.yml'
[02:29:02][pdx_localize.cpp:231]: Key 'historical_events.1.t' defined in multiple files: 'localization/japanese/content_101_l_japanese.yml', 'localization/japanese/replace/content_101_l_japanese.yml'
[02:29:02][pdx_localize.cpp:231]: Key 'historical_events.1.d' defined in multiple files: 'localization/japanese/content_101_l_japanese.yml', 'localization/japanese/replace/content_101_l_japanese.yml'
[02:29:02][pdx_localize.cpp:231]: Key 'historical_events.1.f' defined in multiple files: 'localization/japanese/content_101_l_japanese.yml', 'localization/japanese/replace/content_101_l_japanese.yml'
[02:29:02][pdx_localize.cpp:231]: Key 'historical_events.1.a' defined in multiple files: 'localization/japanese/content_101_l_japanese.yml', 'localization/japanese/replace/content_101_l_japanese.yml'
[02:29:02][pdx_localize.cpp:231]: Key 'notification_first_flight_name' defined in multiple files: 'localization/japanese/content_101_l_japanese.yml', 'localization/japanese/replace/content_101_l_japanese.yml'
[02:29:02][pdx_localize.cpp:231]: Key 'notification_first_flight_desc' defined in multiple files: 'localization/japanese/content_101_l_japanese.yml', 'localization/japanese/replace/content_101_l_japanese.yml'
[02:29:02][pdx_localize.cpp:231]: Key 'notification_first_flight_tooltip' defined in multiple files: 'localization/japanese/content_101_l_japanese.yml', 'localization/japanese/replace/content_101_l_japanese.yml'
[02:29:02][pdx_localize.cpp:231]: Key 'warlord_china_events.100.t' defined in multiple files: 'localization/japanese/content_101_l_japanese.yml', 'localization/japanese/replace/content_101_l_japanese.yml'
[02:29:02][pdx_localize.cpp:231]: Key 'warlord_china_events.100.d' defined in multiple files: 'localization/japanese/content_101_l_japanese.yml', 'localization/japanese/replace/content_101_l_japanese.yml'
[02:29:02][pdx_localize.cpp:231]: Key 'warlord_china_events.100.f' defined in multiple files: 'localization/japanese/content_101_l_japanese.yml', 'localization/japanese/replace/content_101_l_japanese.yml'
[02:29:02][pdx_localize.cpp:231]: Key 'warlord_china_events.100.a' defined in multiple files: 'localization/japanese/content_101_l_japanese.yml', 'localization/japanese/replace/content_101_l_japanese.yml'
[02:29:02][pdx_localize.cpp:231]: Key 'warlord_china_events.110.t' defined in multiple files: 'localization/japanese/content_101_l_japanese.yml', 'localization/japanese/replace/content_101_l_japanese.yml'
[02:29:02][pdx_localize.cpp:231]: Key 'warlord_china_events.110.d' defined in multiple files: 'localization/japanese/content_101_l_japanese.yml', 'localization/japanese/replace/content_101_l_japanese.yml'
[02:29:02][pdx_localize.cpp:231]: Key 'warlord_china_events.110.f' defined in multiple files: 'localization/japanese/content_101_l_japanese.yml', 'localization/japanese/replace/content_101_l_japanese.yml'
[02:29:02][pdx_localize.cpp:231]: Key 'warlord_china_events.110.a' defined in multiple files: 'localization/japanese/content_101_l_japanese.yml', 'localization/japanese/replace/content_101_l_japanese.yml'
[02:29:02][pdx_localize.cpp:231]: Key 'warlord_china_events.110.b' defined in multiple files: 'localization/japanese/content_101_l_japanese.yml', 'localization/japanese/replace/content_101_l_japanese.yml'
[02:29:02][pdx_localize.cpp:231]: Key 'notification_ig_leader_steps_down_name' defined in multiple files: 'localization/japanese/content_101_l_japanese.yml', 'localization/japanese/replace/content_101_l_japanese.yml'
[02:29:02][pdx_localize.cpp:231]: Key 'notification_ig_leader_steps_down_desc' defined in multiple files: 'localization/japanese/content_101_l_japanese.yml', 'localization/japanese/replace/content_101_l_japanese.yml'
[02:29:02][pdx_localize.cpp:231]: Key 'notification_ig_leader_steps_down_tooltip' defined in multiple files: 'localization/japanese/content_101_l_japanese.yml', 'localization/japanese/replace/content_101_l_japanese.yml'
[02:29:02][pdx_localize.cpp:231]: Key 'custom_loc_personal_reasons' defined in multiple files: 'localization/japanese/content_101_l_japanese.yml', 'localization/japanese/replace/content_101_l_japanese.yml'
[02:29:02][pdx_localize.cpp:231]: Key 'custom_loc_health_reasons' defined in multiple files: 'localization/japanese/content_101_l_japanese.yml', 'localization/japanese/replace/content_101_l_japanese.yml'
[02:29:02][pdx_localize.cpp:231]: Key 'custom_loc_scandal' defined in multiple files: 'localization/japanese/content_101_l_japanese.yml', 'localization/japanese/replace/content_101_l_japanese.yml'
[02:29:02][pdx_localize.cpp:231]: Key 'custom_loc_incompetence' defined in multiple files: 'localization/japanese/content_101_l_japanese.yml', 'localization/japanese/replace/content_101_l_japanese.yml'
[02:29:02][pdx_localize.cpp:231]: Key 'custom_loc_family' defined in multiple files: 'localization/japanese/content_101_l_japanese.yml', 'localization/japanese/replace/content_101_l_japanese.yml'
[02:29:02][pdx_localize.cpp:231]: Key 'new_ig_leader_custom_tooltip' defined in multiple files: 'localization/japanese/content_101_l_japanese.yml', 'localization/japanese/replace/content_101_l_japanese.yml'
[02:29:02][pdx_localize.cpp:231]: Key 'assassination_events.5.t' defined in multiple files: 'localization/japanese/content_101_l_japanese.yml', 'localization/japanese/replace/content_101_l_japanese.yml'
[02:29:02][pdx_localize.cpp:231]: Key 'assassination_events.5.d' defined in multiple files: 'localization/japanese/content_101_l_japanese.yml', 'localization/japanese/replace/content_101_l_japanese.yml'
[02:29:02][pdx_localize.cpp:231]: Key 'assassination_events.5.f' defined in multiple files: 'localization/japanese/content_101_l_japanese.yml', 'localization/japanese/replace/content_101_l_japanese.yml'
[02:29:02][pdx_localize.cpp:231]: Key 'assassination_events.5.a' defined in multiple files: 'localization/japanese/content_101_l_japanese.yml', 'localization/japanese/replace/content_101_l_japanese.yml'
[02:29:02][pdx_localize.cpp:231]: Key 'assassination_success_modifier' defined in multiple files: 'localization/japanese/content_101_l_japanese.yml', 'localization/japanese/replace/content_101_l_japanese.yml'
[02:29:02][pdx_localize.cpp:231]: Key 'hightened_security' defined in multiple files: 'localization/japanese/content_101_l_japanese.yml', 'localization/japanese/replace/content_101_l_japanese.yml'
[02:29:02][pdx_localize.cpp:231]: Key 'assassination_ig_monitored' defined in multiple files: 'localization/japanese/content_101_l_japanese.yml', 'localization/japanese/replace/content_101_l_japanese.yml'
[02:29:02][pdx_localize.cpp:231]: Key 'shooting_assassination' defined in multiple files: 'localization/japanese/content_101_l_japanese.yml', 'localization/japanese/replace/content_101_l_japanese.yml'
[02:29:02][pdx_localize.cpp:231]: Key 'travelling_verb_arriving' defined in multiple files: 'localization/japanese/content_101_l_japanese.yml', 'localization/japanese/replace/content_101_l_japanese.yml'
[02:29:02][pdx_localize.cpp:231]: Key 'travelling_verb_visiting' defined in multiple files: 'localization/japanese/content_101_l_japanese.yml', 'localization/japanese/replace/content_101_l_japanese.yml'
[02:29:02][pdx_localize.cpp:231]: Key 'travelling_verb_driving' defined in multiple files: 'localization/japanese/content_101_l_japanese.yml', 'localization/japanese/replace/content_101_l_japanese.yml'
[02:29:02][pdx_localize.cpp:231]: Key 'travelling_verb_wrong_turn' defined in multiple files: 'localization/japanese/content_101_l_japanese.yml', 'localization/japanese/replace/content_101_l_japanese.yml'
[02:29:02][pdx_localize.cpp:231]: Key 'travelling_verb_speech' defined in multiple files: 'localization/japanese/content_101_l_japanese.yml', 'localization/japanese/replace/content_101_l_japanese.yml'
[02:29:02][pdx_localize.cpp:231]: Key 'travelling_verb_stopped' defined in multiple files: 'localization/japanese/content_101_l_japanese.yml', 'localization/japanese/replace/content_101_l_japanese.yml'
[02:29:02][pdx_localize.cpp:231]: Key 'place_event_palace' defined in multiple files: 'localization/japanese/content_101_l_japanese.yml', 'localization/japanese/replace/content_101_l_japanese.yml'
[02:29:02][pdx_localize.cpp:231]: Key 'place_event_parade' defined in multiple files: 'localization/japanese/content_101_l_japanese.yml', 'localization/japanese/replace/content_101_l_japanese.yml'
[02:29:02][pdx_localize.cpp:231]: Key 'place_event_parliament' defined in multiple files: 'localization/japanese/content_101_l_japanese.yml', 'localization/japanese/replace/content_101_l_japanese.yml'
[02:29:02][pdx_localize.cpp:231]: Key 'place_event_townsquare' defined in multiple files: 'localization/japanese/content_101_l_japanese.yml', 'localization/japanese/replace/content_101_l_japanese.yml'
[02:29:02][pdx_localize.cpp:231]: Key 'place_event_airfield' defined in multiple files: 'localization/japanese/content_101_l_japanese.yml', 'localization/japanese/replace/content_101_l_japanese.yml'
[02:29:02][pdx_localize.cpp:231]: Key 'place_event_hospital' defined in multiple files: 'localization/japanese/content_101_l_japanese.yml', 'localization/japanese/replace/content_101_l_japanese.yml'
[02:29:02][pdx_localize.cpp:231]: Key 'place_event_opera' defined in multiple files: 'localization/japanese/content_101_l_japanese.yml', 'localization/japanese/replace/content_101_l_japanese.yml'
[02:29:02][pdx_localize.cpp:231]: Key 'place_event_destroyer' defined in multiple files: 'localization/japanese/content_101_l_japanese.yml', 'localization/japanese/replace/content_101_l_japanese.yml'
[02:29:02][pdx_localize.cpp:231]: Key 'place_event_kremlin' defined in multiple files: 'localization/japanese/content_101_l_japanese.yml', 'localization/japanese/replace/content_101_l_japanese.yml'
[02:29:02][pdx_localize.cpp:231]: Key 'place_event_whitehouse' defined in multiple files: 'localization/japanese/content_101_l_japanese.yml', 'localization/japanese/replace/content_101_l_japanese.yml'
[02:29:02][pdx_localize.cpp:231]: Key 'place_event_houses_of_parliament' defined in multiple files: 'localization/japanese/content_101_l_japanese.yml', 'localization/japanese/replace/content_101_l_japanese.yml'
[02:29:02][pdx_localize.cpp:231]: Key 'place_event_gustav' defined in multiple files: 'localization/japanese/content_101_l_japanese.yml', 'localization/japanese/replace/content_101_l_japanese.yml'
[02:29:02][pdx_localize.cpp:231]: Key 'place_event_gamla_stan' defined in multiple files: 'localization/japanese/content_101_l_japanese.yml', 'localization/japanese/replace/content_101_l_japanese.yml'
[02:29:02][pdx_localize.cpp:231]: Key 'place_event_largo' defined in multiple files: 'localization/japanese/content_101_l_japanese.yml', 'localization/japanese/replace/content_101_l_japanese.yml'
[02:29:02][pdx_localize.cpp:231]: Key 'place_event_binnenhof' defined in multiple files: 'localization/japanese/content_101_l_japanese.yml', 'localization/japanese/replace/content_101_l_japanese.yml'
[02:29:02][pdx_localize.cpp:231]: Key 'place_event_jersey' defined in multiple files: 'localization/japanese/content_101_l_japanese.yml', 'localization/japanese/replace/content_101_l_japanese.yml'
[02:29:02][pdx_localize.cpp:231]: Key 'assassin_description_young_man' defined in multiple files: 'localization/japanese/content_101_l_japanese.yml', 'localization/japanese/replace/content_101_l_japanese.yml'
[02:29:02][pdx_localize.cpp:231]: Key 'assassin_description_young_woman' defined in multiple files: 'localization/japanese/content_101_l_japanese.yml', 'localization/japanese/replace/content_101_l_japanese.yml'
[02:29:02][pdx_localize.cpp:231]: Key 'assassin_description_unemployed' defined in multiple files: 'localization/japanese/content_101_l_japanese.yml', 'localization/japanese/replace/content_101_l_japanese.yml'
[02:29:02][pdx_localize.cpp:231]: Key 'assassin_description_mkc' defined in multiple files: 'localization/japanese/content_101_l_japanese.yml', 'localization/japanese/replace/content_101_l_japanese.yml'
[02:29:02][pdx_localize.cpp:231]: Key 'assassin_description_angry_man' defined in multiple files: 'localization/japanese/content_101_l_japanese.yml', 'localization/japanese/replace/content_101_l_japanese.yml'
[02:29:02][pdx_localize.cpp:231]: Key 'assassin_movement_leapt' defined in multiple files: 'localization/japanese/content_101_l_japanese.yml', 'localization/japanese/replace/content_101_l_japanese.yml'
[02:29:02][pdx_localize.cpp:231]: Key 'assassin_movement_calmly' defined in multiple files: 'localization/japanese/content_101_l_japanese.yml', 'localization/japanese/replace/content_101_l_japanese.yml'
[02:29:02][pdx_localize.cpp:231]: Key 'assassin_movement_stepped' defined in multiple files: 'localization/japanese/content_101_l_japanese.yml', 'localization/japanese/replace/content_101_l_japanese.yml'
[02:29:02][pdx_localize.cpp:231]: Key 'assassin_movement_shadows' defined in multiple files: 'localization/japanese/content_101_l_japanese.yml', 'localization/japanese/replace/content_101_l_japanese.yml'
[02:29:02][pdx_localize.cpp:231]: Key 'assassin_movement_crowd' defined in multiple files: 'localization/japanese/content_101_l_japanese.yml', 'localization/japanese/replace/content_101_l_japanese.yml'
[02:29:02][pdx_localize.cpp:231]: Key 'fatal_injury_gunshot_head' defined in multiple files: 'localization/japanese/content_101_l_japanese.yml', 'localization/japanese/replace/content_101_l_japanese.yml'
[02:29:02][pdx_localize.cpp:231]: Key 'fatal_injury_gunshot_heart' defined in multiple files: 'localization/japanese/content_101_l_japanese.yml', 'localization/japanese/replace/content_101_l_japanese.yml'
[02:29:02][pdx_localize.cpp:231]: Key 'fatal_injury_gunshot_multiple' defined in multiple files: 'localization/japanese/content_101_l_japanese.yml', 'localization/japanese/replace/content_101_l_japanese.yml'
[02:29:02][pdx_localize.cpp:231]: Key 'fatal_injury_gunshot_dead_guard' defined in multiple files: 'localization/japanese/content_101_l_japanese.yml', 'localization/japanese/replace/content_101_l_japanese.yml'
[02:29:02][pdx_localize.cpp:231]: Key 'fatal_injury_bomb_thrown' defined in multiple files: 'localization/japanese/content_101_l_japanese.yml', 'localization/japanese/replace/content_101_l_japanese.yml'
[02:29:02][pdx_localize.cpp:231]: Key 'assassination_death_fatally' defined in multiple files: 'localization/japanese/content_101_l_japanese.yml', 'localization/japanese/replace/content_101_l_japanese.yml'
[02:29:02][pdx_localize.cpp:231]: Key 'assassination_death_died_instantly' defined in multiple files: 'localization/japanese/content_101_l_japanese.yml', 'localization/japanese/replace/content_101_l_japanese.yml'
[02:29:02][pdx_localize.cpp:231]: Key 'assassination_aftermath_caught' defined in multiple files: 'localization/japanese/content_101_l_japanese.yml', 'localization/japanese/replace/content_101_l_japanese.yml'
[02:29:02][pdx_localize.cpp:231]: Key 'assassination_aftermath_cyanide_fail' defined in multiple files: 'localization/japanese/content_101_l_japanese.yml', 'localization/japanese/replace/content_101_l_japanese.yml'
[02:29:02][pdx_localize.cpp:231]: Key 'assassination_aftermath_cyanide_success' defined in multiple files: 'localization/japanese/content_101_l_japanese.yml', 'localization/japanese/replace/content_101_l_japanese.yml'
[02:29:02][pdx_localize.cpp:231]: Key 'assassination_aftermath_escape' defined in multiple files: 'localization/japanese/content_101_l_japanese.yml', 'localization/japanese/replace/content_101_l_japanese.yml'
[02:29:02][pdx_localize.cpp:231]: Key 'assassination_aftermath_shout' defined in multiple files: 'localization/japanese/content_101_l_japanese.yml', 'localization/japanese/replace/content_101_l_japanese.yml'
[02:29:02][pdx_localize.cpp:231]: Key 'assassination_aftermath_film' defined in multiple files: 'localization/japanese/content_101_l_japanese.yml', 'localization/japanese/replace/content_101_l_japanese.yml'
[02:29:02][pdx_localize.cpp:231]: Key 'assassination_aftermath_river' defined in multiple files: 'localization/japanese/content_101_l_japanese.yml', 'localization/japanese/replace/content_101_l_japanese.yml'
[02:29:02][pdx_localize.cpp:231]: Key 'assassination_aftermath_shot' defined in multiple files: 'localization/japanese/content_101_l_japanese.yml', 'localization/japanese/replace/content_101_l_japanese.yml'
[02:29:02][pdx_localize.cpp:231]: Key 'assassination_aftermath_helpers' defined in multiple files: 'localization/japanese/content_101_l_japanese.yml', 'localization/japanese/replace/content_101_l_japanese.yml'
[02:29:02][pdx_localize.cpp:231]: Key 'assassination_sewer_escape' defined in multiple files: 'localization/japanese/content_101_l_japanese.yml', 'localization/japanese/replace/content_101_l_japanese.yml'
[02:29:02][pdx_localize.cpp:231]: Key 'first_flight_prestige' defined in multiple files: 'localization/japanese/content_101_l_japanese.yml', 'localization/japanese/replace/content_101_l_japanese.yml'
[02:29:02][pdx_localize.cpp:231]: Key 'central_america.2.t' defined in multiple files: 'localization/japanese/content_101_l_japanese.yml', 'localization/japanese/replace/content_101_l_japanese.yml'
[02:29:02][pdx_localize.cpp:231]: Key 'central_america.2.d' defined in multiple files: 'localization/japanese/content_101_l_japanese.yml', 'localization/japanese/replace/content_101_l_japanese.yml'
[02:29:02][pdx_localize.cpp:231]: Key 'central_america.2.f' defined in multiple files: 'localization/japanese/content_101_l_japanese.yml', 'localization/japanese/replace/content_101_l_japanese.yml'
[02:29:02][pdx_localize.cpp:231]: Key 'central_america.2.a' defined in multiple files: 'localization/japanese/content_101_l_japanese.yml', 'localization/japanese/replace/content_101_l_japanese.yml'
[02:29:02][pdx_localize.cpp:231]: Key 'central_america.2.b' defined in multiple files: 'localization/japanese/content_101_l_japanese.yml', 'localization/japanese/replace/content_101_l_japanese.yml'
[02:29:02][pdx_localize.cpp:231]: Key 'dp_annex_war' defined in multiple files: 'localization/japanese/diplomatic_plays_l_japanese.yml', 'localization/japanese/replace/content_101_l_japanese.yml'
[02:29:02][pdx_localize.cpp:231]: Key 'dp_annex_war_tooltip' defined in multiple files: 'localization/japanese/diplomatic_plays_l_japanese.yml', 'localization/japanese/replace/content_101_l_japanese.yml'
[02:29:02][pdx_localize.cpp:231]: Key 'modifier_destroy_guerillas' defined in multiple files: 'localization/japanese/content_101_l_japanese.yml', 'localization/japanese/replace/content_101_l_japanese.yml'
[02:29:02][pdx_localize.cpp:231]: Key 'dyn_c_confederate_state_of_america' defined in multiple files: 'localization/japanese/countries_l_japanese.yml', 'localization/japanese/replace/content_101_l_japanese.yml'
[02:29:02][pdx_localize.cpp:231]: Key 'dyn_c_united_state' defined in multiple files: 'localization/japanese/countries_l_japanese.yml', 'localization/japanese/replace/content_101_l_japanese.yml'
[02:29:02][pdx_localize.cpp:231]: Key 'congo_free_state_events.1.t' defined in multiple files: 'localization/japanese/content_101_l_japanese.yml', 'localization/japanese/replace/content_101_l_japanese.yml'
[02:29:02][pdx_localize.cpp:231]: Key 'congo_free_state_events.1.d' defined in multiple files: 'localization/japanese/content_101_l_japanese.yml', 'localization/japanese/replace/content_101_l_japanese.yml'
[02:29:02][pdx_localize.cpp:231]: Key 'congo_free_state_events.1.a' defined in multiple files: 'localization/japanese/content_101_l_japanese.yml', 'localization/japanese/replace/content_101_l_japanese.yml'
[02:29:02][pdx_localize.cpp:231]: Key 'congo_free_state_events.2.t' defined in multiple files: 'localization/japanese/content_101_l_japanese.yml', 'localization/japanese/replace/content_101_l_japanese.yml'
[02:29:02][pdx_localize.cpp:231]: Key 'congo_free_state_events.2.d' defined in multiple files: 'localization/japanese/content_101_l_japanese.yml', 'localization/japanese/replace/content_101_l_japanese.yml'
[02:29:02][pdx_localize.cpp:231]: Key 'congo_free_state_events.2.f' defined in multiple files: 'localization/japanese/content_101_l_japanese.yml', 'localization/japanese/replace/content_101_l_japanese.yml'
[02:29:02][pdx_localize.cpp:231]: Key 'congo_free_state_events.2.a' defined in multiple files: 'localization/japanese/content_101_l_japanese.yml', 'localization/japanese/replace/content_101_l_japanese.yml'
[02:29:02][pdx_localize.cpp:231]: Key 'congo_free_state_events.2.b' defined in multiple files: 'localization/japanese/content_101_l_japanese.yml', 'localization/japanese/replace/content_101_l_japanese.yml'
[02:29:02][pdx_localize.cpp:231]: Key 'congo_free_state_events.3.t' defined in multiple files: 'localization/japanese/content_101_l_japanese.yml', 'localization/japanese/replace/content_101_l_japanese.yml'
[02:29:02][pdx_localize.cpp:231]: Key 'congo_free_state_events.3.d' defined in multiple files: 'localization/japanese/content_101_l_japanese.yml', 'localization/japanese/replace/content_101_l_japanese.yml'
[02:29:02][pdx_localize.cpp:231]: Key 'congo_free_state_events.3.f' defined in multiple files: 'localization/japanese/content_101_l_japanese.yml', 'localization/japanese/replace/content_101_l_japanese.yml'
[02:29:02][pdx_localize.cpp:231]: Key 'congo_free_state_events.3.a' defined in multiple files: 'localization/japanese/content_101_l_japanese.yml', 'localization/japanese/replace/content_101_l_japanese.yml'
[02:29:02][pdx_localize.cpp:231]: Key 'congo_free_state_events.3.b' defined in multiple files: 'localization/japanese/content_101_l_japanese.yml', 'localization/japanese/replace/content_101_l_japanese.yml'
[02:29:02][pdx_localize.cpp:231]: Key 'congo_massacre_mortality_modifier' defined in multiple files: 'localization/japanese/content_101_l_japanese.yml', 'localization/japanese/replace/content_101_l_japanese.yml'
[02:29:02][pdx_localize.cpp:231]: Key 'congo_massacre_modifier' defined in multiple files: 'localization/japanese/content_101_l_japanese.yml', 'localization/japanese/replace/content_101_l_japanese.yml'
[02:29:02][pdx_localize.cpp:231]: Key 'je_free_state' defined in multiple files: 'localization/japanese/content_101_l_japanese.yml', 'localization/japanese/replace/content_101_l_japanese.yml'
[02:29:02][pdx_localize.cpp:231]: Key 'je_free_state_status' defined in multiple files: 'localization/japanese/content_101_l_japanese.yml', 'localization/japanese/replace/content_101_l_japanese.yml'
[02:29:02][pdx_localize.cpp:231]: Key 'je_free_state_goal' defined in multiple files: 'localization/japanese/content_101_l_japanese.yml', 'localization/japanese/replace/content_101_l_japanese.yml'
[02:29:02][pdx_localize.cpp:231]: Key 'integrate_free_state' defined in multiple files: 'localization/japanese/content_101_l_japanese.yml', 'localization/japanese/replace/content_101_l_japanese.yml'
[02:29:02][pdx_localize.cpp:231]: Key 'integrate_free_state_desc' defined in multiple files: 'localization/japanese/content_101_l_japanese.yml', 'localization/japanese/replace/content_101_l_japanese.yml'
[02:29:02][pdx_localize.cpp:231]: Key 'integrate_free_state_international_opinion_tt' defined in multiple files: 'localization/japanese/content_101_l_japanese.yml', 'localization/japanese/replace/content_101_l_japanese.yml'
[02:29:02][pdx_localize.cpp:231]: Key 'modifier_denied_monarch_colony_country' defined in multiple files: 'localization/japanese/content_101_l_japanese.yml', 'localization/japanese/replace/content_101_l_japanese.yml'
[02:29:02][pdx_localize.cpp:231]: Key 'modifier_denied_monarch_colony_country_desc' defined in multiple files: 'localization/japanese/content_101_l_japanese.yml', 'localization/japanese/replace/content_101_l_japanese.yml'
[02:29:02][pdx_localize.cpp:231]: Key 'modifier_denied_monarch_colony_ig' defined in multiple files: 'localization/japanese/content_101_l_japanese.yml', 'localization/japanese/replace/content_101_l_japanese.yml'
[02:29:02][pdx_localize.cpp:231]: Key 'modifier_denied_monarch_colony_ig_desc' defined in multiple files: 'localization/japanese/content_101_l_japanese.yml', 'localization/japanese/replace/content_101_l_japanese.yml'
[02:29:02][pdx_localize.cpp:231]: Key 'congo_free_state_events.4.t' defined in multiple files: 'localization/japanese/content_101_l_japanese.yml', 'localization/japanese/replace/content_101_l_japanese.yml'
[02:29:02][pdx_localize.cpp:231]: Key 'congo_free_state_events.4.d' defined in multiple files: 'localization/japanese/content_101_l_japanese.yml', 'localization/japanese/replace/content_101_l_japanese.yml'
[02:29:02][pdx_localize.cpp:231]: Key 'congo_free_state_events.4.f' defined in multiple files: 'localization/japanese/content_101_l_japanese.yml', 'localization/japanese/replace/content_101_l_japanese.yml'
[02:29:02][pdx_localize.cpp:231]: Key 'congo_free_state_events.4.a' defined in multiple files: 'localization/japanese/content_101_l_japanese.yml', 'localization/japanese/replace/content_101_l_japanese.yml'
[02:29:02][pdx_localize.cpp:231]: Key 'congo_free_state_events.4.b' defined in multiple files: 'localization/japanese/content_101_l_japanese.yml', 'localization/japanese/replace/content_101_l_japanese.yml'
[02:29:02][pdx_localize.cpp:231]: Key 'congo_free_state_events.5.t' defined in multiple files: 'localization/japanese/content_101_l_japanese.yml', 'localization/japanese/replace/content_101_l_japanese.yml'
[02:29:02][pdx_localize.cpp:231]: Key 'congo_free_state_events.5.d' defined in multiple files: 'localization/japanese/content_101_l_japanese.yml', 'localization/japanese/replace/content_101_l_japanese.yml'
[02:29:02][pdx_localize.cpp:231]: Key 'congo_free_state_events.5.d2' defined in multiple files: 'localization/japanese/content_101_l_japanese.yml', 'localization/japanese/replace/content_101_l_japanese.yml'
[02:29:02][pdx_localize.cpp:231]: Key 'congo_free_state_events.5.f' defined in multiple files: 'localization/japanese/content_101_l_japanese.yml', 'localization/japanese/replace/content_101_l_japanese.yml'
[02:29:02][pdx_localize.cpp:231]: Key 'congo_free_state_events.5.f2' defined in multiple files: 'localization/japanese/content_101_l_japanese.yml', 'localization/japanese/replace/content_101_l_japanese.yml'
[02:29:02][pdx_localize.cpp:231]: Key 'congo_free_state_events.5.a' defined in multiple files: 'localization/japanese/content_101_l_japanese.yml', 'localization/japanese/replace/content_101_l_japanese.yml'
[02:29:02][pdx_localize.cpp:231]: Key 'congo_free_state_events.5.b' defined in multiple files: 'localization/japanese/content_101_l_japanese.yml', 'localization/japanese/replace/content_101_l_japanese.yml'
[02:29:02][pdx_localize.cpp:231]: Key 'free_state_monarch_modifier' defined in multiple files: 'localization/japanese/content_101_l_japanese.yml', 'localization/japanese/replace/content_101_l_japanese.yml'
[02:29:02][pdx_localize.cpp:231]: Key 'free_state_monarchy_modifier' defined in multiple files: 'localization/japanese/content_101_l_japanese.yml', 'localization/japanese/replace/content_101_l_japanese.yml'
[02:29:02][pdx_localize.cpp:231]: Key 'modifier_condemned_colony' defined in multiple files: 'localization/japanese/content_101_l_japanese.yml', 'localization/japanese/replace/content_101_l_japanese.yml'
[02:29:02][pdx_localize.cpp:231]: Key 'congo_free_state_events.6.t' defined in multiple files: 'localization/japanese/content_101_l_japanese.yml', 'localization/japanese/replace/content_101_l_japanese.yml'
[02:29:02][pdx_localize.cpp:231]: Key 'congo_free_state_events.6.d' defined in multiple files: 'localization/japanese/content_101_l_japanese.yml', 'localization/japanese/replace/content_101_l_japanese.yml'
[02:29:02][pdx_localize.cpp:231]: Key 'congo_free_state_events.6.f' defined in multiple files: 'localization/japanese/content_101_l_japanese.yml', 'localization/japanese/replace/content_101_l_japanese.yml'
[02:29:02][pdx_localize.cpp:231]: Key 'congo_free_state_events.6.a' defined in multiple files: 'localization/japanese/content_101_l_japanese.yml', 'localization/japanese/replace/content_101_l_japanese.yml'
[02:29:02][pdx_localize.cpp:231]: Key 'congo_free_state_events.6.b' defined in multiple files: 'localization/japanese/content_101_l_japanese.yml', 'localization/japanese/replace/content_101_l_japanese.yml'
[02:29:02][pdx_localize.cpp:231]: Key 'free_state_international_opinion_tooltip' defined in multiple files: 'localization/japanese/content_101_l_japanese.yml', 'localization/japanese/replace/content_101_l_japanese.yml'
[02:29:02][pdx_localize.cpp:231]: Key 'free_state_monarch_dead_tooltip' defined in multiple files: 'localization/japanese/content_101_l_japanese.yml', 'localization/japanese/replace/content_101_l_japanese.yml'
[02:29:02][pdx_localize.cpp:231]: Key 'free_state_immediate_tooltip' defined in multiple files: 'localization/japanese/content_101_l_japanese.yml', 'localization/japanese/replace/content_101_l_japanese.yml'
[02:29:02][pdx_localize.cpp:231]: Key 'modifier_tangena_ordeal' defined in multiple files: 'localization/japanese/content_101_l_japanese.yml', 'localization/japanese/replace/content_101_l_japanese.yml'
[02:29:02][pdx_localize.cpp:231]: Key 'abolish_tangena_ordeal' defined in multiple files: 'localization/japanese/content_101_l_japanese.yml', 'localization/japanese/replace/content_101_l_japanese.yml'
[02:29:02][pdx_localize.cpp:231]: Key 'abolish_tangena_ordeal_desc' defined in multiple files: 'localization/japanese/content_101_l_japanese.yml', 'localization/japanese/replace/content_101_l_japanese.yml'
[02:29:02][pdx_localize.cpp:231]: Key 'ranavalona_tt' defined in multiple files: 'localization/japanese/content_101_l_japanese.yml', 'localization/japanese/replace/content_101_l_japanese.yml'
[02:29:02][pdx_localize.cpp:231]: Key 'modifier_french_independence_payments' defined in multiple files: 'localization/japanese/content_101_l_japanese.yml', 'localization/japanese/replace/content_101_l_japanese.yml'
[02:29:02][pdx_localize.cpp:231]: Key 'modifier_haitian_independence_payments' defined in multiple files: 'localization/japanese/content_101_l_japanese.yml', 'localization/japanese/replace/content_101_l_japanese.yml'
[02:29:02][pdx_localize.cpp:231]: Key 'stop_paying_france' defined in multiple files: 'localization/japanese/content_101_l_japanese.yml', 'localization/japanese/replace/content_101_l_japanese.yml'
[02:29:02][pdx_localize.cpp:231]: Key 'stop_paying_france_desc' defined in multiple files: 'localization/japanese/content_101_l_japanese.yml', 'localization/japanese/replace/content_101_l_japanese.yml'
[02:29:02][pdx_localize.cpp:231]: Key 'character_events.2.t' defined in multiple files: 'localization/japanese/content_101_l_japanese.yml', 'localization/japanese/replace/content_101_l_japanese.yml'
[02:29:02][pdx_localize.cpp:231]: Key 'character_events.2.d' defined in multiple files: 'localization/japanese/content_101_l_japanese.yml', 'localization/japanese/replace/content_101_l_japanese.yml'
[02:29:02][pdx_localize.cpp:231]: Key 'character_events.2.f' defined in multiple files: 'localization/japanese/content_101_l_japanese.yml', 'localization/japanese/replace/content_101_l_japanese.yml'
[02:29:02][pdx_localize.cpp:231]: Key 'character_events.2.a' defined in multiple files: 'localization/japanese/content_101_l_japanese.yml', 'localization/japanese/replace/content_101_l_japanese.yml'
[02:29:02][pdx_localize.cpp:231]: Key 'character_events.2.b' defined in multiple files: 'localization/japanese/content_101_l_japanese.yml', 'localization/japanese/replace/content_101_l_japanese.yml'
[02:29:02][pdx_localize.cpp:231]: Key 'modifier_university_built' defined in multiple files: 'localization/japanese/content_101_l_japanese.yml', 'localization/japanese/replace/content_101_l_japanese.yml'
[02:29:02][pdx_localize.cpp:231]: Key 'modifier_blocked_building_university' defined in multiple files: 'localization/japanese/content_101_l_japanese.yml', 'localization/japanese/replace/content_101_l_japanese.yml'
[02:29:02][pdx_localize.cpp:231]: Key 'character_events.3.t' defined in multiple files: 'localization/japanese/content_101_l_japanese.yml', 'localization/japanese/replace/content_101_l_japanese.yml'
[02:29:02][pdx_localize.cpp:231]: Key 'character_events.3.d' defined in multiple files: 'localization/japanese/content_101_l_japanese.yml', 'localization/japanese/replace/content_101_l_japanese.yml'
[02:29:02][pdx_localize.cpp:231]: Key 'character_events.3.f' defined in multiple files: 'localization/japanese/content_101_l_japanese.yml', 'localization/japanese/replace/content_101_l_japanese.yml'
[02:29:02][pdx_localize.cpp:231]: Key 'character_events.3.a' defined in multiple files: 'localization/japanese/content_101_l_japanese.yml', 'localization/japanese/replace/content_101_l_japanese.yml'
[02:29:02][pdx_localize.cpp:231]: Key 'character_events.3.b' defined in multiple files: 'localization/japanese/content_101_l_japanese.yml', 'localization/japanese/replace/content_101_l_japanese.yml'
[02:29:02][pdx_localize.cpp:231]: Key 'character_events.3.c' defined in multiple files: 'localization/japanese/content_101_l_japanese.yml', 'localization/japanese/replace/content_101_l_japanese.yml'
[02:29:02][pdx_localize.cpp:231]: Key 'tarnished_honor_modifier' defined in multiple files: 'localization/japanese/content_101_l_japanese.yml', 'localization/japanese/replace/content_101_l_japanese.yml'
[02:29:02][pdx_localize.cpp:231]: Key 'basic_insult_custom' defined in multiple files: 'localization/japanese/content_101_l_japanese.yml', 'localization/japanese/replace/content_101_l_japanese.yml'
[02:29:02][pdx_localize.cpp:231]: Key 'opium_insult_custom' defined in multiple files: 'localization/japanese/content_101_l_japanese.yml', 'localization/japanese/replace/content_101_l_japanese.yml'
[02:29:02][pdx_localize.cpp:231]: Key 'fool_insult_custom' defined in multiple files: 'localization/japanese/content_101_l_japanese.yml', 'localization/japanese/replace/content_101_l_japanese.yml'
[02:29:02][pdx_localize.cpp:231]: Key 'syphilis_insult_custom' defined in multiple files: 'localization/japanese/content_101_l_japanese.yml', 'localization/japanese/replace/content_101_l_japanese.yml'
[02:29:02][pdx_localize.cpp:231]: Key 'alcoholic_insult_custom' defined in multiple files: 'localization/japanese/content_101_l_japanese.yml', 'localization/japanese/replace/content_101_l_japanese.yml'
[02:29:02][pdx_localize.cpp:231]: Key 'beetle_ear_insult_custom' defined in multiple files: 'localization/japanese/content_101_l_japanese.yml', 'localization/japanese/replace/content_101_l_japanese.yml'
[02:29:02][pdx_localize.cpp:231]: Key 'banned_duels_tt' defined in multiple files: 'localization/japanese/content_101_l_japanese.yml', 'localization/japanese/replace/content_101_l_japanese.yml'
[02:29:02][pdx_localize.cpp:231]: Key 'character_events.4.t' defined in multiple files: 'localization/japanese/content_101_l_japanese.yml', 'localization/japanese/replace/content_101_l_japanese.yml'
[02:29:02][pdx_localize.cpp:231]: Key 'character_events.4.d' defined in multiple files: 'localization/japanese/content_101_l_japanese.yml', 'localization/japanese/replace/content_101_l_japanese.yml'
[02:29:02][pdx_localize.cpp:231]: Key 'character_events.4.f' defined in multiple files: 'localization/japanese/content_101_l_japanese.yml', 'localization/japanese/replace/content_101_l_japanese.yml'
[02:29:02][pdx_localize.cpp:231]: Key 'character_events.4.a' defined in multiple files: 'localization/japanese/content_101_l_japanese.yml', 'localization/japanese/replace/content_101_l_japanese.yml'
[02:29:02][pdx_localize.cpp:231]: Key 'character_events.4.b' defined in multiple files: 'localization/japanese/content_101_l_japanese.yml', 'localization/japanese/replace/content_101_l_japanese.yml'
[02:29:02][pdx_localize.cpp:231]: Key 'character_events.4.a.tt' defined in multiple files: 'localization/japanese/content_101_l_japanese.yml', 'localization/japanese/replace/content_101_l_japanese.yml'
[02:29:02][pdx_localize.cpp:231]: Key 'modifier_devout_in_scandal' defined in multiple files: 'localization/japanese/content_101_l_japanese.yml', 'localization/japanese/replace/content_101_l_japanese.yml'
[02:29:02][pdx_localize.cpp:231]: Key 'character_events.5.t' defined in multiple files: 'localization/japanese/content_101_l_japanese.yml', 'localization/japanese/replace/content_101_l_japanese.yml'
[02:29:02][pdx_localize.cpp:231]: Key 'character_events.5.d' defined in multiple files: 'localization/japanese/content_101_l_japanese.yml', 'localization/japanese/replace/content_101_l_japanese.yml'
[02:29:02][pdx_localize.cpp:231]: Key 'character_events.5.f' defined in multiple files: 'localization/japanese/content_101_l_japanese.yml', 'localization/japanese/replace/content_101_l_japanese.yml'
[02:29:02][pdx_localize.cpp:231]: Key 'character_events.5.a' defined in multiple files: 'localization/japanese/content_101_l_japanese.yml', 'localization/japanese/replace/content_101_l_japanese.yml'
[02:29:02][pdx_localize.cpp:231]: Key 'character_events.5.b' defined in multiple files: 'localization/japanese/content_101_l_japanese.yml', 'localization/japanese/replace/content_101_l_japanese.yml'
[02:29:02][pdx_localize.cpp:231]: Key 'modifier_statue_of_ruler' defined in multiple files: 'localization/japanese/content_101_l_japanese.yml', 'localization/japanese/replace/content_101_l_japanese.yml'
[02:29:02][pdx_localize.cpp:231]: Key 'modifier_ig_disapprove_of_statue' defined in multiple files: 'localization/japanese/content_101_l_japanese.yml', 'localization/japanese/replace/content_101_l_japanese.yml'
[02:29:02][pdx_localize.cpp:231]: Key 'modifier_ig_approve_of_statue' defined in multiple files: 'localization/japanese/content_101_l_japanese.yml', 'localization/japanese/replace/content_101_l_japanese.yml'
[02:29:02][pdx_localize.cpp:231]: Key 'modifier_ig_disapprove_of_no_statue' defined in multiple files: 'localization/japanese/content_101_l_japanese.yml', 'localization/japanese/replace/content_101_l_japanese.yml'
[02:29:02][pdx_localize.cpp:231]: Key 'modifier_ig_approve_of_no_statue' defined in multiple files: 'localization/japanese/content_101_l_japanese.yml', 'localization/japanese/replace/content_101_l_japanese.yml'
[02:29:02][pdx_localize.cpp:231]: Key 'modifier_ig_approve_statue_removal' defined in multiple files: 'localization/japanese/content_101_l_japanese.yml', 'localization/japanese/replace/content_101_l_japanese.yml'
[02:29:02][pdx_localize.cpp:231]: Key 'modifier_ig_approve_no_statue_removal' defined in multiple files: 'localization/japanese/content_101_l_japanese.yml', 'localization/japanese/replace/content_101_l_japanese.yml'
[02:29:02][pdx_localize.cpp:231]: Key 'character_events.6.t' defined in multiple files: 'localization/japanese/content_101_l_japanese.yml', 'localization/japanese/replace/content_101_l_japanese.yml'
[02:29:02][pdx_localize.cpp:231]: Key 'character_events.6.d' defined in multiple files: 'localization/japanese/content_101_l_japanese.yml', 'localization/japanese/replace/content_101_l_japanese.yml'
[02:29:02][pdx_localize.cpp:231]: Key 'character_events.6.f' defined in multiple files: 'localization/japanese/content_101_l_japanese.yml', 'localization/japanese/replace/content_101_l_japanese.yml'
[02:29:02][pdx_localize.cpp:231]: Key 'character_events.6.a' defined in multiple files: 'localization/japanese/content_101_l_japanese.yml', 'localization/japanese/replace/content_101_l_japanese.yml'
[02:29:02][pdx_localize.cpp:231]: Key 'character_events.6.b' defined in multiple files: 'localization/japanese/content_101_l_japanese.yml', 'localization/japanese/replace/content_101_l_japanese.yml'
[02:29:02][pdx_localize.cpp:231]: Key 'character_events.6.c' defined in multiple files: 'localization/japanese/content_101_l_japanese.yml', 'localization/japanese/replace/content_101_l_japanese.yml'
[02:29:02][pdx_localize.cpp:231]: Key 'industrialists_cars_restricted' defined in multiple files: 'localization/japanese/content_101_l_japanese.yml', 'localization/japanese/replace/content_101_l_japanese.yml'
[02:29:02][pdx_localize.cpp:231]: Key 'industrialists_cars_unrestricted' defined in multiple files: 'localization/japanese/content_101_l_japanese.yml', 'localization/japanese/replace/content_101_l_japanese.yml'
[02:29:02][pdx_localize.cpp:231]: Key 'automobile_regulations' defined in multiple files: 'localization/japanese/content_101_l_japanese.yml', 'localization/japanese/replace/content_101_l_japanese.yml'
[02:29:02][pdx_localize.cpp:231]: Key 'MULTIPLAYER_GUI_CLICK_TO_SELECT' defined in multiple files: 'localization/japanese/content_101_l_japanese.yml', 'localization/japanese/replace/content_101_l_japanese.yml'
[02:29:02][pdx_localize.cpp:231]: Key 'angry_duels_banned' defined in multiple files: 'localization/japanese/content_101_l_japanese.yml', 'localization/japanese/replace/content_101_l_japanese.yml'
[02:29:02][pdx_localize.cpp:231]: Key 'happy_duels_banned' defined in multiple files: 'localization/japanese/content_101_l_japanese.yml', 'localization/japanese/replace/content_101_l_japanese.yml'
[02:29:02][pdx_localize.cpp:231]: Key 'diplomatic_friction.1.t' defined in multiple files: 'localization/japanese/content_101_l_japanese.yml', 'localization/japanese/replace/content_101_l_japanese.yml'
[02:29:02][pdx_localize.cpp:231]: Key 'diplomatic_friction.1.d' defined in multiple files: 'localization/japanese/content_101_l_japanese.yml', 'localization/japanese/replace/content_101_l_japanese.yml'
[02:29:02][pdx_localize.cpp:231]: Key 'diplomatic_friction.1.f' defined in multiple files: 'localization/japanese/content_101_l_japanese.yml', 'localization/japanese/replace/content_101_l_japanese.yml'
[02:29:02][pdx_localize.cpp:231]: Key 'diplomatic_friction.1.a' defined in multiple files: 'localization/japanese/content_101_l_japanese.yml', 'localization/japanese/replace/content_101_l_japanese.yml'
[02:29:02][pdx_localize.cpp:231]: Key 'diplomatic_friction.1.b' defined in multiple files: 'localization/japanese/content_101_l_japanese.yml', 'localization/japanese/replace/content_101_l_japanese.yml'
[02:29:02][pdx_localize.cpp:231]: Key 'foreign_trade_union_influence' defined in multiple files: 'localization/japanese/content_101_l_japanese.yml', 'localization/japanese/replace/content_101_l_japanese.yml'
[02:29:02][pdx_localize.cpp:231]: Key 'foreign_trade_union_influence_denied' defined in multiple files: 'localization/japanese/content_101_l_japanese.yml', 'localization/japanese/replace/content_101_l_japanese.yml'
[02:29:02][pdx_localize.cpp:231]: Key 'notification_rival_supports_trade_unions_name' defined in multiple files: 'localization/japanese/content_101_l_japanese.yml', 'localization/japanese/replace/content_101_l_japanese.yml'
[02:29:02][pdx_localize.cpp:231]: Key 'notification_rival_supports_trade_unions_desc' defined in multiple files: 'localization/japanese/content_101_l_japanese.yml', 'localization/japanese/replace/content_101_l_japanese.yml'
[02:29:02][pdx_localize.cpp:231]: Key 'notification_rival_supports_trade_unions_tooltip' defined in multiple files: 'localization/japanese/content_101_l_japanese.yml', 'localization/japanese/replace/content_101_l_japanese.yml'
[02:29:02][pdx_localize.cpp:231]: Key 'diplomatic_friction.2.t' defined in multiple files: 'localization/japanese/content_101_l_japanese.yml', 'localization/japanese/replace/content_101_l_japanese.yml'
[02:29:02][pdx_localize.cpp:231]: Key 'diplomatic_friction.2.d' defined in multiple files: 'localization/japanese/content_101_l_japanese.yml', 'localization/japanese/replace/content_101_l_japanese.yml'
[02:29:02][pdx_localize.cpp:231]: Key 'diplomatic_friction.2.f' defined in multiple files: 'localization/japanese/content_101_l_japanese.yml', 'localization/japanese/replace/content_101_l_japanese.yml'
[02:29:02][pdx_localize.cpp:231]: Key 'diplomatic_friction.2.a' defined in multiple files: 'localization/japanese/content_101_l_japanese.yml', 'localization/japanese/replace/content_101_l_japanese.yml'
[02:29:02][pdx_localize.cpp:231]: Key 'diplomatic_friction.2.b' defined in multiple files: 'localization/japanese/content_101_l_japanese.yml', 'localization/japanese/replace/content_101_l_japanese.yml'
[02:29:02][pdx_localize.cpp:231]: Key 'diplomatic_friction.2.a.tt' defined in multiple files: 'localization/japanese/content_101_l_japanese.yml', 'localization/japanese/replace/content_101_l_japanese.yml'
[02:29:02][pdx_localize.cpp:231]: Key 'diplomatic_friction.3.t' defined in multiple files: 'localization/japanese/content_101_l_japanese.yml', 'localization/japanese/replace/content_101_l_japanese.yml'
[02:29:02][pdx_localize.cpp:231]: Key 'diplomatic_friction.3.d' defined in multiple files: 'localization/japanese/content_101_l_japanese.yml', 'localization/japanese/replace/content_101_l_japanese.yml'
[02:29:02][pdx_localize.cpp:231]: Key 'diplomatic_friction.3.f' defined in multiple files: 'localization/japanese/content_101_l_japanese.yml', 'localization/japanese/replace/content_101_l_japanese.yml'
[02:29:02][pdx_localize.cpp:231]: Key 'diplomatic_friction.3.a' defined in multiple files: 'localization/japanese/content_101_l_japanese.yml', 'localization/japanese/replace/content_101_l_japanese.yml'
[02:29:02][pdx_localize.cpp:231]: Key 'diplomatic_friction.3.b' defined in multiple files: 'localization/japanese/content_101_l_japanese.yml', 'localization/japanese/replace/content_101_l_japanese.yml'
[02:29:02][pdx_localize.cpp:231]: Key 'border_sovereignity_questioned' defined in multiple files: 'localization/japanese/content_101_l_japanese.yml', 'localization/japanese/replace/content_101_l_japanese.yml'
[02:29:02][pdx_localize.cpp:231]: Key 'dp_assert_sovereignty' defined in multiple files: 'localization/japanese/content_101_l_japanese.yml', 'localization/japanese/replace/content_101_l_japanese.yml'
[02:29:02][pdx_localize.cpp:231]: Key 'diplomatic_friction.20.t' defined in multiple files: 'localization/japanese/content_101_l_japanese.yml', 'localization/japanese/replace/content_101_l_japanese.yml'
[02:29:02][pdx_localize.cpp:231]: Key 'diplomatic_friction.20.d' defined in multiple files: 'localization/japanese/content_101_l_japanese.yml', 'localization/japanese/replace/content_101_l_japanese.yml'
[02:29:02][pdx_localize.cpp:231]: Key 'diplomatic_friction.20.f' defined in multiple files: 'localization/japanese/content_101_l_japanese.yml', 'localization/japanese/replace/content_101_l_japanese.yml'
[02:29:02][pdx_localize.cpp:231]: Key 'diplomatic_friction.20.a' defined in multiple files: 'localization/japanese/content_101_l_japanese.yml', 'localization/japanese/replace/content_101_l_japanese.yml'
[02:29:02][pdx_localize.cpp:231]: Key 'diplomatic_friction.20.b' defined in multiple files: 'localization/japanese/content_101_l_japanese.yml', 'localization/japanese/replace/content_101_l_japanese.yml'
[02:29:02][pdx_localize.cpp:231]: Key 'slavery_practice_condemned' defined in multiple files: 'localization/japanese/content_101_l_japanese.yml', 'localization/japanese/replace/content_101_l_japanese.yml'
[02:29:02][pdx_localize.cpp:231]: Key 'condemning_slavery' defined in multiple files: 'localization/japanese/content_101_l_japanese.yml', 'localization/japanese/replace/content_101_l_japanese.yml'
[02:29:02][pdx_localize.cpp:231]: Key 'notification_rival_comdemns_slavery_name' defined in multiple files: 'localization/japanese/content_101_l_japanese.yml', 'localization/japanese/replace/content_101_l_japanese.yml'
[02:29:02][pdx_localize.cpp:231]: Key 'notification_rival_comdemns_slavery_desc' defined in multiple files: 'localization/japanese/content_101_l_japanese.yml', 'localization/japanese/replace/content_101_l_japanese.yml'
[02:29:02][pdx_localize.cpp:231]: Key 'notification_rival_comdemns_slavery_tooltip' defined in multiple files: 'localization/japanese/content_101_l_japanese.yml', 'localization/japanese/replace/content_101_l_japanese.yml'
[02:29:02][pdx_localize.cpp:231]: Key 'je_plastics' defined in multiple files: 'localization/japanese/content_101_l_japanese.yml', 'localization/japanese/replace/content_101_l_japanese.yml'
[02:29:02][pdx_localize.cpp:231]: Key 'je_plastics_reason' defined in multiple files: 'localization/japanese/content_101_l_japanese.yml', 'localization/japanese/replace/content_101_l_japanese.yml'
[02:29:02][pdx_localize.cpp:231]: Key 'production_tech_events.200.t' defined in multiple files: 'localization/japanese/content_101_l_japanese.yml', 'localization/japanese/replace/content_101_l_japanese.yml'
[02:29:02][pdx_localize.cpp:231]: Key 'production_tech_events.200.d' defined in multiple files: 'localization/japanese/content_101_l_japanese.yml', 'localization/japanese/replace/content_101_l_japanese.yml'
[02:29:02][pdx_localize.cpp:231]: Key 'production_tech_events.200.f' defined in multiple files: 'localization/japanese/content_101_l_japanese.yml', 'localization/japanese/replace/content_101_l_japanese.yml'
[02:29:02][pdx_localize.cpp:231]: Key 'production_tech_events.200.a' defined in multiple files: 'localization/japanese/content_101_l_japanese.yml', 'localization/japanese/replace/content_101_l_japanese.yml'
[02:29:02][pdx_localize.cpp:231]: Key 'production_tech_events.200.b' defined in multiple files: 'localization/japanese/content_101_l_japanese.yml', 'localization/japanese/replace/content_101_l_japanese.yml'
[02:29:02][pdx_localize.cpp:231]: Key 'plastic_production_modifier' defined in multiple files: 'localization/japanese/content_101_l_japanese.yml', 'localization/japanese/replace/content_101_l_japanese.yml'
[02:29:02][pdx_localize.cpp:231]: Key 'production_tech_events.1.c' defined in multiple files: 'localization/japanese/content_101_l_japanese.yml', 'localization/japanese/replace/content_101_l_japanese.yml'
[02:29:02][pdx_localize.cpp:231]: Key 'je_radio' defined in multiple files: 'localization/japanese/content_101_l_japanese.yml', 'localization/japanese/replace/content_101_l_japanese.yml'
[02:29:02][pdx_localize.cpp:231]: Key 'je_radio_reason' defined in multiple files: 'localization/japanese/content_101_l_japanese.yml', 'localization/japanese/replace/content_101_l_japanese.yml'
[02:29:02][pdx_localize.cpp:231]: Key 'production_tech_events.210.t' defined in multiple files: 'localization/japanese/content_101_l_japanese.yml', 'localization/japanese/replace/content_101_l_japanese.yml'
[02:29:02][pdx_localize.cpp:231]: Key 'production_tech_events.210.d' defined in multiple files: 'localization/japanese/content_101_l_japanese.yml', 'localization/japanese/replace/content_101_l_japanese.yml'
[02:29:02][pdx_localize.cpp:231]: Key 'production_tech_events.210.f' defined in multiple files: 'localization/japanese/content_101_l_japanese.yml', 'localization/japanese/replace/content_101_l_japanese.yml'
[02:29:02][pdx_localize.cpp:231]: Key 'production_tech_events.210.a' defined in multiple files: 'localization/japanese/content_101_l_japanese.yml', 'localization/japanese/replace/content_101_l_japanese.yml'
[02:29:02][pdx_localize.cpp:231]: Key 'production_tech_events.210.b' defined in multiple files: 'localization/japanese/content_101_l_japanese.yml', 'localization/japanese/replace/content_101_l_japanese.yml'
[02:29:02][pdx_localize.cpp:231]: Key 'radio_production_modifier' defined in multiple files: 'localization/japanese/content_101_l_japanese.yml', 'localization/japanese/replace/content_101_l_japanese.yml'
[02:29:02][pdx_localize.cpp:231]: Key 'ig_suppression_events.1000.t' defined in multiple files: 'localization/japanese/content_101_l_japanese.yml', 'localization/japanese/replace/content_101_l_japanese.yml'
[02:29:02][pdx_localize.cpp:231]: Key 'ig_suppression_events.1000.d' defined in multiple files: 'localization/japanese/content_101_l_japanese.yml', 'localization/japanese/replace/content_101_l_japanese.yml'
[02:29:02][pdx_localize.cpp:231]: Key 'ig_suppression_events.1000.f' defined in multiple files: 'localization/japanese/content_101_l_japanese.yml', 'localization/japanese/replace/content_101_l_japanese.yml'
[02:29:02][pdx_localize.cpp:231]: Key 'ig_suppression_events.1000.a' defined in multiple files: 'localization/japanese/content_101_l_japanese.yml', 'localization/japanese/replace/content_101_l_japanese.yml'
[02:29:02][pdx_localize.cpp:231]: Key 'ig_suppression_events.1000.a.1' defined in multiple files: 'localization/japanese/content_101_l_japanese.yml', 'localization/japanese/replace/content_101_l_japanese.yml'
[02:29:02][pdx_localize.cpp:231]: Key 'ig_suppression_events.1000.a.2' defined in multiple files: 'localization/japanese/content_101_l_japanese.yml', 'localization/japanese/replace/content_101_l_japanese.yml'
[02:29:02][pdx_localize.cpp:231]: Key 'ig_suppression_events.1000.a.3' defined in multiple files: 'localization/japanese/content_101_l_japanese.yml', 'localization/japanese/replace/content_101_l_japanese.yml'
[02:29:02][pdx_localize.cpp:231]: Key 'ig_suppression_events.1000.a.4' defined in multiple files: 'localization/japanese/content_101_l_japanese.yml', 'localization/japanese/replace/content_101_l_japanese.yml'
[02:29:02][pdx_localize.cpp:231]: Key 'ig_suppression_events.1000.b' defined in multiple files: 'localization/japanese/content_101_l_japanese.yml', 'localization/japanese/replace/content_101_l_japanese.yml'
[02:29:02][pdx_localize.cpp:231]: Key 'ig_suppression_events.1000.c' defined in multiple files: 'localization/japanese/content_101_l_japanese.yml', 'localization/japanese/replace/content_101_l_japanese.yml'
[02:29:02][pdx_localize.cpp:231]: Key 'modifier_paying_journalist' defined in multiple files: 'localization/japanese/content_101_l_japanese.yml', 'localization/japanese/replace/content_101_l_japanese.yml'
[02:29:02][pdx_localize.cpp:231]: Key 'modifier_article_damages_ig_reputation' defined in multiple files: 'localization/japanese/content_101_l_japanese.yml', 'localization/japanese/replace/content_101_l_japanese.yml'
[02:29:02][pdx_localize.cpp:231]: Key 'ig_suppression_events.1001.t' defined in multiple files: 'localization/japanese/content_101_l_japanese.yml', 'localization/japanese/replace/content_101_l_japanese.yml'
[02:29:02][pdx_localize.cpp:231]: Key 'ig_suppression_events.1001.d' defined in multiple files: 'localization/japanese/content_101_l_japanese.yml', 'localization/japanese/replace/content_101_l_japanese.yml'
[02:29:02][pdx_localize.cpp:231]: Key 'ig_suppression_events.1001.f' defined in multiple files: 'localization/japanese/content_101_l_japanese.yml', 'localization/japanese/replace/content_101_l_japanese.yml'
[02:29:02][pdx_localize.cpp:231]: Key 'ig_suppression_events.1001.a' defined in multiple files: 'localization/japanese/content_101_l_japanese.yml', 'localization/japanese/replace/content_101_l_japanese.yml'
[02:29:02][pdx_localize.cpp:231]: Key 'ig_suppression_events.1001.b' defined in multiple files: 'localization/japanese/content_101_l_japanese.yml', 'localization/japanese/replace/content_101_l_japanese.yml'
[02:29:02][pdx_localize.cpp:231]: Key 'ig_suppression_events.1001.c' defined in multiple files: 'localization/japanese/content_101_l_japanese.yml', 'localization/japanese/replace/content_101_l_japanese.yml'
[02:29:02][pdx_localize.cpp:231]: Key 'modifier_intimidating_ig_cost' defined in multiple files: 'localization/japanese/content_101_l_japanese.yml', 'localization/japanese/replace/content_101_l_japanese.yml'
[02:29:02][pdx_localize.cpp:231]: Key 'modifier_intimidating_ig' defined in multiple files: 'localization/japanese/content_101_l_japanese.yml', 'localization/japanese/replace/content_101_l_japanese.yml'
[02:29:02][pdx_localize.cpp:231]: Key 'ig_suppression_events.1003.t' defined in multiple files: 'localization/japanese/content_101_l_japanese.yml', 'localization/japanese/replace/content_101_l_japanese.yml'
[02:29:02][pdx_localize.cpp:231]: Key 'ig_suppression_events.1003.d' defined in multiple files: 'localization/japanese/content_101_l_japanese.yml', 'localization/japanese/replace/content_101_l_japanese.yml'
[02:29:02][pdx_localize.cpp:231]: Key 'ig_suppression_events.1003.f' defined in multiple files: 'localization/japanese/content_101_l_japanese.yml', 'localization/japanese/replace/content_101_l_japanese.yml'
[02:29:02][pdx_localize.cpp:231]: Key 'ig_suppression_events.1003.a' defined in multiple files: 'localization/japanese/content_101_l_japanese.yml', 'localization/japanese/replace/content_101_l_japanese.yml'
[02:29:02][pdx_localize.cpp:231]: Key 'ig_suppression_events.1003.b' defined in multiple files: 'localization/japanese/content_101_l_japanese.yml', 'localization/japanese/replace/content_101_l_japanese.yml'
[02:29:02][pdx_localize.cpp:231]: Key 'notification_ig_leader_assassination_name' defined in multiple files: 'localization/japanese/content_101_l_japanese.yml', 'localization/japanese/replace/content_101_l_japanese.yml'
[02:29:02][pdx_localize.cpp:231]: Key 'notification_ig_leader_assassination_desc' defined in multiple files: 'localization/japanese/content_101_l_japanese.yml', 'localization/japanese/replace/content_101_l_japanese.yml'
[02:29:02][pdx_localize.cpp:231]: Key 'notification_ig_leader_assassination_tooltip' defined in multiple files: 'localization/japanese/content_101_l_japanese.yml', 'localization/japanese/replace/content_101_l_japanese.yml'
[02:29:02][pdx_localize.cpp:231]: Key 'notification_ig_leader_assassination_failed_name' defined in multiple files: 'localization/japanese/content_101_l_japanese.yml', 'localization/japanese/replace/content_101_l_japanese.yml'
[02:29:02][pdx_localize.cpp:231]: Key 'notification_ig_leader_assassination_failed_desc' defined in multiple files: 'localization/japanese/content_101_l_japanese.yml', 'localization/japanese/replace/content_101_l_japanese.yml'
[02:29:02][pdx_localize.cpp:231]: Key 'notification_ig_leader_assassination_failed_tooltip' defined in multiple files: 'localization/japanese/content_101_l_japanese.yml', 'localization/japanese/replace/content_101_l_japanese.yml'
[02:29:02][pdx_localize.cpp:231]: Key 'je_central_archives' defined in multiple files: 'localization/japanese/content_101_l_japanese.yml', 'localization/japanese/replace/content_101_l_japanese.yml'
[02:29:02][pdx_localize.cpp:231]: Key 'je_central_archives_reason' defined in multiple files: 'localization/japanese/content_101_l_japanese.yml', 'localization/japanese/replace/content_101_l_japanese.yml'
[02:29:02][pdx_localize.cpp:231]: Key 'dan_society_tech_events.1.t' defined in multiple files: 'localization/japanese/content_101_l_japanese.yml', 'localization/japanese/replace/content_101_l_japanese.yml'
[02:29:02][pdx_localize.cpp:231]: Key 'dan_society_tech_events.1.d' defined in multiple files: 'localization/japanese/content_101_l_japanese.yml', 'localization/japanese/replace/content_101_l_japanese.yml'
[02:29:02][pdx_localize.cpp:231]: Key 'dan_society_tech_events.1.f' defined in multiple files: 'localization/japanese/content_101_l_japanese.yml', 'localization/japanese/replace/content_101_l_japanese.yml'
[02:29:02][pdx_localize.cpp:231]: Key 'dan_society_tech_events.1.a' defined in multiple files: 'localization/japanese/content_101_l_japanese.yml', 'localization/japanese/replace/content_101_l_japanese.yml'
[02:29:02][pdx_localize.cpp:231]: Key 'dan_society_tech_events.1.b' defined in multiple files: 'localization/japanese/content_101_l_japanese.yml', 'localization/japanese/replace/content_101_l_japanese.yml'
[02:29:02][pdx_localize.cpp:231]: Key 'horizontal_filing_cabinets_modifier' defined in multiple files: 'localization/japanese/content_101_l_japanese.yml', 'localization/japanese/replace/content_101_l_japanese.yml'
[02:29:02][pdx_localize.cpp:231]: Key 'border_cowardice' defined in multiple files: 'localization/japanese/content_101_l_japanese.yml', 'localization/japanese/replace/content_101_l_japanese.yml'
[02:29:02][pdx_localize.cpp:231]: Key 'refused_condemning_slavery' defined in multiple files: 'localization/japanese/content_101_l_japanese.yml', 'localization/japanese/replace/content_101_l_japanese.yml'
[02:29:02][pdx_localize.cpp:231]: Key 'je_war_nursing' defined in multiple files: 'localization/japanese/content_101_l_japanese.yml', 'localization/japanese/replace/content_101_l_japanese.yml'
[02:29:02][pdx_localize.cpp:231]: Key 'je_war_nursing_reason' defined in multiple files: 'localization/japanese/content_101_l_japanese.yml', 'localization/japanese/replace/content_101_l_japanese.yml'
[02:29:02][pdx_localize.cpp:231]: Key 'nursing_events.1.t' defined in multiple files: 'localization/japanese/content_101_l_japanese.yml', 'localization/japanese/replace/content_101_l_japanese.yml'
[02:29:02][pdx_localize.cpp:231]: Key 'nursing_events.1.d' defined in multiple files: 'localization/japanese/content_101_l_japanese.yml', 'localization/japanese/replace/content_101_l_japanese.yml'
[02:29:02][pdx_localize.cpp:231]: Key 'nursing_events.1.f' defined in multiple files: 'localization/japanese/content_101_l_japanese.yml', 'localization/japanese/replace/content_101_l_japanese.yml'
[02:29:02][pdx_localize.cpp:231]: Key 'nursing_events.1.a' defined in multiple files: 'localization/japanese/content_101_l_japanese.yml', 'localization/japanese/replace/content_101_l_japanese.yml'
[02:29:02][pdx_localize.cpp:231]: Key 'nursing_events.1.b' defined in multiple files: 'localization/japanese/content_101_l_japanese.yml', 'localization/japanese/replace/content_101_l_japanese.yml'
[02:29:02][pdx_localize.cpp:231]: Key 'for_duration_of_war_tt' defined in multiple files: 'localization/japanese/content_101_l_japanese.yml', 'localization/japanese/replace/content_101_l_japanese.yml'
[02:29:02][pdx_localize.cpp:231]: Key 'war_wounded_disease' defined in multiple files: 'localization/japanese/content_101_l_japanese.yml', 'localization/japanese/replace/content_101_l_japanese.yml'
[02:29:02][pdx_localize.cpp:231]: Key 'nursing_events.2.t' defined in multiple files: 'localization/japanese/content_101_l_japanese.yml', 'localization/japanese/replace/content_101_l_japanese.yml'
[02:29:02][pdx_localize.cpp:231]: Key 'nursing_events.2.d' defined in multiple files: 'localization/japanese/content_101_l_japanese.yml', 'localization/japanese/replace/content_101_l_japanese.yml'
[02:29:02][pdx_localize.cpp:231]: Key 'nursing_events.2.f' defined in multiple files: 'localization/japanese/content_101_l_japanese.yml', 'localization/japanese/replace/content_101_l_japanese.yml'
[02:29:02][pdx_localize.cpp:231]: Key 'nursing_events.2.a' defined in multiple files: 'localization/japanese/content_101_l_japanese.yml', 'localization/japanese/replace/content_101_l_japanese.yml'
[02:29:02][pdx_localize.cpp:231]: Key 'nursing_events.2.b' defined in multiple files: 'localization/japanese/content_101_l_japanese.yml', 'localization/japanese/replace/content_101_l_japanese.yml'
[02:29:02][pdx_localize.cpp:231]: Key 'medical_hygiene' defined in multiple files: 'localization/japanese/content_101_l_japanese.yml', 'localization/japanese/replace/content_101_l_japanese.yml'
[02:29:02][pdx_localize.cpp:231]: Key 'medical_hygiene_local' defined in multiple files: 'localization/japanese/content_101_l_japanese.yml', 'localization/japanese/replace/content_101_l_japanese.yml'
[02:29:02][pdx_localize.cpp:231]: Key 'nursing_events.3.t' defined in multiple files: 'localization/japanese/content_101_l_japanese.yml', 'localization/japanese/replace/content_101_l_japanese.yml'
[02:29:02][pdx_localize.cpp:231]: Key 'nursing_events.3.d' defined in multiple files: 'localization/japanese/content_101_l_japanese.yml', 'localization/japanese/replace/content_101_l_japanese.yml'
[02:29:02][pdx_localize.cpp:231]: Key 'nursing_events.3.f' defined in multiple files: 'localization/japanese/content_101_l_japanese.yml', 'localization/japanese/replace/content_101_l_japanese.yml'
[02:29:02][pdx_localize.cpp:231]: Key 'nursing_events.3.a' defined in multiple files: 'localization/japanese/content_101_l_japanese.yml', 'localization/japanese/replace/content_101_l_japanese.yml'
[02:29:02][pdx_localize.cpp:231]: Key 'nursing_events.3.b' defined in multiple files: 'localization/japanese/content_101_l_japanese.yml', 'localization/japanese/replace/content_101_l_japanese.yml'
[02:29:02][pdx_localize.cpp:231]: Key 'prefab_hospital' defined in multiple files: 'localization/japanese/content_101_l_japanese.yml', 'localization/japanese/replace/content_101_l_japanese.yml'
[02:29:02][pdx_localize.cpp:231]: Key 'nursing_events.4.t' defined in multiple files: 'localization/japanese/content_101_l_japanese.yml', 'localization/japanese/replace/content_101_l_japanese.yml'
[02:29:02][pdx_localize.cpp:231]: Key 'nursing_events.4.d' defined in multiple files: 'localization/japanese/content_101_l_japanese.yml', 'localization/japanese/replace/content_101_l_japanese.yml'
[02:29:02][pdx_localize.cpp:231]: Key 'nursing_events.4.f' defined in multiple files: 'localization/japanese/content_101_l_japanese.yml', 'localization/japanese/replace/content_101_l_japanese.yml'
[02:29:02][pdx_localize.cpp:231]: Key 'nursing_events.4.a' defined in multiple files: 'localization/japanese/content_101_l_japanese.yml', 'localization/japanese/replace/content_101_l_japanese.yml'
[02:29:02][pdx_localize.cpp:231]: Key 'war_wounded_civilian_assistance' defined in multiple files: 'localization/japanese/content_101_l_japanese.yml', 'localization/japanese/replace/content_101_l_japanese.yml'
[02:29:02][pdx_localize.cpp:231]: Key 'free_speech_laws.1.t' defined in multiple files: 'localization/japanese/content_101_l_japanese.yml', 'localization/japanese/replace/content_101_l_japanese.yml'
[02:29:02][pdx_localize.cpp:231]: Key 'free_speech_laws.1.d' defined in multiple files: 'localization/japanese/content_101_l_japanese.yml', 'localization/japanese/replace/content_101_l_japanese.yml'
[02:29:02][pdx_localize.cpp:231]: Key 'free_speech_laws.1.f' defined in multiple files: 'localization/japanese/content_101_l_japanese.yml', 'localization/japanese/replace/content_101_l_japanese.yml'
[02:29:02][pdx_localize.cpp:231]: Key 'free_speech_laws.1.a' defined in multiple files: 'localization/japanese/content_101_l_japanese.yml', 'localization/japanese/replace/content_101_l_japanese.yml'
[02:29:02][pdx_localize.cpp:231]: Key 'free_speech_laws.1.b' defined in multiple files: 'localization/japanese/content_101_l_japanese.yml', 'localization/japanese/replace/content_101_l_japanese.yml'
[02:29:02][pdx_localize.cpp:231]: Key 'free_speech_pamphlet_advance' defined in multiple files: 'localization/japanese/content_101_l_japanese.yml', 'localization/japanese/replace/content_101_l_japanese.yml'
[02:29:02][pdx_localize.cpp:231]: Key 'free_speech_pamphlet_risk_success' defined in multiple files: 'localization/japanese/content_101_l_japanese.yml', 'localization/japanese/replace/content_101_l_japanese.yml'
[02:29:02][pdx_localize.cpp:231]: Key 'free_speech_pamphlet_risk_fail' defined in multiple files: 'localization/japanese/content_101_l_japanese.yml', 'localization/japanese/replace/content_101_l_japanese.yml'
[02:29:02][pdx_localize.cpp:231]: Key 'free_speech_pamphlet_risk_success_movement' defined in multiple files: 'localization/japanese/content_101_l_japanese.yml', 'localization/japanese/replace/content_101_l_japanese.yml'
[02:29:02][pdx_localize.cpp:231]: Key 'free_speech_laws.2.t' defined in multiple files: 'localization/japanese/content_101_l_japanese.yml', 'localization/japanese/replace/content_101_l_japanese.yml'
[02:29:02][pdx_localize.cpp:231]: Key 'free_speech_laws.2.d' defined in multiple files: 'localization/japanese/content_101_l_japanese.yml', 'localization/japanese/replace/content_101_l_japanese.yml'
[02:29:02][pdx_localize.cpp:231]: Key 'free_speech_laws.2.f' defined in multiple files: 'localization/japanese/content_101_l_japanese.yml', 'localization/japanese/replace/content_101_l_japanese.yml'
[02:29:02][pdx_localize.cpp:231]: Key 'free_speech_laws.2.a' defined in multiple files: 'localization/japanese/content_101_l_japanese.yml', 'localization/japanese/replace/content_101_l_japanese.yml'
[02:29:02][pdx_localize.cpp:231]: Key 'free_speech_laws.2.b' defined in multiple files: 'localization/japanese/content_101_l_japanese.yml', 'localization/japanese/replace/content_101_l_japanese.yml'
[02:29:02][pdx_localize.cpp:231]: Key 'free_speech_book_burning_advance' defined in multiple files: 'localization/japanese/content_101_l_japanese.yml', 'localization/japanese/replace/content_101_l_japanese.yml'
[02:29:02][pdx_localize.cpp:231]: Key 'free_speech_book_burning_risk_success' defined in multiple files: 'localization/japanese/content_101_l_japanese.yml', 'localization/japanese/replace/content_101_l_japanese.yml'
[02:29:02][pdx_localize.cpp:231]: Key 'free_speech_book_burning_risk_fail' defined in multiple files: 'localization/japanese/content_101_l_japanese.yml', 'localization/japanese/replace/content_101_l_japanese.yml'
[02:29:02][pdx_localize.cpp:231]: Key 'free_speech_laws.3.t' defined in multiple files: 'localization/japanese/content_101_l_japanese.yml', 'localization/japanese/replace/content_101_l_japanese.yml'
[02:29:02][pdx_localize.cpp:231]: Key 'free_speech_laws.3.d' defined in multiple files: 'localization/japanese/content_101_l_japanese.yml', 'localization/japanese/replace/content_101_l_japanese.yml'
[02:29:02][pdx_localize.cpp:231]: Key 'free_speech_laws.3.f' defined in multiple files: 'localization/japanese/content_101_l_japanese.yml', 'localization/japanese/replace/content_101_l_japanese.yml'
[02:29:02][pdx_localize.cpp:231]: Key 'free_speech_laws.3.a' defined in multiple files: 'localization/japanese/content_101_l_japanese.yml', 'localization/japanese/replace/content_101_l_japanese.yml'
[02:29:02][pdx_localize.cpp:231]: Key 'free_speech_laws.3.b' defined in multiple files: 'localization/japanese/content_101_l_japanese.yml', 'localization/japanese/replace/content_101_l_japanese.yml'
[02:29:02][pdx_localize.cpp:231]: Key 'free_speech_censorship_stall' defined in multiple files: 'localization/japanese/content_101_l_japanese.yml', 'localization/japanese/replace/content_101_l_japanese.yml'
[02:29:02][pdx_localize.cpp:231]: Key 'free_speech_censorship_stall_fail' defined in multiple files: 'localization/japanese/content_101_l_japanese.yml', 'localization/japanese/replace/content_101_l_japanese.yml'
[02:29:02][pdx_localize.cpp:231]: Key 'free_speech_censorship_stall_success' defined in multiple files: 'localization/japanese/content_101_l_japanese.yml', 'localization/japanese/replace/content_101_l_japanese.yml'
[02:29:02][pdx_localize.cpp:231]: Key 'free_speech_censorship_stall_success_ig' defined in multiple files: 'localization/japanese/content_101_l_japanese.yml', 'localization/japanese/replace/content_101_l_japanese.yml'
[02:29:02][pdx_localize.cpp:231]: Key 'free_speech_laws.4.t' defined in multiple files: 'localization/japanese/content_101_l_japanese.yml', 'localization/japanese/replace/content_101_l_japanese.yml'
[02:29:02][pdx_localize.cpp:231]: Key 'free_speech_laws.4.d' defined in multiple files: 'localization/japanese/content_101_l_japanese.yml', 'localization/japanese/replace/content_101_l_japanese.yml'
[02:29:02][pdx_localize.cpp:231]: Key 'free_speech_laws.4.f' defined in multiple files: 'localization/japanese/content_101_l_japanese.yml', 'localization/japanese/replace/content_101_l_japanese.yml'
[02:29:02][pdx_localize.cpp:231]: Key 'free_speech_laws.4.a' defined in multiple files: 'localization/japanese/content_101_l_japanese.yml', 'localization/japanese/replace/content_101_l_japanese.yml'
[02:29:02][pdx_localize.cpp:231]: Key 'free_speech_laws.4.b' defined in multiple files: 'localization/japanese/content_101_l_japanese.yml', 'localization/japanese/replace/content_101_l_japanese.yml'
[02:29:02][pdx_localize.cpp:231]: Key 'free_speech_no_censorship_stall' defined in multiple files: 'localization/japanese/content_101_l_japanese.yml', 'localization/japanese/replace/content_101_l_japanese.yml'
[02:29:02][pdx_localize.cpp:231]: Key 'free_speech_no_censorship_stall_fail' defined in multiple files: 'localization/japanese/content_101_l_japanese.yml', 'localization/japanese/replace/content_101_l_japanese.yml'
[02:29:02][pdx_localize.cpp:231]: Key 'free_speech_no_censorship_stall_success' defined in multiple files: 'localization/japanese/content_101_l_japanese.yml', 'localization/japanese/replace/content_101_l_japanese.yml'
[02:29:02][pdx_localize.cpp:231]: Key 'free_speech_laws.5.t' defined in multiple files: 'localization/japanese/content_101_l_japanese.yml', 'localization/japanese/replace/content_101_l_japanese.yml'
[02:29:02][pdx_localize.cpp:231]: Key 'free_speech_laws.5.d' defined in multiple files: 'localization/japanese/content_101_l_japanese.yml', 'localization/japanese/replace/content_101_l_japanese.yml'
[02:29:02][pdx_localize.cpp:231]: Key 'free_speech_laws.5.f' defined in multiple files: 'localization/japanese/content_101_l_japanese.yml', 'localization/japanese/replace/content_101_l_japanese.yml'
[02:29:02][pdx_localize.cpp:231]: Key 'free_speech_laws.5.a' defined in multiple files: 'localization/japanese/content_101_l_japanese.yml', 'localization/japanese/replace/content_101_l_japanese.yml'
[02:29:02][pdx_localize.cpp:231]: Key 'free_speech_laws.5.b' defined in multiple files: 'localization/japanese/content_101_l_japanese.yml', 'localization/japanese/replace/content_101_l_japanese.yml'
[02:29:02][pdx_localize.cpp:231]: Key 'custom_naughty' defined in multiple files: 'localization/japanese/content_101_l_japanese.yml', 'localization/japanese/replace/content_101_l_japanese.yml'
[02:29:02][pdx_localize.cpp:231]: Key 'custom_filthy' defined in multiple files: 'localization/japanese/content_101_l_japanese.yml', 'localization/japanese/replace/content_101_l_japanese.yml'
[02:29:02][pdx_localize.cpp:231]: Key 'custom_lusty' defined in multiple files: 'localization/japanese/content_101_l_japanese.yml', 'localization/japanese/replace/content_101_l_japanese.yml'
[02:29:02][pdx_localize.cpp:231]: Key 'custom_cheeky' defined in multiple files: 'localization/japanese/content_101_l_japanese.yml', 'localization/japanese/replace/content_101_l_japanese.yml'
[02:29:02][pdx_localize.cpp:231]: Key 'custom_promiscuous' defined in multiple files: 'localization/japanese/content_101_l_japanese.yml', 'localization/japanese/replace/content_101_l_japanese.yml'
[02:29:02][pdx_localize.cpp:231]: Key 'custom_shameless' defined in multiple files: 'localization/japanese/content_101_l_japanese.yml', 'localization/japanese/replace/content_101_l_japanese.yml'
[02:29:02][pdx_localize.cpp:231]: Key 'custom_maid' defined in multiple files: 'localization/japanese/content_101_l_japanese.yml', 'localization/japanese/replace/content_101_l_japanese.yml'
[02:29:02][pdx_localize.cpp:231]: Key 'custom_gardener' defined in multiple files: 'localization/japanese/content_101_l_japanese.yml', 'localization/japanese/replace/content_101_l_japanese.yml'
[02:29:02][pdx_localize.cpp:231]: Key 'custom_chimney_sweep' defined in multiple files: 'localization/japanese/content_101_l_japanese.yml', 'localization/japanese/replace/content_101_l_japanese.yml'
[02:29:02][pdx_localize.cpp:231]: Key 'custom_train_conductor' defined in multiple files: 'localization/japanese/content_101_l_japanese.yml', 'localization/japanese/replace/content_101_l_japanese.yml'
[02:29:02][pdx_localize.cpp:231]: Key 'custom_coal_miner' defined in multiple files: 'localization/japanese/content_101_l_japanese.yml', 'localization/japanese/replace/content_101_l_japanese.yml'
[02:29:02][pdx_localize.cpp:231]: Key 'custom_plumber' defined in multiple files: 'localization/japanese/content_101_l_japanese.yml', 'localization/japanese/replace/content_101_l_japanese.yml'
[02:29:02][pdx_localize.cpp:231]: Key 'custom_smelter' defined in multiple files: 'localization/japanese/content_101_l_japanese.yml', 'localization/japanese/replace/content_101_l_japanese.yml'
[02:29:02][pdx_localize.cpp:231]: Key 'custom_bureaucrat' defined in multiple files: 'localization/japanese/content_101_l_japanese.yml', 'localization/japanese/replace/content_101_l_japanese.yml'
[02:29:02][pdx_localize.cpp:231]: Key 'custom_professor' defined in multiple files: 'localization/japanese/content_101_l_japanese.yml', 'localization/japanese/replace/content_101_l_japanese.yml'
[02:29:02][pdx_localize.cpp:231]: Key 'custom_nurse' defined in multiple files: 'localization/japanese/content_101_l_japanese.yml', 'localization/japanese/replace/content_101_l_japanese.yml'
[02:29:02][pdx_localize.cpp:231]: Key 'free_speech_lewd_book_success' defined in multiple files: 'localization/japanese/content_101_l_japanese.yml', 'localization/japanese/replace/content_101_l_japanese.yml'
[02:29:02][pdx_localize.cpp:231]: Key 'free_speech_lewd_book_fail' defined in multiple files: 'localization/japanese/content_101_l_japanese.yml', 'localization/japanese/replace/content_101_l_japanese.yml'
[02:29:02][pdx_localize.cpp:231]: Key 'free_speech_laws.6.t' defined in multiple files: 'localization/japanese/content_101_l_japanese.yml', 'localization/japanese/replace/content_101_l_japanese.yml'
[02:29:02][pdx_localize.cpp:231]: Key 'free_speech_laws.6.d' defined in multiple files: 'localization/japanese/content_101_l_japanese.yml', 'localization/japanese/replace/content_101_l_japanese.yml'
[02:29:02][pdx_localize.cpp:231]: Key 'free_speech_laws.6.f' defined in multiple files: 'localization/japanese/content_101_l_japanese.yml', 'localization/japanese/replace/content_101_l_japanese.yml'
[02:29:02][pdx_localize.cpp:231]: Key 'free_speech_laws.6.a' defined in multiple files: 'localization/japanese/content_101_l_japanese.yml', 'localization/japanese/replace/content_101_l_japanese.yml'
[02:29:02][pdx_localize.cpp:231]: Key 'free_speech_laws.6.b' defined in multiple files: 'localization/japanese/content_101_l_japanese.yml', 'localization/japanese/replace/content_101_l_japanese.yml'
[02:29:02][pdx_localize.cpp:231]: Key 'free_speech_lewd_drawing_condemned' defined in multiple files: 'localization/japanese/content_101_l_japanese.yml', 'localization/japanese/replace/content_101_l_japanese.yml'
[02:29:02][pdx_localize.cpp:231]: Key 'free_speech_lewd_drawing_supported' defined in multiple files: 'localization/japanese/content_101_l_japanese.yml', 'localization/japanese/replace/content_101_l_japanese.yml'
[02:29:02][pdx_localize.cpp:231]: Key 'free_speech_lewd_drawing_supported_ig' defined in multiple files: 'localization/japanese/content_101_l_japanese.yml', 'localization/japanese/replace/content_101_l_japanese.yml'
[02:29:02][pdx_localize.cpp:231]: Key 'rights_of_women_laws.1.t' defined in multiple files: 'localization/japanese/content_101_l_japanese.yml', 'localization/japanese/replace/content_101_l_japanese.yml'
[02:29:02][pdx_localize.cpp:231]: Key 'rights_of_women_laws.1.d' defined in multiple files: 'localization/japanese/content_101_l_japanese.yml', 'localization/japanese/replace/content_101_l_japanese.yml'
[02:29:02][pdx_localize.cpp:231]: Key 'rights_of_women_laws.1.f' defined in multiple files: 'localization/japanese/content_101_l_japanese.yml', 'localization/japanese/replace/content_101_l_japanese.yml'
[02:29:02][pdx_localize.cpp:231]: Key 'rights_of_women_laws.1.a' defined in multiple files: 'localization/japanese/content_101_l_japanese.yml', 'localization/japanese/replace/content_101_l_japanese.yml'
[02:29:02][pdx_localize.cpp:231]: Key 'rights_of_women_laws.1.b' defined in multiple files: 'localization/japanese/content_101_l_japanese.yml', 'localization/japanese/replace/content_101_l_japanese.yml'
[02:29:02][pdx_localize.cpp:231]: Key 'womens_rights_divorce_advance' defined in multiple files: 'localization/japanese/content_101_l_japanese.yml', 'localization/japanese/replace/content_101_l_japanese.yml'
[02:29:02][pdx_localize.cpp:231]: Key 'womens_rights_divorce_lesser_advance' defined in multiple files: 'localization/japanese/content_101_l_japanese.yml', 'localization/japanese/replace/content_101_l_japanese.yml'
[02:29:02][pdx_localize.cpp:231]: Key 'womens_rights_divorce_ig_anger' defined in multiple files: 'localization/japanese/content_101_l_japanese.yml', 'localization/japanese/replace/content_101_l_japanese.yml'
[02:29:02][pdx_localize.cpp:231]: Key 'rights_of_women_laws.2.t' defined in multiple files: 'localization/japanese/content_101_l_japanese.yml', 'localization/japanese/replace/content_101_l_japanese.yml'
[02:29:02][pdx_localize.cpp:231]: Key 'rights_of_women_laws.2.d' defined in multiple files: 'localization/japanese/content_101_l_japanese.yml', 'localization/japanese/replace/content_101_l_japanese.yml'
[02:29:02][pdx_localize.cpp:231]: Key 'rights_of_women_laws.2.f' defined in multiple files: 'localization/japanese/content_101_l_japanese.yml', 'localization/japanese/replace/content_101_l_japanese.yml'
[02:29:02][pdx_localize.cpp:231]: Key 'rights_of_women_laws.2.a' defined in multiple files: 'localization/japanese/content_101_l_japanese.yml', 'localization/japanese/replace/content_101_l_japanese.yml'
[02:29:02][pdx_localize.cpp:231]: Key 'rights_of_women_laws.2.b' defined in multiple files: 'localization/japanese/content_101_l_japanese.yml', 'localization/japanese/replace/content_101_l_japanese.yml'
[02:29:02][pdx_localize.cpp:231]: Key 'womens_rights_travel_writing_advance' defined in multiple files: 'localization/japanese/content_101_l_japanese.yml', 'localization/japanese/replace/content_101_l_japanese.yml'
[02:29:02][pdx_localize.cpp:231]: Key 'womens_rights_travel_writing_risk_fail' defined in multiple files: 'localization/japanese/content_101_l_japanese.yml', 'localization/japanese/replace/content_101_l_japanese.yml'
[02:29:02][pdx_localize.cpp:231]: Key 'womens_rights_travel_writing_risk_success' defined in multiple files: 'localization/japanese/content_101_l_japanese.yml', 'localization/japanese/replace/content_101_l_japanese.yml'
[02:29:02][pdx_localize.cpp:231]: Key 'rights_of_women_laws.3.t' defined in multiple files: 'localization/japanese/content_101_l_japanese.yml', 'localization/japanese/replace/content_101_l_japanese.yml'
[02:29:02][pdx_localize.cpp:231]: Key 'rights_of_women_laws.3.d' defined in multiple files: 'localization/japanese/content_101_l_japanese.yml', 'localization/japanese/replace/content_101_l_japanese.yml'
[02:29:02][pdx_localize.cpp:231]: Key 'rights_of_women_laws.3.f' defined in multiple files: 'localization/japanese/content_101_l_japanese.yml', 'localization/japanese/replace/content_101_l_japanese.yml'
[02:29:02][pdx_localize.cpp:231]: Key 'rights_of_women_laws.3.a' defined in multiple files: 'localization/japanese/content_101_l_japanese.yml', 'localization/japanese/replace/content_101_l_japanese.yml'
[02:29:02][pdx_localize.cpp:231]: Key 'rights_of_women_laws.3.b' defined in multiple files: 'localization/japanese/content_101_l_japanese.yml', 'localization/japanese/replace/content_101_l_japanese.yml'
[02:29:02][pdx_localize.cpp:231]: Key 'rights_of_women_laws.3.c' defined in multiple files: 'localization/japanese/content_101_l_japanese.yml', 'localization/japanese/replace/content_101_l_japanese.yml'
[02:29:02][pdx_localize.cpp:231]: Key 'womens_hysteria_stall_fail' defined in multiple files: 'localization/japanese/content_101_l_japanese.yml', 'localization/japanese/replace/content_101_l_japanese.yml'
[02:29:02][pdx_localize.cpp:231]: Key 'womens_hysteria_stall_success' defined in multiple files: 'localization/japanese/content_101_l_japanese.yml', 'localization/japanese/replace/content_101_l_japanese.yml'
[02:29:02][pdx_localize.cpp:231]: Key 'womens_hysteria_stall' defined in multiple files: 'localization/japanese/content_101_l_japanese.yml', 'localization/japanese/replace/content_101_l_japanese.yml'
[02:29:02][pdx_localize.cpp:231]: Key 'rights_of_women_laws.4.t' defined in multiple files: 'localization/japanese/content_101_l_japanese.yml', 'localization/japanese/replace/content_101_l_japanese.yml'
[02:29:02][pdx_localize.cpp:231]: Key 'rights_of_women_laws.4.d' defined in multiple files: 'localization/japanese/content_101_l_japanese.yml', 'localization/japanese/replace/content_101_l_japanese.yml'
[02:29:02][pdx_localize.cpp:231]: Key 'rights_of_women_laws.4.f' defined in multiple files: 'localization/japanese/content_101_l_japanese.yml', 'localization/japanese/replace/content_101_l_japanese.yml'
[02:29:02][pdx_localize.cpp:231]: Key 'rights_of_women_laws.4.a' defined in multiple files: 'localization/japanese/content_101_l_japanese.yml', 'localization/japanese/replace/content_101_l_japanese.yml'
[02:29:02][pdx_localize.cpp:231]: Key 'rights_of_women_laws.4.b' defined in multiple files: 'localization/japanese/content_101_l_japanese.yml', 'localization/japanese/replace/content_101_l_japanese.yml'
[02:29:02][pdx_localize.cpp:231]: Key 'womens_rights_newspaper_not_paid' defined in multiple files: 'localization/japanese/content_101_l_japanese.yml', 'localization/japanese/replace/content_101_l_japanese.yml'
[02:29:02][pdx_localize.cpp:231]: Key 'womens_rights_newspaper_paid' defined in multiple files: 'localization/japanese/content_101_l_japanese.yml', 'localization/japanese/replace/content_101_l_japanese.yml'
[02:29:02][pdx_localize.cpp:231]: Key 'womens_rights_newspaper_paid_costs' defined in multiple files: 'localization/japanese/content_101_l_japanese.yml', 'localization/japanese/replace/content_101_l_japanese.yml'
[02:29:02][pdx_localize.cpp:231]: Key 'rights_of_women_laws.5.t' defined in multiple files: 'localization/japanese/content_101_l_japanese.yml', 'localization/japanese/replace/content_101_l_japanese.yml'
[02:29:02][pdx_localize.cpp:231]: Key 'rights_of_women_laws.5.d' defined in multiple files: 'localization/japanese/content_101_l_japanese.yml', 'localization/japanese/replace/content_101_l_japanese.yml'
[02:29:02][pdx_localize.cpp:231]: Key 'rights_of_women_laws.5.f' defined in multiple files: 'localization/japanese/content_101_l_japanese.yml', 'localization/japanese/replace/content_101_l_japanese.yml'
[02:29:02][pdx_localize.cpp:231]: Key 'rights_of_women_laws.5.a' defined in multiple files: 'localization/japanese/content_101_l_japanese.yml', 'localization/japanese/replace/content_101_l_japanese.yml'
[02:29:02][pdx_localize.cpp:231]: Key 'rights_of_women_laws.5.b' defined in multiple files: 'localization/japanese/content_101_l_japanese.yml', 'localization/japanese/replace/content_101_l_japanese.yml'
[02:29:02][pdx_localize.cpp:231]: Key 'womens_rights_rally' defined in multiple files: 'localization/japanese/content_101_l_japanese.yml', 'localization/japanese/replace/content_101_l_japanese.yml'
[02:29:02][pdx_localize.cpp:231]: Key 'womens_rights_peaceful_rally' defined in multiple files: 'localization/japanese/content_101_l_japanese.yml', 'localization/japanese/replace/content_101_l_japanese.yml'
[02:29:02][pdx_localize.cpp:231]: Key 'womens_rights_violent_rally' defined in multiple files: 'localization/japanese/content_101_l_japanese.yml', 'localization/japanese/replace/content_101_l_japanese.yml'
[02:29:02][pdx_localize.cpp:231]: Key 'violent_womens_rally_backlash' defined in multiple files: 'localization/japanese/content_101_l_japanese.yml', 'localization/japanese/replace/content_101_l_japanese.yml'
[02:29:02][pdx_localize.cpp:231]: Key 'rights_of_women_laws.6.t' defined in multiple files: 'localization/japanese/content_101_l_japanese.yml', 'localization/japanese/replace/content_101_l_japanese.yml'
[02:29:02][pdx_localize.cpp:231]: Key 'rights_of_women_laws.6.d' defined in multiple files: 'localization/japanese/content_101_l_japanese.yml', 'localization/japanese/replace/content_101_l_japanese.yml'
[02:29:02][pdx_localize.cpp:231]: Key 'rights_of_women_laws.6.f' defined in multiple files: 'localization/japanese/content_101_l_japanese.yml', 'localization/japanese/replace/content_101_l_japanese.yml'
[02:29:02][pdx_localize.cpp:231]: Key 'rights_of_women_laws.6.a' defined in multiple files: 'localization/japanese/content_101_l_japanese.yml', 'localization/japanese/replace/content_101_l_japanese.yml'
[02:29:02][pdx_localize.cpp:231]: Key 'rights_of_women_laws.6.b' defined in multiple files: 'localization/japanese/content_101_l_japanese.yml', 'localization/japanese/replace/content_101_l_japanese.yml'
[02:29:02][pdx_localize.cpp:231]: Key 'womens_rights_fringe_group_violence' defined in multiple files: 'localization/japanese/content_101_l_japanese.yml', 'localization/japanese/replace/content_101_l_japanese.yml'
[02:29:02][pdx_localize.cpp:231]: Key 'womens_rights_fringe_group_violence_stopped' defined in multiple files: 'localization/japanese/content_101_l_japanese.yml', 'localization/japanese/replace/content_101_l_japanese.yml'
[02:29:02][pdx_localize.cpp:231]: Key 'rights_of_women_laws.7.t' defined in multiple files: 'localization/japanese/content_101_l_japanese.yml', 'localization/japanese/replace/content_101_l_japanese.yml'
[02:29:02][pdx_localize.cpp:231]: Key 'rights_of_women_laws.7.d' defined in multiple files: 'localization/japanese/content_101_l_japanese.yml', 'localization/japanese/replace/content_101_l_japanese.yml'
[02:29:02][pdx_localize.cpp:231]: Key 'rights_of_women_laws.7.f' defined in multiple files: 'localization/japanese/content_101_l_japanese.yml', 'localization/japanese/replace/content_101_l_japanese.yml'
[02:29:02][pdx_localize.cpp:231]: Key 'rights_of_women_laws.7.a' defined in multiple files: 'localization/japanese/content_101_l_japanese.yml', 'localization/japanese/replace/content_101_l_japanese.yml'
[02:29:02][pdx_localize.cpp:231]: Key 'rights_of_women_laws.7.b' defined in multiple files: 'localization/japanese/content_101_l_japanese.yml', 'localization/japanese/replace/content_101_l_japanese.yml'
[02:29:02][pdx_localize.cpp:231]: Key 'womens_rights_disrupt' defined in multiple files: 'localization/japanese/content_101_l_japanese.yml', 'localization/japanese/replace/content_101_l_japanese.yml'
[02:29:02][pdx_localize.cpp:231]: Key 'womens_rights_disrupt_small' defined in multiple files: 'localization/japanese/content_101_l_japanese.yml', 'localization/japanese/replace/content_101_l_japanese.yml'
[02:29:02][pdx_localize.cpp:231]: Key 'modifier_crop_failure_relief_effect' defined in multiple files: 'localization/japanese/content_101_l_japanese.yml', 'localization/japanese/replace/content_101_l_japanese.yml'
[02:29:02][pdx_localize.cpp:231]: Key 'opera_modifier_costs' defined in multiple files: 'localization/japanese/content_101_l_japanese.yml', 'localization/japanese/replace/content_101_l_japanese.yml'
[02:29:02][pdx_localize.cpp:231]: Key 'foreign_concert_modifier_cost' defined in multiple files: 'localization/japanese/content_101_l_japanese.yml', 'localization/japanese/replace/content_101_l_japanese.yml'
[02:29:02][pdx_localize.cpp:231]: Key 'create_peru_bolivia_confederation' defined in multiple files: 'localization/japanese/content_101_l_japanese.yml', 'localization/japanese/replace/content_101_l_japanese.yml'
[02:29:02][pdx_localize.cpp:231]: Key 'create_peru_bolivia_confederation_desc' defined in multiple files: 'localization/japanese/content_101_l_japanese.yml', 'localization/japanese/replace/content_101_l_japanese.yml'
[02:29:02][pdx_localize.cpp:231]: Key 'south_america.4.t' defined in multiple files: 'localization/japanese/content_101_l_japanese.yml', 'localization/japanese/replace/content_101_l_japanese.yml'
[02:29:02][pdx_localize.cpp:231]: Key 'south_america.4.d' defined in multiple files: 'localization/japanese/content_101_l_japanese.yml', 'localization/japanese/replace/content_101_l_japanese.yml'
[02:29:02][pdx_localize.cpp:231]: Key 'south_america.4.f' defined in multiple files: 'localization/japanese/content_101_l_japanese.yml', 'localization/japanese/replace/content_101_l_japanese.yml'
[02:29:02][pdx_localize.cpp:231]: Key 'south_america.4.a' defined in multiple files: 'localization/japanese/content_101_l_japanese.yml', 'localization/japanese/replace/content_101_l_japanese.yml'
[02:29:02][pdx_localize.cpp:231]: Key 'south_america.4.a.tt' defined in multiple files: 'localization/japanese/content_101_l_japanese.yml', 'localization/japanese/replace/content_101_l_japanese.yml'
[02:29:02][pdx_localize.cpp:231]: Key 'modifier_combined_bolivia_peru' defined in multiple files: 'localization/japanese/content_101_l_japanese.yml', 'localization/japanese/replace/content_101_l_japanese.yml'
[02:29:02][pdx_localize.cpp:231]: Key 'central_america_falls_apart' defined in multiple files: 'localization/japanese/content_101_l_japanese.yml', 'localization/japanese/replace/content_101_l_japanese.yml'
[02:29:02][pdx_localize.cpp:231]: Key 'central_america_falls_apart_reason' defined in multiple files: 'localization/japanese/content_101_l_japanese.yml', 'localization/japanese/replace/content_101_l_japanese.yml'
[02:29:02][pdx_localize.cpp:231]: Key 'ragamuffin_war' defined in multiple files: 'localization/japanese/content_101_l_japanese.yml', 'localization/japanese/replace/content_101_l_japanese.yml'
[02:29:02][pdx_localize.cpp:231]: Key 'ragamuffin_war_reason' defined in multiple files: 'localization/japanese/content_101_l_japanese.yml', 'localization/japanese/replace/content_101_l_japanese.yml'
[02:29:02][pdx_localize.cpp:231]: Key 'south_america.5.t' defined in multiple files: 'localization/japanese/content_101_l_japanese.yml', 'localization/japanese/replace/content_101_l_japanese.yml'
[02:29:02][pdx_localize.cpp:231]: Key 'south_america.5.d' defined in multiple files: 'localization/japanese/content_101_l_japanese.yml', 'localization/japanese/replace/content_101_l_japanese.yml'
[02:29:02][pdx_localize.cpp:231]: Key 'south_america.5.f' defined in multiple files: 'localization/japanese/content_101_l_japanese.yml', 'localization/japanese/replace/content_101_l_japanese.yml'
[02:29:02][pdx_localize.cpp:231]: Key 'south_america.5.a' defined in multiple files: 'localization/japanese/content_101_l_japanese.yml', 'localization/japanese/replace/content_101_l_japanese.yml'
[02:29:02][pdx_localize.cpp:231]: Key 'south_america.5.b' defined in multiple files: 'localization/japanese/content_101_l_japanese.yml', 'localization/japanese/replace/content_101_l_japanese.yml'
[02:29:02][pdx_localize.cpp:231]: Key 'lost_ragamuffin_war' defined in multiple files: 'localization/japanese/content_101_l_japanese.yml', 'localization/japanese/replace/content_101_l_japanese.yml'
[02:29:02][pdx_localize.cpp:231]: Key 'won_ragamuffin_war_integrate' defined in multiple files: 'localization/japanese/content_101_l_japanese.yml', 'localization/japanese/replace/content_101_l_japanese.yml'
[02:29:02][pdx_localize.cpp:231]: Key 'won_ragamuffin_war_ostracize' defined in multiple files: 'localization/japanese/content_101_l_japanese.yml', 'localization/japanese/replace/content_101_l_japanese.yml'
[02:29:02][pdx_localize.cpp:231]: Key 'south_america.6.t' defined in multiple files: 'localization/japanese/content_101_l_japanese.yml', 'localization/japanese/replace/content_101_l_japanese.yml'
[02:29:02][pdx_localize.cpp:231]: Key 'south_america.6.d' defined in multiple files: 'localization/japanese/content_101_l_japanese.yml', 'localization/japanese/replace/content_101_l_japanese.yml'
[02:29:02][pdx_localize.cpp:231]: Key 'south_america.6.f' defined in multiple files: 'localization/japanese/content_101_l_japanese.yml', 'localization/japanese/replace/content_101_l_japanese.yml'
[02:29:02][pdx_localize.cpp:231]: Key 'south_america.6.a' defined in multiple files: 'localization/japanese/content_101_l_japanese.yml', 'localization/japanese/replace/content_101_l_japanese.yml'
[02:29:02][pdx_localize.cpp:231]: Key 'south_america.6.b' defined in multiple files: 'localization/japanese/content_101_l_japanese.yml', 'localization/japanese/replace/content_101_l_japanese.yml'
[02:29:02][pdx_localize.cpp:231]: Key 'won_ragamuffin_war' defined in multiple files: 'localization/japanese/content_101_l_japanese.yml', 'localization/japanese/replace/content_101_l_japanese.yml'
[02:29:02][pdx_localize.cpp:231]: Key 'central_america_collapse_tt' defined in multiple files: 'localization/japanese/content_101_l_japanese.yml', 'localization/japanese/replace/content_101_l_japanese.yml'
[02:29:02][pdx_localize.cpp:231]: Key 'free_state_status_new' defined in multiple files: 'localization/japanese/content_101_l_japanese.yml', 'localization/japanese/replace/content_101_l_japanese.yml'
[02:29:02][pdx_localize.cpp:231]: Key 'free_state_status_suspected' defined in multiple files: 'localization/japanese/content_101_l_japanese.yml', 'localization/japanese/replace/content_101_l_japanese.yml'
[02:29:02][pdx_localize.cpp:231]: Key 'free_state_status_known' defined in multiple files: 'localization/japanese/content_101_l_japanese.yml', 'localization/japanese/replace/content_101_l_japanese.yml'
[02:29:02][pdx_localize.cpp:231]: Key 'je_free_state_reason' defined in multiple files: 'localization/japanese/content_101_l_japanese.yml', 'localization/japanese/replace/content_101_l_japanese.yml'
[02:29:02][pdx_localize.cpp:231]: Key 'free_state_journal_complete_tt' defined in multiple files: 'localization/japanese/content_101_l_japanese.yml', 'localization/japanese/replace/content_101_l_japanese.yml'
[02:29:02][pdx_localize.cpp:231]: Key 'council_republic_law_events.1.t' defined in multiple files: 'localization/japanese/content_101_l_japanese.yml', 'localization/japanese/replace/content_101_l_japanese.yml'
[02:29:02][pdx_localize.cpp:231]: Key 'council_republic_law_events.1.d' defined in multiple files: 'localization/japanese/content_101_l_japanese.yml', 'localization/japanese/replace/content_101_l_japanese.yml'
[02:29:02][pdx_localize.cpp:231]: Key 'council_republic_law_events.1.f' defined in multiple files: 'localization/japanese/content_101_l_japanese.yml', 'localization/japanese/replace/content_101_l_japanese.yml'
[02:29:02][pdx_localize.cpp:231]: Key 'council_republic_law_events.1.a' defined in multiple files: 'localization/japanese/content_101_l_japanese.yml', 'localization/japanese/replace/content_101_l_japanese.yml'
[02:29:02][pdx_localize.cpp:231]: Key 'council_republic_law_events.1.b' defined in multiple files: 'localization/japanese/content_101_l_japanese.yml', 'localization/japanese/replace/content_101_l_japanese.yml'
[02:29:02][pdx_localize.cpp:231]: Key 'council_republic_speech_advance' defined in multiple files: 'localization/japanese/content_101_l_japanese.yml', 'localization/japanese/replace/content_101_l_japanese.yml'
[02:29:02][pdx_localize.cpp:231]: Key 'council_republic_law_events.2.t' defined in multiple files: 'localization/japanese/content_101_l_japanese.yml', 'localization/japanese/replace/content_101_l_japanese.yml'
[02:29:02][pdx_localize.cpp:231]: Key 'council_republic_law_events.2.d' defined in multiple files: 'localization/japanese/content_101_l_japanese.yml', 'localization/japanese/replace/content_101_l_japanese.yml'
[02:29:02][pdx_localize.cpp:231]: Key 'council_republic_law_events.2.f' defined in multiple files: 'localization/japanese/content_101_l_japanese.yml', 'localization/japanese/replace/content_101_l_japanese.yml'
[02:29:02][pdx_localize.cpp:231]: Key 'council_republic_law_events.2.a' defined in multiple files: 'localization/japanese/content_101_l_japanese.yml', 'localization/japanese/replace/content_101_l_japanese.yml'
[02:29:02][pdx_localize.cpp:231]: Key 'council_republic_law_events.2.b' defined in multiple files: 'localization/japanese/content_101_l_japanese.yml', 'localization/japanese/replace/content_101_l_japanese.yml'
[02:29:02][pdx_localize.cpp:231]: Key 'council_republic_law_events.2.c' defined in multiple files: 'localization/japanese/content_101_l_japanese.yml', 'localization/japanese/replace/content_101_l_japanese.yml'
[02:29:02][pdx_localize.cpp:231]: Key 'council_republic_debate_progress' defined in multiple files: 'localization/japanese/content_101_l_japanese.yml', 'localization/japanese/replace/content_101_l_japanese.yml'
[02:29:02][pdx_localize.cpp:231]: Key 'council_republic_factory_debate_fail' defined in multiple files: 'localization/japanese/content_101_l_japanese.yml', 'localization/japanese/replace/content_101_l_japanese.yml'
[02:29:02][pdx_localize.cpp:231]: Key 'angry_at_factory_revolution' defined in multiple files: 'localization/japanese/content_101_l_japanese.yml', 'localization/japanese/replace/content_101_l_japanese.yml'
[02:29:02][pdx_localize.cpp:231]: Key 'council_republic_law_events.3.t' defined in multiple files: 'localization/japanese/content_101_l_japanese.yml', 'localization/japanese/replace/content_101_l_japanese.yml'
[02:29:02][pdx_localize.cpp:231]: Key 'council_republic_law_events.3.d' defined in multiple files: 'localization/japanese/content_101_l_japanese.yml', 'localization/japanese/replace/content_101_l_japanese.yml'
[02:29:02][pdx_localize.cpp:231]: Key 'council_republic_law_events.3.f' defined in multiple files: 'localization/japanese/content_101_l_japanese.yml', 'localization/japanese/replace/content_101_l_japanese.yml'
[02:29:02][pdx_localize.cpp:231]: Key 'council_republic_law_events.3.a' defined in multiple files: 'localization/japanese/content_101_l_japanese.yml', 'localization/japanese/replace/content_101_l_japanese.yml'
[02:29:02][pdx_localize.cpp:231]: Key 'council_republic_law_events.3.b' defined in multiple files: 'localization/japanese/content_101_l_japanese.yml', 'localization/japanese/replace/content_101_l_japanese.yml'
[02:29:02][pdx_localize.cpp:231]: Key 'council_republic_law_events.3.c' defined in multiple files: 'localization/japanese/content_101_l_japanese.yml', 'localization/japanese/replace/content_101_l_japanese.yml'
[02:29:02][pdx_localize.cpp:231]: Key 'council_republic_fire_stall' defined in multiple files: 'localization/japanese/content_101_l_japanese.yml', 'localization/japanese/replace/content_101_l_japanese.yml'
[02:29:02][pdx_localize.cpp:231]: Key 'council_republic_fire_stall_big' defined in multiple files: 'localization/japanese/content_101_l_japanese.yml', 'localization/japanese/replace/content_101_l_japanese.yml'
[02:29:02][pdx_localize.cpp:231]: Key 'communist_party_supported' defined in multiple files: 'localization/japanese/content_101_l_japanese.yml', 'localization/japanese/replace/content_101_l_japanese.yml'
[02:29:02][pdx_localize.cpp:231]: Key 'custom_vodka' defined in multiple files: 'localization/japanese/content_101_l_japanese.yml', 'localization/japanese/replace/content_101_l_japanese.yml'
[02:29:02][pdx_localize.cpp:231]: Key 'custom_champagne' defined in multiple files: 'localization/japanese/content_101_l_japanese.yml', 'localization/japanese/replace/content_101_l_japanese.yml'
[02:29:02][pdx_localize.cpp:231]: Key 'custom_wine' defined in multiple files: 'localization/japanese/content_101_l_japanese.yml', 'localization/japanese/replace/content_101_l_japanese.yml'
[02:29:02][pdx_localize.cpp:231]: Key 'custom_kumis' defined in multiple files: 'localization/japanese/content_101_l_japanese.yml', 'localization/japanese/replace/content_101_l_japanese.yml'
[02:29:02][pdx_localize.cpp:231]: Key 'custom_sake' defined in multiple files: 'localization/japanese/content_101_l_japanese.yml', 'localization/japanese/replace/content_101_l_japanese.yml'
[02:29:02][pdx_localize.cpp:231]: Key 'custom_soju' defined in multiple files: 'localization/japanese/content_101_l_japanese.yml', 'localization/japanese/replace/content_101_l_japanese.yml'
[02:29:02][pdx_localize.cpp:231]: Key 'custom_scotch' defined in multiple files: 'localization/japanese/content_101_l_japanese.yml', 'localization/japanese/replace/content_101_l_japanese.yml'
[02:29:02][pdx_localize.cpp:231]: Key 'custom_pisco' defined in multiple files: 'localization/japanese/content_101_l_japanese.yml', 'localization/japanese/replace/content_101_l_japanese.yml'
[02:29:02][pdx_localize.cpp:231]: Key 'custom_baijiu' defined in multiple files: 'localization/japanese/content_101_l_japanese.yml', 'localization/japanese/replace/content_101_l_japanese.yml'
[02:29:02][pdx_localize.cpp:231]: Key 'disapproves_of_no_weapon_restriction' defined in multiple files: 'localization/japanese/content_101_l_japanese.yml', 'localization/japanese/replace/content_101_l_japanese.yml'
[02:29:02][pdx_localize.cpp:231]: Key 'covering_up_weapons' defined in multiple files: 'localization/japanese/content_101_l_japanese.yml', 'localization/japanese/replace/content_101_l_japanese.yml'
[02:29:02][pdx_localize.cpp:231]: Key 'ig_placated_bureaucracy_cost' defined in multiple files: 'localization/japanese/content_101_l_japanese.yml', 'localization/japanese/replace/content_101_l_japanese.yml'
[02:29:02][pdx_localize.cpp:231]: Key 'ig_demand_not_met' defined in multiple files: 'localization/japanese/content_101_l_japanese.yml', 'localization/japanese/replace/content_101_l_japanese.yml'
[02:29:02][pdx_localize.cpp:231]: Key 'ig_placated_completion' defined in multiple files: 'localization/japanese/content_101_l_japanese.yml', 'localization/japanese/replace/content_101_l_japanese.yml'
[02:29:02][pdx_localize.cpp:231]: Key 'congo_free_state_events.1.f' defined in multiple files: 'localization/japanese/content_101_l_japanese.yml', 'localization/japanese/replace/content_101_l_japanese.yml'
[02:29:02][pdx_localize.cpp:231]: Key 'pm_events.1.t' defined in multiple files: 'localization/japanese/content_105_l_japanese.yml', 'localization/japanese/replace/content_105_l_japanese.yml'
[02:29:02][pdx_localize.cpp:231]: Key 'pm_events.1.d' defined in multiple files: 'localization/japanese/content_105_l_japanese.yml', 'localization/japanese/replace/content_105_l_japanese.yml'
[02:29:02][pdx_localize.cpp:231]: Key 'pm_events.1.f' defined in multiple files: 'localization/japanese/content_105_l_japanese.yml', 'localization/japanese/replace/content_105_l_japanese.yml'
[02:29:02][pdx_localize.cpp:231]: Key 'pm_events.1.a' defined in multiple files: 'localization/japanese/content_105_l_japanese.yml', 'localization/japanese/replace/content_105_l_japanese.yml'
[02:29:02][pdx_localize.cpp:231]: Key 'pm_events.1.b' defined in multiple files: 'localization/japanese/content_105_l_japanese.yml', 'localization/japanese/replace/content_105_l_japanese.yml'
[02:29:02][pdx_localize.cpp:231]: Key 'industrial_safety_slowdowns' defined in multiple files: 'localization/japanese/content_105_l_japanese.yml', 'localization/japanese/replace/content_105_l_japanese.yml'
[02:29:02][pdx_localize.cpp:231]: Key 'lacking_industrial_safety_regulations' defined in multiple files: 'localization/japanese/content_105_l_japanese.yml', 'localization/japanese/replace/content_105_l_japanese.yml'
[02:29:02][pdx_localize.cpp:231]: Key 'slowed_down_production' defined in multiple files: 'localization/japanese/content_105_l_japanese.yml', 'localization/japanese/replace/content_105_l_japanese.yml'
[02:29:02][pdx_localize.cpp:231]: Key 'ignored_safety_concerns' defined in multiple files: 'localization/japanese/content_105_l_japanese.yml', 'localization/japanese/replace/content_105_l_japanese.yml'
[02:29:02][pdx_localize.cpp:231]: Key 'pm_events.2.t' defined in multiple files: 'localization/japanese/content_105_l_japanese.yml', 'localization/japanese/replace/content_105_l_japanese.yml'
[02:29:02][pdx_localize.cpp:231]: Key 'pm_events.2.d' defined in multiple files: 'localization/japanese/content_105_l_japanese.yml', 'localization/japanese/replace/content_105_l_japanese.yml'
[02:29:02][pdx_localize.cpp:231]: Key 'pm_events.2.f' defined in multiple files: 'localization/japanese/content_105_l_japanese.yml', 'localization/japanese/replace/content_105_l_japanese.yml'
[02:29:02][pdx_localize.cpp:231]: Key 'pm_events.2.a' defined in multiple files: 'localization/japanese/content_105_l_japanese.yml', 'localization/japanese/replace/content_105_l_japanese.yml'
[02:29:02][pdx_localize.cpp:231]: Key 'pm_events.2.b' defined in multiple files: 'localization/japanese/content_105_l_japanese.yml', 'localization/japanese/replace/content_105_l_japanese.yml'
[02:29:02][pdx_localize.cpp:231]: Key 'child_labor_restrictions' defined in multiple files: 'localization/japanese/content_105_l_japanese.yml', 'localization/japanese/replace/content_105_l_japanese.yml'
[02:29:02][pdx_localize.cpp:231]: Key 'dangerous_child_labor' defined in multiple files: 'localization/japanese/content_105_l_japanese.yml', 'localization/japanese/replace/content_105_l_japanese.yml'
[02:29:02][pdx_localize.cpp:231]: Key 'child_crushing_machines' defined in multiple files: 'localization/japanese/content_105_l_japanese.yml', 'localization/japanese/replace/content_105_l_japanese.yml'
[02:29:02][pdx_localize.cpp:231]: Key 'pm_events.3.t' defined in multiple files: 'localization/japanese/content_105_l_japanese.yml', 'localization/japanese/replace/content_105_l_japanese.yml'
[02:29:02][pdx_localize.cpp:231]: Key 'pm_events.3.d' defined in multiple files: 'localization/japanese/content_105_l_japanese.yml', 'localization/japanese/replace/content_105_l_japanese.yml'
[02:29:02][pdx_localize.cpp:231]: Key 'pm_events.3.f' defined in multiple files: 'localization/japanese/content_105_l_japanese.yml', 'localization/japanese/replace/content_105_l_japanese.yml'
[02:29:02][pdx_localize.cpp:231]: Key 'pm_events.3.a' defined in multiple files: 'localization/japanese/content_105_l_japanese.yml', 'localization/japanese/replace/content_105_l_japanese.yml'
[02:29:02][pdx_localize.cpp:231]: Key 'pm_events.3.b' defined in multiple files: 'localization/japanese/content_105_l_japanese.yml', 'localization/japanese/replace/content_105_l_japanese.yml'
[02:29:02][pdx_localize.cpp:231]: Key 'pm_events.3.c' defined in multiple files: 'localization/japanese/content_105_l_japanese.yml', 'localization/japanese/replace/content_105_l_japanese.yml'
[02:29:02][pdx_localize.cpp:231]: Key 'liquor_production_ban' defined in multiple files: 'localization/japanese/content_105_l_japanese.yml', 'localization/japanese/replace/content_105_l_japanese.yml'
[02:29:02][pdx_localize.cpp:231]: Key 'liquor_production_restrictions' defined in multiple files: 'localization/japanese/content_105_l_japanese.yml', 'localization/japanese/replace/content_105_l_japanese.yml'
[02:29:02][pdx_localize.cpp:231]: Key 'permitted_limited_liquor_production' defined in multiple files: 'localization/japanese/content_105_l_japanese.yml', 'localization/japanese/replace/content_105_l_japanese.yml'
[02:29:02][pdx_localize.cpp:231]: Key 'permitted_unrestricted_liquor_production' defined in multiple files: 'localization/japanese/content_105_l_japanese.yml', 'localization/japanese/replace/content_105_l_japanese.yml'
[02:29:02][pdx_localize.cpp:231]: Key 'pm_events.4.t' defined in multiple files: 'localization/japanese/content_105_l_japanese.yml', 'localization/japanese/replace/content_105_l_japanese.yml'
[02:29:02][pdx_localize.cpp:231]: Key 'pm_events.4.d' defined in multiple files: 'localization/japanese/content_105_l_japanese.yml', 'localization/japanese/replace/content_105_l_japanese.yml'
[02:29:02][pdx_localize.cpp:231]: Key 'pm_events.4.f' defined in multiple files: 'localization/japanese/content_105_l_japanese.yml', 'localization/japanese/replace/content_105_l_japanese.yml'
[02:29:02][pdx_localize.cpp:231]: Key 'pm_events.4.a' defined in multiple files: 'localization/japanese/content_105_l_japanese.yml', 'localization/japanese/replace/content_105_l_japanese.yml'
[02:29:02][pdx_localize.cpp:231]: Key 'pm_events.4.b' defined in multiple files: 'localization/japanese/content_105_l_japanese.yml', 'localization/japanese/replace/content_105_l_japanese.yml'
[02:29:02][pdx_localize.cpp:231]: Key 'pm_events.4.c' defined in multiple files: 'localization/japanese/content_105_l_japanese.yml', 'localization/japanese/replace/content_105_l_japanese.yml'
[02:29:02][pdx_localize.cpp:231]: Key 'arms_manufacturing_ban' defined in multiple files: 'localization/japanese/content_105_l_japanese.yml', 'localization/japanese/replace/content_105_l_japanese.yml'
[02:29:02][pdx_localize.cpp:231]: Key 'arms_manufacturing_restrictions' defined in multiple files: 'localization/japanese/content_105_l_japanese.yml', 'localization/japanese/replace/content_105_l_japanese.yml'
[02:29:02][pdx_localize.cpp:231]: Key 'permitted_limited_arms_manufacturing' defined in multiple files: 'localization/japanese/content_105_l_japanese.yml', 'localization/japanese/replace/content_105_l_japanese.yml'
[02:29:02][pdx_localize.cpp:231]: Key 'permitted_unrestricted_arms_manufacturing' defined in multiple files: 'localization/japanese/content_105_l_japanese.yml', 'localization/japanese/replace/content_105_l_japanese.yml'
[02:29:02][pdx_localize.cpp:231]: Key 'pm_events.5.t' defined in multiple files: 'localization/japanese/content_105_l_japanese.yml', 'localization/japanese/replace/content_105_l_japanese.yml'
[02:29:02][pdx_localize.cpp:231]: Key 'pm_events.5.d' defined in multiple files: 'localization/japanese/content_105_l_japanese.yml', 'localization/japanese/replace/content_105_l_japanese.yml'
[02:29:02][pdx_localize.cpp:231]: Key 'pm_events.5.f' defined in multiple files: 'localization/japanese/content_105_l_japanese.yml', 'localization/japanese/replace/content_105_l_japanese.yml'
[02:29:02][pdx_localize.cpp:231]: Key 'pm_events.5.a' defined in multiple files: 'localization/japanese/content_105_l_japanese.yml', 'localization/japanese/replace/content_105_l_japanese.yml'
[02:29:02][pdx_localize.cpp:231]: Key 'pm_events.5.b' defined in multiple files: 'localization/japanese/content_105_l_japanese.yml', 'localization/japanese/replace/content_105_l_japanese.yml'
[02:29:02][pdx_localize.cpp:231]: Key 'exclusive_wine' defined in multiple files: 'localization/japanese/content_105_l_japanese.yml', 'localization/japanese/replace/content_105_l_japanese.yml'
[02:29:02][pdx_localize.cpp:231]: Key 'popular_wine' defined in multiple files: 'localization/japanese/content_105_l_japanese.yml', 'localization/japanese/replace/content_105_l_japanese.yml'
[02:29:02][pdx_localize.cpp:231]: Key 'obligation_events.1.t' defined in multiple files: 'localization/japanese/content_105_l_japanese.yml', 'localization/japanese/replace/content_105_l_japanese.yml'
[02:29:02][pdx_localize.cpp:231]: Key 'obligation_events.1.d' defined in multiple files: 'localization/japanese/content_105_l_japanese.yml', 'localization/japanese/replace/content_105_l_japanese.yml'
[02:29:02][pdx_localize.cpp:231]: Key 'obligation_events.1.f' defined in multiple files: 'localization/japanese/content_105_l_japanese.yml', 'localization/japanese/replace/content_105_l_japanese.yml'
[02:29:02][pdx_localize.cpp:231]: Key 'obligation_events.1.a' defined in multiple files: 'localization/japanese/content_105_l_japanese.yml', 'localization/japanese/replace/content_105_l_japanese.yml'
[02:29:02][pdx_localize.cpp:231]: Key 'obligation_events.a.tt' defined in multiple files: 'localization/japanese/content_105_l_japanese.yml', 'localization/japanese/replace/content_105_l_japanese.yml'
[02:29:02][pdx_localize.cpp:231]: Key 'obligation_events.b.tt' defined in multiple files: 'localization/japanese/content_105_l_japanese.yml', 'localization/japanese/replace/content_105_l_japanese.yml'
[02:29:02][pdx_localize.cpp:231]: Key 'notification_obligation_events_accepted_tooltip' defined in multiple files: 'localization/japanese/content_105_l_japanese.yml', 'localization/japanese/replace/content_105_l_japanese.yml'
[02:29:02][pdx_localize.cpp:231]: Key 'notification_obligation_events_accepted_name' defined in multiple files: 'localization/japanese/content_105_l_japanese.yml', 'localization/japanese/replace/content_105_l_japanese.yml'
[02:29:02][pdx_localize.cpp:231]: Key 'notification_obligation_events_accepted_desc' defined in multiple files: 'localization/japanese/content_105_l_japanese.yml', 'localization/japanese/replace/content_105_l_japanese.yml'
[02:29:02][pdx_localize.cpp:231]: Key 'notification_obligation_events_rejected_tooltip' defined in multiple files: 'localization/japanese/content_105_l_japanese.yml', 'localization/japanese/replace/content_105_l_japanese.yml'
[02:29:02][pdx_localize.cpp:231]: Key 'notification_obligation_events_rejected_name' defined in multiple files: 'localization/japanese/content_105_l_japanese.yml', 'localization/japanese/replace/content_105_l_japanese.yml'
[02:29:02][pdx_localize.cpp:231]: Key 'notification_obligation_events_rejected_desc' defined in multiple files: 'localization/japanese/content_105_l_japanese.yml', 'localization/japanese/replace/content_105_l_japanese.yml'
[02:29:02][pdx_localize.cpp:231]: Key 'obligation_events.1.b' defined in multiple files: 'localization/japanese/content_105_l_japanese.yml', 'localization/japanese/replace/content_105_l_japanese.yml'
[02:29:02][pdx_localize.cpp:231]: Key 'obligation_events.2.t' defined in multiple files: 'localization/japanese/content_105_l_japanese.yml', 'localization/japanese/replace/content_105_l_japanese.yml'
[02:29:02][pdx_localize.cpp:231]: Key 'obligation_events.2.d' defined in multiple files: 'localization/japanese/content_105_l_japanese.yml', 'localization/japanese/replace/content_105_l_japanese.yml'
[02:29:02][pdx_localize.cpp:231]: Key 'obligation_events.2.f' defined in multiple files: 'localization/japanese/content_105_l_japanese.yml', 'localization/japanese/replace/content_105_l_japanese.yml'
[02:29:02][pdx_localize.cpp:231]: Key 'obligation_events.2.a' defined in multiple files: 'localization/japanese/content_105_l_japanese.yml', 'localization/japanese/replace/content_105_l_japanese.yml'
[02:29:02][pdx_localize.cpp:231]: Key 'obligation_events.2.b' defined in multiple files: 'localization/japanese/content_105_l_japanese.yml', 'localization/japanese/replace/content_105_l_japanese.yml'
[02:29:02][pdx_localize.cpp:231]: Key 'obligation_events.3.t' defined in multiple files: 'localization/japanese/content_105_l_japanese.yml', 'localization/japanese/replace/content_105_l_japanese.yml'
[02:29:02][pdx_localize.cpp:231]: Key 'obligation_events.3.d' defined in multiple files: 'localization/japanese/content_105_l_japanese.yml', 'localization/japanese/replace/content_105_l_japanese.yml'
[02:29:02][pdx_localize.cpp:231]: Key 'obligation_events.3.f' defined in multiple files: 'localization/japanese/content_105_l_japanese.yml', 'localization/japanese/replace/content_105_l_japanese.yml'
[02:29:02][pdx_localize.cpp:231]: Key 'obligation_events.3.a' defined in multiple files: 'localization/japanese/content_105_l_japanese.yml', 'localization/japanese/replace/content_105_l_japanese.yml'
[02:29:02][pdx_localize.cpp:231]: Key 'obligation_events.3.b' defined in multiple files: 'localization/japanese/content_105_l_japanese.yml', 'localization/japanese/replace/content_105_l_japanese.yml'
[02:29:02][pdx_localize.cpp:231]: Key 'obligation_events.4.t' defined in multiple files: 'localization/japanese/content_105_l_japanese.yml', 'localization/japanese/replace/content_105_l_japanese.yml'
[02:29:02][pdx_localize.cpp:231]: Key 'obligation_events.4.d' defined in multiple files: 'localization/japanese/content_105_l_japanese.yml', 'localization/japanese/replace/content_105_l_japanese.yml'
[02:29:02][pdx_localize.cpp:231]: Key 'obligation_events.4.f' defined in multiple files: 'localization/japanese/content_105_l_japanese.yml', 'localization/japanese/replace/content_105_l_japanese.yml'
[02:29:02][pdx_localize.cpp:231]: Key 'obligation_events.4.a' defined in multiple files: 'localization/japanese/content_105_l_japanese.yml', 'localization/japanese/replace/content_105_l_japanese.yml'
[02:29:02][pdx_localize.cpp:231]: Key 'obligation_events.4.b' defined in multiple files: 'localization/japanese/content_105_l_japanese.yml', 'localization/japanese/replace/content_105_l_japanese.yml'
[02:29:02][pdx_localize.cpp:231]: Key 'obligation_events.5.t' defined in multiple files: 'localization/japanese/content_105_l_japanese.yml', 'localization/japanese/replace/content_105_l_japanese.yml'
[02:29:02][pdx_localize.cpp:231]: Key 'obligation_events.5.d' defined in multiple files: 'localization/japanese/content_105_l_japanese.yml', 'localization/japanese/replace/content_105_l_japanese.yml'
[02:29:02][pdx_localize.cpp:231]: Key 'obligation_events.5.f' defined in multiple files: 'localization/japanese/content_105_l_japanese.yml', 'localization/japanese/replace/content_105_l_japanese.yml'
[02:29:02][pdx_localize.cpp:231]: Key 'obligation_events.5.a' defined in multiple files: 'localization/japanese/content_105_l_japanese.yml', 'localization/japanese/replace/content_105_l_japanese.yml'
[02:29:02][pdx_localize.cpp:231]: Key 'obligation_events.5.b' defined in multiple files: 'localization/japanese/content_105_l_japanese.yml', 'localization/japanese/replace/content_105_l_japanese.yml'
[02:29:02][pdx_localize.cpp:231]: Key 'obligation_events.6.t' defined in multiple files: 'localization/japanese/content_105_l_japanese.yml', 'localization/japanese/replace/content_105_l_japanese.yml'
[02:29:02][pdx_localize.cpp:231]: Key 'obligation_events.6.d' defined in multiple files: 'localization/japanese/content_105_l_japanese.yml', 'localization/japanese/replace/content_105_l_japanese.yml'
[02:29:02][pdx_localize.cpp:231]: Key 'obligation_events.6.f' defined in multiple files: 'localization/japanese/content_105_l_japanese.yml', 'localization/japanese/replace/content_105_l_japanese.yml'
[02:29:02][pdx_localize.cpp:231]: Key 'obligation_events.6.a' defined in multiple files: 'localization/japanese/content_105_l_japanese.yml', 'localization/japanese/replace/content_105_l_japanese.yml'
[02:29:02][pdx_localize.cpp:231]: Key 'obligation_events.6.b' defined in multiple files: 'localization/japanese/content_105_l_japanese.yml', 'localization/japanese/replace/content_105_l_japanese.yml'
[02:29:02][pdx_localize.cpp:231]: Key 'obligation_events.tt.no' defined in multiple files: 'localization/japanese/content_105_l_japanese.yml', 'localization/japanese/replace/content_105_l_japanese.yml'
[02:29:02][pdx_localize.cpp:231]: Key 'trade_route_events.1.t' defined in multiple files: 'localization/japanese/content_105_l_japanese.yml', 'localization/japanese/replace/content_105_l_japanese.yml'
[02:29:02][pdx_localize.cpp:231]: Key 'trade_route_events.1.d' defined in multiple files: 'localization/japanese/content_105_l_japanese.yml', 'localization/japanese/replace/content_105_l_japanese.yml'
[02:29:02][pdx_localize.cpp:231]: Key 'trade_route_events.1.f' defined in multiple files: 'localization/japanese/content_105_l_japanese.yml', 'localization/japanese/replace/content_105_l_japanese.yml'
[02:29:02][pdx_localize.cpp:231]: Key 'trade_route_events.1.a' defined in multiple files: 'localization/japanese/content_105_l_japanese.yml', 'localization/japanese/replace/content_105_l_japanese.yml'
[02:29:02][pdx_localize.cpp:231]: Key 'trade_route_events.1.b' defined in multiple files: 'localization/japanese/content_105_l_japanese.yml', 'localization/japanese/replace/content_105_l_japanese.yml'
[02:29:02][pdx_localize.cpp:231]: Key 'trade_route_events.2.t' defined in multiple files: 'localization/japanese/content_105_l_japanese.yml', 'localization/japanese/replace/content_105_l_japanese.yml'
[02:29:02][pdx_localize.cpp:231]: Key 'trade_route_events.2.d' defined in multiple files: 'localization/japanese/content_105_l_japanese.yml', 'localization/japanese/replace/content_105_l_japanese.yml'
[02:29:02][pdx_localize.cpp:231]: Key 'trade_route_events.2.f' defined in multiple files: 'localization/japanese/content_105_l_japanese.yml', 'localization/japanese/replace/content_105_l_japanese.yml'
[02:29:02][pdx_localize.cpp:231]: Key 'trade_route_events.2.a' defined in multiple files: 'localization/japanese/content_105_l_japanese.yml', 'localization/japanese/replace/content_105_l_japanese.yml'
[02:29:02][pdx_localize.cpp:231]: Key 'trade_route_events.2.b' defined in multiple files: 'localization/japanese/content_105_l_japanese.yml', 'localization/japanese/replace/content_105_l_japanese.yml'
[02:29:02][pdx_localize.cpp:231]: Key 'trade_route_events.3.t' defined in multiple files: 'localization/japanese/content_105_l_japanese.yml', 'localization/japanese/replace/content_105_l_japanese.yml'
[02:29:02][pdx_localize.cpp:231]: Key 'trade_route_events.3.d' defined in multiple files: 'localization/japanese/content_105_l_japanese.yml', 'localization/japanese/replace/content_105_l_japanese.yml'
[02:29:02][pdx_localize.cpp:231]: Key 'trade_route_events.3.f' defined in multiple files: 'localization/japanese/content_105_l_japanese.yml', 'localization/japanese/replace/content_105_l_japanese.yml'
[02:29:02][pdx_localize.cpp:231]: Key 'trade_route_events.3.a' defined in multiple files: 'localization/japanese/content_105_l_japanese.yml', 'localization/japanese/replace/content_105_l_japanese.yml'
[02:29:02][pdx_localize.cpp:231]: Key 'trade_route_events.3.b' defined in multiple files: 'localization/japanese/content_105_l_japanese.yml', 'localization/japanese/replace/content_105_l_japanese.yml'
[02:29:02][pdx_localize.cpp:231]: Key 'trade_route_events.4.t' defined in multiple files: 'localization/japanese/content_105_l_japanese.yml', 'localization/japanese/replace/content_105_l_japanese.yml'
[02:29:02][pdx_localize.cpp:231]: Key 'trade_route_events.4.d' defined in multiple files: 'localization/japanese/content_105_l_japanese.yml', 'localization/japanese/replace/content_105_l_japanese.yml'
[02:29:02][pdx_localize.cpp:231]: Key 'trade_route_events.4.f' defined in multiple files: 'localization/japanese/content_105_l_japanese.yml', 'localization/japanese/replace/content_105_l_japanese.yml'
[02:29:02][pdx_localize.cpp:231]: Key 'trade_route_events.4.a' defined in multiple files: 'localization/japanese/content_105_l_japanese.yml', 'localization/japanese/replace/content_105_l_japanese.yml'
[02:29:02][pdx_localize.cpp:231]: Key 'trade_route_events.4.b' defined in multiple files: 'localization/japanese/content_105_l_japanese.yml', 'localization/japanese/replace/content_105_l_japanese.yml'
[02:29:02][pdx_localize.cpp:231]: Key 'trade_route_events.5.t' defined in multiple files: 'localization/japanese/content_105_l_japanese.yml', 'localization/japanese/replace/content_105_l_japanese.yml'
[02:29:02][pdx_localize.cpp:231]: Key 'trade_route_events.5.d' defined in multiple files: 'localization/japanese/content_105_l_japanese.yml', 'localization/japanese/replace/content_105_l_japanese.yml'
[02:29:02][pdx_localize.cpp:231]: Key 'trade_route_events.5.f' defined in multiple files: 'localization/japanese/content_105_l_japanese.yml', 'localization/japanese/replace/content_105_l_japanese.yml'
[02:29:02][pdx_localize.cpp:231]: Key 'trade_route_events.5.a' defined in multiple files: 'localization/japanese/content_105_l_japanese.yml', 'localization/japanese/replace/content_105_l_japanese.yml'
[02:29:02][pdx_localize.cpp:231]: Key 'trade_route_events.5.b' defined in multiple files: 'localization/japanese/content_105_l_japanese.yml', 'localization/japanese/replace/content_105_l_japanese.yml'
[02:29:02][pdx_localize.cpp:231]: Key 'je_build_local_arms_industry' defined in multiple files: 'localization/japanese/content_105_l_japanese.yml', 'localization/japanese/replace/content_105_l_japanese.yml'
[02:29:02][pdx_localize.cpp:231]: Key 'je_build_local_arms_industry_status' defined in multiple files: 'localization/japanese/content_105_l_japanese.yml', 'localization/japanese/replace/content_105_l_japanese.yml'
[02:29:02][pdx_localize.cpp:231]: Key 'je_build_local_arms_industry_reason' defined in multiple files: 'localization/japanese/content_105_l_japanese.yml', 'localization/japanese/replace/content_105_l_japanese.yml'
[02:29:02][pdx_localize.cpp:231]: Key 'je_set_up_grain_import' defined in multiple files: 'localization/japanese/content_105_l_japanese.yml', 'localization/japanese/replace/content_105_l_japanese.yml'
