0;0;0;0;x;x
1;8;153;234;PROV_NSM_SEA_001;x
2;9;92;149;PROV_NSM_SEA_002;x
3;13;151;228;PROV_NSM_SEA_003;x
4;15;130;190;PROV_NSM_SEA_004;x
5;15;142;190;PROV_NSM_SEA_005;x
6;16;46;147;PROV_NSM_SEA_006;x
7;16;52;254;PROV_NSM_SEA_007;x
8;16;61;124;PROV_NSM_SEA_008;x
9;16;135;253;PROV_NSM_SEA_009;x
10;21;143;205;PROV_NSM_SEA_010;x
11;23;72;208;PROV_NSM_SEA_011;x
12;25;109;218;PROV_NSM_SEA_012;x
13;25;133;254;PROV_NSM_SEA_013;x
14;31;111;183;PROV_NSM_SEA_014;x
15;32;66;238;PROV_NSM_SEA_015;x
16;33;123;223;PROV_NSM_SEA_016;x
17;35;35;41;PROV_NSM_LAND_0001;x
18;35;60;135;PROV_NSM_SEA_017;x
19;35;82;36;PROV_NSM_LAND_0002;x
20;35;113;58;PROV_NSM_LAND_0003;x
21;35;114;218;PROV_NSM_SEA_018;x
22;35;117;65;PROV_NSM_LAND_0004;x
23;35;128;42;PROV_NSM_LAND_0005;x
24;35;132;83;PROV_NSM_LAND_0006;x
25;35;133;88;PROV_NSM_LAND_0007;x
26;35;155;120;PROV_NSM_LAND_0008;x
27;35;175;64;PROV_NSM_LAND_0009;x
28;35;178;67;PROV_NSM_LAND_0010;x
29;35;180;215;PROV_NSM_LAND_0011;x
30;35;193;58;PROV_NSM_LAND_0012;x
31;35;193;61;PROV_NSM_LAND_0013;x
32;35;203;67;PROV_NSM_LAND_0014;x
33;35;205;91;PROV_NSM_LAND_0015;x
34;35;220;116;PROV_NSM_LAND_0016;x
35;35;224;170;PROV_NSM_LAND_0017;x
36;35;226;213;PROV_NSM_LAND_0018;x
37;35;232;232;PROV_NSM_LAND_0019;x
38;35;237;131;PROV_NSM_LAND_0020;x
39;36;59;72;PROV_NSM_LAND_0021;x
40;36;59;91;PROV_NSM_LAND_0022;x
41;36;60;68;PROV_NSM_LAND_0023;x
42;36;86;78;PROV_NSM_LAND_0024;x
43;36;161;156;PROV_NSM_LAND_0025;x
44;36;167;191;PROV_NSM_LAND_0026;x
45;36;180;202;PROV_NSM_LAND_0027;x
46;36;183;80;PROV_NSM_LAND_0028;x
47;36;193;203;PROV_NSM_LAND_0029;x
48;36;199;83;PROV_NSM_LAND_0030;x
49;36;226;74;PROV_NSM_LAND_0031;x
50;36;237;190;PROV_NSM_LAND_0032;x
51;36;241;49;PROV_NSM_LAND_0033;x
52;37;42;238;PROV_NSM_SEA_019;x
53;37;55;89;PROV_NSM_LAND_0034;x
54;37;92;93;PROV_NSM_LAND_0035;x
55;37;100;115;PROV_NSM_LAND_0036;x
56;37;107;117;PROV_NSM_LAND_0037;x
57;37;111;137;PROV_NSM_LAND_0038;x
58;37;112;89;PROV_NSM_LAND_0039;x
59;37;116;141;PROV_NSM_LAND_0040;x
60;37;141;113;PROV_NSM_LAND_0041;x
61;37;149;40;PROV_NSM_LAND_0042;x
62;37;150;50;PROV_NSM_LAND_0043;x
63;37;158;135;PROV_NSM_LAND_0044;x
64;37;167;173;PROV_NSM_LAND_0045;x
65;37;170;83;PROV_NSM_LAND_0046;x
66;37;176;142;PROV_NSM_LAND_0047;x
67;37;187;54;PROV_NSM_LAND_0048;x
68;37;214;153;PROV_NSM_LAND_0049;x
69;37;219;176;PROV_NSM_LAND_0050;x
70;37;219;177;PROV_NSM_LAND_0051;x
71;37;228;70;PROV_NSM_LAND_0052;x
72;37;228;202;PROV_NSM_LAND_0053;x
73;37;235;53;PROV_NSM_LAND_0054;x
74;37;239;182;PROV_NSM_LAND_0055;x
75;37;240;215;PROV_NSM_LAND_0056;x
76;38;38;47;PROV_NSM_LAND_0057;x
77;38;38;53;PROV_NSM_LAND_0058;x
78;38;86;95;PROV_NSM_LAND_0059;x
79;38;93;81;PROV_NSM_LAND_0060;x
80;38;138;173;PROV_NSM_LAND_0061;x
81;38;166;45;PROV_NSM_LAND_0062;x
82;38;172;104;PROV_NSM_LAND_0063;x
83;38;174;124;PROV_NSM_LAND_0064;x
84;38;190;78;PROV_NSM_LAND_0065;x
85;38;202;227;PROV_NSM_LAND_0066;x
86;38;213;165;PROV_NSM_LAND_0067;x
87;38;231;55;PROV_NSM_LAND_0068;x
88;38;241;242;PROV_NSM_LAND_0069;x
89;39;55;200;PROV_NSM_SEA_020;x
90;39;61;239;PROV_NSM_SEA_021;x
91;39;63;85;PROV_NSM_LAND_0070;x
92;39;75;90;PROV_NSM_LAND_0071;x
93;39;102;195;PROV_NSM_SEA_022;x
94;39;114;123;PROV_NSM_LAND_0072;x
95;39;117;38;PROV_NSM_LAND_0073;x
96;39;119;92;PROV_NSM_LAND_0074;x
97;39;167;94;PROV_NSM_LAND_0075;x
98;39;228;152;PROV_NSM_LAND_0076;x
99;39;235;149;PROV_NSM_LAND_0077;x
100;39;238;160;PROV_NSM_LAND_0078;x
101;39;241;37;PROV_NSM_LAND_0079;x
102;39;243;138;PROV_NSM_LAND_0080;x
103;40;63;42;PROV_NSM_LAND_0081;x
104;40;71;59;PROV_NSM_LAND_0082;x
105;40;89;101;PROV_NSM_LAND_0083;x
106;40;160;108;PROV_NSM_LAND_0084;x
107;40;175;84;PROV_NSM_LAND_0085;x
108;40;176;182;PROV_NSM_LAND_0086;x
109;40;183;191;PROV_NSM_LAND_0087;x
110;40;187;78;PROV_NSM_LAND_0088;x
111;40;188;112;PROV_NSM_LAND_0089;x
112;40;188;144;PROV_NSM_LAND_0090;x
113;40;189;190;PROV_NSM_LAND_0091;x
114;40;190;169;PROV_NSM_LAND_0092;x
115;40;208;104;PROV_NSM_LAND_0093;x
116;40;210;200;PROV_NSM_LAND_0094;x
117;40;215;86;PROV_NSM_LAND_0095;x
118;40;225;213;PROV_NSM_LAND_0096;x
119;40;230;127;PROV_NSM_LAND_0097;x
120;40;237;172;PROV_NSM_LAND_0098;x
121;41;53;43;PROV_NSM_LAND_0099;x
122;41;62;249;PROV_NSM_SEA_023;x
123;41;68;43;PROV_NSM_LAND_0100;x
124;41;73;120;PROV_NSM_SEA_024;x
125;41;81;252;PROV_NSM_SEA_025;x
126;41;107;141;PROV_NSM_LAND_0101;x
127;41;131;46;PROV_NSM_LAND_0102;x
128;41;171;166;PROV_NSM_LAND_0103;x
129;41;173;157;PROV_NSM_LAND_0104;x
130;41;175;89;PROV_NSM_LAND_0105;x
131;41;212;211;PROV_NSM_LAND_0106;x
132;41;213;143;PROV_NSM_LAND_0107;x
133;41;229;80;PROV_NSM_LAND_0108;x
134;41;231;101;PROV_NSM_LAND_0109;x
135;41;236;237;PROV_NSM_LAND_0110;x
136;42;52;50;PROV_NSM_LAND_0111;x
137;42;56;46;PROV_NSM_LAND_0112;x
138;42;116;67;PROV_NSM_LAND_0113;x
139;42;124;142;PROV_NSM_LAND_0114;x
140;42;131;119;PROV_NSM_LAND_0115;x
141;42;171;122;PROV_NSM_LAND_0116;x
142;42;176;152;PROV_NSM_LAND_0117;x
143;42;206;107;PROV_NSM_LAND_0118;x
144;42;216;64;PROV_NSM_LAND_0119;x
145;42;229;179;PROV_NSM_LAND_0120;x
146;42;236;221;PROV_NSM_LAND_0121;x
147;42;238;54;PROV_NSM_LAND_0122;x
148;42;239;43;PROV_NSM_LAND_0123;x
149;42;242;200;PROV_NSM_LAND_0124;x
150;42;244;239;PROV_NSM_LAND_0125;x
151;43;78;83;PROV_NSM_LAND_0126;x
152;43;78;94;PROV_NSM_LAND_0127;x
153;43;101;68;PROV_NSM_LAND_0128;x
154;43;113;86;PROV_NSM_LAND_0129;x
155;43;133;54;PROV_NSM_LAND_0130;x
156;43;140;86;PROV_NSM_LAND_0131;x
157;43;156;116;PROV_NSM_LAND_0132;x
158;43;190;46;PROV_NSM_LAND_0133;x
159;43;203;213;PROV_NSM_LAND_0134;x
160;43;245;106;PROV_NSM_LAND_0135;x
161;44;45;78;PROV_NSM_LAND_0136;x
162;44;54;247;PROV_NSM_SEA_026;x
163;44;95;48;PROV_NSM_LAND_0137;x
164;44;109;69;PROV_NSM_LAND_0138;x
165;44;114;49;PROV_NSM_LAND_0139;x
166;44;152;75;PROV_NSM_LAND_0140;x
167;44;187;56;PROV_NSM_LAND_0141;x
168;44;190;51;PROV_NSM_LAND_0142;x
169;44;196;167;PROV_NSM_LAND_0143;x
170;44;197;113;PROV_NSM_LAND_0144;x
171;44;216;153;PROV_NSM_LAND_0145;x
172;44;218;217;PROV_NSM_LAND_0146;x
173;44;234;177;PROV_NSM_LAND_0147;x
174;45;72;39;PROV_NSM_LAND_0148;x
175;45;118;101;PROV_NSM_LAND_0149;x
176;45;149;38;PROV_NSM_LAND_0150;x
177;45;164;111;PROV_NSM_LAND_0151;x
178;45;172;59;PROV_NSM_LAND_0152;x
179;45;203;179;PROV_NSM_LAND_0153;x
180;45;216;54;PROV_NSM_LAND_0154;x
181;45;229;71;PROV_NSM_LAND_0155;x
182;46;75;65;PROV_NSM_LAND_0156;x
183;46;90;110;PROV_NSM_LAND_0157;x
184;46;100;118;PROV_NSM_LAND_0158;x
185;46;113;139;PROV_NSM_LAND_0159;x
186;46;131;148;PROV_NSM_LAND_0160;x
187;46;141;64;PROV_NSM_LAND_0161;x
188;46;147;49;PROV_NSM_LAND_0162;x
189;46;151;170;PROV_NSM_LAND_0163;x
190;46;160;110;PROV_NSM_LAND_0164;x
191;46;186;51;PROV_NSM_LAND_0165;x
192;46;187;177;PROV_NSM_LAND_0166;x
193;46;188;91;PROV_NSM_LAND_0167;x
194;46;203;109;PROV_NSM_LAND_0168;x
195;46;204;74;PROV_NSM_LAND_0169;x
196;47;66;90;PROV_NSM_LAND_0170;x
197;47;72;97;PROV_NSM_LAND_0171;x
198;47;85;49;PROV_NSM_LAND_0172;x
199;47;87;78;PROV_NSM_LAND_0173;x
200;47;147;71;PROV_NSM_LAND_0174;x
201;47;154;90;PROV_NSM_LAND_0175;x
202;47;185;61;PROV_NSM_LAND_0176;x
203;47;189;146;PROV_NSM_LAND_0177;x
204;47;190;112;PROV_NSM_LAND_0178;x
205;47;190;211;PROV_NSM_LAND_0179;x
206;47;194;63;PROV_NSM_LAND_0180;x
207;47;202;48;PROV_NSM_LAND_0181;x
208;47;227;53;PROV_NSM_LAND_0182;x
209;48;36;80;PROV_NSM_LAND_0183;x
210;48;39;49;PROV_NSM_LAND_0184;x
211;48;56;192;PROV_NSM_SEA_027;x
212;48;59;84;PROV_NSM_LAND_0185;x
213;48;98;209;PROV_NSM_SEA_028;x
214;48;100;57;PROV_NSM_LAND_0186;x
215;48;111;129;PROV_NSM_LAND_0187;x
216;48;119;143;PROV_NSM_LAND_0188;x
217;48;135;100;PROV_NSM_LAND_0189;x
218;48;141;111;PROV_NSM_LAND_0190;x
219;48;146;101;PROV_NSM_LAND_0191;x
220;48;157;128;PROV_NSM_LAND_0192;x
221;48;170;62;PROV_NSM_LAND_0193;x
222;48;176;193;PROV_NSM_LAND_0194;x
223;48;181;144;PROV_NSM_LAND_0195;x
224;48;184;98;PROV_NSM_LAND_0196;x
225;48;187;79;PROV_NSM_LAND_0197;x
226;48;190;162;PROV_NSM_LAND_0198;x
227;48;200;218;PROV_NSM_LAND_0199;x
228;48;201;64;PROV_NSM_LAND_0200;x
229;48;205;210;PROV_NSM_LAND_0201;x
230;48;216;182;PROV_NSM_LAND_0202;x
231;48;223;171;PROV_NSM_LAND_0203;x
232;49;40;63;PROV_NSM_LAND_0204;x
233;49;41;208;PROV_NSM_SEA_029;x
234;49;44;229;PROV_NSM_SEA_030;x
235;49;52;52;PROV_NSM_LAND_0205;x
236;49;89;116;PROV_NSM_LAND_0206;x
237;49;98;214;PROV_NSM_SEA_031;x
238;49;101;116;PROV_NSM_LAND_0207;x
239;49;107;164;PROV_NSM_SEA_032;x
240;49;121;87;PROV_NSM_LAND_0208;x
241;49;133;167;PROV_NSM_LAND_0209;x
242;49;145;125;PROV_NSM_LAND_0210;x
243;49;145;234;PROV_NSM_SEA_033;x
244;49;164;198;PROV_NSM_LAND_0211;x
245;49;174;93;PROV_NSM_LAND_0212;x
246;49;179;175;PROV_NSM_LAND_0213;x
247;49;180;116;PROV_NSM_LAND_0214;x
248;49;202;152;PROV_NSM_LAND_0215;x
249;49;207;140;PROV_NSM_LAND_0216;x
250;49;239;46;PROV_NSM_LAND_0217;x
251;50;72;91;PROV_NSM_LAND_0218;x
252;50;90;125;PROV_NSM_LAND_0219;x
253;50;109;72;PROV_NSM_LAND_0220;x
254;50;132;124;PROV_NSM_LAND_0221;x
255;50;133;121;PROV_NSM_LAND_0222;x
256;50;139;90;PROV_NSM_LAND_0223;x
257;50;139;157;PROV_NSM_LAND_0224;x
258;50;162;123;PROV_NSM_LAND_0225;x
259;50;177;207;PROV_NSM_LAND_0226;x
260;50;204;217;PROV_NSM_LAND_0227;x
261;50;221;99;PROV_NSM_LAND_0228;x
262;50;221;224;PROV_NSM_LAND_0229;x
263;50;222;109;PROV_NSM_LAND_0230;x
264;50;223;200;PROV_NSM_LAND_0231;x
265;50;228;211;PROV_NSM_LAND_0232;x
266;50;230;223;PROV_NSM_LAND_0233;x
267;50;240;132;PROV_NSM_LAND_0234;x
268;50;243;245;PROV_NSM_LAND_0235;x
269;50;244;224;PROV_NSM_LAND_0236;x
270;51;103;124;PROV_NSM_LAND_0237;x
271;51;121;39;PROV_NSM_LAND_0238;x
272;51;127;141;PROV_NSM_LAND_0239;x
273;51;155;152;PROV_NSM_LAND_0240;x
274;51;162;185;PROV_NSM_LAND_0241;x
275;51;167;52;PROV_NSM_LAND_0242;x
276;51;173;61;PROV_NSM_LAND_0243;x
277;51;180;189;PROV_NSM_LAND_0244;x
278;51;193;192;PROV_NSM_LAND_0245;x
279;51;198;45;PROV_NSM_LAND_0246;x
280;51;229;106;PROV_NSM_LAND_0247;x
281;51;230;130;PROV_NSM_LAND_0248;x
282;51;237;233;PROV_NSM_LAND_0249;x
283;52;38;40;PROV_NSM_LAND_0250;x
284;52;55;67;PROV_NSM_LAND_0251;x
285;52;65;85;PROV_NSM_LAND_0252;x
286;52;71;82;PROV_NSM_LAND_0253;x
287;52;82;98;PROV_NSM_LAND_0254;x
288;52;101;37;PROV_NSM_LAND_0255;x
289;52;104;96;PROV_NSM_LAND_0256;x
290;52;108;65;PROV_NSM_LAND_0257;x
291;52;111;74;PROV_NSM_LAND_0258;x
292;52;122;205;PROV_NSM_SEA_034;x
293;52;145;78;PROV_NSM_LAND_0259;x
294;52;163;63;PROV_NSM_LAND_0260;x
295;52;185;195;PROV_NSM_LAND_0261;x
296;52;192;169;PROV_NSM_LAND_0262;x
297;52;198;202;PROV_NSM_LAND_0263;x
298;52;200;120;PROV_NSM_LAND_0264;x
299;52;233;218;PROV_NSM_LAND_0265;x
300;53;37;41;PROV_NSM_LAND_0266;x
301;53;57;63;PROV_NSM_LAND_0267;x
302;53;65;157;PROV_NSM_SEA_035;x
303;53;98;37;PROV_NSM_LAND_0268;x
304;53;122;68;PROV_NSM_LAND_0269;x
305;53;128;89;PROV_NSM_LAND_0270;x
306;53;156;74;PROV_NSM_LAND_0271;x
307;53;170;59;PROV_NSM_LAND_0272;x
308;53;185;78;PROV_NSM_LAND_0273;x
309;53;202;159;PROV_NSM_LAND_0274;x
310;53;211;207;PROV_NSM_LAND_0275;x
311;53;226;114;PROV_NSM_LAND_0276;x
312;53;227;196;PROV_NSM_LAND_0277;x
313;53;232;133;PROV_NSM_LAND_0278;x
314;53;238;103;PROV_NSM_LAND_0279;x
315;53;240;144;PROV_NSM_LAND_0280;x
316;53;244;154;PROV_NSM_LAND_0281;x
317;54;101;50;PROV_NSM_LAND_0282;x
318;54;111;70;PROV_NSM_LAND_0283;x
319;54;127;96;PROV_NSM_LAND_0284;x
320;54;150;119;PROV_NSM_LAND_0285;x
321;54;156;86;PROV_NSM_LAND_0286;x
322;54;157;151;PROV_NSM_LAND_0287;x
323;54;160;100;PROV_NSM_LAND_0288;x
324;54;166;189;PROV_NSM_LAND_0289;x
325;54;172;125;PROV_NSM_LAND_0290;x
326;54;196;147;PROV_NSM_LAND_0291;x
327;54;211;154;PROV_NSM_LAND_0292;x
328;54;216;95;PROV_NSM_LAND_0293;x
329;54;241;104;PROV_NSM_LAND_0294;x
330;55;73;55;PROV_NSM_LAND_0295;x
331;55;99;131;PROV_NSM_LAND_0296;x
332;55;114;133;PROV_NSM_LAND_0297;x
333;55;164;89;PROV_NSM_LAND_0298;x
334;55;172;81;PROV_NSM_LAND_0299;x
335;55;177;156;PROV_NSM_LAND_0300;x
336;55;179;130;PROV_NSM_LAND_0301;x
337;55;192;89;PROV_NSM_LAND_0302;x
338;55;198;134;PROV_NSM_LAND_0303;x
339;55;221;98;PROV_NSM_LAND_0304;x
340;56;59;63;PROV_NSM_LAND_0305;x
341;56;76;85;PROV_NSM_LAND_0306;x
342;56;82;87;PROV_NSM_LAND_0307;x
343;56;86;105;PROV_NSM_LAND_0308;x
344;56;87;47;PROV_NSM_LAND_0309;x
345;56;145;94;PROV_NSM_LAND_0310;x
346;56;155;72;PROV_NSM_LAND_0311;x
347;56;160;151;PROV_NSM_LAND_0312;x
348;56;190;69;PROV_NSM_LAND_0313;x
349;56;193;105;PROV_NSM_LAND_0314;x
350;56;195;146;PROV_NSM_LAND_0315;x
351;56;209;201;PROV_NSM_LAND_0316;x
352;56;211;230;PROV_NSM_LAND_0317;x
353;57;83;69;PROV_NSM_LAND_0318;x
354;57;83;83;PROV_NSM_LAND_0319;x
355;57;99;129;PROV_NSM_LAND_0320;x
356;57;103;71;PROV_NSM_LAND_0321;x
357;57;133;147;PROV_NSM_LAND_0322;x
358;57;137;83;PROV_NSM_LAND_0323;x
359;57;144;94;PROV_NSM_LAND_0324;x
360;57;161;42;PROV_NSM_LAND_0325;x
361;57;172;72;PROV_NSM_LAND_0326;x
362;57;191;134;PROV_NSM_LAND_0327;x
363;57;203;71;PROV_NSM_LAND_0328;x
364;57;218;220;PROV_NSM_LAND_0329;x
365;57;227;66;PROV_NSM_LAND_0330;x
366;57;227;92;PROV_NSM_LAND_0331;x
367;57;244;211;PROV_NSM_LAND_0332;x
368;57;245;185;PROV_NSM_LAND_0333;x
369;58;42;87;PROV_NSM_LAND_0334;x
370;58;49;68;PROV_NSM_LAND_0335;x
371;58;124;136;PROV_NSM_LAND_0336;x
372;58;142;144;PROV_NSM_LAND_0337;x
373;58;153;77;PROV_NSM_LAND_0338;x
374;58;154;71;PROV_NSM_LAND_0339;x
375;58;175;154;PROV_NSM_LAND_0340;x
376;58;186;45;PROV_NSM_LAND_0341;x
377;58;212;156;PROV_NSM_LAND_0342;x
378;58;225;209;PROV_NSM_LAND_0343;x
379;58;230;176;PROV_NSM_LAND_0344;x
380;58;241;113;PROV_NSM_LAND_0345;x
381;59;60;62;PROV_NSM_LAND_0346;x
382;59;105;67;PROV_NSM_LAND_0347;x
383;59;105;90;PROV_NSM_LAND_0348;x
384;59;114;237;PROV_NSM_SEA_036;x
385;59;117;41;PROV_NSM_LAND_0349;x
386;59;123;102;PROV_NSM_LAND_0350;x
387;59;126;119;PROV_NSM_LAND_0351;x
388;59;128;215;PROV_NSM_SEA_037;x
389;59;148;165;PROV_NSM_LAND_0352;x
390;59;151;70;PROV_NSM_LAND_0353;x
391;59;159;171;PROV_NSM_LAND_0354;x
392;59;176;201;PROV_NSM_LAND_0355;x
393;59;187;193;PROV_NSM_LAND_0356;x
394;59;189;180;PROV_NSM_LAND_0357;x
395;59;195;155;PROV_NSM_LAND_0358;x
396;59;196;205;PROV_NSM_LAND_0359;x
397;59;202;151;PROV_NSM_LAND_0360;x
398;59;203;79;PROV_NSM_LAND_0361;x
399;59;203;190;PROV_NSM_LAND_0362;x
400;59;208;122;PROV_NSM_LAND_0363;x
401;59;214;53;PROV_NSM_LAND_0364;x
402;59;218;182;PROV_NSM_LAND_0365;x
403;59;229;187;PROV_NSM_LAND_0366;x
404;59;237;161;PROV_NSM_LAND_0367;x
405;60;51;138;PROV_NSM_SEA_038;x
406;60;96;106;PROV_NSM_LAND_0368;x
407;60;111;112;PROV_NSM_LAND_0369;x
408;60;112;127;PROV_NSM_LAND_0370;x
409;60;117;252;PROV_NSM_SEA_039;x
410;60;121;153;PROV_NSM_LAND_0371;x
411;60;140;154;PROV_NSM_LAND_0372;x
412;60;145;131;PROV_NSM_LAND_0373;x
413;60;170;83;PROV_NSM_LAND_0374;x
414;60;183;108;PROV_NSM_LAND_0375;x
415;60;205;138;PROV_NSM_LAND_0376;x
416;60;213;162;PROV_NSM_LAND_0377;x
417;60;213;214;PROV_NSM_LAND_0378;x
418;60;220;141;PROV_NSM_LAND_0379;x
419;60;221;55;PROV_NSM_LAND_0380;x
420;60;221;204;PROV_NSM_LAND_0381;x
421;60;226;133;PROV_NSM_LAND_0382;x
422;60;236;204;PROV_NSM_LAND_0383;x
423;60;239;105;PROV_NSM_LAND_0384;x
424;61;65;68;PROV_NSM_LAND_0385;x
425;61;76;83;PROV_NSM_LAND_0386;x
426;61;81;79;PROV_NSM_LAND_0387;x
427;61;104;57;PROV_NSM_LAND_0388;x
428;61;113;91;PROV_NSM_LAND_0389;x
429;61;161;139;PROV_NSM_LAND_0390;x
430;61;177;180;PROV_NSM_LAND_0391;x
431;61;182;57;PROV_NSM_LAND_0392;x
432;61;190;69;PROV_NSM_LAND_0393;x
433;61;207;86;PROV_NSM_LAND_0394;x
434;61;218;212;PROV_NSM_LAND_0395;x
435;61;225;176;PROV_NSM_LAND_0396;x
436;62;47;57;PROV_NSM_LAND_0397;x
437;62;124;110;PROV_NSM_LAND_0398;x
438;62;128;100;PROV_NSM_LAND_0399;x
439;62;153;172;PROV_NSM_LAND_0400;x
440;62;162;69;PROV_NSM_LAND_0401;x
441;62;181;67;PROV_NSM_LAND_0402;x
442;62;182;160;PROV_NSM_LAND_0403;x
443;62;190;219;PROV_NSM_LAND_0404;x
444;62;199;70;PROV_NSM_LAND_0405;x
445;62;205;157;PROV_NSM_LAND_0406;x
446;62;211;120;PROV_NSM_LAND_0407;x
447;62;217;69;PROV_NSM_LAND_0408;x
448;62;222;101;PROV_NSM_LAND_0409;x
449;62;226;135;PROV_NSM_LAND_0410;x
450;62;239;181;PROV_NSM_LAND_0411;x
451;62;244;196;PROV_NSM_LAND_0412;x
452;63;96;56;PROV_NSM_LAND_0413;x
453;63;118;99;PROV_NSM_LAND_0414;x
454;63;171;53;PROV_NSM_LAND_0415;x
455;63;178;163;PROV_NSM_LAND_0416;x
456;63;184;153;PROV_NSM_LAND_0417;x
457;63;192;181;PROV_NSM_LAND_0418;x
458;63;193;150;PROV_NSM_LAND_0419;x
459;63;203;91;PROV_NSM_LAND_0420;x
460;63;209;132;PROV_NSM_LAND_0421;x
461;63;211;75;PROV_NSM_LAND_0422;x
462;63;219;48;PROV_NSM_LAND_0423;x
463;63;223;183;PROV_NSM_LAND_0424;x
464;63;228;229;PROV_NSM_LAND_0425;x
465;63;231;175;PROV_NSM_LAND_0426;x
466;64;96;234;PROV_NSM_SEA_040;x
467;64;128;96;PROV_NSM_LAND_0427;x
468;64;136;45;PROV_NSM_LAND_0428;x
469;64;148;91;PROV_NSM_LAND_0429;x
470;64;154;141;PROV_NSM_LAND_0430;x
471;64;182;120;PROV_NSM_LAND_0431;x
472;64;191;226;PROV_NSM_LAND_0432;x
473;64;215;165;PROV_NSM_LAND_0433;x
474;64;224;95;PROV_NSM_LAND_0434;x
475;65;50;72;PROV_NSM_LAND_0435;x
476;65;93;105;PROV_NSM_LAND_0436;x
477;65;96;126;PROV_NSM_LAND_0437;x
478;65;114;138;PROV_NSM_LAND_0438;x
479;65;121;50;PROV_NSM_LAND_0439;x
480;65;126;89;PROV_NSM_LAND_0440;x
481;65;134;169;PROV_NSM_LAND_0441;x
482;65;150;111;PROV_NSM_LAND_0442;x
483;65;159;56;PROV_NSM_LAND_0443;x
484;65;186;92;PROV_NSM_LAND_0444;x
485;65;187;68;PROV_NSM_LAND_0445;x
486;65;200;142;PROV_NSM_LAND_0446;x
487;65;208;120;PROV_NSM_LAND_0447;x
488;65;220;52;PROV_NSM_LAND_0448;x
489;65;244;62;PROV_NSM_LAND_0449;x
490;66;91;78;PROV_NSM_LAND_0450;x
491;66;95;106;PROV_NSM_LAND_0451;x
492;66;97;63;PROV_NSM_LAND_0452;x
493;66;111;97;PROV_NSM_LAND_0453;x
494;66;120;155;PROV_NSM_LAND_0454;x
495;66;130;63;PROV_NSM_LAND_0455;x
496;66;131;162;PROV_NSM_LAND_0456;x
497;66;167;56;PROV_NSM_LAND_0457;x
498;66;172;139;PROV_NSM_LAND_0458;x
499;66;200;188;PROV_NSM_LAND_0459;x
500;66;222;216;PROV_NSM_LAND_0460;x
501;66;243;36;PROV_NSM_LAND_0461;x
502;66;243;114;PROV_NSM_LAND_0462;x
503;67;50;46;PROV_NSM_LAND_0463;x
504;67;86;36;PROV_NSM_LAND_0464;x
505;67;88;117;PROV_NSM_LAND_0465;x
506;67;111;206;PROV_NSM_SEA_041;x
507;67;175;60;PROV_NSM_LAND_0466;x
508;67;177;54;PROV_NSM_LAND_0467;x
509;67;183;76;PROV_NSM_LAND_0468;x
510;67;204;84;PROV_NSM_LAND_0469;x
511;68;39;58;PROV_NSM_LAND_0470;x
512;68;47;96;PROV_NSM_LAND_0471;x
513;68;69;52;PROV_NSM_LAND_0472;x
514;68;78;37;PROV_NSM_LAND_0473;x
515;68;89;92;PROV_NSM_LAND_0474;x
516;68;96;35;PROV_NSM_LAND_0475;x
517;68;98;190;PROV_NSM_SEA_042;x
518;68;111;138;PROV_NSM_LAND_0476;x
519;68;153;98;PROV_NSM_LAND_0477;x
520;68;162;58;PROV_NSM_LAND_0478;x
521;68;168;156;PROV_NSM_LAND_0479;x
522;68;215;234;PROV_NSM_LAND_0480;x
523;68;219;71;PROV_NSM_LAND_0481;x
524;68;225;198;PROV_NSM_LAND_0482;x
525;68;227;84;PROV_NSM_LAND_0483;x
526;69;36;219;PROV_NSM_SEA_043;x
527;69;53;74;PROV_NSM_LAND_0484;x
528;69;67;49;PROV_NSM_LAND_0485;x
529;69;70;70;PROV_NSM_LAND_0486;x
530;69;92;92;PROV_NSM_LAND_0487;x
531;69;97;50;PROV_NSM_LAND_0488;x
532;69;100;65;PROV_NSM_LAND_0489;x
533;69;149;52;PROV_NSM_LAND_0490;x
534;69;158;62;PROV_NSM_LAND_0491;x
535;69;167;89;PROV_NSM_LAND_0492;x
536;69;172;121;PROV_NSM_LAND_0493;x
537;69;175;96;PROV_NSM_LAND_0494;x
538;69;184;79;PROV_NSM_LAND_0495;x
539;69;187;91;PROV_NSM_LAND_0496;x
540;69;191;62;PROV_NSM_LAND_0497;x
541;69;209;115;PROV_NSM_LAND_0498;x
542;69;209;182;PROV_NSM_LAND_0499;x
543;69;211;111;PROV_NSM_LAND_0500;x
544;69;218;183;PROV_NSM_LAND_0501;x
545;69;223;59;PROV_NSM_LAND_0502;x
546;69;224;87;PROV_NSM_LAND_0503;x
547;69;227;49;PROV_NSM_LAND_0504;x
548;69;232;231;PROV_NSM_LAND_0505;x
549;69;238;97;PROV_NSM_LAND_0506;x
550;69;243;150;PROV_NSM_LAND_0507;x
551;70;66;222;PROV_NSM_SEA_044;x
552;70;75;47;PROV_NSM_LAND_0508;x
553;70;116;78;PROV_NSM_LAND_0509;x
554;70;125;152;PROV_NSM_LAND_0510;x
555;70;132;47;PROV_NSM_LAND_0511;x
556;70;164;177;PROV_NSM_LAND_0512;x
557;70;166;182;PROV_NSM_LAND_0513;x
558;70;173;188;PROV_NSM_LAND_0514;x
559;70;178;75;PROV_NSM_LAND_0515;x
560;70;188;110;PROV_NSM_LAND_0516;x
561;70;203;157;PROV_NSM_LAND_0517;x
562;70;204;130;PROV_NSM_LAND_0518;x
563;70;218;165;PROV_NSM_LAND_0519;x
564;70;226;189;PROV_NSM_LAND_0520;x
565;70;232;186;PROV_NSM_LAND_0521;x
566;70;239;193;PROV_NSM_LAND_0522;x
567;70;242;83;PROV_NSM_LAND_0523;x
568;71;50;90;PROV_NSM_LAND_0524;x
569;71;57;39;PROV_NSM_LAND_0525;x
570;71;59;67;PROV_NSM_LAND_0526;x
571;71;96;243;PROV_NSM_SEA_045;x
572;71;116;74;PROV_NSM_LAND_0527;x
573;71;121;151;PROV_NSM_LAND_0528;x
574;71;152;39;PROV_NSM_LAND_0529;x
575;71;152;153;PROV_NSM_LAND_0530;x
576;71;154;161;PROV_NSM_LAND_0531;x
577;71;154;162;PROV_NSM_LAND_0532;x
578;71;175;110;PROV_NSM_LAND_0533;x
579;71;187;125;PROV_NSM_LAND_0534;x
580;71;190;96;PROV_NSM_LAND_0535;x
581;71;192;61;PROV_NSM_LAND_0536;x
582;71;202;91;PROV_NSM_LAND_0537;x
583;71;211;242;PROV_NSM_LAND_0538;x
584;72;59;40;PROV_NSM_LAND_0539;x
585;72;71;210;PROV_NSM_SEA_046;x
586;72;90;88;PROV_NSM_LAND_0540;x
587;72;117;97;PROV_NSM_LAND_0541;x
588;72;138;119;PROV_NSM_LAND_0542;x
589;72;143;189;PROV_NSM_SEA_047;x
590;72;150;93;PROV_NSM_LAND_0543;x
591;72;151;129;PROV_NSM_LAND_0544;x
592;72;155;87;PROV_NSM_LAND_0545;x
593;72;156;96;PROV_NSM_LAND_0546;x
594;72;214;143;PROV_NSM_LAND_0547;x
595;72;217;211;PROV_NSM_LAND_0548;x
596;72;219;113;PROV_NSM_LAND_0549;x
597;72;220;212;PROV_NSM_LAND_0550;x
598;72;222;192;PROV_NSM_LAND_0551;x
599;72;226;65;PROV_NSM_LAND_0552;x
600;72;234;86;PROV_NSM_LAND_0553;x
601;72;236;164;PROV_NSM_LAND_0554;x
602;72;244;146;PROV_NSM_LAND_0555;x
603;73;60;71;PROV_NSM_LAND_0556;x
604;73;64;62;PROV_NSM_LAND_0557;x
605;73;83;48;PROV_NSM_LAND_0558;x
606;73;100;36;PROV_NSM_LAND_0559;x
607;73;102;70;PROV_NSM_LAND_0560;x
608;73;148;73;PROV_NSM_LAND_0561;x
609;73;156;168;PROV_NSM_LAND_0562;x
610;73;161;90;PROV_NSM_LAND_0563;x
611;73;169;135;PROV_NSM_LAND_0564;x
612;73;173;55;PROV_NSM_LAND_0565;x
613;73;174;57;PROV_NSM_LAND_0566;x
614;73;201;195;PROV_NSM_LAND_0567;x
615;73;203;115;PROV_NSM_LAND_0568;x
616;73;234;36;PROV_NSM_LAND_0569;x
617;73;241;142;PROV_NSM_LAND_0570;x
618;73;245;143;PROV_NSM_LAND_0571;x
619;74;38;92;PROV_NSM_LAND_0572;x
620;74;41;95;PROV_NSM_LAND_0573;x
621;74;50;100;PROV_NSM_LAND_0574;x
622;74;82;79;PROV_NSM_LAND_0575;x
623;74;90;59;PROV_NSM_LAND_0576;x
624;74;96;221;PROV_NSM_SEA_048;x
625;74;111;234;PROV_NSM_SEA_049;x
626;74;120;231;PROV_NSM_SEA_050;x
627;74;142;156;PROV_NSM_LAND_0577;x
628;74;150;76;PROV_NSM_LAND_0578;x
629;74;156;128;PROV_NSM_LAND_0579;x
630;74;160;50;PROV_NSM_LAND_0580;x
631;74;165;84;PROV_NSM_LAND_0581;x
632;74;169;83;PROV_NSM_LAND_0582;x
633;74;200;67;PROV_NSM_LAND_0583;x
634;74;200;175;PROV_NSM_LAND_0584;x
635;74;203;129;PROV_NSM_LAND_0585;x
636;74;226;221;PROV_NSM_LAND_0586;x
637;74;230;121;PROV_NSM_LAND_0587;x
638;74;231;59;PROV_NSM_LAND_0588;x
639;74;232;99;PROV_NSM_LAND_0589;x
640;75;39;39;PROV_NSM_LAND_0590;x
641;75;45;68;PROV_NSM_LAND_0591;x
642;75;63;242;PROV_NSM_SEA_051;x
643;75;69;180;PROV_NSM_SEA_052;x
644;75;86;234;PROV_NSM_SEA_053;x
645;75;100;110;PROV_NSM_LAND_0592;x
646;75;115;104;PROV_NSM_LAND_0593;x
647;75;124;154;PROV_NSM_LAND_0594;x
648;75;136;140;PROV_NSM_LAND_0595;x
649;75;142;133;PROV_NSM_LAND_0596;x
650;75;149;41;PROV_NSM_LAND_0597;x
651;75;164;80;PROV_NSM_LAND_0598;x
652;75;190;200;PROV_NSM_LAND_0599;x
653;75;195;224;PROV_NSM_LAND_0600;x
654;75;198;173;PROV_NSM_LAND_0601;x
655;75;205;80;PROV_NSM_LAND_0602;x
656;75;212;175;PROV_NSM_LAND_0603;x
657;75;223;141;PROV_NSM_LAND_0604;x
658;75;234;224;PROV_NSM_LAND_0605;x
659;76;39;88;PROV_NSM_LAND_0606;x
660;76;47;95;PROV_NSM_LAND_0607;x
661;76;56;39;PROV_NSM_LAND_0608;x
662;76;83;55;PROV_NSM_LAND_0609;x
663;76;91;101;PROV_NSM_LAND_0610;x
664;76;99;67;PROV_NSM_LAND_0611;x
665;76;100;51;PROV_NSM_LAND_0612;x
666;76;108;73;PROV_NSM_LAND_0613;x
667;76;117;123;PROV_NSM_LAND_0614;x
668;76;121;103;PROV_NSM_LAND_0615;x
669;76;127;47;PROV_NSM_LAND_0616;x
670;76;132;153;PROV_NSM_LAND_0617;x
671;76;138;115;PROV_NSM_LAND_0618;x
672;76;143;55;PROV_NSM_LAND_0619;x
673;76;147;94;PROV_NSM_LAND_0620;x
674;76;161;35;PROV_NSM_LAND_0621;x
675;76;168;123;PROV_NSM_LAND_0622;x
676;76;179;171;PROV_NSM_LAND_0623;x
677;76;188;64;PROV_NSM_LAND_0624;x
678;76;199;98;PROV_NSM_LAND_0625;x
679;76;212;49;PROV_NSM_LAND_0626;x
680;76;222;124;PROV_NSM_LAND_0627;x
681;76;226;134;PROV_NSM_LAND_0628;x
682;76;229;150;PROV_NSM_LAND_0629;x
683;77;51;67;PROV_NSM_LAND_0630;x
684;77;73;52;PROV_NSM_LAND_0631;x
685;77;96;118;PROV_NSM_LAND_0632;x
686;77;102;116;PROV_NSM_LAND_0633;x
687;77;106;55;PROV_NSM_LAND_0634;x
688;77;148;42;PROV_NSM_LAND_0635;x
689;77;155;140;PROV_NSM_LAND_0636;x
690;77;195;218;PROV_NSM_LAND_0637;x
691;77;197;100;PROV_NSM_LAND_0638;x
692;77;208;75;PROV_NSM_LAND_0639;x
693;77;222;74;PROV_NSM_LAND_0640;x
694;77;229;117;PROV_NSM_LAND_0641;x
695;77;237;112;PROV_NSM_LAND_0642;x
696;77;240;216;PROV_NSM_LAND_0643;x
697;78;58;47;PROV_NSM_LAND_0644;x
698;78;103;62;PROV_NSM_LAND_0645;x
699;78;105;94;PROV_NSM_LAND_0646;x
700;78;116;88;PROV_NSM_LAND_0647;x
701;78;123;147;PROV_NSM_LAND_0648;x
702;78;131;103;PROV_NSM_LAND_0649;x
703;78;132;93;PROV_NSM_LAND_0650;x
704;78;137;67;PROV_NSM_LAND_0651;x
705;78;157;50;PROV_NSM_LAND_0652;x
706;78;164;35;PROV_NSM_LAND_0653;x
707;78;173;131;PROV_NSM_LAND_0654;x
708;78;183;125;PROV_NSM_LAND_0655;x
709;78;191;104;PROV_NSM_LAND_0656;x
710;78;192;65;PROV_NSM_LAND_0657;x
711;78;195;121;PROV_NSM_LAND_0658;x
712;78;212;194;PROV_NSM_LAND_0659;x
713;78;218;120;PROV_NSM_LAND_0660;x
714;78;235;44;PROV_NSM_LAND_0661;x
715;78;242;229;PROV_NSM_LAND_0662;x
716;79;42;93;PROV_NSM_LAND_0663;x
717;79;108;80;PROV_NSM_LAND_0664;x
718;79;117;186;PROV_NSM_SEA_054;x
719;79;157;168;PROV_NSM_LAND_0665;x
720;79;170;177;PROV_NSM_LAND_0666;x
721;79;174;84;PROV_NSM_LAND_0667;x
722;79;175;147;PROV_NSM_LAND_0668;x
723;79;181;169;PROV_NSM_LAND_0669;x
724;79;197;206;PROV_NSM_LAND_0670;x
725;79;212;140;PROV_NSM_LAND_0671;x
726;79;222;160;PROV_NSM_LAND_0672;x
727;79;226;238;PROV_NSM_LAND_0673;x
728;79;230;68;PROV_NSM_LAND_0674;x
729;79;230;239;PROV_NSM_LAND_0675;x
730;80;39;84;PROV_NSM_LAND_0676;x
731;80;40;141;PROV_NSM_SEA_055;x
732;80;82;101;PROV_NSM_LAND_0677;x
733;80;96;49;PROV_NSM_LAND_0678;x
734;80;110;89;PROV_NSM_LAND_0679;x
735;80;111;91;PROV_NSM_LAND_0680;x
736;80;116;60;PROV_NSM_LAND_0681;x
737;80;125;188;PROV_NSM_SEA_056;x
738;80;144;143;PROV_NSM_LAND_0682;x
739;80;155;121;PROV_NSM_LAND_0683;x
740;80;155;165;PROV_NSM_LAND_0684;x
741;80;175;94;PROV_NSM_LAND_0685;x
742;80;187;109;PROV_NSM_LAND_0686;x
743;80;202;158;PROV_NSM_LAND_0687;x
744;80;218;132;PROV_NSM_LAND_0688;x
745;80;223;72;PROV_NSM_LAND_0689;x
746;80;237;44;PROV_NSM_LAND_0690;x
747;81;36;106;PROV_NSM_LAND_0691;x
748;81;37;95;PROV_NSM_LAND_0692;x
749;81;80;64;PROV_NSM_LAND_0693;x
750;81;91;240;PROV_NSM_SEA_057;x
751;81;110;61;PROV_NSM_LAND_0694;x
752;81;112;71;PROV_NSM_LAND_0695;x
753;81;119;86;PROV_NSM_LAND_0696;x
754;81;158;38;PROV_NSM_LAND_0697;x
755;81;183;173;PROV_NSM_LAND_0698;x
756;81;185;68;PROV_NSM_LAND_0699;x
757;81;188;195;PROV_NSM_LAND_0700;x
758;81;192;213;PROV_NSM_LAND_0701;x
759;81;199;202;PROV_NSM_LAND_0702;x
760;81;207;81;PROV_NSM_LAND_0703;x
761;81;209;103;PROV_NSM_LAND_0704;x
762;81;211;35;PROV_NSM_LAND_0705;x
763;81;214;219;PROV_NSM_LAND_0706;x
764;81;219;192;PROV_NSM_LAND_0707;x
765;81;226;67;PROV_NSM_LAND_0708;x
766;81;226;103;PROV_NSM_LAND_0709;x
767;81;226;154;PROV_NSM_LAND_0710;x
768;81;231;232;PROV_NSM_LAND_0711;x
769;81;233;227;PROV_NSM_LAND_0712;x
770;81;242;51;PROV_NSM_LAND_0713;x
771;82;50;53;PROV_NSM_LAND_0714;x
772;82;98;65;PROV_NSM_LAND_0715;x
773;82;102;84;PROV_NSM_LAND_0716;x
774;82;115;182;PROV_NSM_SEA_058;x
775;82;125;179;PROV_NSM_SEA_059;x
776;82;136;203;PROV_NSM_SEA_060;x
777;82;137;154;PROV_NSM_LAND_0717;x
778;82;139;67;PROV_NSM_LAND_0718;x
779;82;152;123;PROV_NSM_LAND_0719;x
780;82;171;198;PROV_NSM_LAND_0720;x
781;82;174;149;PROV_NSM_LAND_0721;x
782;82;203;77;PROV_NSM_LAND_0722;x
783;82;217;55;PROV_NSM_LAND_0723;x
784;82;218;172;PROV_NSM_LAND_0724;x
785;82;226;221;PROV_NSM_LAND_0725;x
786;83;48;77;PROV_NSM_LAND_0726;x
787;83;69;74;PROV_NSM_LAND_0727;x
788;83;70;38;PROV_NSM_LAND_0728;x
789;83;94;70;PROV_NSM_LAND_0729;x
790;83;94;98;PROV_NSM_LAND_0730;x
791;83;97;36;PROV_NSM_LAND_0731;x
792;83;159;100;PROV_NSM_LAND_0732;x
793;83;162;49;PROV_NSM_LAND_0733;x
794;83;166;195;PROV_NSM_LAND_0734;x
795;83;187;144;PROV_NSM_LAND_0735;x
796;83;193;75;PROV_NSM_LAND_0736;x
797;83;197;76;PROV_NSM_LAND_0737;x
798;83;212;91;PROV_NSM_LAND_0738;x
799;83;214;87;PROV_NSM_LAND_0739;x
800;83;216;214;PROV_NSM_LAND_0740;x
801;83;222;74;PROV_NSM_LAND_0741;x
802;83;240;140;PROV_NSM_LAND_0742;x
803;84;36;111;PROV_NSM_LAND_0743;x
804;84;52;103;PROV_NSM_LAND_0744;x
805;84;66;98;PROV_NSM_LAND_0745;x
806;84;91;124;PROV_NSM_LAND_0746;x
807;84;97;73;PROV_NSM_LAND_0747;x
808;84;105;158;PROV_NSM_SEA_061;x
809;84;107;69;PROV_NSM_LAND_0748;x
810;84;107;223;PROV_NSM_SEA_062;x
811;84;114;124;PROV_NSM_LAND_0749;x
812;84;121;96;PROV_NSM_LAND_0750;x
813;84;161;60;PROV_NSM_LAND_0751;x
814;84;164;71;PROV_NSM_LAND_0752;x
815;84;178;75;PROV_NSM_LAND_0753;x
816;84;192;135;PROV_NSM_LAND_0754;x
817;84;193;116;PROV_NSM_LAND_0755;x
818;84;201;98;PROV_NSM_LAND_0756;x
819;84;203;156;PROV_NSM_LAND_0757;x
820;84;204;211;PROV_NSM_LAND_0758;x
821;84;205;119;PROV_NSM_LAND_0759;x
822;84;239;147;PROV_NSM_LAND_0760;x
823;84;243;72;PROV_NSM_LAND_0761;x
824;85;49;101;PROV_NSM_LAND_0762;x
825;85;59;90;PROV_NSM_LAND_0763;x
826;85;69;38;PROV_NSM_LAND_0764;x
827;85;102;89;PROV_NSM_LAND_0765;x
828;85;148;84;PROV_NSM_LAND_0766;x
829;85;161;98;PROV_NSM_LAND_0767;x
830;85;164;64;PROV_NSM_LAND_0768;x
831;85;186;107;PROV_NSM_LAND_0769;x
832;85;194;164;PROV_NSM_LAND_0770;x
833;85;195;74;PROV_NSM_LAND_0771;x
834;85;207;154;PROV_NSM_LAND_0772;x
835;85;213;215;PROV_NSM_LAND_0773;x
836;85;220;113;PROV_NSM_LAND_0774;x
837;85;223;77;PROV_NSM_LAND_0775;x
838;85;225;224;PROV_NSM_LAND_0776;x
839;85;238;195;PROV_NSM_LAND_0777;x
840;85;243;162;PROV_NSM_LAND_0778;x
841;86;38;96;PROV_NSM_LAND_0779;x
842;86;51;99;PROV_NSM_LAND_0780;x
843;86;67;92;PROV_NSM_LAND_0781;x
844;86;93;108;PROV_NSM_LAND_0782;x
845;86;116;113;PROV_NSM_LAND_0783;x
846;86;126;132;PROV_NSM_LAND_0784;x
847;86;142;67;PROV_NSM_LAND_0785;x
848;86;143;236;PROV_NSM_SEA_063;x
849;86;153;65;PROV_NSM_LAND_0786;x
850;86;157;121;PROV_NSM_LAND_0787;x
851;86;162;197;PROV_NSM_LAND_0788;x
852;86;168;64;PROV_NSM_LAND_0789;x
853;86;175;201;PROV_NSM_LAND_0790;x
854;86;190;152;PROV_NSM_LAND_0791;x
855;86;222;177;PROV_NSM_LAND_0792;x
856;86;223;130;PROV_NSM_LAND_0793;x
857;87;45;53;PROV_NSM_LAND_0794;x
858;87;50;68;PROV_NSM_LAND_0795;x
859;87;97;44;PROV_NSM_LAND_0796;x
860;87;97;126;PROV_NSM_LAND_0797;x
861;87;101;202;PROV_NSM_SEA_064;x
862;87;105;107;PROV_NSM_LAND_0798;x
863;87;110;94;PROV_NSM_LAND_0799;x
864;87;113;147;PROV_NSM_LAND_0800;x
865;87;147;44;PROV_NSM_LAND_0801;x
866;87;168;104;PROV_NSM_LAND_0802;x
867;87;185;82;PROV_NSM_LAND_0803;x
868;87;192;130;PROV_NSM_LAND_0804;x
869;87;226;79;PROV_NSM_LAND_0805;x
870;87;226;80;PROV_NSM_LAND_0806;x
871;87;233;113;PROV_NSM_LAND_0807;x
872;87;235;73;PROV_NSM_LAND_0808;x
873;87;239;73;PROV_NSM_LAND_0809;x
874;87;242;204;PROV_NSM_LAND_0810;x
875;88;38;102;PROV_NSM_LAND_0811;x
876;88;81;98;PROV_NSM_LAND_0812;x
877;88;97;92;PROV_NSM_LAND_0813;x
878;88;121;133;PROV_NSM_LAND_0814;x
879;88;129;161;PROV_NSM_LAND_0815;x
880;88;143;158;PROV_NSM_LAND_0816;x
881;88;152;146;PROV_NSM_LAND_0817;x
882;88;180;84;PROV_NSM_LAND_0818;x
883;88;184;48;PROV_NSM_LAND_0819;x
884;88;211;172;PROV_NSM_LAND_0820;x
885;88;213;101;PROV_NSM_LAND_0821;x
886;88;221;172;PROV_NSM_LAND_0822;x
887;88;224;215;PROV_NSM_LAND_0823;x
888;88;226;217;PROV_NSM_LAND_0824;x
889;88;233;95;PROV_NSM_LAND_0825;x
890;89;38;54;PROV_NSM_LAND_0826;x
891;89;42;85;PROV_NSM_LAND_0827;x
892;89;51;57;PROV_NSM_LAND_0828;x
893;89;68;81;PROV_NSM_LAND_0829;x
894;89;69;110;PROV_NSM_LAND_0830;x
895;89;114;183;PROV_NSM_SEA_065;x
896;89;142;97;PROV_NSM_LAND_0831;x
897;89;160;141;PROV_NSM_LAND_0832;x
898;89;188;183;PROV_NSM_LAND_0833;x
899;89;193;64;PROV_NSM_LAND_0834;x
900;89;218;225;PROV_NSM_LAND_0835;x
901;89;233;196;PROV_NSM_LAND_0836;x
902;89;239;206;PROV_NSM_LAND_0837;x
903;90;42;104;PROV_NSM_LAND_0838;x
904;90;46;51;PROV_NSM_LAND_0839;x
905;90;90;96;PROV_NSM_LAND_0840;x
906;90;129;57;PROV_NSM_LAND_0841;x
907;90;143;43;PROV_NSM_LAND_0842;x
908;90;157;180;PROV_NSM_LAND_0843;x
909;90;181;114;PROV_NSM_LAND_0844;x
910;90;191;39;PROV_NSM_LAND_0845;x
911;90;194;185;PROV_NSM_LAND_0846;x
912;90;195;45;PROV_NSM_LAND_0847;x
913;90;198;58;PROV_NSM_LAND_0848;x
914;90;207;189;PROV_NSM_LAND_0849;x
915;91;44;80;PROV_NSM_LAND_0850;x
916;91;46;123;PROV_NSM_LAND_0851;x
917;91;55;90;PROV_NSM_LAND_0852;x
918;91;118;118;PROV_NSM_LAND_0853;x
919;91;158;150;PROV_NSM_LAND_0854;x
920;91;172;72;PROV_NSM_LAND_0855;x
921;91;207;49;PROV_NSM_LAND_0856;x
922;91;208;225;PROV_NSM_LAND_0857;x
923;91;225;97;PROV_NSM_LAND_0858;x
924;91;241;216;PROV_NSM_LAND_0859;x
925;92;56;79;PROV_NSM_LAND_0860;x
926;92;73;85;PROV_NSM_LAND_0861;x
927;92;82;113;PROV_NSM_LAND_0862;x
928;92;98;38;PROV_NSM_LAND_0863;x
929;92;131;96;PROV_NSM_LAND_0864;x
930;92;163;170;PROV_NSM_LAND_0865;x
931;92;175;186;PROV_NSM_LAND_0866;x
932;92;233;154;PROV_NSM_LAND_0867;x
933;93;36;97;PROV_NSM_LAND_0868;x
934;93;86;76;PROV_NSM_LAND_0869;x
935;93;92;49;PROV_NSM_LAND_0870;x
936;93;95;103;PROV_NSM_LAND_0871;x
937;93;128;35;PROV_NSM_LAND_0872;x
938;93;133;128;PROV_NSM_LAND_0873;x
939;93;141;96;PROV_NSM_LAND_0874;x
940;93;154;188;PROV_NSM_LAND_0875;x
941;93;161;88;PROV_NSM_LAND_0876;x
942;93;174;62;PROV_NSM_LAND_0877;x
943;93;174;188;PROV_NSM_LAND_0878;x
944;93;177;87;PROV_NSM_LAND_0879;x
945;93;180;158;PROV_NSM_LAND_0880;x
946;93;185;122;PROV_NSM_LAND_0881;x
947;93;205;70;PROV_NSM_LAND_0882;x
948;93;208;217;PROV_NSM_LAND_0883;x
949;93;220;85;PROV_NSM_LAND_0884;x
950;93;227;43;PROV_NSM_LAND_0885;x
951;93;239;228;PROV_NSM_LAND_0886;x
952;93;243;146;PROV_NSM_LAND_0887;x
953;94;47;103;PROV_NSM_LAND_0888;x
954;94;73;96;PROV_NSM_LAND_0889;x
955;94;76;139;PROV_NSM_SEA_066;x
956;94;88;121;PROV_NSM_LAND_0890;x
957;94;115;64;PROV_NSM_LAND_0891;x
958;94;121;66;PROV_NSM_LAND_0892;x
959;94;135;167;PROV_NSM_LAND_0893;x
960;94;136;120;PROV_NSM_LAND_0894;x
961;94;142;82;PROV_NSM_LAND_0895;x
962;94;149;133;PROV_NSM_LAND_0896;x
963;94;155;124;PROV_NSM_LAND_0897;x
964;94;185;79;PROV_NSM_LAND_0898;x
965;94;190;117;PROV_NSM_LAND_0899;x
966;94;193;149;PROV_NSM_LAND_0900;x
967;94;217;175;PROV_NSM_LAND_0901;x
968;94;230;207;PROV_NSM_LAND_0902;x
969;95;36;92;PROV_NSM_LAND_0903;x
970;95;40;84;PROV_NSM_LAND_0904;x
971;95;54;141;PROV_NSM_SEA_067;x
972;95;64;84;PROV_NSM_LAND_0905;x
973;95;80;37;PROV_NSM_LAND_0906;x
974;95;91;105;PROV_NSM_LAND_0907;x
975;95;101;178;PROV_NSM_SEA_068;x
976;95;106;64;PROV_NSM_LAND_0908;x
977;95;133;53;PROV_NSM_LAND_0909;x
978;95;174;91;PROV_NSM_LAND_0910;x
979;95;174;140;PROV_NSM_LAND_0911;x
980;95;178;133;PROV_NSM_LAND_0912;x
981;95;199;127;PROV_NSM_LAND_0913;x
982;95;200;211;PROV_NSM_LAND_0914;x
983;95;209;74;PROV_NSM_LAND_0915;x
984;95;227;121;PROV_NSM_LAND_0916;x
985;95;241;153;PROV_NSM_LAND_0917;x
986;95;244;222;PROV_NSM_LAND_0918;x
987;96;50;41;PROV_NSM_LAND_0919;x
988;96;50;57;PROV_NSM_LAND_0920;x
989;96;50;159;PROV_NSM_SEA_069;x
990;96;58;58;PROV_NSM_LAND_0921;x
991;96;74;109;PROV_NSM_LAND_0922;x
992;96;96;85;PROV_NSM_LAND_0923;x
993;96;101;74;PROV_NSM_LAND_0924;x
994;96;142;102;PROV_NSM_LAND_0925;x
995;96;153;75;PROV_NSM_LAND_0926;x
996;96;174;150;PROV_NSM_LAND_0927;x
997;96;175;181;PROV_NSM_LAND_0928;x
998;96;186;139;PROV_NSM_LAND_0929;x
999;96;198;174;PROV_NSM_LAND_0930;x
1000;96;202;88;PROV_NSM_LAND_0931;x
1001;96;214;96;PROV_NSM_LAND_0932;x
1002;96;217;43;PROV_NSM_LAND_0933;x
1003;96;225;149;PROV_NSM_LAND_0934;x
1004;96;225;179;PROV_NSM_LAND_0935;x
1005;96;234;112;PROV_NSM_LAND_0936;x
1006;96;240;53;PROV_NSM_LAND_0937;x
1007;96;241;128;PROV_NSM_LAND_0938;x
1008;97;44;90;PROV_NSM_LAND_0939;x
1009;97;51;80;PROV_NSM_LAND_0940;x
1010;97;71;166;PROV_NSM_SEA_070;x
1011;97;119;43;PROV_NSM_LAND_0941;x
1012;97;134;128;PROV_NSM_LAND_0942;x
1013;97;159;62;PROV_NSM_LAND_0943;x
1014;97;185;141;PROV_NSM_LAND_0944;x
1015;97;190;114;PROV_NSM_LAND_0945;x
1016;97;204;149;PROV_NSM_LAND_0946;x
1017;97;204;222;PROV_NSM_LAND_0947;x
1018;97;206;139;PROV_NSM_LAND_0948;x
1019;97;213;243;PROV_NSM_LAND_0949;x
1020;97;231;124;PROV_NSM_LAND_0950;x
1021;97;243;38;PROV_NSM_LAND_0951;x
1022;98;41;44;PROV_NSM_LAND_0952;x
1023;98;48;197;PROV_NSM_SEA_071;x
1024;98;62;46;PROV_NSM_LAND_0953;x
1025;98;86;117;PROV_NSM_LAND_0954;x
1026;98;89;94;PROV_NSM_LAND_0955;x
1027;98;108;220;PROV_NSM_SEA_072;x
1028;98;115;78;PROV_NSM_LAND_0956;x
1029;98;124;67;PROV_NSM_LAND_0957;x
1030;98;162;75;PROV_NSM_LAND_0958;x
1031;98;174;41;PROV_NSM_LAND_0959;x
1032;98;174;47;PROV_NSM_LAND_0960;x
1033;98;184;97;PROV_NSM_LAND_0961;x
1034;98;208;229;PROV_NSM_LAND_0962;x
1035;98;219;223;PROV_NSM_LAND_0963;x
1036;98;238;240;PROV_NSM_LAND_0964;x
1037;98;241;176;PROV_NSM_LAND_0965;x
1038;98;243;51;PROV_NSM_LAND_0966;x
1039;99;44;64;PROV_NSM_LAND_0967;x
1040;99;64;91;PROV_NSM_LAND_0968;x
1041;99;73;50;PROV_NSM_LAND_0969;x
1042;99;73;105;PROV_NSM_LAND_0970;x
1043;99;74;118;PROV_NSM_LAND_0971;x
1044;99;115;76;PROV_NSM_LAND_0972;x
1045;99;119;49;PROV_NSM_LAND_0973;x
1046;99;126;73;PROV_NSM_LAND_0974;x
1047;99;131;238;PROV_NSM_SEA_073;x
1048;99;135;92;PROV_NSM_LAND_0975;x
1049;99;143;188;PROV_NSM_SEA_074;x
1050;99;145;101;PROV_NSM_LAND_0976;x
1051;99;147;180;PROV_NSM_LAND_0977;x
1052;99;153;153;PROV_NSM_LAND_0978;x
1053;99;157;129;PROV_NSM_LAND_0979;x
1054;99;198;160;PROV_NSM_LAND_0980;x
1055;99;212;123;PROV_NSM_LAND_0981;x
1056;99;243;110;PROV_NSM_LAND_0982;x
1057;100;36;167;PROV_NSM_SEA_075;x
1058;100;42;213;PROV_NSM_SEA_076;x
1059;100;68;129;PROV_NSM_LAND_0983;x
1060;100;87;235;PROV_NSM_SEA_077;x
1061;100;94;87;PROV_NSM_LAND_0984;x
1062;100;96;82;PROV_NSM_LAND_0985;x
1063;100;98;90;PROV_NSM_LAND_0986;x
1064;100;126;111;PROV_NSM_LAND_0987;x
1065;100;136;168;PROV_NSM_LAND_0988;x
1066;100;158;173;PROV_NSM_LAND_0989;x
1067;100;163;119;PROV_NSM_LAND_0990;x
1068;100;170;55;PROV_NSM_LAND_0991;x
1069;100;171;185;PROV_NSM_LAND_0992;x
1070;100;187;40;PROV_NSM_LAND_0993;x
1071;100;191;184;PROV_NSM_LAND_0994;x
1072;100;197;153;PROV_NSM_LAND_0995;x
1073;100;201;224;PROV_NSM_LAND_0996;x
1074;100;211;106;PROV_NSM_LAND_0997;x
1075;101;47;61;PROV_NSM_LAND_0998;x
1076;101;75;79;PROV_NSM_LAND_0999;x
1077;101;87;89;PROV_NSM_LAND_1000;x
1078;101;134;138;PROV_NSM_LAND_1001;x
1079;101;145;107;PROV_NSM_LAND_1002;x
1080;101;156;48;PROV_NSM_LAND_1003;x
1081;101;159;161;PROV_NSM_LAND_1004;x
1082;101;162;78;PROV_NSM_LAND_1005;x
1083;101;168;185;PROV_NSM_LAND_1006;x
1084;101;179;169;PROV_NSM_LAND_1007;x
1085;101;181;41;PROV_NSM_LAND_1008;x
1086;101;184;84;PROV_NSM_LAND_1009;x
1087;101;190;115;PROV_NSM_LAND_1010;x
1088;101;195;202;PROV_NSM_LAND_1011;x
1089;101;214;191;PROV_NSM_LAND_1012;x
1090;102;37;70;PROV_NSM_LAND_1013;x
1091;102;45;66;PROV_NSM_LAND_1014;x
1092;102;76;130;PROV_NSM_LAND_1015;x
1093;102;92;51;PROV_NSM_LAND_1016;x
1094;102;97;110;PROV_NSM_LAND_1017;x
1095;102;103;107;PROV_NSM_LAND_1018;x
1096;102;106;128;PROV_NSM_LAND_1019;x
1097;102;108;104;PROV_NSM_LAND_1020;x
1098;102;136;118;PROV_NSM_LAND_1021;x
1099;102;152;125;PROV_NSM_LAND_1022;x
1100;102;185;123;PROV_NSM_LAND_1023;x
1101;102;193;123;PROV_NSM_LAND_1024;x
1102;102;219;81;PROV_NSM_LAND_1025;x
1103;102;220;155;PROV_NSM_LAND_1026;x
1104;102;222;142;PROV_NSM_LAND_1027;x
1105;103;45;44;PROV_NSM_LAND_1028;x
1106;103;49;72;PROV_NSM_LAND_1029;x
1107;103;72;75;PROV_NSM_LAND_1030;x
1108;103;102;55;PROV_NSM_LAND_1031;x
1109;103;124;122;PROV_NSM_LAND_1032;x
1110;103;127;178;PROV_NSM_SEA_078;x
1111;103;138;168;PROV_NSM_LAND_1033;x
1112;103;146;111;PROV_NSM_LAND_1034;x
1113;103;150;180;PROV_NSM_LAND_1035;x
1114;103;168;126;PROV_NSM_LAND_1036;x
1115;103;170;74;PROV_NSM_LAND_1037;x
1116;103;170;121;PROV_NSM_LAND_1038;x
1117;103;172;147;PROV_NSM_LAND_1039;x
1118;103;178;185;PROV_NSM_LAND_1040;x
1119;103;185;89;PROV_NSM_LAND_1041;x
1120;103;190;116;PROV_NSM_LAND_1042;x
1121;103;191;96;PROV_NSM_LAND_1043;x
1122;103;191;193;PROV_NSM_LAND_1044;x
1123;103;203;123;PROV_NSM_LAND_1045;x
1124;103;213;245;PROV_NSM_LAND_1046;x
1125;103;239;38;PROV_NSM_LAND_1047;x
1126;104;35;251;PROV_NSM_SEA_079;x
1127;104;36;52;PROV_NSM_LAND_1048;x
1128;104;67;112;PROV_NSM_LAND_1049;x
1129;104;68;100;PROV_NSM_LAND_1050;x
1130;104;72;102;PROV_NSM_LAND_1051;x
1131;104;76;117;PROV_NSM_LAND_1052;x
1132;104;117;38;PROV_NSM_LAND_1053;x
1133;104;140;115;PROV_NSM_LAND_1054;x
1134;104;149;248;PROV_NSM_SEA_080;x
1135;104;187;94;PROV_NSM_LAND_1055;x
1136;104;187;98;PROV_NSM_LAND_1056;x
1137;104;188;178;PROV_NSM_LAND_1057;x
1138;104;220;73;PROV_NSM_LAND_1058;x
1139;104;235;86;PROV_NSM_LAND_1059;x
1140;104;242;155;PROV_NSM_LAND_1060;x
1141;105;49;75;PROV_NSM_LAND_1061;x
1142;105;55;75;PROV_NSM_LAND_1062;x
1143;105;55;137;PROV_NSM_LAND_1063;x
1144;105;61;107;PROV_NSM_LAND_1064;x
1145;105;131;118;PROV_NSM_LAND_1065;x
1146;105;133;165;PROV_NSM_LAND_1066;x
1147;105;175;168;PROV_NSM_LAND_1067;x
1148;105;187;95;PROV_NSM_LAND_1068;x
1149;105;200;156;PROV_NSM_LAND_1069;x
1150;105;202;231;PROV_NSM_LAND_1070;x
1151;105;204;208;PROV_NSM_LAND_1071;x
1152;105;207;217;PROV_NSM_LAND_1072;x
1153;105;215;101;PROV_NSM_LAND_1073;x
1154;105;224;100;PROV_NSM_LAND_1074;x
1155;105;243;117;PROV_NSM_LAND_1075;x
1156;105;245;162;PROV_NSM_LAND_1076;x
1157;106;50;37;PROV_NSM_LAND_1077;x
1158;106;69;56;PROV_NSM_LAND_1078;x
1159;106;69;62;PROV_NSM_LAND_1079;x
1160;106;70;53;PROV_NSM_LAND_1080;x
1161;106;72;47;PROV_NSM_LAND_1081;x
1162;106;75;132;PROV_NSM_LAND_1082;x
1163;106;76;115;PROV_NSM_LAND_1083;x
1164;106;111;133;PROV_NSM_LAND_1084;x
1165;106;140;159;PROV_NSM_LAND_1085;x
1166;106;169;133;PROV_NSM_LAND_1086;x
1167;106;180;173;PROV_NSM_LAND_1087;x
1168;106;183;180;PROV_NSM_LAND_1088;x
1169;106;195;212;PROV_NSM_LAND_1089;x
1170;106;204;150;PROV_NSM_LAND_1090;x
1171;106;212;70;PROV_NSM_LAND_1091;x
1172;106;212;116;PROV_NSM_LAND_1092;x
1173;106;226;134;PROV_NSM_LAND_1093;x
1174;107;52;125;PROV_NSM_LAND_1094;x
1175;107;55;92;PROV_NSM_LAND_1095;x
1176;107;67;137;PROV_NSM_LAND_1096;x
1177;107;75;124;PROV_NSM_LAND_1097;x
1178;107;151;150;PROV_NSM_LAND_1098;x
1179;107;166;176;PROV_NSM_LAND_1099;x
1180;107;174;147;PROV_NSM_LAND_1100;x
1181;107;177;208;PROV_NSM_LAND_1101;x
1182;107;186;115;PROV_NSM_LAND_1102;x
1183;107;208;96;PROV_NSM_LAND_1103;x
1184;107;212;216;PROV_NSM_LAND_1104;x
1185;107;215;188;PROV_NSM_LAND_1105;x
1186;107;219;169;PROV_NSM_LAND_1106;x
1187;108;70;63;PROV_NSM_LAND_1107;x
1188;108;102;51;PROV_NSM_LAND_1108;x
1189;108;115;57;PROV_NSM_LAND_1109;x
1190;108;158;183;PROV_NSM_LAND_1110;x
1191;108;160;133;PROV_NSM_LAND_1111;x
1192;108;173;116;PROV_NSM_LAND_1112;x
1193;108;208;116;PROV_NSM_LAND_1113;x
1194;108;214;82;PROV_NSM_LAND_1114;x
1195;108;218;233;PROV_NSM_LAND_1115;x
1196;108;219;239;PROV_NSM_LAND_1116;x
1197;108;222;46;PROV_NSM_LAND_1117;x
1198;108;230;51;PROV_NSM_LAND_1118;x
1199;108;245;209;PROV_NSM_LAND_1119;x
1200;109;38;46;PROV_NSM_LAND_1120;x
1201;109;62;41;PROV_NSM_LAND_1121;x
1202;109;65;67;PROV_NSM_LAND_1122;x
1203;109;110;123;PROV_NSM_LAND_1123;x
1204;109;126;41;PROV_NSM_LAND_1124;x
1205;109;130;61;PROV_NSM_LAND_1125;x
1206;109;140;93;PROV_NSM_LAND_1126;x
1207;109;153;130;PROV_NSM_LAND_1127;x
1208;109;161;55;PROV_NSM_LAND_1128;x
1209;109;163;125;PROV_NSM_LAND_1129;x
1210;109;166;69;PROV_NSM_LAND_1130;x
1211;109;213;242;PROV_NSM_LAND_1131;x
1212;109;234;70;PROV_NSM_LAND_1132;x
1213;109;236;195;PROV_NSM_LAND_1133;x
1214;109;237;129;PROV_NSM_LAND_1134;x
1215;110;65;135;PROV_NSM_LAND_1135;x
1216;110;69;64;PROV_NSM_LAND_1136;x
1217;110;76;106;PROV_NSM_LAND_1137;x
1218;110;85;134;PROV_NSM_LAND_1138;x
1219;110;144;56;PROV_NSM_LAND_1139;x
1220;110;146;118;PROV_NSM_LAND_1140;x
1221;110;149;140;PROV_NSM_LAND_1141;x
1222;110;151;55;PROV_NSM_LAND_1142;x
1223;110;157;66;PROV_NSM_LAND_1143;x
1224;110;169;197;PROV_NSM_LAND_1144;x
1225;110;179;137;PROV_NSM_LAND_1145;x
1226;110;186;164;PROV_NSM_LAND_1146;x
1227;110;196;220;PROV_NSM_LAND_1147;x
1228;110;215;116;PROV_NSM_LAND_1148;x
1229;110;215;129;PROV_NSM_LAND_1149;x
1230;110;222;51;PROV_NSM_LAND_1150;x
1231;110;244;68;PROV_NSM_LAND_1151;x
1232;111;51;124;PROV_NSM_LAND_1152;x
1233;111;55;120;PROV_NSM_LAND_1153;x
1234;111;104;76;PROV_NSM_LAND_1154;x
1235;111;114;83;PROV_NSM_LAND_1155;x
1236;111;119;79;PROV_NSM_LAND_1156;x
1237;111;125;62;PROV_NSM_LAND_1157;x
1238;111;144;168;PROV_NSM_LAND_1158;x
1239;111;151;85;PROV_NSM_LAND_1159;x
1240;111;168;179;PROV_NSM_LAND_1160;x
1241;111;193;93;PROV_NSM_LAND_1161;x
1242;111;193;100;PROV_NSM_LAND_1162;x
1243;111;193;174;PROV_NSM_LAND_1163;x
1244;111;195;124;PROV_NSM_LAND_1164;x
1245;111;218;208;PROV_NSM_LAND_1165;x
1246;111;220;77;PROV_NSM_LAND_1166;x
1247;111;221;140;PROV_NSM_LAND_1167;x
1248;111;243;84;PROV_NSM_LAND_1168;x
1249;112;59;131;PROV_NSM_LAND_1169;x
1250;112;154;133;PROV_NSM_LAND_1170;x
1251;112;168;53;PROV_NSM_LAND_1171;x
1252;112;193;135;PROV_NSM_LAND_1172;x
1253;112;195;100;PROV_NSM_LAND_1173;x
1254;112;199;207;PROV_NSM_LAND_1174;x
1255;112;200;201;PROV_NSM_LAND_1175;x
1256;112;209;72;PROV_NSM_LAND_1176;x
1257;112;211;129;PROV_NSM_LAND_1177;x
1258;112;213;86;PROV_NSM_LAND_1178;x
1259;112;223;110;PROV_NSM_LAND_1179;x
1260;112;224;72;PROV_NSM_LAND_1180;x
1261;112;224;239;PROV_NSM_LAND_1181;x
1262;112;236;133;PROV_NSM_LAND_1182;x
1263;112;245;73;PROV_NSM_LAND_1183;x
1264;113;57;38;PROV_NSM_LAND_1184;x
1265;113;72;66;PROV_NSM_LAND_1185;x
1266;113;99;55;PROV_NSM_LAND_1186;x
1267;113;102;90;PROV_NSM_LAND_1187;x
1268;113;114;71;PROV_NSM_LAND_1188;x
1269;113;132;62;PROV_NSM_LAND_1189;x
1270;113;142;51;PROV_NSM_LAND_1190;x
1271;113;144;143;PROV_NSM_LAND_1191;x
1272;113;150;163;PROV_NSM_LAND_1192;x
1273;113;158;99;PROV_NSM_LAND_1193;x
1274;113;216;39;PROV_NSM_LAND_1194;x
1275;113;220;45;PROV_NSM_LAND_1195;x
1276;113;222;178;PROV_NSM_LAND_1196;x
1277;113;239;48;PROV_NSM_LAND_1197;x
1278;113;243;234;PROV_NSM_LAND_1198;x
1279;113;244;239;PROV_NSM_LAND_1199;x
1280;114;50;37;PROV_NSM_LAND_1200;x
1281;114;50;148;PROV_NSM_LAND_1201;x
1282;114;52;111;PROV_NSM_LAND_1202;x
1283;114;88;148;PROV_NSM_LAND_1203;x
1284;114;102;70;PROV_NSM_LAND_1204;x
1285;114;127;90;PROV_NSM_LAND_1205;x
1286;114;128;123;PROV_NSM_LAND_1206;x
1287;114;146;49;PROV_NSM_LAND_1207;x
1288;114;146;95;PROV_NSM_LAND_1208;x
1289;114;161;184;PROV_NSM_LAND_1209;x
1290;114;185;124;PROV_NSM_LAND_1210;x
1291;114;187;95;PROV_NSM_LAND_1211;x
1292;114;189;128;PROV_NSM_LAND_1212;x
1293;114;203;89;PROV_NSM_LAND_1213;x
1294;114;210;69;PROV_NSM_LAND_1214;x
1295;114;223;190;PROV_NSM_LAND_1215;x
1296;114;229;159;PROV_NSM_LAND_1216;x
1297;114;233;130;PROV_NSM_LAND_1217;x
1298;115;50;47;PROV_NSM_LAND_1218;x
1299;115;50;88;PROV_NSM_LAND_1219;x
1300;115;51;121;PROV_NSM_LAND_1220;x
1301;115;56;92;PROV_NSM_LAND_1221;x
1302;115;88;116;PROV_NSM_LAND_1222;x
1303;115;89;126;PROV_NSM_LAND_1223;x
1304;115;99;137;PROV_NSM_LAND_1224;x
1305;115;102;62;PROV_NSM_LAND_1225;x
1306;115;106;101;PROV_NSM_LAND_1226;x
1307;115;136;35;PROV_NSM_LAND_1227;x
1308;115;146;173;PROV_NSM_LAND_1228;x
1309;115;154;180;PROV_NSM_LAND_1229;x
1310;115;158;158;PROV_NSM_LAND_1230;x
1311;115;161;161;PROV_NSM_LAND_1231;x
1312;115;163;116;PROV_NSM_LAND_1232;x
1313;115;172;49;PROV_NSM_LAND_1233;x
1314;115;191;147;PROV_NSM_LAND_1234;x
1315;115;192;200;PROV_NSM_LAND_1235;x
1316;115;192;209;PROV_NSM_LAND_1236;x
1317;115;220;39;PROV_NSM_LAND_1237;x
1318;115;225;131;PROV_NSM_LAND_1238;x
1319;116;59;51;PROV_NSM_LAND_1239;x
1320;116;77;84;PROV_NSM_LAND_1240;x
1321;116;92;48;PROV_NSM_LAND_1241;x
1322;116;140;55;PROV_NSM_LAND_1242;x
1323;116;171;97;PROV_NSM_LAND_1243;x
1324;116;186;135;PROV_NSM_LAND_1244;x
1325;116;198;131;PROV_NSM_LAND_1245;x
1326;116;199;173;PROV_NSM_LAND_1246;x
1327;116;234;143;PROV_NSM_LAND_1247;x
1328;116;244;130;PROV_NSM_LAND_1248;x
1329;117;49;88;PROV_NSM_LAND_1249;x
1330;117;82;107;PROV_NSM_LAND_1250;x
1331;117;83;90;PROV_NSM_LAND_1251;x
1332;117;91;39;PROV_NSM_LAND_1252;x
1333;117;99;121;PROV_NSM_LAND_1253;x
1334;117;101;102;PROV_NSM_LAND_1254;x
1335;117;116;75;PROV_NSM_LAND_1255;x
1336;117;121;86;PROV_NSM_LAND_1256;x
1337;117;131;153;PROV_NSM_LAND_1257;x
1338;117;149;143;PROV_NSM_LAND_1258;x
1339;117;150;72;PROV_NSM_LAND_1259;x
1340;117;187;188;PROV_NSM_LAND_1260;x
1341;117;210;85;PROV_NSM_LAND_1261;x
1342;118;50;62;PROV_NSM_LAND_1262;x
1343;118;72;152;PROV_NSM_LAND_1263;x
1344;118;111;135;PROV_NSM_LAND_1264;x
1345;118;118;128;PROV_NSM_LAND_1265;x
1346;118;146;47;PROV_NSM_LAND_1266;x
1347;118;156;45;PROV_NSM_LAND_1267;x
1348;118;168;150;PROV_NSM_LAND_1268;x
1349;118;197;68;PROV_NSM_LAND_1269;x
1350;118;215;212;PROV_NSM_LAND_1270;x
1351;118;216;71;PROV_NSM_LAND_1271;x
1352;118;218;207;PROV_NSM_LAND_1272;x
1353;118;220;158;PROV_NSM_LAND_1273;x
1354;118;222;68;PROV_NSM_LAND_1274;x
1355;118;229;97;PROV_NSM_LAND_1275;x
1356;118;234;54;PROV_NSM_LAND_1276;x
1357;118;240;219;PROV_NSM_LAND_1277;x
1358;118;242;108;PROV_NSM_LAND_1278;x
1359;119;35;79;PROV_NSM_LAND_1279;x
1360;119;40;105;PROV_NSM_LAND_1280;x
1361;119;57;57;PROV_NSM_LAND_1281;x
1362;119;74;43;PROV_NSM_LAND_1282;x
1363;119;98;137;PROV_NSM_LAND_1283;x
1364;119;109;112;PROV_NSM_LAND_1284;x
1365;119;122;67;PROV_NSM_LAND_1285;x
1366;119;162;137;PROV_NSM_LAND_1286;x
1367;119;168;68;PROV_NSM_LAND_1287;x
1368;119;177;203;PROV_NSM_LAND_1288;x
1369;119;178;128;PROV_NSM_LAND_1289;x
1370;119;197;63;PROV_NSM_LAND_1290;x
1371;119;207;67;PROV_NSM_LAND_1291;x
1372;119;207;109;PROV_NSM_LAND_1292;x
1373;119;225;73;PROV_NSM_LAND_1293;x
1374;120;36;142;PROV_NSM_LAND_1294;x
1375;120;37;55;PROV_NSM_LAND_1295;x
1376;120;46;45;PROV_NSM_LAND_1296;x
1377;120;46;99;PROV_NSM_LAND_1297;x
1378;120;81;109;PROV_NSM_LAND_1298;x
1379;120;112;154;PROV_NSM_LAND_1299;x
1380;120;122;38;PROV_NSM_LAND_1300;x
1381;120;142;177;PROV_NSM_LAND_1301;x
1382;120;147;64;PROV_NSM_LAND_1302;x
1383;120;184;81;PROV_NSM_LAND_1303;x
1384;120;191;58;PROV_NSM_LAND_1304;x
1385;120;202;229;PROV_NSM_LAND_1305;x
1386;120;216;161;PROV_NSM_LAND_1306;x
1387;120;234;179;PROV_NSM_LAND_1307;x
1388;120;241;150;PROV_NSM_LAND_1308;x
1389;121;35;127;PROV_NSM_LAND_1309;x
1390;121;48;139;PROV_NSM_LAND_1310;x
1391;121;55;114;PROV_NSM_LAND_1311;x
1392;121;60;40;PROV_NSM_LAND_1312;x
1393;121;69;93;PROV_NSM_LAND_1313;x
1394;121;95;118;PROV_NSM_LAND_1314;x
1395;121;112;103;PROV_NSM_LAND_1315;x
1396;121;118;130;PROV_NSM_LAND_1316;x
1397;121;130;53;PROV_NSM_LAND_1317;x
1398;121;137;157;PROV_NSM_LAND_1318;x
1399;121;170;123;PROV_NSM_LAND_1319;x
1400;121;170;153;PROV_NSM_LAND_1320;x
1401;121;171;39;PROV_NSM_LAND_1321;x
1402;121;181;206;PROV_NSM_LAND_1322;x
1403;121;221;112;PROV_NSM_LAND_1323;x
1404;121;241;193;PROV_NSM_LAND_1324;x
1405;122;83;156;PROV_NSM_LAND_1325;x
1406;122;92;100;PROV_NSM_LAND_1326;x
1407;122;114;63;PROV_NSM_LAND_1327;x
1408;122;160;145;PROV_NSM_LAND_1328;x
1409;122;166;81;PROV_NSM_LAND_1329;x
1410;122;170;64;PROV_NSM_LAND_1330;x
1411;122;179;211;PROV_NSM_LAND_1331;x
1412;122;199;43;PROV_NSM_LAND_1332;x
1413;122;211;206;PROV_NSM_LAND_1333;x
1414;122;228;60;PROV_NSM_LAND_1334;x
1415;122;235;135;PROV_NSM_LAND_1335;x
1416;122;235;222;PROV_NSM_LAND_1336;x
1417;122;244;119;PROV_NSM_LAND_1337;x
1418;123;54;157;PROV_NSM_LAND_1338;x
1419;123;56;72;PROV_NSM_LAND_1339;x
1420;123;95;126;PROV_NSM_LAND_1340;x
1421;123;101;129;PROV_NSM_LAND_1341;x
1422;123;113;125;PROV_NSM_LAND_1342;x
1423;123;115;43;PROV_NSM_LAND_1343;x
1424;123;118;92;PROV_NSM_LAND_1344;x
1425;123;135;158;PROV_NSM_LAND_1345;x
1426;123;142;170;PROV_NSM_LAND_1346;x
1427;123;146;111;PROV_NSM_LAND_1347;x
1428;123;150;138;PROV_NSM_LAND_1348;x
1429;123;187;118;PROV_NSM_LAND_1349;x
1430;123;192;93;PROV_NSM_LAND_1350;x
1431;123;192;105;PROV_NSM_LAND_1351;x
1432;123;221;174;PROV_NSM_LAND_1352;x
1433;123;234;152;PROV_NSM_LAND_1353;x
1434;123;235;111;PROV_NSM_LAND_1354;x
1435;123;236;128;PROV_NSM_LAND_1355;x
1436;123;238;42;PROV_NSM_LAND_1356;x
1437;123;242;199;PROV_NSM_LAND_1357;x
1438;124;38;59;PROV_NSM_LAND_1358;x
1439;124;39;77;PROV_NSM_LAND_1359;x
1440;124;47;51;PROV_NSM_LAND_1360;x
1441;124;55;94;PROV_NSM_LAND_1361;x
1442;124;61;51;PROV_NSM_LAND_1362;x
1443;124;63;54;PROV_NSM_LAND_1363;x
1444;124;64;115;PROV_NSM_LAND_1364;x
1445;124;68;132;PROV_NSM_LAND_1365;x
1446;124;74;141;PROV_NSM_LAND_1366;x
1447;124;82;42;PROV_NSM_LAND_1367;x
1448;124;128;98;PROV_NSM_LAND_1368;x
1449;124;129;104;PROV_NSM_LAND_1369;x
1450;124;131;83;PROV_NSM_LAND_1370;x
1451;124;134;120;PROV_NSM_LAND_1371;x
1452;124;135;136;PROV_NSM_LAND_1372;x
1453;124;165;175;PROV_NSM_LAND_1373;x
1454;124;169;180;PROV_NSM_LAND_1374;x
1455;124;177;212;PROV_NSM_LAND_1375;x
1456;124;178;155;PROV_NSM_LAND_1376;x
1457;124;189;93;PROV_NSM_LAND_1377;x
1458;124;198;107;PROV_NSM_LAND_1378;x
1459;124;206;73;PROV_NSM_LAND_1379;x
1460;124;206;159;PROV_NSM_LAND_1380;x
1461;124;212;111;PROV_NSM_LAND_1381;x
1462;124;219;89;PROV_NSM_LAND_1382;x
1463;124;219;143;PROV_NSM_LAND_1383;x
1464;124;235;57;PROV_NSM_LAND_1384;x
1465;125;56;94;PROV_NSM_LAND_1385;x
1466;125;60;74;PROV_NSM_LAND_1386;x
1467;125;92;80;PROV_NSM_LAND_1387;x
1468;125;107;120;PROV_NSM_LAND_1388;x
1469;125;108;40;PROV_NSM_LAND_1389;x
1470;125;127;153;PROV_NSM_LAND_1390;x
1471;125;143;130;PROV_NSM_LAND_1391;x
1472;125;167;111;PROV_NSM_LAND_1392;x
1473;125;179;78;PROV_NSM_LAND_1393;x
1474;125;194;119;PROV_NSM_LAND_1394;x
1475;125;214;170;PROV_NSM_LAND_1395;x
1476;125;218;45;PROV_NSM_LAND_1396;x
1477;125;227;215;PROV_NSM_LAND_1397;x
1478;125;231;114;PROV_NSM_LAND_1398;x
1479;125;232;86;PROV_NSM_LAND_1399;x
1480;126;43;36;PROV_NSM_LAND_1400;x
1481;126;47;129;PROV_NSM_LAND_1401;x
1482;126;93;148;PROV_NSM_LAND_1402;x
1483;126;95;77;PROV_NSM_LAND_1403;x
1484;126;97;132;PROV_NSM_LAND_1404;x
1485;126;107;73;PROV_NSM_LAND_1405;x
1486;126;118;94;PROV_NSM_LAND_1406;x
1487;126;120;96;PROV_NSM_LAND_1407;x
1488;126;161;91;PROV_NSM_LAND_1408;x
1489;126;171;204;PROV_NSM_LAND_1409;x
1490;126;180;151;PROV_NSM_LAND_1410;x
1491;126;191;186;PROV_NSM_LAND_1411;x
1492;126;194;40;PROV_NSM_LAND_1412;x
1493;126;233;104;PROV_NSM_LAND_1413;x
1494;126;238;187;PROV_NSM_LAND_1414;x
1495;127;38;76;PROV_NSM_LAND_1415;x
1496;127;38;131;PROV_NSM_LAND_1416;x
1497;127;51;74;PROV_NSM_LAND_1417;x
1498;127;65;117;PROV_NSM_LAND_1418;x
1499;127;94;146;PROV_NSM_LAND_1419;x
1500;127;101;153;PROV_NSM_LAND_1420;x
1501;127;115;118;PROV_NSM_LAND_1421;x
1502;127;133;132;PROV_NSM_LAND_1422;x
1503;127;148;76;PROV_NSM_LAND_1423;x
1504;127;159;100;PROV_NSM_LAND_1424;x
1505;127;211;74;PROV_NSM_LAND_1425;x
1506;127;222;86;PROV_NSM_LAND_1426;x
1507;127;225;89;PROV_NSM_LAND_1427;x
1508;128;39;77;PROV_NSM_LAND_1428;x
1509;128;40;114;PROV_NSM_LAND_1429;x
1510;128;65;111;PROV_NSM_LAND_1430;x
1511;128;86;150;PROV_NSM_LAND_1431;x
1512;128;87;56;PROV_NSM_LAND_1432;x
1513;128;97;95;PROV_NSM_LAND_1433;x
1514;128;108;91;PROV_NSM_LAND_1434;x
1515;128;140;171;PROV_NSM_LAND_1435;x
1516;128;145;117;PROV_NSM_LAND_1436;x
1517;128;159;156;PROV_NSM_LAND_1437;x
1518;128;168;190;PROV_NSM_LAND_1438;x
1519;128;206;176;PROV_NSM_LAND_1439;x
1520;128;211;187;PROV_NSM_LAND_1440;x
1521;128;224;103;PROV_NSM_LAND_1441;x
1522;128;226;163;PROV_NSM_LAND_1442;x
1523;128;230;221;PROV_NSM_LAND_1443;x
1524;128;238;115;PROV_NSM_LAND_1444;x
1525;128;238;229;PROV_NSM_LAND_1445;x
1526;129;57;89;PROV_NSM_LAND_1446;x
1527;129;62;123;PROV_NSM_LAND_1447;x
1528;129;66;90;PROV_NSM_LAND_1448;x
1529;129;74;156;PROV_NSM_LAND_1449;x
1530;129;88;133;PROV_NSM_LAND_1450;x
1531;129;90;92;PROV_NSM_LAND_1451;x
1532;129;105;100;PROV_NSM_LAND_1452;x
1533;129;120;133;PROV_NSM_LAND_1453;x
1534;129;134;52;PROV_NSM_LAND_1454;x
1535;129;149;143;PROV_NSM_LAND_1455;x
1536;129;166;163;PROV_NSM_LAND_1456;x
1537;129;175;198;PROV_NSM_LAND_1457;x
1538;129;184;39;PROV_NSM_LAND_1458;x
1539;129;190;200;PROV_NSM_LAND_1459;x
1540;129;213;129;PROV_NSM_LAND_1460;x
1541;129;223;96;PROV_NSM_LAND_1461;x
1542;129;229;153;PROV_NSM_LAND_1462;x
1543;129;230;71;PROV_NSM_LAND_1463;x
1544;129;231;155;PROV_NSM_LAND_1464;x
1545;130;45;35;PROV_NSM_LAND_1465;x
1546;130;47;160;PROV_NSM_LAND_1466;x
1547;130;128;130;PROV_NSM_LAND_1467;x
1548;130;132;100;PROV_NSM_LAND_1468;x
1549;130;166;44;PROV_NSM_LAND_1469;x
1550;130;185;67;PROV_NSM_LAND_1470;x
1551;130;185;98;PROV_NSM_LAND_1471;x
1552;130;218;100;PROV_NSM_LAND_1472;x
1553;131;56;79;PROV_NSM_LAND_1473;x
1554;131;65;95;PROV_NSM_LAND_1474;x
1555;131;71;78;PROV_NSM_LAND_1475;x
1556;131;102;135;PROV_NSM_LAND_1476;x
1557;131;103;39;PROV_NSM_LAND_1477;x
1558;131;138;35;PROV_NSM_LAND_1478;x
1559;131;139;96;PROV_NSM_LAND_1479;x
1560;131;154;144;PROV_NSM_LAND_1480;x
1561;131;168;92;PROV_NSM_LAND_1481;x
1562;131;170;76;PROV_NSM_LAND_1482;x
1563;131;170;187;PROV_NSM_LAND_1483;x
1564;131;206;212;PROV_NSM_LAND_1484;x
1565;131;213;227;PROV_NSM_LAND_1485;x
1566;131;218;151;PROV_NSM_LAND_1486;x
1567;131;220;74;PROV_NSM_LAND_1487;x
1568;131;225;47;PROV_NSM_LAND_1488;x
1569;131;225;208;PROV_NSM_LAND_1489;x
1570;131;240;123;PROV_NSM_LAND_1490;x
1571;132;38;83;PROV_NSM_LAND_1491;x
1572;132;92;155;PROV_NSM_LAND_1492;x
1573;132;139;76;PROV_NSM_LAND_1493;x
1574;132;144;105;PROV_NSM_LAND_1494;x
1575;132;166;157;PROV_NSM_LAND_1495;x
1576;132;168;133;PROV_NSM_LAND_1496;x
1577;132;175;114;PROV_NSM_LAND_1497;x
1578;132;190;83;PROV_NSM_LAND_1498;x
1579;132;190;133;PROV_NSM_LAND_1499;x
1580;132;194;108;PROV_NSM_LAND_1500;x
1581;132;206;191;PROV_NSM_LAND_1501;x
1582;132;207;75;PROV_NSM_LAND_1502;x
1583;132;211;134;PROV_NSM_LAND_1503;x
1584;132;233;181;PROV_NSM_LAND_1504;x
1585;133;45;126;PROV_NSM_LAND_1505;x
1586;133;51;98;PROV_NSM_LAND_1506;x
1587;133;68;135;PROV_NSM_LAND_1507;x
1588;133;79;87;PROV_NSM_LAND_1508;x
1589;133;95;58;PROV_NSM_LAND_1509;x
1590;133;97;75;PROV_NSM_LAND_1510;x
1591;133;104;166;PROV_NSM_LAND_1511;x
1592;133;110;83;PROV_NSM_LAND_1512;x
1593;133;112;37;PROV_NSM_LAND_1513;x
1594;133;115;145;PROV_NSM_LAND_1514;x
1595;133;117;95;PROV_NSM_LAND_1515;x
1596;133;134;111;PROV_NSM_LAND_1516;x
1597;133;153;123;PROV_NSM_LAND_1517;x
1598;133;188;45;PROV_NSM_LAND_1518;x
1599;133;201;131;PROV_NSM_LAND_1519;x
1600;133;212;83;PROV_NSM_LAND_1520;x
1601;133;218;239;PROV_NSM_LAND_1521;x
1602;133;220;112;PROV_NSM_LAND_1522;x
1603;133;238;44;PROV_NSM_LAND_1523;x
1604;133;244;47;PROV_NSM_LAND_1524;x
1605;134;72;52;PROV_NSM_LAND_1525;x
1606;134;92;117;PROV_NSM_LAND_1526;x
1607;134;104;108;PROV_NSM_LAND_1527;x
1608;134;113;120;PROV_NSM_LAND_1528;x
1609;134;129;146;PROV_NSM_LAND_1529;x
1610;134;132;105;PROV_NSM_LAND_1530;x
1611;134;133;74;PROV_NSM_LAND_1531;x
1612;134;136;42;PROV_NSM_LAND_1532;x
1613;134;143;73;PROV_NSM_LAND_1533;x
1614;134;147;84;PROV_NSM_LAND_1534;x
1615;134;152;174;PROV_NSM_LAND_1535;x
1616;134;155;181;PROV_NSM_LAND_1536;x
1617;134;157;60;PROV_NSM_LAND_1537;x
1618;134;171;166;PROV_NSM_LAND_1538;x
1619;134;184;126;PROV_NSM_LAND_1539;x
1620;134;186;104;PROV_NSM_LAND_1540;x
1621;134;190;77;PROV_NSM_LAND_1541;x
1622;134;194;55;PROV_NSM_LAND_1542;x
1623;134;201;135;PROV_NSM_LAND_1543;x
1624;134;207;108;PROV_NSM_LAND_1544;x
1625;134;218;204;PROV_NSM_LAND_1545;x
1626;134;227;196;PROV_NSM_LAND_1546;x
1627;134;229;45;PROV_NSM_LAND_1547;x
1628;134;235;88;PROV_NSM_LAND_1548;x
1629;134;239;171;PROV_NSM_LAND_1549;x
1630;134;239;231;PROV_NSM_LAND_1550;x
1631;135;39;116;PROV_NSM_LAND_1551;x
1632;135;63;114;PROV_NSM_LAND_1552;x
1633;135;67;62;PROV_NSM_LAND_1553;x
1634;135;69;165;PROV_NSM_LAND_1554;x
1635;135;70;151;PROV_NSM_LAND_1555;x
1636;135;99;97;PROV_NSM_LAND_1556;x
1637;135;99;119;PROV_NSM_LAND_1557;x
1638;135;110;65;PROV_NSM_LAND_1558;x
1639;135;112;142;PROV_NSM_LAND_1559;x
1640;135;132;43;PROV_NSM_LAND_1560;x
1641;135;141;99;PROV_NSM_LAND_1561;x
1642;135;164;113;PROV_NSM_LAND_1562;x
1643;135;169;186;PROV_NSM_LAND_1563;x
1644;135;181;82;PROV_NSM_LAND_1564;x
1645;135;197;226;PROV_NSM_LAND_1565;x
1646;135;204;54;PROV_NSM_LAND_1566;x
1647;135;213;50;PROV_NSM_LAND_1567;x
1648;135;214;93;PROV_NSM_LAND_1568;x
1649;135;233;59;PROV_NSM_LAND_1569;x
1650;135;241;241;PROV_NSM_LAND_1570;x
1651;136;45;158;PROV_NSM_LAND_1571;x
1652;136;60;89;PROV_NSM_LAND_1572;x
1653;136;68;41;PROV_NSM_LAND_1573;x
1654;136;104;37;PROV_NSM_LAND_1574;x
1655;136;118;56;PROV_NSM_LAND_1575;x
1656;136;120;97;PROV_NSM_LAND_1576;x
1657;136;141;90;PROV_NSM_LAND_1577;x
1658;136;159;46;PROV_NSM_LAND_1578;x
1659;136;170;114;PROV_NSM_LAND_1579;x
1660;136;197;225;PROV_NSM_LAND_1580;x
1661;136;205;97;PROV_NSM_LAND_1581;x
1662;136;206;180;PROV_NSM_LAND_1582;x
1663;136;217;187;PROV_NSM_LAND_1583;x
1664;136;217;217;PROV_NSM_LAND_1584;x
1665;136;224;36;PROV_NSM_LAND_1585;x
1666;136;228;81;PROV_NSM_LAND_1586;x
1667;136;240;243;PROV_NSM_LAND_1587;x
1668;136;242;81;PROV_NSM_LAND_1588;x
1669;136;243;53;PROV_NSM_LAND_1589;x
1670;137;39;143;PROV_NSM_LAND_1590;x
1671;137;54;131;PROV_NSM_LAND_1591;x
1672;137;59;104;PROV_NSM_LAND_1592;x
1673;137;73;62;PROV_NSM_LAND_1593;x
1674;137;78;157;PROV_NSM_LAND_1594;x
1675;137;87;144;PROV_NSM_LAND_1595;x
1676;137;101;59;PROV_NSM_LAND_1596;x
1677;137;116;47;PROV_NSM_LAND_1597;x
1678;137;146;118;PROV_NSM_LAND_1598;x
1679;137;171;168;PROV_NSM_LAND_1599;x
1680;137;183;39;PROV_NSM_LAND_1600;x
1681;137;186;195;PROV_NSM_LAND_1601;x
1682;137;189;181;PROV_NSM_LAND_1602;x
1683;137;198;165;PROV_NSM_LAND_1603;x
1684;137;211;245;PROV_NSM_LAND_1604;x
1685;138;56;143;PROV_NSM_LAND_1605;x
1686;138;96;40;PROV_NSM_LAND_1606;x
1687;138;135;58;PROV_NSM_LAND_1607;x
1688;138;139;107;PROV_NSM_LAND_1608;x
1689;138;147;64;PROV_NSM_LAND_1609;x
1690;138;147;180;PROV_NSM_LAND_1610;x
1691;138;148;143;PROV_NSM_LAND_1611;x
1692;138;154;91;PROV_NSM_LAND_1612;x
1693;138;184;66;PROV_NSM_LAND_1613;x
1694;138;186;186;PROV_NSM_LAND_1614;x
1695;138;192;99;PROV_NSM_LAND_1615;x
1696;138;192;131;PROV_NSM_LAND_1616;x
1697;138;199;73;PROV_NSM_LAND_1617;x
1698;138;222;243;PROV_NSM_LAND_1618;x
1699;138;234;76;PROV_NSM_LAND_1619;x
1700;138;236;91;PROV_NSM_LAND_1620;x
1701;139;37;153;PROV_NSM_LAND_1621;x
1702;139;43;59;PROV_NSM_LAND_1622;x
1703;139;44;122;PROV_NSM_LAND_1623;x
1704;139;78;108;PROV_NSM_LAND_1624;x
1705;139;84;61;PROV_NSM_LAND_1625;x
1706;139;87;113;PROV_NSM_LAND_1626;x
1707;139;109;94;PROV_NSM_LAND_1627;x
1708;139;117;133;PROV_NSM_LAND_1628;x
1709;139;173;160;PROV_NSM_LAND_1629;x
1710;139;202;130;PROV_NSM_LAND_1630;x
1711;139;206;70;PROV_NSM_LAND_1631;x
1712;139;206;101;PROV_NSM_LAND_1632;x
1713;139;224;149;PROV_NSM_LAND_1633;x
1714;139;232;212;PROV_NSM_LAND_1634;x
1715;140;37;44;PROV_NSM_LAND_1635;x
1716;140;46;39;PROV_NSM_LAND_1636;x
1717;140;54;56;PROV_NSM_LAND_1637;x
1718;140;73;62;PROV_NSM_LAND_1638;x
1719;140;73;166;PROV_NSM_LAND_1639;x
1720;140;93;173;PROV_NSM_LAND_1640;x
1721;140;100;110;PROV_NSM_LAND_1641;x
1722;140;104;63;PROV_NSM_LAND_1642;x
1723;140;107;161;PROV_NSM_LAND_1643;x
1724;140;112;159;PROV_NSM_LAND_1644;x
1725;140;145;108;PROV_NSM_LAND_1645;x
1726;140;167;107;PROV_NSM_LAND_1646;x
1727;140;175;181;PROV_NSM_LAND_1647;x
1728;140;180;207;PROV_NSM_LAND_1648;x
1729;140;189;126;PROV_NSM_LAND_1649;x
1730;140;194;55;PROV_NSM_LAND_1650;x
1731;140;207;180;PROV_NSM_LAND_1651;x
1732;140;222;182;PROV_NSM_LAND_1652;x
1733;140;222;183;PROV_NSM_LAND_1653;x
1734;140;226;57;PROV_NSM_LAND_1654;x
1735;140;232;157;PROV_NSM_LAND_1655;x
1736;140;234;127;PROV_NSM_LAND_1656;x
1737;140;241;93;PROV_NSM_LAND_1657;x
1738;140;241;187;PROV_NSM_LAND_1658;x
1739;141;38;62;PROV_NSM_LAND_1659;x
1740;141;52;38;PROV_NSM_LAND_1660;x
1741;141;55;98;PROV_NSM_LAND_1661;x
1742;141;63;171;PROV_NSM_LAND_1662;x
1743;141;77;139;PROV_NSM_LAND_1663;x
1744;141;79;56;PROV_NSM_LAND_1664;x
1745;141;86;134;PROV_NSM_LAND_1665;x
1746;141;88;54;PROV_NSM_LAND_1666;x
1747;141;102;145;PROV_NSM_LAND_1667;x
1748;141;121;157;PROV_NSM_LAND_1668;x
1749;141;127;45;PROV_NSM_LAND_1669;x
1750;141;133;87;PROV_NSM_LAND_1670;x
1751;141;139;129;PROV_NSM_LAND_1671;x
1752;141;172;126;PROV_NSM_LAND_1672;x
1753;141;174;198;PROV_NSM_LAND_1673;x
1754;141;175;107;PROV_NSM_LAND_1674;x
1755;141;202;112;PROV_NSM_LAND_1675;x
1756;141;203;83;PROV_NSM_LAND_1676;x
1757;141;214;233;PROV_NSM_LAND_1677;x
1758;141;218;220;PROV_NSM_LAND_1678;x
1759;141;242;239;PROV_NSM_LAND_1679;x
1760;142;44;108;PROV_NSM_LAND_1680;x
1761;142;56;81;PROV_NSM_LAND_1681;x
1762;142;58;37;PROV_NSM_LAND_1682;x
1763;142;74;49;PROV_NSM_LAND_1683;x
1764;142;80;70;PROV_NSM_LAND_1684;x
1765;142;87;139;PROV_NSM_LAND_1685;x
1766;142;88;97;PROV_NSM_LAND_1686;x
1767;142;89;96;PROV_NSM_LAND_1687;x
1768;142;93;71;PROV_NSM_LAND_1688;x
1769;142;96;66;PROV_NSM_LAND_1689;x
1770;142;114;156;PROV_NSM_LAND_1690;x
1771;142;127;155;PROV_NSM_LAND_1691;x
1772;142;144;60;PROV_NSM_LAND_1692;x
1773;142;165;109;PROV_NSM_LAND_1693;x
1774;142;167;112;PROV_NSM_LAND_1694;x
1775;142;180;48;PROV_NSM_LAND_1695;x
1776;142;180;207;PROV_NSM_LAND_1696;x
1777;142;187;70;PROV_NSM_LAND_1697;x
1778;142;220;168;PROV_NSM_LAND_1698;x
1779;142;223;37;PROV_NSM_LAND_1699;x
1780;142;240;89;PROV_NSM_LAND_1700;x
1781;142;245;227;PROV_NSM_LAND_1701;x
1782;143;48;98;PROV_NSM_LAND_1702;x
1783;143;60;177;PROV_NSM_LAND_1703;x
1784;143;74;42;PROV_NSM_LAND_1704;x
1785;143;98;146;PROV_NSM_LAND_1705;x
1786;143;148;66;PROV_NSM_LAND_1706;x
1787;143;165;83;PROV_NSM_LAND_1707;x
1788;143;166;117;PROV_NSM_LAND_1708;x
1789;143;186;170;PROV_NSM_LAND_1709;x
1790;143;210;173;PROV_NSM_LAND_1710;x
1791;143;219;102;PROV_NSM_LAND_1711;x
1792;143;221;203;PROV_NSM_LAND_1712;x
1793;143;230;191;PROV_NSM_LAND_1713;x
1794;143;244;170;PROV_NSM_LAND_1714;x
1795;143;245;176;PROV_NSM_LAND_1715;x
1796;144;38;63;PROV_NSM_LAND_1716;x
1797;144;90;163;PROV_NSM_LAND_1717;x
1798;144;115;95;PROV_NSM_LAND_1718;x
1799;144;145;135;PROV_NSM_LAND_1719;x
1800;144;161;190;PROV_NSM_LAND_1720;x
1801;144;163;171;PROV_NSM_LAND_1721;x
1802;144;166;199;PROV_NSM_LAND_1722;x
1803;144;167;192;PROV_NSM_LAND_1723;x
1804;144;168;35;PROV_NSM_LAND_1724;x
1805;144;172;53;PROV_NSM_LAND_1725;x
1806;144;174;163;PROV_NSM_LAND_1726;x
1807;144;175;182;PROV_NSM_LAND_1727;x
1808;144;179;123;PROV_NSM_LAND_1728;x
1809;144;188;109;PROV_NSM_LAND_1729;x
1810;144;213;197;PROV_NSM_LAND_1730;x
1811;144;217;239;PROV_NSM_LAND_1731;x
1812;144;220;146;PROV_NSM_LAND_1732;x
1813;144;224;99;PROV_NSM_LAND_1733;x
1814;144;238;204;PROV_NSM_LAND_1734;x
1815;144;239;223;PROV_NSM_LAND_1735;x
1816;145;50;168;PROV_NSM_LAND_1736;x
1817;145;51;164;PROV_NSM_LAND_1737;x
1818;145;52;97;PROV_NSM_LAND_1738;x
1819;145;57;68;PROV_NSM_LAND_1739;x
1820;145;105;168;PROV_NSM_LAND_1740;x
1821;145;122;50;PROV_NSM_LAND_1741;x
1822;145;140;88;PROV_NSM_LAND_1742;x
1823;145;152;55;PROV_NSM_LAND_1743;x
1824;145;173;161;PROV_NSM_LAND_1744;x
1825;145;181;115;PROV_NSM_LAND_1745;x
1826;145;200;157;PROV_NSM_LAND_1746;x
1827;145;202;114;PROV_NSM_LAND_1747;x
1828;145;206;114;PROV_NSM_LAND_1748;x
1829;145;228;187;PROV_NSM_LAND_1749;x
1830;145;230;78;PROV_NSM_LAND_1750;x
1831;145;238;135;PROV_NSM_LAND_1751;x
1832;145;242;245;PROV_NSM_LAND_1752;x
1833;146;43;37;PROV_NSM_LAND_1753;x
1834;146;72;129;PROV_NSM_LAND_1754;x
1835;146;78;73;PROV_NSM_LAND_1755;x
1836;146;113;170;PROV_NSM_LAND_1756;x
1837;146;126;74;PROV_NSM_LAND_1757;x
1838;146;132;76;PROV_NSM_LAND_1758;x
1839;146;144;99;PROV_NSM_LAND_1759;x
1840;146;149;168;PROV_NSM_LAND_1760;x
1841;146;174;182;PROV_NSM_LAND_1761;x
1842;146;182;53;PROV_NSM_LAND_1762;x
1843;146;193;78;PROV_NSM_LAND_1763;x
1844;146;198;43;PROV_NSM_LAND_1764;x
1845;146;198;232;PROV_NSM_LAND_1765;x
1846;146;200;69;PROV_NSM_LAND_1766;x
1847;146;206;171;PROV_NSM_LAND_1767;x
1848;146;229;140;PROV_NSM_LAND_1768;x
1849;146;234;45;PROV_NSM_LAND_1769;x
1850;146;234;171;PROV_NSM_LAND_1770;x
1851;146;238;89;PROV_NSM_LAND_1771;x
1852;147;46;99;PROV_NSM_LAND_1772;x
1853;147;56;126;PROV_NSM_LAND_1773;x
1854;147;63;45;PROV_NSM_LAND_1774;x
1855;147;68;61;PROV_NSM_LAND_1775;x
1856;147;89;37;PROV_NSM_LAND_1776;x
1857;147;97;139;PROV_NSM_LAND_1777;x
1858;147;118;139;PROV_NSM_LAND_1778;x
1859;147;142;166;PROV_NSM_LAND_1779;x
1860;147;167;95;PROV_NSM_LAND_1780;x
1861;147;192;164;PROV_NSM_LAND_1781;x
1862;148;35;78;PROV_NSM_LAND_1782;x
1863;148;41;80;PROV_NSM_LAND_1783;x
1864;148;56;100;PROV_NSM_LAND_1784;x
1865;148;91;153;PROV_NSM_LAND_1785;x
1866;148;99;97;PROV_NSM_LAND_1786;x
1867;148;127;163;PROV_NSM_LAND_1787;x
1868;148;128;146;PROV_NSM_LAND_1788;x
1869;148;131;49;PROV_NSM_LAND_1789;x
1870;148;157;48;PROV_NSM_LAND_1790;x
1871;148;189;54;PROV_NSM_LAND_1791;x
1872;148;202;154;PROV_NSM_LAND_1792;x
1873;148;209;187;PROV_NSM_LAND_1793;x
1874;148;215;165;PROV_NSM_LAND_1794;x
1875;148;215;214;PROV_NSM_LAND_1795;x
1876;148;221;52;PROV_NSM_LAND_1796;x
1877;148;233;202;PROV_NSM_LAND_1797;x
1878;148;241;104;PROV_NSM_LAND_1798;x
1879;149;40;167;PROV_NSM_LAND_1799;x
1880;149;53;108;PROV_NSM_LAND_1800;x
1881;149;68;98;PROV_NSM_LAND_1801;x
1882;149;105;95;PROV_NSM_LAND_1802;x
1883;149;105;134;PROV_NSM_LAND_1803;x
1884;149;150;96;PROV_NSM_LAND_1804;x
1885;149;165;97;PROV_NSM_LAND_1805;x
1886;149;169;177;PROV_NSM_LAND_1806;x
1887;149;175;161;PROV_NSM_LAND_1807;x
1888;149;199;108;PROV_NSM_LAND_1808;x
1889;149;210;52;PROV_NSM_LAND_1809;x
1890;149;216;142;PROV_NSM_LAND_1810;x
1891;149;217;184;PROV_NSM_LAND_1811;x
1892;149;221;147;PROV_NSM_LAND_1812;x
1893;149;223;97;PROV_NSM_LAND_1813;x
1894;149;226;149;PROV_NSM_LAND_1814;x
1895;149;227;208;PROV_NSM_LAND_1815;x
1896;149;234;227;PROV_NSM_LAND_1816;x
1897;149;241;60;PROV_NSM_LAND_1817;x
1898;149;243;126;PROV_NSM_LAND_1818;x
1899;150;44;62;PROV_NSM_LAND_1819;x
1900;150;49;38;PROV_NSM_LAND_1820;x
1901;150;53;43;PROV_NSM_LAND_1821;x
1902;150;56;135;PROV_NSM_LAND_1822;x
1903;150;71;48;PROV_NSM_LAND_1823;x
1904;150;88;149;PROV_NSM_LAND_1824;x
1905;150;97;96;PROV_NSM_LAND_1825;x
1906;150;128;158;PROV_NSM_LAND_1826;x
1907;150;137;128;PROV_NSM_LAND_1827;x
1908;150;141;182;PROV_NSM_LAND_1828;x
1909;150;152;163;PROV_NSM_LAND_1829;x
1910;150;164;66;PROV_NSM_LAND_1830;x
1911;150;179;109;PROV_NSM_LAND_1831;x
1912;150;183;86;PROV_NSM_LAND_1832;x
1913;150;189;83;PROV_NSM_LAND_1833;x
1914;150;195;214;PROV_NSM_LAND_1834;x
1915;150;223;197;PROV_NSM_LAND_1835;x
1916;150;233;199;PROV_NSM_LAND_1836;x
1917;150;240;172;PROV_NSM_LAND_1837;x
1918;150;242;112;PROV_NSM_LAND_1838;x
1919;150;244;71;PROV_NSM_LAND_1839;x
1920;151;35;136;PROV_NSM_LAND_1840;x
1921;151;39;121;PROV_NSM_LAND_1841;x
1922;151;39;157;PROV_NSM_LAND_1842;x
1923;151;62;81;PROV_NSM_LAND_1843;x
1924;151;64;43;PROV_NSM_LAND_1844;x
1925;151;78;92;PROV_NSM_LAND_1845;x
1926;151;82;112;PROV_NSM_LAND_1846;x
1927;151;124;100;PROV_NSM_LAND_1847;x
1928;151;135;157;PROV_NSM_LAND_1848;x
1929;151;156;170;PROV_NSM_LAND_1849;x
1930;151;179;202;PROV_NSM_LAND_1850;x
1931;151;186;190;PROV_NSM_LAND_1851;x
1932;151;189;65;PROV_NSM_LAND_1852;x
1933;151;189;153;PROV_NSM_LAND_1853;x
1934;151;193;76;PROV_NSM_LAND_1854;x
1935;151;237;58;PROV_NSM_LAND_1855;x
1936;151;240;94;PROV_NSM_LAND_1856;x
1937;151;240;141;PROV_NSM_LAND_1857;x
1938;151;244;154;PROV_NSM_LAND_1858;x
1939;152;45;162;PROV_NSM_LAND_1859;x
1940;152;57;146;PROV_NSM_LAND_1860;x
1941;152;72;92;PROV_NSM_LAND_1861;x
1942;152;82;85;PROV_NSM_LAND_1862;x
1943;152;139;89;PROV_NSM_LAND_1863;x
1944;152;157;39;PROV_NSM_LAND_1864;x
1945;152;173;109;PROV_NSM_LAND_1865;x
1946;152;192;165;PROV_NSM_LAND_1866;x
1947;152;197;141;PROV_NSM_LAND_1867;x
1948;152;205;226;PROV_NSM_LAND_1868;x
1949;152;211;127;PROV_NSM_LAND_1869;x
1950;152;219;197;PROV_NSM_LAND_1870;x
1951;152;225;192;PROV_NSM_LAND_1871;x
1952;152;228;205;PROV_NSM_LAND_1872;x
1953;152;230;192;PROV_NSM_LAND_1873;x
1954;152;238;139;PROV_NSM_LAND_1874;x
1955;153;45;36;PROV_NSM_LAND_1875;x
1956;153;49;93;PROV_NSM_LAND_1876;x
1957;153;57;183;PROV_NSM_LAND_1877;x
1958;153;70;84;PROV_NSM_LAND_1878;x
1959;153;73;103;PROV_NSM_LAND_1879;x
1960;153;78;100;PROV_NSM_LAND_1880;x
1961;153;102;109;PROV_NSM_LAND_1881;x
1962;153;108;77;PROV_NSM_LAND_1882;x
1963;153;116;114;PROV_NSM_LAND_1883;x
1964;153;123;65;PROV_NSM_LAND_1884;x
1965;153;131;52;PROV_NSM_LAND_1885;x
1966;153;137;85;PROV_NSM_LAND_1886;x
1967;153;151;53;PROV_NSM_LAND_1887;x
1968;153;159;185;PROV_NSM_LAND_1888;x
1969;153;166;92;PROV_NSM_LAND_1889;x
1970;153;171;106;PROV_NSM_LAND_1890;x
1971;153;189;97;PROV_NSM_LAND_1891;x
1972;153;201;134;PROV_NSM_LAND_1892;x
1973;154;55;169;PROV_NSM_LAND_1893;x
1974;154;61;68;PROV_NSM_LAND_1894;x
1975;154;69;182;PROV_NSM_LAND_1895;x
1976;154;70;160;PROV_NSM_LAND_1896;x
1977;154;71;59;PROV_NSM_LAND_1897;x
1978;154;79;66;PROV_NSM_LAND_1898;x
1979;154;84;140;PROV_NSM_LAND_1899;x
1980;154;106;122;PROV_NSM_LAND_1900;x
1981;154;107;46;PROV_NSM_LAND_1901;x
1982;154;108;152;PROV_NSM_LAND_1902;x
1983;154;109;108;PROV_NSM_LAND_1903;x
1984;154;110;156;PROV_NSM_LAND_1904;x
1985;154;166;97;PROV_NSM_LAND_1905;x
1986;154;169;174;PROV_NSM_LAND_1906;x
1987;154;196;115;PROV_NSM_LAND_1907;x
1988;154;225;110;PROV_NSM_LAND_1908;x
1989;155;40;44;PROV_NSM_LAND_1909;x
1990;155;51;113;PROV_NSM_LAND_1910;x
1991;155;52;106;PROV_NSM_LAND_1911;x
1992;155;54;58;PROV_NSM_LAND_1912;x
1993;155;54;132;PROV_NSM_LAND_1913;x
1994;155;56;78;PROV_NSM_LAND_1914;x
1995;155;68;114;PROV_NSM_LAND_1915;x
1996;155;77;52;PROV_NSM_LAND_1916;x
1997;155;86;178;PROV_NSM_LAND_1917;x
1998;155;88;121;PROV_NSM_LAND_1918;x
1999;155;116;72;PROV_NSM_LAND_1919;x
2000;155;121;62;PROV_NSM_LAND_1920;x
2001;155;123;156;PROV_NSM_LAND_1921;x
2002;155;127;178;PROV_NSM_LAND_1922;x
2003;155;135;130;PROV_NSM_LAND_1923;x
2004;155;141;147;PROV_NSM_LAND_1924;x
2005;155;142;39;PROV_NSM_LAND_1925;x
2006;155;158;173;PROV_NSM_LAND_1926;x
2007;155;160;69;PROV_NSM_LAND_1927;x
2008;155;171;50;PROV_NSM_LAND_1928;x
2009;155;193;62;PROV_NSM_LAND_1929;x
2010;155;203;161;PROV_NSM_LAND_1930;x
2011;155;208;106;PROV_NSM_LAND_1931;x
2012;155;210;229;PROV_NSM_LAND_1932;x
2013;155;218;73;PROV_NSM_LAND_1933;x
2014;155;218;242;PROV_NSM_LAND_1934;x
2015;155;224;140;PROV_NSM_LAND_1935;x
2016;155;232;37;PROV_NSM_LAND_1936;x
2017;155;245;154;PROV_NSM_LAND_1937;x
2018;156;59;137;PROV_NSM_LAND_1938;x
2019;156;65;97;PROV_NSM_LAND_1939;x
2020;156;68;84;PROV_NSM_LAND_1940;x
2021;156;70;130;PROV_NSM_LAND_1941;x
2022;156;88;152;PROV_NSM_LAND_1942;x
2023;156;102;111;PROV_NSM_LAND_1943;x
2024;156;106;177;PROV_NSM_LAND_1944;x
2025;156;112;169;PROV_NSM_LAND_1945;x
2026;156;134;60;PROV_NSM_LAND_1946;x
2027;156;136;156;PROV_NSM_LAND_1947;x
2028;156;160;159;PROV_NSM_LAND_1948;x
2029;156;169;80;PROV_NSM_LAND_1949;x
2030;156;171;144;PROV_NSM_LAND_1950;x
2031;156;199;74;PROV_NSM_LAND_1951;x
2032;156;199;93;PROV_NSM_LAND_1952;x
2033;156;202;40;PROV_NSM_LAND_1953;x
2034;156;209;76;PROV_NSM_LAND_1954;x
2035;156;222;245;PROV_NSM_LAND_1955;x
2036;156;227;241;PROV_NSM_LAND_1956;x
2037;156;239;229;PROV_NSM_LAND_1957;x
2038;156;241;172;PROV_NSM_LAND_1958;x
2039;157;43;63;PROV_NSM_LAND_1959;x
2040;157;53;158;PROV_NSM_LAND_1960;x
2041;157;64;134;PROV_NSM_LAND_1961;x
2042;157;78;55;PROV_NSM_LAND_1962;x
2043;157;85;128;PROV_NSM_LAND_1963;x
2044;157;90;112;PROV_NSM_LAND_1964;x
2045;157;100;178;PROV_NSM_LAND_1965;x
2046;157;107;190;PROV_NSM_LAND_1966;x
2047;157;110;42;PROV_NSM_LAND_1967;x
2048;157;141;111;PROV_NSM_LAND_1968;x
2049;157;170;37;PROV_NSM_LAND_1969;x
2050;157;175;75;PROV_NSM_LAND_1970;x
2051;157;182;150;PROV_NSM_LAND_1971;x
2052;157;190;212;PROV_NSM_LAND_1972;x
2053;157;194;202;PROV_NSM_LAND_1973;x
2054;157;205;228;PROV_NSM_LAND_1974;x
2055;157;239;237;PROV_NSM_LAND_1975;x
2056;158;39;35;PROV_NSM_LAND_1976;x
2057;158;59;43;PROV_NSM_LAND_1977;x
2058;158;78;46;PROV_NSM_LAND_1978;x
2059;158;113;93;PROV_NSM_LAND_1979;x
2060;158;134;48;PROV_NSM_LAND_1980;x
2061;158;159;38;PROV_NSM_LAND_1981;x
2062;158;161;55;PROV_NSM_LAND_1982;x
2063;158;164;36;PROV_NSM_LAND_1983;x
2064;158;167;171;PROV_NSM_LAND_1984;x
2065;158;192;207;PROV_NSM_LAND_1985;x
2066;158;201;166;PROV_NSM_LAND_1986;x
2067;159;35;112;PROV_NSM_LAND_1987;x
2068;159;83;89;PROV_NSM_LAND_1988;x
2069;159;106;37;PROV_NSM_LAND_1989;x
2070;159;108;65;PROV_NSM_LAND_1990;x
2071;159;138;38;PROV_NSM_LAND_1991;x
2072;159;149;48;PROV_NSM_LAND_1992;x
2073;159;167;43;PROV_NSM_LAND_1993;x
2074;159;181;41;PROV_NSM_LAND_1994;x
2075;159;184;41;PROV_NSM_LAND_1995;x
2076;159;192;105;PROV_NSM_LAND_1996;x
2077;159;200;90;PROV_NSM_LAND_1997;x
2078;159;200;100;PROV_NSM_LAND_1998;x
2079;159;210;62;PROV_NSM_LAND_1999;x
2080;160;40;137;PROV_NSM_LAND_2000;x
2081;160;41;194;PROV_NSM_LAND_2001;x
2082;160;58;79;PROV_NSM_LAND_2002;x
2083;160;59;180;PROV_NSM_LAND_2003;x
2084;160;67;51;PROV_NSM_LAND_2004;x
2085;160;97;76;PROV_NSM_LAND_2005;x
2086;160;112;148;PROV_NSM_LAND_2006;x
2087;160;158;98;PROV_NSM_LAND_2007;x
2088;160;158;104;PROV_NSM_LAND_2008;x
2089;160;159;156;PROV_NSM_LAND_2009;x
2090;160;177;48;PROV_NSM_LAND_2010;x
2091;160;177;90;PROV_NSM_LAND_2011;x
2092;160;182;46;PROV_NSM_LAND_2012;x
2093;160;184;147;PROV_NSM_LAND_2013;x
2094;160;185;166;PROV_NSM_LAND_2014;x
2095;160;190;171;PROV_NSM_LAND_2015;x
2096;160;200;191;PROV_NSM_LAND_2016;x
2097;160;210;182;PROV_NSM_LAND_2017;x
2098;160;213;242;PROV_NSM_LAND_2018;x
2099;160;238;197;PROV_NSM_LAND_2019;x
2100;160;243;58;PROV_NSM_LAND_2020;x
2101;161;37;154;PROV_NSM_LAND_2021;x
2102;161;46;166;PROV_NSM_LAND_2022;x
2103;161;51;152;PROV_NSM_LAND_2023;x
2104;161;51;182;PROV_NSM_LAND_2024;x
2105;161;68;196;PROV_NSM_LAND_2025;x
2106;161;75;40;PROV_NSM_LAND_2026;x
2107;161;80;142;PROV_NSM_LAND_2027;x
2108;161;108;68;PROV_NSM_LAND_2028;x
2109;161;111;183;PROV_NSM_LAND_2029;x
2110;161;121;168;PROV_NSM_LAND_2030;x
2111;161;128;145;PROV_NSM_LAND_2031;x
2112;161;133;35;PROV_NSM_LAND_2032;x
2113;161;152;116;PROV_NSM_LAND_2033;x
2114;161;225;83;PROV_NSM_LAND_2034;x
2115;161;229;40;PROV_NSM_LAND_2035;x
2116;162;42;143;PROV_NSM_LAND_2036;x
2117;162;47;195;PROV_NSM_LAND_2037;x
2118;162;60;122;PROV_NSM_LAND_2038;x
2119;162;75;111;PROV_NSM_LAND_2039;x
2120;162;81;47;PROV_NSM_LAND_2040;x
2121;162;85;112;PROV_NSM_LAND_2041;x
2122;162;89;48;PROV_NSM_LAND_2042;x
2123;162;93;57;PROV_NSM_LAND_2043;x
2124;162;93;88;PROV_NSM_LAND_2044;x
2125;162;112;177;PROV_NSM_LAND_2045;x
2126;162;115;87;PROV_NSM_LAND_2046;x
2127;162;115;115;PROV_NSM_LAND_2047;x
2128;162;125;142;PROV_NSM_LAND_2048;x
2129;162;156;41;PROV_NSM_LAND_2049;x
2130;162;179;171;PROV_NSM_LAND_2050;x
2131;162;195;188;PROV_NSM_LAND_2051;x
2132;162;212;61;PROV_NSM_LAND_2052;x
2133;162;226;227;PROV_NSM_LAND_2053;x
2134;162;231;241;PROV_NSM_LAND_2054;x
2135;162;237;38;PROV_NSM_LAND_2055;x
2136;163;45;89;PROV_NSM_LAND_2056;x
2137;163;45;175;PROV_NSM_LAND_2057;x
2138;163;66;102;PROV_NSM_LAND_2058;x
2139;163;75;191;PROV_NSM_LAND_2059;x
2140;163;91;143;PROV_NSM_LAND_2060;x
2141;163;111;129;PROV_NSM_LAND_2061;x
2142;163;158;176;PROV_NSM_LAND_2062;x
2143;163;189;155;PROV_NSM_LAND_2063;x
2144;163;204;116;PROV_NSM_LAND_2064;x
2145;163;206;210;PROV_NSM_LAND_2065;x
2146;163;226;195;PROV_NSM_LAND_2066;x
2147;163;235;118;PROV_NSM_LAND_2067;x
2148;164;45;97;PROV_NSM_LAND_2068;x
2149;164;49;118;PROV_NSM_LAND_2069;x
2150;164;52;130;PROV_NSM_LAND_2070;x
2151;164;61;89;PROV_NSM_LAND_2071;x
2152;164;71;106;PROV_NSM_LAND_2072;x
2153;164;72;128;PROV_NSM_LAND_2073;x
2154;164;101;114;PROV_NSM_LAND_2074;x
2155;164;104;158;PROV_NSM_LAND_2075;x
2156;164;113;110;PROV_NSM_LAND_2076;x
2157;164;175;103;PROV_NSM_LAND_2077;x
2158;164;180;192;PROV_NSM_LAND_2078;x
2159;164;189;108;PROV_NSM_LAND_2079;x
2160;164;207;68;PROV_NSM_LAND_2080;x
2161;164;212;86;PROV_NSM_LAND_2081;x
2162;164;212;131;PROV_NSM_LAND_2082;x
2163;164;219;178;PROV_NSM_LAND_2083;x
2164;164;224;229;PROV_NSM_LAND_2084;x
2165;164;227;36;PROV_NSM_LAND_2085;x
2166;165;35;95;PROV_NSM_LAND_2086;x
2167;165;39;129;PROV_NSM_LAND_2087;x
2168;165;78;75;PROV_NSM_LAND_2088;x
2169;165;92;103;PROV_NSM_LAND_2089;x
2170;165;104;85;PROV_NSM_LAND_2090;x
2171;165;117;151;PROV_NSM_LAND_2091;x
2172;165;122;89;PROV_NSM_LAND_2092;x
2173;165;125;71;PROV_NSM_LAND_2093;x
2174;165;125;76;PROV_NSM_LAND_2094;x
2175;165;126;121;PROV_NSM_LAND_2095;x
2176;165;141;151;PROV_NSM_LAND_2096;x
2177;165;158;145;PROV_NSM_LAND_2097;x
2178;165;184;50;PROV_NSM_LAND_2098;x
2179;165;196;205;PROV_NSM_LAND_2099;x
2180;165;206;229;PROV_NSM_LAND_2100;x
2181;165;212;53;PROV_NSM_LAND_2101;x
2182;165;216;62;PROV_NSM_LAND_2102;x
2183;165;243;181;PROV_NSM_LAND_2103;x
2184;165;245;104;PROV_NSM_LAND_2104;x
2185;166;41;159;PROV_NSM_LAND_2105;x
2186;166;42;127;PROV_NSM_LAND_2106;x
2187;166;55;199;PROV_NSM_LAND_2107;x
2188;166;61;182;PROV_NSM_LAND_2108;x
2189;166;71;88;PROV_NSM_LAND_2109;x
2190;166;85;35;PROV_NSM_LAND_2110;x
2191;166;96;182;PROV_NSM_LAND_2111;x
2192;166;100;200;PROV_NSM_LAND_2112;x
2193;166;123;130;PROV_NSM_LAND_2113;x
2194;166;129;70;PROV_NSM_LAND_2114;x
2195;166;147;66;PROV_NSM_LAND_2115;x
2196;166;155;104;PROV_NSM_LAND_2116;x
2197;166;166;85;PROV_NSM_LAND_2117;x
2198;166;172;53;PROV_NSM_LAND_2118;x
2199;166;174;120;PROV_NSM_LAND_2119;x
2200;166;176;131;PROV_NSM_LAND_2120;x
2201;166;183;36;PROV_NSM_LAND_2121;x
2202;166;202;219;PROV_NSM_LAND_2122;x
2203;166;208;38;PROV_NSM_LAND_2123;x
2204;166;214;92;PROV_NSM_LAND_2124;x
2205;166;228;155;PROV_NSM_LAND_2125;x
2206;166;241;125;PROV_NSM_LAND_2126;x
2207;167;58;177;PROV_NSM_LAND_2127;x
2208;167;62;70;PROV_NSM_LAND_2128;x
2209;167;89;73;PROV_NSM_LAND_2129;x
2210;167;102;70;PROV_NSM_LAND_2130;x
2211;167;112;72;PROV_NSM_LAND_2131;x
2212;167;114;71;PROV_NSM_LAND_2132;x
2213;167;134;161;PROV_NSM_LAND_2133;x
2214;167;148;48;PROV_NSM_LAND_2134;x
2215;167;153;57;PROV_NSM_LAND_2135;x
2216;167;165;137;PROV_NSM_LAND_2136;x
2217;167;189;219;PROV_NSM_LAND_2137;x
2218;167;203;164;PROV_NSM_LAND_2138;x
2219;167;208;242;PROV_NSM_LAND_2139;x
2220;167;215;196;PROV_NSM_LAND_2140;x
2221;167;245;179;PROV_NSM_LAND_2141;x
2222;168;37;57;PROV_NSM_LAND_2142;x
2223;168;42;64;PROV_NSM_LAND_2143;x
2224;168;47;182;PROV_NSM_LAND_2144;x
2225;168;51;89;PROV_NSM_LAND_2145;x
2226;168;54;197;PROV_NSM_LAND_2146;x
2227;168;112;166;PROV_NSM_LAND_2147;x
2228;168;121;91;PROV_NSM_LAND_2148;x
2229;168;122;202;PROV_NSM_LAND_2149;x
2230;168;138;125;PROV_NSM_LAND_2150;x
2231;168;154;143;PROV_NSM_LAND_2151;x
2232;168;170;175;PROV_NSM_LAND_2152;x
2233;168;175;168;PROV_NSM_LAND_2153;x
2234;168;192;193;PROV_NSM_LAND_2154;x
2235;168;195;99;PROV_NSM_LAND_2155;x
2236;168;213;235;PROV_NSM_LAND_2156;x
2237;168;216;143;PROV_NSM_LAND_2157;x
2238;168;218;103;PROV_NSM_LAND_2158;x
2239;168;229;74;PROV_NSM_LAND_2159;x
2240;168;231;194;PROV_NSM_LAND_2160;x
2241;168;233;88;PROV_NSM_LAND_2161;x
2242;168;234;226;PROV_NSM_LAND_2162;x
2243;168;235;36;PROV_NSM_LAND_2163;x
2244;168;236;122;PROV_NSM_LAND_2164;x
2245;169;44;164;PROV_NSM_LAND_2165;x
2246;169;45;143;PROV_NSM_LAND_2166;x
2247;169;48;175;PROV_NSM_LAND_2167;x
2248;169;66;69;PROV_NSM_LAND_2168;x
2249;169;90;80;PROV_NSM_LAND_2169;x
2250;169;110;69;PROV_NSM_LAND_2170;x
2251;169;120;64;PROV_NSM_LAND_2171;x
2252;169;120;188;PROV_NSM_LAND_2172;x
2253;169;125;160;PROV_NSM_LAND_2173;x
2254;169;126;158;PROV_NSM_LAND_2174;x
2255;169;138;63;PROV_NSM_LAND_2175;x
2256;169;150;179;PROV_NSM_LAND_2176;x
2257;169;150;190;PROV_NSM_LAND_2177;x
2258;169;154;69;PROV_NSM_LAND_2178;x
2259;169;158;198;PROV_NSM_LAND_2179;x
2260;169;183;169;PROV_NSM_LAND_2180;x
2261;169;184;172;PROV_NSM_LAND_2181;x
2262;169;214;97;PROV_NSM_LAND_2182;x
2263;169;235;40;PROV_NSM_LAND_2183;x
2264;169;236;53;PROV_NSM_LAND_2184;x
2265;170;50;143;PROV_NSM_LAND_2185;x
2266;170;68;79;PROV_NSM_LAND_2186;x
2267;170;69;202;PROV_NSM_LAND_2187;x
2268;170;75;82;PROV_NSM_LAND_2188;x
2269;170;80;51;PROV_NSM_LAND_2189;x
2270;170;91;47;PROV_NSM_LAND_2190;x
2271;170;94;170;PROV_NSM_LAND_2191;x
2272;170;109;105;PROV_NSM_LAND_2192;x
2273;170;135;71;PROV_NSM_LAND_2193;x
2274;170;153;156;PROV_NSM_LAND_2194;x
2275;170;181;69;PROV_NSM_LAND_2195;x
2276;170;183;84;PROV_NSM_LAND_2196;x
2277;170;201;43;PROV_NSM_LAND_2197;x
2278;170;205;97;PROV_NSM_LAND_2198;x
2279;170;217;195;PROV_NSM_LAND_2199;x
2280;170;228;45;PROV_NSM_LAND_2200;x
2281;170;228;116;PROV_NSM_LAND_2201;x
2282;170;229;127;PROV_NSM_LAND_2202;x
2283;171;47;167;PROV_NSM_LAND_2203;x
2284;171;53;184;PROV_NSM_LAND_2204;x
2285;171;58;193;PROV_NSM_LAND_2205;x
2286;171;61;103;PROV_NSM_LAND_2206;x
2287;171;67;46;PROV_NSM_LAND_2207;x
2288;171;67;66;PROV_NSM_LAND_2208;x
2289;171;99;201;PROV_NSM_LAND_2209;x
2290;171;100;157;PROV_NSM_LAND_2210;x
2291;171;104;202;PROV_NSM_LAND_2211;x
2292;171;106;53;PROV_NSM_LAND_2212;x
2293;171;122;180;PROV_NSM_LAND_2213;x
2294;171;131;145;PROV_NSM_LAND_2214;x
2295;171;133;94;PROV_NSM_LAND_2215;x
2296;171;138;133;PROV_NSM_LAND_2216;x
2297;171;154;106;PROV_NSM_LAND_2217;x
2298;171;157;58;PROV_NSM_LAND_2218;x
2299;171;160;186;PROV_NSM_LAND_2219;x
2300;171;175;87;PROV_NSM_LAND_2220;x
2301;171;175;105;PROV_NSM_LAND_2221;x
2302;171;186;215;PROV_NSM_LAND_2222;x
2303;171;201;119;PROV_NSM_LAND_2223;x
2304;171;211;223;PROV_NSM_LAND_2224;x
2305;171;214;125;PROV_NSM_LAND_2225;x
2306;171;214;216;PROV_NSM_LAND_2226;x
2307;171;224;201;PROV_NSM_LAND_2227;x
2308;171;235;119;PROV_NSM_LAND_2228;x
2309;172;69;73;PROV_NSM_LAND_2229;x
2310;172;97;137;PROV_NSM_LAND_2230;x
2311;172;105;147;PROV_NSM_LAND_2231;x
2312;172;110;127;PROV_NSM_LAND_2232;x
2313;172;127;160;PROV_NSM_LAND_2233;x
2314;172;135;122;PROV_NSM_LAND_2234;x
2315;172;136;154;PROV_NSM_LAND_2235;x
2316;172;136;197;PROV_NSM_LAND_2236;x
2317;172;149;75;PROV_NSM_LAND_2237;x
2318;172;159;86;PROV_NSM_LAND_2238;x
2319;172;171;39;PROV_NSM_LAND_2239;x
2320;172;188;130;PROV_NSM_LAND_2240;x
2321;172;194;47;PROV_NSM_LAND_2241;x
2322;172;207;73;PROV_NSM_LAND_2242;x
2323;172;214;151;PROV_NSM_LAND_2243;x
2324;172;226;114;PROV_NSM_LAND_2244;x
2325;173;52;204;PROV_NSM_LAND_2245;x
2326;173;60;65;PROV_NSM_LAND_2246;x
2327;173;68;59;PROV_NSM_LAND_2247;x
2328;173;75;191;PROV_NSM_LAND_2248;x
2329;173;82;108;PROV_NSM_LAND_2249;x
2330;173;89;185;PROV_NSM_LAND_2250;x
2331;173;104;42;PROV_NSM_LAND_2251;x
2332;173;104;178;PROV_NSM_LAND_2252;x
2333;173;105;137;PROV_NSM_LAND_2253;x
2334;173;120;173;PROV_NSM_LAND_2254;x
2335;173;136;208;PROV_NSM_LAND_2255;x
2336;173;149;148;PROV_NSM_LAND_2256;x
2337;173;151;81;PROV_NSM_LAND_2257;x
2338;173;172;190;PROV_NSM_LAND_2258;x
2339;173;189;153;PROV_NSM_LAND_2259;x
2340;173;210;151;PROV_NSM_LAND_2260;x
2341;173;216;161;PROV_NSM_LAND_2261;x
2342;173;217;193;PROV_NSM_LAND_2262;x
2343;173;221;217;PROV_NSM_LAND_2263;x
2344;173;234;48;PROV_NSM_LAND_2264;x
2345;173;239;101;PROV_NSM_LAND_2265;x
2346;174;42;63;PROV_NSM_LAND_2266;x
2347;174;61;193;PROV_NSM_LAND_2267;x
2348;174;63;167;PROV_NSM_LAND_2268;x
2349;174;64;140;PROV_NSM_LAND_2269;x
2350;174;66;62;PROV_NSM_LAND_2270;x
2351;174;70;181;PROV_NSM_LAND_2271;x
2352;174;79;184;PROV_NSM_LAND_2272;x
2353;174;81;47;PROV_NSM_LAND_2273;x
2354;174;86;139;PROV_NSM_LAND_2274;x
2355;174;92;201;PROV_NSM_LAND_2275;x
2356;174;109;77;PROV_NSM_LAND_2276;x
2357;174;134;172;PROV_NSM_LAND_2277;x
2358;174;135;96;PROV_NSM_LAND_2278;x
2359;174;146;94;PROV_NSM_LAND_2279;x
2360;174;150;83;PROV_NSM_LAND_2280;x
2361;174;154;84;PROV_NSM_LAND_2281;x
2362;174;156;53;PROV_NSM_LAND_2282;x
2363;174;173;124;PROV_NSM_LAND_2283;x
2364;174;174;105;PROV_NSM_LAND_2284;x
2365;174;181;139;PROV_NSM_LAND_2285;x
2366;174;186;37;PROV_NSM_LAND_2286;x
2367;174;188;165;PROV_NSM_LAND_2287;x
2368;174;189;109;PROV_NSM_LAND_2288;x
2369;174;190;91;PROV_NSM_LAND_2289;x
2370;174;196;182;PROV_NSM_LAND_2290;x
2371;174;202;169;PROV_NSM_LAND_2291;x
2372;174;207;111;PROV_NSM_LAND_2292;x
2373;174;221;71;PROV_NSM_LAND_2293;x
2374;174;224;195;PROV_NSM_LAND_2294;x
2375;174;225;138;PROV_NSM_LAND_2295;x
2376;174;226;116;PROV_NSM_LAND_2296;x
2377;174;234;160;PROV_NSM_LAND_2297;x
2378;175;43;50;PROV_NSM_LAND_2298;x
2379;175;43;58;PROV_NSM_LAND_2299;x
2380;175;51;166;PROV_NSM_LAND_2300;x
2381;175;52;190;PROV_NSM_LAND_2301;x
2382;175;60;149;PROV_NSM_LAND_2302;x
2383;175;63;120;PROV_NSM_LAND_2303;x
2384;175;75;183;PROV_NSM_LAND_2304;x
2385;175;81;93;PROV_NSM_LAND_2305;x
2386;175;103;116;PROV_NSM_LAND_2306;x
2387;175;104;119;PROV_NSM_LAND_2307;x
2388;175;120;69;PROV_NSM_LAND_2308;x
2389;175;120;85;PROV_NSM_LAND_2309;x
2390;175;125;148;PROV_NSM_LAND_2310;x
2391;175;125;205;PROV_NSM_LAND_2311;x
2392;175;133;185;PROV_NSM_LAND_2312;x
2393;175;143;107;PROV_NSM_LAND_2313;x
2394;175;147;126;PROV_NSM_LAND_2314;x
2395;175;166;69;PROV_NSM_LAND_2315;x
2396;175;179;74;PROV_NSM_LAND_2316;x
2397;175;185;69;PROV_NSM_LAND_2317;x
2398;175;197;160;PROV_NSM_LAND_2318;x
2399;175;213;191;PROV_NSM_LAND_2319;x
2400;175;221;57;PROV_NSM_LAND_2320;x
2401;176;40;81;PROV_NSM_LAND_2321;x
2402;176;97;83;PROV_NSM_LAND_2322;x
2403;176;99;200;PROV_NSM_LAND_2323;x
2404;176;101;91;PROV_NSM_LAND_2324;x
2405;176;105;100;PROV_NSM_LAND_2325;x
2406;176;108;191;PROV_NSM_LAND_2326;x
2407;176;123;186;PROV_NSM_LAND_2327;x
2408;176;148;74;PROV_NSM_LAND_2328;x
2409;176;155;160;PROV_NSM_LAND_2329;x
2410;176;156;151;PROV_NSM_LAND_2330;x
2411;176;167;120;PROV_NSM_LAND_2331;x
2412;176;181;204;PROV_NSM_LAND_2332;x
2413;176;211;110;PROV_NSM_LAND_2333;x
2414;177;41;82;PROV_NSM_LAND_2334;x
2415;177;58;191;PROV_NSM_LAND_2335;x
2416;177;90;104;PROV_NSM_LAND_2336;x
2417;177;98;140;PROV_NSM_LAND_2337;x
2418;177;101;169;PROV_NSM_LAND_2338;x
2419;177;104;180;PROV_NSM_LAND_2339;x
2420;177;107;193;PROV_NSM_LAND_2340;x
2421;177;108;145;PROV_NSM_LAND_2341;x
2422;177;118;112;PROV_NSM_LAND_2342;x
2423;177;121;157;PROV_NSM_LAND_2343;x
2424;177;121;168;PROV_NSM_LAND_2344;x
2425;177;123;192;PROV_NSM_LAND_2345;x
2426;177;175;209;PROV_NSM_LAND_2346;x
2427;177;176;54;PROV_NSM_LAND_2347;x
2428;177;188;219;PROV_NSM_LAND_2348;x
2429;177;211;156;PROV_NSM_LAND_2349;x
2430;177;225;217;PROV_NSM_LAND_2350;x
2431;177;233;67;PROV_NSM_LAND_2351;x
2432;177;237;88;PROV_NSM_LAND_2352;x
2433;177;243;129;PROV_NSM_LAND_2353;x
2434;178;40;59;PROV_NSM_LAND_2354;x
2435;178;55;119;PROV_NSM_LAND_2355;x
2436;178;61;174;PROV_NSM_LAND_2356;x
2437;178;70;62;PROV_NSM_LAND_2357;x
2438;178;86;143;PROV_NSM_LAND_2358;x
2439;178;87;123;PROV_NSM_LAND_2359;x
2440;178;92;129;PROV_NSM_LAND_2360;x
2441;178;111;114;PROV_NSM_LAND_2361;x
2442;178;121;158;PROV_NSM_LAND_2362;x
2443;178;122;44;PROV_NSM_LAND_2363;x
2444;178;127;207;PROV_NSM_LAND_2364;x
2445;178;134;174;PROV_NSM_LAND_2365;x
2446;178;149;53;PROV_NSM_LAND_2366;x
2447;178;154;82;PROV_NSM_LAND_2367;x
2448;178;173;137;PROV_NSM_LAND_2368;x
2449;178;176;205;PROV_NSM_LAND_2369;x
2450;178;177;176;PROV_NSM_LAND_2370;x
2451;178;185;65;PROV_NSM_LAND_2371;x
2452;178;196;35;PROV_NSM_LAND_2372;x
2453;178;200;218;PROV_NSM_LAND_2373;x
2454;178;205;221;PROV_NSM_LAND_2374;x
2455;178;210;150;PROV_NSM_LAND_2375;x
2456;178;211;147;PROV_NSM_LAND_2376;x
2457;178;225;54;PROV_NSM_LAND_2377;x
2458;178;233;241;PROV_NSM_LAND_2378;x
2459;178;237;123;PROV_NSM_LAND_2379;x
2460;178;241;223;PROV_NSM_LAND_2380;x
2461;178;244;114;PROV_NSM_LAND_2381;x
2462;179;45;69;PROV_NSM_LAND_2382;x
2463;179;45;177;PROV_NSM_LAND_2383;x
2464;179;45;200;PROV_NSM_LAND_2384;x
2465;179;60;35;PROV_NSM_LAND_2385;x
2466;179;62;205;PROV_NSM_LAND_2386;x
2467;179;76;208;PROV_NSM_LAND_2387;x
2468;179;77;194;PROV_NSM_LAND_2388;x
2469;179;93;126;PROV_NSM_LAND_2389;x
2470;179;108;66;PROV_NSM_LAND_2390;x
2471;179;158;60;PROV_NSM_LAND_2391;x
2472;179;159;53;PROV_NSM_LAND_2392;x
2473;179;159;54;PROV_NSM_LAND_2393;x
2474;179;176;165;PROV_NSM_LAND_2394;x
2475;179;198;133;PROV_NSM_LAND_2395;x
2476;179;211;158;PROV_NSM_LAND_2396;x
2477;179;214;183;PROV_NSM_LAND_2397;x
2478;179;233;85;PROV_NSM_LAND_2398;x
2479;179;235;85;PROV_NSM_LAND_2399;x
2480;180;36;69;PROV_NSM_LAND_2400;x
2481;180;100;186;PROV_NSM_LAND_2401;x
2482;180;122;149;PROV_NSM_LAND_2402;x
2483;180;127;67;PROV_NSM_LAND_2403;x
2484;180;131;193;PROV_NSM_LAND_2404;x
2485;180;143;146;PROV_NSM_LAND_2405;x
2486;180;151;79;PROV_NSM_LAND_2406;x
2487;180;166;153;PROV_NSM_LAND_2407;x
2488;180;171;104;PROV_NSM_LAND_2408;x
2489;180;171;206;PROV_NSM_LAND_2409;x
2490;180;185;112;PROV_NSM_LAND_2410;x
2491;180;193;53;PROV_NSM_LAND_2411;x
2492;180;211;210;PROV_NSM_LAND_2412;x
2493;180;217;41;PROV_NSM_LAND_2413;x
2494;180;238;221;PROV_NSM_LAND_2414;x
2495;181;41;83;PROV_NSM_LAND_2415;x
2496;181;55;214;PROV_NSM_LAND_2416;x
2497;181;58;135;PROV_NSM_LAND_2417;x
2498;181;100;207;PROV_NSM_LAND_2418;x
2499;181;111;174;PROV_NSM_LAND_2419;x
2500;181;126;153;PROV_NSM_LAND_2420;x
2501;181;127;130;PROV_NSM_LAND_2421;x
2502;181;128;89;PROV_NSM_LAND_2422;x
2503;181;129;152;PROV_NSM_LAND_2423;x
2504;181;136;166;PROV_NSM_LAND_2424;x
2505;181;140;204;PROV_NSM_LAND_2425;x
2506;181;162;101;PROV_NSM_LAND_2426;x
2507;181;190;116;PROV_NSM_LAND_2427;x
2508;181;195;109;PROV_NSM_LAND_2428;x
2509;181;196;131;PROV_NSM_LAND_2429;x
2510;181;196;171;PROV_NSM_LAND_2430;x
2511;181;215;154;PROV_NSM_LAND_2431;x
2512;181;217;232;PROV_NSM_LAND_2432;x
2513;181;223;84;PROV_NSM_LAND_2433;x
2514;181;228;119;PROV_NSM_LAND_2434;x
2515;181;239;162;PROV_NSM_LAND_2435;x
2516;182;43;120;PROV_NSM_LAND_2436;x
2517;182;49;113;PROV_NSM_LAND_2437;x
2518;182;63;50;PROV_NSM_LAND_2438;x
2519;182;93;37;PROV_NSM_LAND_2439;x
2520;182;125;109;PROV_NSM_LAND_2440;x
2521;182;138;46;PROV_NSM_LAND_2441;x
2522;182;138;119;PROV_NSM_LAND_2442;x
2523;182;141;203;PROV_NSM_LAND_2443;x
2524;182;144;72;PROV_NSM_LAND_2444;x
2525;182;159;191;PROV_NSM_LAND_2445;x
2526;182;160;81;PROV_NSM_LAND_2446;x
2527;182;165;70;PROV_NSM_LAND_2447;x
2528;182;190;199;PROV_NSM_LAND_2448;x
2529;182;192;177;PROV_NSM_LAND_2449;x
2530;182;196;61;PROV_NSM_LAND_2450;x
2531;182;207;98;PROV_NSM_LAND_2451;x
2532;182;220;81;PROV_NSM_LAND_2452;x
2533;182;220;235;PROV_NSM_LAND_2453;x
2534;182;228;193;PROV_NSM_LAND_2454;x
2535;183;43;88;PROV_NSM_LAND_2455;x
2536;183;50;83;PROV_NSM_LAND_2456;x
2537;183;55;217;PROV_NSM_LAND_2457;x
2538;183;64;163;PROV_NSM_LAND_2458;x
2539;183;70;83;PROV_NSM_LAND_2459;x
2540;183;77;135;PROV_NSM_LAND_2460;x
2541;183;89;169;PROV_NSM_LAND_2461;x
2542;183;126;101;PROV_NSM_LAND_2462;x
2543;183;151;86;PROV_NSM_LAND_2463;x
2544;183;165;55;PROV_NSM_LAND_2464;x
2545;183;179;51;PROV_NSM_LAND_2465;x
2546;183;187;133;PROV_NSM_LAND_2466;x
2547;183;189;121;PROV_NSM_LAND_2467;x
2548;183;211;143;PROV_NSM_LAND_2468;x
2549;183;214;48;PROV_NSM_LAND_2469;x
2550;183;236;107;PROV_NSM_LAND_2470;x
2551;183;237;203;PROV_NSM_LAND_2471;x
2552;183;240;43;PROV_NSM_LAND_2472;x
2553;183;243;110;PROV_NSM_LAND_2473;x
2554;183;244;117;PROV_NSM_LAND_2474;x
2555;184;44;58;PROV_NSM_LAND_2475;x
2556;184;52;60;PROV_NSM_LAND_2476;x
2557;184;80;132;PROV_NSM_LAND_2477;x
2558;184;86;183;PROV_NSM_LAND_2478;x
2559;184;109;127;PROV_NSM_LAND_2479;x
2560;184;115;75;PROV_NSM_LAND_2480;x
2561;184;117;113;PROV_NSM_LAND_2481;x
2562;184;126;136;PROV_NSM_LAND_2482;x
2563;184;129;155;PROV_NSM_LAND_2483;x
2564;184;140;127;PROV_NSM_LAND_2484;x
2565;184;174;182;PROV_NSM_LAND_2485;x
2566;184;181;66;PROV_NSM_LAND_2486;x
2567;184;184;182;PROV_NSM_LAND_2487;x
2568;184;192;210;PROV_NSM_LAND_2488;x
2569;184;193;185;PROV_NSM_LAND_2489;x
2570;184;194;92;PROV_NSM_LAND_2490;x
2571;184;205;113;PROV_NSM_LAND_2491;x
2572;184;209;231;PROV_NSM_LAND_2492;x
2573;184;218;137;PROV_NSM_LAND_2493;x
2574;184;222;133;PROV_NSM_LAND_2494;x
2575;184;225;115;PROV_NSM_LAND_2495;x
2576;185;40;76;PROV_NSM_LAND_2496;x
2577;185;41;128;PROV_NSM_LAND_2497;x
2578;185;62;186;PROV_NSM_LAND_2498;x
2579;185;70;158;PROV_NSM_LAND_2499;x
2580;185;90;104;PROV_NSM_LAND_2500;x
2581;185;104;67;PROV_NSM_LAND_2501;x
2582;185;116;137;PROV_NSM_LAND_2502;x
2583;185;126;48;PROV_NSM_LAND_2503;x
2584;185;132;67;PROV_NSM_LAND_2504;x
2585;185;133;67;PROV_NSM_LAND_2505;x
2586;185;153;187;PROV_NSM_LAND_2506;x
2587;185;160;127;PROV_NSM_LAND_2507;x
2588;185;164;165;PROV_NSM_LAND_2508;x
2589;185;172;161;PROV_NSM_LAND_2509;x
2590;185;179;172;PROV_NSM_LAND_2510;x
2591;185;187;132;PROV_NSM_LAND_2511;x
2592;185;195;162;PROV_NSM_LAND_2512;x
2593;185;196;197;PROV_NSM_LAND_2513;x
2594;185;203;104;PROV_NSM_LAND_2514;x
2595;185;216;177;PROV_NSM_LAND_2515;x
2596;185;231;55;PROV_NSM_LAND_2516;x
2597;185;232;137;PROV_NSM_LAND_2517;x
2598;185;235;156;PROV_NSM_LAND_2518;x
2599;186;52;60;PROV_NSM_LAND_2519;x
2600;186;67;87;PROV_NSM_LAND_2520;x
2601;186;71;147;PROV_NSM_LAND_2521;x
2602;186;77;97;PROV_NSM_LAND_2522;x
2603;186;77;128;PROV_NSM_LAND_2523;x
2604;186;87;88;PROV_NSM_LAND_2524;x
2605;186;92;64;PROV_NSM_LAND_2525;x
2606;186;93;116;PROV_NSM_LAND_2526;x
2607;186;93;131;PROV_NSM_LAND_2527;x
2608;186;97;186;PROV_NSM_LAND_2528;x
2609;186;100;69;PROV_NSM_LAND_2529;x
2610;186;133;160;PROV_NSM_LAND_2530;x
2611;186;140;141;PROV_NSM_LAND_2531;x
2612;186;152;53;PROV_NSM_LAND_2532;x
2613;186;161;141;PROV_NSM_LAND_2533;x
2614;186;161;190;PROV_NSM_LAND_2534;x
2615;186;169;153;PROV_NSM_LAND_2535;x
2616;186;188;112;PROV_NSM_LAND_2536;x
2617;186;198;35;PROV_NSM_LAND_2537;x
2618;186;233;49;PROV_NSM_LAND_2538;x
2619;186;235;72;PROV_NSM_LAND_2539;x
2620;186;240;242;PROV_NSM_LAND_2540;x
2621;187;40;133;PROV_NSM_LAND_2541;x
2622;187;51;82;PROV_NSM_LAND_2542;x
2623;187;99;138;PROV_NSM_LAND_2543;x
2624;187;104;145;PROV_NSM_LAND_2544;x
2625;187;109;177;PROV_NSM_LAND_2545;x
2626;187;130;213;PROV_NSM_LAND_2546;x
2627;187;136;36;PROV_NSM_LAND_2547;x
2628;187;157;183;PROV_NSM_LAND_2548;x
2629;187;167;171;PROV_NSM_LAND_2549;x
2630;187;168;215;PROV_NSM_LAND_2550;x
2631;187;170;167;PROV_NSM_LAND_2551;x
2632;187;203;233;PROV_NSM_LAND_2552;x
2633;187;212;188;PROV_NSM_LAND_2553;x
2634;187;215;218;PROV_NSM_LAND_2554;x
2635;187;220;69;PROV_NSM_LAND_2555;x
2636;187;224;189;PROV_NSM_LAND_2556;x
2637;188;36;131;PROV_NSM_LAND_2557;x
2638;188;38;179;PROV_NSM_LAND_2558;x
2639;188;55;188;PROV_NSM_LAND_2559;x
2640;188;56;182;PROV_NSM_LAND_2560;x
2641;188;99;93;PROV_NSM_LAND_2561;x
2642;188;108;189;PROV_NSM_LAND_2562;x
2643;188;120;191;PROV_NSM_LAND_2563;x
2644;188;139;192;PROV_NSM_LAND_2564;x
2645;188;155;117;PROV_NSM_LAND_2565;x
2646;188;178;78;PROV_NSM_LAND_2566;x
2647;188;181;37;PROV_NSM_LAND_2567;x
2648;188;183;210;PROV_NSM_LAND_2568;x
2649;188;185;44;PROV_NSM_LAND_2569;x
2650;188;186;162;PROV_NSM_LAND_2570;x
2651;188;196;69;PROV_NSM_LAND_2571;x
2652;188;221;86;PROV_NSM_LAND_2572;x
2653;188;238;175;PROV_NSM_LAND_2573;x
2654;189;51;47;PROV_NSM_LAND_2574;x
2655;189;56;104;PROV_NSM_LAND_2575;x
2656;189;64;110;PROV_NSM_LAND_2576;x
2657;189;72;102;PROV_NSM_LAND_2577;x
2658;189;76;119;PROV_NSM_LAND_2578;x
2659;189;77;55;PROV_NSM_LAND_2579;x
2660;189;82;40;PROV_NSM_LAND_2580;x
2661;189;89;146;PROV_NSM_LAND_2581;x
2662;189;107;157;PROV_NSM_LAND_2582;x
2663;189;122;54;PROV_NSM_LAND_2583;x
2664;189;139;164;PROV_NSM_LAND_2584;x
2665;189;144;73;PROV_NSM_LAND_2585;x
2666;189;146;48;PROV_NSM_LAND_2586;x
2667;189;173;135;PROV_NSM_LAND_2587;x
2668;189;175;98;PROV_NSM_LAND_2588;x
2669;189;175;151;PROV_NSM_LAND_2589;x
2670;189;178;83;PROV_NSM_LAND_2590;x
2671;189;194;37;PROV_NSM_LAND_2591;x
2672;189;195;119;PROV_NSM_LAND_2592;x
2673;189;205;168;PROV_NSM_LAND_2593;x
2674;189;212;148;PROV_NSM_LAND_2594;x
2675;189;218;37;PROV_NSM_LAND_2595;x
2676;189;225;107;PROV_NSM_LAND_2596;x
2677;189;244;158;PROV_NSM_LAND_2597;x
2678;190;39;49;PROV_NSM_LAND_2598;x
2679;190;63;184;PROV_NSM_LAND_2599;x
2680;190;72;81;PROV_NSM_LAND_2600;x
2681;190;76;112;PROV_NSM_LAND_2601;x
2682;190;100;175;PROV_NSM_LAND_2602;x
2683;190;116;136;PROV_NSM_LAND_2603;x
2684;190;123;134;PROV_NSM_LAND_2604;x
2685;190;126;194;PROV_NSM_LAND_2605;x
2686;190;126;224;PROV_NSM_LAND_2606;x
2687;190;132;83;PROV_NSM_LAND_2607;x
2688;190;150;67;PROV_NSM_LAND_2608;x
2689;190;154;153;PROV_NSM_LAND_2609;x
2690;190;159;93;PROV_NSM_LAND_2610;x
2691;190;171;194;PROV_NSM_LAND_2611;x
2692;190;210;229;PROV_NSM_LAND_2612;x
2693;190;214;72;PROV_NSM_LAND_2613;x
2694;190;214;228;PROV_NSM_LAND_2614;x
2695;190;215;52;PROV_NSM_LAND_2615;x
2696;190;242;53;PROV_NSM_LAND_2616;x
2697;191;62;52;PROV_NSM_LAND_2617;x
2698;191;65;66;PROV_NSM_LAND_2618;x
2699;191;66;200;PROV_NSM_LAND_2619;x
2700;191;78;222;PROV_NSM_LAND_2620;x
2701;191;94;186;PROV_NSM_LAND_2621;x
2702;191;112;92;PROV_NSM_LAND_2622;x
2703;191;113;179;PROV_NSM_LAND_2623;x
2704;191;135;131;PROV_NSM_LAND_2624;x
2705;191;144;111;PROV_NSM_LAND_2625;x
2706;191;160;96;PROV_NSM_LAND_2626;x
2707;191;162;129;PROV_NSM_LAND_2627;x
2708;191;163;100;PROV_NSM_LAND_2628;x
2709;191;164;123;PROV_NSM_LAND_2629;x
2710;191;175;207;PROV_NSM_LAND_2630;x
2711;191;186;60;PROV_NSM_LAND_2631;x
2712;191;186;110;PROV_NSM_LAND_2632;x
2713;191;190;101;PROV_NSM_LAND_2633;x
2714;191;195;212;PROV_NSM_LAND_2634;x
2715;191;217;185;PROV_NSM_LAND_2635;x
2716;191;225;218;PROV_NSM_LAND_2636;x
2717;191;228;83;PROV_NSM_LAND_2637;x
2718;191;235;147;PROV_NSM_LAND_2638;x
2719;192;38;145;PROV_NSM_LAND_2639;x
2720;192;62;194;PROV_NSM_LAND_2640;x
2721;192;65;50;PROV_NSM_LAND_2641;x
2722;192;67;195;PROV_NSM_LAND_2642;x
2723;192;71;126;PROV_NSM_LAND_2643;x
2724;192;74;36;PROV_NSM_LAND_2644;x
2725;192;92;179;PROV_NSM_LAND_2645;x
2726;192;116;144;PROV_NSM_LAND_2646;x
2727;192;117;189;PROV_NSM_LAND_2647;x
2728;192;121;167;PROV_NSM_LAND_2648;x
2729;192;142;50;PROV_NSM_LAND_2649;x
2730;192;143;126;PROV_NSM_LAND_2650;x
2731;192;148;77;PROV_NSM_LAND_2651;x
2732;192;156;201;PROV_NSM_LAND_2652;x
2733;192;159;112;PROV_NSM_LAND_2653;x
2734;192;162;153;PROV_NSM_LAND_2654;x
2735;192;196;52;PROV_NSM_LAND_2655;x
2736;192;198;91;PROV_NSM_LAND_2656;x
2737;192;200;131;PROV_NSM_LAND_2657;x
2738;192;200;211;PROV_NSM_LAND_2658;x
2739;192;202;206;PROV_NSM_LAND_2659;x
2740;192;211;61;PROV_NSM_LAND_2660;x
2741;192;223;150;PROV_NSM_LAND_2661;x
2742;192;230;110;PROV_NSM_LAND_2662;x
2743;192;243;182;PROV_NSM_LAND_2663;x
2744;192;244;146;PROV_NSM_LAND_2664;x
2745;193;43;135;PROV_NSM_LAND_2665;x
2746;193;52;44;PROV_NSM_LAND_2666;x
2747;193;60;92;PROV_NSM_LAND_2667;x
2748;193;68;157;PROV_NSM_LAND_2668;x
2749;193;83;156;PROV_NSM_LAND_2669;x
2750;193;89;146;PROV_NSM_LAND_2670;x
2751;193;122;158;PROV_NSM_LAND_2671;x
2752;193;128;105;PROV_NSM_LAND_2672;x
2753;193;140;119;PROV_NSM_LAND_2673;x
2754;193;160;134;PROV_NSM_LAND_2674;x
2755;193;175;148;PROV_NSM_LAND_2675;x
2756;193;190;204;PROV_NSM_LAND_2676;x
2757;193;209;42;PROV_NSM_LAND_2677;x
2758;193;218;121;PROV_NSM_LAND_2678;x
2759;193;223;161;PROV_NSM_LAND_2679;x
2760;193;228;181;PROV_NSM_LAND_2680;x
2761;193;232;199;PROV_NSM_LAND_2681;x
2762;193;235;36;PROV_NSM_LAND_2682;x
2763;193;244;45;PROV_NSM_LAND_2683;x
2764;194;57;199;PROV_NSM_LAND_2684;x
2765;194;75;103;PROV_NSM_LAND_2685;x
2766;194;87;81;PROV_NSM_LAND_2686;x
2767;194;104;54;PROV_NSM_LAND_2687;x
2768;194;106;190;PROV_NSM_LAND_2688;x
2769;194;113;42;PROV_NSM_LAND_2689;x
2770;194;117;191;PROV_NSM_LAND_2690;x
2771;194;127;115;PROV_NSM_LAND_2691;x
2772;194;150;66;PROV_NSM_LAND_2692;x
2773;194;157;57;PROV_NSM_LAND_2693;x
2774;194;175;132;PROV_NSM_LAND_2694;x
2775;194;182;199;PROV_NSM_LAND_2695;x
2776;194;188;54;PROV_NSM_LAND_2696;x
2777;194;195;187;PROV_NSM_LAND_2697;x
2778;194;197;145;PROV_NSM_LAND_2698;x
2779;194;200;70;PROV_NSM_LAND_2699;x
2780;194;210;226;PROV_NSM_LAND_2700;x
2781;194;237;144;PROV_NSM_LAND_2701;x
2782;194;245;72;PROV_NSM_LAND_2702;x
2783;195;52;105;PROV_NSM_LAND_2703;x
2784;195;62;55;PROV_NSM_LAND_2704;x
2785;195;71;189;PROV_NSM_LAND_2705;x
2786;195;76;229;PROV_NSM_LAND_2706;x
2787;195;81;57;PROV_NSM_LAND_2707;x
2788;195;103;97;PROV_NSM_LAND_2708;x
2789;195;129;225;PROV_NSM_LAND_2709;x
2790;195;138;74;PROV_NSM_LAND_2710;x
2791;195;149;144;PROV_NSM_LAND_2711;x
2792;195;157;155;PROV_NSM_LAND_2712;x
2793;195;160;184;PROV_NSM_LAND_2713;x
2794;195;164;195;PROV_NSM_LAND_2714;x
2795;195;167;226;PROV_NSM_LAND_2715;x
2796;195;183;117;PROV_NSM_LAND_2716;x
2797;195;186;119;PROV_NSM_LAND_2717;x
2798;195;188;52;PROV_NSM_LAND_2718;x
2799;195;191;206;PROV_NSM_LAND_2719;x
2800;195;193;38;PROV_NSM_LAND_2720;x
2801;195;196;38;PROV_NSM_LAND_2721;x
2802;195;200;78;PROV_NSM_LAND_2722;x
2803;195;227;232;PROV_NSM_LAND_2723;x
2804;195;231;86;PROV_NSM_LAND_2724;x
2805;195;237;73;PROV_NSM_LAND_2725;x
2806;195;238;58;PROV_NSM_LAND_2726;x
2807;195;241;97;PROV_NSM_LAND_2727;x
2808;195;245;225;PROV_NSM_LAND_2728;x
2809;196;38;97;PROV_NSM_LAND_2729;x
2810;196;43;170;PROV_NSM_LAND_2730;x
2811;196;59;221;PROV_NSM_LAND_2731;x
2812;196;76;200;PROV_NSM_LAND_2732;x
2813;196;79;168;PROV_NSM_LAND_2733;x
2814;196;92;57;PROV_NSM_LAND_2734;x
2815;196;110;78;PROV_NSM_LAND_2735;x
2816;196;123;169;PROV_NSM_LAND_2736;x
2817;196;133;206;PROV_NSM_LAND_2737;x
2818;196;146;203;PROV_NSM_LAND_2738;x
2819;196;153;170;PROV_NSM_LAND_2739;x
2820;196;153;198;PROV_NSM_LAND_2740;x
2821;196;164;185;PROV_NSM_LAND_2741;x
2822;196;186;152;PROV_NSM_LAND_2742;x
2823;196;188;72;PROV_NSM_LAND_2743;x
2824;196;192;155;PROV_NSM_LAND_2744;x
2825;196;194;194;PROV_NSM_LAND_2745;x
2826;196;198;184;PROV_NSM_LAND_2746;x
2827;196;200;204;PROV_NSM_LAND_2747;x
2828;196;203;132;PROV_NSM_LAND_2748;x
2829;196;227;99;PROV_NSM_LAND_2749;x
2830;196;228;91;PROV_NSM_LAND_2750;x
2831;196;231;202;PROV_NSM_LAND_2751;x
2832;196;234;63;PROV_NSM_LAND_2752;x
2833;196;237;93;PROV_NSM_LAND_2753;x
2834;197;61;172;PROV_NSM_LAND_2754;x
2835;197;70;133;PROV_NSM_LAND_2755;x
2836;197;71;60;PROV_NSM_LAND_2756;x
2837;197;72;101;PROV_NSM_LAND_2757;x
2838;197;83;124;PROV_NSM_LAND_2758;x
2839;197;88;124;PROV_NSM_LAND_2759;x
2840;197;106;210;PROV_NSM_LAND_2760;x
2841;197;148;213;PROV_NSM_LAND_2761;x
2842;197;150;64;PROV_NSM_LAND_2762;x
2843;197;177;35;PROV_NSM_LAND_2763;x
2844;197;181;172;PROV_NSM_LAND_2764;x
2845;197;189;200;PROV_NSM_LAND_2765;x
2846;197;207;75;PROV_NSM_LAND_2766;x
2847;197;208;147;PROV_NSM_LAND_2767;x
2848;197;226;187;PROV_NSM_LAND_2768;x
2849;197;227;87;PROV_NSM_LAND_2769;x
2850;197;228;101;PROV_NSM_LAND_2770;x
2851;197;230;119;PROV_NSM_LAND_2771;x
2852;197;244;177;PROV_NSM_LAND_2772;x
2853;198;44;154;PROV_NSM_LAND_2773;x
2854;198;48;133;PROV_NSM_LAND_2774;x
2855;198;53;113;PROV_NSM_LAND_2775;x
2856;198;62;119;PROV_NSM_LAND_2776;x
2857;198;62;180;PROV_NSM_LAND_2777;x
2858;198;75;63;PROV_NSM_LAND_2778;x
2859;198;76;224;PROV_NSM_LAND_2779;x
2860;198;80;118;PROV_NSM_LAND_2780;x
2861;198;81;222;PROV_NSM_LAND_2781;x
2862;198;88;75;PROV_NSM_LAND_2782;x
2863;198;100;62;PROV_NSM_LAND_2783;x
2864;198;107;127;PROV_NSM_LAND_2784;x
2865;198;157;91;PROV_NSM_LAND_2785;x
2866;198;171;219;PROV_NSM_LAND_2786;x
2867;198;187;210;PROV_NSM_LAND_2787;x
2868;198;193;187;PROV_NSM_LAND_2788;x
2869;198;201;188;PROV_NSM_LAND_2789;x
2870;198;213;212;PROV_NSM_LAND_2790;x
2871;198;215;211;PROV_NSM_LAND_2791;x
2872;198;226;243;PROV_NSM_LAND_2792;x
2873;199;39;89;PROV_NSM_LAND_2793;x
2874;199;40;170;PROV_NSM_LAND_2794;x
2875;199;43;103;PROV_NSM_LAND_2795;x
2876;199;71;202;PROV_NSM_LAND_2796;x
2877;199;75;48;PROV_NSM_LAND_2797;x
2878;199;78;196;PROV_NSM_LAND_2798;x
2879;199;81;116;PROV_NSM_LAND_2799;x
2880;199;84;54;PROV_NSM_LAND_2800;x
2881;199;84;56;PROV_NSM_LAND_2801;x
2882;199;86;42;PROV_NSM_LAND_2802;x
2883;199;97;54;PROV_NSM_LAND_2803;x
2884;199;105;223;PROV_NSM_LAND_2804;x
2885;199;120;107;PROV_NSM_LAND_2805;x
2886;199;124;169;PROV_NSM_LAND_2806;x
2887;199;137;155;PROV_NSM_LAND_2807;x
2888;199;149;108;PROV_NSM_LAND_2808;x
2889;199;186;83;PROV_NSM_LAND_2809;x
2890;199;191;177;PROV_NSM_LAND_2810;x
2891;199;209;211;PROV_NSM_LAND_2811;x
2892;199;217;86;PROV_NSM_LAND_2812;x
2893;200;55;225;PROV_NSM_LAND_2813;x
2894;200;60;91;PROV_NSM_LAND_2814;x
2895;200;75;111;PROV_NSM_LAND_2815;x
2896;200;76;110;PROV_NSM_LAND_2816;x
2897;200;98;176;PROV_NSM_LAND_2817;x
2898;200;107;203;PROV_NSM_LAND_2818;x
2899;200;110;133;PROV_NSM_LAND_2819;x
2900;200;113;68;PROV_NSM_LAND_2820;x
2901;200;113;74;PROV_NSM_LAND_2821;x
2902;200;128;208;PROV_NSM_LAND_2822;x
2903;200;148;172;PROV_NSM_LAND_2823;x
2904;200;150;123;PROV_NSM_LAND_2824;x
2905;200;182;150;PROV_NSM_LAND_2825;x
2906;200;184;91;PROV_NSM_LAND_2826;x
2907;200;195;69;PROV_NSM_LAND_2827;x
2908;200;203;231;PROV_NSM_LAND_2828;x
2909;200;217;139;PROV_NSM_LAND_2829;x
2910;200;225;154;PROV_NSM_LAND_2830;x
2911;200;231;130;PROV_NSM_LAND_2831;x
2912;201;35;105;PROV_NSM_LAND_2832;x
2913;201;36;203;PROV_NSM_LAND_2833;x
2914;201;37;201;PROV_NSM_LAND_2834;x
2915;201;43;223;PROV_NSM_LAND_2835;x
2916;201;55;128;PROV_NSM_LAND_2836;x
2917;201;63;49;PROV_NSM_LAND_2837;x
2918;201;70;217;PROV_NSM_LAND_2838;x
2919;201;93;134;PROV_NSM_LAND_2839;x
2920;201;97;84;PROV_NSM_LAND_2840;x
2921;201;97;190;PROV_NSM_LAND_2841;x
2922;201;100;96;PROV_NSM_LAND_2842;x
2923;201;102;125;PROV_NSM_LAND_2843;x
2924;201;108;219;PROV_NSM_LAND_2844;x
2925;201;125;163;PROV_NSM_LAND_2845;x
2926;201;130;75;PROV_NSM_LAND_2846;x
2927;201;191;111;PROV_NSM_LAND_2847;x
2928;201;211;163;PROV_NSM_LAND_2848;x
2929;201;224;120;PROV_NSM_LAND_2849;x
2930;201;232;143;PROV_NSM_LAND_2850;x
2931;201;244;188;PROV_NSM_LAND_2851;x
2932;202;39;194;PROV_NSM_LAND_2852;x
2933;202;65;141;PROV_NSM_LAND_2853;x
2934;202;75;139;PROV_NSM_LAND_2854;x
2935;202;75;214;PROV_NSM_LAND_2855;x
2936;202;77;111;PROV_NSM_LAND_2856;x
2937;202;79;207;PROV_NSM_LAND_2857;x
2938;202;83;185;PROV_NSM_LAND_2858;x
2939;202;85;141;PROV_NSM_LAND_2859;x
2940;202;104;44;PROV_NSM_LAND_2860;x
2941;202;105;86;PROV_NSM_LAND_2861;x
2942;202;110;84;PROV_NSM_LAND_2862;x
2943;202;115;51;PROV_NSM_LAND_2863;x
2944;202;116;85;PROV_NSM_LAND_2864;x
2945;202;144;177;PROV_NSM_LAND_2865;x
2946;202;145;152;PROV_NSM_LAND_2866;x
2947;202;151;166;PROV_NSM_LAND_2867;x
2948;202;189;46;PROV_NSM_LAND_2868;x
2949;202;205;61;PROV_NSM_LAND_2869;x
2950;202;207;92;PROV_NSM_LAND_2870;x
2951;202;217;208;PROV_NSM_LAND_2871;x
2952;202;220;149;PROV_NSM_LAND_2872;x
2953;202;233;99;PROV_NSM_LAND_2873;x
2954;203;40;90;PROV_NSM_LAND_2874;x
2955;203;42;149;PROV_NSM_LAND_2875;x
2956;203;49;223;PROV_NSM_LAND_2876;x
2957;203;55;206;PROV_NSM_LAND_2877;x
2958;203;67;215;PROV_NSM_LAND_2878;x
2959;203;77;59;PROV_NSM_LAND_2879;x
2960;203;81;154;PROV_NSM_LAND_2880;x
2961;203;91;65;PROV_NSM_LAND_2881;x
2962;203;104;68;PROV_NSM_LAND_2882;x
2963;203;111;43;PROV_NSM_LAND_2883;x
2964;203;120;100;PROV_NSM_LAND_2884;x
2965;203;126;97;PROV_NSM_LAND_2885;x
2966;203;187;174;PROV_NSM_LAND_2886;x
2967;203;188;218;PROV_NSM_LAND_2887;x
2968;203;218;69;PROV_NSM_LAND_2888;x
2969;203;232;176;PROV_NSM_LAND_2889;x
2970;203;233;237;PROV_NSM_LAND_2890;x
2971;203;240;180;PROV_NSM_LAND_2891;x
2972;203;244;184;PROV_NSM_LAND_2892;x
2973;204;39;231;PROV_NSM_LAND_2893;x
2974;204;42;51;PROV_NSM_LAND_2894;x
2975;204;42;155;PROV_NSM_LAND_2895;x
2976;204;48;112;PROV_NSM_LAND_2896;x
2977;204;76;119;PROV_NSM_LAND_2897;x
2978;204;85;139;PROV_NSM_LAND_2898;x
2979;204;86;120;PROV_NSM_LAND_2899;x
2980;204;105;207;PROV_NSM_LAND_2900;x
2981;204;108;115;PROV_NSM_LAND_2901;x
2982;204;109;151;PROV_NSM_LAND_2902;x
2983;204;120;70;PROV_NSM_LAND_2903;x
2984;204;136;48;PROV_NSM_LAND_2904;x
2985;204;155;196;PROV_NSM_LAND_2905;x
2986;204;157;221;PROV_NSM_LAND_2906;x
2987;204;157;228;PROV_NSM_LAND_2907;x
2988;204;169;41;PROV_NSM_LAND_2908;x
2989;204;194;154;PROV_NSM_LAND_2909;x
2990;204;199;71;PROV_NSM_LAND_2910;x
2991;204;204;198;PROV_NSM_LAND_2911;x
2992;204;208;80;PROV_NSM_LAND_2912;x
2993;204;211;169;PROV_NSM_LAND_2913;x
2994;204;212;230;PROV_NSM_LAND_2914;x
2995;204;238;55;PROV_NSM_LAND_2915;x
2996;205;42;212;PROV_NSM_LAND_2916;x
2997;205;50;225;PROV_NSM_LAND_2917;x
2998;205;52;189;PROV_NSM_LAND_2918;x
2999;205;57;208;PROV_NSM_LAND_2919;x
3000;205;58;138;PROV_NSM_LAND_2920;x
3001;205;58;209;PROV_NSM_LAND_2921;x
3002;205;74;134;PROV_NSM_LAND_2922;x
3003;205;82;97;PROV_NSM_LAND_2923;x
3004;205;89;233;PROV_NSM_LAND_2924;x
3005;205;91;70;PROV_NSM_LAND_2925;x
3006;205;105;79;PROV_NSM_LAND_2926;x
3007;205;110;187;PROV_NSM_LAND_2927;x
3008;205;119;39;PROV_NSM_LAND_2928;x
3009;205;119;172;PROV_NSM_LAND_2929;x
3010;205;127;121;PROV_NSM_LAND_2930;x
3011;205;149;236;PROV_NSM_LAND_2931;x
3012;205;153;133;PROV_NSM_LAND_2932;x
3013;205;157;71;PROV_NSM_LAND_2933;x
3014;205;174;102;PROV_NSM_LAND_2934;x
3015;205;181;123;PROV_NSM_LAND_2935;x
3016;205;182;108;PROV_NSM_LAND_2936;x
3017;205;187;42;PROV_NSM_LAND_2937;x
3018;205;187;213;PROV_NSM_LAND_2938;x
3019;205;188;71;PROV_NSM_LAND_2939;x
3020;205;203;82;PROV_NSM_LAND_2940;x
3021;205;206;169;PROV_NSM_LAND_2941;x
3022;205;217;113;PROV_NSM_LAND_2942;x
3023;206;36;43;PROV_NSM_LAND_2943;x
3024;206;43;239;PROV_NSM_LAND_2944;x
3025;206;49;123;PROV_NSM_LAND_2945;x
3026;206;56;116;PROV_NSM_LAND_2946;x
3027;206;68;121;PROV_NSM_LAND_2947;x
3028;206;68;206;PROV_NSM_LAND_2948;x
3029;206;71;136;PROV_NSM_LAND_2949;x
3030;206;73;151;PROV_NSM_LAND_2950;x
3031;206;82;112;PROV_NSM_LAND_2951;x
3032;206;102;96;PROV_NSM_LAND_2952;x
3033;206;118;36;PROV_NSM_LAND_2953;x
3034;206;128;185;PROV_NSM_LAND_2954;x
3035;206;137;128;PROV_NSM_LAND_2955;x
3036;206;139;104;PROV_NSM_LAND_2956;x
3037;206;141;83;PROV_NSM_LAND_2957;x
3038;206;142;61;PROV_NSM_LAND_2958;x
3039;206;161;151;PROV_NSM_LAND_2959;x
3040;206;171;119;PROV_NSM_LAND_2960;x
3041;206;188;38;PROV_NSM_LAND_2961;x
3042;206;191;234;PROV_NSM_LAND_2962;x
3043;206;194;66;PROV_NSM_LAND_2963;x
3044;206;210;99;PROV_NSM_LAND_2964;x
3045;206;219;212;PROV_NSM_LAND_2965;x
3046;206;222;48;PROV_NSM_LAND_2966;x
3047;206;228;52;PROV_NSM_LAND_2967;x
3048;206;229;192;PROV_NSM_LAND_2968;x
3049;206;231;239;PROV_NSM_LAND_2969;x
3050;206;236;35;PROV_NSM_LAND_2970;x
3051;207;36;47;PROV_NSM_LAND_2971;x
3052;207;54;147;PROV_NSM_LAND_2972;x
3053;207;70;197;PROV_NSM_LAND_2973;x
3054;207;71;39;PROV_NSM_LAND_2974;x
3055;207;77;69;PROV_NSM_LAND_2975;x
3056;207;82;229;PROV_NSM_LAND_2976;x
3057;207;88;78;PROV_NSM_LAND_2977;x
3058;207;99;57;PROV_NSM_LAND_2978;x
3059;207;101;75;PROV_NSM_LAND_2979;x
3060;207;105;57;PROV_NSM_LAND_2980;x
3061;207;106;39;PROV_NSM_LAND_2981;x
3062;207;108;136;PROV_NSM_LAND_2982;x
3063;207;108;228;PROV_NSM_LAND_2983;x
3064;207;118;114;PROV_NSM_LAND_2984;x
3065;207;128;109;PROV_NSM_LAND_2985;x
3066;207;144;81;PROV_NSM_LAND_2986;x
3067;207;151;214;PROV_NSM_LAND_2987;x
3068;207;155;68;PROV_NSM_LAND_2988;x
3069;207;155;131;PROV_NSM_LAND_2989;x
3070;207;162;78;PROV_NSM_LAND_2990;x
3071;207;175;220;PROV_NSM_LAND_2991;x
3072;207;179;128;PROV_NSM_LAND_2992;x
3073;207;207;174;PROV_NSM_LAND_2993;x
3074;207;209;211;PROV_NSM_LAND_2994;x
3075;207;221;175;PROV_NSM_LAND_2995;x
3076;207;224;67;PROV_NSM_LAND_2996;x
3077;207;228;231;PROV_NSM_LAND_2997;x
3078;207;235;140;PROV_NSM_LAND_2998;x
3079;207;238;226;PROV_NSM_LAND_2999;x
3080;207;240;218;PROV_NSM_LAND_3000;x
3081;208;38;165;PROV_NSM_LAND_3001;x
3082;208;53;217;PROV_NSM_LAND_3002;x
3083;208;63;232;PROV_NSM_LAND_3003;x
3084;208;65;233;PROV_NSM_LAND_3004;x
3085;208;72;37;PROV_NSM_LAND_3005;x
3086;208;79;95;PROV_NSM_LAND_3006;x
3087;208;84;61;PROV_NSM_LAND_3007;x
3088;208;88;51;PROV_NSM_LAND_3008;x
3089;208;96;193;PROV_NSM_LAND_3009;x
3090;208;99;156;PROV_NSM_LAND_3010;x
3091;208;114;114;PROV_NSM_LAND_3011;x
3092;208;128;162;PROV_NSM_LAND_3012;x
3093;208;141;224;PROV_NSM_LAND_3013;x
3094;208;147;178;PROV_NSM_LAND_3014;x
3095;208;159;115;PROV_NSM_LAND_3015;x
3096;208;240;243;PROV_NSM_LAND_3016;x
3097;208;245;213;PROV_NSM_LAND_3017;x
3098;209;48;197;PROV_NSM_LAND_3018;x
3099;209;49;43;PROV_NSM_LAND_3019;x
3100;209;68;128;PROV_NSM_LAND_3020;x
3101;209;70;124;PROV_NSM_LAND_3021;x
3102;209;78;132;PROV_NSM_LAND_3022;x
3103;209;86;207;PROV_NSM_LAND_3023;x
3104;209;89;167;PROV_NSM_LAND_3024;x
3105;209;90;182;PROV_NSM_LAND_3025;x
3106;209;90;241;PROV_NSM_LAND_3026;x
3107;209;116;229;PROV_NSM_LAND_3027;x
3108;209;134;221;PROV_NSM_LAND_3028;x
3109;209;136;149;PROV_NSM_LAND_3029;x
3110;209;144;216;PROV_NSM_LAND_3030;x
3111;209;173;191;PROV_NSM_LAND_3031;x
3112;209;189;66;PROV_NSM_LAND_3032;x
3113;209;191;52;PROV_NSM_LAND_3033;x
3114;209;197;113;PROV_NSM_LAND_3034;x
3115;209;200;208;PROV_NSM_LAND_3035;x
3116;209;220;127;PROV_NSM_LAND_3036;x
3117;209;234;52;PROV_NSM_LAND_3037;x
3118;209;241;38;PROV_NSM_LAND_3038;x
3119;210;36;145;PROV_NSM_LAND_3039;x
3120;210;52;228;PROV_NSM_LAND_3040;x
3121;210;68;145;PROV_NSM_LAND_3041;x
3122;210;73;50;PROV_NSM_LAND_3042;x
3123;210;76;90;PROV_NSM_LAND_3043;x
3124;210;88;180;PROV_NSM_LAND_3044;x
3125;210;90;161;PROV_NSM_LAND_3045;x
3126;210;95;144;PROV_NSM_LAND_3046;x
3127;210;100;119;PROV_NSM_LAND_3047;x
3128;210;118;116;PROV_NSM_LAND_3048;x
3129;210;145;36;PROV_NSM_LAND_3049;x
3130;210;165;98;PROV_NSM_LAND_3050;x
3131;210;169;198;PROV_NSM_LAND_3051;x
3132;210;202;78;PROV_NSM_LAND_3052;x
3133;210;204;173;PROV_NSM_LAND_3053;x
3134;210;206;131;PROV_NSM_LAND_3054;x
3135;210;225;206;PROV_NSM_LAND_3055;x
3136;210;240;90;PROV_NSM_LAND_3056;x
3137;210;242;49;PROV_NSM_LAND_3057;x
3138;210;243;45;PROV_NSM_LAND_3058;x
3139;210;244;105;PROV_NSM_LAND_3059;x
3140;211;50;60;PROV_NSM_LAND_3060;x
3141;211;94;119;PROV_NSM_LAND_3061;x
3142;211;95;234;PROV_NSM_LAND_3062;x
3143;211;110;114;PROV_NSM_LAND_3063;x
3144;211;111;54;PROV_NSM_LAND_3064;x
3145;211;121;146;PROV_NSM_LAND_3065;x
3146;211;141;44;PROV_NSM_LAND_3066;x
3147;211;161;134;PROV_NSM_LAND_3067;x
3148;211;162;105;PROV_NSM_LAND_3068;x
3149;211;166;101;PROV_NSM_LAND_3069;x
3150;211;171;152;PROV_NSM_LAND_3070;x
3151;211;185;131;PROV_NSM_LAND_3071;x
3152;211;203;107;PROV_NSM_LAND_3072;x
3153;211;220;205;PROV_NSM_LAND_3073;x
3154;211;229;200;PROV_NSM_LAND_3074;x
3155;211;237;45;PROV_NSM_LAND_3075;x
3156;212;37;66;PROV_NSM_LAND_3076;x
3157;212;46;54;PROV_NSM_LAND_3077;x
3158;212;51;105;PROV_NSM_LAND_3078;x
3159;212;60;164;PROV_NSM_LAND_3079;x
3160;212;72;198;PROV_NSM_LAND_3080;x
3161;212;75;135;PROV_NSM_LAND_3081;x
3162;212;78;37;PROV_NSM_LAND_3082;x
3163;212;78;147;PROV_NSM_LAND_3083;x
3164;212;97;118;PROV_NSM_LAND_3084;x
3165;212;100;101;PROV_NSM_LAND_3085;x
3166;212;105;140;PROV_NSM_LAND_3086;x
3167;212;111;200;PROV_NSM_LAND_3087;x
3168;212;113;229;PROV_NSM_LAND_3088;x
3169;212;128;199;PROV_NSM_LAND_3089;x
3170;212;147;110;PROV_NSM_LAND_3090;x
3171;212;148;186;PROV_NSM_LAND_3091;x
3172;212;164;112;PROV_NSM_LAND_3092;x
3173;212;166;52;PROV_NSM_LAND_3093;x
3174;212;172;51;PROV_NSM_LAND_3094;x
3175;212;178;84;PROV_NSM_LAND_3095;x
3176;212;185;157;PROV_NSM_LAND_3096;x
3177;212;186;70;PROV_NSM_LAND_3097;x
3178;212;188;218;PROV_NSM_LAND_3098;x
3179;212;189;196;PROV_NSM_LAND_3099;x
3180;212;190;49;PROV_NSM_LAND_3100;x
3181;212;207;122;PROV_NSM_LAND_3101;x
3182;212;218;223;PROV_NSM_LAND_3102;x
3183;212;228;96;PROV_NSM_LAND_3103;x
3184;213;62;67;PROV_NSM_LAND_3104;x
3185;213;124;244;PROV_NSM_LAND_3105;x
3186;213;147;47;PROV_NSM_LAND_3106;x
3187;213;163;130;PROV_NSM_LAND_3107;x
3188;213;169;134;PROV_NSM_LAND_3108;x
3189;213;187;226;PROV_NSM_LAND_3109;x
3190;213;215;153;PROV_NSM_LAND_3110;x
3191;213;224;159;PROV_NSM_LAND_3111;x
3192;213;235;140;PROV_NSM_LAND_3112;x
3193;213;239;170;PROV_NSM_LAND_3113;x
3194;214;36;81;PROV_NSM_LAND_3114;x
3195;214;39;198;PROV_NSM_LAND_3115;x
3196;214;44;204;PROV_NSM_LAND_3116;x
3197;214;50;81;PROV_NSM_LAND_3117;x
3198;214;74;40;PROV_NSM_LAND_3118;x
3199;214;91;117;PROV_NSM_LAND_3119;x
3200;214;103;199;PROV_NSM_LAND_3120;x
3201;214;107;111;PROV_NSM_LAND_3121;x
3202;214;111;235;PROV_NSM_LAND_3122;x
3203;214;119;132;PROV_NSM_LAND_3123;x
3204;214;123;95;PROV_NSM_LAND_3124;x
3205;214;145;70;PROV_NSM_LAND_3125;x
3206;214;155;172;PROV_NSM_LAND_3126;x
3207;214;193;92;PROV_NSM_LAND_3127;x
3208;214;195;48;PROV_NSM_LAND_3128;x
3209;214;198;184;PROV_NSM_LAND_3129;x
3210;214;235;244;PROV_NSM_LAND_3130;x
3211;215;39;180;PROV_NSM_LAND_3131;x
3212;215;48;93;PROV_NSM_LAND_3132;x
3213;215;54;48;PROV_NSM_LAND_3133;x
3214;215;61;42;PROV_NSM_LAND_3134;x
3215;215;84;132;PROV_NSM_LAND_3135;x
3216;215;102;144;PROV_NSM_LAND_3136;x
3217;215;128;60;PROV_NSM_LAND_3137;x
3218;215;137;132;PROV_NSM_LAND_3138;x
3219;215;143;68;PROV_NSM_LAND_3139;x
3220;215;145;80;PROV_NSM_LAND_3140;x
3221;215;152;245;PROV_NSM_LAND_3141;x
3222;215;156;190;PROV_NSM_LAND_3142;x
3223;215;167;157;PROV_NSM_LAND_3143;x
3224;215;179;42;PROV_NSM_LAND_3144;x
3225;215;207;210;PROV_NSM_LAND_3145;x
3226;215;219;218;PROV_NSM_LAND_3146;x
3227;215;223;141;PROV_NSM_LAND_3147;x
3228;215;224;222;PROV_NSM_LAND_3148;x
3229;215;229;48;PROV_NSM_LAND_3149;x
3230;215;232;38;PROV_NSM_LAND_3150;x
3231;216;44;131;PROV_NSM_LAND_3151;x
3232;216;45;225;PROV_NSM_LAND_3152;x
3233;216;53;67;PROV_NSM_LAND_3153;x
3234;216;54;109;PROV_NSM_LAND_3154;x
3235;216;58;225;PROV_NSM_LAND_3155;x
3236;216;60;195;PROV_NSM_LAND_3156;x
3237;216;83;232;PROV_NSM_LAND_3157;x
3238;216;87;36;PROV_NSM_LAND_3158;x
3239;216;95;69;PROV_NSM_LAND_3159;x
3240;216;111;91;PROV_NSM_LAND_3160;x
3241;216;120;208;PROV_NSM_LAND_3161;x
3242;216;126;223;PROV_NSM_LAND_3162;x
3243;216;140;163;PROV_NSM_LAND_3163;x
3244;216;150;136;PROV_NSM_LAND_3164;x
3245;216;172;239;PROV_NSM_LAND_3165;x
3246;216;176;186;PROV_NSM_LAND_3166;x
3247;216;177;192;PROV_NSM_LAND_3167;x
3248;216;198;182;PROV_NSM_LAND_3168;x
3249;216;200;79;PROV_NSM_LAND_3169;x
3250;216;200;96;PROV_NSM_LAND_3170;x
3251;216;206;63;PROV_NSM_LAND_3171;x
3252;216;225;112;PROV_NSM_LAND_3172;x
3253;216;230;44;PROV_NSM_LAND_3173;x
3254;216;241;171;PROV_NSM_LAND_3174;x
3255;217;42;231;PROV_NSM_LAND_3175;x
3256;217;44;41;PROV_NSM_LAND_3176;x
3257;217;47;40;PROV_NSM_LAND_3177;x
3258;217;48;196;PROV_NSM_LAND_3178;x
3259;217;51;180;PROV_NSM_LAND_3179;x
3260;217;64;136;PROV_NSM_LAND_3180;x
3261;217;70;99;PROV_NSM_LAND_3181;x
3262;217;101;190;PROV_NSM_LAND_3182;x
3263;217;107;92;PROV_NSM_LAND_3183;x
3264;217;113;103;PROV_NSM_LAND_3184;x
3265;217;128;109;PROV_NSM_LAND_3185;x
3266;217;131;96;PROV_NSM_LAND_3186;x
3267;217;141;43;PROV_NSM_LAND_3187;x
3268;217;148;235;PROV_NSM_LAND_3188;x
3269;217;156;60;PROV_NSM_LAND_3189;x
3270;217;157;38;PROV_NSM_LAND_3190;x
3271;217;165;158;PROV_NSM_LAND_3191;x
3272;217;166;55;PROV_NSM_LAND_3192;x
3273;217;166;65;PROV_NSM_LAND_3193;x
3274;217;172;150;PROV_NSM_LAND_3194;x
3275;217;174;73;PROV_NSM_LAND_3195;x
3276;217;174;192;PROV_NSM_LAND_3196;x
3277;217;181;79;PROV_NSM_LAND_3197;x
3278;217;200;65;PROV_NSM_LAND_3198;x
3279;217;206;211;PROV_NSM_LAND_3199;x
3280;217;217;202;PROV_NSM_LAND_3200;x
3281;217;223;65;PROV_NSM_LAND_3201;x
3282;217;229;202;PROV_NSM_LAND_3202;x
3283;217;231;104;PROV_NSM_LAND_3203;x
3284;218;38;47;PROV_NSM_LAND_3204;x
3285;218;39;88;PROV_NSM_LAND_3205;x
3286;218;44;170;PROV_NSM_LAND_3206;x
3287;218;48;124;PROV_NSM_LAND_3207;x
3288;218;70;45;PROV_NSM_LAND_3208;x
3289;218;77;51;PROV_NSM_LAND_3209;x
3290;218;79;193;PROV_NSM_LAND_3210;x
3291;218;91;67;PROV_NSM_LAND_3211;x
3292;218;99;52;PROV_NSM_LAND_3212;x
3293;218;105;67;PROV_NSM_LAND_3213;x
3294;218;116;94;PROV_NSM_LAND_3214;x
3295;218;120;225;PROV_NSM_LAND_3215;x
3296;218;151;39;PROV_NSM_LAND_3216;x
3297;218;156;61;PROV_NSM_LAND_3217;x
3298;218;156;181;PROV_NSM_LAND_3218;x
3299;218;156;210;PROV_NSM_LAND_3219;x
3300;218;167;245;PROV_NSM_LAND_3220;x
3301;218;168;89;PROV_NSM_LAND_3221;x
3302;218;170;222;PROV_NSM_LAND_3222;x
3303;218;172;45;PROV_NSM_LAND_3223;x
3304;218;179;224;PROV_NSM_LAND_3224;x
3305;218;180;110;PROV_NSM_LAND_3225;x
3306;218;181;243;PROV_NSM_LAND_3226;x
3307;218;184;197;PROV_NSM_LAND_3227;x
3308;218;192;225;PROV_NSM_LAND_3228;x
3309;218;210;73;PROV_NSM_LAND_3229;x
3310;218;213;232;PROV_NSM_LAND_3230;x
3311;218;238;167;PROV_NSM_LAND_3231;x
3312;218;241;69;PROV_NSM_LAND_3232;x
3313;218;242;75;PROV_NSM_LAND_3233;x
3314;219;44;88;PROV_NSM_LAND_3234;x
3315;219;71;237;PROV_NSM_LAND_3235;x
3316;219;80;61;PROV_NSM_LAND_3236;x
3317;219;86;206;PROV_NSM_LAND_3237;x
3318;219;88;65;PROV_NSM_LAND_3238;x
3319;219;96;194;PROV_NSM_LAND_3239;x
3320;219;97;60;PROV_NSM_LAND_3240;x
3321;219;106;95;PROV_NSM_LAND_3241;x
3322;219;124;59;PROV_NSM_LAND_3242;x
3323;219;124;127;PROV_NSM_LAND_3243;x
3324;219;132;116;PROV_NSM_LAND_3244;x
3325;219;136;152;PROV_NSM_LAND_3245;x
3326;219;138;211;PROV_NSM_LAND_3246;x
3327;219;139;54;PROV_NSM_LAND_3247;x
3328;219;139;216;PROV_NSM_LAND_3248;x
3329;219;143;136;PROV_NSM_LAND_3249;x
3330;219;153;79;PROV_NSM_LAND_3250;x
3331;219;156;230;PROV_NSM_LAND_3251;x
3332;219;159;152;PROV_NSM_LAND_3252;x
3333;219;177;61;PROV_NSM_LAND_3253;x
3334;219;184;83;PROV_NSM_LAND_3254;x
3335;219;185;172;PROV_NSM_LAND_3255;x
3336;219;186;199;PROV_NSM_LAND_3256;x
3337;219;189;119;PROV_NSM_LAND_3257;x
3338;219;189;158;PROV_NSM_LAND_3258;x
3339;219;199;180;PROV_NSM_LAND_3259;x
3340;219;216;189;PROV_NSM_LAND_3260;x
3341;219;229;85;PROV_NSM_LAND_3261;x
3342;219;236;123;PROV_NSM_LAND_3262;x
3343;219;239;112;PROV_NSM_LAND_3263;x
3344;219;241;151;PROV_NSM_LAND_3264;x
3345;219;242;59;PROV_NSM_LAND_3265;x
3346;220;38;157;PROV_NSM_LAND_3266;x
3347;220;41;138;PROV_NSM_LAND_3267;x
3348;220;48;46;PROV_NSM_LAND_3268;x
3349;220;48;219;PROV_NSM_LAND_3269;x
3350;220;61;209;PROV_NSM_LAND_3270;x
3351;220;70;77;PROV_NSM_LAND_3271;x
3352;220;72;104;PROV_NSM_LAND_3272;x
3353;220;81;56;PROV_NSM_LAND_3273;x
3354;220;88;181;PROV_NSM_LAND_3274;x
3355;220;98;111;PROV_NSM_LAND_3275;x
3356;220;106;148;PROV_NSM_LAND_3276;x
3357;220;109;195;PROV_NSM_LAND_3277;x
3358;220;110;219;PROV_NSM_LAND_3278;x
3359;220;114;71;PROV_NSM_LAND_3279;x
3360;220;132;88;PROV_NSM_LAND_3280;x
3361;220;137;47;PROV_NSM_LAND_3281;x
3362;220;144;159;PROV_NSM_LAND_3282;x
3363;220;146;169;PROV_NSM_LAND_3283;x
3364;220;162;132;PROV_NSM_LAND_3284;x
3365;220;165;79;PROV_NSM_LAND_3285;x
3366;220;166;105;PROV_NSM_LAND_3286;x
3367;220;170;228;PROV_NSM_LAND_3287;x
3368;220;178;66;PROV_NSM_LAND_3288;x
3369;220;193;37;PROV_NSM_LAND_3289;x
3370;220;199;89;PROV_NSM_LAND_3290;x
3371;220;211;52;PROV_NSM_LAND_3291;x
3372;220;214;93;PROV_NSM_LAND_3292;x
3373;220;224;111;PROV_NSM_LAND_3293;x
3374;220;236;105;PROV_NSM_LAND_3294;x
3375;220;236;146;PROV_NSM_LAND_3295;x
3376;220;242;44;PROV_NSM_LAND_3296;x
3377;220;242;48;PROV_NSM_LAND_3297;x
3378;220;242;188;PROV_NSM_LAND_3298;x
3379;220;243;189;PROV_NSM_LAND_3299;x
3380;221;35;210;PROV_NSM_LAND_3300;x
3381;221;40;77;PROV_NSM_LAND_3301;x
3382;221;52;194;PROV_NSM_LAND_3302;x
3383;221;57;218;PROV_NSM_LAND_3303;x
3384;221;63;44;PROV_NSM_LAND_3304;x
3385;221;84;38;PROV_NSM_LAND_3305;x
3386;221;107;98;PROV_NSM_LAND_3306;x
3387;221;138;118;PROV_NSM_LAND_3307;x
3388;221;141;109;PROV_NSM_LAND_3308;x
3389;221;145;154;PROV_NSM_LAND_3309;x
3390;221;150;117;PROV_NSM_LAND_3310;x
3391;221;162;38;PROV_NSM_LAND_3311;x
3392;221;177;143;PROV_NSM_LAND_3312;x
3393;221;205;170;PROV_NSM_LAND_3313;x
3394;221;207;124;PROV_NSM_LAND_3314;x
3395;221;211;44;PROV_NSM_LAND_3315;x
3396;221;212;198;PROV_NSM_LAND_3316;x
3397;221;224;215;PROV_NSM_LAND_3317;x
3398;221;228;119;PROV_NSM_LAND_3318;x
3399;221;233;200;PROV_NSM_LAND_3319;x
3400;221;240;222;PROV_NSM_LAND_3320;x
3401;222;39;96;PROV_NSM_LAND_3321;x
3402;222;41;212;PROV_NSM_LAND_3322;x
3403;222;43;202;PROV_NSM_LAND_3323;x
3404;222;50;126;PROV_NSM_LAND_3324;x
3405;222;51;191;PROV_NSM_LAND_3325;x
3406;222;56;211;PROV_NSM_LAND_3326;x
3407;222;65;161;PROV_NSM_LAND_3327;x
3408;222;69;79;PROV_NSM_LAND_3328;x
3409;222;72;194;PROV_NSM_LAND_3329;x
3410;222;72;213;PROV_NSM_LAND_3330;x
3411;222;91;112;PROV_NSM_LAND_3331;x
3412;222;102;41;PROV_NSM_LAND_3332;x
3413;222;112;187;PROV_NSM_LAND_3333;x
3414;222;119;96;PROV_NSM_LAND_3334;x
3415;222;128;228;PROV_NSM_LAND_3335;x
3416;222;131;197;PROV_NSM_LAND_3336;x
3417;222;135;60;PROV_NSM_LAND_3337;x
3418;222;136;128;PROV_NSM_LAND_3338;x
3419;222;155;186;PROV_NSM_LAND_3339;x
3420;222;157;116;PROV_NSM_LAND_3340;x
3421;222;176;160;PROV_NSM_LAND_3341;x
3422;222;178;135;PROV_NSM_LAND_3342;x
3423;222;201;63;PROV_NSM_LAND_3343;x
3424;222;201;221;PROV_NSM_LAND_3344;x
3425;222;211;44;PROV_NSM_LAND_3345;x
3426;222;212;63;PROV_NSM_LAND_3346;x
3427;223;45;91;PROV_NSM_LAND_3347;x
3428;223;48;196;PROV_NSM_LAND_3348;x
3429;223;69;177;PROV_NSM_LAND_3349;x
3430;223;70;183;PROV_NSM_LAND_3350;x
3431;223;73;194;PROV_NSM_LAND_3351;x
3432;223;83;234;PROV_NSM_LAND_3352;x
3433;223;84;196;PROV_NSM_LAND_3353;x
3434;223;96;217;PROV_NSM_LAND_3354;x
3435;223;109;229;PROV_NSM_LAND_3355;x
3436;223;112;167;PROV_NSM_LAND_3356;x
3437;223;123;96;PROV_NSM_LAND_3357;x
3438;223;125;88;PROV_NSM_LAND_3358;x
3439;223;127;101;PROV_NSM_LAND_3359;x
3440;223;144;58;PROV_NSM_LAND_3360;x
3441;223;169;190;PROV_NSM_LAND_3361;x
3442;223;174;211;PROV_NSM_LAND_3362;x
3443;223;183;218;PROV_NSM_LAND_3363;x
3444;223;188;214;PROV_NSM_LAND_3364;x
3445;223;216;168;PROV_NSM_LAND_3365;x
3446;223;220;209;PROV_NSM_LAND_3366;x
3447;223;223;226;PROV_NSM_LAND_3367;x
3448;223;225;94;PROV_NSM_LAND_3368;x
3449;223;228;139;PROV_NSM_LAND_3369;x
3450;223;232;95;PROV_NSM_LAND_3370;x
3451;223;232;214;PROV_NSM_LAND_3371;x
3452;223;239;85;PROV_NSM_LAND_3372;x
3453;224;39;35;PROV_NSM_LAND_3373;x
3454;224;41;107;PROV_NSM_LAND_3374;x
3455;224;44;127;PROV_NSM_LAND_3375;x
3456;224;44;130;PROV_NSM_LAND_3376;x
3457;224;44;189;PROV_NSM_LAND_3377;x
3458;224;65;130;PROV_NSM_LAND_3378;x
3459;224;66;208;PROV_NSM_LAND_3379;x
3460;224;78;180;PROV_NSM_LAND_3380;x
3461;224;91;120;PROV_NSM_LAND_3381;x
3462;224;92;203;PROV_NSM_LAND_3382;x
3463;224;103;74;PROV_NSM_LAND_3383;x
3464;224;105;141;PROV_NSM_LAND_3384;x
3465;224;111;223;PROV_NSM_LAND_3385;x
3466;224;122;46;PROV_NSM_LAND_3386;x
3467;224;134;106;PROV_NSM_LAND_3387;x
3468;224;139;189;PROV_NSM_LAND_3388;x
3469;224;143;126;PROV_NSM_LAND_3389;x
3470;224;153;105;PROV_NSM_LAND_3390;x
3471;224;168;131;PROV_NSM_LAND_3391;x
3472;224;168;133;PROV_NSM_LAND_3392;x
3473;224;179;200;PROV_NSM_LAND_3393;x
3474;224;190;74;PROV_NSM_LAND_3394;x
3475;224;192;47;PROV_NSM_LAND_3395;x
3476;224;193;70;PROV_NSM_LAND_3396;x
3477;224;194;60;PROV_NSM_LAND_3397;x
3478;224;195;203;PROV_NSM_LAND_3398;x
3479;224;199;48;PROV_NSM_LAND_3399;x
3480;224;214;74;PROV_NSM_LAND_3400;x
3481;224;233;91;PROV_NSM_LAND_3401;x
3482;224;233;202;PROV_NSM_LAND_3402;x
3483;224;235;140;PROV_NSM_LAND_3403;x
3484;224;244;131;PROV_NSM_LAND_3404;x
3485;225;41;165;PROV_NSM_LAND_3405;x
3486;225;48;131;PROV_NSM_LAND_3406;x
3487;225;56;93;PROV_NSM_LAND_3407;x
3488;225;57;62;PROV_NSM_LAND_3408;x
3489;225;76;136;PROV_NSM_LAND_3409;x
3490;225;77;154;PROV_NSM_LAND_3410;x
3491;225;81;172;PROV_NSM_LAND_3411;x
3492;225;82;238;PROV_NSM_LAND_3412;x
3493;225;101;207;PROV_NSM_LAND_3413;x
3494;225;122;71;PROV_NSM_LAND_3414;x
3495;225;131;56;PROV_NSM_LAND_3415;x
3496;225;136;37;PROV_NSM_LAND_3416;x
3497;225;142;243;PROV_NSM_LAND_3417;x
3498;225;144;236;PROV_NSM_LAND_3418;x
3499;225;156;67;PROV_NSM_LAND_3419;x
3500;225;162;217;PROV_NSM_LAND_3420;x
3501;225;175;39;PROV_NSM_LAND_3421;x
3502;225;179;176;PROV_NSM_LAND_3422;x
3503;225;185;192;PROV_NSM_LAND_3423;x
3504;225;186;208;PROV_NSM_LAND_3424;x
3505;225;187;160;PROV_NSM_LAND_3425;x
3506;225;192;126;PROV_NSM_LAND_3426;x
3507;225;197;145;PROV_NSM_LAND_3427;x
3508;225;200;82;PROV_NSM_LAND_3428;x
3509;225;208;170;PROV_NSM_LAND_3429;x
3510;225;220;183;PROV_NSM_LAND_3430;x
3511;225;221;126;PROV_NSM_LAND_3431;x
3512;225;223;85;PROV_NSM_LAND_3432;x
3513;225;232;159;PROV_NSM_LAND_3433;x
3514;225;234;229;PROV_NSM_LAND_3434;x
3515;226;50;90;PROV_NSM_LAND_3435;x
3516;226;50;104;PROV_NSM_LAND_3436;x
3517;226;52;165;PROV_NSM_LAND_3437;x
3518;226;54;184;PROV_NSM_LAND_3438;x
3519;226;81;134;PROV_NSM_LAND_3439;x
3520;226;83;115;PROV_NSM_LAND_3440;x
3521;226;84;197;PROV_NSM_LAND_3441;x
3522;226;90;59;PROV_NSM_LAND_3442;x
3523;226;128;40;PROV_NSM_LAND_3443;x
3524;226;130;239;PROV_NSM_LAND_3444;x
3525;226;163;193;PROV_NSM_LAND_3445;x
3526;226;166;171;PROV_NSM_LAND_3446;x
3527;226;167;65;PROV_NSM_LAND_3447;x
3528;226;168;143;PROV_NSM_LAND_3448;x
3529;226;192;192;PROV_NSM_LAND_3449;x
3530;226;201;228;PROV_NSM_LAND_3450;x
3531;226;202;123;PROV_NSM_LAND_3451;x
3532;226;204;219;PROV_NSM_LAND_3452;x
3533;226;213;117;PROV_NSM_LAND_3453;x
3534;226;215;241;PROV_NSM_LAND_3454;x
3535;226;216;48;PROV_NSM_LAND_3455;x
3536;226;217;108;PROV_NSM_LAND_3456;x
3537;226;217;236;PROV_NSM_LAND_3457;x
3538;226;236;61;PROV_NSM_LAND_3458;x
3539;227;35;91;PROV_NSM_LAND_3459;x
3540;227;43;193;PROV_NSM_LAND_3460;x
3541;227;45;197;PROV_NSM_LAND_3461;x
3542;227;50;87;PROV_NSM_LAND_3462;x
3543;227;52;96;PROV_NSM_LAND_3463;x
3544;227;65;193;PROV_NSM_LAND_3464;x
3545;227;74;42;PROV_NSM_LAND_3465;x
3546;227;96;116;PROV_NSM_LAND_3466;x
3547;227;96;231;PROV_NSM_LAND_3467;x
3548;227;126;93;PROV_NSM_LAND_3468;x
3549;227;132;191;PROV_NSM_LAND_3469;x
3550;227;141;57;PROV_NSM_LAND_3470;x
3551;227;166;80;PROV_NSM_LAND_3471;x
3552;227;182;47;PROV_NSM_LAND_3472;x
3553;227;186;124;PROV_NSM_LAND_3473;x
3554;227;211;38;PROV_NSM_LAND_3474;x
3555;227;216;162;PROV_NSM_LAND_3475;x
3556;227;217;40;PROV_NSM_LAND_3476;x
3557;227;219;101;PROV_NSM_LAND_3477;x
3558;227;223;40;PROV_NSM_LAND_3478;x
3559;227;223;119;PROV_NSM_LAND_3479;x
3560;227;229;81;PROV_NSM_LAND_3480;x
3561;227;238;135;PROV_NSM_LAND_3481;x
3562;227;243;98;PROV_NSM_LAND_3482;x
3563;227;245;165;PROV_NSM_LAND_3483;x
3564;228;43;121;PROV_NSM_LAND_3484;x
3565;228;47;171;PROV_NSM_LAND_3485;x
3566;228;57;89;PROV_NSM_LAND_3486;x
3567;228;86;132;PROV_NSM_LAND_3487;x
3568;228;89;139;PROV_NSM_LAND_3488;x
3569;228;89;222;PROV_NSM_LAND_3489;x
3570;228;93;38;PROV_NSM_LAND_3490;x
3571;228;95;221;PROV_NSM_LAND_3491;x
3572;228;109;241;PROV_NSM_LAND_3492;x
3573;228;114;54;PROV_NSM_LAND_3493;x
3574;228;116;128;PROV_NSM_LAND_3494;x
3575;228;120;169;PROV_NSM_LAND_3495;x
3576;228;134;153;PROV_NSM_LAND_3496;x
3577;228;136;216;PROV_NSM_LAND_3497;x
3578;228;156;62;PROV_NSM_LAND_3498;x
3579;228;165;57;PROV_NSM_LAND_3499;x
3580;228;170;185;PROV_NSM_LAND_3500;x
3581;228;170;202;PROV_NSM_LAND_3501;x
3582;228;186;63;PROV_NSM_LAND_3502;x
3583;228;203;193;PROV_NSM_LAND_3503;x
3584;228;216;128;PROV_NSM_LAND_3504;x
3585;228;234;191;PROV_NSM_LAND_3505;x
3586;228;234;244;PROV_NSM_LAND_3506;x
3587;228;240;62;PROV_NSM_LAND_3507;x
3588;228;244;233;PROV_NSM_LAND_3508;x
3589;229;54;230;PROV_NSM_LAND_3509;x
3590;229;77;134;PROV_NSM_LAND_3510;x
3591;229;88;163;PROV_NSM_LAND_3511;x
3592;229;94;185;PROV_NSM_LAND_3512;x
3593;229;115;222;PROV_NSM_LAND_3513;x
3594;229;117;81;PROV_NSM_LAND_3514;x
3595;229;121;53;PROV_NSM_LAND_3515;x
3596;229;129;228;PROV_NSM_LAND_3516;x
3597;229;131;219;PROV_NSM_LAND_3517;x
3598;229;132;90;PROV_NSM_LAND_3518;x
3599;229;133;170;PROV_NSM_LAND_3519;x
3600;229;142;227;PROV_NSM_LAND_3520;x
3601;229;146;227;PROV_NSM_LAND_3521;x
3602;229;155;151;PROV_NSM_LAND_3522;x
3603;229;174;165;PROV_NSM_LAND_3523;x
3604;229;176;147;PROV_NSM_LAND_3524;x
3605;229;182;238;PROV_NSM_LAND_3525;x
3606;229;200;129;PROV_NSM_LAND_3526;x
3607;229;202;169;PROV_NSM_LAND_3527;x
3608;229;224;129;PROV_NSM_LAND_3528;x
3609;229;232;201;PROV_NSM_LAND_3529;x
3610;230;47;69;PROV_NSM_LAND_3530;x
3611;230;59;65;PROV_NSM_LAND_3531;x
3612;230;62;83;PROV_NSM_LAND_3532;x
3613;230;65;220;PROV_NSM_LAND_3533;x
3614;230;75;234;PROV_NSM_LAND_3534;x
3615;230;76;77;PROV_NSM_LAND_3535;x
3616;230;82;158;PROV_NSM_LAND_3536;x
3617;230;85;85;PROV_NSM_LAND_3537;x
3618;230;87;39;PROV_NSM_LAND_3538;x
3619;230;94;47;PROV_NSM_LAND_3539;x
3620;230;94;87;PROV_NSM_LAND_3540;x
3621;230;101;71;PROV_NSM_LAND_3541;x
3622;230;105;73;PROV_NSM_LAND_3542;x
3623;230;118;37;PROV_NSM_LAND_3543;x
3624;230;120;103;PROV_NSM_LAND_3544;x
3625;230;130;217;PROV_NSM_LAND_3545;x
3626;230;131;116;PROV_NSM_LAND_3546;x
3627;230;152;169;PROV_NSM_LAND_3547;x
3628;230;154;41;PROV_NSM_LAND_3548;x
3629;230;179;177;PROV_NSM_LAND_3549;x
3630;230;199;129;PROV_NSM_LAND_3550;x
3631;230;203;118;PROV_NSM_LAND_3551;x
3632;230;210;167;PROV_NSM_LAND_3552;x
3633;230;213;229;PROV_NSM_LAND_3553;x
3634;230;215;177;PROV_NSM_LAND_3554;x
3635;230;217;176;PROV_NSM_LAND_3555;x
3636;230;244;210;PROV_NSM_LAND_3556;x
3637;231;50;134;PROV_NSM_LAND_3557;x
3638;231;81;160;PROV_NSM_LAND_3558;x
3639;231;82;212;PROV_NSM_LAND_3559;x
3640;231;95;130;PROV_NSM_LAND_3560;x
3641;231;107;169;PROV_NSM_LAND_3561;x
3642;231;124;36;PROV_NSM_LAND_3562;x
3643;231;125;198;PROV_NSM_LAND_3563;x
3644;231;129;85;PROV_NSM_LAND_3564;x
3645;231;130;81;PROV_NSM_LAND_3565;x
3646;231;140;190;PROV_NSM_LAND_3566;x
3647;231;149;70;PROV_NSM_LAND_3567;x
3648;231;159;187;PROV_NSM_LAND_3568;x
3649;231;172;205;PROV_NSM_LAND_3569;x
3650;231;176;165;PROV_NSM_LAND_3570;x
3651;231;189;83;PROV_NSM_LAND_3571;x
3652;231;189;101;PROV_NSM_LAND_3572;x
3653;231;211;48;PROV_NSM_LAND_3573;x
3654;231;214;155;PROV_NSM_LAND_3574;x
3655;231;225;60;PROV_NSM_LAND_3575;x
3656;231;234;121;PROV_NSM_LAND_3576;x
3657;231;238;203;PROV_NSM_LAND_3577;x
3658;232;62;119;PROV_NSM_LAND_3578;x
3659;232;63;43;PROV_NSM_LAND_3579;x
3660;232;71;69;PROV_NSM_LAND_3580;x
3661;232;81;150;PROV_NSM_LAND_3581;x
3662;232;109;51;PROV_NSM_LAND_3582;x
3663;232;118;150;PROV_NSM_LAND_3583;x
3664;232;124;105;PROV_NSM_LAND_3584;x
3665;232;129;113;PROV_NSM_LAND_3585;x
3666;232;133;133;PROV_NSM_LAND_3586;x
3667;232;156;118;PROV_NSM_LAND_3587;x
3668;232;160;80;PROV_NSM_LAND_3588;x
3669;232;178;233;PROV_NSM_LAND_3589;x
3670;232;179;56;PROV_NSM_LAND_3590;x
3671;232;186;135;PROV_NSM_LAND_3591;x
3672;232;196;137;PROV_NSM_LAND_3592;x
3673;232;205;210;PROV_NSM_LAND_3593;x
3674;232;218;173;PROV_NSM_LAND_3594;x
3675;232;221;137;PROV_NSM_LAND_3595;x
3676;232;232;197;PROV_NSM_LAND_3596;x
3677;232;233;91;PROV_NSM_LAND_3597;x
3678;232;240;90;PROV_NSM_LAND_3598;x
3679;232;243;48;PROV_NSM_LAND_3599;x
3680;233;35;106;PROV_NSM_LAND_3600;x
3681;233;54;111;PROV_NSM_LAND_3601;x
3682;233;58;243;PROV_NSM_LAND_3602;x
3683;233;59;163;PROV_NSM_LAND_3603;x
3684;233;59;180;PROV_NSM_LAND_3604;x
3685;233;64;37;PROV_NSM_LAND_3605;x
3686;233;70;71;PROV_NSM_LAND_3606;x
3687;233;99;64;PROV_NSM_LAND_3607;x
3688;233;106;210;PROV_NSM_LAND_3608;x
3689;233;115;87;PROV_NSM_LAND_3609;x
3690;233;119;222;PROV_NSM_LAND_3610;x
3691;233;147;195;PROV_NSM_LAND_3611;x
3692;233;157;124;PROV_NSM_LAND_3612;x
3693;233;167;179;PROV_NSM_LAND_3613;x
3694;233;173;143;PROV_NSM_LAND_3614;x
3695;233;181;89;PROV_NSM_LAND_3615;x
3696;233;188;190;PROV_NSM_LAND_3616;x
3697;233;196;55;PROV_NSM_LAND_3617;x
3698;233;239;229;PROV_NSM_LAND_3618;x
3699;234;42;36;PROV_NSM_LAND_3619;x
3700;234;47;242;PROV_NSM_LAND_3620;x
3701;234;49;205;PROV_NSM_LAND_3621;x
3702;234;56;157;PROV_NSM_LAND_3622;x
3703;234;62;92;PROV_NSM_LAND_3623;x
3704;234;68;193;PROV_NSM_LAND_3624;x
3705;234;80;109;PROV_NSM_LAND_3625;x
3706;234;84;129;PROV_NSM_LAND_3626;x
3707;234;85;221;PROV_NSM_LAND_3627;x
3708;234;99;218;PROV_NSM_LAND_3628;x
3709;234;115;36;PROV_NSM_LAND_3629;x
3710;234;122;66;PROV_NSM_LAND_3630;x
3711;234;126;204;PROV_NSM_LAND_3631;x
3712;234;153;42;PROV_NSM_LAND_3632;x
3713;234;159;174;PROV_NSM_LAND_3633;x
3714;234;168;37;PROV_NSM_LAND_3634;x
3715;234;177;216;PROV_NSM_LAND_3635;x
3716;234;178;230;PROV_NSM_LAND_3636;x
3717;234;192;125;PROV_NSM_LAND_3637;x
3718;234;199;124;PROV_NSM_LAND_3638;x
3719;234;212;101;PROV_NSM_LAND_3639;x
3720;234;231;75;PROV_NSM_LAND_3640;x
3721;234;245;167;PROV_NSM_LAND_3641;x
3722;235;43;126;PROV_NSM_LAND_3642;x
3723;235;57;107;PROV_NSM_LAND_3643;x
3724;235;73;188;PROV_NSM_LAND_3644;x
3725;235;78;209;PROV_NSM_LAND_3645;x
3726;235;80;113;PROV_NSM_LAND_3646;x
3727;235;81;39;PROV_NSM_LAND_3647;x
3728;235;92;184;PROV_NSM_LAND_3648;x
3729;235;95;194;PROV_NSM_LAND_3649;x
3730;235;110;55;PROV_NSM_LAND_3650;x
3731;235;114;210;PROV_NSM_LAND_3651;x
3732;235;117;76;PROV_NSM_LAND_3652;x
3733;235;127;226;PROV_NSM_LAND_3653;x
3734;235;130;178;PROV_NSM_LAND_3654;x
3735;235;151;152;PROV_NSM_LAND_3655;x
3736;235;156;89;PROV_NSM_LAND_3656;x
3737;235;173;185;PROV_NSM_LAND_3657;x
3738;235;174;59;PROV_NSM_LAND_3658;x
3739;235;175;221;PROV_NSM_LAND_3659;x
3740;235;177;223;PROV_NSM_LAND_3660;x
3741;235;182;41;PROV_NSM_LAND_3661;x
3742;235;184;188;PROV_NSM_LAND_3662;x
3743;235;184;202;PROV_NSM_LAND_3663;x
3744;235;190;184;PROV_NSM_LAND_3664;x
3745;235;192;188;PROV_NSM_LAND_3665;x
3746;235;209;223;PROV_NSM_LAND_3666;x
3747;235;222;172;PROV_NSM_LAND_3667;x
3748;235;236;136;PROV_NSM_LAND_3668;x
3749;236;42;59;PROV_NSM_LAND_3669;x
3750;236;45;44;PROV_NSM_LAND_3670;x
3751;236;55;61;PROV_NSM_LAND_3671;x
3752;236;57;243;PROV_NSM_LAND_3672;x
3753;236;59;207;PROV_NSM_LAND_3673;x
3754;236;61;204;PROV_NSM_LAND_3674;x
3755;236;70;59;PROV_NSM_LAND_3675;x
3756;236;72;148;PROV_NSM_LAND_3676;x
3757;236;81;213;PROV_NSM_LAND_3677;x
3758;236;84;216;PROV_NSM_LAND_3678;x
3759;236;105;158;PROV_NSM_LAND_3679;x
3760;236;120;225;PROV_NSM_LAND_3680;x
3761;236;137;132;PROV_NSM_LAND_3681;x
3762;236;139;224;PROV_NSM_LAND_3682;x
3763;236;140;160;PROV_NSM_LAND_3683;x
3764;236;165;238;PROV_NSM_LAND_3684;x
3765;236;169;72;PROV_NSM_LAND_3685;x
3766;236;182;141;PROV_NSM_LAND_3686;x
3767;236;203;128;PROV_NSM_LAND_3687;x
3768;236;204;111;PROV_NSM_LAND_3688;x
3769;236;204;142;PROV_NSM_LAND_3689;x
3770;236;214;231;PROV_NSM_LAND_3690;x
3771;236;217;220;PROV_NSM_LAND_3691;x
3772;236;223;134;PROV_NSM_LAND_3692;x
3773;236;227;140;PROV_NSM_LAND_3693;x
3774;236;228;118;PROV_NSM_LAND_3694;x
3775;236;230;100;PROV_NSM_LAND_3695;x
3776;236;241;80;PROV_NSM_LAND_3696;x
3777;237;42;40;PROV_NSM_LAND_3697;x
3778;237;55;105;PROV_NSM_LAND_3698;x
3779;237;56;46;PROV_NSM_LAND_3699;x
3780;237;65;170;PROV_NSM_LAND_3700;x
3781;237;68;152;PROV_NSM_LAND_3701;x
3782;237;71;237;PROV_NSM_LAND_3702;x
3783;237;75;141;PROV_NSM_LAND_3703;x
3784;237;90;207;PROV_NSM_LAND_3704;x
3785;237;112;225;PROV_NSM_LAND_3705;x
3786;237;114;57;PROV_NSM_LAND_3706;x
3787;237;115;108;PROV_NSM_LAND_3707;x
3788;237;121;158;PROV_NSM_LAND_3708;x
3789;237;128;57;PROV_NSM_LAND_3709;x
3790;237;129;191;PROV_NSM_LAND_3710;x
3791;237;171;203;PROV_NSM_LAND_3711;x
3792;237;173;45;PROV_NSM_LAND_3712;x
3793;237;183;93;PROV_NSM_LAND_3713;x
3794;237;183;173;PROV_NSM_LAND_3714;x
3795;237;188;166;PROV_NSM_LAND_3715;x
3796;237;202;163;PROV_NSM_LAND_3716;x
3797;237;208;122;PROV_NSM_LAND_3717;x
3798;237;213;71;PROV_NSM_LAND_3718;x
3799;237;219;211;PROV_NSM_LAND_3719;x
3800;237;220;70;PROV_NSM_LAND_3720;x
3801;237;224;132;PROV_NSM_LAND_3721;x
3802;238;43;93;PROV_NSM_LAND_3722;x
3803;238;48;146;PROV_NSM_LAND_3723;x
3804;238;63;215;PROV_NSM_LAND_3724;x
3805;238;64;149;PROV_NSM_LAND_3725;x
3806;238;80;162;PROV_NSM_LAND_3726;x
3807;238;82;110;PROV_NSM_LAND_3727;x
3808;238;88;219;PROV_NSM_LAND_3728;x
3809;238;101;192;PROV_NSM_LAND_3729;x
3810;238;114;92;PROV_NSM_LAND_3730;x
3811;238;120;48;PROV_NSM_LAND_3731;x
3812;238;135;144;PROV_NSM_LAND_3732;x
3813;238;136;57;PROV_NSM_LAND_3733;x
3814;238;141;129;PROV_NSM_LAND_3734;x
3815;238;153;80;PROV_NSM_LAND_3735;x
3816;238;169;86;PROV_NSM_LAND_3736;x
3817;238;179;85;PROV_NSM_LAND_3737;x
3818;238;203;75;PROV_NSM_LAND_3738;x
3819;238;205;230;PROV_NSM_LAND_3739;x
3820;238;212;104;PROV_NSM_LAND_3740;x
3821;238;230;199;PROV_NSM_LAND_3741;x
3822;238;238;97;PROV_NSM_LAND_3742;x
3823;238;243;239;PROV_NSM_LAND_3743;x
3824;239;50;104;PROV_NSM_LAND_3744;x
3825;239;70;130;PROV_NSM_LAND_3745;x
3826;239;71;128;PROV_NSM_LAND_3746;x
3827;239;91;39;PROV_NSM_LAND_3747;x
3828;239;100;213;PROV_NSM_LAND_3748;x
3829;239;107;124;PROV_NSM_LAND_3749;x
3830;239;112;65;PROV_NSM_LAND_3750;x
3831;239;114;163;PROV_NSM_LAND_3751;x
3832;239;130;37;PROV_NSM_LAND_3752;x
3833;239;132;155;PROV_NSM_LAND_3753;x
3834;239;140;242;PROV_NSM_LAND_3754;x
3835;239;146;193;PROV_NSM_LAND_3755;x
3836;239;152;127;PROV_NSM_LAND_3756;x
3837;239;155;111;PROV_NSM_LAND_3757;x
3838;239;155;193;PROV_NSM_LAND_3758;x
3839;239;158;41;PROV_NSM_LAND_3759;x
3840;239;168;168;PROV_NSM_LAND_3760;x
3841;239;183;132;PROV_NSM_LAND_3761;x
3842;239;189;148;PROV_NSM_LAND_3762;x
3843;239;190;150;PROV_NSM_LAND_3763;x
3844;239;199;194;PROV_NSM_LAND_3764;x
3845;239;213;89;PROV_NSM_LAND_3765;x
3846;239;223;112;PROV_NSM_LAND_3766;x
3847;239;226;38;PROV_NSM_LAND_3767;x
3848;239;234;239;PROV_NSM_LAND_3768;x
3849;240;65;110;PROV_NSM_LAND_3769;x
3850;240;77;136;PROV_NSM_LAND_3770;x
3851;240;91;104;PROV_NSM_LAND_3771;x
3852;240;98;106;PROV_NSM_LAND_3772;x
3853;240;117;112;PROV_NSM_LAND_3773;x
3854;240;120;176;PROV_NSM_LAND_3774;x
3855;240;126;152;PROV_NSM_LAND_3775;x
3856;240;130;133;PROV_NSM_LAND_3776;x
3857;240;140;104;PROV_NSM_LAND_3777;x
3858;240;141;66;PROV_NSM_LAND_3778;x
3859;240;143;50;PROV_NSM_LAND_3779;x
3860;240;145;52;PROV_NSM_LAND_3780;x
3861;240;154;177;PROV_NSM_LAND_3781;x
3862;240;155;100;PROV_NSM_LAND_3782;x
3863;240;158;58;PROV_NSM_LAND_3783;x
3864;240;160;168;PROV_NSM_LAND_3784;x
3865;240;165;65;PROV_NSM_LAND_3785;x
3866;240;168;147;PROV_NSM_LAND_3786;x
3867;240;170;43;PROV_NSM_LAND_3787;x
3868;240;175;225;PROV_NSM_LAND_3788;x
3869;240;196;221;PROV_NSM_LAND_3789;x
3870;240;204;61;PROV_NSM_LAND_3790;x
3871;240;213;103;PROV_NSM_LAND_3791;x
3872;240;217;49;PROV_NSM_LAND_3792;x
3873;240;225;44;PROV_NSM_LAND_3793;x
3874;240;234;137;PROV_NSM_LAND_3794;x
3875;240;240;113;PROV_NSM_LAND_3795;x
3876;241;46;153;PROV_NSM_LAND_3796;x
3877;241;52;104;PROV_NSM_LAND_3797;x
3878;241;54;187;PROV_NSM_LAND_3798;x
3879;241;62;242;PROV_NSM_LAND_3799;x
3880;241;76;202;PROV_NSM_LAND_3800;x
3881;241;86;100;PROV_NSM_LAND_3801;x
3882;241;87;213;PROV_NSM_LAND_3802;x
3883;241;96;114;PROV_NSM_LAND_3803;x
3884;241;108;62;PROV_NSM_LAND_3804;x
3885;241;138;144;PROV_NSM_LAND_3805;x
3886;241;142;193;PROV_NSM_LAND_3806;x
3887;241;148;146;PROV_NSM_LAND_3807;x
3888;241;152;172;PROV_NSM_LAND_3808;x
3889;241;156;227;PROV_NSM_LAND_3809;x
3890;241;163;38;PROV_NSM_LAND_3810;x
3891;241;165;168;PROV_NSM_LAND_3811;x
3892;241;166;157;PROV_NSM_LAND_3812;x
3893;241;169;94;PROV_NSM_LAND_3813;x
3894;241;179;192;PROV_NSM_LAND_3814;x
3895;241;189;126;PROV_NSM_LAND_3815;x
3896;241;194;53;PROV_NSM_LAND_3816;x
3897;241;203;72;PROV_NSM_LAND_3817;x
3898;241;214;190;PROV_NSM_LAND_3818;x
3899;241;217;171;PROV_NSM_LAND_3819;x
3900;241;218;157;PROV_NSM_LAND_3820;x
3901;241;228;37;PROV_NSM_LAND_3821;x
3902;241;232;73;PROV_NSM_LAND_3822;x
3903;241;235;42;PROV_NSM_LAND_3823;x
3904;241;239;107;PROV_NSM_LAND_3824;x
3905;241;241;126;PROV_NSM_LAND_3825;x
3906;241;242;233;PROV_NSM_LAND_3826;x
3907;242;37;35;PROV_NSM_LAND_3827;x
3908;242;38;163;PROV_NSM_LAND_3828;x
3909;242;51;54;PROV_NSM_LAND_3829;x
3910;242;56;76;PROV_NSM_LAND_3830;x
3911;242;81;150;PROV_NSM_LAND_3831;x
3912;242;84;219;PROV_NSM_LAND_3832;x
3913;242;86;111;PROV_NSM_LAND_3833;x
3914;242;90;36;PROV_NSM_LAND_3834;x
3915;242;94;114;PROV_NSM_LAND_3835;x
3916;242;97;46;PROV_NSM_LAND_3836;x
3917;242;97;99;PROV_NSM_LAND_3837;x
3918;242;127;92;PROV_NSM_LAND_3838;x
3919;242;127;203;PROV_NSM_LAND_3839;x
3920;242;128;180;PROV_NSM_LAND_3840;x
3921;242;169;62;PROV_NSM_LAND_3841;x
3922;242;172;106;PROV_NSM_LAND_3842;x
3923;242;183;57;PROV_NSM_LAND_3843;x
3924;242;187;244;PROV_NSM_LAND_3844;x
3925;242;198;176;PROV_NSM_LAND_3845;x
3926;242;199;227;PROV_NSM_LAND_3846;x
3927;242;201;233;PROV_NSM_LAND_3847;x
3928;242;206;131;PROV_NSM_LAND_3848;x
3929;242;206;244;PROV_NSM_LAND_3849;x
3930;242;209;75;PROV_NSM_LAND_3850;x
3931;242;215;139;PROV_NSM_LAND_3851;x
3932;242;217;196;PROV_NSM_LAND_3852;x
3933;243;40;160;PROV_NSM_LAND_3853;x
3934;243;43;122;PROV_NSM_LAND_3854;x
3935;243;69;51;PROV_NSM_LAND_3855;x
3936;243;70;122;PROV_NSM_LAND_3856;x
3937;243;78;99;PROV_NSM_LAND_3857;x
3938;243;79;59;PROV_NSM_LAND_3858;x
3939;243;79;234;PROV_NSM_LAND_3859;x
3940;243;85;214;PROV_NSM_LAND_3860;x
3941;243;93;98;PROV_NSM_LAND_3861;x
3942;243;113;42;PROV_NSM_LAND_3862;x
3943;243;119;137;PROV_NSM_LAND_3863;x
3944;243;131;56;PROV_NSM_LAND_3864;x
3945;243;134;88;PROV_NSM_LAND_3865;x
3946;243;158;98;PROV_NSM_LAND_3866;x
3947;243;159;187;PROV_NSM_LAND_3867;x
3948;243;170;104;PROV_NSM_LAND_3868;x
3949;243;172;65;PROV_NSM_LAND_3869;x
3950;243;174;182;PROV_NSM_LAND_3870;x
3951;243;175;165;PROV_NSM_LAND_3871;x
3952;243;179;86;PROV_NSM_LAND_3872;x
3953;243;179;183;PROV_NSM_LAND_3873;x
3954;243;180;53;PROV_NSM_LAND_3874;x
3955;243;195;224;PROV_NSM_LAND_3875;x
3956;243;200;42;PROV_NSM_LAND_3876;x
3957;243;202;186;PROV_NSM_LAND_3877;x
3958;243;208;77;PROV_NSM_LAND_3878;x
3959;243;208;136;PROV_NSM_LAND_3879;x
3960;243;219;50;PROV_NSM_LAND_3880;x
3961;243;231;131;PROV_NSM_LAND_3881;x
3962;243;231;198;PROV_NSM_LAND_3882;x
3963;243;232;70;PROV_NSM_LAND_3883;x
3964;243;241;67;PROV_NSM_LAND_3884;x
3965;244;42;95;PROV_NSM_LAND_3885;x
3966;244;45;164;PROV_NSM_LAND_3886;x
3967;244;58;75;PROV_NSM_LAND_3887;x
3968;244;70;71;PROV_NSM_LAND_3888;x
3969;244;71;70;PROV_NSM_LAND_3889;x
3970;244;79;129;PROV_NSM_LAND_3890;x
3971;244;80;180;PROV_NSM_LAND_3891;x
3972;244;85;129;PROV_NSM_LAND_3892;x
3973;244;92;178;PROV_NSM_LAND_3893;x
3974;244;100;202;PROV_NSM_LAND_3894;x
3975;244;101;97;PROV_NSM_LAND_3895;x
3976;244;116;231;PROV_NSM_LAND_3896;x
3977;244;131;78;PROV_NSM_LAND_3897;x
3978;244;136;169;PROV_NSM_LAND_3898;x
3979;244;143;139;PROV_NSM_LAND_3899;x
3980;244;147;46;PROV_NSM_LAND_3900;x
3981;244;160;165;PROV_NSM_LAND_3901;x
3982;244;160;193;PROV_NSM_LAND_3902;x
3983;244;163;115;PROV_NSM_LAND_3903;x
3984;244;168;70;PROV_NSM_LAND_3904;x
3985;244;196;208;PROV_NSM_LAND_3905;x
3986;244;204;81;PROV_NSM_LAND_3906;x
3987;244;213;186;PROV_NSM_LAND_3907;x
3988;244;216;192;PROV_NSM_LAND_3908;x
3989;244;220;167;PROV_NSM_LAND_3909;x
3990;244;222;173;PROV_NSM_LAND_3910;x
3991;244;225;209;PROV_NSM_LAND_3911;x
3992;244;227;55;PROV_NSM_LAND_3912;x
3993;244;231;47;PROV_NSM_LAND_3913;x
3994;244;234;39;PROV_NSM_LAND_3914;x
3995;245;41;239;PROV_NSM_LAND_3915;x
3996;245;49;121;PROV_NSM_LAND_3916;x
3997;245;54;55;PROV_NSM_LAND_3917;x
3998;245;93;61;PROV_NSM_LAND_3918;x
3999;245;111;232;PROV_NSM_LAND_3919;x
4000;245;114;119;PROV_NSM_LAND_3920;x
4001;245;116;175;PROV_NSM_LAND_3921;x
4002;245;121;159;PROV_NSM_LAND_3922;x
4003;245;133;65;PROV_NSM_LAND_3923;x
4004;245;138;115;PROV_NSM_LAND_3924;x
4005;245;147;223;PROV_NSM_LAND_3925;x
4006;245;174;235;PROV_NSM_LAND_3926;x
4007;245;181;206;PROV_NSM_LAND_3927;x
4008;245;187;198;PROV_NSM_LAND_3928;x
4009;245;188;143;PROV_NSM_LAND_3929;x
4010;245;189;225;PROV_NSM_LAND_3930;x
4011;245;211;146;PROV_NSM_LAND_3931;x
4012;245;222;191;PROV_NSM_LAND_3932;x
4013;245;230;131;PROV_NSM_LAND_3933;x
4014;245;242;54;PROV_NSM_LAND_3934;x
4015;245;245;110;PROV_NSM_LAND_3935;x
4016;231;101;11;PROV_NSM_SEA_081;x
4017;66;113;124;PROV_NSM_SEA_082;x
4018;194;135;126;PROV_NSM_SEA_083;x
4019;158;140;164;PROV_NSM_SEA_084;x
4020;44;76;156;PROV_NSM_SEA_085;x
4021;99;211;120;PROV_NSM_SEA_086;x
4022;191;38;30;PROV_NSM_SEA_087;x
4023;108;56;75;PROV_NSM_SEA_088;x
4024;44;239;41;PROV_NSM_SEA_089;x
4025;8;134;147;PROV_NSM_SEA_090;x
4026;174;241;48;PROV_NSM_SEA_091;x
4027;239;84;26;PROV_NSM_SEA_092;x
4028;229;52;26;PROV_NSM_SEA_093;x
4029;50;104;127;PROV_NSM_SEA_094;x
4030;100;47;107;PROV_NSM_SEA_095;x
4031;95;123;115;PROV_NSM_SEA_096;x
4032;196;108;107;PROV_NSM_SEA_097;x
4033;238;44;229;PROV_NSM_SEA_098;x
4034;116;165;184;PROV_NSM_SEA_099;x
4035;192;75;127;PROV_NSM_SEA_100;x
4036;44;142;74;PROV_NSM_SEA_101;x
4037;158;85;220;PROV_NSM_SEA_102;x
4038;28;170;127;PROV_NSM_SEA_103;x
4039;48;240;121;PROV_NSM_SEA_104;x
4040;212;71;151;PROV_NSM_SEA_105;x
4041;147;90;230;PROV_NSM_SEA_106;x
4042;155;108;71;PROV_NSM_SEA_107;x
4043;23;126;228;PROV_NSM_SEA_108;x
4044;215;71;243;PROV_NSM_SEA_109;x
4045;182;239;16;PROV_NSM_SEA_110;x
4046;106;247;28;PROV_NSM_SEA_111;x
4047;23;70;148;PROV_NSM_SEA_112;x
4048;195;205;189;PROV_NSM_SEA_113;x
4049;190;245;194;PROV_NSM_SEA_114;x
4050;156;73;135;PROV_NSM_SEA_115;x
4051;101;245;135;PROV_NSM_SEA_116;x
4052;211;148;202;PROV_NSM_SEA_117;x
4053;216;160;200;PROV_NSM_SEA_118;x
4054;194;13;233;PROV_NSM_SEA_119;x
4055;98;49;202;PROV_NSM_SEA_120;x
4056;163;187;225;PROV_NSM_SEA_121;x
4057;56;34;220;PROV_NSM_SEA_122;x
4058;114;139;152;PROV_NSM_SEA_123;x
4059;32;173;144;PROV_NSM_SEA_124;x
4060;100;204;173;PROV_NSM_SEA_125;x
4061;239;217;126;PROV_NSM_SEA_126;x
4062;167;43;146;PROV_NSM_SEA_127;x
4063;240;74;238;PROV_NSM_SEA_128;x
4064;114;238;50;PROV_NSM_SEA_129;x
4065;124;217;228;PROV_NSM_SEA_130;x
4066;34;214;111;PROV_NSM_SEA_131;x
4067;180;184;138;PROV_NSM_SEA_132;x
4068;200;32;12;PROV_NSM_SEA_133;x
4069;98;15;176;PROV_NSM_SEA_134;x
4070;198;68;130;PROV_NSM_SEA_135;x
4071;208;108;223;PROV_NSM_SEA_136;x
4072;81;93;56;PROV_NSM_SEA_137;x
4073;99;217;143;PROV_NSM_SEA_138;x
4074;146;82;170;PROV_NSM_SEA_139;x
4075;18;128;147;PROV_NSM_SEA_140;x
4076;123;113;54;PROV_NSM_SEA_141;x
4077;110;211;99;PROV_NSM_SEA_142;x
4078;91;179;31;PROV_NSM_SEA_143;x
4079;116;75;90;PROV_NSM_SEA_144;x
4080;96;46;233;PROV_NSM_SEA_145;x
4081;150;242;243;PROV_NSM_SEA_146;x
4082;137;231;56;PROV_NSM_SEA_147;x
4083;202;103;167;PROV_NSM_SEA_148;x
4084;20;99;95;PROV_NSM_SEA_149;x
4085;242;36;56;PROV_NSM_SEA_150;x
4086;212;223;244;PROV_NSM_SEA_151;x
4087;16;151;235;PROV_NSM_SEA_152;x
4088;130;131;185;PROV_NSM_SEA_153;x
4089;212;106;121;PROV_NSM_SEA_154;x
4090;139;64;236;PROV_NSM_SEA_155;x
4091;98;166;117;PROV_NSM_SEA_156;x
4092;240;115;228;PROV_NSM_SEA_157;x
4093;235;220;60;PROV_NSM_SEA_158;x
4094;209;76;245;PROV_NSM_SEA_159;x
4095;42;230;36;PROV_NSM_SEA_160;x
4096;115;224;20;PROV_NSM_SEA_161;x
4097;230;96;53;PROV_NSM_SEA_162;x
4098;25;29;62;PROV_NSM_SEA_163;x
4099;83;198;80;PROV_NSM_SEA_164;x
4100;245;168;157;PROV_NSM_SEA_165;x
4101;224;224;27;PROV_NSM_SEA_166;x
4102;214;137;19;PROV_NSM_SEA_167;x
4103;238;10;175;PROV_NSM_SEA_168;x
4104;115;96;219;PROV_NSM_SEA_169;x
4105;45;25;101;PROV_NSM_SEA_170;x
4106;222;189;113;PROV_NSM_SEA_171;x
4107;224;54;39;PROV_NSM_SEA_172;x
4108;25;199;137;PROV_NSM_SEA_173;x
4109;148;17;132;PROV_NSM_SEA_174;x
4110;245;227;184;PROV_NSM_SEA_175;x
4111;87;167;102;PROV_NSM_SEA_176;x
4112;163;14;164;PROV_NSM_SEA_177;x
4113;47;176;23;PROV_NSM_SEA_178;x
4114;78;182;223;PROV_NSM_SEA_179;x
4115;38;134;174;PROV_NSM_SEA_180;x
4116;190;145;150;PROV_NSM_SEA_181;x
4117;176;23;243;PROV_NSM_SEA_182;x
4118;79;204;41;PROV_NSM_SEA_183;x
4119;171;55;77;PROV_NSM_SEA_184;x
4120;37;119;29;PROV_NSM_SEA_185;x
4121;132;190;153;PROV_NSM_SEA_186;x
4122;144;187;103;PROV_NSM_SEA_187;x
4123;163;83;143;PROV_NSM_SEA_188;x
4124;200;58;148;PROV_NSM_SEA_189;x
4125;99;219;247;PROV_NSM_SEA_190;x
4126;236;232;152;PROV_NSM_SEA_191;x
4127;250;50;250;PROV_NSM_SEA_192;x
4128;249;51;250;PROV_NSM_SEA_193;x
4129;218;184;28;PROV_NSM_LAND_3936;x
4130;106;35;195;PROV_NSM_LAND_3937;x
4131;31;151;53;PROV_NSM_LAND_3938;x
4132;160;70;198;PROV_NSM_LAND_3939;x
4133;57;182;184;PROV_NSM_LAND_3940;x
4134;209;55;242;PROV_NSM_LAND_3941;x
4135;61;57;153;PROV_NSM_LAND_3942;x
4136;165;134;139;PROV_NSM_LAND_3943;x
4137;39;184;93;PROV_NSM_LAND_3944;x
4138;217;143;145;PROV_NSM_LAND_3945;x
4139;45;45;172;PROV_NSM_LAND_3946;x
4140;95;37;22;PROV_NSM_LAND_3947;x
4141;78;199;42;PROV_NSM_LAND_3948;x
4142;39;38;156;PROV_NSM_LAND_3949;x
4143;210;41;85;PROV_NSM_LAND_3950;x
4144;57;37;34;PROV_NSM_LAND_3951;x
4145;168;218;64;PROV_NSM_LAND_3952;x
4146;47;30;151;PROV_NSM_LAND_3953;x
4147;155;125;176;PROV_NSM_LAND_3954;x
4148;68;135;122;PROV_NSM_LAND_3955;x
4149;72;217;115;PROV_NSM_LAND_3956;x
4150;144;93;94;PROV_NSM_LAND_3957;x
4151;147;163;214;PROV_NSM_LAND_3958;x
4152;57;60;144;PROV_NSM_LAND_3959;x
4153;109;105;224;PROV_NSM_LAND_3960;x
4154;127;196;54;PROV_NSM_LAND_3961;x
4155;56;192;153;PROV_NSM_LAND_3962;x
4156;194;151;114;PROV_NSM_LAND_3963;x
4157;139;169;194;PROV_NSM_LAND_3964;x
4158;86;192;26;PROV_NSM_LAND_3965;x
4159;52;132;126;PROV_NSM_LAND_3966;x
4160;220;122;184;PROV_NSM_LAND_3967;x
4161;198;198;103;PROV_NSM_LAND_3968;x
4162;168;180;187;PROV_NSM_LAND_3969;x
4163;33;148;219;PROV_NSM_LAND_3970;x
4164;74;158;71;PROV_NSM_LAND_3971;x
4165;241;200;148;PROV_NSM_LAND_3972;x
4166;131;205;234;PROV_NSM_LAND_3973;x
4167;172;171;242;PROV_NSM_LAND_3974;x
4168;200;200;227;PROV_NSM_LAND_3975;x
4169;117;36;58;PROV_NSM_LAND_3976;x
4170;227;166;103;PROV_NSM_LAND_3977;x
4171;191;88;172;PROV_NSM_LAND_3978;x
4172;221;112;59;PROV_NSM_LAND_3979;x
4173;116;57;212;PROV_NSM_LAND_3980;x
4174;146;147;123;PROV_NSM_LAND_3981;x
4175;158;128;158;PROV_NSM_LAND_3982;x
4176;116;98;243;PROV_NSM_LAND_3983;x
4177;53;198;182;PROV_NSM_LAND_3984;x
4178;66;110;120;PROV_NSM_LAND_3985;x
4179;139;158;170;PROV_NSM_LAND_3986;x
4180;82;164;41;PROV_NSM_LAND_3987;x
4181;179;191;198;PROV_NSM_LAND_3988;x
4182;130;207;75;PROV_NSM_LAND_3989;x
4183;214;155;200;PROV_NSM_LAND_3990;x
4184;120;59;143;PROV_NSM_LAND_3991;x
4185;31;107;135;PROV_NSM_LAND_3992;x
4186;59;170;174;PROV_NSM_LAND_3993;x
4187;146;143;202;PROV_NSM_LAND_3994;x
4188;186;170;101;PROV_NSM_LAND_3995;x
4189;116;49;94;PROV_NSM_LAND_3996;x
4190;42;153;170;PROV_NSM_LAND_3997;x
4191;226;202;62;PROV_NSM_LAND_3998;x
4192;104;65;34;PROV_NSM_LAND_3999;x
4193;125;48;87;PROV_NSM_LAND_4000;x
4194;173;162;112;PROV_NSM_LAND_4001;x
4195;201;189;91;PROV_NSM_LAND_4002;x
4196;89;36;229;PROV_NSM_LAND_4003;x
4197;232;198;32;PROV_NSM_LAND_4004;x
4198;128;147;61;PROV_NSM_LAND_4005;x
4199;166;224;219;PROV_NSM_LAND_4006;x
4200;46;23;218;PROV_NSM_LAND_4007;x
4201;134;179;197;PROV_NSM_LAND_4008;x
4202;209;69;191;PROV_NSM_LAND_4009;x
4203;203;159;105;PROV_NSM_LAND_4010;x
4204;89;121;155;PROV_NSM_LAND_4011;x
4205;217;158;88;PROV_NSM_LAND_4012;x
4206;93;153;210;PROV_NSM_LAND_4013;x
4207;93;83;65;PROV_NSM_LAND_4014;x
4208;127;230;58;PROV_NSM_LAND_4015;x
4209;217;188;183;PROV_NSM_LAND_4016;x
4210;228;77;132;PROV_NSM_LAND_4017;x
4211;99;106;215;PROV_NSM_LAND_4018;x
4212;76;56;167;PROV_NSM_LAND_4019;x
4213;175;34;67;PROV_NSM_LAND_4020;x
4214;34;193;118;PROV_NSM_LAND_4021;x
4215;131;155;204;PROV_NSM_LAND_4022;x
4216;62;245;140;PROV_NSM_LAND_4023;x
4217;91;79;96;PROV_NSM_LAND_4024;x
4218;233;51;90;PROV_NSM_LAND_4025;x
4219;100;65;75;PROV_NSM_LAND_4026;x
4220;141;45;77;PROV_NSM_LAND_4027;x
4221;93;208;211;PROV_NSM_LAND_4028;x
4222;204;97;127;PROV_NSM_LAND_4029;x
4223;218;22;131;PROV_NSM_LAND_4030;x
4224;150;105;87;PROV_NSM_LAND_4031;x
4225;91;85;199;PROV_NSM_LAND_4032;x
4226;160;149;127;PROV_NSM_LAND_4033;x
4227;47;41;37;PROV_NSM_LAND_4034;x
4228;75;201;92;PROV_NSM_LAND_4035;x
4229;196;135;199;PROV_NSM_LAND_4036;x
4230;122;173;91;PROV_NSM_LAND_4037;x
4231;174;202;231;PROV_NSM_LAND_4038;x
4232;28;141;169;PROV_NSM_LAND_4039;x
4233;37;133;142;PROV_NSM_LAND_4040;x
4234;35;68;161;PROV_NSM_LAND_4041;x
4235;241;121;173;PROV_NSM_LAND_4042;x
4236;56;64;22;PROV_NSM_LAND_4043;x
4237;188;152;241;PROV_NSM_LAND_4044;x
4238;236;34;234;PROV_NSM_LAND_4045;x
4239;223;229;243;PROV_NSM_LAND_4046;x
4240;190;122;108;PROV_NSM_LAND_4047;x
4241;59;225;230;PROV_NSM_LAND_4048;x
4242;211;225;110;PROV_NSM_LAND_4049;x
4243;174;101;199;PROV_NSM_LAND_4050;x
4244;148;232;110;PROV_NSM_LAND_4051;x
4245;64;125;114;PROV_NSM_LAND_4052;x
4246;243;126;186;PROV_NSM_LAND_4053;x
4247;192;161;218;PROV_NSM_LAND_4054;x
4248;147;210;191;PROV_NSM_LAND_4055;x
4249;201;84;49;PROV_NSM_LAND_4056;x
4250;231;222;147;PROV_NSM_LAND_4057;x
4251;239;48;29;PROV_NSM_LAND_4058;x
4252;44;158;123;PROV_NSM_LAND_4059;x
4253;41;143;78;PROV_NSM_LAND_4060;x
4254;152;130;111;PROV_NSM_LAND_4061;x
4255;154;62;172;PROV_NSM_LAND_4062;x
4256;182;77;144;PROV_NSM_LAND_4063;x
4257;83;197;128;PROV_NSM_LAND_4064;x
4258;25;188;141;PROV_NSM_LAND_4065;x
4259;70;243;29;PROV_NSM_LAND_4066;x
4260;101;177;180;PROV_NSM_LAND_4067;x
4261;195;237;80;PROV_NSM_LAND_4068;x
4262;68;65;161;PROV_NSM_LAND_4069;x
4263;54;182;57;PROV_NSM_LAND_4070;x
4264;187;39;136;PROV_NSM_LAND_4071;x
4265;215;167;200;PROV_NSM_LAND_4072;x
4266;161;231;71;PROV_NSM_LAND_4073;x
4267;32;81;58;PROV_NSM_LAND_4074;x
4268;238;122;65;PROV_NSM_LAND_4075;x
4269;195;199;233;PROV_NSM_LAND_4076;x
4270;120;108;206;PROV_NSM_LAND_4077;x
4271;35;99;222;PROV_NSM_LAND_4078;x
4272;27;88;188;PROV_NSM_LAND_4079;x
4273;45;221;172;PROV_NSM_LAND_4080;x
4274;106;81;127;PROV_NSM_LAND_4081;x
4275;243;95;160;PROV_NSM_LAND_4082;x
4276;168;239;232;PROV_NSM_LAND_4083;x
4277;29;29;64;PROV_NSM_LAND_4084;x
4278;146;185;105;PROV_NSM_LAND_4085;x
4279;157;37;64;PROV_NSM_LAND_4086;x
4280;223;180;210;PROV_NSM_LAND_4087;x
4281;123;98;38;PROV_NSM_LAND_4088;x
4282;86;185;41;PROV_NSM_LAND_4089;x
4283;120;28;114;PROV_NSM_LAND_4090;x
4284;103;117;159;PROV_NSM_LAND_4091;x
4285;85;173;40;PROV_NSM_LAND_4092;x
4286;190;50;197;PROV_NSM_LAND_4093;x
4287;232;78;121;PROV_NSM_LAND_4094;x
4288;147;31;180;PROV_NSM_LAND_4095;x
4289;136;69;59;PROV_NSM_LAND_4096;x
4290;167;119;106;PROV_NSM_LAND_4097;x
4291;112;71;239;PROV_NSM_LAND_4098;x
4292;139;210;233;PROV_NSM_LAND_4099;x
4293;205;204;66;PROV_NSM_LAND_4100;x
4294;124;140;174;PROV_NSM_LAND_4101;x
4295;173;228;106;PROV_NSM_LAND_4102;x
4296;126;204;66;PROV_NSM_LAND_4103;x
4297;106;166;234;PROV_NSM_LAND_4104;x
4298;20;226;211;PROV_NSM_LAND_4105;x
4299;51;67;101;PROV_NSM_LAND_4106;x
4300;154;44;20;PROV_NSM_LAND_4107;x
4301;221;191;162;PROV_NSM_LAND_4108;x
4302;131;103;126;PROV_NSM_LAND_4109;x
4303;138;80;207;PROV_NSM_LAND_4110;x
4304;178;144;38;PROV_NSM_LAND_4111;x
4305;151;243;142;PROV_NSM_LAND_4112;x
4306;218;99;112;PROV_NSM_LAND_4113;x
4307;77;38;94;PROV_NSM_LAND_4114;x
4308;196;93;52;PROV_NSM_LAND_4115;x
4309;231;232;99;PROV_NSM_LAND_4116;x
4310;112;26;84;PROV_NSM_LAND_4117;x
4311;203;26;101;PROV_NSM_LAND_4118;x
4312;198;52;119;PROV_NSM_LAND_4119;x
4313;125;100;53;PROV_NSM_LAND_4120;x
4314;30;25;121;PROV_NSM_LAND_4121;x
4315;62;143;51;PROV_NSM_LAND_4122;x
4316;97;93;107;PROV_NSM_LAND_4123;x
4317;201;182;62;PROV_NSM_LAND_4124;x
4318;198;51;198;PROV_NSM_LAND_4125;x
4319;112;221;57;PROV_NSM_LAND_4126;x
4320;168;160;47;PROV_NSM_LAND_4127;x
4321;203;77;106;PROV_NSM_LAND_4128;x
4322;130;35;222;PROV_NSM_LAND_4129;x
4323;229;93;169;PROV_NSM_LAND_4130;x
4324;105;224;24;PROV_NSM_LAND_4131;x
4325;233;197;171;PROV_NSM_LAND_4132;x
4326;227;171;234;PROV_NSM_LAND_4133;x
4327;203;20;203;PROV_NSM_LAND_4134;x
4328;47;49;120;PROV_NSM_LAND_4135;x
4329;218;202;52;PROV_NSM_LAND_4136;x
4330;161;40;58;PROV_NSM_LAND_4137;x
4331;209;57;125;PROV_NSM_LAND_4138;x
4332;171;238;26;PROV_NSM_LAND_4139;x
4333;177;240;159;PROV_NSM_LAND_4140;x
4334;146;147;91;PROV_NSM_LAND_4141;x
4335;41;155;80;PROV_NSM_LAND_4142;x
4336;54;54;62;PROV_NSM_LAND_4143;x
4337;212;207;97;PROV_NSM_LAND_4144;x
4338;125;126;185;PROV_NSM_LAND_4145;x
4339;219;27;85;PROV_NSM_LAND_4146;x
4340;187;84;125;PROV_NSM_LAND_4147;x
4341;205;208;124;PROV_NSM_LAND_4148;x
4342;42;144;93;PROV_NSM_LAND_4149;x
4343;245;222;86;PROV_NSM_LAND_4150;x
4344;186;141;168;PROV_NSM_LAND_4151;x
4345;85;237;83;PROV_NSM_LAND_4152;x
4346;237;41;106;PROV_NSM_LAND_4153;x
4347;188;37;182;PROV_NSM_LAND_4154;x
4348;230;43;218;PROV_NSM_LAND_4155;x
4349;41;100;229;PROV_NSM_LAND_4156;x
4350;120;199;178;PROV_NSM_LAND_4157;x
4351;207;27;112;PROV_NSM_LAND_4158;x
4352;170;94;213;PROV_NSM_LAND_4159;x
4353;126;162;228;PROV_NSM_LAND_4160;x
4354;209;235;109;PROV_NSM_LAND_4161;x
4355;136;230;160;PROV_NSM_LAND_4162;x
4356;237;213;54;PROV_NSM_LAND_4163;x
4357;190;99;173;PROV_NSM_LAND_4164;x
4358;210;122;24;PROV_NSM_LAND_4165;x
4359;36;45;98;PROV_NSM_LAND_4166;x
4360;141;242;106;PROV_NSM_LAND_4167;x
4361;150;164;170;PROV_NSM_LAND_4168;x
4362;37;131;44;PROV_NSM_LAND_4169;x
4363;142;105;51;PROV_NSM_LAND_4170;x
4364;100;72;85;PROV_NSM_LAND_4171;x
4365;240;194;73;PROV_NSM_LAND_4172;x
4366;131;108;96;PROV_NSM_LAND_4173;x
4367;205;101;162;PROV_NSM_LAND_4174;x
4368;62;195;65;PROV_NSM_LAND_4175;x
4369;223;181;245;PROV_NSM_LAND_4176;x
4370;61;27;203;PROV_NSM_LAND_4177;x
4371;85;179;163;PROV_NSM_LAND_4178;x
4372;62;177;153;PROV_NSM_LAND_4179;x
4373;244;237;245;PROV_NSM_LAND_4180;x
4374;123;236;161;PROV_NSM_LAND_4181;x
4375;233;78;161;PROV_NSM_LAND_4182;x
4376;159;233;144;PROV_NSM_LAND_4183;x
4377;34;153;132;PROV_NSM_LAND_4184;x
4378;172;220;155;PROV_NSM_LAND_4185;x
4379;174;156;88;PROV_NSM_LAND_4186;x
4380;164;43;110;PROV_NSM_LAND_4187;x
4381;227;149;242;PROV_NSM_LAND_4188;x
4382;222;50;233;PROV_NSM_LAND_4189;x
4383;129;136;182;PROV_NSM_LAND_4190;x
4384;236;132;77;PROV_NSM_LAND_4191;x
4385;52;245;130;PROV_NSM_LAND_4192;x
4386;58;66;244;PROV_NSM_LAND_4193;x
4387;33;73;214;PROV_NSM_LAND_4194;x
4388;222;39;66;PROV_NSM_LAND_4195;x
4389;172;59;112;PROV_NSM_LAND_4196;x
4390;30;81;155;PROV_NSM_LAND_4197;x
4391;242;188;33;PROV_NSM_LAND_4198;x
4392;45;99;100;PROV_NSM_LAND_4199;x
4393;230;163;90;PROV_NSM_LAND_4200;x
4394;83;58;76;PROV_NSM_LAND_4201;x
4395;162;107;36;PROV_NSM_LAND_4202;x
4396;172;103;142;PROV_NSM_LAND_4203;x
4397;187;39;158;PROV_NSM_LAND_4204;x
4398;76;181;95;PROV_NSM_LAND_4205;x
4399;51;126;51;PROV_NSM_LAND_4206;x
4400;107;84;128;PROV_NSM_LAND_4207;x
4401;55;237;41;PROV_NSM_LAND_4208;x
4402;48;40;114;PROV_NSM_LAND_4209;x
4403;97;222;241;PROV_NSM_LAND_4210;x
4404;243;222;130;PROV_NSM_LAND_4211;x
4405;177;81;142;PROV_NSM_LAND_4212;x
4406;92;61;115;PROV_NSM_LAND_4213;x
4407;56;113;52;PROV_NSM_LAND_4214;x
4408;116;38;155;PROV_NSM_LAND_4215;x
4409;145;135;80;PROV_NSM_LAND_4216;x
4410;98;103;87;PROV_NSM_LAND_4217;x
4411;194;32;180;PROV_NSM_LAND_4218;x
4412;53;82;116;PROV_NSM_LAND_4219;x
4413;79;113;75;PROV_NSM_LAND_4220;x
4414;72;37;98;PROV_NSM_LAND_4221;x
4415;201;21;47;PROV_NSM_LAND_4222;x
4416;147;215;92;PROV_NSM_LAND_4223;x
4417;142;205;100;PROV_NSM_LAND_4224;x
4418;53;199;45;PROV_NSM_LAND_4225;x
4419;235;127;67;PROV_NSM_LAND_4226;x
4420;125;42;89;PROV_NSM_LAND_4227;x
4421;57;152;237;PROV_NSM_LAND_4228;x
4422;43;64;124;PROV_NSM_LAND_4229;x
4423;126;92;239;PROV_NSM_LAND_4230;x
4424;69;51;218;PROV_NSM_LAND_4231;x
4425;79;141;99;PROV_NSM_LAND_4232;x
4426;109;107;99;PROV_NSM_LAND_4233;x
4427;103;55;186;PROV_NSM_LAND_4234;x
4428;142;76;145;PROV_NSM_LAND_4235;x
4429;119;147;29;PROV_NSM_LAND_4236;x
4430;169;50;141;PROV_NSM_LAND_4237;x
4431;203;105;167;PROV_NSM_LAND_4238;x
4432;91;25;232;PROV_NSM_LAND_4239;x
4433;71;190;233;PROV_NSM_LAND_4240;x
4434;98;208;43;PROV_NSM_LAND_4241;x
4435;234;126;101;PROV_NSM_LAND_4242;x
4436;40;70;21;PROV_NSM_LAND_4243;x
4437;107;144;166;PROV_NSM_LAND_4244;x
4438;58;158;108;PROV_NSM_LAND_4245;x
4439;31;237;175;PROV_NSM_LAND_4246;x
4440;159;160;132;PROV_NSM_LAND_4247;x
4441;171;205;46;PROV_NSM_LAND_4248;x
4442;70;193;119;PROV_NSM_LAND_4249;x
4443;174;106;201;PROV_NSM_LAND_4250;x
4444;28;147;130;PROV_NSM_LAND_4251;x
4445;114;240;105;PROV_NSM_LAND_4252;x
4446;54;141;129;PROV_NSM_LAND_4253;x
4447;110;123;123;PROV_NSM_LAND_4254;x
4448;33;200;112;PROV_NSM_LAND_4255;x
4449;76;242;160;PROV_NSM_LAND_4256;x
4450;138;117;56;PROV_NSM_LAND_4257;x
4451;134;27;205;PROV_NSM_LAND_4258;x
4452;102;72;64;PROV_NSM_LAND_4259;x
4453;17;205;221;toe_sea_split_063_b;x
4454;219;117;31;toe_sea_split_063_c;x
4455;241;61;249;PROV_NSM_SEA_194;x
4456;242;62;249;PROV_NSM_SEA_195;x
4457;243;63;249;PROV_NSM_SEA_196;x

4458;54;144;2;PROV_NSM_ANT_001;x
4459;91;235;159;PROV_NSM_ANT_002;x
4460;128;70;60;PROV_NSM_ANT_003;x
4461;165;161;217;PROV_NSM_ANT_004;x
4462;202;252;118;PROV_NSM_ANT_005;x
4463;239;87;19;PROV_NSM_ANT_006;x
4464;20;178;176;PROV_NSM_ANT_007;x
4465;57;13;77;PROV_NSM_ANT_008;x
4466;94;104;234;PROV_NSM_ANT_009;x
4467;131;195;135;PROV_NSM_ANT_010;x
4468;168;30;36;PROV_NSM_ANT_011;x
4469;205;121;193;PROV_NSM_ANT_012;x
4470;242;212;94;PROV_NSM_ANT_013;x
4471;23;47;251;PROV_NSM_ANT_014;x
4472;60;138;152;PROV_NSM_ANT_015;x
4473;97;229;53;PROV_NSM_ANT_016;x
4474;134;64;210;PROV_NSM_ANT_017;x
4475;171;155;111;PROV_NSM_ANT_018;x
4476;208;246;12;PROV_NSM_ANT_019;x
4477;245;81;169;PROV_NSM_ANT_020;x
4478;26;172;70;PROV_NSM_ANT_021;x
4479;63;7;227;PROV_NSM_ANT_022;x
4480;100;98;128;PROV_NSM_ANT_023;x
4481;137;189;29;PROV_NSM_ANT_024;x
4482;174;24;186;PROV_NSM_ANT_025;x
4483;211;115;87;PROV_NSM_ANT_026;x
4484;248;206;244;PROV_NSM_ANT_027;x
4485;29;41;145;PROV_NSM_ANT_028;x
4486;66;132;46;PROV_NSM_ANT_029;x
4487;103;223;203;PROV_NSM_ANT_030;x
4488;140;58;104;PROV_NSM_ANT_031;x
4489;177;149;5;PROV_NSM_ANT_032;x
4490;214;240;162;PROV_NSM_ANT_033;x
4491;251;75;63;PROV_NSM_ANT_034;x
4492;32;166;220;PROV_NSM_ANT_035;x
4493;69;1;121;PROV_NSM_ANT_036;x
4494;106;92;22;PROV_NSM_ANT_037;x
4495;143;183;179;PROV_NSM_ANT_038;x
4496;180;18;80;PROV_NSM_ANT_039;x
4497;217;109;237;PROV_NSM_ANT_040;x
4498;254;200;138;PROV_NSM_ANT_041;x
4499;35;35;39;PROV_NSM_ANT_042;x
4500;72;126;196;PROV_NSM_ANT_043;x
4501;109;217;97;PROV_NSM_ANT_044;x
4502;146;52;254;PROV_NSM_ANT_045;x
4503;183;143;155;PROV_NSM_ANT_046;x
4504;220;234;56;PROV_NSM_ANT_047;x
4505;1;69;213;PROV_NSM_ANT_048;x
4506;38;160;114;PROV_NSM_ANT_049;x
4507;75;251;15;PROV_NSM_ANT_050;x
4508;112;86;172;PROV_NSM_ANT_051;x
4509;149;177;73;PROV_NSM_ANT_052;x
4510;186;12;230;PROV_NSM_ANT_053;x
4511;223;103;131;PROV_NSM_ANT_054;x
4512;4;194;32;PROV_NSM_ANT_055;x
4513;41;29;189;PROV_NSM_ANT_056;x
4514;78;120;90;PROV_NSM_ANT_057;x
4515;115;211;247;PROV_NSM_ANT_058;x
4516;152;46;148;PROV_NSM_ANT_059;x
4517;189;137;49;PROV_NSM_ANT_060;x
4518;226;228;206;PROV_NSM_ANT_061;x
4519;7;63;107;PROV_NSM_ANT_062;x
4520;44;154;8;PROV_NSM_ANT_063;x
4521;81;245;165;PROV_NSM_ANT_064;x
4522;118;80;66;PROV_NSM_ANT_065;x
4523;155;171;223;PROV_NSM_ANT_066;x
4524;192;6;124;PROV_NSM_ANT_067;x
4525;229;97;25;PROV_NSM_ANT_068;x
4526;10;188;182;PROV_NSM_ANT_069;x
4527;47;23;83;PROV_NSM_ANT_070;x
4528;84;114;240;PROV_NSM_ANT_071;x
4529;121;205;141;PROV_NSM_ANT_072;x
4530;158;40;42;PROV_NSM_ANT_073;x
4531;195;131;199;PROV_NSM_ANT_074;x
4532;232;222;100;PROV_NSM_ANT_075;x
4533;13;57;1;PROV_NSM_ANT_076;x
4534;50;148;158;PROV_NSM_ANT_077;x
4535;87;239;59;PROV_NSM_ANT_078;x
4536;124;74;216;PROV_NSM_ANT_079;x
4537;161;165;117;PROV_NSM_ANT_080;x
4538;198;0;18;PROV_NSM_ANT_081;x
4539;235;91;175;PROV_NSM_ANT_082;x
4540;16;182;76;PROV_NSM_ANT_083;x
4541;53;17;233;PROV_NSM_ANT_084;x
4542;90;108;134;PROV_NSM_ANT_085;x
4543;127;199;35;PROV_NSM_ANT_086;x
4544;164;34;192;PROV_NSM_ANT_087;x
4545;201;125;93;PROV_NSM_ANT_088;x
4546;238;216;250;PROV_NSM_ANT_089;x
4547;19;51;151;PROV_NSM_ANT_090;x
4548;56;142;52;PROV_NSM_ANT_091;x
4549;93;233;209;PROV_NSM_ANT_092;x
4550;130;68;110;PROV_NSM_ANT_093;x
4551;167;159;11;PROV_NSM_ANT_094;x
4552;204;250;168;PROV_NSM_ANT_095;x
4553;241;85;69;PROV_NSM_ANT_096;x
4554;22;176;226;PROV_NSM_ANT_097;x
4555;59;11;127;PROV_NSM_ANT_098;x
4556;96;102;28;PROV_NSM_ANT_099;x
4557;133;193;185;PROV_NSM_ANT_100;x
4558;170;28;86;PROV_NSM_ANT_101;x
4559;207;119;243;PROV_NSM_ANT_102;x
4560;244;210;144;PROV_NSM_ANT_103;x
4561;25;45;45;PROV_NSM_ANT_104;x
4562;62;136;202;PROV_NSM_ANT_105;x
4563;99;227;103;PROV_NSM_ANT_106;x
4564;136;62;4;PROV_NSM_ANT_107;x
4565;173;153;161;PROV_NSM_ANT_108;x
4566;210;244;62;PROV_NSM_ANT_109;x
4567;247;79;219;PROV_NSM_ANT_110;x
4568;28;170;120;PROV_NSM_ANT_111;x
4569;65;5;21;PROV_NSM_ANT_112;x
4570;102;96;178;PROV_NSM_ANT_113;x
4571;139;187;79;PROV_NSM_ANT_114;x
4572;176;22;236;PROV_NSM_ANT_115;x
4573;213;113;137;PROV_NSM_ANT_116;x
4574;250;204;38;PROV_NSM_ANT_117;x
4575;31;39;195;PROV_NSM_ANT_118;x
4576;68;130;96;PROV_NSM_ANT_119;x
4577;105;221;253;PROV_NSM_ANT_120;x
4578;142;56;154;PROV_NSM_ANT_121;x
4579;179;147;55;PROV_NSM_ANT_122;x
4580;216;238;212;PROV_NSM_ANT_123;x
4581;253;73;113;PROV_NSM_ANT_124;x
4582;34;164;14;PROV_NSM_ANT_125;x
4583;71;255;171;PROV_NSM_ANT_126;x
4584;108;90;72;PROV_NSM_ANT_127;x
4585;145;181;229;PROV_NSM_ANT_128;x
4586;182;16;130;PROV_NSM_ANT_129;x
4587;219;107;31;PROV_NSM_ANT_130;x
4588;0;198;188;PROV_NSM_ANT_131;x
4589;37;33;89;PROV_NSM_ANT_132;x
4590;74;124;246;PROV_NSM_ANT_133;x
4591;111;215;147;PROV_NSM_ANT_134;x
4592;148;50;48;PROV_NSM_ANT_135;x
