[00:46:54][pdx_3dtypes.cpp:217]: Total time "european_line_infantry_mesh" in 42 ms
[00:46:54][pdx_3dtypes.cpp:217]: Total time "japan_rural_residential_rich_02_mesh" in 42 ms
[00:46:54][pdx_3dtypes.cpp:217]: Total time "african_urban_city_residential_poor_03_mesh" in 42 ms
[00:46:54][pdx_3dtypes.cpp:217]: Total time "japan_mining_iron_01_mesh" in 42 ms
[00:46:54][pdx_3dtypes.cpp:217]: Total time "japan_factory_tech_01_mesh" in 42 ms
[00:46:54][pdx_3dtypes.cpp:217]: Total time "japan_farm_rice_01_mesh" in 42 ms
[00:46:54][pdx_3dtypes.cpp:217]: Total time "french_urban_residential_poor_01_mesh" in 41 ms
[00:46:54][pdx_3dtypes.cpp:217]: Total time "latin_city_barracks_01_mesh" in 41 ms
[00:46:54][pdx_3dtypes.cpp:217]: Total time "arabic_farm_ranch_01_mesh" in 41 ms
[00:46:54][pdx_3dtypes.cpp:217]: Total time "military_cavalry_horse_brown_01_mesh" in 41 ms
[00:46:54][pdx_3dtypes.cpp:217]: Total time "french_urban_residential_mid_03_mesh" in 41 ms
[00:46:54][pdx_3dtypes.cpp:217]: Total time "diorama_battle_line_ground_01_mesh" in 41 ms
[00:46:54][pdx_3dtypes.cpp:217]: Total time "balkan_city_tradecenter_01_mesh" in 41 ms
[00:46:54][pdx_3dtypes.cpp:217]: Total time "european_city_tradecenter_01_mesh" in 41 ms
[00:46:54][pdx_3dtypes.cpp:217]: Total time "european_port_naval_base_01_mesh" in 41 ms
[00:46:54][pdx_3dtypes.cpp:217]: Total time "japan_urban_residential_poor_01_mesh" in 41 ms
[00:46:54][pdx_3dtypes.cpp:217]: Total time "ship_chinesejunk_01_mesh" in 40 ms
[00:46:54][pdx_3dtypes.cpp:217]: Total time "french_farm_centerpiece_01_mesh" in 40 ms
[00:46:54][pdx_3dtypes.cpp:217]: Total time "balkan_city_academy_01_mesh" in 40 ms
[00:46:54][pdx_3dtypes.cpp:217]: Total time "indian_city_govadmin_mesh" in 40 ms
[00:46:54][pdx_3dtypes.cpp:217]: Total time "armouredcruiser_base_mesh" in 40 ms
[00:46:54][pdx_3dtypes.cpp:217]: Total time "southern_plantation_mesh" in 40 ms
[00:46:54][pdx_3dtypes.cpp:217]: Total time "revolution_barricade_large_landowners_mesh" in 40 ms
[00:46:54][pdx_3dtypes.cpp:217]: Total time "french_revolutioncamp_placeholder_mesh" in 39 ms
[00:46:54][pdx_3dtypes.cpp:217]: Total time "aircraftcarrier_base_mesh" in 39 ms
[00:46:54][pdx_3dtypes.cpp:217]: Total time "wonder_gran_teatro_de_la_habana_mesh" in 39 ms
[00:46:54][pdx_3dtypes.cpp:217]: Total time "indian_urban_residential_poor_03_mesh" in 39 ms
[00:46:54][pdx_3dtypes.cpp:217]: Total time "lightcruiser_base_mesh" in 39 ms
[00:46:54][pdx_3dtypes.cpp:217]: Total time "generic_mining_coal_01_mesh" in 39 ms
[00:46:54][pdx_3dtypes.cpp:217]: Total time "wonder_the_kaiserforum_stage1_mesh" in 39 ms
[00:46:54][pdx_3dtypes.cpp:217]: Total time "vfx_ui_plane_gameover_mesh" in 39 ms
[00:46:54][pdx_3dtypes.cpp:217]: Total time "asian_line_infantry_mesh" in 39 ms
[00:46:54][pdx_3dtypes.cpp:217]: Total time "african_city_academy_01_mesh" in 39 ms
[00:46:54][pdx_3dtypes.cpp:217]: Total time "canal_suezcanal_under_construction_01_mesh" in 39 ms
[00:46:54][pdx_3dtypes.cpp:217]: Total time "african_line_infantry_mesh" in 39 ms
[00:46:54][pdx_3dtypes.cpp:217]: Total time "arabic_urban_city_residential_mid_02_mesh" in 38 ms
[00:46:54][pdx_3dtypes.cpp:217]: Total time "arabic_city_barracks_01_mesh" in 38 ms
[00:46:54][pdx_3dtypes.cpp:217]: Total time "latin_farm_plantation_01_mesh" in 38 ms
[00:46:54][pdx_3dtypes.cpp:217]: Total time "indian_city_financialdistrict_mesh" in 38 ms
[00:46:54][pdx_3dtypes.cpp:217]: Total time "japan_city_navaladmin_01_mesh" in 38 ms
[00:46:54][pdx_3dtypes.cpp:217]: Total time "indian_farm_centerpiece_01_mesh" in 38 ms
[00:46:54][pdx_3dtypes.cpp:217]: Total time "japan_rural_residential_poor_03_mesh" in 38 ms
[00:46:54][pdx_3dtypes.cpp:217]: Total time "balkan_factory_textilemill_01_mesh" in 38 ms
[00:46:54][pdx_3dtypes.cpp:217]: Total time "arabic_urban_city_residential_rich_01_mesh" in 38 ms
[00:46:54][pdx_3dtypes.cpp:217]: Total time "french_farm_farmhouse_01_mesh" in 38 ms
[00:46:54][pdx_3dtypes.cpp:217]: Total time "latin_urban_city_centerpiece_01_mesh" in 38 ms
[00:46:54][pdx_3dtypes.cpp:217]: Total time "hull_ironfrigate_light_mesh" in 38 ms
[00:46:54][pdx_3dtypes.cpp:217]: Total time "diorama_battle_mechanized_ground_01_mesh" in 38 ms
[00:46:54][pdx_3dtypes.cpp:217]: Total time "shipoftheline_base_mesh" in 38 ms
[00:46:54][pdx_3dtypes.cpp:217]: Total time "monument_watarun_mesh" in 38 ms
[00:46:54][pdx_3dtypes.cpp:217]: Total time "balkan_farm_ranch_01_mesh" in 38 ms
[00:46:54][pdx_3dtypes.cpp:217]: Total time "generic_mobile_artillery_mesh" in 38 ms
[00:46:54][pdx_3dtypes.cpp:217]: Total time "military_props_artillery_cannon_02_mesh" in 37 ms
[00:46:54][pdx_3dtypes.cpp:217]: Total time "balkan_forestry_transportation_03_mesh" in 37 ms
[00:46:54][pdx_3dtypes.cpp:217]: Total time "earlyironclad_base_mesh" in 37 ms
[00:46:54][pdx_3dtypes.cpp:217]: Total time "wonder_the_kaiserforum_mesh" in 37 ms
[00:46:54][pdx_3dtypes.cpp:217]: Total time "generic_line_infantry_mesh" in 37 ms
[00:46:54][pdx_3dtypes.cpp:217]: Total time "european_irregular_infantry_mesh" in 37 ms
[00:46:54][pdx_3dtypes.cpp:217]: Total time "rubber_lodge_01_mesh" in 37 ms
[00:46:54][pdx_3dtypes.cpp:217]: Total time "military_navy_monitor_generic_mesh" in 37 ms
[00:46:54][pdx_3dtypes.cpp:217]: Total time "male_belt_greatcoat_01_mesh" in 37 ms
[00:46:54][pdx_3dtypes.cpp:217]: Total time "hull_aircraftcarrier_heavy_mesh" in 37 ms
[00:46:54][pdx_3dtypes.cpp:217]: Total time "indian_farm_ranch_01_mesh" in 37 ms
[00:46:54][pdx_3dtypes.cpp:217]: Total time "generic_ship_cargo_01_mesh" in 36 ms
[00:46:54][pdx_3dtypes.cpp:217]: Total time "male_headgear_european_common_02_mesh" in 36 ms
[00:46:54][pdx_3dtypes.cpp:217]: Total time "latin_urban_city_residential_rich_03_mesh" in 36 ms
[00:46:54][pdx_3dtypes.cpp:217]: Total time "wonder_forbidden_city_01_mesh" in 36 ms
[00:46:54][pdx_3dtypes.cpp:217]: Total time "japan_urban_residential_mid_01_mesh" in 36 ms
[00:46:54][pdx_3dtypes.cpp:217]: Total time "balkan_logisticscenter_01_mesh" in 36 ms
[00:46:54][pdx_3dtypes.cpp:217]: Total time "french_rural_residential_rich_01_mesh" in 36 ms
[00:46:54][pdx_3dtypes.cpp:217]: Total time "hull_protectedcruiser_medium_mesh" in 36 ms
[00:46:54][pdx_3dtypes.cpp:217]: Total time "asian_rural_farm_centerpiece_01_mesh" in 36 ms
[00:46:54][pdx_3dtypes.cpp:217]: Total time "arabic_forestry_centerpiece_01_mesh" in 36 ms
[00:46:54][pdx_3dtypes.cpp:217]: Total time "latin_urban_city_townsquare_skyscraper_01_mesh" in 36 ms
[00:46:54][pdx_3dtypes.cpp:217]: Total time "french_farm_plantation_01_mesh" in 36 ms
[00:46:54][pdx_3dtypes.cpp:217]: Total time "french_regionalcompanyhq_01_mesh" in 35 ms
[00:46:54][pdx_3dtypes.cpp:217]: Total time "generic_ironclad_ship_mesh" in 35 ms
[00:46:54][pdx_3dtypes.cpp:217]: Total time "arabic_irregular_infantry_mesh" in 35 ms
[00:46:54][pdx_3dtypes.cpp:217]: Total time "latin_city_academy_01_mesh" in 35 ms
[00:46:54][pdx_3dtypes.cpp:217]: Total time "japan_factory_furniture_01_mesh" in 35 ms
[00:46:54][pdx_3dtypes.cpp:217]: Total time "balkan_rural_residential_poor_03_mesh" in 35 ms
[00:46:54][pdx_3dtypes.cpp:217]: Total time "balkan_city_skyscraper_01_mesh" in 35 ms
[00:46:54][pdx_3dtypes.cpp:217]: Total time "french_mining_sulfurdepot_01_mesh" in 35 ms
[00:46:54][pdx_3dtypes.cpp:217]: Total time "japan_mining_oil_01_mesh" in 35 ms
[00:46:54][pdx_3dtypes.cpp:217]: Total time "indian_rural_manorhouse_01_mesh" in 35 ms
[00:46:54][pdx_3dtypes.cpp:217]: Total time "hull_aircraftcarrier_light_mesh" in 35 ms
[00:46:54][pdx_3dtypes.cpp:217]: Total time "balkan_farm_wheat_01_mesh" in 35 ms
[00:46:54][pdx_3dtypes.cpp:217]: Total time "french_logisticscenter_01_mesh" in 35 ms
[00:46:54][pdx_3dtypes.cpp:217]: Total time "french_city_centerpiece_skyscraper_01_mesh" in 34 ms
[00:46:54][pdx_3dtypes.cpp:217]: Total time "french_city_factory_steel_01_mesh" in 34 ms
[00:46:54][pdx_3dtypes.cpp:217]: Total time "arabic_line_infantry_mesh" in 34 ms
[00:46:54][pdx_3dtypes.cpp:217]: Total time "indian_port_navalbase_mesh" in 34 ms
[00:46:54][pdx_3dtypes.cpp:217]: Total time "japan_city_tradecenter_01_mesh" in 34 ms
[00:46:54][pdx_3dtypes.cpp:217]: Total time "african_rural_residential_mid_03_mesh" in 34 ms
[00:46:54][pdx_3dtypes.cpp:217]: Total time "japan_logisticscenter_01_mesh" in 34 ms
[00:46:54][pdx_3dtypes.cpp:217]: Total time "arabic_factory_colonial_02_mesh" in 34 ms
[00:46:54][pdx_3dtypes.cpp:217]: Total time "european_city_barracks_01_mesh" in 34 ms
[00:46:54][pdx_3dtypes.cpp:217]: Total time "arabic_urban_city_townsquare_01_mesh" in 34 ms
[00:46:54][pdx_3dtypes.cpp:217]: Total time "hull_troopship_light_mesh" in 34 ms
[00:46:54][pdx_3dtypes.cpp:217]: Total time "french_port_navalbase_01_mesh" in 34 ms
[00:46:54][pdx_3dtypes.cpp:217]: Total time "wonder_eiffel_tower_01_mesh" in 34 ms
[00:46:54][pdx_3dtypes.cpp:217]: Total time "military_cavalry_horse_black_01_mesh" in 34 ms
[00:46:54][pdx_3dtypes.cpp:217]: Total time "balkan_rural_residential_mid_02_mesh" in 34 ms
[00:46:54][pdx_3dtypes.cpp:217]: Total time "asian_port_navalbase_01_mesh" in 34 ms
[00:46:54][pdx_3dtypes.cpp:217]: Total time "balkan_forestry_centerpiece_03_mesh" in 34 ms
[00:46:54][pdx_3dtypes.cpp:217]: Total time "japan_rural_residential_poor_02_mesh" in 34 ms
[00:46:54][pdx_3dtypes.cpp:217]: Total time "balkan_city_govadmin_01_mesh" in 34 ms
[00:46:54][pdx_3dtypes.cpp:217]: Total time "japan_forestry_centerpiece_02_mesh" in 34 ms
[00:46:54][pdx_3dtypes.cpp:217]: Total time "papermap_cloth_01_mesh" in 33 ms
[00:46:54][pdx_3dtypes.cpp:217]: Total time "asian_urban_residential_rich_01_mesh" in 33 ms
[00:46:54][pdx_3dtypes.cpp:217]: Total time "french_urban_residential_poor_02_mesh" in 33 ms
[00:46:54][pdx_3dtypes.cpp:217]: Total time "arabic_port_navalbase_01_mesh" in 33 ms
[00:46:54][pdx_3dtypes.cpp:217]: Total time "coastaldefense_base_mesh" in 33 ms
[00:46:54][pdx_3dtypes.cpp:217]: Total time "carlist_beret_mesh" in 33 ms
[00:46:54][pdx_3dtypes.cpp:217]: Total time "latin_city_tradecenter_01_mesh" in 33 ms
[00:46:54][pdx_3dtypes.cpp:217]: Total time "african_farm_scatter_02_mesh" in 33 ms
[00:46:54][pdx_3dtypes.cpp:217]: Total time "powerbloc_pedestal_03_mesh" in 33 ms
[00:46:54][pdx_3dtypes.cpp:217]: Total time "latin_urban_city_townsquare_01_mesh" in 33 ms
[00:46:54][pdx_3dtypes.cpp:217]: Total time "french_farm_farmstead_01_mesh" in 33 ms
[00:46:54][pdx_3dtypes.cpp:217]: Total time "african_farm_plantation_01_mesh" in 33 ms
[00:46:54][pdx_3dtypes.cpp:217]: Total time "generic_factory_arms_01_mesh" in 33 ms
[00:46:54][pdx_3dtypes.cpp:217]: Total time "japan_mining_gold_01_mesh" in 33 ms
[00:46:54][pdx_3dtypes.cpp:217]: Total time "hull_seaplanetender_light_mesh" in 33 ms
[00:46:54][pdx_3dtypes.cpp:217]: Total time "hull_seaplanetender_medium_mesh" in 33 ms
[00:46:54][pdx_3dtypes.cpp:217]: Total time "wonder_capitol_building_mesh" in 33 ms
[00:46:54][pdx_3dtypes.cpp:217]: Total time "indian_city_academy_mesh" in 33 ms
[00:46:54][pdx_3dtypes.cpp:217]: Total time "japan_city_govadmin_01_mesh" in 33 ms
[00:46:54][pdx_3dtypes.cpp:217]: Total time "latin_rural_residential_rich_03_mesh" in 32 ms
[00:46:54][pdx_3dtypes.cpp:217]: Total time "french_city_factory_papermill_01_mesh" in 32 ms
[00:46:54][pdx_3dtypes.cpp:217]: Total time "indian_urban_residential_poor_01_mesh" in 32 ms
[00:46:54][pdx_3dtypes.cpp:217]: Total time "japan_rural_residential_poor_01_mesh" in 32 ms
[00:46:54][pdx_3dtypes.cpp:217]: Total time "french_city_financialdistrict_01_mesh" in 32 ms
[00:46:54][pdx_3dtypes.cpp:217]: Total time "asian_city_govadmin_01_mesh" in 32 ms
[00:46:54][pdx_3dtypes.cpp:217]: Total time "indian_factory_glass_01_mesh" in 32 ms
[00:46:54][pdx_3dtypes.cpp:217]: Total time "generic_companyhq_01_mesh" in 32 ms
[00:46:54][pdx_3dtypes.cpp:217]: Total time "generic_forestry_centerpiece_01_mesh" in 32 ms
[00:46:54][pdx_3dtypes.cpp:217]: Total time "male_headgear_shako_hat_01_mesh" in 32 ms
[00:46:54][pdx_3dtypes.cpp:217]: Total time "arabic_urban_city_townsquare_skyscraper_01_mesh" in 32 ms
[00:46:54][pdx_3dtypes.cpp:217]: Total time "asian_province_subfarm_01_mesh" in 32 ms
[00:46:54][pdx_3dtypes.cpp:217]: Total time "french_rural_residential_rich_02_mesh" in 32 ms
[00:46:54][pdx_3dtypes.cpp:217]: Total time "balkan_urban_residential_mid_03_mesh" in 32 ms
[00:46:54][pdx_3dtypes.cpp:217]: Total time "latin_city_university_01_mesh" in 32 ms
[00:46:54][pdx_3dtypes.cpp:217]: Total time "hull_seaplanetender_heavy_mesh" in 32 ms
[00:46:54][pdx_3dtypes.cpp:217]: Total time "japan_mining_lead_01_mesh" in 31 ms
[00:46:54][pdx_3dtypes.cpp:217]: Total time "african_urban_city_residential_poor_02_mesh" in 31 ms
[00:46:54][pdx_3dtypes.cpp:217]: Total time "japan_factory_papermill_01_mesh" in 31 ms
[00:46:54][pdx_3dtypes.cpp:217]: Total time "japan_city_academy_01_mesh" in 31 ms
[00:46:54][pdx_3dtypes.cpp:217]: Total time "arabic_mobile_artillery_mesh" in 31 ms
[00:46:54][pdx_3dtypes.cpp:217]: Total time "asian_city_financialdistrict_01_mesh" in 31 ms
[00:46:54][pdx_3dtypes.cpp:217]: Total time "hull_armouredcruiser_medium_mesh" in 31 ms
[00:46:54][pdx_3dtypes.cpp:217]: Total time "indian_factory_chemical_01_mesh" in 31 ms
[00:46:54][pdx_3dtypes.cpp:217]: Total time "bonsai_tree_mesh" in 31 ms
[00:46:54][pdx_3dtypes.cpp:217]: Total time "hull_ironfrigate_medium_mesh" in 31 ms
[00:46:54][pdx_3dtypes.cpp:217]: Total time "latin_farm_scatter_02_mesh" in 31 ms
[00:46:54][pdx_3dtypes.cpp:217]: Total time "balkan_rural_residential_mid_03_mesh" in 31 ms
[00:46:54][pdx_3dtypes.cpp:217]: Total time "hull_lightcruiser_heavy_mesh" in 31 ms
[00:46:54][pdx_3dtypes.cpp:217]: Total time "european_urban_residential_mid_01_mesh" in 31 ms
[00:46:54][pdx_3dtypes.cpp:217]: Total time "female_headgear_european_common_02_mesh" in 31 ms
[00:46:54][pdx_3dtypes.cpp:217]: Total time "indian_farm_cotton_01_mesh" in 31 ms
[00:46:54][pdx_3dtypes.cpp:217]: Total time "asian_city_university_01_mesh" in 31 ms
[00:46:54][pdx_3dtypes.cpp:217]: Total time "arabic_urban_city_residential_mid_01_mesh" in 31 ms
[00:46:54][pdx_3dtypes.cpp:217]: Total time "balkan_farm_vineyard_01_mesh" in 31 ms
[00:46:54][pdx_3dtypes.cpp:217]: Total time "papermap_homemade_bomb_mesh" in 31 ms
[00:46:54][pdx_3dtypes.cpp:217]: Total time "japan_rural_residential_mid_03_mesh" in 31 ms
[00:46:54][pdx_3dtypes.cpp:217]: Total time "male_headgear_beret_hat_01_mesh" in 31 ms
[00:46:54][pdx_3dtypes.cpp:217]: Total time "generic_mining_lead_01_mesh" in 31 ms
[00:46:54][pdx_3dtypes.cpp:217]: Total time "male_coat_vested_tailcoat_02_mesh" in 30 ms
[00:46:54][pdx_3dtypes.cpp:217]: Total time "asian_rural_residential_rich_01_mesh" in 30 ms
[00:46:54][pdx_3dtypes.cpp:217]: Total time "french_urban_residential_rich_03_mesh" in 30 ms
[00:46:54][pdx_3dtypes.cpp:217]: Total time "balkan_mining_coal_01_mesh" in 30 ms
[00:46:54][pdx_3dtypes.cpp:217]: Total time "african_rural_residential_mid_01_mesh" in 30 ms
[00:46:54][pdx_3dtypes.cpp:217]: Total time "african_irregular_infantry_mesh" in 30 ms
[00:46:54][pdx_3dtypes.cpp:217]: Total time "african_urban_city_residential_mid_02_mesh" in 30 ms
[00:46:54][pdx_3dtypes.cpp:217]: Total time "japan_factory_powerplant_01_mesh" in 30 ms
[00:46:54][pdx_3dtypes.cpp:217]: Total time "japan_city_regionalcompanyhq_01_mesh" in 30 ms
[00:46:54][pdx_3dtypes.cpp:217]: Total time "hull_aircraftcarrier_modern_medium_mesh" in 30 ms
[00:46:54][pdx_3dtypes.cpp:217]: Total time "hull_lightcruiser_medium_mesh" in 30 ms
[00:46:54][pdx_3dtypes.cpp:217]: Total time "generic_factory_munition_01_mesh" in 30 ms
[00:46:54][pdx_3dtypes.cpp:217]: Total time "dreadnought_base_mesh" in 30 ms
[00:46:54][pdx_3dtypes.cpp:217]: Total time "hull_troopship_medium_mesh" in 30 ms
[00:46:54][pdx_3dtypes.cpp:217]: Total time "male_outfit_greek_fustanella_01_mesh" in 30 ms
[00:46:54][pdx_3dtypes.cpp:217]: Total time "french_city_factory_warmachine_01_mesh" in 30 ms
[00:46:54][pdx_3dtypes.cpp:217]: Total time "japan_city_financialdistrict_01_mesh" in 30 ms
[00:46:54][pdx_3dtypes.cpp:217]: Total time "military_navy_blockade_generic_mesh" in 30 ms
[00:46:54][pdx_3dtypes.cpp:217]: Total time "male_coat_ceo_02_mesh" in 30 ms
[00:46:54][pdx_3dtypes.cpp:217]: Total time "wonder_manilacathedral_03_mesh" in 30 ms
[00:46:54][pdx_3dtypes.cpp:217]: Total time "diorama_battle_irregular_ground_01_mesh" in 30 ms
[00:46:54][pdx_3dtypes.cpp:217]: Total time "french_forestry_centerpiece_01_mesh" in 30 ms
[00:46:54][pdx_3dtypes.cpp:217]: Total time "wonder_saint_basils_cathedral_01_mesh" in 30 ms
[00:46:54][pdx_3dtypes.cpp:217]: Total time "japan_forestry_trees_02_mesh" in 30 ms
[00:46:54][pdx_3dtypes.cpp:217]: Total time "powerbloc_pedestal_01_mesh" in 30 ms
[00:46:54][pdx_3dtypes.cpp:217]: Total time "balkan_urban_residential_poor_01_mesh" in 29 ms
[00:46:54][pdx_3dtypes.cpp:217]: Total time "latin_colonial_manufactory_03_mesh" in 29 ms
[00:46:54][pdx_3dtypes.cpp:217]: Total time "wonder_khaju_bridge_01_mesh" in 29 ms
[00:46:54][pdx_3dtypes.cpp:217]: Total time "hull_armouredcruiser_light_mesh" in 29 ms
[00:46:54][pdx_3dtypes.cpp:217]: Total time "balkan_city_companyhq_01_mesh" in 29 ms
[00:46:54][pdx_3dtypes.cpp:217]: Total time "wonder_manilacathedral_02_mesh" in 29 ms
[00:46:54][pdx_3dtypes.cpp:217]: Total time "arabic_rural_manorhouse_01_mesh" in 29 ms
[00:46:54][pdx_3dtypes.cpp:217]: Total time "balkan_rural_residential_poor_02_mesh" in 29 ms
[00:46:54][pdx_3dtypes.cpp:217]: Total time "french_rural_residential_mid_03_mesh" in 29 ms
[00:46:54][pdx_3dtypes.cpp:217]: Total time "indian_companyhq_01_mesh" in 29 ms
[00:46:54][pdx_3dtypes.cpp:217]: Total time "french_urban_residential_poor_03_mesh" in 29 ms
[00:46:54][pdx_3dtypes.cpp:217]: Total time "balkan_mining_lead_01_mesh" in 29 ms
[00:46:54][pdx_3dtypes.cpp:217]: Total time "japan_mining_centerpiece_01_mesh" in 29 ms
[00:46:54][pdx_3dtypes.cpp:217]: Total time "hull_aircraftcarrier_medium_mesh" in 29 ms
[00:46:54][pdx_3dtypes.cpp:217]: Total time "japan_urban_residential_poor_04_mesh" in 29 ms
[00:46:54][pdx_3dtypes.cpp:217]: Total time "war_machines_manufactory_01_mesh" in 29 ms
[00:46:54][pdx_3dtypes.cpp:217]: Total time "wonder_statue_of_liberty_01_mesh" in 29 ms
[00:46:54][pdx_3dtypes.cpp:217]: Total time "asian_farm_farmstead_02_mesh" in 29 ms
[00:46:54][pdx_3dtypes.cpp:217]: Total time "hull_aircraftcarrier_modern_heavy_mesh" in 29 ms
[00:46:54][pdx_3dtypes.cpp:217]: Total time "hull_troopship_heavy_mesh" in 29 ms
[00:46:54][pdx_3dtypes.cpp:217]: Total time "ui_flag_01_aimated_mesh" in 29 ms
[00:46:54][pdx_3dtypes.cpp:217]: Total time "french_city_factory_food_01_mesh" in 29 ms
[00:46:54][pdx_3dtypes.cpp:217]: Total time "asian_rural_residential_mid_02_mesh" in 29 ms
[00:46:54][pdx_3dtypes.cpp:217]: Total time "indian_forestry_loggingcamp_02_mesh" in 28 ms
[00:46:54][pdx_3dtypes.cpp:217]: Total time "french_city_academy_01_mesh" in 28 ms
[00:46:54][pdx_3dtypes.cpp:217]: Total time "balkan_urban_residential_rich_01_mesh" in 28 ms
[00:46:54][pdx_3dtypes.cpp:217]: Total time "hull_armouredcruiser_heavy_mesh" in 28 ms
[00:46:54][pdx_3dtypes.cpp:217]: Total time "steam_transport_ship_01_mesh" in 28 ms
[00:46:54][pdx_3dtypes.cpp:217]: Total time "latin_urban_city_residential_poor_02_mesh" in 28 ms
[00:46:54][pdx_3dtypes.cpp:217]: Total time "male_coat_vested_tailcoat_03_mesh" in 28 ms
[00:46:54][pdx_3dtypes.cpp:217]: Total time "latin_urban_city_residential_mid_02_mesh" in 28 ms
[00:46:54][pdx_3dtypes.cpp:217]: Total time "seaplanetender_base_mesh" in 28 ms
[00:46:54][pdx_3dtypes.cpp:217]: Total time "male_top_layer_greek_01_mesh" in 28 ms
[00:46:54][pdx_3dtypes.cpp:217]: Total time "strait_fortification_tower_arabic_mesh" in 28 ms
[00:46:54][pdx_3dtypes.cpp:217]: Total time "balkan_port_navalbase_02_mesh" in 28 ms
[00:46:54][pdx_3dtypes.cpp:217]: Total time "balkan_factory_powerplant_01_mesh" in 28 ms
[00:46:54][pdx_3dtypes.cpp:217]: Total time "french_city_factory_powerplant_01_mesh" in 28 ms
[00:46:54][pdx_3dtypes.cpp:217]: Total time "military_cavalry_horse_white_01_mesh" in 28 ms
[00:46:54][pdx_3dtypes.cpp:217]: Total time "indian_farm_rice_01_mesh" in 28 ms
[00:46:54][pdx_3dtypes.cpp:217]: Total time "asian_city_barracks_01_mesh" in 28 ms
[00:46:54][pdx_3dtypes.cpp:217]: Total time "hull_ironfrigate_heavy_mesh" in 28 ms
[00:46:54][pdx_3dtypes.cpp:217]: Total time "indian_urban_residential_mid_02_mesh" in 28 ms
[00:46:54][pdx_3dtypes.cpp:217]: Total time "arabic_city_govadmin_01_mesh" in 28 ms
[00:46:54][pdx_3dtypes.cpp:217]: Total time "wonder_angkorwat_01_mesh" in 28 ms
[00:46:54][pdx_3dtypes.cpp:217]: Total time "latin_farm_scatter_01_mesh" in 28 ms
[00:46:54][pdx_3dtypes.cpp:217]: Total time "japan_factory_arms_01_mesh" in 28 ms
[00:46:54][pdx_3dtypes.cpp:217]: Total time "arabic_urban_city_residential_mid_03_mesh" in 28 ms
[00:46:54][pdx_3dtypes.cpp:217]: Total time "arabic_rural_residential_mid_01_mesh" in 28 ms
[00:46:54][pdx_3dtypes.cpp:217]: Total time "asian_port_centerpiece_01_mesh" in 27 ms
[00:46:54][pdx_3dtypes.cpp:217]: Total time "balkan_forestry_centerpiece_02_mesh" in 27 ms
[00:46:54][pdx_3dtypes.cpp:217]: Total time "wonder_great_mosque_of_djenne_01_mesh" in 27 ms
[00:46:54][pdx_3dtypes.cpp:217]: Total time "wonder_giza_necropolis_01_mesh" in 27 ms
[00:46:54][pdx_3dtypes.cpp:217]: Total time "military_navy_carrier_generic_mesh" in 27 ms
[00:46:54][pdx_3dtypes.cpp:217]: Total time "french_forestry_scatter_01_mesh" in 27 ms
[00:46:54][pdx_3dtypes.cpp:217]: Total time "european_rural_building_rich_02_mesh" in 27 ms
[00:46:54][pdx_3dtypes.cpp:217]: Total time "hull_predreadnought_light_mesh" in 27 ms
[00:46:54][pdx_3dtypes.cpp:217]: Total time "indian_urban_residential_mid_03_mesh" in 27 ms
[00:46:54][pdx_3dtypes.cpp:217]: Total time "african_rural_residential_rich_02_mesh" in 27 ms
[00:46:54][pdx_3dtypes.cpp:217]: Total time "balkan_rural_residential_mid_01_mesh" in 27 ms
[00:46:54][pdx_3dtypes.cpp:217]: Total time "french_city_factory_chemical_01_mesh" in 27 ms
[00:46:54][pdx_3dtypes.cpp:217]: Total time "generic_irregular_infantry_mesh" in 27 ms
[00:46:54][pdx_3dtypes.cpp:217]: Total time "hull_aircraftcarrier_modern_light_mesh" in 27 ms
[00:46:54][pdx_3dtypes.cpp:217]: Total time "balkan_city_financialdistrict_01_mesh" in 26 ms
[00:46:54][pdx_3dtypes.cpp:217]: Total time "french_urban_residential_rich_01_mesh" in 26 ms
[00:46:54][pdx_3dtypes.cpp:217]: Total time "french_city_tradecenter_01_mesh" in 26 ms
[00:46:54][pdx_3dtypes.cpp:217]: Total time "african_urban_city_residential_rich_01_mesh" in 26 ms
[00:46:54][pdx_3dtypes.cpp:217]: Total time "african_forestry_centerpiece_01_mesh" in 26 ms
[00:46:54][pdx_3dtypes.cpp:217]: Total time "balkan_city_university_01_mesh" in 26 ms
[00:46:54][pdx_3dtypes.cpp:217]: Total time "japan_factory_food_01_mesh" in 26 ms
[00:46:54][pdx_3dtypes.cpp:217]: Total time "latin_colonial_manufactory_02_mesh" in 26 ms
[00:46:54][pdx_3dtypes.cpp:217]: Total time "indian_factory_textilemill_01_mesh" in 26 ms
[00:46:54][pdx_3dtypes.cpp:217]: Total time "arabic_rural_residential_rich_01_mesh" in 26 ms
[00:46:54][pdx_3dtypes.cpp:217]: Total time "arabic_rural_residential_poor_02_mesh" in 26 ms
[00:46:54][pdx_3dtypes.cpp:217]: Total time "male_coat_late_military_greatcoat_01_mesh" in 26 ms
[00:46:54][pdx_3dtypes.cpp:217]: Total time "balkan_mining_gold_01_mesh" in 26 ms
[00:46:54][pdx_3dtypes.cpp:217]: Total time "balkan_urban_residential_rich_02_mesh" in 26 ms
[00:46:54][pdx_3dtypes.cpp:217]: Total time "asian_rural_residential_mid_03_mesh" in 26 ms
[00:46:54][pdx_3dtypes.cpp:217]: Total time "female_hair_chinese_01_mesh" in 26 ms
[00:46:54][pdx_3dtypes.cpp:217]: Total time "african_rural_residential_poor_02_mesh" in 26 ms
[00:46:54][pdx_3dtypes.cpp:217]: Total time "indian_factory_arms_01_mesh" in 26 ms
[00:46:54][pdx_3dtypes.cpp:217]: Total time "wonder_argebam_01_mesh" in 26 ms
[00:46:54][pdx_3dtypes.cpp:217]: Total time "latin_rural_residential_rich_02_mesh" in 26 ms
[00:46:54][pdx_3dtypes.cpp:217]: Total time "military_artillery_mobile_generic_mesh" in 25 ms
[00:46:54][pdx_3dtypes.cpp:217]: Total time "african_port_navalbase_01_mesh" in 25 ms
[00:46:54][pdx_3dtypes.cpp:217]: Total time "naval_dagger_mesh" in 25 ms
[00:46:54][pdx_3dtypes.cpp:217]: Total time "african_urban_city_residential_poor_01_mesh" in 25 ms
[00:46:54][pdx_3dtypes.cpp:217]: Total time "indian_factory_powerplant_01_mesh" in 25 ms
[00:46:54][pdx_3dtypes.cpp:217]: Total time "generic_factory_tools_01_mesh" in 25 ms
[00:46:54][pdx_3dtypes.cpp:217]: Total time "male_outfits_naval_01_mesh" in 25 ms
[00:46:54][pdx_3dtypes.cpp:217]: Total time "male_headgear_indian_royalty_02_mesh" in 25 ms
[00:46:54][pdx_3dtypes.cpp:217]: Total time "indian_factory_tools_01_mesh" in 25 ms
[00:46:54][pdx_3dtypes.cpp:217]: Total time "european_rural_ranch_01_mesh" in 25 ms
[00:46:54][pdx_3dtypes.cpp:217]: Total time "african_city_barracks_01_mesh" in 25 ms
[00:46:54][pdx_3dtypes.cpp:217]: Total time "hull_shipoftheline_light_mesh" in 25 ms
[00:46:54][pdx_3dtypes.cpp:217]: Total time "indian_factory_steel_01_mesh" in 25 ms
[00:46:54][pdx_3dtypes.cpp:217]: Total time "balkan_rural_residential_rich_01_mesh" in 25 ms
[00:46:54][pdx_3dtypes.cpp:217]: Total time "african_city_govadmin_01_mesh" in 25 ms
[00:46:54][pdx_3dtypes.cpp:217]: Total time "wonder_vatican_city_01_mesh" in 25 ms
[00:46:54][pdx_3dtypes.cpp:217]: Total time "generic_factory_steel_01_mesh" in 25 ms
[00:46:54][pdx_3dtypes.cpp:217]: Total time "balkan_factory_munition_01_mesh" in 25 ms
[00:46:54][pdx_3dtypes.cpp:217]: Total time "male_legwear_navy_01_mesh" in 25 ms
[00:46:54][pdx_3dtypes.cpp:217]: Total time "generic_logisticscenter_01_mesh" in 25 ms
[00:46:54][pdx_3dtypes.cpp:217]: Total time "generic_forestry_centerpiece_02_mesh" in 25 ms
[00:46:54][pdx_3dtypes.cpp:217]: Total time "african_rural_residential_mid_02_mesh" in 25 ms
[00:46:54][pdx_3dtypes.cpp:217]: Total time "papermap_cubancigar_mesh" in 25 ms
[00:46:54][pdx_3dtypes.cpp:217]: Total time "female_headgear_portuguese_01_mesh" in 24 ms
[00:46:54][pdx_3dtypes.cpp:217]: Total time "asian_urban_residential_mid_01_mesh" in 24 ms
[00:46:54][pdx_3dtypes.cpp:217]: Total time "japan_mining_coal_01_mesh" in 24 ms
[00:46:54][pdx_3dtypes.cpp:217]: Total time "european_city_government_administration_01_mesh" in 24 ms
[00:46:54][pdx_3dtypes.cpp:217]: Total time "female_hair_queen_victoria_mesh" in 24 ms
[00:46:54][pdx_3dtypes.cpp:217]: Total time "arabic_urban_city_residential_poor_01_mesh" in 24 ms
[00:46:54][pdx_3dtypes.cpp:217]: Total time "male_coat_vested_tailcoat_01_mesh" in 24 ms
[00:46:54][pdx_3dtypes.cpp:217]: Total time "military_tank_light_generic_mesh" in 24 ms
[00:46:54][pdx_3dtypes.cpp:217]: Total time "generic_oil_drill_01_mesh" in 24 ms
[00:46:54][pdx_3dtypes.cpp:217]: Total time "indian_mining_iron_01_mesh" in 24 ms
[00:46:54][pdx_3dtypes.cpp:217]: Total time "balkan_urban_residential_poor_04_mesh" in 24 ms
[00:46:54][pdx_3dtypes.cpp:217]: Total time "cliff_canyon_09_mesh" in 24 ms
[00:46:54][pdx_3dtypes.cpp:217]: Total time "asian_province_subfarm_02_mesh" in 24 ms
[00:46:54][pdx_3dtypes.cpp:217]: Total time "french_rural_residential_poor_01_mesh" in 24 ms
[00:46:54][pdx_3dtypes.cpp:217]: Total time "european_rural_plantation_01_mesh" in 24 ms
[00:46:54][pdx_3dtypes.cpp:217]: Total time "male_coat_historical_dracula_mesh" in 24 ms
[00:46:54][pdx_3dtypes.cpp:217]: Total time "french_city_factory_arms_01_mesh" in 24 ms
[00:46:54][pdx_3dtypes.cpp:217]: Total time "asian_urban_residential_poor_01_mesh" in 24 ms
[00:46:54][pdx_3dtypes.cpp:217]: Total time "arabic_rural_residential_poor_03_mesh" in 24 ms
[00:46:54][pdx_3dtypes.cpp:217]: Total time "african_mininghub_centerpiece_01_mesh" in 24 ms
[00:46:54][pdx_3dtypes.cpp:217]: Total time "indian_rural_residential_poor_01_mesh" in 24 ms
[00:46:54][pdx_3dtypes.cpp:217]: Total time "monument_templeofposeidon_mesh" in 24 ms
[00:46:54][pdx_3dtypes.cpp:217]: Total time "arabic_farm_farmstead_01_mesh" in 24 ms
[00:46:54][pdx_3dtypes.cpp:217]: Total time "hull_dreadnought_light_mesh" in 24 ms
[00:46:54][pdx_3dtypes.cpp:217]: Total time "japan_urban_residential_poor_03_mesh" in 24 ms
[00:46:54][pdx_3dtypes.cpp:217]: Total time "japan_urban_residential_rich_02_mesh" in 24 ms
[00:46:54][pdx_3dtypes.cpp:217]: Total time "african_rural_residential_rich_03_mesh" in 24 ms
[00:46:54][pdx_3dtypes.cpp:217]: Total time "balkan_factory_glass_01_mesh" in 24 ms
[00:46:54][pdx_3dtypes.cpp:217]: Total time "male_hair_emperor_tewodros_02_mesh" in 24 ms
[00:46:54][pdx_3dtypes.cpp:217]: Total time "cliff_canyon_08_mesh" in 23 ms
[00:46:54][pdx_3dtypes.cpp:217]: Total time "tree_cypress_002_mesh" in 23 ms
[00:46:54][pdx_3dtypes.cpp:217]: Total time "hull_protectedcruiser_heavy_mesh" in 23 ms
[00:46:54][pdx_3dtypes.cpp:217]: Total time "cliff_canyon_03_mesh" in 23 ms
[00:46:54][pdx_3dtypes.cpp:217]: Total time "asian_furniture_manufactory_01_mesh" in 23 ms
[00:46:54][pdx_3dtypes.cpp:217]: Total time "female_hair_korean_emperess_01_mesh" in 23 ms
[00:46:54][pdx_3dtypes.cpp:217]: Total time "french_city_govadmin_01_mesh" in 23 ms
[00:46:54][pdx_3dtypes.cpp:217]: Total time "french_urban_residential_rich_02_mesh" in 23 ms
[00:46:54][pdx_3dtypes.cpp:217]: Total time "generic_flatmap_unit_mesh" in 23 ms
[00:46:54][pdx_3dtypes.cpp:217]: Total time "military_transport_naval_landingcraft_generic_mesh" in 23 ms
[00:46:54][pdx_3dtypes.cpp:217]: Total time "european_city_centerpiece_skyscraper_01_mesh" in 23 ms
[00:46:54][pdx_3dtypes.cpp:217]: Total time "indian_regionalcompanyhq_01_mesh" in 23 ms
[00:46:54][pdx_3dtypes.cpp:217]: Total time "european_urban_residential_rich_02_mesh" in 23 ms
[00:46:54][pdx_3dtypes.cpp:217]: Total time "modernironclad_base_mesh" in 23 ms
[00:46:54][pdx_3dtypes.cpp:217]: Total time "french_rural_residential_mid_02_mesh" in 23 ms
[00:46:54][pdx_3dtypes.cpp:217]: Total time "african_farm_scatter_01_mesh" in 23 ms
[00:46:54][pdx_3dtypes.cpp:217]: Total time "asian_mobile_artillery_mesh" in 23 ms
[00:46:54][pdx_3dtypes.cpp:217]: Total time "indian_rural_residential_rich_03_mesh" in 23 ms
[00:46:54][pdx_3dtypes.cpp:217]: Total time "latin_urban_city_residential_rich_01_mesh" in 23 ms
[00:46:54][pdx_3dtypes.cpp:217]: Total time "male_outfit_native_american_01_low_mesh" in 23 ms
[00:46:54][pdx_3dtypes.cpp:217]: Total time "arabic_urban_city_residential_poor_03_mesh" in 23 ms
[00:46:54][pdx_3dtypes.cpp:217]: Total time "superdreadnought_base_mesh" in 23 ms
[00:46:54][pdx_3dtypes.cpp:217]: Total time "indian_mining_gold_01_mesh" in 23 ms
[00:46:54][pdx_3dtypes.cpp:217]: Total time "military_cavalry_horse_beige_01_mesh" in 23 ms
[00:46:54][pdx_3dtypes.cpp:217]: Total time "asian_rural_residential_mid_01_mesh" in 23 ms
[00:46:54][pdx_3dtypes.cpp:217]: Total time "male_headgear_greek_01_mesh" in 23 ms
[00:46:54][pdx_3dtypes.cpp:217]: Total time "hull_superdreadnought_medium_mesh" in 23 ms
[00:46:54][pdx_3dtypes.cpp:217]: Total time "arabic_farm_scatter_01_mesh" in 22 ms
[00:46:54][pdx_3dtypes.cpp:217]: Total time "asian_urban_residential_poor_02_mesh" in 22 ms
[00:46:54][pdx_3dtypes.cpp:217]: Total time "balkan_rural_residential_rich_03_mesh" in 22 ms
[00:46:54][pdx_3dtypes.cpp:217]: Total time "asian_colonial_manufactory_01_mesh" in 22 ms
[00:46:54][pdx_3dtypes.cpp:217]: Total time "generic_factory_chemical_01_mesh" in 22 ms
[00:46:54][pdx_3dtypes.cpp:217]: Total time "hull_lightcruiser_light_mesh" in 22 ms
[00:46:54][pdx_3dtypes.cpp:217]: Total time "african_port_centerpiece_01_mesh" in 22 ms
[00:46:54][pdx_3dtypes.cpp:217]: Total time "train_electric_01_mesh" in 22 ms
[00:46:54][pdx_3dtypes.cpp:217]: Total time "indian_city_barracks_mesh" in 22 ms
[00:46:54][pdx_3dtypes.cpp:217]: Total time "male_coat_european_fancy_single_breasted_01_mesh" in 22 ms
[00:46:54][pdx_3dtypes.cpp:217]: Total time "torpedoboatdestroyer_base_mesh" in 22 ms
[00:46:54][pdx_3dtypes.cpp:217]: Total time "hull_destroyer_medium_mesh" in 22 ms
[00:46:54][pdx_3dtypes.cpp:217]: Total time "arabic_rural_residential_poor_01_mesh" in 22 ms
[00:46:54][pdx_3dtypes.cpp:217]: Total time "asian_forestry_centerpiece_01_mesh" in 22 ms
[00:46:54][pdx_3dtypes.cpp:217]: Total time "balkan_rural_residential_rich_02_mesh" in 22 ms
[00:46:54][pdx_3dtypes.cpp:217]: Total time "latin_rural_residential_poor_03_mesh" in 22 ms
[00:46:54][pdx_3dtypes.cpp:217]: Total time "wonder_machu_picchu_mesh" in 22 ms
[00:46:54][pdx_3dtypes.cpp:217]: Total time "female_hair_japanese_01_mesh" in 22 ms
[00:46:54][pdx_3dtypes.cpp:217]: Total time "japan_forestry_trees_01_mesh" in 22 ms
[00:46:54][pdx_3dtypes.cpp:217]: Total time "female_top_layers_power_bloc_01_mesh" in 22 ms
[00:46:54][pdx_3dtypes.cpp:217]: Total time "indian_mining_sulfur_01_mesh" in 22 ms
[00:46:54][pdx_3dtypes.cpp:217]: Total time "wonder_hagia_sophia_01_mesh" in 22 ms
[00:46:54][pdx_3dtypes.cpp:217]: Total time "indian_rural_residential_poor_02_mesh" in 22 ms
[00:46:54][pdx_3dtypes.cpp:217]: Total time "male_outfit_siamese_common_01_mesh" in 22 ms
[00:46:54][pdx_3dtypes.cpp:217]: Total time "african_farm_farmstead_01_mesh" in 22 ms
[00:46:54][pdx_3dtypes.cpp:217]: Total time "balkan_port_docks_02_mesh" in 22 ms
[00:46:54][pdx_3dtypes.cpp:217]: Total time "asian_rural_residential_poor_01_mesh" in 22 ms
[00:46:54][pdx_3dtypes.cpp:217]: Total time "male_coat_ceo_02_bs_old_mesh" in 21 ms
[00:46:54][pdx_3dtypes.cpp:217]: Total time "hull_submarine_medium_mesh" in 21 ms
[00:46:54][pdx_3dtypes.cpp:217]: Total time "french_rural_residential_poor_03_mesh" in 21 ms
[00:46:54][pdx_3dtypes.cpp:217]: Total time "arabic_rural_residential_rich_03_mesh" in 21 ms
[00:46:54][pdx_3dtypes.cpp:217]: Total time "male_sashes_tricolor_mesh" in 21 ms
[00:46:54][pdx_3dtypes.cpp:217]: Total time "male_shirt_indian_maharaja_singh_01_mesh" in 21 ms
[00:46:54][pdx_3dtypes.cpp:217]: Total time "cliff_canyon_16_mesh" in 21 ms
[00:46:54][pdx_3dtypes.cpp:217]: Total time "cliff_canyon_01_mesh" in 21 ms
[00:46:54][pdx_3dtypes.cpp:217]: Total time "latin_farm_farmstead_01_mesh" in 21 ms
[00:46:54][pdx_3dtypes.cpp:217]: Total time "papermap_netturpetti_mesh" in 21 ms
[00:46:54][pdx_3dtypes.cpp:217]: Total time "hull_predreadnought_medium_mesh" in 21 ms
[00:46:54][pdx_3dtypes.cpp:217]: Total time "male_coat_european_civil_dress_uniform_01_mesh" in 21 ms
[00:46:54][pdx_3dtypes.cpp:217]: Total time "balkan_forestry_loggingcamp_02_mesh" in 21 ms
[00:46:54][pdx_3dtypes.cpp:217]: Total time "balkan_urban_residential_poor_02_mesh" in 21 ms
[00:46:54][pdx_3dtypes.cpp:217]: Total time "arabic_rural_residential_mid_03_mesh" in 21 ms
[00:46:54][pdx_3dtypes.cpp:217]: Total time "latin_rural_residential_mid_03_mesh" in 21 ms
[00:46:54][pdx_3dtypes.cpp:217]: Total time "latin_urban_city_residential_poor_03_mesh" in 21 ms
[00:46:54][pdx_3dtypes.cpp:217]: Total time "asian_rural_residential_rich_02_mesh" in 21 ms
[00:46:54][pdx_3dtypes.cpp:217]: Total time "japan_factory_construction_01_mesh" in 21 ms
[00:46:54][pdx_3dtypes.cpp:217]: Total time "latin_rural_residential_mid_01_mesh" in 21 ms
[00:46:54][pdx_3dtypes.cpp:217]: Total time "asian_rural_ranch_01_mesh" in 20 ms
[00:46:54][pdx_3dtypes.cpp:217]: Total time "horse_cart_ap1_03_mesh" in 20 ms
[00:46:54][pdx_3dtypes.cpp:217]: Total time "powerbloc_statue_attachment_academyhat_mesh" in 20 ms
[00:46:54][pdx_3dtypes.cpp:217]: Total time "african_colonial_manufactory_02_mesh" in 20 ms
[00:46:54][pdx_3dtypes.cpp:217]: Total time "latin_farm_ranch_01_mesh" in 20 ms
[00:46:54][pdx_3dtypes.cpp:217]: Total time "military_artillery_cannon_generic_mesh" in 20 ms
[00:46:54][pdx_3dtypes.cpp:217]: Total time "asian_urban_residential_poor_03_mesh" in 20 ms
[00:46:54][pdx_3dtypes.cpp:217]: Total time "strait_fortification_tower_african_mesh" in 20 ms
[00:46:54][pdx_3dtypes.cpp:217]: Total time "hull_modernironclad_light_mesh" in 20 ms
[00:46:54][pdx_3dtypes.cpp:217]: Total time "asian_rural_plantation_01_mesh" in 20 ms
[00:46:54][pdx_3dtypes.cpp:217]: Total time "male_hair_european_15_mesh" in 20 ms
[00:46:54][pdx_3dtypes.cpp:217]: Total time "male_headgear_japanese_jingasa_mesh" in 20 ms
[00:46:54][pdx_3dtypes.cpp:217]: Total time "wonder_petra_01_mesh" in 20 ms
[00:46:54][pdx_3dtypes.cpp:217]: Total time "hull_earlyironclad_medium_mesh" in 20 ms
[00:46:54][pdx_3dtypes.cpp:217]: Total time "hull_modernironclad_heavy_mesh" in 20 ms
[00:46:54][pdx_3dtypes.cpp:217]: Total time "african_forestry_scatter_01_mesh" in 20 ms
[00:46:54][pdx_3dtypes.cpp:217]: Total time "male_top_layer_european_royal_01_mesh" in 20 ms
[00:46:54][pdx_3dtypes.cpp:217]: Total time "female_sash_slavic_agitator_01_mesh" in 20 ms
[00:46:54][pdx_3dtypes.cpp:217]: Total time "latin_rural_residential_mid_02_mesh" in 20 ms
[00:46:54][pdx_3dtypes.cpp:217]: Total time "papermap_cigarbox_01_mesh" in 20 ms
[00:46:54][pdx_3dtypes.cpp:217]: Total time "african_farm_ranch_01_mesh" in 20 ms
[00:46:54][pdx_3dtypes.cpp:217]: Total time "arabic_farm_scatter_02_mesh" in 20 ms
[00:46:54][pdx_3dtypes.cpp:217]: Total time "french_rural_residential_rich_03_mesh" in 20 ms
[00:46:54][pdx_3dtypes.cpp:217]: Total time "balkan_port_navalbase_01_mesh" in 20 ms
[00:46:54][pdx_3dtypes.cpp:217]: Total time "asian_rural_residential_poor_03_mesh" in 19 ms
[00:46:54][pdx_3dtypes.cpp:217]: Total time "hull_superdreadnought_light_mesh" in 19 ms
[00:46:54][pdx_3dtypes.cpp:217]: Total time "french_city_factory_munition_01_mesh" in 19 ms
[00:46:54][pdx_3dtypes.cpp:217]: Total time "indian_rural_residential_mid_03_mesh" in 19 ms
[00:46:54][pdx_3dtypes.cpp:217]: Total time "male_mustache_indian_pratap_singh_mesh" in 19 ms
[00:46:54][pdx_3dtypes.cpp:217]: Total time "african_manufactory_01_mesh" in 19 ms
[00:46:54][pdx_3dtypes.cpp:217]: Total time "female_outfit_arabic_common_01_mesh" in 19 ms
[00:46:54][pdx_3dtypes.cpp:217]: Total time "male_waistcoat_european_02_mesh" in 19 ms
[00:46:54][pdx_3dtypes.cpp:217]: Total time "latin_rural_residential_poor_01_mesh" in 19 ms
[00:46:54][pdx_3dtypes.cpp:217]: Total time "hull_coastaldefense_medium_mesh" in 19 ms
[00:46:54][pdx_3dtypes.cpp:217]: Total time "papermap_kolbasz_mesh" in 19 ms
[00:46:54][pdx_3dtypes.cpp:217]: Total time "wonder_christ_the_redeemer_01_mesh" in 19 ms
[00:46:54][pdx_3dtypes.cpp:217]: Total time "french_city_factory_tech_01_mesh" in 19 ms
[00:46:54][pdx_3dtypes.cpp:217]: Total time "japan_rural_residential_rich_01_mesh" in 19 ms
[00:46:54][pdx_3dtypes.cpp:217]: Total time "japan_urban_residential_mid_04_mesh" in 19 ms
[00:46:54][pdx_3dtypes.cpp:217]: Total time "arabic_factory_glassworks_01_mesh" in 19 ms
[00:46:54][pdx_3dtypes.cpp:217]: Total time "papermap_yali_01_mesh" in 19 ms
[00:46:54][pdx_3dtypes.cpp:217]: Total time "hull_earlyironclad_light_mesh" in 19 ms
[00:46:54][pdx_3dtypes.cpp:217]: Total time "military_artillery_shrapnel_generic_mesh" in 19 ms
[00:46:54][pdx_3dtypes.cpp:217]: Total time "horses_01_mesh" in 19 ms
[00:46:54][pdx_3dtypes.cpp:217]: Total time "indian_city_university_mesh" in 19 ms
[00:46:54][pdx_3dtypes.cpp:217]: Total time "generic_mining_centerpiece_01_mesh" in 19 ms
[00:46:54][pdx_3dtypes.cpp:217]: Total time "hull_frigate_heavy_mesh" in 19 ms
[00:46:54][pdx_3dtypes.cpp:217]: Total time "hull_dreadnought_heavy_mesh" in 19 ms
[00:46:54][pdx_3dtypes.cpp:217]: Total time "european_rural_center_piece_01_mesh" in 19 ms
[00:46:54][pdx_3dtypes.cpp:217]: Total time "japan_forestry_centerpiece_01_mesh" in 19 ms
[00:46:54][pdx_3dtypes.cpp:217]: Total time "european_city_academy_01_mesh" in 19 ms
[00:46:54][pdx_3dtypes.cpp:217]: Total time "asian_rural_residential_poor_02_mesh" in 19 ms
[00:46:54][pdx_3dtypes.cpp:217]: Total time "indian_city_tradecenter_mesh" in 19 ms
[00:46:54][pdx_3dtypes.cpp:217]: Total time "generic_factory_textilemill_01_mesh" in 19 ms
[00:46:54][pdx_3dtypes.cpp:217]: Total time "balkan_factory_chemical_01_mesh" in 19 ms
[00:46:54][pdx_3dtypes.cpp:217]: Total time "papermap_grapes_mesh" in 19 ms
[00:46:54][pdx_3dtypes.cpp:217]: Total time "female_headgear_arabic_common_02_mesh" in 19 ms
[00:46:54][pdx_3dtypes.cpp:217]: Total time "male_outfit_native_american_01_mid_mesh" in 19 ms
[00:46:54][pdx_3dtypes.cpp:217]: Total time "male_coat_alexis_de_tocqueville_01_mesh" in 19 ms
[00:46:54][pdx_3dtypes.cpp:217]: Total time "balkan_factory_arms_01_mesh" in 19 ms
[00:46:54][pdx_3dtypes.cpp:217]: Total time "european_province_farm_02_mesh" in 19 ms
[00:46:54][pdx_3dtypes.cpp:217]: Total time "japan_forestry_transportation_03_mesh" in 19 ms
[00:46:54][pdx_3dtypes.cpp:217]: Total time "generic_mining_gold_01_mesh" in 19 ms
[00:46:54][pdx_3dtypes.cpp:217]: Total time "balkan_factory_tools_01_mesh" in 19 ms
[00:46:54][pdx_3dtypes.cpp:217]: Total time "arabic_urban_city_residential_rich_02_mesh" in 19 ms
[00:46:54][pdx_3dtypes.cpp:217]: Total time "male_headgear_arabic_military_01_mesh" in 19 ms
[00:46:54][pdx_3dtypes.cpp:217]: Total time "female_outfit_indian_common_01_mesh" in 19 ms
[00:46:54][pdx_3dtypes.cpp:217]: Total time "asian_urban_residential_mid_03_mesh" in 19 ms
[00:46:54][pdx_3dtypes.cpp:217]: Total time "female_outfit_chinese_01_high_mesh" in 19 ms
[00:46:54][pdx_3dtypes.cpp:217]: Total time "japan_urban_residential_mid_03_mesh" in 19 ms
[00:46:54][pdx_3dtypes.cpp:217]: Total time "generic_aerial_bleriotxi_01_mesh" in 18 ms
[00:46:54][pdx_3dtypes.cpp:217]: Total time "male_beard_indian_03_mesh" in 18 ms
[00:46:54][pdx_3dtypes.cpp:217]: Total time "torpedoboat_base_mesh" in 18 ms
[00:46:54][pdx_3dtypes.cpp:217]: Total time "strait_fortification_tower_asian_mesh" in 18 ms
[00:46:54][pdx_3dtypes.cpp:217]: Total time "female_hair_african_01_mesh" in 18 ms
[00:46:54][pdx_3dtypes.cpp:217]: Total time "arabic_rural_residential_rich_02_mesh" in 18 ms
[00:46:54][pdx_3dtypes.cpp:217]: Total time "european_urban_residential_poor_01_mesh" in 18 ms
[00:46:54][pdx_3dtypes.cpp:217]: Total time "indian_mining_centerpiece_01_mesh" in 18 ms
[00:46:54][pdx_3dtypes.cpp:217]: Total time "asian_urban_residential_mid_02_mesh" in 18 ms
[00:46:54][pdx_3dtypes.cpp:217]: Total time "hull_destroyer_heavy_mesh" in 18 ms
[00:46:54][pdx_3dtypes.cpp:217]: Total time "female_outfit_european_royal_01_mesh" in 18 ms
[00:46:54][pdx_3dtypes.cpp:217]: Total time "bird_seagull_01_mesh" in 18 ms
[00:46:54][pdx_3dtypes.cpp:217]: Total time "male_legwear_slavic_01_low_mesh" in 18 ms
[00:46:54][pdx_3dtypes.cpp:217]: Total time "papermap_bugbearflask_mesh" in 18 ms
[00:46:54][pdx_3dtypes.cpp:217]: Total time "indian_factory_food_01_mesh" in 18 ms
[00:46:54][pdx_3dtypes.cpp:217]: Total time "hull_frigate_medium_mesh" in 18 ms
[00:46:54][pdx_3dtypes.cpp:217]: Total time "indian_factory_munition_01_mesh" in 18 ms
[00:46:54][pdx_3dtypes.cpp:217]: Total time "latin_urban_city_residential_poor_01_mesh" in 18 ms
[00:46:54][pdx_3dtypes.cpp:217]: Total time "latin_port_centerpiece_02_mesh" in 18 ms
[00:46:54][pdx_3dtypes.cpp:217]: Total time "male_headgear_european_common_01_mesh" in 18 ms
[00:46:54][pdx_3dtypes.cpp:217]: Total time "female_outfit_indian_low_01_mesh" in 18 ms
[00:46:54][pdx_3dtypes.cpp:217]: Total time "hull_shipoftheline_medium_mesh" in 18 ms
[00:46:54][pdx_3dtypes.cpp:217]: Total time "indian_factory_papermill_01_mesh" in 18 ms
[00:46:54][pdx_3dtypes.cpp:217]: Total time "military_transport_railroad_armoredcart_generic_mesh" in 18 ms
[00:46:54][pdx_3dtypes.cpp:217]: Total time "male_headgear_european_religious_catholic_01_mesh" in 18 ms
[00:46:54][pdx_3dtypes.cpp:217]: Total time "female_outfit_indian_high_01_mesh" in 18 ms
[00:46:54][pdx_3dtypes.cpp:217]: Total time "male_legwear_balkan_hajduk_01_mesh" in 18 ms
[00:46:54][pdx_3dtypes.cpp:217]: Total time "hull_submarine_heavy_mesh" in 18 ms
[00:46:54][pdx_3dtypes.cpp:217]: Total time "european_urban_residential_poor_02_mesh" in 18 ms
[00:46:54][pdx_3dtypes.cpp:217]: Total time "asian_city_centerpiece_01_mesh" in 18 ms
[00:46:54][pdx_3dtypes.cpp:217]: Total time "male_headgear_ethiopian_royal_01_mesh" in 18 ms
[00:46:54][pdx_3dtypes.cpp:217]: Total time "female_outfit_japanese_01_mid_mesh" in 18 ms
[00:46:54][pdx_3dtypes.cpp:217]: Total time "japan_factory_glass_01_mesh" in 18 ms
[00:46:54][pdx_3dtypes.cpp:217]: Total time "male_headgear_chinese_common_01_mesh" in 18 ms
[00:46:54][pdx_3dtypes.cpp:217]: Total time "hull_torpedoboat_heavy_mesh" in 18 ms
[00:46:54][pdx_3dtypes.cpp:217]: Total time "male_necklace_power_bloc_military_01_mesh" in 18 ms
[00:46:54][pdx_3dtypes.cpp:217]: Total time "female_headgear_vivandiere_01_mesh" in 18 ms
[00:46:54][pdx_3dtypes.cpp:217]: Total time "french_city_factory_glass_01_mesh" in 17 ms
[00:46:54][pdx_3dtypes.cpp:217]: Total time "european_farm_farmhouse_02_mesh" in 17 ms
[00:46:54][pdx_3dtypes.cpp:217]: Total time "hull_dreadnought_medium_mesh" in 17 ms
[00:46:54][pdx_3dtypes.cpp:217]: Total time "arabic_factory_02_mesh" in 17 ms
[00:46:54][pdx_3dtypes.cpp:217]: Total time "male_headgear_balkan_fur_01_mesh" in 17 ms
[00:46:54][pdx_3dtypes.cpp:217]: Total time "generic_factory_food_01_mesh" in 17 ms
[00:46:54][pdx_3dtypes.cpp:217]: Total time "latin_urban_city_residential_mid_01_mesh" in 17 ms
[00:46:54][pdx_3dtypes.cpp:217]: Total time "european_urban_residential_mid_03_mesh" in 17 ms
[00:46:54][pdx_3dtypes.cpp:217]: Total time "male_top_layer_japanese_raincoat_01_mesh" in 17 ms
[00:46:54][pdx_3dtypes.cpp:217]: Total time "female_outfit_japanese_01_low_mesh" in 17 ms
[00:46:54][pdx_3dtypes.cpp:217]: Total time "generic_mining_sulfur_01_mesh" in 17 ms
[00:46:54][pdx_3dtypes.cpp:217]: Total time "hull_coastaldefense_light_mesh" in 17 ms
[00:46:54][pdx_3dtypes.cpp:217]: Total time "female_outfit_arabic_low_tier_01_mesh" in 17 ms
[00:46:54][pdx_3dtypes.cpp:217]: Total time "female_hair_lakshmibai_01_mesh" in 17 ms
[00:46:54][pdx_3dtypes.cpp:217]: Total time "female_outfit_slavic_01_low_mesh" in 17 ms
[00:46:54][pdx_3dtypes.cpp:217]: Total time "military_diorama_flag_mesh" in 17 ms
[00:46:54][pdx_3dtypes.cpp:217]: Total time "military_tank_mechinfantry_generic_mesh" in 17 ms
[00:46:54][pdx_3dtypes.cpp:217]: Total time "submarine_base_mesh" in 17 ms
[00:46:54][pdx_3dtypes.cpp:217]: Total time "hull_destroyer_light_mesh" in 17 ms
[00:46:54][pdx_3dtypes.cpp:217]: Total time "french_city_factory_furniture_01_mesh" in 17 ms
[00:46:54][pdx_3dtypes.cpp:217]: Total time "indian_urban_residential_mid_01_mesh" in 17 ms
[00:46:54][pdx_3dtypes.cpp:217]: Total time "female_coat_vivandiere_02_mesh" in 17 ms
[00:46:54][pdx_3dtypes.cpp:217]: Total time "hull_superdreadnought_heavy_mesh" in 17 ms
[00:46:54][pdx_3dtypes.cpp:217]: Total time "arabic_farm_plantation_01_mesh" in 17 ms
[00:46:54][pdx_3dtypes.cpp:217]: Total time "french_forestry_lumberdepo_01_mesh" in 17 ms
[00:46:54][pdx_3dtypes.cpp:217]: Total time "japan_factory_munition_01_mesh" in 17 ms
[00:46:54][pdx_3dtypes.cpp:217]: Total time "male_top_layers_gandhi_stole_01_mesh" in 17 ms
[00:46:54][pdx_3dtypes.cpp:217]: Total time "female_hair_european_04_mesh" in 17 ms
[00:46:54][pdx_3dtypes.cpp:217]: Total time "female_belt_lakshmibai_01_mesh" in 17 ms
[00:46:54][pdx_3dtypes.cpp:217]: Total time "male_headgear_african_common_01_mesh" in 17 ms
[00:46:54][pdx_3dtypes.cpp:217]: Total time "female_coat_european_greatcoat_01_mesh" in 17 ms
[00:46:54][pdx_3dtypes.cpp:217]: Total time "male_waistcoat_european_03_mesh" in 17 ms
[00:46:54][pdx_3dtypes.cpp:217]: Total time "african_forestry_loggingcamp_01_mesh" in 17 ms
[00:46:54][pdx_3dtypes.cpp:217]: Total time "wonder_eye_of_sahara_01_mesh" in 17 ms
[00:46:54][pdx_3dtypes.cpp:217]: Total time "african_furniture_manufactory_01_mesh" in 17 ms
[00:46:54][pdx_3dtypes.cpp:217]: Total time "male_sash_african_agitator_01_mesh" in 17 ms
[00:46:54][pdx_3dtypes.cpp:217]: Total time "male_legwear_japanese_common_01_mesh" in 17 ms
[00:46:54][pdx_3dtypes.cpp:217]: Total time "zeppelin_01_mesh" in 17 ms
[00:46:54][pdx_3dtypes.cpp:217]: Total time "latin_urban_city_residential_rich_02_mesh" in 17 ms
[00:46:54][pdx_3dtypes.cpp:217]: Total time "hull_submarine_light_mesh" in 17 ms
[00:46:54][pdx_3dtypes.cpp:217]: Total time "balkan_forestry_trees_02_mesh" in 17 ms
[00:46:54][pdx_3dtypes.cpp:217]: Total time "female_necklace_power_bloc_trade_01_mesh" in 17 ms
[00:46:54][pdx_3dtypes.cpp:217]: Total time "hull_torpedoboatdestroyer_medium_mesh" in 17 ms
[00:46:54][pdx_3dtypes.cpp:217]: Total time "male_headgear_arabic_common_02_mesh" in 17 ms
[00:46:54][pdx_3dtypes.cpp:217]: Total time "female_headgear_south_american_gaucho_01_mesh" in 17 ms
[00:46:54][pdx_3dtypes.cpp:217]: Total time "hull_monitor_heavy_mesh" in 17 ms
[00:46:54][pdx_3dtypes.cpp:217]: Total time "balkan_port_shipyard_02_mesh" in 17 ms
[00:46:54][pdx_3dtypes.cpp:217]: Total time "male_necklace_indian_maharaja_singh_01_mesh" in 17 ms
[00:46:54][pdx_3dtypes.cpp:217]: Total time "male_belts_sash_power_bloc_03_mesh" in 17 ms
[00:46:54][pdx_3dtypes.cpp:217]: Total time "hull_monitor_light_mesh" in 16 ms
[00:46:54][pdx_3dtypes.cpp:217]: Total time "balkan_urban_residential_mid_01_mesh" in 16 ms
[00:46:54][pdx_3dtypes.cpp:217]: Total time "papermap_object_compass_mesh" in 16 ms
[00:46:54][pdx_3dtypes.cpp:217]: Total time "male_headgear_russian_military_01_mesh" in 16 ms
[00:46:54][pdx_3dtypes.cpp:217]: Total time "male_mustache_african_02_mesh" in 16 ms
[00:46:54][pdx_3dtypes.cpp:217]: Total time "female_outfit_native_american_01_mid_mesh" in 16 ms
[00:46:54][pdx_3dtypes.cpp:217]: Total time "male_headgear_maharaja_singh_01_mesh" in 16 ms
[00:46:54][pdx_3dtypes.cpp:217]: Total time "hull_modernironclad_medium_mesh" in 16 ms
[00:46:54][pdx_3dtypes.cpp:217]: Total time "bird_eagle_02_mesh" in 16 ms
[00:46:54][pdx_3dtypes.cpp:217]: Total time "male_coat_european_01_mesh" in 16 ms
[00:46:54][pdx_3dtypes.cpp:217]: Total time "male_top_layer_african_zulu_dingane_01_mesh" in 16 ms
[00:46:54][pdx_3dtypes.cpp:217]: Total time "generic_mining_iron_01_mesh" in 16 ms
[00:46:54][pdx_3dtypes.cpp:217]: Total time "male_beard_victor_emmanuel_mesh" in 16 ms
[00:46:54][pdx_3dtypes.cpp:217]: Total time "male_outfit_circumpolar_01_low_mesh" in 16 ms
[00:46:54][pdx_3dtypes.cpp:217]: Total time "female_eyelashes_mesh" in 16 ms
[00:46:54][pdx_3dtypes.cpp:217]: Total time "male_headgear_native_american_01_high_mesh" in 16 ms
[00:46:54][pdx_3dtypes.cpp:217]: Total time "male_mustache_napoleon_03_mesh" in 16 ms
[00:46:54][pdx_3dtypes.cpp:217]: Total time "male_legwear_native_american_01_mesh" in 16 ms
[00:46:54][pdx_3dtypes.cpp:217]: Total time "sail_transport_ship_01_mesh" in 16 ms
[00:46:54][pdx_3dtypes.cpp:217]: Total time "arabic_lighthouse_01_mesh" in 16 ms
[00:46:54][pdx_3dtypes.cpp:217]: Total time "powerbloc_statue_hero_dancinglady_mesh" in 16 ms
[00:46:54][pdx_3dtypes.cpp:217]: Total time "male_legwear_african_zulu_dingane_01_mesh" in 16 ms
[00:46:54][pdx_3dtypes.cpp:217]: Total time "male_belts_sash_power_bloc_02_mesh" in 16 ms
[00:46:54][pdx_3dtypes.cpp:217]: Total time "female_hair_european_short_haircut_01_mesh" in 16 ms
[00:46:54][pdx_3dtypes.cpp:217]: Total time "prop_crudehoe_mesh" in 16 ms
[00:46:54][pdx_3dtypes.cpp:217]: Total time "latin_forestry_scatter_02_mesh" in 16 ms
[00:46:54][pdx_3dtypes.cpp:217]: Total time "indian_urban_residential_poor_04_mesh" in 16 ms
[00:46:54][pdx_3dtypes.cpp:217]: Total time "tree_baobab_04_mesh" in 16 ms
[00:46:54][pdx_3dtypes.cpp:217]: Total time "male_outfit_circumpolar_01_high_mesh" in 16 ms
[00:46:54][pdx_3dtypes.cpp:217]: Total time "balkan_forestry_transportation_02_mesh" in 16 ms
[00:46:54][pdx_3dtypes.cpp:217]: Total time "generic_forestry_transportation_01_mesh" in 16 ms
[00:46:54][pdx_3dtypes.cpp:217]: Total time "male_sashes_cuirass_01_mesh" in 16 ms
[00:46:54][pdx_3dtypes.cpp:217]: Total time "male_necklace_power_bloc_cape_01_mesh" in 16 ms
[00:46:54][pdx_3dtypes.cpp:217]: Total time "arabic_rural_residential_mid_02_mesh" in 16 ms
[00:46:54][pdx_3dtypes.cpp:217]: Total time "asian_lighthouse_01_mesh" in 16 ms
[00:46:54][pdx_3dtypes.cpp:217]: Total time "hull_shipoftheline_heavy_mesh" in 16 ms
[00:46:54][pdx_3dtypes.cpp:217]: Total time "male_belt_generic_01_mesh" in 16 ms
[00:46:54][pdx_3dtypes.cpp:217]: Total time "female_headgear_japanese_common_01_mesh" in 16 ms
[00:46:54][pdx_3dtypes.cpp:217]: Total time "prop_saber_mesh" in 16 ms
[00:46:54][pdx_3dtypes.cpp:217]: Total time "male_top_layer_historical_napoleon_03_mesh" in 16 ms
[00:46:54][pdx_3dtypes.cpp:217]: Total time "male_outfit_slavic_01_high_mesh" in 16 ms
[00:46:54][pdx_3dtypes.cpp:217]: Total time "african_lighthouse_01_mesh" in 16 ms
[00:46:54][pdx_3dtypes.cpp:217]: Total time "wonder_manilacathedral_01_mesh" in 16 ms
[00:46:54][pdx_3dtypes.cpp:217]: Total time "prop_rifle_mesh" in 16 ms
[00:46:54][pdx_3dtypes.cpp:217]: Total time "male_outfit_japanese_imperial_01_mesh" in 16 ms
[00:46:54][pdx_3dtypes.cpp:217]: Total time "zeppelin_02_mesh" in 16 ms
[00:46:54][pdx_3dtypes.cpp:217]: Total time "powerbloc_statue_hero_gazelle_mesh" in 16 ms
[00:46:54][pdx_3dtypes.cpp:217]: Total time "sandstone_monument_01_mesh" in 16 ms
[00:46:54][pdx_3dtypes.cpp:217]: Total time "male_coat_european_09_mesh" in 16 ms
[00:46:54][pdx_3dtypes.cpp:217]: Total time "female_outfit_korean_common_01_mesh" in 16 ms
[00:46:54][pdx_3dtypes.cpp:217]: Total time "tractor_01_mesh" in 16 ms
[00:46:54][pdx_3dtypes.cpp:217]: Total time "male_outfit_chinese_imperial_01_mesh" in 16 ms
[00:46:54][pdx_3dtypes.cpp:217]: Total time "female_outfit_working_class_01_mesh" in 16 ms
[00:46:54][pdx_3dtypes.cpp:217]: Total time "papermap_extension_top_mesh" in 16 ms
[00:46:54][pdx_3dtypes.cpp:217]: Total time "african_tools_manufactory_01_mesh" in 16 ms
[00:46:54][pdx_3dtypes.cpp:217]: Total time "arabic_factory_tools_01_mesh" in 16 ms
[00:46:54][pdx_3dtypes.cpp:217]: Total time "train_locomotive_g_01_mesh" in 16 ms
[00:46:54][pdx_3dtypes.cpp:217]: Total time "male_prop_gloves_01_mesh" in 16 ms
[00:46:54][pdx_3dtypes.cpp:217]: Total time "arabic_forestry_loggingcamp_01_mesh" in 16 ms
[00:46:54][pdx_3dtypes.cpp:217]: Total time "male_headgear_japanese_common_04_mesh" in 16 ms
[00:46:54][pdx_3dtypes.cpp:217]: Total time "african_urban_city_residential_rich_02_mesh" in 16 ms
[00:46:54][pdx_3dtypes.cpp:217]: Total time "indian_city_centerpiece_mesh" in 16 ms
[00:46:54][pdx_3dtypes.cpp:217]: Total time "military_support_chemical_warfare_mesh" in 16 ms
[00:46:54][pdx_3dtypes.cpp:217]: Total time "hull_torpedoboat_light_mesh" in 16 ms
[00:46:54][pdx_3dtypes.cpp:217]: Total time "rockformation_sandstone_06_mesh" in 15 ms
[00:46:54][pdx_3dtypes.cpp:217]: Total time "female_outfit_south_american_01_high_mesh" in 15 ms
[00:46:54][pdx_3dtypes.cpp:217]: Total time "male_legwear_austrian_01_mesh" in 15 ms
[00:46:54][pdx_3dtypes.cpp:217]: Total time "male_beard_european_07_mesh" in 15 ms
[00:46:54][pdx_3dtypes.cpp:217]: Total time "male_outfit_christian_priest_01_mesh" in 15 ms
[00:46:54][pdx_3dtypes.cpp:217]: Total time "male_coat_gilded_tailcoat_mesh" in 15 ms
[00:46:54][pdx_3dtypes.cpp:217]: Total time "male_necklace_indian_01_mesh" in 15 ms
[00:46:54][pdx_3dtypes.cpp:217]: Total time "male_prop_pipe2_02_mesh" in 15 ms
[00:46:54][pdx_3dtypes.cpp:217]: Total time "military_transport_road_truck_generic_mesh" in 15 ms
[00:46:54][pdx_3dtypes.cpp:217]: Total time "indian_mining_lead_01_mesh" in 15 ms
[00:46:54][pdx_3dtypes.cpp:217]: Total time "female_headgear_japanese_common_04_mesh" in 15 ms
[00:46:54][pdx_3dtypes.cpp:217]: Total time "flatbed_truck_01_mesh" in 15 ms
[00:46:54][pdx_3dtypes.cpp:217]: Total time "wonder_chichen_itza_01_mesh" in 15 ms
[00:46:54][pdx_3dtypes.cpp:217]: Total time "male_headgear_japanese_nirayamagasa_mesh" in 15 ms
[00:46:54][pdx_3dtypes.cpp:217]: Total time "male_headgear_japanese_common_01_mesh" in 15 ms
[00:46:54][pdx_3dtypes.cpp:217]: Total time "japan_city_companyhq_01_mesh" in 15 ms
[00:46:54][pdx_3dtypes.cpp:217]: Total time "male_legwear_peasants_01_mesh" in 15 ms
[00:46:54][pdx_3dtypes.cpp:217]: Total time "male_outfit_indian_common_02_mesh" in 15 ms
[00:46:54][pdx_3dtypes.cpp:217]: Total time "female_outfit_parka_01_mesh" in 15 ms
[00:46:54][pdx_3dtypes.cpp:217]: Total time "powerbloc_statue_hero_wavingman_mesh" in 15 ms
[00:46:54][pdx_3dtypes.cpp:217]: Total time "male_outfit_japanese_01_low_mesh" in 15 ms
[00:46:54][pdx_3dtypes.cpp:217]: Total time "male_outfit_arabic_common_02_mesh" in 15 ms
[00:46:54][pdx_3dtypes.cpp:217]: Total time "papermap_table_top_ip3_mesh" in 15 ms
[00:46:54][pdx_3dtypes.cpp:217]: Total time "train_locomotive_saxonia_01_mesh" in 15 ms
[00:46:54][pdx_3dtypes.cpp:217]: Total time "prop_wrench_mesh" in 15 ms
[00:46:54][pdx_3dtypes.cpp:217]: Total time "european_urban_residential_rich_01_mesh" in 15 ms
[00:46:54][pdx_3dtypes.cpp:217]: Total time "japan_factory_warmachine_01_mesh" in 15 ms
[00:46:54][pdx_3dtypes.cpp:217]: Total time "indian_urban_residential_poor_02_mesh" in 15 ms
[00:46:54][pdx_3dtypes.cpp:217]: Total time "male_top_layers_power_bloc_01_mesh" in 15 ms
[00:46:54][pdx_3dtypes.cpp:217]: Total time "generic_regionalcompanyhq_01_mesh" in 15 ms
[00:46:54][pdx_3dtypes.cpp:217]: Total time "male_hair_rudolf_prince_of_austria_mesh" in 15 ms
[00:46:54][pdx_3dtypes.cpp:217]: Total time "european_mobile_artillery_mesh" in 15 ms
[00:46:54][pdx_3dtypes.cpp:217]: Total time "rockformation_08_mesh" in 15 ms
[00:46:54][pdx_3dtypes.cpp:217]: Total time "male_headgear_indian_dwarkanath_tagore_mesh" in 15 ms
[00:46:54][pdx_3dtypes.cpp:217]: Total time "arabic_urban_port_dockyard_01_mesh" in 15 ms
[00:46:54][pdx_3dtypes.cpp:217]: Total time "female_outfit_european_common_01_mesh" in 15 ms
[00:46:54][pdx_3dtypes.cpp:217]: Total time "european_province_farm_01_nobillborads_mesh" in 15 ms
[00:46:54][pdx_3dtypes.cpp:217]: Total time "african_rural_residential_poor_01_mesh" in 15 ms
[00:46:54][pdx_3dtypes.cpp:217]: Total time "french_urban_residential_mid_02_mesh" in 15 ms
[00:46:54][pdx_3dtypes.cpp:217]: Total time "male_coat_historical_john_brown_01_mesh" in 15 ms
[00:46:54][pdx_3dtypes.cpp:217]: Total time "male_legwear_south_american_bandit_lampiao_01_mesh" in 15 ms
[00:46:54][pdx_3dtypes.cpp:217]: Total time "female_outfit_indian_diwali_01_mesh" in 15 ms
[00:46:54][pdx_3dtypes.cpp:217]: Total time "hull_torpedoboatdestroyer_heavy_mesh" in 15 ms
[00:46:54][pdx_3dtypes.cpp:217]: Total time "male_belt_austrian_01_mesh" in 15 ms
[00:46:54][pdx_3dtypes.cpp:217]: Total time "female_necklace_indian_02_mesh" in 15 ms
[00:46:54][pdx_3dtypes.cpp:217]: Total time "horse_cart_sovereignempire_mesh" in 15 ms
[00:46:54][pdx_3dtypes.cpp:217]: Total time "male_belts_gandhi_watch_01_mesh" in 15 ms
[00:46:54][pdx_3dtypes.cpp:217]: Total time "male_outfit_south_american_01_low_mesh" in 15 ms
[00:46:54][pdx_3dtypes.cpp:217]: Total time "european_rural_building_mid_03_mesh" in 15 ms
[00:46:54][pdx_3dtypes.cpp:217]: Total time "male_outfit_european_carnaval_pierrot_01_mesh" in 15 ms
[00:46:54][pdx_3dtypes.cpp:217]: Total time "indian_factory_tech_01_mesh" in 15 ms
[00:46:54][pdx_3dtypes.cpp:217]: Total time "african_colonial_manufactory_01_mesh" in 15 ms
[00:46:54][pdx_3dtypes.cpp:217]: Total time "male_necklace_african_01_mesh" in 15 ms
[00:46:54][pdx_3dtypes.cpp:217]: Total time "female_necklace_south_american_01_low_mesh" in 15 ms
[00:46:54][pdx_3dtypes.cpp:217]: Total time "female_headgear_power_blocks_earings_01_mesh" in 15 ms
[00:46:54][pdx_3dtypes.cpp:217]: Total time "female_outfit_african_common_03_mesh" in 15 ms
[00:46:54][pdx_3dtypes.cpp:217]: Total time "african_glassworks_manufactory_01_mesh" in 15 ms
[00:46:54][pdx_3dtypes.cpp:217]: Total time "male_mustache_european_01_mesh" in 15 ms
[00:46:54][pdx_3dtypes.cpp:217]: Total time "french_rural_residential_poor_02_mesh" in 15 ms
[00:46:54][pdx_3dtypes.cpp:217]: Total time "african_forestry_loggingcamp_02_mesh" in 15 ms
[00:46:54][pdx_3dtypes.cpp:217]: Total time "male_coat_indian_maharaja_singh_01_mesh" in 15 ms
[00:46:54][pdx_3dtypes.cpp:217]: Total time "japan_forestry_trees_03_mesh" in 15 ms
[00:46:54][pdx_3dtypes.cpp:217]: Total time "male_headgear_indian_common_01_mesh" in 15 ms
[00:46:54][pdx_3dtypes.cpp:217]: Total time "papermap_extension_bottom_votp_mesh" in 15 ms
[00:46:54][pdx_3dtypes.cpp:217]: Total time "papermap_extension_top_ep2_mesh" in 15 ms
[00:46:54][pdx_3dtypes.cpp:217]: Total time "male_headgear_south_american_gaucho_hat_01_mesh" in 15 ms
[00:46:54][pdx_3dtypes.cpp:217]: Total time "male_outfit_african_common_02_mesh" in 15 ms
[00:46:54][pdx_3dtypes.cpp:217]: Total time "male_outfit_european_agitator_01_mesh" in 15 ms
[00:46:54][pdx_3dtypes.cpp:217]: Total time "female_headgear_indian_high_01_mesh" in 15 ms
[00:46:54][pdx_3dtypes.cpp:217]: Total time "male_epaulettes_02_mesh" in 15 ms
[00:46:54][pdx_3dtypes.cpp:217]: Total time "male_hair_european_13_mesh" in 15 ms
[00:46:54][pdx_3dtypes.cpp:217]: Total time "hull_earlyironclad_heavy_mesh" in 15 ms
[00:46:54][pdx_3dtypes.cpp:217]: Total time "female_top_layer_indian_common_01_mesh" in 14 ms
[00:46:54][pdx_3dtypes.cpp:217]: Total time "male_headgear_ghandi_topi_01_mesh" in 14 ms
[00:46:54][pdx_3dtypes.cpp:217]: Total time "male_headgear_arabic_agitator_01_mesh" in 14 ms
[00:46:54][pdx_3dtypes.cpp:217]: Total time "male_beard_african_04_mesh" in 14 ms
[00:46:54][pdx_3dtypes.cpp:217]: Total time "train_diesel_01_mesh" in 14 ms
[00:46:54][pdx_3dtypes.cpp:217]: Total time "male_beard_european_06_mesh" in 14 ms
[00:46:54][pdx_3dtypes.cpp:217]: Total time "male_necklace_historical_dracula_mesh" in 14 ms
[00:46:54][pdx_3dtypes.cpp:217]: Total time "balkan_urban_residential_poor_03_mesh" in 14 ms
[00:46:54][pdx_3dtypes.cpp:217]: Total time "european_rural_building_rich_03_mesh" in 14 ms
[00:46:54][pdx_3dtypes.cpp:217]: Total time "male_headgear_arabic_common_01_mesh" in 14 ms
[00:46:54][pdx_3dtypes.cpp:217]: Total time "prop_pitchfork_mesh" in 14 ms
[00:46:54][pdx_3dtypes.cpp:217]: Total time "french_mining_quarry_03_mesh" in 14 ms
[00:46:54][pdx_3dtypes.cpp:217]: Total time "indian_mining_coal_01_mesh" in 14 ms
[00:46:54][pdx_3dtypes.cpp:217]: Total time "powerbloc_statue_hero_prancinghorse_01_mesh" in 14 ms
[00:46:54][pdx_3dtypes.cpp:217]: Total time "male_headgear_european_military_01_grey_mesh" in 14 ms
[00:46:54][pdx_3dtypes.cpp:217]: Total time "japan_factory_textilemill_01_mesh" in 14 ms
[00:46:54][pdx_3dtypes.cpp:217]: Total time "male_coat_european_06_mesh" in 14 ms
[00:46:54][pdx_3dtypes.cpp:217]: Total time "male_coat_russian_military_01_mesh" in 14 ms
[00:46:54][pdx_3dtypes.cpp:217]: Total time "male_outfit_african_common_01_mesh" in 14 ms
[00:46:54][pdx_3dtypes.cpp:217]: Total time "male_top_layer_japanese_common_01_mesh" in 14 ms
[00:46:54][pdx_3dtypes.cpp:217]: Total time "hull_torpedoboatdestroyer_light_mesh" in 14 ms
[00:46:54][pdx_3dtypes.cpp:217]: Total time "male_epaulettes_cossack_01_mesh" in 14 ms
[00:46:54][pdx_3dtypes.cpp:217]: Total time "male_beard_indian_akbar_shah_ii_mesh" in 14 ms
[00:46:54][pdx_3dtypes.cpp:217]: Total time "male_coat_european_cossack_01_mesh" in 14 ms
[00:46:54][pdx_3dtypes.cpp:217]: Total time "figurehead_shield_mesh" in 14 ms
[00:46:54][pdx_3dtypes.cpp:217]: Total time "female_outfit_native_american_01_low_mesh" in 14 ms
[00:46:54][pdx_3dtypes.cpp:217]: Total time "male_headgear_historical_muhammad_ali_jinnah_mesh" in 14 ms
[00:46:54][pdx_3dtypes.cpp:217]: Total time "female_coat_vivandiere_01_mesh" in 14 ms
[00:46:54][pdx_3dtypes.cpp:217]: Total time "female_headgear_slavic_kokoshnik_01_mesh" in 14 ms
[00:46:54][pdx_3dtypes.cpp:217]: Total time "generic_factory_tech_01_mesh" in 14 ms
[00:46:54][pdx_3dtypes.cpp:217]: Total time "male_civilian_coat_european_02_mesh" in 14 ms
[00:46:54][pdx_3dtypes.cpp:217]: Total time "male_mustache_bahadur_shah_zafar_mesh" in 14 ms
[00:46:54][pdx_3dtypes.cpp:217]: Total time "male_top_layer_cuirass_01_mesh" in 14 ms
[00:46:54][pdx_3dtypes.cpp:217]: Total time "female_hair_european_01_mesh" in 14 ms
[00:46:54][pdx_3dtypes.cpp:217]: Total time "male_hair_historical_robert_grant_mesh" in 14 ms
[00:46:54][pdx_3dtypes.cpp:217]: Total time "male_sashes_austrian_01_mesh" in 14 ms
[00:46:54][pdx_3dtypes.cpp:217]: Total time "french_mining_quarry_01_mesh" in 14 ms
[00:46:54][pdx_3dtypes.cpp:217]: Total time "male_necklace_power_bloc_trade_01_mesh" in 14 ms
[00:46:54][pdx_3dtypes.cpp:217]: Total time "hammer_anvil_animations_mesh" in 14 ms
[00:46:54][pdx_3dtypes.cpp:217]: Total time "male_shirt_greek_01_mesh" in 14 ms
[00:46:54][pdx_3dtypes.cpp:217]: Total time "male_headgear_japanese_common_02_mesh" in 14 ms
[00:46:54][pdx_3dtypes.cpp:217]: Total time "female_legwear_circumpolar_01_mesh" in 14 ms
[00:46:54][pdx_3dtypes.cpp:217]: Total time "balkan_mining_oil_01_mesh" in 14 ms
[00:46:54][pdx_3dtypes.cpp:217]: Total time "military_navy_submarine_generic_mesh" in 14 ms
[00:46:54][pdx_3dtypes.cpp:217]: Total time "african_urban_city_residential_mid_01_mesh" in 14 ms
[00:46:54][pdx_3dtypes.cpp:217]: Total time "generic_factory_furniture_01_mesh" in 14 ms
[00:46:54][pdx_3dtypes.cpp:217]: Total time "hull_predreadnought_heavy_mesh" in 14 ms
[00:46:54][pdx_3dtypes.cpp:217]: Total time "male_headgear_indian_common_puneri_pagadi_mesh" in 14 ms
[00:46:54][pdx_3dtypes.cpp:217]: Total time "female_outfit_arabic_middle_tier_01_mesh" in 14 ms
[00:46:54][pdx_3dtypes.cpp:217]: Total time "female_headgear_arabic_middle_tier_01_mesh" in 14 ms
[00:46:54][pdx_3dtypes.cpp:217]: Total time "male_headgear_european_military_cap_01_mesh" in 14 ms
[00:46:54][pdx_3dtypes.cpp:217]: Total time "male_headgear_arabic_naser_qajar_01_mesh" in 14 ms
[00:46:54][pdx_3dtypes.cpp:217]: Total time "male_legwear_polynesian_01_high_mesh" in 14 ms
[00:46:54][pdx_3dtypes.cpp:217]: Total time "male_headgear_european_military_05_mesh" in 14 ms
[00:46:54][pdx_3dtypes.cpp:217]: Total time "generic_forestry_transportation_03_mesh" in 14 ms
[00:46:54][pdx_3dtypes.cpp:217]: Total time "male_coat_historical_lenin_01_mesh" in 14 ms
[00:46:54][pdx_3dtypes.cpp:217]: Total time "male_epaulettes_04_mesh" in 14 ms
[00:46:54][pdx_3dtypes.cpp:217]: Total time "male_headgear_zulu_impi_02_mesh" in 14 ms
[00:46:54][pdx_3dtypes.cpp:217]: Total time "generic_factory_glass_01_mesh" in 14 ms
[00:46:54][pdx_3dtypes.cpp:217]: Total time "powerbloc_statue_hero_khmer_mesh" in 14 ms
[00:46:54][pdx_3dtypes.cpp:217]: Total time "male_belts_sash_power_bloc_01_mesh" in 14 ms
[00:46:54][pdx_3dtypes.cpp:217]: Total time "generic_manufactory_01_mesh" in 14 ms
[00:46:54][pdx_3dtypes.cpp:217]: Total time "male_outfit_indian_tatya_tope_mesh" in 14 ms
[00:46:54][pdx_3dtypes.cpp:217]: Total time "european_rural_building_rich_04_mesh" in 14 ms
[00:46:54][pdx_3dtypes.cpp:217]: Total time "male_outfit_korean_01_low_mesh" in 14 ms
[00:46:54][pdx_3dtypes.cpp:217]: Total time "female_prop_apron_mesh" in 14 ms
[00:46:54][pdx_3dtypes.cpp:217]: Total time "male_outfit_peasant_common_01_mesh" in 14 ms
[00:46:54][pdx_3dtypes.cpp:217]: Total time "grid_mesh" in 14 ms
[00:46:54][pdx_3dtypes.cpp:217]: Total time "european_lighthouse_01_mesh" in 14 ms
[00:46:54][pdx_3dtypes.cpp:217]: Total time "female_legwear_european_military_01_mesh" in 14 ms
[00:46:54][pdx_3dtypes.cpp:217]: Total time "male_coat_late_winter_greatcoat_mesh" in 14 ms
[00:46:54][pdx_3dtypes.cpp:217]: Total time "female_headgear_japanese_common_03_mesh" in 14 ms
[00:46:54][pdx_3dtypes.cpp:217]: Total time "male_coat_european_08_mesh" in 13 ms
[00:46:54][pdx_3dtypes.cpp:217]: Total time "male_civilian_coat_european_01_mesh" in 13 ms
[00:46:54][pdx_3dtypes.cpp:217]: Total time "male_mustache_indian_02_mesh" in 13 ms
[00:46:54][pdx_3dtypes.cpp:217]: Total time "male_outfit_arabic_common_01_mesh" in 13 ms
[00:46:54][pdx_3dtypes.cpp:217]: Total time "female_outfit_slavic_01_high_mesh" in 13 ms
[00:46:54][pdx_3dtypes.cpp:217]: Total time "male_medals_prussian_01_03_mesh" in 13 ms
[00:46:54][pdx_3dtypes.cpp:217]: Total time "female_outfit_slavic_midsummer_01_mesh" in 13 ms
[00:46:54][pdx_3dtypes.cpp:217]: Total time "latin_rural_residential_rich_01_mesh" in 13 ms
[00:46:54][pdx_3dtypes.cpp:217]: Total time "male_hair_european_12_cap1_mesh" in 13 ms
[00:46:54][pdx_3dtypes.cpp:217]: Total time "whale_white_mesh" in 13 ms
[00:46:54][pdx_3dtypes.cpp:217]: Total time "male_headgear_japanese_common_03_mesh" in 13 ms
[00:46:54][pdx_3dtypes.cpp:217]: Total time "arabic_forestry_scatter_02_mesh" in 13 ms
[00:46:54][pdx_3dtypes.cpp:217]: Total time "male_outfit_parka_01_mesh" in 13 ms
[00:46:54][pdx_3dtypes.cpp:217]: Total time "female_outfit_korean_high_01_mesh" in 13 ms
[00:46:54][pdx_3dtypes.cpp:217]: Total time "prop_shackles_mesh" in 13 ms
[00:46:54][pdx_3dtypes.cpp:217]: Total time "male_eyelashes_mesh" in 13 ms
[00:46:54][pdx_3dtypes.cpp:217]: Total time "indian_rural_residential_rich_02_mesh" in 13 ms
[00:46:54][pdx_3dtypes.cpp:217]: Total time "european_rural_building_poor_02_mesh" in 13 ms
[00:46:54][pdx_3dtypes.cpp:217]: Total time "female_top_layer_japanese_common_01_mesh" in 13 ms
[00:46:54][pdx_3dtypes.cpp:217]: Total time "female_hair_african_02_mesh" in 13 ms
[00:46:54][pdx_3dtypes.cpp:217]: Total time "male_headgear_arabic_mohammad_khan_01_mesh" in 13 ms
[00:46:54][pdx_3dtypes.cpp:217]: Total time "male_outfit_african_common_03_mesh" in 13 ms
[00:46:54][pdx_3dtypes.cpp:217]: Total time "male_beard_european_10_mesh" in 13 ms
[00:46:54][pdx_3dtypes.cpp:217]: Total time "male_coat_japanese_meiji_court_01_mesh" in 13 ms
[00:46:54][pdx_3dtypes.cpp:217]: Total time "male_mustache_asian_04_mesh" in 13 ms
[00:46:54][pdx_3dtypes.cpp:217]: Total time "papermap_table_bottom_ip2_mesh" in 13 ms
[00:46:54][pdx_3dtypes.cpp:217]: Total time "male_top_layer_zulu_impi_01_mesh" in 13 ms
[00:46:54][pdx_3dtypes.cpp:217]: Total time "indian_rural_residential_mid_02_mesh" in 13 ms
[00:46:54][pdx_3dtypes.cpp:217]: Total time "male_headgear_european_carnaval_pierrot_01_mesh" in 13 ms
[00:46:54][pdx_3dtypes.cpp:217]: Total time "male_civilian_coat_arabic_01_mesh" in 13 ms
[00:46:54][pdx_3dtypes.cpp:217]: Total time "male_mustache_european_13_mesh" in 13 ms
[00:46:54][pdx_3dtypes.cpp:217]: Total time "female_sash_south_american_agitator_01_mesh" in 13 ms
[00:46:54][pdx_3dtypes.cpp:217]: Total time "male_outfit_japanese_common_01_mesh" in 13 ms
[00:46:54][pdx_3dtypes.cpp:217]: Total time "male_headgear_european_military_06_mesh" in 13 ms
[00:46:54][pdx_3dtypes.cpp:217]: Total time "asian_manufactory_02_mesh" in 13 ms
[00:46:54][pdx_3dtypes.cpp:217]: Total time "male_hair_japanese_01_mesh" in 13 ms
[00:46:54][pdx_3dtypes.cpp:217]: Total time "latin_mininghub_centerpiece_01_mesh" in 13 ms
[00:46:54][pdx_3dtypes.cpp:217]: Total time "male_waistcoat_south_american_01_high_mesh" in 13 ms
[00:46:54][pdx_3dtypes.cpp:217]: Total time "japan_mining_sulfur_01_mesh" in 13 ms
[00:46:54][pdx_3dtypes.cpp:217]: Total time "male_headgear_colonial_helmet_01_mesh" in 13 ms
[00:46:54][pdx_3dtypes.cpp:217]: Total time "male_necklace_power_bloc_sovereign_01_mesh" in 13 ms
[00:46:54][pdx_3dtypes.cpp:217]: Total time "portuguesesardines_mesh" in 13 ms
[00:46:54][pdx_3dtypes.cpp:217]: Total time "props_glasses_02_mesh" in 13 ms
[00:46:54][pdx_3dtypes.cpp:217]: Total time "female_coat_european_military_01_mesh" in 13 ms
[00:46:54][pdx_3dtypes.cpp:217]: Total time "hull_monitor_medium_mesh" in 13 ms
[00:46:54][pdx_3dtypes.cpp:217]: Total time "balkan_mining_centerpiece_01_mesh" in 13 ms
[00:46:54][pdx_3dtypes.cpp:217]: Total time "female_necklace_power_bloc_sovereign_01_mesh" in 13 ms
[00:46:54][pdx_3dtypes.cpp:217]: Total time "male_beard_indian_04_mesh" in 13 ms
[00:46:54][pdx_3dtypes.cpp:217]: Total time "european_rural_building_poor_03_mesh" in 13 ms
[00:46:54][pdx_3dtypes.cpp:217]: Total time "male_headgear_european_military_03_mesh" in 13 ms
[00:46:54][pdx_3dtypes.cpp:217]: Total time "female_headgear_japanese_common_02_mesh" in 13 ms
[00:46:54][pdx_3dtypes.cpp:217]: Total time "male_sashes_indian_maharaja_singh_01_mesh" in 13 ms
[00:46:54][pdx_3dtypes.cpp:217]: Total time "female_top_layer_japanese_raincoat_01_mesh" in 13 ms
[00:46:54][pdx_3dtypes.cpp:217]: Total time "female_outfit_polynesian_01_high_mesh" in 13 ms
[00:46:54][pdx_3dtypes.cpp:217]: Total time "male_coat_historical_mazzini_01_mesh" in 13 ms
[00:46:54][pdx_3dtypes.cpp:217]: Total time "male_sash_european_civilian_03_mesh" in 13 ms
[00:46:54][pdx_3dtypes.cpp:217]: Total time "balkan_mining_iron_01_mesh" in 13 ms
[00:46:54][pdx_3dtypes.cpp:217]: Total time "hull_torpedoboat_medium_mesh" in 13 ms
[00:46:54][pdx_3dtypes.cpp:217]: Total time "male_legwear_peasants_02_mesh" in 13 ms
[00:46:54][pdx_3dtypes.cpp:217]: Total time "male_headgear_austrian_military_cap_01_mesh" in 13 ms
[00:46:54][pdx_3dtypes.cpp:217]: Total time "indian_port_centerpiece_01_mesh" in 13 ms
[00:46:54][pdx_3dtypes.cpp:217]: Total time "female_top_layer_native_american_01_mesh" in 13 ms
[00:46:54][pdx_3dtypes.cpp:217]: Total time "male_coat_european_gb_01_mesh" in 13 ms
[00:46:54][pdx_3dtypes.cpp:217]: Total time "female_headgear_central_asian_01_low_mesh" in 13 ms
[00:46:54][pdx_3dtypes.cpp:217]: Total time "male_top_layer_south_american_bandit_lampiao_01_mesh" in 13 ms
[00:46:54][pdx_3dtypes.cpp:217]: Total time "indian_rural_residential_poor_03_mesh" in 13 ms
[00:46:54][pdx_3dtypes.cpp:217]: Total time "female_headgear_slavic_midsummer_01_mesh" in 13 ms
[00:46:54][pdx_3dtypes.cpp:217]: Total time "male_beard_henry_fane_mesh" in 13 ms
[00:46:54][pdx_3dtypes.cpp:217]: Total time "male_headgear_japanese_agitator_01_mesh" in 13 ms
[00:46:54][pdx_3dtypes.cpp:217]: Total time "male_belt_japanese_01_mesh" in 13 ms
[00:46:54][pdx_3dtypes.cpp:217]: Total time "male_necklace_louis_delescluze_mesh" in 13 ms
[00:46:54][pdx_3dtypes.cpp:217]: Total time "male_beard_european_05_mesh" in 13 ms
[00:46:54][pdx_3dtypes.cpp:217]: Total time "train_locomotive_sudbahn_01_mesh" in 13 ms
[00:46:54][pdx_3dtypes.cpp:217]: Total time "japan_port_shipyard_02_mesh" in 13 ms
[00:46:54][pdx_3dtypes.cpp:217]: Total time "prop_shovel_mesh" in 13 ms
[00:46:54][pdx_3dtypes.cpp:217]: Total time "balkan_factory_warmachine_01_mesh" in 13 ms
[00:46:54][pdx_3dtypes.cpp:217]: Total time "male_aiguillettes_01_mesh" in 13 ms
[00:46:54][pdx_3dtypes.cpp:217]: Total time "female_hair_european_03_mesh" in 13 ms
[00:46:54][pdx_3dtypes.cpp:217]: Total time "male_hair_art_test_01_mesh" in 13 ms
[00:46:54][pdx_3dtypes.cpp:217]: Total time "indian_factory_furniture_01_mesh" in 13 ms
[00:46:54][pdx_3dtypes.cpp:217]: Total time "male_beard_frankenstein_scars_mesh" in 13 ms
[00:46:54][pdx_3dtypes.cpp:217]: Total time "military_arms_machinegun_maxim_mesh" in 13 ms
[00:46:54][pdx_3dtypes.cpp:217]: Total time "asian_colonial_manufactory_02_mesh" in 13 ms
[00:46:54][pdx_3dtypes.cpp:217]: Total time "male_outfit_arabic_royal_01_mesh" in 13 ms
[00:46:54][pdx_3dtypes.cpp:217]: Total time "prop_large_sack_mesh" in 13 ms
[00:46:54][pdx_3dtypes.cpp:217]: Total time "male_belts_cossack_01_mesh" in 13 ms
[00:46:54][pdx_3dtypes.cpp:217]: Total time "philippines_carabaomango_mesh" in 13 ms
[00:46:54][pdx_3dtypes.cpp:217]: Total time "male_outfit_korean_common_01_mesh" in 13 ms
[00:46:54][pdx_3dtypes.cpp:217]: Total time "male_hair_historical_tsar_alexander_iii_mesh" in 13 ms
[00:46:54][pdx_3dtypes.cpp:217]: Total time "prop_japanese_shibuuchiwa_mesh" in 13 ms
[00:46:54][pdx_3dtypes.cpp:217]: Total time "hull_coastaldefense_heavy_mesh" in 13 ms
[00:46:54][pdx_3dtypes.cpp:217]: Total time "prop_japanese_gunbai_mesh" in 13 ms
[00:46:54][pdx_3dtypes.cpp:217]: Total time "male_headgear_european_military_10_mesh" in 13 ms
[00:46:54][pdx_3dtypes.cpp:217]: Total time "female_outfit_peasant_common_01_mesh" in 13 ms
[00:46:54][pdx_3dtypes.cpp:217]: Total time "female_outfit_polynesian_01_low_mesh" in 12 ms
[00:46:54][pdx_3dtypes.cpp:217]: Total time "male_prop_cigar_02_mesh" in 12 ms
[00:46:54][pdx_3dtypes.cpp:217]: Total time "male_beard_european_09_mesh" in 12 ms
[00:46:54][pdx_3dtypes.cpp:217]: Total time "african_mining_processing_01_mesh" in 12 ms
[00:46:54][pdx_3dtypes.cpp:217]: Total time "balkan_forestry_transportation_01_mesh" in 12 ms
[00:46:54][pdx_3dtypes.cpp:217]: Total time "powerbloc_supportelement_banner_01_mesh" in 12 ms
[00:46:54][pdx_3dtypes.cpp:217]: Total time "male_necklace_power_bloc_religious_01_mesh" in 12 ms
[00:46:54][pdx_3dtypes.cpp:217]: Total time "male_headgear_slavic_agitator_lenin_mesh" in 12 ms
[00:46:54][pdx_3dtypes.cpp:217]: Total time "male_beard_mihailo_obrenovic_mesh" in 12 ms
[00:46:54][pdx_3dtypes.cpp:217]: Total time "male_shirt_european_01_mesh" in 12 ms
[00:46:54][pdx_3dtypes.cpp:217]: Total time "male_legwear_zulu_impi_01_mesh" in 12 ms
[00:46:54][pdx_3dtypes.cpp:217]: Total time "male_headgear_japanese_eboshi_01_mesh" in 12 ms
[00:46:54][pdx_3dtypes.cpp:217]: Total time "asian_rural_residential_rich_03_mesh" in 12 ms
[00:46:54][pdx_3dtypes.cpp:217]: Total time "female_outfit_chinese_01_mid_mesh" in 12 ms
[00:46:54][pdx_3dtypes.cpp:217]: Total time "female_hair_european_02_mesh" in 12 ms
[00:46:54][pdx_3dtypes.cpp:217]: Total time "female_outfit_circumpolar_01_low_mesh" in 12 ms
[00:46:54][pdx_3dtypes.cpp:217]: Total time "female_headgear_european_agitator_01_mesh" in 12 ms
[00:46:54][pdx_3dtypes.cpp:217]: Total time "male_belt_gb_admiral_mesh" in 12 ms
[00:46:54][pdx_3dtypes.cpp:217]: Total time "papermap_table_bottom_mesh" in 12 ms
[00:46:54][pdx_3dtypes.cpp:217]: Total time "male_outfit_chinese_01_low_mesh" in 12 ms
[00:46:54][pdx_3dtypes.cpp:217]: Total time "powerbloc_statue_hero_dragon_mesh" in 12 ms
[00:46:54][pdx_3dtypes.cpp:217]: Total time "female_headgear_central_asian_01_high_mesh" in 12 ms
[00:46:54][pdx_3dtypes.cpp:217]: Total time "generic_factory_warmachine_01_mesh" in 12 ms
[00:46:54][pdx_3dtypes.cpp:217]: Total time "balkan_factory_steel_01_mesh" in 12 ms
[00:46:54][pdx_3dtypes.cpp:217]: Total time "generic_forestry_trees_03_mesh" in 12 ms
[00:46:54][pdx_3dtypes.cpp:217]: Total time "prop_butcherknife_mesh" in 12 ms
[00:46:54][pdx_3dtypes.cpp:217]: Total time "female_outfit_korean_low_01_mesh" in 12 ms
[00:46:54][pdx_3dtypes.cpp:217]: Total time "papermap_table_bottom_ep2_mesh" in 12 ms
[00:46:54][pdx_3dtypes.cpp:217]: Total time "male_hair_indian_01_mesh" in 12 ms
[00:46:54][pdx_3dtypes.cpp:217]: Total time "female_headgear_power_blocks_01_mesh" in 12 ms
[00:46:54][pdx_3dtypes.cpp:217]: Total time "male_glasses_mesh" in 12 ms
[00:46:54][pdx_3dtypes.cpp:217]: Total time "male_belt_generic_02_mesh" in 12 ms
[00:46:54][pdx_3dtypes.cpp:217]: Total time "male_mustache_alexander_karadordevic_mesh" in 12 ms
[00:46:54][pdx_3dtypes.cpp:217]: Total time "indian_forestry_centerpiece_01_mesh" in 12 ms
[00:46:54][pdx_3dtypes.cpp:217]: Total time "female_top_layer_indian_high_01_mesh" in 12 ms
[00:46:54][pdx_3dtypes.cpp:217]: Total time "generic_forestry_equipment_03_mesh" in 12 ms
[00:46:54][pdx_3dtypes.cpp:217]: Total time "male_legwear_european_military_01_mesh" in 12 ms
[00:46:54][pdx_3dtypes.cpp:217]: Total time "male_outfit_chinese_agitator_01_mesh" in 12 ms
[00:46:54][pdx_3dtypes.cpp:217]: Total time "balkan_forestry_centerpiece_01_mesh" in 12 ms
[00:46:54][pdx_3dtypes.cpp:217]: Total time "european_rural_building_mid_02_mesh" in 12 ms
[00:46:54][pdx_3dtypes.cpp:217]: Total time "male_mustache_european_05_mesh" in 12 ms
[00:46:54][pdx_3dtypes.cpp:217]: Total time "male_mustache_european_08_mesh" in 12 ms
[00:46:54][pdx_3dtypes.cpp:217]: Total time "male_headgear_european_military_04_mesh" in 12 ms
[00:46:54][pdx_3dtypes.cpp:217]: Total time "male_beard_asian_02_mesh" in 12 ms
[00:46:54][pdx_3dtypes.cpp:217]: Total time "prop_umbrella_mesh" in 12 ms
[00:46:54][pdx_3dtypes.cpp:217]: Total time "female_legwear_vivandiere_01_mesh" in 12 ms
[00:46:54][pdx_3dtypes.cpp:217]: Total time "male_belt_gaucho_01_mesh" in 12 ms
[00:46:54][pdx_3dtypes.cpp:217]: Total time "male_headgear_petar_ii_petrovic_njegos_mesh" in 12 ms
[00:46:54][pdx_3dtypes.cpp:217]: Total time "male_outfit_polynesian_01_high_mesh" in 12 ms
[00:46:54][pdx_3dtypes.cpp:217]: Total time "generic_rural_mining_processing_sandstone_01_mesh" in 12 ms
[00:46:54][pdx_3dtypes.cpp:217]: Total time "male_necklace_power_bloc_ideological_01_mesh" in 12 ms
[00:46:54][pdx_3dtypes.cpp:217]: Total time "male_headgear_military_helmet_brodie_mesh" in 12 ms
[00:46:54][pdx_3dtypes.cpp:217]: Total time "male_headgear_indian_royal_01_mesh" in 12 ms
[00:46:54][pdx_3dtypes.cpp:217]: Total time "academic_cap_mesh" in 12 ms
[00:46:54][pdx_3dtypes.cpp:217]: Total time "male_legwear_indian_maharaja_singh_01_mesh" in 12 ms
[00:46:54][pdx_3dtypes.cpp:217]: Total time "prop_swaddled_baby_01_mesh" in 12 ms
[00:46:54][pdx_3dtypes.cpp:217]: Total time "male_outfit_siamese_royal_01_mesh" in 12 ms
[00:46:54][pdx_3dtypes.cpp:217]: Total time "balkan_factory_furniture_01_mesh" in 12 ms
[00:46:54][pdx_3dtypes.cpp:217]: Total time "male_epaulettes_01_mesh" in 12 ms
[00:46:54][pdx_3dtypes.cpp:217]: Total time "male_headgear_japanese_ashigaru_jingasa_mesh" in 12 ms
[00:46:54][pdx_3dtypes.cpp:217]: Total time "female_prop_vivandiere_01_mesh" in 12 ms
[00:46:54][pdx_3dtypes.cpp:217]: Total time "asian_colonial_manufactory_03_mesh" in 12 ms
[00:46:54][pdx_3dtypes.cpp:217]: Total time "male_necklace_persian_royal_jewelry_mesh" in 12 ms
[00:46:54][pdx_3dtypes.cpp:217]: Total time "male_headgear_late_military_cap_navy_straps_mesh" in 12 ms
[00:46:54][pdx_3dtypes.cpp:217]: Total time "female_legwear_european_military_02_mesh" in 12 ms
[00:46:54][pdx_3dtypes.cpp:217]: Total time "windmill_01_mesh" in 12 ms
[00:46:54][pdx_3dtypes.cpp:217]: Total time "prop_basket_mesh" in 12 ms
[00:46:54][pdx_3dtypes.cpp:217]: Total time "male_headgear_japanese_imperial_01_mesh" in 12 ms
[00:46:54][pdx_3dtypes.cpp:217]: Total time "male_headgear_jankoji_rao_scindia_ii_mesh" in 12 ms
[00:46:54][pdx_3dtypes.cpp:217]: Total time "male_mustache_european_04_mesh" in 12 ms
[00:46:54][pdx_3dtypes.cpp:217]: Total time "male_legwear_greek_01_mesh" in 12 ms
[00:46:54][pdx_3dtypes.cpp:217]: Total time "female_outfit_japanese_01_high_mesh" in 12 ms
[00:46:54][pdx_3dtypes.cpp:217]: Total time "male_top_layer_ethiopian_royal_01_mesh" in 12 ms
[00:46:54][pdx_3dtypes.cpp:217]: Total time "male_hair_european_05_mesh" in 12 ms
[00:46:54][pdx_3dtypes.cpp:217]: Total time "male_shirt_working_class_01_mesh" in 12 ms
[00:46:54][pdx_3dtypes.cpp:217]: Total time "male_hair_european_10_mesh" in 12 ms
[00:46:54][pdx_3dtypes.cpp:217]: Total time "female_headgear_european_agitator_02_mesh" in 12 ms
[00:46:54][pdx_3dtypes.cpp:217]: Total time "female_outfit_south_american_01_low_mesh" in 12 ms
[00:46:54][pdx_3dtypes.cpp:217]: Total time "european_train_locomotive_04_mesh" in 12 ms
[00:46:54][pdx_3dtypes.cpp:217]: Total time "male_headgear_european_military_08_mesh" in 12 ms
[00:46:54][pdx_3dtypes.cpp:217]: Total time "wonder_easter_island_heads_01_mesh" in 12 ms
[00:46:54][pdx_3dtypes.cpp:217]: Total time "male_teeth_mesh" in 12 ms
[00:46:54][pdx_3dtypes.cpp:217]: Total time "male_top_layer_japanese_kataginu_01_mesh" in 12 ms
[00:46:54][pdx_3dtypes.cpp:217]: Total time "male_mustache_indian_01_mesh" in 12 ms
[00:46:54][pdx_3dtypes.cpp:217]: Total time "male_headgear_european_military_09_mesh" in 12 ms
[00:46:54][pdx_3dtypes.cpp:217]: Total time "male_outfit_indian_common_01_mesh" in 12 ms
[00:46:54][pdx_3dtypes.cpp:217]: Total time "male_coat_ceo_01_mesh" in 12 ms
[00:46:54][pdx_3dtypes.cpp:217]: Total time "male_sash_slavic_agitator_01_mesh" in 12 ms
[00:46:54][pdx_3dtypes.cpp:217]: Total time "male_prop_apron_mesh" in 12 ms
[00:46:54][pdx_3dtypes.cpp:217]: Total time "female_headgear_arabic_low_tier_01_mesh" in 12 ms
[00:46:54][pdx_3dtypes.cpp:217]: Total time "male_necklace_reza_shah_pahlavi_mesh" in 12 ms
[00:46:54][pdx_3dtypes.cpp:217]: Total time "male_beard_european_02_mesh" in 12 ms
[00:46:54][pdx_3dtypes.cpp:217]: Total time "male_headgear_european_agitator_01_mesh" in 12 ms
[00:46:54][pdx_3dtypes.cpp:217]: Total time "male_necklace_polynesian_01_low_mesh" in 12 ms
[00:46:54][pdx_3dtypes.cpp:217]: Total time "asian_farm_farmstead_01_mesh" in 12 ms
[00:46:54][pdx_3dtypes.cpp:217]: Total time "male_beard_african_01_mesh" in 12 ms
[00:46:54][pdx_3dtypes.cpp:217]: Total time "generic_forestry_trees_02_mesh" in 12 ms
[00:46:54][pdx_3dtypes.cpp:217]: Total time "generic_forestry_loggingcamp_01_mesh" in 12 ms
[00:46:54][pdx_3dtypes.cpp:217]: Total time "lacqueredbox_mesh" in 12 ms
[00:46:54][pdx_3dtypes.cpp:217]: Total time "generic_factory_papermill_01_mesh" in 12 ms
[00:46:54][pdx_3dtypes.cpp:217]: Total time "canal_panamacanal_under_construction_01_mesh" in 12 ms
[00:46:54][pdx_3dtypes.cpp:217]: Total time "male_headgear_chinese_imperial_01_mesh" in 12 ms
[00:46:54][pdx_3dtypes.cpp:217]: Total time "male_belt_generic_03_mesh" in 12 ms
[00:46:54][pdx_3dtypes.cpp:217]: Total time "male_beard_asian_03_mesh" in 12 ms
[00:46:54][pdx_3dtypes.cpp:217]: Total time "male_mustache_art_test_01_mesh" in 12 ms
[00:46:54][pdx_3dtypes.cpp:217]: Total time "female_outfit_circumpolar_01_high_mesh" in 11 ms
[00:46:54][pdx_3dtypes.cpp:217]: Total time "male_epaulettes_03_mesh" in 11 ms
[00:46:54][pdx_3dtypes.cpp:217]: Total time "male_headgear_boater_hat_01_mesh" in 11 ms
[00:46:54][pdx_3dtypes.cpp:217]: Total time "male_coat_historical_maurras_01_mesh" in 11 ms
[00:46:54][pdx_3dtypes.cpp:217]: Total time "train_locomotive_jupitertender_01_mesh" in 11 ms
[00:46:54][pdx_3dtypes.cpp:217]: Total time "male_medals_generic_01_ip4_02_mesh" in 11 ms
[00:46:54][pdx_3dtypes.cpp:217]: Total time "male_coat_indian_01_mesh" in 11 ms
[00:46:54][pdx_3dtypes.cpp:217]: Total time "powerbloc_supportelement_picklehelmet_01_mesh" in 11 ms
[00:46:54][pdx_3dtypes.cpp:217]: Total time "tree_fir_004_mesh" in 11 ms
[00:46:54][pdx_3dtypes.cpp:217]: Total time "male_hair_european_06_mesh" in 11 ms
[00:46:54][pdx_3dtypes.cpp:217]: Total time "male_mustache_bal_gangadhar_tilak_mesh" in 11 ms
[00:46:54][pdx_3dtypes.cpp:217]: Total time "male_headgear_european_military_02_mesh" in 11 ms
[00:46:54][pdx_3dtypes.cpp:217]: Total time "male_outfit_central_asian_01_high_mesh" in 11 ms
[00:46:54][pdx_3dtypes.cpp:217]: Total time "male_hair_frankenstein_01_mesh" in 11 ms
[00:46:54][pdx_3dtypes.cpp:217]: Total time "papermap_walthamwatch_mesh" in 11 ms
[00:46:54][pdx_3dtypes.cpp:217]: Total time "powerbloc_statue_attachment_romanhelmet_mesh" in 11 ms
[00:46:54][pdx_3dtypes.cpp:217]: Total time "male_mustache_gopal_krishna_01_mesh" in 11 ms
[00:46:54][pdx_3dtypes.cpp:217]: Total time "male_prop_nudity_accessory_mesh" in 11 ms
[00:46:54][pdx_3dtypes.cpp:217]: Total time "male_mustache_historical_clemenceau_mesh" in 11 ms
[00:46:54][pdx_3dtypes.cpp:217]: Total time "male_hair_african_01_cap1_mesh" in 11 ms
[00:46:54][pdx_3dtypes.cpp:217]: Total time "male_hair_indian_02_mesh" in 11 ms
[00:46:54][pdx_3dtypes.cpp:217]: Total time "male_sash_army_bedroll_02_mesh" in 11 ms
[00:46:54][pdx_3dtypes.cpp:217]: Total time "male_hair_european_01_mesh" in 11 ms
[00:46:54][pdx_3dtypes.cpp:217]: Total time "male_beard_historical_marx_mesh" in 11 ms
[00:46:54][pdx_3dtypes.cpp:217]: Total time "male_belt_arabic_royal_01_mesh" in 11 ms
[00:46:54][pdx_3dtypes.cpp:217]: Total time "male_headgear_european_gb_01_mesh" in 11 ms
[00:46:54][pdx_3dtypes.cpp:217]: Total time "female_outfit_african_common_01_mesh" in 11 ms
[00:46:54][pdx_3dtypes.cpp:217]: Total time "japan_factory_chemical_01_mesh" in 11 ms
[00:46:54][pdx_3dtypes.cpp:217]: Total time "military_transport_road_horsecart_generic_mesh" in 11 ms
[00:46:54][pdx_3dtypes.cpp:217]: Total time "male_headgear_serbian_01_mesh" in 11 ms
[00:46:54][pdx_3dtypes.cpp:217]: Total time "balkan_mining_sulfur_01_mesh" in 11 ms
[00:46:54][pdx_3dtypes.cpp:217]: Total time "female_top_layers_lakshmibai_01_mesh" in 11 ms
[00:46:54][pdx_3dtypes.cpp:217]: Total time "female_coat_lakshmibai_01_mesh" in 11 ms
[00:46:54][pdx_3dtypes.cpp:217]: Total time "scaffolding_01_mesh" in 11 ms
[00:46:54][pdx_3dtypes.cpp:217]: Total time "prop_caliper_mesh" in 11 ms
[00:46:54][pdx_3dtypes.cpp:217]: Total time "military_arms_lance_mesh" in 11 ms
[00:46:54][pdx_3dtypes.cpp:217]: Total time "male_mustache_john_maynard_keynes_mesh" in 11 ms
[00:46:54][pdx_3dtypes.cpp:217]: Total time "powerbloc_statue_hero_sun_mesh" in 11 ms
[00:46:54][pdx_3dtypes.cpp:217]: Total time "male_legwear_south_american_01_low_mesh" in 11 ms
[00:46:54][pdx_3dtypes.cpp:217]: Total time "powerbloc_statue_hero_angel_mesh" in 11 ms
[00:46:54][pdx_3dtypes.cpp:217]: Total time "female_outfit_slavic_kokoshnik_01_mesh" in 11 ms
[00:46:54][pdx_3dtypes.cpp:217]: Total time "male_coat_european_03_mesh" in 11 ms
[00:46:54][pdx_3dtypes.cpp:217]: Total time "latin_port_shipyard_01_mesh" in 11 ms
[00:46:54][pdx_3dtypes.cpp:217]: Total time "male_top_layer_native_american_01_mesh" in 11 ms
[00:46:54][pdx_3dtypes.cpp:217]: Total time "male_headgear_indian_royalty_03_mesh" in 11 ms
[00:46:54][pdx_3dtypes.cpp:217]: Total time "female_headgear_agitator_pankhurst_mesh" in 11 ms
[00:46:54][pdx_3dtypes.cpp:217]: Total time "balkan_port_whalingstation_01_mesh" in 11 ms
[00:46:54][pdx_3dtypes.cpp:217]: Total time "strait_fortification_tower_latin_mesh" in 11 ms
[00:46:54][pdx_3dtypes.cpp:217]: Total time "male_shirts_balkan_hajduk_01_mesh" in 11 ms
[00:46:54][pdx_3dtypes.cpp:217]: Total time "japan_factory_tools_01_mesh" in 11 ms
[00:46:54][pdx_3dtypes.cpp:217]: Total time "bellbuoy_01_mesh" in 11 ms
[00:46:54][pdx_3dtypes.cpp:217]: Total time "props_glasses_02_dracula_mesh" in 11 ms
[00:46:54][pdx_3dtypes.cpp:217]: Total time "male_hair_historical_john_maynard_keynes_mesh" in 11 ms
[00:46:54][pdx_3dtypes.cpp:217]: Total time "female_necklace_power_bloc_military_01_mesh" in 11 ms
[00:46:54][pdx_3dtypes.cpp:217]: Total time "powerbloc_statue_hero_runningman_mesh" in 11 ms
[00:46:54][pdx_3dtypes.cpp:217]: Total time "male_headgear_european_cossack_01_mesh" in 11 ms
[00:46:54][pdx_3dtypes.cpp:217]: Total time "male_epaulettes_08_mesh" in 11 ms
[00:46:54][pdx_3dtypes.cpp:217]: Total time "wonder_pena_palace_pre_restored_mesh" in 11 ms
[00:46:54][pdx_3dtypes.cpp:217]: Total time "female_sash_african_agitator_01_mesh" in 11 ms
[00:46:54][pdx_3dtypes.cpp:217]: Total time "male_legwear_european_01_mesh" in 11 ms
[00:46:54][pdx_3dtypes.cpp:217]: Total time "male_outfit_korean_imperial_01_mesh" in 11 ms
[00:46:54][pdx_3dtypes.cpp:217]: Total time "male_beard_petar_ii_petrovic_njegos_mesh" in 11 ms
[00:46:54][pdx_3dtypes.cpp:217]: Total time "male_outfit_chinese_court_01_mesh" in 11 ms
[00:46:54][pdx_3dtypes.cpp:217]: Total time "female_headgear_arabic_common_01_mesh" in 11 ms
[00:46:54][pdx_3dtypes.cpp:217]: Total time "female_necklace_power_bloc_religious_01_mesh" in 11 ms
[00:46:54][pdx_3dtypes.cpp:217]: Total time "european_urban_residential_poor_03_mesh" in 11 ms
[00:46:54][pdx_3dtypes.cpp:217]: Total time "balkan_forestry_trees_01_mesh" in 11 ms
[00:46:54][pdx_3dtypes.cpp:217]: Total time "male_hair_european_16_mesh" in 11 ms
[00:46:54][pdx_3dtypes.cpp:217]: Total time "latin_forestry_scatter_01_mesh" in 11 ms
[00:46:54][pdx_3dtypes.cpp:217]: Total time "zeppelin_02_alt01_mesh" in 11 ms
[00:46:54][pdx_3dtypes.cpp:217]: Total time "military_medical_fieldhospitals_mesh" in 11 ms
[00:46:54][pdx_3dtypes.cpp:217]: Total time "male_headgear_late_military_cap_japanese_soldier_straps_mesh" in 11 ms
[00:46:54][pdx_3dtypes.cpp:217]: Total time "balkan_factory_papermill_01_mesh" in 11 ms
[00:46:54][pdx_3dtypes.cpp:217]: Total time "papermap_hongshanstatue_mesh" in 11 ms
[00:46:54][pdx_3dtypes.cpp:217]: Total time "generic_mining_quarry_01_mesh" in 11 ms
[00:46:54][pdx_3dtypes.cpp:217]: Total time "prop_handheldfan_mesh" in 11 ms
[00:46:54][pdx_3dtypes.cpp:217]: Total time "male_outfit_polynesian_01_low_mesh" in 11 ms
[00:46:54][pdx_3dtypes.cpp:217]: Total time "male_beard_african_03_mesh" in 11 ms
[00:46:54][pdx_3dtypes.cpp:217]: Total time "generic_rural_mining_pile_02_mesh" in 11 ms
[00:46:54][pdx_3dtypes.cpp:217]: Total time "male_headgear_european_common_03_mesh" in 11 ms
[00:46:54][pdx_3dtypes.cpp:217]: Total time "female_outfit_native_american_01_high_mesh" in 11 ms
[00:46:54][pdx_3dtypes.cpp:217]: Total time "male_hair_historical_king_william_01_mesh" in 11 ms
[00:46:54][pdx_3dtypes.cpp:217]: Total time "wind_trail_03_mesh" in 11 ms
[00:46:54][pdx_3dtypes.cpp:217]: Total time "train_locomotive_crampton_01_mesh" in 10 ms
[00:46:54][pdx_3dtypes.cpp:217]: Total time "male_prop_pipe1_02_mesh" in 10 ms
[00:46:54][pdx_3dtypes.cpp:217]: Total time "female_outfit_slavic_01_mid_mesh" in 10 ms
[00:46:54][pdx_3dtypes.cpp:217]: Total time "male_headgear_central_asian_01_high_mesh" in 10 ms
[00:46:54][pdx_3dtypes.cpp:217]: Total time "female_outfit_african_common_02_mesh" in 10 ms
[00:46:54][pdx_3dtypes.cpp:217]: Total time "male_epaulettes_military_01_mesh" in 10 ms
[00:46:54][pdx_3dtypes.cpp:217]: Total time "papermap_indian_knife_mesh" in 10 ms
[00:46:54][pdx_3dtypes.cpp:217]: Total time "latin_colonial_manufactory_01_mesh" in 10 ms
[00:46:54][pdx_3dtypes.cpp:217]: Total time "female_outfit_european_agitator_01_mesh" in 10 ms
[00:46:54][pdx_3dtypes.cpp:217]: Total time "male_top_layer_south_american_agitator_01_mesh" in 10 ms
[00:46:54][pdx_3dtypes.cpp:217]: Total time "male_coat_balkan_01_mesh" in 10 ms
[00:46:54][pdx_3dtypes.cpp:217]: Total time "male_coat_historical_blanqui_01_mesh" in 10 ms
[00:46:54][pdx_3dtypes.cpp:217]: Total time "wonder_wallofchina_05_mesh" in 10 ms
[00:46:54][pdx_3dtypes.cpp:217]: Total time "male_headgear_indian_bhagat_singh_mesh" in 10 ms
[00:46:54][pdx_3dtypes.cpp:217]: Total time "male_coat_european_10_mesh" in 10 ms
[00:46:54][pdx_3dtypes.cpp:217]: Total time "male_belts_cuirass_01_mesh" in 10 ms
[00:46:54][pdx_3dtypes.cpp:217]: Total time "male_outfit_native_american_01_high_mesh" in 10 ms
[00:46:54][pdx_3dtypes.cpp:217]: Total time "male_mustache_european_07_mesh" in 10 ms
[00:46:54][pdx_3dtypes.cpp:217]: Total time "prop_monocle_mesh" in 10 ms
[00:46:54][pdx_3dtypes.cpp:217]: Total time "female_necklace_power_bloc_cape_01_mesh" in 10 ms
[00:46:54][pdx_3dtypes.cpp:217]: Total time "male_outfit_arabic_common_03_mesh" in 10 ms
[00:46:54][pdx_3dtypes.cpp:217]: Total time "female_sash_chinese_agitator_01_mesh" in 10 ms
[00:46:54][pdx_3dtypes.cpp:217]: Total time "latin_forestry_loggingcamp_01_mesh" in 10 ms
[00:46:54][pdx_3dtypes.cpp:217]: Total time "european_car_01_mesh" in 10 ms
[00:46:54][pdx_3dtypes.cpp:217]: Total time "male_hair_european_04_cap1_mesh" in 10 ms
[00:46:54][pdx_3dtypes.cpp:217]: Total time "prop_top_hat_mesh" in 10 ms
[00:46:54][pdx_3dtypes.cpp:217]: Total time "african_urban_city_residential_rich_03_mesh" in 10 ms
[00:46:54][pdx_3dtypes.cpp:217]: Total time "prop_ledger_mesh" in 10 ms
[00:46:54][pdx_3dtypes.cpp:217]: Total time "male_mustache_african_03_mesh" in 10 ms
[00:46:54][pdx_3dtypes.cpp:217]: Total time "male_legwear_slavic_01_high_mesh" in 10 ms
[00:46:54][pdx_3dtypes.cpp:217]: Total time "female_outfit_central_asian_01_high_mesh" in 10 ms
[00:46:54][pdx_3dtypes.cpp:217]: Total time "male_headgear_african_common_02_mesh" in 10 ms
[00:46:54][pdx_3dtypes.cpp:217]: Total time "male_mustache_arabic_01_mesh" in 10 ms
[00:46:54][pdx_3dtypes.cpp:217]: Total time "male_mustache_european_03_mesh" in 10 ms
[00:46:54][pdx_3dtypes.cpp:217]: Total time "powerbloc_statue_hero_lion_mesh" in 10 ms
[00:46:54][pdx_3dtypes.cpp:217]: Total time "male_hair_african_02_mesh" in 10 ms
[00:46:54][pdx_3dtypes.cpp:217]: Total time "male_belt_suspenders_01_mesh" in 10 ms
[00:46:54][pdx_3dtypes.cpp:217]: Total time "female_outfit_chinese_01_low_mesh" in 10 ms
[00:46:54][pdx_3dtypes.cpp:217]: Total time "female_headgear_european_common_01_mesh" in 10 ms
[00:46:54][pdx_3dtypes.cpp:217]: Total time "prop_japanese_wagasa_mesh" in 10 ms
[00:46:54][pdx_3dtypes.cpp:217]: Total time "powerbloc_statue_hero_obeliskegypt_mesh" in 10 ms
[00:46:54][pdx_3dtypes.cpp:217]: Total time "european_port_01_1s_1d_1f_mesh" in 10 ms
[00:46:54][pdx_3dtypes.cpp:217]: Total time "male_coat_european_11_mesh" in 10 ms
[00:46:54][pdx_3dtypes.cpp:217]: Total time "male_headgear_native_american_common_01_mesh" in 10 ms
[00:46:54][pdx_3dtypes.cpp:217]: Total time "female_belt_shashes_04_mesh" in 10 ms
[00:46:54][pdx_3dtypes.cpp:217]: Total time "balkan_port_fishingwharf_01_mesh" in 10 ms
[00:46:54][pdx_3dtypes.cpp:217]: Total time "military_barricade_mechanized_01_mesh" in 10 ms
[00:46:54][pdx_3dtypes.cpp:217]: Total time "male_belt_aggressive_expansion_01_mesh" in 10 ms
[00:46:54][pdx_3dtypes.cpp:217]: Total time "female_legwear_lakshmibai_01_mesh" in 10 ms
[00:46:54][pdx_3dtypes.cpp:217]: Total time "french_port_fishingwharf_01_mesh" in 10 ms
[00:46:54][pdx_3dtypes.cpp:217]: Total time "powerbloc_statue_hero_elephant_mesh" in 10 ms
[00:46:54][pdx_3dtypes.cpp:217]: Total time "male_beard_european_16_mesh" in 10 ms
[00:46:54][pdx_3dtypes.cpp:217]: Total time "male_headgear_south_american_agitator_01_mesh" in 10 ms
[00:46:54][pdx_3dtypes.cpp:217]: Total time "male_outfit_children_royal_01_mesh" in 10 ms
[00:46:54][pdx_3dtypes.cpp:217]: Total time "male_headgear_austrian_military_cap_02_mesh" in 10 ms
[00:46:54][pdx_3dtypes.cpp:217]: Total time "female_necklace_polynesian_01_low_mesh" in 10 ms
[00:46:54][pdx_3dtypes.cpp:217]: Total time "revolution_barricade_large_mesh" in 10 ms
[00:46:54][pdx_3dtypes.cpp:217]: Total time "japan_port_fishingwharf_02_mesh" in 10 ms
[00:46:54][pdx_3dtypes.cpp:217]: Total time "male_beard_indian_01_mesh" in 10 ms
[00:46:54][pdx_3dtypes.cpp:217]: Total time "male_coat_european_military_01_pocketless_mesh" in 10 ms
[00:46:54][pdx_3dtypes.cpp:217]: Total time "female_necklace_power_bloc_ideological_01_mesh" in 10 ms
[00:46:54][pdx_3dtypes.cpp:217]: Total time "european_rural_building_mid_01_mesh" in 10 ms
[00:46:54][pdx_3dtypes.cpp:217]: Total time "male_outfit_central_asian_01_low_mesh" in 10 ms
[00:46:54][pdx_3dtypes.cpp:217]: Total time "military_arms_blunderbuss_mesh" in 9 ms
[00:46:54][pdx_3dtypes.cpp:217]: Total time "train_locomotive_cherepanov_01_mesh" in 9 ms
[00:46:54][pdx_3dtypes.cpp:217]: Total time "male_headgear_central_asian_01_low_mesh" in 9 ms
[00:46:54][pdx_3dtypes.cpp:217]: Total time "wonder_wallofchinaend_02_mesh" in 9 ms
[00:46:54][pdx_3dtypes.cpp:217]: Total time "male_headgear_zulu_impi_01_mesh" in 9 ms
[00:46:54][pdx_3dtypes.cpp:217]: Total time "male_beard_african_02_mesh" in 9 ms
[00:46:54][pdx_3dtypes.cpp:217]: Total time "male_beard_european_22_mesh" in 9 ms
[00:46:54][pdx_3dtypes.cpp:217]: Total time "train_locomotive_planet_01_mesh" in 9 ms
[00:46:54][pdx_3dtypes.cpp:217]: Total time "japan_forestry_transportation_01_mesh" in 9 ms
[00:46:54][pdx_3dtypes.cpp:217]: Total time "asian_glassworks_manufactory_01_mesh" in 9 ms
[00:46:54][pdx_3dtypes.cpp:217]: Total time "male_hair_chinese_01_mesh" in 9 ms
[00:46:54][pdx_3dtypes.cpp:217]: Total time "generic_manufactory_02_mesh" in 9 ms
[00:46:54][pdx_3dtypes.cpp:217]: Total time "prop_walkingcane_mesh" in 9 ms
[00:46:54][pdx_3dtypes.cpp:217]: Total time "male_belt_military_01_mesh" in 9 ms
[00:46:54][pdx_3dtypes.cpp:217]: Total time "male_mustache_asian_01_mesh" in 9 ms
[00:46:54][pdx_3dtypes.cpp:217]: Total time "male_beard_arabic_02_mesh" in 9 ms
[00:46:54][pdx_3dtypes.cpp:217]: Total time "powerbloc_statue_hero_guardian_mesh" in 9 ms
[00:46:54][pdx_3dtypes.cpp:217]: Total time "colonial_manufactory_01_mesh" in 9 ms
[00:46:54][pdx_3dtypes.cpp:217]: Total time "papermap_extension_top_ep1_mesh" in 9 ms
[00:46:54][pdx_3dtypes.cpp:217]: Total time "troopship_base_mesh" in 9 ms
[00:46:54][pdx_3dtypes.cpp:217]: Total time "african_forestry_scatter_02_mesh" in 9 ms
[00:46:54][pdx_3dtypes.cpp:217]: Total time "papermap_extension_top_votp_mesh" in 9 ms
[00:46:54][pdx_3dtypes.cpp:217]: Total time "powerbloc_statue_hero_pointingman_mesh" in 9 ms
[00:46:54][pdx_3dtypes.cpp:217]: Total time "train_cargo_iron_03_mesh" in 9 ms
[00:46:54][pdx_3dtypes.cpp:217]: Total time "powerbloc_statue_hero_sittingman_mesh" in 9 ms
[00:46:54][pdx_3dtypes.cpp:217]: Total time "female_top_layer_religious_cape_mesh" in 9 ms
[00:46:54][pdx_3dtypes.cpp:217]: Total time "colonial_manufactory_03_mesh" in 9 ms
[00:46:54][pdx_3dtypes.cpp:217]: Total time "male_necklace_indian_headgear_01_mesh" in 9 ms
[00:46:54][pdx_3dtypes.cpp:217]: Total time "male_necklace_tatya_tope_mesh" in 9 ms
[00:46:54][pdx_3dtypes.cpp:217]: Total time "african_urban_city_residential_mid_03_mesh" in 9 ms
[00:46:54][pdx_3dtypes.cpp:217]: Total time "latin_forestry_centerpiece_01_mesh" in 9 ms
[00:46:54][pdx_3dtypes.cpp:217]: Total time "military_arms_flamethrower_mesh" in 9 ms
[00:46:54][pdx_3dtypes.cpp:217]: Total time "train_cargo_steel_04_mesh" in 9 ms
[00:46:54][pdx_3dtypes.cpp:217]: Total time "european_port_01_1s_0d_2f_mesh" in 9 ms
[00:46:54][pdx_3dtypes.cpp:217]: Total time "male_mustache_asian_03_mesh" in 9 ms
[00:46:54][pdx_3dtypes.cpp:217]: Total time "military_barricade_trench_01_mesh" in 9 ms
[00:46:54][pdx_3dtypes.cpp:217]: Total time "african_manufactory_03_mesh" in 9 ms
[00:46:54][pdx_3dtypes.cpp:217]: Total time "tree_cypress_mediterranean_02_mesh" in 9 ms
[00:46:54][pdx_3dtypes.cpp:217]: Total time "female_outfit_central_asian_01_low_mesh" in 9 ms
[00:46:54][pdx_3dtypes.cpp:217]: Total time "latin_glassworks_manufactory_01_mesh" in 9 ms
[00:46:54][pdx_3dtypes.cpp:217]: Total time "european_train_locomotive_02_mesh" in 9 ms
[00:46:54][pdx_3dtypes.cpp:217]: Total time "male_belt_greek_01_mesh" in 9 ms
[00:46:54][pdx_3dtypes.cpp:217]: Total time "papermap_extension_top_ap1_mesh" in 9 ms
[00:46:54][pdx_3dtypes.cpp:217]: Total time "male_waistcoat_european_01_mesh" in 9 ms
[00:46:54][pdx_3dtypes.cpp:217]: Total time "asian_urban_port_shipyard_01_mesh" in 9 ms
[00:46:54][pdx_3dtypes.cpp:217]: Total time "powerbloc_statue_hero_globe_mesh" in 9 ms
[00:46:54][pdx_3dtypes.cpp:217]: Total time "arabic_factory_01_mesh" in 9 ms
[00:46:54][pdx_3dtypes.cpp:217]: Total time "female_headgear_african_common_01_mesh" in 9 ms
[00:46:54][pdx_3dtypes.cpp:217]: Total time "generic_forestry_transportation_02_mesh" in 9 ms
[00:46:54][pdx_3dtypes.cpp:217]: Total time "balkan_forestry_trees_03_mesh" in 9 ms
[00:46:54][pdx_3dtypes.cpp:217]: Total time "african_colonial_manufactory_03_mesh" in 9 ms
[00:46:54][pdx_3dtypes.cpp:217]: Total time "balkan_port_centerpiece_01_mesh" in 9 ms
[00:46:54][pdx_3dtypes.cpp:217]: Total time "female_necklace_indian_01_mesh" in 9 ms
[00:46:54][pdx_3dtypes.cpp:217]: Total time "furniture_manufactory_01_mesh" in 9 ms
[00:46:54][pdx_3dtypes.cpp:217]: Total time "male_headgear_arabic_royal_01_mesh" in 9 ms
[00:46:54][pdx_3dtypes.cpp:217]: Total time "generic_factory_construction_01_mesh" in 9 ms
[00:46:54][pdx_3dtypes.cpp:217]: Total time "asian_manufactory_01_mesh" in 9 ms
[00:46:54][pdx_3dtypes.cpp:217]: Total time "japan_forestry_centerpiece_mixwoodpiles_02_mesh" in 8 ms
[00:46:54][pdx_3dtypes.cpp:217]: Total time "male_sash_european_02_mesh" in 8 ms
[00:46:54][pdx_3dtypes.cpp:217]: Total time "train_locomotive_johnbulltender_01_mesh" in 8 ms
[00:46:54][pdx_3dtypes.cpp:217]: Total time "train_cargo_coal_01_mesh" in 8 ms
[00:46:54][pdx_3dtypes.cpp:217]: Total time "male_hair_african_04_mesh" in 8 ms
[00:46:54][pdx_3dtypes.cpp:217]: Total time "male_beard_art_test_01_mesh" in 8 ms
[00:46:54][pdx_3dtypes.cpp:217]: Total time "papermap_extension_bottom_mesh" in 8 ms
[00:46:54][pdx_3dtypes.cpp:217]: Total time "papermap_table_bottom_votp_mesh" in 8 ms
[00:46:54][pdx_3dtypes.cpp:217]: Total time "color_reference_mesh" in 8 ms
[00:46:54][pdx_3dtypes.cpp:217]: Total time "railroad_bridge_02_large_mesh" in 8 ms
[00:46:54][pdx_3dtypes.cpp:217]: Total time "european_train_passenger_wagon_03_mesh" in 8 ms
[00:46:54][pdx_3dtypes.cpp:217]: Total time "european_train_locomotive_05_mesh" in 8 ms
[00:46:54][pdx_3dtypes.cpp:217]: Total time "papermap_indian_hairbrooch_mesh" in 8 ms
[00:46:54][pdx_3dtypes.cpp:217]: Total time "african_manufactory_02_mesh" in 8 ms
[00:46:54][pdx_3dtypes.cpp:217]: Total time "wonder_wallofchina_06_mesh" in 8 ms
[00:46:54][pdx_3dtypes.cpp:217]: Total time "arabic_factory_colonial_03_mesh" in 8 ms
[00:46:54][pdx_3dtypes.cpp:217]: Total time "military_barricade_skirmish_01_mesh" in 8 ms
[00:46:54][pdx_3dtypes.cpp:217]: Total time "ep2_coin_mesh" in 8 ms
[00:46:54][pdx_3dtypes.cpp:217]: Total time "french_city_factory_construction_01_mesh" in 8 ms
[00:46:54][pdx_3dtypes.cpp:217]: Total time "european_urban_residential_rich_03_mesh" in 8 ms
[00:46:54][pdx_3dtypes.cpp:217]: Total time "male_prop_dark_hat_mesh" in 8 ms
[00:46:54][pdx_3dtypes.cpp:217]: Total time "wonder_wallofchinaend_01_mesh" in 8 ms
[00:46:54][pdx_3dtypes.cpp:217]: Total time "arabic_factory_03_mesh" in 8 ms
[00:46:54][pdx_3dtypes.cpp:217]: Total time "japan_city_centerpiece_02_mesh" in 8 ms
[00:46:54][pdx_3dtypes.cpp:217]: Total time "latin_manufactory_02_mesh" in 8 ms
[00:46:54][pdx_3dtypes.cpp:217]: Total time "male_medals_prussian_01_05_mesh" in 8 ms
[00:46:54][pdx_3dtypes.cpp:217]: Total time "latin_manufactory_01_mesh" in 8 ms
[00:46:54][pdx_3dtypes.cpp:217]: Total time "balkan_factory_food_01_mesh" in 8 ms
[00:46:54][pdx_3dtypes.cpp:217]: Total time "japan_port_docks_01_mesh" in 8 ms
[00:46:54][pdx_3dtypes.cpp:217]: Total time "european_port_01_0s_0d_2f_mesh" in 8 ms
[00:46:54][pdx_3dtypes.cpp:217]: Total time "papermap_extension_bottom_ep2_mesh" in 8 ms
[00:46:54][pdx_3dtypes.cpp:217]: Total time "european_farm_farmhouse_01_mesh" in 8 ms
[00:46:54][pdx_3dtypes.cpp:217]: Total time "wonder_wallofchina_09_mesh" in 8 ms
[00:46:54][pdx_3dtypes.cpp:217]: Total time "male_beard_asian_01_mesh" in 8 ms
[00:46:54][pdx_3dtypes.cpp:217]: Total time "male_mustache_african_01_mesh" in 8 ms
[00:46:54][pdx_3dtypes.cpp:217]: Total time "canal_suezcanal_01_mesh" in 8 ms
[00:46:54][pdx_3dtypes.cpp:217]: Total time "military_barricade_irregular_01_mesh" in 7 ms
[00:46:54][pdx_3dtypes.cpp:217]: Total time "debug_height_object_mesh" in 7 ms
[00:46:54][pdx_3dtypes.cpp:217]: Total time "wonder_wallofchina_08_mesh" in 7 ms
[00:46:54][pdx_3dtypes.cpp:217]: Total time "train_locomotive_gnrstirling_01_mesh" in 7 ms
[00:46:54][pdx_3dtypes.cpp:217]: Total time "male_outfit_slavic_01_low_mesh" in 7 ms
[00:46:54][pdx_3dtypes.cpp:217]: Total time "horse_cart_ap1_02_mesh" in 7 ms
[00:46:54][pdx_3dtypes.cpp:217]: Total time "whale_mesh" in 7 ms
[00:46:54][pdx_3dtypes.cpp:217]: Total time "female_headgear_arabic_common_03_mesh" in 7 ms
[00:46:54][pdx_3dtypes.cpp:217]: Total time "european_train_locomotive_03_mesh" in 7 ms
[00:46:54][pdx_3dtypes.cpp:217]: Total time "japan_city_skyscraper_01_mesh" in 7 ms
[00:46:54][pdx_3dtypes.cpp:217]: Total time "dirtroad_bridge_01_small_mesh" in 7 ms
[00:46:54][pdx_3dtypes.cpp:217]: Total time "papermap_extension_bottom_ep1_mesh" in 7 ms
[00:46:54][pdx_3dtypes.cpp:217]: Total time "indian_factory_construction_01_mesh" in 7 ms
[00:46:54][pdx_3dtypes.cpp:217]: Total time "papermap_french_coin_mesh" in 7 ms
[00:46:54][pdx_3dtypes.cpp:217]: Total time "male_hair_historical_friedrich_engels_mesh" in 7 ms
[00:46:54][pdx_3dtypes.cpp:217]: Total time "mininghub_centerpiece_01_mesh" in 7 ms
[00:46:54][pdx_3dtypes.cpp:217]: Total time "male_beard_european_13_mesh" in 7 ms
[00:46:54][pdx_3dtypes.cpp:217]: Total time "latin_manufactory_03_mesh" in 7 ms
[00:46:54][pdx_3dtypes.cpp:217]: Total time "papermap_extension_bottom_ap1_mesh" in 7 ms
[00:46:54][pdx_3dtypes.cpp:217]: Total time "revolution_barricade_small_intelligentsia_mesh" in 7 ms
[00:46:54][pdx_3dtypes.cpp:217]: Total time "european_train_passenger_wagon_02_mesh" in 7 ms
[00:46:54][pdx_3dtypes.cpp:217]: Total time "papermap_tainostatue_mesh" in 7 ms
[00:46:54][pdx_3dtypes.cpp:217]: Total time "female_headdot_01_mesh" in 7 ms
[00:46:54][pdx_3dtypes.cpp:217]: Total time "asian_tools_manufactory_01_mesh" in 7 ms
[00:46:54][pdx_3dtypes.cpp:217]: Total time "dirtroad_bridge_01_large_mesh" in 7 ms
[00:46:54][pdx_3dtypes.cpp:217]: Total time "asian_forestry_lumberdepo_02_mesh" in 7 ms
[00:46:54][pdx_3dtypes.cpp:217]: Total time "colonial_manufactory_02_mesh" in 7 ms
[00:46:54][pdx_3dtypes.cpp:217]: Total time "arabic_factory_colonial_01_mesh" in 7 ms
[00:46:54][pdx_3dtypes.cpp:217]: Total time "balkan_port_shipyard_01_mesh" in 7 ms
[00:46:54][pdx_3dtypes.cpp:217]: Total time "balkan_port_fishingwharf_03_mesh" in 7 ms
[00:46:54][pdx_3dtypes.cpp:217]: Total time "military_transport_railroad_artillery_shrapnel_generic_mesh" in 7 ms
[00:46:54][pdx_3dtypes.cpp:217]: Total time "european_port_01_0s_0d_3f_mesh" in 7 ms
[00:46:54][pdx_3dtypes.cpp:217]: Total time "revolution_barricade_mid_landowners_mesh" in 7 ms
[00:46:54][pdx_3dtypes.cpp:217]: Total time "military_transport_railroad_armoredlocomotive_generic_mesh" in 7 ms
[00:46:54][pdx_3dtypes.cpp:217]: Total time "military_barricade_squad_01_mesh" in 7 ms
[00:46:54][pdx_3dtypes.cpp:217]: Total time "female_outfit_children_royal_01_mesh" in 7 ms
[00:46:54][pdx_3dtypes.cpp:217]: Total time "horses_ap1_mesh" in 7 ms
[00:46:54][pdx_3dtypes.cpp:217]: Total time "rockformation_06_mesh" in 7 ms
[00:46:54][pdx_3dtypes.cpp:217]: Total time "arabic_port_fishingwharf_01_mesh" in 7 ms
[00:46:54][pdx_3dtypes.cpp:217]: Total time "latin_tools_manufactory_01_mesh" in 7 ms
[00:46:54][pdx_3dtypes.cpp:217]: Total time "train_cargo_log_01_mesh" in 6 ms
[00:46:54][pdx_3dtypes.cpp:217]: Total time "horse_cart_ap1_01_mesh" in 6 ms
[00:46:54][pdx_3dtypes.cpp:217]: Total time "train_locomotive_ouest_01_mesh" in 6 ms
[00:46:54][pdx_3dtypes.cpp:217]: Total time "papermap_napoleonic_medal_mesh" in 6 ms
[00:46:54][pdx_3dtypes.cpp:217]: Total time "european_port_01_3s_0d_0f_mesh" in 6 ms
[00:46:54][pdx_3dtypes.cpp:217]: Total time "powerbloc_supportelement_laurusbranch_01_mesh" in 6 ms
[00:46:54][pdx_3dtypes.cpp:217]: Total time "european_port_01_1s_2d_0f_mesh" in 6 ms
[00:46:54][pdx_3dtypes.cpp:217]: Total time "papermap_cloth_ip2_mesh" in 6 ms
[00:46:54][pdx_3dtypes.cpp:217]: Total time "frigate_broadside_02_mesh" in 6 ms
[00:46:54][pdx_3dtypes.cpp:217]: Total time "male_coat_rayadillo_uniform_mesh" in 6 ms
[00:46:54][pdx_3dtypes.cpp:217]: Total time "papermap_revolutionary_cockade_mesh" in 6 ms
[00:46:54][pdx_3dtypes.cpp:217]: Total time "bird_vulture_01_mesh" in 6 ms
[00:46:54][pdx_3dtypes.cpp:217]: Total time "train_locomotive_jupiter_01_mesh" in 6 ms
[00:46:54][pdx_3dtypes.cpp:217]: Total time "balkan_port_militaryshipyard_01_mesh" in 6 ms
[00:46:54][pdx_3dtypes.cpp:217]: Total time "railroad_bridge_02_medium_mesh" in 6 ms
[00:46:54][pdx_3dtypes.cpp:217]: Total time "balkan_port_militaryshipyard_02_mesh" in 6 ms
[00:46:54][pdx_3dtypes.cpp:217]: Total time "frigate_broadside_03_mesh" in 6 ms
[00:46:54][pdx_3dtypes.cpp:217]: Total time "european_train_passenger_wagon_01_mesh" in 6 ms
[00:46:54][pdx_3dtypes.cpp:217]: Total time "papermap_table_top_ip4_mesh" in 6 ms
[00:46:54][pdx_3dtypes.cpp:217]: Total time "european_rural_building_poor_01_mesh" in 6 ms
[00:46:54][pdx_3dtypes.cpp:217]: Total time "military_barricade_line_01_mesh" in 6 ms
[00:46:54][pdx_3dtypes.cpp:217]: Total time "dlc_coin_ap1_mesh" in 6 ms
[00:46:54][pdx_3dtypes.cpp:217]: Total time "asian_forestry_camp_02_mesh" in 6 ms
[00:46:54][pdx_3dtypes.cpp:217]: Total time "generic_forestry_trees_01_mesh" in 6 ms
[00:46:54][pdx_3dtypes.cpp:217]: Total time "md_jap_coat_japanese_navy_mesh" in 6 ms
[00:46:54][pdx_3dtypes.cpp:217]: Total time "japan_forestry_loggingcamp_02_mesh" in 6 ms
[00:46:54][pdx_3dtypes.cpp:217]: Total time "generic_manufactory_03_mesh" in 6 ms
[00:46:54][pdx_3dtypes.cpp:217]: Total time "french_mining_quarry_02_mesh" in 6 ms
[00:46:54][pdx_3dtypes.cpp:217]: Total time "arabic_port_shipyard_01_mesh" in 6 ms
[00:46:54][pdx_3dtypes.cpp:217]: Total time "indian_port_fishingwharf_01_mesh" in 6 ms
[00:46:54][pdx_3dtypes.cpp:217]: Total time "european_port_01_0s_1d_0f_mesh" in 6 ms
[00:46:54][pdx_3dtypes.cpp:217]: Total time "asian_manufactory_03_mesh" in 6 ms
[00:46:54][pdx_3dtypes.cpp:217]: Total time "ip4_coin_mesh" in 6 ms
[00:46:54][pdx_3dtypes.cpp:217]: Total time "military_props_artillery_cannon_01_mesh" in 6 ms
[00:46:54][pdx_3dtypes.cpp:217]: Total time "male_coat_european_military_01_mesh" in 6 ms
[00:46:54][pdx_3dtypes.cpp:217]: Total time "dlc_coin_rp1_mesh" in 6 ms
[00:46:54][pdx_3dtypes.cpp:217]: Total time "asian_forestry_lumberdepo_01_mesh" in 6 ms
[00:46:54][pdx_3dtypes.cpp:217]: Total time "male_headgear_chinese_common_02_mesh" in 6 ms
[00:46:54][pdx_3dtypes.cpp:217]: Total time "railroad_bridge_02_small_mesh" in 6 ms
[00:46:54][pdx_3dtypes.cpp:217]: Total time "dlc_coin_ip2_mesh" in 6 ms
[00:46:54][pdx_3dtypes.cpp:217]: Total time "generic_rural_forestry_camp_01_mesh" in 6 ms
[00:46:54][pdx_3dtypes.cpp:217]: Total time "japan_forestry_loggingcabin_03_mesh" in 6 ms
[00:46:54][pdx_3dtypes.cpp:217]: Total time "male_belt_greek_01_bs_thick_mesh" in 6 ms
[00:46:54][pdx_3dtypes.cpp:217]: Total time "indian_port_shipyard_01_mesh" in 6 ms
[00:46:54][pdx_3dtypes.cpp:217]: Total time "bird_duck_01_mesh" in 6 ms
[00:46:54][pdx_3dtypes.cpp:217]: Total time "powerbloc_statue_hero_obeliskethiopia_mesh" in 6 ms
[00:46:54][pdx_3dtypes.cpp:217]: Total time "male_prop_straw_hat_mesh" in 6 ms
[00:46:54][pdx_3dtypes.cpp:217]: Total time "japan_forestry_loggingcamp_03_mesh" in 6 ms
[00:46:54][pdx_3dtypes.cpp:217]: Total time "asian_mining_centerpiece_01_mesh" in 6 ms
[00:46:54][pdx_3dtypes.cpp:217]: Total time "european_rural_building_rich_01_mesh" in 6 ms
[00:46:54][pdx_3dtypes.cpp:217]: Total time "earlyironclad_gunbattery_heavy_r_mesh" in 6 ms
[00:46:54][pdx_3dtypes.cpp:217]: Total time "generic_forestry_centerpiece_mixwoodpiles_01_mesh" in 6 ms
[00:46:54][pdx_3dtypes.cpp:217]: Total time "revolution_barricade_mid_armed_forces_mesh" in 6 ms
[00:46:54][pdx_3dtypes.cpp:217]: Total time "european_port_01_0s_3d_0f_mesh" in 6 ms
[00:46:54][pdx_3dtypes.cpp:217]: Total time "generic_forestry_loggingcamp_02_mesh" in 5 ms
[00:46:54][pdx_3dtypes.cpp:217]: Total time "earlyironclad_armour_medium_mesh" in 5 ms
[00:46:54][pdx_3dtypes.cpp:217]: Total time "papermap_extension_bottom_newsletter_bonus_mesh" in 5 ms
[00:46:54][pdx_3dtypes.cpp:217]: Total time "european_port_01_0s_1d_1f_mesh" in 5 ms
[00:46:54][pdx_3dtypes.cpp:217]: Total time "wonder_wallofchina_02_mesh" in 5 ms
[00:46:54][pdx_3dtypes.cpp:217]: Total time "train_cargo_sulfur_03_mesh" in 5 ms
[00:46:54][pdx_3dtypes.cpp:217]: Total time "male_hair_historical_marx_mesh" in 5 ms
[00:46:54][pdx_3dtypes.cpp:217]: Total time "dlc_coin_ep1_mesh" in 5 ms
[00:46:54][pdx_3dtypes.cpp:217]: Total time "european_port_01_0s_2d_1f_mesh" in 5 ms
[00:46:54][pdx_3dtypes.cpp:217]: Total time "railroad_bridge_01_medium_mesh" in 5 ms
[00:46:54][pdx_3dtypes.cpp:217]: Total time "dirtroad_bridge_01_medium_mesh" in 5 ms
[00:46:54][pdx_3dtypes.cpp:217]: Total time "generic_forestry_loggingcabin_03_mesh" in 5 ms
[00:46:54][pdx_3dtypes.cpp:217]: Total time "balkan_port_worldmarket_01_mesh" in 5 ms
[00:46:54][pdx_3dtypes.cpp:217]: Total time "tree_rainforest_002_mesh" in 5 ms
[00:46:54][pdx_3dtypes.cpp:217]: Total time "billboard_placeholder_mesh" in 5 ms
[00:46:54][pdx_3dtypes.cpp:217]: Total time "male_belt_austrian_01_bs_thin_mesh" in 5 ms
[00:46:54][pdx_3dtypes.cpp:217]: Total time "powerbloc_supportelement_halo_01_mesh" in 5 ms
[00:46:54][pdx_3dtypes.cpp:217]: Total time "papermap_extension_top_newsletter_bonus_mesh" in 5 ms
[00:46:54][pdx_3dtypes.cpp:217]: Total time "tools_manufactory_01_mesh" in 5 ms
[00:46:54][pdx_3dtypes.cpp:217]: Total time "balkan_forestry_transportation_hardwoodpiles_03_mesh" in 5 ms
[00:46:54][pdx_3dtypes.cpp:217]: Total time "japan_forestry_centerpiece_softwoodpiles_01_mesh" in 5 ms
[00:46:54][pdx_3dtypes.cpp:217]: Total time "powerbloc_statue_hero_octopus_01_mesh" in 5 ms
[00:46:54][pdx_3dtypes.cpp:217]: Total time "bird_eagle_01_mesh" in 5 ms
[00:46:54][pdx_3dtypes.cpp:217]: Total time "revolution_flag_mesh" in 5 ms
[00:46:54][pdx_3dtypes.cpp:217]: Total time "frigate_broadside_01_mesh" in 5 ms
[00:46:54][pdx_3dtypes.cpp:217]: Total time "balkan_forestry_loggingcamp_01_mesh" in 5 ms
[00:46:54][pdx_3dtypes.cpp:217]: Total time "funnel_medium_03_mesh" in 5 ms
[00:46:54][pdx_3dtypes.cpp:217]: Total time "revolution_barricade_mid_mesh" in 5 ms
[00:46:54][pdx_3dtypes.cpp:217]: Total time "generic_forestry_loggingcamp_softwoodpiles_02_mesh" in 5 ms
[00:46:54][pdx_3dtypes.cpp:217]: Total time "male_hair_historical_milos_obrenovic_mesh" in 5 ms
[00:46:54][pdx_3dtypes.cpp:217]: Total time "generic_forestry_centerpiece_softwoodpiles_02_mesh" in 5 ms
[00:46:54][pdx_3dtypes.cpp:217]: Total time "male_coat_european_military_02_mesh" in 5 ms
[00:46:54][pdx_3dtypes.cpp:217]: Total time "male_beard_european_04_mesh" in 5 ms
[00:46:54][pdx_3dtypes.cpp:217]: Total time "asian_forestry_camp_01_mesh" in 5 ms
[00:46:54][pdx_3dtypes.cpp:217]: Total time "monitor_gun_twin_heavy_mesh" in 5 ms
[00:46:54][pdx_3dtypes.cpp:217]: Total time "generic_forestry_centerpiece_mixwoodpiles_02_mesh" in 5 ms
[00:46:54][pdx_3dtypes.cpp:217]: Total time "male_coat_greek_01_mesh" in 5 ms
[00:46:54][pdx_3dtypes.cpp:217]: Total time "japan_forestry_loggingcamp_softwoodpiles_01_mesh" in 5 ms
[00:46:54][pdx_3dtypes.cpp:217]: Total time "male_medals_generic_01_ip4_05_mesh" in 5 ms
[00:46:54][pdx_3dtypes.cpp:217]: Total time "train_cargo_hardwood_03_mesh" in 5 ms
[00:46:54][pdx_3dtypes.cpp:217]: Total time "wind_trail_01_mesh" in 5 ms
[00:46:54][pdx_3dtypes.cpp:217]: Total time "asian_urban_port_dockyard_01_mesh" in 5 ms
[00:46:54][pdx_3dtypes.cpp:217]: Total time "female_hair_indian_01_mesh" in 5 ms
[00:46:54][pdx_3dtypes.cpp:217]: Total time "wonder_wallofchina_04_mesh" in 5 ms
[00:46:54][pdx_3dtypes.cpp:217]: Total time "european_port_01_1s_0d_1f_mesh" in 5 ms
[00:46:54][pdx_3dtypes.cpp:217]: Total time "powerbloc_statue_attachment_walkingcane_mesh" in 5 ms
[00:46:54][pdx_3dtypes.cpp:217]: Total time "powerbloc_statue_attachment_wrench_mesh" in 5 ms
[00:46:54][pdx_3dtypes.cpp:217]: Total time "european_port_01_0s_2d_0f_mesh" in 5 ms
[00:46:54][pdx_3dtypes.cpp:217]: Total time "substance_bg_mesh" in 5 ms
[00:46:54][pdx_3dtypes.cpp:217]: Total time "male_headgear_jankoji_rao_scindia_02_mesh" in 5 ms
[00:46:54][pdx_3dtypes.cpp:217]: Total time "male_top_layer_religious_cape_mesh" in 5 ms
[00:46:54][pdx_3dtypes.cpp:217]: Total time "japan_port_shipyard_01_mesh" in 5 ms
[00:46:54][pdx_3dtypes.cpp:217]: Total time "male_coat_ceo_02_bs_thin_mesh" in 5 ms
[00:46:54][pdx_3dtypes.cpp:217]: Total time "train_cargo_iron_01_mesh" in 5 ms
[00:46:54][pdx_3dtypes.cpp:217]: Total time "male_hair_european_03_mesh" in 5 ms
[00:46:54][pdx_3dtypes.cpp:217]: Total time "male_headgear_late_military_cap_japanese_soldier_straps_flaps_mesh" in 5 ms
[00:46:54][pdx_3dtypes.cpp:217]: Total time "funnel_trunked_none_01_mesh" in 5 ms
[00:46:54][pdx_3dtypes.cpp:217]: Total time "male_hair_european_03_cap1_mesh" in 5 ms
[00:46:54][pdx_3dtypes.cpp:217]: Total time "male_headgear_european_military_01_mesh" in 5 ms
[00:46:54][pdx_3dtypes.cpp:217]: Total time "japan_forestry_centerpiece_mixwoodpiles_03_mesh" in 5 ms
[00:46:54][pdx_3dtypes.cpp:217]: Total time "military_props_artillery_shrapnel_01_mesh" in 5 ms
[00:46:54][pdx_3dtypes.cpp:217]: Total time "balkan_forestry_loggingcabin_02_mesh" in 5 ms
[00:46:54][pdx_3dtypes.cpp:217]: Total time "ip3_coin_mesh" in 5 ms
[00:46:54][pdx_3dtypes.cpp:217]: Total time "japan_port_centerpiece_01_mesh" in 5 ms
[00:46:54][pdx_3dtypes.cpp:217]: Total time "japan_port_whalingstation_01_mesh" in 5 ms
[00:46:54][pdx_3dtypes.cpp:217]: Total time "male_hair_european_10_cap1_mesh" in 5 ms
[00:46:54][pdx_3dtypes.cpp:217]: Total time "balkan_forestry_loggingcamp_03_mesh" in 4 ms
[00:46:54][pdx_3dtypes.cpp:217]: Total time "european_port_01_1s_0d_0f_mesh" in 4 ms
[00:46:54][pdx_3dtypes.cpp:217]: Total time "military_props_artillery_shrapnel_02_mesh" in 4 ms
[00:46:54][pdx_3dtypes.cpp:217]: Total time "male_medals_generic_01_ip4_03_mesh" in 4 ms
[00:46:54][pdx_3dtypes.cpp:217]: Total time "male_medals_prussian_01_02_mesh" in 4 ms
[00:46:54][pdx_3dtypes.cpp:217]: Total time "generic_forestry_centerpiece_softwoodpiles_01_mesh" in 4 ms
[00:46:54][pdx_3dtypes.cpp:217]: Total time "female_hair_indian_03_mesh" in 4 ms
[00:46:54][pdx_3dtypes.cpp:217]: Total time "african_port_centerpiece_02_mesh" in 4 ms
[00:46:54][pdx_3dtypes.cpp:217]: Total time "generic_forestry_centerpiece_hardwoodpiles_02_mesh" in 4 ms
[00:46:54][pdx_3dtypes.cpp:217]: Total time "generic_forestry_transportation_softwoodpiles_02_mesh" in 4 ms
[00:46:54][pdx_3dtypes.cpp:217]: Total time "european_province_farm_01_mesh" in 4 ms
[00:46:54][pdx_3dtypes.cpp:217]: Total time "male_coat_winter_early_greatcoat_mesh" in 4 ms
[00:46:54][pdx_3dtypes.cpp:217]: Total time "latin_furniture_manufactory_01_mesh" in 4 ms
[00:46:54][pdx_3dtypes.cpp:217]: Total time "papermap_extension_bottom_ip4_spain_mesh" in 4 ms
[00:46:54][pdx_3dtypes.cpp:217]: Total time "balkan_forestry_centerpiece_hardwoodpiles_02_mesh" in 4 ms
[00:46:54][pdx_3dtypes.cpp:217]: Total time "shipoftheline_gunbattery_medium_r_mesh" in 4 ms
[00:46:54][pdx_3dtypes.cpp:217]: Total time "male_outfit_arabic_royal_01_bs_thin_mesh" in 4 ms
[00:46:54][pdx_3dtypes.cpp:217]: Total time "train_cargo_sulfur_01_mesh" in 4 ms
[00:46:54][pdx_3dtypes.cpp:217]: Total time "papermap_extension_top_ip2_mesh" in 4 ms
[00:46:54][pdx_3dtypes.cpp:217]: Total time "papermap_extension_top_ip4_mesh" in 4 ms
[00:46:54][pdx_3dtypes.cpp:217]: Total time "papermap_extension_bottom_ip4_portugal_mesh" in 4 ms
[00:46:54][pdx_3dtypes.cpp:217]: Total time "japan_forestry_transportation_softwoodpiles_02_mesh" in 4 ms
[00:46:54][pdx_3dtypes.cpp:217]: Total time "powerbloc_statue_attachment_pitchfork_mesh" in 4 ms
[00:46:54][pdx_3dtypes.cpp:217]: Total time "male_medals_generic_01_05_mesh" in 4 ms
[00:46:54][pdx_3dtypes.cpp:217]: Total time "arabic_port_centerpiece_01_mesh" in 4 ms
[00:46:54][pdx_3dtypes.cpp:217]: Total time "asian_mining_processing_01_mesh" in 4 ms
[00:46:54][pdx_3dtypes.cpp:217]: Total time "powerbloc_statue_attachment_sword_mesh" in 4 ms
[00:46:54][pdx_3dtypes.cpp:217]: Total time "male_mustache_indian_bhagat_singh_mesh" in 4 ms
[00:46:54][pdx_3dtypes.cpp:217]: Total time "japan_forestry_loggingcamp_hardwoodpiles_01_mesh" in 4 ms
[00:46:54][pdx_3dtypes.cpp:217]: Total time "male_beard_francesco_pi_i_margall_mesh" in 4 ms
[00:46:54][pdx_3dtypes.cpp:217]: Total time "japan_forestry_loggingcamp_hardwoodpiles_03_mesh" in 4 ms
[00:46:54][pdx_3dtypes.cpp:217]: Total time "earlyironclad_signalflags_01_mesh" in 4 ms
[00:46:54][pdx_3dtypes.cpp:217]: Total time "balkan_forestry_centerpiece_hardwoodpiles_03_mesh" in 4 ms
[00:46:54][pdx_3dtypes.cpp:217]: Total time "japan_forestry_transportation_hardwoodpiles_02_mesh" in 4 ms
[00:46:54][pdx_3dtypes.cpp:217]: Total time "japan_port_fishingwharf_01_mesh" in 4 ms
[00:46:54][pdx_3dtypes.cpp:217]: Total time "oak_tree_01_mesh" in 4 ms
[00:46:54][pdx_3dtypes.cpp:217]: Total time "earlyironclad_gunbattery_heavy_l_mesh" in 4 ms
[00:46:54][pdx_3dtypes.cpp:217]: Total time "funnel_large_03_mesh" in 4 ms
[00:46:54][pdx_3dtypes.cpp:217]: Total time "mininghub_centerpiece_sandstone_01_mesh" in 4 ms
[00:46:54][pdx_3dtypes.cpp:217]: Total time "american_mining_oilrig_01_mesh" in 4 ms
[00:46:54][pdx_3dtypes.cpp:217]: Total time "european_port_01_0s_1d_2f_mesh" in 4 ms
[00:46:54][pdx_3dtypes.cpp:217]: Total time "railroad_bridge_01_small_mesh" in 4 ms
[00:46:54][pdx_3dtypes.cpp:217]: Total time "train_locomotive_cramptontender_01_mesh" in 4 ms
[00:46:54][pdx_3dtypes.cpp:217]: Total time "male_outfit_greek_fustanella_01_bs_thick_mesh" in 4 ms
[00:46:54][pdx_3dtypes.cpp:217]: Total time "funnel_tiny_02_mesh" in 4 ms
[00:46:54][pdx_3dtypes.cpp:217]: Total time "japan_forestry_loggingcamp_mixwoodpiles_02_mesh" in 4 ms
[00:46:54][pdx_3dtypes.cpp:217]: Total time "male_medals_generic_01_01_mesh" in 4 ms
[00:46:54][pdx_3dtypes.cpp:217]: Total time "japan_forestry_centerpiece_hardwoodpiles_03_mesh" in 4 ms
[00:46:54][pdx_3dtypes.cpp:217]: Total time "balkan_forestry_loggingcamp_mixwoodpiles_02_mesh" in 4 ms
[00:46:54][pdx_3dtypes.cpp:217]: Total time "powerbloc_supportelement_basket_01_mesh" in 4 ms
[00:46:54][pdx_3dtypes.cpp:217]: Total time "female_outfit_chinese_agitator_01_mesh" in 4 ms
[00:46:54][pdx_3dtypes.cpp:217]: Total time "male_beard_historical_pedro_02_mesh" in 4 ms
[00:46:54][pdx_3dtypes.cpp:217]: Total time "generic_rural_mining_coaldepo_sandstone_01_mesh" in 4 ms
[00:46:54][pdx_3dtypes.cpp:217]: Total time "figurehead_poseidon_mesh" in 4 ms
[00:46:54][pdx_3dtypes.cpp:217]: Total time "papermap_object_divider_mesh" in 4 ms
[00:46:54][pdx_3dtypes.cpp:217]: Total time "male_sashes_tricolor_bs_gaunt_mesh" in 4 ms
[00:46:54][pdx_3dtypes.cpp:217]: Total time "male_medals_generic_01_04_mesh" in 4 ms
[00:46:54][pdx_3dtypes.cpp:217]: Total time "rockformation_sandstone_01_mesh" in 4 ms
[00:46:54][pdx_3dtypes.cpp:217]: Total time "male_coat_greek_01_bs_thick_mesh" in 4 ms
[00:46:54][pdx_3dtypes.cpp:217]: Total time "male_hair_historical_provo_wallis_mesh" in 4 ms
[00:46:54][pdx_3dtypes.cpp:217]: Total time "tree_palm_03_mesh" in 4 ms
[00:46:54][pdx_3dtypes.cpp:217]: Total time "powerbloc_statue_attachment_eagle_mesh" in 4 ms
[00:46:54][pdx_3dtypes.cpp:217]: Total time "female_hair_portuguese_01_mesh" in 4 ms
[00:46:54][pdx_3dtypes.cpp:217]: Total time "european_port_01_2s_0d_1f_mesh" in 4 ms
[00:46:54][pdx_3dtypes.cpp:217]: Total time "funnel_large_02_mesh" in 4 ms
[00:46:54][pdx_3dtypes.cpp:217]: Total time "tree_bush_05_mesh" in 4 ms
[00:46:54][pdx_3dtypes.cpp:217]: Total time "male_beard_european_20_mesh" in 4 ms
[00:46:54][pdx_3dtypes.cpp:217]: Total time "male_hair_alexander_karadordevic_mesh" in 4 ms
[00:46:54][pdx_3dtypes.cpp:217]: Total time "male_beard_friedrich_engels_mesh" in 4 ms
[00:46:54][pdx_3dtypes.cpp:217]: Total time "wonder_wallofchina_07_mesh" in 4 ms
[00:46:54][pdx_3dtypes.cpp:217]: Total time "balkan_forestry_equipment_03_mesh" in 4 ms
[00:46:54][pdx_3dtypes.cpp:217]: Total time "cliff_canyon_05_mesh" in 4 ms
[00:46:54][pdx_3dtypes.cpp:217]: Total time "generic_forestry_loggingcabin_01_mesh" in 4 ms
[00:46:54][pdx_3dtypes.cpp:217]: Total time "train_locomotive_gnrstirlingtender_01_mesh" in 4 ms
[00:46:54][pdx_3dtypes.cpp:217]: Total time "male_mustache_historical_marx_mesh" in 4 ms
[00:46:54][pdx_3dtypes.cpp:217]: Total time "male_coat_european_11_short_mesh" in 4 ms
[00:46:54][pdx_3dtypes.cpp:217]: Total time "male_coat_historical_john_brown_01_bs_thick_mesh" in 4 ms
[00:46:54][pdx_3dtypes.cpp:217]: Total time "japan_forestry_loggingcabin_01_mesh" in 4 ms
[00:46:54][pdx_3dtypes.cpp:217]: Total time "train_cargo_steel_01_mesh" in 4 ms
[00:46:54][pdx_3dtypes.cpp:217]: Total time "powerbloc_statue_attachment_umbrella_mesh" in 4 ms
[00:46:54][pdx_3dtypes.cpp:217]: Total time "papermap_extension_bottom_ip3_mesh" in 4 ms
[00:46:54][pdx_3dtypes.cpp:217]: Total time "tree_bush_06_mesh" in 4 ms
[00:46:54][pdx_3dtypes.cpp:217]: Total time "male_beard_european_19_mesh" in 4 ms
[00:46:54][pdx_3dtypes.cpp:217]: Total time "funnel_medium_02_mesh" in 4 ms
[00:46:54][pdx_3dtypes.cpp:217]: Total time "male_coat_historical_john_brown_01_bs_gaunt_mesh" in 4 ms
[00:46:54][pdx_3dtypes.cpp:217]: Total time "male_mustache_european_12_mesh" in 4 ms
[00:46:54][pdx_3dtypes.cpp:217]: Total time "funnel_small_02_mesh" in 4 ms
[00:46:54][pdx_3dtypes.cpp:217]: Total time "male_hair_african_01_mesh" in 4 ms
[00:46:54][pdx_3dtypes.cpp:217]: Total time "generic_forestry_loggingcamp_softwoodpiles_01_mesh" in 4 ms
[00:46:54][pdx_3dtypes.cpp:217]: Total time "male_beard_european_12_mesh" in 4 ms
[00:46:54][pdx_3dtypes.cpp:217]: Total time "tree_baobab_02_mesh" in 4 ms
[00:46:54][pdx_3dtypes.cpp:217]: Total time "generic_forestry_loggingcamp_mixwoodpiles_03_mesh" in 4 ms
[00:46:54][pdx_3dtypes.cpp:217]: Total time "female_top_layer_religious_cape_bs_bustsizemin_mesh" in 4 ms
[00:46:54][pdx_3dtypes.cpp:217]: Total time "powerbloc_statue_attachment_book_mesh" in 4 ms
[00:46:54][pdx_3dtypes.cpp:217]: Total time "ironfrigate_broadside_02_mesh" in 4 ms
[00:46:54][pdx_3dtypes.cpp:217]: Total time "train_locomotive_johnbull_01_mesh" in 4 ms
[00:46:54][pdx_3dtypes.cpp:217]: Total time "gun_bigturret_twin_01_mesh" in 3 ms
[00:46:54][pdx_3dtypes.cpp:217]: Total time "male_outfit_greek_fustanella_01_bs_thin_mesh" in 3 ms
[00:46:54][pdx_3dtypes.cpp:217]: Total time "gun_sidecannon_big_01_mesh" in 3 ms
[00:46:54][pdx_3dtypes.cpp:217]: Total time "male_top_layer_south_american_gaucho_01_bs_old_mesh" in 3 ms
[00:46:54][pdx_3dtypes.cpp:217]: Total time "generic_forestry_centerpiece_hardwoodpiles_03_mesh" in 3 ms
[00:46:54][pdx_3dtypes.cpp:217]: Total time "tree_savanna_003_mesh" in 3 ms
[00:46:54][pdx_3dtypes.cpp:217]: Total time "train_cargo_coal_02_mesh" in 3 ms
[00:46:54][pdx_3dtypes.cpp:217]: Total time "european_port_01_1s_1d_0f_mesh" in 3 ms
[00:46:54][pdx_3dtypes.cpp:217]: Total time "generic_forestry_transportation_hardwoodpiles_01_mesh" in 3 ms
[00:46:54][pdx_3dtypes.cpp:217]: Total time "male_top_layers_indian_scarf_01_bs_old_mesh" in 3 ms
[00:46:54][pdx_3dtypes.cpp:217]: Total time "japan_forestry_loggingcamp_mixwoodpiles_03_mesh" in 3 ms
[00:46:54][pdx_3dtypes.cpp:217]: Total time "balkan_forestry_transportation_softwoodpiles_02_mesh" in 3 ms
[00:46:54][pdx_3dtypes.cpp:217]: Total time "japan_forestry_centerpiece_softwoodpiles_03_mesh" in 3 ms
[00:46:54][pdx_3dtypes.cpp:217]: Total time "male_coat_ceo_02_bs_fat_mesh" in 3 ms
[00:46:54][pdx_3dtypes.cpp:217]: Total time "male_sashes_tricolor_bs_thick_mesh" in 3 ms
[00:46:54][pdx_3dtypes.cpp:217]: Total time "train_cargo_hardwood_02_mesh" in 3 ms
[00:46:54][pdx_3dtypes.cpp:217]: Total time "military_props_artillery_siege_02_mesh" in 3 ms
[00:46:54][pdx_3dtypes.cpp:217]: Total time "japan_forestry_loggingcamp_softwoodpiles_03_mesh" in 3 ms
[00:46:54][pdx_3dtypes.cpp:217]: Total time "male_medals_generic_01_02_mesh" in 3 ms
[00:46:54][pdx_3dtypes.cpp:217]: Total time "male_outfit_arabic_royal_01_bs_old_mesh" in 3 ms
[00:46:54][pdx_3dtypes.cpp:217]: Total time "male_coat_late_military_greatcoat_01_bs_thick_mesh" in 3 ms
[00:46:54][pdx_3dtypes.cpp:217]: Total time "male_coat_historical_john_brown_01_bs_fat_mesh" in 3 ms
[00:46:54][pdx_3dtypes.cpp:217]: Total time "female_hair_european_01_bonnet_mesh" in 3 ms
[00:46:54][pdx_3dtypes.cpp:217]: Total time "male_top_layer_south_american_gaucho_01_bs_fat_mesh" in 3 ms
[00:46:54][pdx_3dtypes.cpp:217]: Total time "aircraftcarrier_signalflags_01_mesh" in 3 ms
[00:46:54][pdx_3dtypes.cpp:217]: Total time "japan_forestry_loggingcamp_softwoodpiles_02_mesh" in 3 ms
[00:46:54][pdx_3dtypes.cpp:217]: Total time "balkan_forestry_loggingcabin_03_mesh" in 3 ms
[00:46:54][pdx_3dtypes.cpp:217]: Total time "generic_forestry_lumberdepo_01_mesh" in 3 ms
[00:46:54][pdx_3dtypes.cpp:217]: Total time "male_headgear_korean_agitator_01_mesh" in 3 ms
[00:46:54][pdx_3dtypes.cpp:217]: Total time "japan_forestry_centerpiece_hardwoodpiles_01_mesh" in 3 ms
[00:46:54][pdx_3dtypes.cpp:217]: Total time "train_cargo_hardwood_04_mesh" in 3 ms
[00:46:54][pdx_3dtypes.cpp:217]: Total time "funnel_trunked_02_mesh" in 3 ms
[00:46:54][pdx_3dtypes.cpp:217]: Total time "male_coat_greek_01_bs_thin_mesh" in 3 ms
[00:46:54][pdx_3dtypes.cpp:217]: Total time "balkan_forestry_transportation_hardwoodpiles_01_mesh" in 3 ms
[00:46:54][pdx_3dtypes.cpp:217]: Total time "female_coat_european_military_01_bs_fat_mesh" in 3 ms
[00:46:54][pdx_3dtypes.cpp:217]: Total time "revolution_barricade_small_devout_mesh" in 3 ms
[00:46:54][pdx_3dtypes.cpp:217]: Total time "male_beard_alexander_iii_mesh" in 3 ms
[00:46:54][pdx_3dtypes.cpp:217]: Total time "male_medals_generic_01_03_mesh" in 3 ms
[00:46:54][pdx_3dtypes.cpp:217]: Total time "male_top_layers_indian_scarf_01_bs_thin_mesh" in 3 ms
[00:46:54][pdx_3dtypes.cpp:217]: Total time "single_heavy_turret_02_mesh" in 3 ms
[00:46:54][pdx_3dtypes.cpp:217]: Total time "testplane_mesh" in 3 ms
[00:46:54][pdx_3dtypes.cpp:217]: Total time "cliff_canyon_15_mesh" in 3 ms
[00:46:54][pdx_3dtypes.cpp:217]: Total time "gun_smallturret_single_01_mesh" in 3 ms
[00:46:54][pdx_3dtypes.cpp:217]: Total time "male_hair_european_12_mesh" in 3 ms
[00:46:54][pdx_3dtypes.cpp:217]: Total time "funnel_trunked_01_mesh" in 3 ms
[00:46:54][pdx_3dtypes.cpp:217]: Total time "male_headgear_colonial_helmet_02_mesh" in 3 ms
[00:46:54][pdx_3dtypes.cpp:217]: Total time "african_port_shipyard_01_mesh" in 3 ms
[00:46:54][pdx_3dtypes.cpp:217]: Total time "generic_rural_mining_coaldepo_01_mesh" in 3 ms
[00:46:54][pdx_3dtypes.cpp:217]: Total time "funnel_small_01_mesh" in 3 ms
[00:46:54][pdx_3dtypes.cpp:217]: Total time "male_sash_european_civilian_03_bs_gaunt_mesh" in 3 ms
[00:46:54][pdx_3dtypes.cpp:217]: Total time "japan_forestry_centerpiece_mixwoodpiles_01_mesh" in 3 ms
[00:46:54][pdx_3dtypes.cpp:217]: Total time "male_beard_european_11_mesh" in 3 ms
[00:46:54][pdx_3dtypes.cpp:217]: Total time "male_medals_prussian_01_01_mesh" in 3 ms
[00:46:54][pdx_3dtypes.cpp:217]: Total time "test_object_mesh" in 3 ms
[00:46:54][pdx_3dtypes.cpp:217]: Total time "papermap_table_top_ep2_mesh" in 3 ms
[00:46:54][pdx_3dtypes.cpp:217]: Total time "military_props_test_mesh" in 3 ms
[00:46:54][pdx_3dtypes.cpp:217]: Total time "papermap_extension_bottom_ip2_mesh" in 3 ms
[00:46:54][pdx_3dtypes.cpp:217]: Total time "male_outfit_chinese_common_01_mesh" in 3 ms
[00:46:54][pdx_3dtypes.cpp:217]: Total time "latin_mining_processing_01_mesh" in 3 ms
[00:46:54][pdx_3dtypes.cpp:217]: Total time "male_coat_ceo_02_bs_thick_mesh" in 3 ms
[00:46:54][pdx_3dtypes.cpp:217]: Total time "military_props_artillery_mobile_02_mesh" in 3 ms
[00:46:54][pdx_3dtypes.cpp:217]: Total time "male_mustache_dordije_petrovic_njegos_mesh" in 3 ms
[00:46:54][pdx_3dtypes.cpp:217]: Total time "powerbloc_statue_attachment_shield_mesh" in 3 ms
[00:46:54][pdx_3dtypes.cpp:217]: Total time "powerbloc_statue_attachment_crudehoe_mesh" in 3 ms
[00:46:54][pdx_3dtypes.cpp:217]: Total time "tree_rainforest_001_mesh" in 3 ms
[00:46:54][pdx_3dtypes.cpp:217]: Total time "funnel_medium_none_01_mesh" in 3 ms
[00:46:54][pdx_3dtypes.cpp:217]: Total time "male_glasses_round_mesh" in 3 ms
[00:46:54][pdx_3dtypes.cpp:217]: Total time "generic_forestry_transportation_mixwoodpiles_02_mesh" in 3 ms
[00:46:54][pdx_3dtypes.cpp:217]: Total time "arabic_factory_furniture_01_mesh" in 3 ms
[00:46:54][pdx_3dtypes.cpp:217]: Total time "african_port_fishingwharf_01_mesh" in 3 ms
[00:46:54][pdx_3dtypes.cpp:217]: Total time "tree_savanna_004_mesh" in 3 ms
[00:46:54][pdx_3dtypes.cpp:217]: Total time "male_medals_prussian_01_04_mesh" in 3 ms
[00:46:54][pdx_3dtypes.cpp:217]: Total time "rockformation_07_mesh" in 3 ms
[00:46:54][pdx_3dtypes.cpp:217]: Total time "male_headgear_sailor_cap_mesh" in 3 ms
[00:46:54][pdx_3dtypes.cpp:217]: Total time "male_legwear_greek_01_bs_thin_mesh" in 3 ms
[00:46:54][pdx_3dtypes.cpp:217]: Total time "male_mustache_george_i_of_greece_mesh" in 3 ms
[00:46:54][pdx_3dtypes.cpp:217]: Total time "japan_forestry_equipment_01_mesh" in 3 ms
[00:46:54][pdx_3dtypes.cpp:217]: Total time "female_hair_arabic_01_mesh" in 3 ms
[00:46:54][pdx_3dtypes.cpp:217]: Total time "balkan_forestry_equipment_02_mesh" in 3 ms
[00:46:54][pdx_3dtypes.cpp:217]: Total time "powerbloc_statue_attachment_tophat_mesh" in 3 ms
[00:46:54][pdx_3dtypes.cpp:217]: Total time "japan_forestry_transportation_mixwoodpiles_02_mesh" in 3 ms
[00:46:54][pdx_3dtypes.cpp:217]: Total time "frigate_signalflags_01_mesh" in 3 ms
[00:46:54][pdx_3dtypes.cpp:217]: Total time "male_coat_european_military_02_open_collar_mesh" in 3 ms
[00:46:54][pdx_3dtypes.cpp:217]: Total time "male_eyes_mesh" in 3 ms
[00:46:54][pdx_3dtypes.cpp:217]: Total time "balkan_forestry_transportation_mixwoodpiles_03_mesh" in 3 ms
[00:46:54][pdx_3dtypes.cpp:217]: Total time "asian_port_centerpiece_02_mesh" in 3 ms
[00:46:54][pdx_3dtypes.cpp:217]: Total time "male_hair_european_04_mesh" in 3 ms
[00:46:54][pdx_3dtypes.cpp:217]: Total time "japan_forestry_equipment_03_mesh" in 3 ms
[00:46:54][pdx_3dtypes.cpp:217]: Total time "powerbloc_supportelement_sextant_01_mesh" in 3 ms
[00:46:54][pdx_3dtypes.cpp:217]: Total time "rockformation_09_mesh" in 3 ms
[00:46:54][pdx_3dtypes.cpp:217]: Total time "train_cargo_steel_02_mesh" in 3 ms
[00:46:54][pdx_3dtypes.cpp:217]: Total time "male_mustache_sandor_petofi_mesh" in 3 ms
[00:46:54][pdx_3dtypes.cpp:217]: Total time "male_beard_gyula_andrassy_mesh" in 3 ms
[00:46:54][pdx_3dtypes.cpp:217]: Total time "female_hair_arabic_01_headgear_mesh" in 3 ms
[00:46:54][pdx_3dtypes.cpp:217]: Total time "male_coat_greek_01_bs_gaunt_mesh" in 3 ms
[00:46:54][pdx_3dtypes.cpp:217]: Total time "powerbloc_statue_attachment_trumpet_mesh" in 3 ms
[00:46:54][pdx_3dtypes.cpp:217]: Total time "male_belt_greek_01_bs_old_mesh" in 3 ms
[00:46:54][pdx_3dtypes.cpp:217]: Total time "iceberg_01_mesh" in 3 ms
[00:46:54][pdx_3dtypes.cpp:217]: Total time "male_coat_historical_john_brown_01_bs_infant_mesh" in 3 ms
[00:46:54][pdx_3dtypes.cpp:217]: Total time "prop_glasses_mesh" in 3 ms
[00:46:54][pdx_3dtypes.cpp:217]: Total time "vulture_01_frame_mesh" in 3 ms
[00:46:54][pdx_3dtypes.cpp:217]: Total time "japan_forestry_loggingcamp_hardwoodpiles_02_mesh" in 3 ms
[00:46:54][pdx_3dtypes.cpp:217]: Total time "eagle_01_frame_mesh" in 3 ms
[00:46:54][pdx_3dtypes.cpp:217]: Total time "male_headgear_arabic_landowners_01_mesh" in 3 ms
[00:46:54][pdx_3dtypes.cpp:217]: Total time "male_headgear_military_helmet_japanese_m1922_mesh" in 3 ms
[00:46:54][pdx_3dtypes.cpp:217]: Total time "latin_port_docks_01_mesh" in 3 ms
[00:46:54][pdx_3dtypes.cpp:217]: Total time "generic_forestry_loggingcamp_hardwoodpiles_01_mesh" in 3 ms
[00:46:54][pdx_3dtypes.cpp:217]: Total time "male_mustache_milos_obrenovic_mesh" in 3 ms
[00:46:54][pdx_3dtypes.cpp:217]: Total time "train_cargo_hardwood_01_mesh" in 3 ms
[00:46:54][pdx_3dtypes.cpp:217]: Total time "balkan_forestry_centerpiece_mixwoodpiles_01_mesh" in 3 ms
[00:46:54][pdx_3dtypes.cpp:217]: Total time "male_belts_sash_power_bloc_04_mesh" in 3 ms
[00:46:54][pdx_3dtypes.cpp:217]: Total time "generic_forestry_centerpiece_softwoodpiles_03_mesh" in 3 ms
[00:46:54][pdx_3dtypes.cpp:217]: Total time "powerbloc_supportelement_wings_01_mesh" in 3 ms
[00:46:54][pdx_3dtypes.cpp:217]: Total time "figurehead_eagle_mesh" in 3 ms
[00:46:54][pdx_3dtypes.cpp:217]: Total time "male_headgear_late_military_cap_navy_regular_mesh" in 3 ms
[00:46:54][pdx_3dtypes.cpp:217]: Total time "funnel_large_01_mesh" in 3 ms
[00:46:54][pdx_3dtypes.cpp:217]: Total time "gun_torpedotube_single_03_mesh" in 3 ms
[00:46:54][pdx_3dtypes.cpp:217]: Total time "tree_palm_02_mesh" in 3 ms
[00:46:54][pdx_3dtypes.cpp:217]: Total time "military_arms_brownbess_mesh" in 3 ms
[00:46:54][pdx_3dtypes.cpp:217]: Total time "male_beard_european_21_mesh" in 3 ms
[00:46:54][pdx_3dtypes.cpp:217]: Total time "male_coat_historical_john_brown_01_bs_old_mesh" in 3 ms
[00:46:54][pdx_3dtypes.cpp:217]: Total time "gun_bigturret_single_03_mesh" in 3 ms
[00:46:54][pdx_3dtypes.cpp:217]: Total time "military_diorama_decal_6x6_mesh" in 3 ms
[00:46:54][pdx_3dtypes.cpp:217]: Total time "balkan_forestry_loggingcamp_softwoodpiles_01_mesh" in 3 ms
[00:46:54][pdx_3dtypes.cpp:217]: Total time "male_sash_chinese_agitator_01_mesh" in 3 ms
[00:46:54][pdx_3dtypes.cpp:217]: Total time "powerbloc_statue_attachment_flame_mesh" in 3 ms
[00:46:54][pdx_3dtypes.cpp:217]: Total time "oak_tree_04_mesh" in 3 ms
[00:46:54][pdx_3dtypes.cpp:217]: Total time "seaplanetender_armour_medium_mesh" in 3 ms
[00:46:54][pdx_3dtypes.cpp:217]: Total time "male_mustache_european_15_mesh" in 3 ms
[00:46:54][pdx_3dtypes.cpp:217]: Total time "monitor_base_mesh" in 3 ms
[00:46:54][pdx_3dtypes.cpp:217]: Total time "male_beard_rudolf_prince_of_austria_mesh" in 3 ms
[00:46:54][pdx_3dtypes.cpp:217]: Total time "male_belt_austrian_01_bs_thick_mesh" in 3 ms
[00:46:54][pdx_3dtypes.cpp:217]: Total time "wonder_wallofchina_03_mesh" in 3 ms
[00:46:54][pdx_3dtypes.cpp:217]: Total time "male_hair_historical_von_metternich_mesh" in 3 ms
[00:46:54][pdx_3dtypes.cpp:217]: Total time "protectedcruiser_signalflags_01_mesh" in 3 ms
[00:46:54][pdx_3dtypes.cpp:217]: Total time "female_top_layer_religious_cape_bs_bustsizemax_mesh" in 3 ms
[00:46:54][pdx_3dtypes.cpp:217]: Total time "balkan_forestry_centerpiece_softwoodpiles_03_mesh" in 3 ms
[00:46:54][pdx_3dtypes.cpp:217]: Total time "latin_forestry_loggingcamp_02_mesh" in 3 ms
[00:46:54][pdx_3dtypes.cpp:217]: Total time "train_cargo_log_03_mesh" in 3 ms
[00:46:54][pdx_3dtypes.cpp:217]: Total time "lake_mesh" in 3 ms
[00:46:54][pdx_3dtypes.cpp:217]: Total time "revolution_barricade_small_trade_unions_mesh" in 3 ms
[00:46:54][pdx_3dtypes.cpp:217]: Total time "military_arms_flamethrower_tank_mesh" in 3 ms
[00:46:54][pdx_3dtypes.cpp:217]: Total time "latin_port_fishingwharf_01_mesh" in 3 ms
[00:46:54][pdx_3dtypes.cpp:217]: Total time "dreadnought_signalflags_01_mesh" in 3 ms
[00:46:54][pdx_3dtypes.cpp:217]: Total time "balkan_forestry_centerpiece_mixwoodpiles_03_mesh" in 3 ms
[00:46:54][pdx_3dtypes.cpp:217]: Total time "powerbloc_supportelement_crown_01_mesh" in 3 ms
[00:46:54][pdx_3dtypes.cpp:217]: Total time "balkan_forestry_loggingcamp_mixwoodpiles_01_mesh" in 3 ms
[00:46:54][pdx_3dtypes.cpp:217]: Total time "balkan_forestry_loggingcabin_01_mesh" in 3 ms
[00:46:54][pdx_3dtypes.cpp:217]: Total time "generic_forestry_loggingcamp_mixwoodpiles_01_mesh" in 3 ms
[00:46:54][pdx_3dtypes.cpp:217]: Total time "male_sash_european_02_bs_fat_mesh" in 3 ms
[00:46:54][pdx_3dtypes.cpp:217]: Total time "male_legwear_greek_01_bs_thick_mesh" in 3 ms
[00:46:54][pdx_3dtypes.cpp:217]: Total time "japan_forestry_transportation_hardwoodpiles_01_mesh" in 3 ms
[00:46:54][pdx_3dtypes.cpp:217]: Total time "funnel_tiny_01_mesh" in 3 ms
[00:46:54][pdx_3dtypes.cpp:217]: Total time "cube_long_mesh" in 3 ms
[00:46:54][pdx_3dtypes.cpp:217]: Total time "tree_rainforest_005_mesh" in 3 ms
[00:46:54][pdx_3dtypes.cpp:217]: Total time "monitor_armour_medium_mesh" in 3 ms
[00:46:54][pdx_3dtypes.cpp:217]: Total time "powerbloc_statue_hero_fish_mesh" in 3 ms
[00:46:54][pdx_3dtypes.cpp:217]: Total time "modernironclad_signalflags_01_mesh" in 3 ms
[00:46:54][pdx_3dtypes.cpp:217]: Total time "female_coat_european_military_01_bs_gaunt_mesh" in 3 ms
[00:46:54][pdx_3dtypes.cpp:217]: Total time "balkan_forestry_centerpiece_softwoodpiles_02_mesh" in 3 ms
[00:46:54][pdx_3dtypes.cpp:217]: Total time "japan_forestry_transportation_mixwoodpiles_03_mesh" in 3 ms
[00:46:54][pdx_3dtypes.cpp:217]: Total time "tree_rainforest_003_mesh" in 3 ms
[00:46:54][pdx_3dtypes.cpp:217]: Total time "lightcruiser_signalflags_01_mesh" in 3 ms
[00:46:54][pdx_3dtypes.cpp:217]: Total time "japan_forestry_centerpiece_hardwoodpiles_02_mesh" in 3 ms
[00:46:54][pdx_3dtypes.cpp:217]: Total time "funnel_large_none_01_mesh" in 3 ms
[00:46:54][pdx_3dtypes.cpp:217]: Total time "male_belt_austrian_01_bs_fat_mesh" in 3 ms
[00:46:54][pdx_3dtypes.cpp:217]: Total time "gun_torpedotube_tripple_01_mesh" in 3 ms
[00:46:54][pdx_3dtypes.cpp:217]: Total time "open_deck_gun_01_mesh" in 3 ms
[00:46:54][pdx_3dtypes.cpp:217]: Total time "train_cargo_steel_03_mesh" in 3 ms
[00:46:54][pdx_3dtypes.cpp:217]: Total time "male_beard_arabic_01_mesh" in 3 ms
[00:46:54][pdx_3dtypes.cpp:217]: Total time "male_top_layers_indian_scarf_01_bs_thick_mesh" in 3 ms
[00:46:54][pdx_3dtypes.cpp:217]: Total time "train_cargo_coal_03_mesh" in 3 ms
[00:46:54][pdx_3dtypes.cpp:217]: Total time "tree_savanna_002_mesh" in 3 ms
[00:46:54][pdx_3dtypes.cpp:217]: Total time "powerbloc_statue_attachment_parasol_mesh" in 3 ms
[00:46:54][pdx_3dtypes.cpp:217]: Total time "powerbloc_statue_attachment_handheldfan_mesh" in 3 ms
[00:46:54][pdx_3dtypes.cpp:217]: Total time "female_prop_nudity_accessory_mesh" in 3 ms
[00:46:54][pdx_3dtypes.cpp:217]: Total time "latin_port_centerpiece_01_mesh" in 3 ms
[00:46:54][pdx_3dtypes.cpp:217]: Total time "male_top_layers_indian_scarf_01_bs_fat_mesh" in 3 ms
[00:46:54][pdx_3dtypes.cpp:217]: Total time "balkan_forestry_centerpiece_softwoodpiles_01_mesh" in 3 ms
[00:46:54][pdx_3dtypes.cpp:217]: Total time "cliff_canyon_02_mesh" in 3 ms
[00:46:54][pdx_3dtypes.cpp:217]: Total time "generic_forestry_centerpiece_hardwoodpiles_01_mesh" in 3 ms
[00:46:54][pdx_3dtypes.cpp:217]: Total time "shipoftheline_gunbattery_medium_l_mesh" in 3 ms
[00:46:54][pdx_3dtypes.cpp:217]: Total time "shipoftheline_gunbattery_light_l_mesh" in 3 ms
[00:46:54][pdx_3dtypes.cpp:217]: Total time "european_port_01_2s_1d_0f_mesh" in 3 ms
[00:46:54][pdx_3dtypes.cpp:217]: Total time "asian_mining_coaldepo_01_mesh" in 3 ms
[00:46:54][pdx_3dtypes.cpp:217]: Total time "funnel_medium_01_mesh" in 3 ms
[00:46:54][pdx_3dtypes.cpp:217]: Total time "male_sash_european_01_mesh" in 3 ms
[00:46:54][pdx_3dtypes.cpp:217]: Total time "female_sash_european_01_mesh" in 3 ms
[00:46:54][pdx_3dtypes.cpp:217]: Total time "single_heavy_turret_01_mesh" in 3 ms
[00:46:54][pdx_3dtypes.cpp:217]: Total time "male_hair_european_07_mesh" in 3 ms
[00:46:54][pdx_3dtypes.cpp:217]: Total time "male_coat_european_greatcoat_01_mesh" in 3 ms
[00:46:54][pdx_3dtypes.cpp:217]: Total time "japan_forestry_transportation_softwoodpiles_01_mesh" in 3 ms
[00:46:54][pdx_3dtypes.cpp:217]: Total time "tree_cypress_mediterranean_01_mesh" in 3 ms
[00:46:54][pdx_3dtypes.cpp:217]: Total time "train_cargo_sulfur_02_mesh" in 3 ms
[00:46:54][pdx_3dtypes.cpp:217]: Total time "cliff_canyon_10_mesh" in 3 ms
[00:46:54][pdx_3dtypes.cpp:217]: Total time "tree_fir_003_mesh" in 3 ms
[00:46:54][pdx_3dtypes.cpp:217]: Total time "train_cargo_log_04_mesh" in 3 ms
[00:46:54][pdx_3dtypes.cpp:217]: Total time "gun_deckgun_armoured_01_mesh" in 2 ms
[00:46:54][pdx_3dtypes.cpp:217]: Total time "generic_forestry_transportation_mixwoodpiles_03_mesh" in 2 ms
[00:46:54][pdx_3dtypes.cpp:217]: Total time "ironfrigate_broadside_03_mesh" in 2 ms
[00:46:54][pdx_3dtypes.cpp:217]: Total time "male_top_layer_greek_01_bs_old_mesh" in 2 ms
[00:46:54][pdx_3dtypes.cpp:217]: Total time "balkan_forestry_transportation_hardwoodpiles_02_mesh" in 2 ms
[00:46:54][pdx_3dtypes.cpp:217]: Total time "male_medals_generic_01_ip4_01_mesh" in 2 ms
[00:46:54][pdx_3dtypes.cpp:217]: Total time "male_medals_generic_01_ip4_06_mesh" in 2 ms
[00:46:54][pdx_3dtypes.cpp:217]: Total time "generic_forestry_transportation_softwoodpiles_01_mesh" in 2 ms
[00:46:54][pdx_3dtypes.cpp:217]: Total time "naval_order_patrol_mesh" in 2 ms
[00:46:54][pdx_3dtypes.cpp:217]: Total time "male_coat_late_military_greatcoat_01_bs_thin_mesh" in 2 ms
[00:46:54][pdx_3dtypes.cpp:217]: Total time "powerbloc_statue_basic_mesh" in 2 ms
[00:46:54][pdx_3dtypes.cpp:217]: Total time "destroyer_signalflags_01_mesh" in 2 ms
[00:46:54][pdx_3dtypes.cpp:217]: Total time "japan_trimsheet_testasset_mesh" in 2 ms
[00:46:54][pdx_3dtypes.cpp:217]: Total time "ironfrigate_broadside_01_mesh" in 2 ms
[00:46:54][pdx_3dtypes.cpp:217]: Total time "powerbloc_supportelement_scale_01_mesh" in 2 ms
[00:46:54][pdx_3dtypes.cpp:217]: Total time "shipoftheline_signalflags_01_mesh" in 2 ms
[00:46:54][pdx_3dtypes.cpp:217]: Total time "japan_forestry_loggingcamp_01_mesh" in 2 ms
[00:46:54][pdx_3dtypes.cpp:217]: Total time "twin_heavy_turret_02_mesh" in 2 ms
[00:46:54][pdx_3dtypes.cpp:217]: Total time "cliff_canyon_06_mesh" in 2 ms
[00:46:54][pdx_3dtypes.cpp:217]: Total time "male_legwear_greek_01_bs_gaunt_mesh" in 2 ms
[00:46:54][pdx_3dtypes.cpp:217]: Total time "male_legwear_greek_01_bs_fat_mesh" in 2 ms
[00:46:54][pdx_3dtypes.cpp:217]: Total time "generic_rural_mining_entrance_02_mesh" in 2 ms
[00:46:54][pdx_3dtypes.cpp:217]: Total time "male_headgear_indian_radhakanta_deb_mesh" in 2 ms
[00:46:54][pdx_3dtypes.cpp:217]: Total time "military_arms_chauchat_mesh" in 2 ms
[00:46:54][pdx_3dtypes.cpp:217]: Total time "military_arms_mauser98_mesh" in 2 ms
[00:46:54][pdx_3dtypes.cpp:217]: Total time "male_coat_greek_01_bs_fat_mesh" in 2 ms
[00:46:54][pdx_3dtypes.cpp:217]: Total time "gun_bigturret_single_02_mesh" in 2 ms
[00:46:54][pdx_3dtypes.cpp:217]: Total time "male_top_layer_greek_01_bs_fat_mesh" in 2 ms
[00:46:54][pdx_3dtypes.cpp:217]: Total time "glassworks_manufactory_01_mesh" in 2 ms
[00:46:54][pdx_3dtypes.cpp:217]: Total time "battlecruiser_armour_medium_mesh" in 2 ms
[00:46:54][pdx_3dtypes.cpp:217]: Total time "torpedoboat_armour_medium_mesh" in 2 ms
[00:46:54][pdx_3dtypes.cpp:217]: Total time "military_diorama_decal_1x1_mesh" in 2 ms
[00:46:54][pdx_3dtypes.cpp:217]: Total time "generic_forestry_loggingcamp_03_mesh" in 2 ms
[00:46:54][pdx_3dtypes.cpp:217]: Total time "japan_forestry_transportation_mixwoodpiles_01_mesh" in 2 ms
[00:46:54][pdx_3dtypes.cpp:217]: Total time "papermap_extension_top_ip3_mesh" in 2 ms
[00:46:54][pdx_3dtypes.cpp:217]: Total time "generic_forestry_loggingcamp_hardwoodpiles_02_mesh" in 2 ms
[00:46:54][pdx_3dtypes.cpp:217]: Total time "military_diorama_decal_4x4_mesh" in 2 ms
[00:46:54][pdx_3dtypes.cpp:217]: Total time "generic_rural_mining_pile_01_mesh" in 2 ms
[00:46:54][pdx_3dtypes.cpp:217]: Total time "military_arms_tommygun_mesh" in 2 ms
[00:46:54][pdx_3dtypes.cpp:217]: Total time "cliff_canyon_13_mesh" in 2 ms
[00:46:54][pdx_3dtypes.cpp:217]: Total time "oak_tree_02_mesh" in 2 ms
[00:46:54][pdx_3dtypes.cpp:217]: Total time "earlyironclad_gunbattery_medium_r_mesh" in 2 ms
[00:46:54][pdx_3dtypes.cpp:217]: Total time "balkan_forestry_centerpiece_hardwoodpiles_01_mesh" in 2 ms
[00:46:54][pdx_3dtypes.cpp:217]: Total time "generic_rural_mining_coaldepo_02_mesh" in 2 ms
[00:46:54][pdx_3dtypes.cpp:217]: Total time "male_mustache_victor_emmanuel_mesh" in 2 ms
[00:46:54][pdx_3dtypes.cpp:217]: Total time "female_necklace_indian_02_bs_old_mesh" in 2 ms
[00:46:54][pdx_3dtypes.cpp:217]: Total time "duck_01_frame_mesh" in 2 ms
[00:46:54][pdx_3dtypes.cpp:217]: Total time "balkan_forestry_loggingcamp_hardwoodpiles_02_mesh" in 2 ms
[00:46:54][pdx_3dtypes.cpp:217]: Total time "generic_forestry_loggingcabin_02_mesh" in 2 ms
[00:46:54][pdx_3dtypes.cpp:217]: Total time "twin_heavy_turret_01_mesh" in 2 ms
[00:46:54][pdx_3dtypes.cpp:217]: Total time "male_coat_late_military_greatcoat_01_bs_old_mesh" in 2 ms
[00:46:54][pdx_3dtypes.cpp:217]: Total time "powerbloc_statue_hero_bourgeois_01_mesh" in 2 ms
[00:46:54][pdx_3dtypes.cpp:217]: Total time "male_belt_austrian_01_bs_gaunt_mesh" in 2 ms
[00:46:54][pdx_3dtypes.cpp:217]: Total time "gun_deckmounted_twin_01_mesh" in 2 ms
[00:46:54][pdx_3dtypes.cpp:217]: Total time "generic_forestry_loggingcamp_softwoodpiles_03_mesh" in 2 ms
[00:46:54][pdx_3dtypes.cpp:217]: Total time "generic_forestry_centerpiece_mixwoodpiles_03_mesh" in 2 ms
[00:46:54][pdx_3dtypes.cpp:217]: Total time "military_arms_dreyseneedle_mesh" in 2 ms
[00:46:54][pdx_3dtypes.cpp:217]: Total time "male_mustache_mihailo_obrenovic_mesh" in 2 ms
[00:46:54][pdx_3dtypes.cpp:217]: Total time "male_outfit_arabic_royal_01_bs_fat_mesh" in 2 ms
[00:46:54][pdx_3dtypes.cpp:217]: Total time "gun_deckmounted_01_mesh" in 2 ms
[00:46:54][pdx_3dtypes.cpp:217]: Total time "balkan_forestry_loggingcamp_hardwoodpiles_01_mesh" in 2 ms
[00:46:54][pdx_3dtypes.cpp:217]: Total time "gun_torpedotube_single_02_mesh" in 2 ms
[00:46:54][pdx_3dtypes.cpp:217]: Total time "predreadnought_signalflags_01_mesh" in 2 ms
[00:46:54][pdx_3dtypes.cpp:217]: Total time "male_beard_indian_02_mesh" in 2 ms
[00:46:54][pdx_3dtypes.cpp:217]: Total time "military_arms_saber_mesh" in 2 ms
[00:46:54][pdx_3dtypes.cpp:217]: Total time "male_shirt_greek_01_bs_gaunt_mesh" in 2 ms
[00:46:54][pdx_3dtypes.cpp:217]: Total time "papermap_table_top_ip2_mesh" in 2 ms
[00:46:54][pdx_3dtypes.cpp:217]: Total time "japan_forestry_transportation_softwoodpiles_03_mesh" in 2 ms
[00:46:54][pdx_3dtypes.cpp:217]: Total time "destroyer_armour_medium_mesh" in 2 ms
[00:46:54][pdx_3dtypes.cpp:217]: Total time "tree_cypress_001_mesh" in 2 ms
[00:46:54][pdx_3dtypes.cpp:217]: Total time "female_necklace_indian_02_bs_bustsizemax_mesh" in 2 ms
[00:46:54][pdx_3dtypes.cpp:217]: Total time "balkan_forestry_loggingcamp_softwoodpiles_02_mesh" in 2 ms
[00:46:54][pdx_3dtypes.cpp:217]: Total time "funnel_tiny_03_mesh" in 2 ms
[00:46:54][pdx_3dtypes.cpp:217]: Total time "torpedoboatdestroyer_armour_medium_mesh" in 2 ms
[00:46:54][pdx_3dtypes.cpp:217]: Total time "male_mustache_european_06_mesh" in 2 ms
[00:46:54][pdx_3dtypes.cpp:217]: Total time "balkan_forestry_loggingcamp_mixwoodpiles_03_mesh" in 2 ms
[00:46:54][pdx_3dtypes.cpp:217]: Total time "male_coat_ceo_02_bs_gaunt_mesh" in 2 ms
[00:46:54][pdx_3dtypes.cpp:217]: Total time "male_outfit_greek_fustanella_01_bs_gaunt_mesh" in 2 ms
[00:46:54][pdx_3dtypes.cpp:217]: Total time "generic_rural_mining_processing_01_mesh" in 2 ms
[00:46:54][pdx_3dtypes.cpp:217]: Total time "male_sashes_tricolor_bs_fat_mesh" in 2 ms
[00:46:54][pdx_3dtypes.cpp:217]: Total time "male_coat_greek_01_bs_old_mesh" in 2 ms
[00:46:54][pdx_3dtypes.cpp:217]: Total time "monitor_gun_twin_mesh" in 2 ms
[00:46:54][pdx_3dtypes.cpp:217]: Total time "male_sash_european_civilian_03_bs_fat_mesh" in 2 ms
[00:46:54][pdx_3dtypes.cpp:217]: Total time "generic_forestry_equipment_02_mesh" in 2 ms
[00:46:54][pdx_3dtypes.cpp:217]: Total time "male_top_layer_greek_01_bs_gaunt_mesh" in 2 ms
[00:46:54][pdx_3dtypes.cpp:217]: Total time "papermap_table_top_votp_mesh" in 2 ms
[00:46:54][pdx_3dtypes.cpp:217]: Total time "gun_smallturret_twin_01_mesh" in 2 ms
[00:46:54][pdx_3dtypes.cpp:217]: Total time "male_coat_late_military_greatcoat_01_bs_gaunt_mesh" in 2 ms
[00:46:54][pdx_3dtypes.cpp:217]: Total time "male_headgear_military_helmet_japanese_type90_mesh" in 2 ms
[00:46:54][pdx_3dtypes.cpp:217]: Total time "female_sash_european_02_mesh" in 2 ms
[00:46:54][pdx_3dtypes.cpp:217]: Total time "test_cube_mesh" in 2 ms
[00:46:54][pdx_3dtypes.cpp:217]: Total time "gun_smallturret_mini_01_mesh" in 2 ms
[00:46:54][pdx_3dtypes.cpp:217]: Total time "mp1_coin_mesh" in 2 ms
[00:46:54][pdx_3dtypes.cpp:217]: Total time "train_locomotive_ouesttender_01_mesh" in 2 ms
[00:46:54][pdx_3dtypes.cpp:217]: Total time "funnel_small_03_mesh" in 2 ms
[00:46:54][pdx_3dtypes.cpp:217]: Total time "male_hair_european_08_pope_cap1_mesh" in 2 ms
[00:46:54][pdx_3dtypes.cpp:217]: Total time "earlyironclad_gunbattery_light_r_mesh" in 2 ms
[00:46:54][pdx_3dtypes.cpp:217]: Total time "powerbloc_supportelement_hands_01_mesh" in 2 ms
[00:46:54][pdx_3dtypes.cpp:217]: Total time "female_necklace_indian_02_bs_fat_mesh" in 2 ms
[00:46:54][pdx_3dtypes.cpp:217]: Total time "iceberg_02_mesh" in 2 ms
[00:46:54][pdx_3dtypes.cpp:217]: Total time "male_top_layer_south_american_gaucho_01_bs_gaunt_mesh" in 2 ms
[00:46:54][pdx_3dtypes.cpp:217]: Total time "coastaldefense_turret_mesh" in 2 ms
[00:46:54][pdx_3dtypes.cpp:217]: Total time "cliff_canyon_12_mesh" in 2 ms
[00:46:54][pdx_3dtypes.cpp:217]: Total time "cliff_canyon_11_mesh" in 2 ms
[00:46:54][pdx_3dtypes.cpp:217]: Total time "audio_mesh" in 2 ms
[00:46:54][pdx_3dtypes.cpp:217]: Total time "generic_forestry_equipment_01_mesh" in 2 ms
[00:46:54][pdx_3dtypes.cpp:217]: Total time "rockformation_sandstone_03_mesh" in 2 ms
[00:46:54][pdx_3dtypes.cpp:217]: Total time "generic_forestry_transportation_mixwoodpiles_01_mesh" in 2 ms
[00:46:54][pdx_3dtypes.cpp:217]: Total time "generic_rural_mining_entrance_01_mesh" in 2 ms
[00:46:54][pdx_3dtypes.cpp:217]: Total time "balkan_forestry_transportation_mixwoodpiles_01_mesh" in 2 ms
[00:46:54][pdx_3dtypes.cpp:217]: Total time "powerbloc_supportelement_royalcape_01_mesh" in 2 ms
[00:46:54][pdx_3dtypes.cpp:217]: Total time "male_sash_army_bedroll_01_mesh" in 2 ms
[00:46:54][pdx_3dtypes.cpp:217]: Total time "monitor_funnel_tripple_mesh" in 2 ms
[00:46:54][pdx_3dtypes.cpp:217]: Total time "cliff_canyon_04_mesh" in 2 ms
[00:46:54][pdx_3dtypes.cpp:217]: Total time "male_hair_sador_petofi_mesh" in 2 ms
[00:46:54][pdx_3dtypes.cpp:217]: Total time "balkan_forestry_transportation_mixwoodpiles_02_mesh" in 2 ms
[00:46:54][pdx_3dtypes.cpp:217]: Total time "male_belt_aggressive_expansion_01_bs_old_mesh" in 2 ms
[00:46:54][pdx_3dtypes.cpp:217]: Total time "superdreadnought_signalflags_01_mesh" in 2 ms
[00:46:54][pdx_3dtypes.cpp:217]: Total time "male_legwear_circumpolar_01_mesh" in 2 ms
[00:46:54][pdx_3dtypes.cpp:217]: Total time "tree_fir_005_mesh" in 2 ms
[00:46:54][pdx_3dtypes.cpp:217]: Total time "japan_forestry_equipment_02_mesh" in 2 ms
[00:46:54][pdx_3dtypes.cpp:217]: Total time "balkan_forestry_transportation_softwoodpiles_03_mesh" in 2 ms
[00:46:54][pdx_3dtypes.cpp:217]: Total time "generic_forestry_transportation_hardwoodpiles_03_mesh" in 2 ms
[00:46:54][pdx_3dtypes.cpp:217]: Total time "male_outfit_greek_fustanella_01_bs_fat_mesh" in 2 ms
[00:46:54][pdx_3dtypes.cpp:217]: Total time "powerbloc_supportelement_laurelwreath_01_mesh" in 2 ms
[00:46:54][pdx_3dtypes.cpp:217]: Total time "male_prop_pipe1_01_mesh" in 2 ms
[00:46:54][pdx_3dtypes.cpp:217]: Total time "generic_forestry_transportation_softwoodpiles_03_mesh" in 2 ms
[00:46:54][pdx_3dtypes.cpp:217]: Total time "tree_bush_03_mesh" in 2 ms
[00:46:54][pdx_3dtypes.cpp:217]: Total time "male_legwear_greek_01_bs_old_mesh" in 2 ms
[00:46:54][pdx_3dtypes.cpp:217]: Total time "prop_pen_mesh" in 2 ms
[00:46:54][pdx_3dtypes.cpp:217]: Total time "male_shirt_greek_01_bs_thick_mesh" in 2 ms
[00:46:54][pdx_3dtypes.cpp:217]: Total time "japan_forestry_loggingcamp_mixwoodpiles_01_mesh" in 2 ms
[00:46:54][pdx_3dtypes.cpp:217]: Total time "powerbloc_statue_hero_soldier_mesh" in 2 ms
[00:46:54][pdx_3dtypes.cpp:217]: Total time "male_hair_historical_pedro_02_mesh" in 2 ms
[00:46:54][pdx_3dtypes.cpp:217]: Total time "male_outfit_arabic_royal_01_bs_gaunt_mesh" in 2 ms
[00:46:54][pdx_3dtypes.cpp:217]: Total time "male_prop_pipe2_01_mesh" in 2 ms
[00:46:54][pdx_3dtypes.cpp:217]: Total time "gun_sidecannon_small_01_mesh" in 2 ms
[00:46:54][pdx_3dtypes.cpp:217]: Total time "cliff_canyon_07_mesh" in 2 ms
[00:46:54][pdx_3dtypes.cpp:217]: Total time "powerbloc_statue_hero_skull_mesh" in 2 ms
[00:46:54][pdx_3dtypes.cpp:217]: Total time "male_shirt_greek_01_bs_old_mesh" in 2 ms
[00:46:54][pdx_3dtypes.cpp:217]: Total time "male_belt_austrian_01_bs_old_mesh" in 2 ms
[00:46:54][pdx_3dtypes.cpp:217]: Total time "male_coat_european_military_02_soldier_mesh" in 2 ms
[00:46:54][pdx_3dtypes.cpp:217]: Total time "male_top_layers_indian_scarf_01_bs_gaunt_mesh" in 2 ms
[00:46:54][pdx_3dtypes.cpp:217]: Total time "generic_forestry_loggingcamp_hardwoodpiles_03_mesh" in 2 ms
[00:46:54][pdx_3dtypes.cpp:217]: Total time "tree_bush_02_mesh" in 2 ms
[00:46:54][pdx_3dtypes.cpp:217]: Total time "earlyironclad_gunbattery_light_l_mesh" in 2 ms
[00:46:54][pdx_3dtypes.cpp:217]: Total time "gun_deckcannon_big_01_mesh" in 2 ms
[00:46:54][pdx_3dtypes.cpp:217]: Total time "cliff_canyon_14_mesh" in 2 ms
[00:46:54][pdx_3dtypes.cpp:217]: Total time "male_beard_provo_wallis_mesh" in 2 ms
[00:46:54][pdx_3dtypes.cpp:217]: Total time "naval_order_interception_mesh" in 2 ms
[00:46:54][pdx_3dtypes.cpp:217]: Total time "japan_forestry_transportation_hardwoodpiles_03_mesh" in 2 ms
[00:46:54][pdx_3dtypes.cpp:217]: Total time "shipoftheline_gunbattery_light_r_mesh" in 2 ms
[00:46:54][pdx_3dtypes.cpp:217]: Total time "male_coat_late_military_greatcoat_01_bs_fat_mesh" in 2 ms
[00:46:54][pdx_3dtypes.cpp:217]: Total time "seaplanetender_crane_mesh" in 2 ms
[00:46:54][pdx_3dtypes.cpp:217]: Total time "male_belt_aggressive_expansion_01_bs_gaunt_mesh" in 2 ms
[00:46:54][pdx_3dtypes.cpp:217]: Total time "male_sashes_tricolor_bs_old_mesh" in 2 ms
[00:46:54][pdx_3dtypes.cpp:217]: Total time "military_props_artillery_mobile_01_mesh" in 2 ms
[00:46:54][pdx_3dtypes.cpp:217]: Total time "male_mustache_european_14_mesh" in 2 ms
[00:46:54][pdx_3dtypes.cpp:217]: Total time "male_sash_european_civilian_03_bs_thick_mesh" in 2 ms
[00:46:54][pdx_3dtypes.cpp:217]: Total time "male_mustache_european_10_mesh" in 2 ms
[00:46:54][pdx_3dtypes.cpp:217]: Total time "earlyironclad_gunbattery_medium_l_mesh" in 2 ms
[00:46:54][pdx_3dtypes.cpp:217]: Total time "gun_casemate_nocase_01_mesh" in 2 ms
[00:46:54][pdx_3dtypes.cpp:217]: Total time "male_medals_generic_01_ip4_04_mesh" in 2 ms
[00:46:54][pdx_3dtypes.cpp:217]: Total time "gun_casemate_case_01_mesh" in 2 ms
[00:46:54][pdx_3dtypes.cpp:217]: Total time "japan_forestry_centerpiece_softwoodpiles_02_mesh" in 2 ms
[00:46:54][pdx_3dtypes.cpp:217]: Total time "male_mustache_asian_02_mesh" in 2 ms
[00:46:54][pdx_3dtypes.cpp:217]: Total time "ironfrigate_signalflags_01_mesh" in 2 ms
[00:46:54][pdx_3dtypes.cpp:217]: Total time "male_headgear_arabic_abdul_hamid_ii_fez_mesh" in 2 ms
[00:46:54][pdx_3dtypes.cpp:217]: Total time "male_mustache_ramgopal_ghosh_mesh" in 2 ms
[00:46:54][pdx_3dtypes.cpp:217]: Total time "mesh_not_found_fallback_object" in 2 ms
[00:46:54][pdx_3dtypes.cpp:217]: Total time "male_top_layer_greek_01_bs_thin_mesh" in 2 ms
[00:46:54][pdx_3dtypes.cpp:217]: Total time "male_headgear_late_military_cap_japanese_soldier_late_straps_mesh" in 2 ms
[00:46:54][pdx_3dtypes.cpp:217]: Total time "balkan_forestry_transportation_softwoodpiles_01_mesh" in 2 ms
[00:46:54][pdx_3dtypes.cpp:217]: Total time "tree_baobab_03_mesh" in 2 ms
[00:46:54][pdx_3dtypes.cpp:217]: Total time "female_coat_european_military_01_bs_old_mesh" in 2 ms
[00:46:54][pdx_3dtypes.cpp:217]: Total time "balkan_forestry_centerpiece_mixwoodpiles_02_mesh" in 2 ms
[00:46:54][pdx_3dtypes.cpp:217]: Total time "gun_torpedotube_double_01_mesh" in 2 ms
[00:46:54][pdx_3dtypes.cpp:217]: Total time "male_headgear_south_american_gaucho_01_mesh" in 2 ms
[00:46:54][pdx_3dtypes.cpp:217]: Total time "male_sashes_tricolor_bs_thin_mesh" in 2 ms
[00:46:54][pdx_3dtypes.cpp:217]: Total time "revolution_barricade_small_petty_bourgeoisie_mesh" in 2 ms
[00:46:54][pdx_3dtypes.cpp:217]: Total time "male_mustache_david_lloyd_george_mesh" in 2 ms
[00:46:54][pdx_3dtypes.cpp:217]: Total time "train_cargo_iron_02_mesh" in 2 ms
[00:46:54][pdx_3dtypes.cpp:217]: Total time "tree_fir_001_mesh" in 2 ms
[00:46:54][pdx_3dtypes.cpp:217]: Total time "female_necklace_polynesian_02_low_mesh" in 2 ms
[00:46:54][pdx_3dtypes.cpp:217]: Total time "male_outfit_greek_fustanella_01_bs_old_mesh" in 1 ms
[00:46:54][pdx_3dtypes.cpp:217]: Total time "gun_bigturret_twin_02_mesh" in 1 ms
[00:46:54][pdx_3dtypes.cpp:217]: Total time "armouredcruiser_signalflags_01_mesh" in 1 ms
[00:46:54][pdx_3dtypes.cpp:217]: Total time "generic_forestry_transportation_hardwoodpiles_02_mesh" in 1 ms
[00:46:54][pdx_3dtypes.cpp:217]: Total time "military_arms_brownbess_bayonet_mesh" in 1 ms
[00:46:54][pdx_3dtypes.cpp:217]: Total time "torpedoboatdestroyer_signalflags_01_mesh" in 1 ms
[00:46:54][pdx_3dtypes.cpp:217]: Total time "monitor_gun_empty_mesh" in 1 ms
[00:46:54][pdx_3dtypes.cpp:217]: Total time "male_shirt_greek_01_bs_fat_mesh" in 1 ms
[00:46:54][pdx_3dtypes.cpp:217]: Total time "male_sash_european_02_bs_thin_mesh" in 1 ms
[00:46:54][pdx_3dtypes.cpp:217]: Total time "male_sash_european_civilian_03_bs_thin_mesh" in 1 ms
[00:46:54][pdx_3dtypes.cpp:217]: Total time "gun_torpedotube_single_01_mesh" in 1 ms
[00:46:54][pdx_3dtypes.cpp:217]: Total time "submarine_armour_medium_mesh" in 1 ms
[00:46:54][pdx_3dtypes.cpp:217]: Total time "vfx_ui_plane_war_panel_fire_plane_mesh" in 1 ms
[00:46:54][pdx_3dtypes.cpp:217]: Total time "male_outfit_arabic_royal_01_bs_thick_mesh" in 1 ms
[00:46:54][pdx_3dtypes.cpp:217]: Total time "gun_smallcasemate_case_01_mesh" in 1 ms
[00:46:54][pdx_3dtypes.cpp:217]: Total time "powerbloc_statue_attachment_sickle_mesh" in 1 ms
[00:46:54][pdx_3dtypes.cpp:217]: Total time "male_coat_historical_john_brown_01_bs_thin_mesh" in 1 ms
[00:46:54][pdx_3dtypes.cpp:217]: Total time "gun_deckgun_noarmour_01_mesh" in 1 ms
[00:46:54][pdx_3dtypes.cpp:217]: Total time "male_beard_john_brown_mesh" in 1 ms
[00:46:54][pdx_3dtypes.cpp:217]: Total time "revolution_barricade_small_rural_folk_mesh" in 1 ms
[00:46:54][pdx_3dtypes.cpp:217]: Total time "military_arms_mauser98_bayonet_mesh" in 1 ms
[00:46:54][pdx_3dtypes.cpp:217]: Total time "gun_deckcannon_small_01_mesh" in 1 ms
[00:46:54][pdx_3dtypes.cpp:217]: Total time "tree_fir_002_mesh" in 1 ms
[00:46:54][pdx_3dtypes.cpp:217]: Total time "gun_smallturret_single_02_mesh" in 1 ms
[00:46:54][pdx_3dtypes.cpp:217]: Total time "cube_test_mesh" in 1 ms
[00:46:54][pdx_3dtypes.cpp:217]: Total time "powerbloc_statue_attachment_backpack_mesh" in 1 ms
[00:46:54][pdx_3dtypes.cpp:217]: Total time "powerbloc_statue_attachment_gun_mesh" in 1 ms
[00:46:54][pdx_3dtypes.cpp:217]: Total time "balkan_forestry_loggingcamp_softwoodpiles_03_mesh" in 1 ms
[00:46:54][pdx_3dtypes.cpp:217]: Total time "male_sash_european_02_bs_gaunt_mesh" in 1 ms
[00:46:54][pdx_3dtypes.cpp:217]: Total time "modernironcald_armour_medium_mesh" in 1 ms
[00:46:54][pdx_3dtypes.cpp:217]: Total time "oak_tree_03_mesh" in 1 ms
[00:46:54][pdx_3dtypes.cpp:217]: Total time "shipoftheline_armour_medium_mesh" in 1 ms
[00:46:54][pdx_3dtypes.cpp:217]: Total time "japan_forestry_loggingcabin_02_mesh" in 1 ms
[00:46:54][pdx_3dtypes.cpp:217]: Total time "balkan_forestry_loggingcamp_hardwoodpiles_03_mesh" in 1 ms
[00:46:54][pdx_3dtypes.cpp:217]: Total time "powerbloc_statue_attachment_shovel_mesh" in 1 ms
[00:46:54][pdx_3dtypes.cpp:217]: Total time "gun_smallturret_twin_02_mesh" in 1 ms
[00:46:54][pdx_3dtypes.cpp:217]: Total time "gun_bigturret_twintower_01_mesh" in 1 ms
[00:46:54][pdx_3dtypes.cpp:217]: Total time "papermap_table_bottom_ip4_mesh" in 1 ms
[00:46:54][pdx_3dtypes.cpp:217]: Total time "male_sash_european_civilian_03_bs_old_mesh" in 1 ms
[00:46:54][pdx_3dtypes.cpp:217]: Total time "gun_bigturret_tripple_01_mesh" in 1 ms
[00:46:54][pdx_3dtypes.cpp:217]: Total time "military_arms_sword_mesh" in 1 ms
[00:46:54][pdx_3dtypes.cpp:217]: Total time "male_shirt_greek_01_bs_thin_mesh" in 1 ms
[00:46:54][pdx_3dtypes.cpp:217]: Total time "papermap_table_top_mesh" in 1 ms
[00:46:54][pdx_3dtypes.cpp:217]: Total time "gun_bigturret_single_01_mesh" in 1 ms
[00:46:54][pdx_3dtypes.cpp:217]: Total time "test_sphere_mesh" in 1 ms
[00:46:54][pdx_3dtypes.cpp:217]: Total time "papermap_table_bottom_ip3_mesh" in 1 ms
[00:46:54][pdx_3dtypes.cpp:217]: Total time "tree_baobab_01_mesh" in 1 ms
[00:46:54][pdx_3dtypes.cpp:217]: Total time "male_headgear_arabic_sattar_khan_mesh" in 1 ms
[00:46:54][pdx_3dtypes.cpp:217]: Total time "monitor_funnel_single_mesh" in 1 ms
[00:46:54][pdx_3dtypes.cpp:217]: Total time "male_prop_cigar_01_mesh" in 1 ms
[00:46:54][pdx_3dtypes.cpp:217]: Total time "trimsheet_testasset_mesh" in 1 ms
[00:46:54][pdx_3dtypes.cpp:217]: Total time "aircraftcarrier_armour_medium_mesh" in 1 ms
[00:46:54][pdx_3dtypes.cpp:217]: Total time "coastaldefenceship_armour_medium_mesh" in 1 ms
[00:46:54][pdx_3dtypes.cpp:217]: Total time "balkan_forestry_equipment_01_mesh" in 1 ms
[00:46:54][pdx_3dtypes.cpp:217]: Total time "female_glasses_mesh" in 1 ms
[00:46:54][pdx_3dtypes.cpp:217]: Total time "wind_trail_04_mesh" in 1 ms
[00:46:54][pdx_3dtypes.cpp:217]: Total time "male_outfit_arabic_royal_01_bs_infant_mesh" in 1 ms
[00:46:54][pdx_3dtypes.cpp:217]: Total time "papermap_table_bottom_ap1_mesh" in 0 ms
[00:46:54][pdx_3dtypes.cpp:217]: Total time "modernironclad_armour_medium_mesh" in 0 ms
[00:46:55][lexer.cpp:285]: File 'common/geographic_regions/01_geographic_regions_europe.txt' should be in utf8-bom encoding (will try to use it anyways)
[00:46:55][lexer.cpp:285]: File 'common/trigger_localization/99_toe_great_game.txt' should be in utf8-bom encoding (will try to use it anyways)
[00:46:56][lexer.cpp:285]: File 'gfx/portraits/portrait_modifiers/00_toe_empty.txt' should be in utf8-bom encoding (will try to use it anyways)
[00:46:56][lexer.cpp:285]: File 'common/modifier_type_definitions/99_toe_land_reform_compat.txt' should be in utf8-bom encoding (will try to use it anyways)
[00:46:56][gamedatabase.h:378]: Duplicated key state_pop_support_movement_land_reform_add will not be created from file: common/modifier_type_definitions/99_toe_land_reform_compat.txt:6
[00:46:56][gamedatabase.h:378]: Duplicated key state_pop_support_movement_land_reform_mult will not be created from file: common/modifier_type_definitions/99_toe_land_reform_compat.txt:15
[00:46:57][gfx_dds_loader.cpp:442]: Block compressed texture 'gfx/interface/icons/invention_icons/naval_oil_propulsion.dds' does not have a height and width that are a multiple of 4, which will cause edge pixels to be incorrect. Either re-export the texture, or, for very small textures, change the format to uncompressed.
[00:46:57][jomini_effect.cpp:542]: Unknown effect every_state_in_africa at common/scripted_effects/0000_debug_effects.txt:16
[00:46:57][jomini_effect.cpp:542]: Unknown effect every_state_in_italy_old at common/scripted_effects/00_unification_effects.txt:2
[00:46:57][jomini_effect.cpp:542]: Unknown effect every_state_in_lesser_germany at common/scripted_effects/00_unification_effects.txt:11
[00:46:58][jomini_mapobject_database.cpp:916]: could not find entity [env_rough_water]. gfx/map/map_object_data/env_effects.txt:79
[00:46:58][jomini_mapobject_database.cpp:894]: could not find pdxmesh object with key [bottom_extension_mesh]. gfx/map/map_object_data/papermap_items.txt:7
[00:46:58][jomini_mapobject_database.cpp:894]: could not find pdxmesh object with key [line_horizontal_mesh]. gfx/map/map_object_data/papermap_items.txt:28
[00:46:58][jomini_mapobject_database.cpp:894]: could not find pdxmesh object with key [line_equator_mesh]. gfx/map/map_object_data/papermap_items.txt:46
[00:46:58][jomini_mapobject_database.cpp:894]: could not find pdxmesh object with key [paper_map_cigarbox_01_mesh]. gfx/map/map_object_data/papermap_items.txt:56
[00:46:58][jomini_mapobject_database.cpp:894]: could not find pdxmesh object with key [paper_map_inkspots_01_mesh]. gfx/map/map_object_data/papermap_items.txt:66
[00:46:58][jomini_mapobject_database.cpp:894]: could not find pdxmesh object with key [paper_map_inkspots_01_mesh]. gfx/map/map_object_data/papermap_items.txt:76
[00:46:58][jomini_mapobject_database.cpp:894]: could not find pdxmesh object with key [paper_map_object_compass_mesh]. gfx/map/map_object_data/papermap_items.txt:86
[00:46:58][jomini_mapobject_database.cpp:894]: could not find pdxmesh object with key [paper_map_object_divider_mesh]. gfx/map/map_object_data/papermap_items.txt:96
[00:46:58][jomini_mapobject_database.cpp:894]: could not find pdxmesh object with key [paper_map_object_fountain_pen_mesh]. gfx/map/map_object_data/papermap_items.txt:106
[00:46:58][jomini_mapobject_database.cpp:894]: could not find pdxmesh object with key [paper_map_sealed_stamp_letter_01_mesh]. gfx/map/map_object_data/papermap_items.txt:116
[00:46:58][jomini_mapobject_database.cpp:894]: could not find pdxmesh object with key [paper_map_table_bottom_mesh]. gfx/map/map_object_data/papermap_items.txt:126
[00:46:58][jomini_mapobject_database.cpp:894]: could not find pdxmesh object with key [paper_map_table_top_mesh]. gfx/map/map_object_data/papermap_items.txt:136
[00:46:58][jomini_mapobject_database.cpp:894]: could not find pdxmesh object with key [top_extension_mesh]. gfx/map/map_object_data/papermap_items.txt:159
[00:46:58][jomini_mapobject_database.cpp:894]: could not find pdxmesh object with key [line_vertical_mesh]. gfx/map/map_object_data/papermap_items.txt:168
[00:46:58][jomini_mapobject_database.cpp:894]: could not find pdxmesh object with key [african_forestry_camp_01_mesh]. gfx/map/map_object_data/generated/african_dynamic_forestry_objects_generator_1.txt:7
[00:46:58][jomini_mapobject_database.cpp:894]: could not find pdxmesh object with key [african_forestry_camp_02_mesh]. gfx/map/map_object_data/generated/african_dynamic_forestry_objects_generator_1.txt:16
[00:46:58][jomini_mapobject_database.cpp:894]: could not find pdxmesh object with key [african_province_farm_01_mesh]. gfx/map/map_object_data/generated/african_dynamic_farmland_objects_generator_1.txt:7
[00:46:58][jomini_mapobject_database.cpp:894]: could not find pdxmesh object with key [african_province_farm_01_mesh]. gfx/map/map_object_data/generated/african_dynamic_farmland_objects_generator_1.txt:16
[00:46:58][jomini_mapobject_database.cpp:894]: could not find pdxmesh object with key [african_province_subfarm_01_mesh]. gfx/map/map_object_data/generated/african_dynamic_farmland_objects_generator_1.txt:25
[00:46:58][jomini_mapobject_database.cpp:894]: could not find pdxmesh object with key [african_province_subfarm_02_mesh]. gfx/map/map_object_data/generated/african_dynamic_farmland_objects_generator_1.txt:34
[00:46:58][jomini_mapobject_database.cpp:894]: could not find pdxmesh object with key [arabic_forestry_camp_01_mesh]. gfx/map/map_object_data/generated/arabic_dynamic_forestry_objects_generator_1.txt:7
[00:46:58][jomini_mapobject_database.cpp:894]: could not find pdxmesh object with key [arabic_forestry_camp_02_mesh]. gfx/map/map_object_data/generated/arabic_dynamic_forestry_objects_generator_1.txt:16
[00:46:58][jomini_mapobject_database.cpp:894]: could not find pdxmesh object with key [arabic_province_farm_01_mesh]. gfx/map/map_object_data/generated/arabic_dynamic_farmland_objects_generator_1.txt:7
[00:46:58][jomini_mapobject_database.cpp:894]: could not find pdxmesh object with key [arabic_province_subfarm_01_mesh]. gfx/map/map_object_data/generated/arabic_dynamic_farmland_objects_generator_1.txt:16
[00:46:58][jomini_mapobject_database.cpp:894]: could not find pdxmesh object with key [arabic_province_subfarm_02_mesh]. gfx/map/map_object_data/generated/arabic_dynamic_farmland_objects_generator_1.txt:25
[00:46:58][jomini_mapobject_database.cpp:894]: could not find pdxmesh object with key [asian_province_farm_01_mesh]. gfx/map/map_object_data/generated/asian_dynamic_farmland_objects_generator_1.txt:7
[00:46:58][jomini_mapobject_database.cpp:894]: could not find pdxmesh object with key [asian_province_farm_02_mesh]. gfx/map/map_object_data/generated/asian_dynamic_farmland_objects_generator_1.txt:16
[00:46:58][jomini_mapobject_database.cpp:388]: Could not add object with key [edgeofworld_papermap]. Key is already used. gfx/map/map_object_data/papermap_edge.txt:11
[00:46:58][jomini_mapobject_database.cpp:388]: Could not add object with key [papermap_endofworld]. Key is already used. gfx/map/map_object_data/papermap_edge.txt:24
[00:46:58][jomini_mapobject_database.cpp:894]: could not find pdxmesh object with key [latin_forestry_camp_01_mesh]. gfx/map/map_object_data/generated/latin_dynamic_forestry_objects_generator_1.txt:7
[00:46:58][jomini_mapobject_database.cpp:894]: could not find pdxmesh object with key [latin_forestry_camp_02_mesh]. gfx/map/map_object_data/generated/latin_dynamic_forestry_objects_generator_1.txt:16
[00:46:58][jomini_mapobject_database.cpp:894]: could not find pdxmesh object with key [latin_province_farm_01_mesh]. gfx/map/map_object_data/generated/latin_dynamic_farmland_objects_generator_1.txt:7
[00:46:58][jomini_mapobject_database.cpp:894]: could not find pdxmesh object with key [latin_province_subfarm_01_mesh]. gfx/map/map_object_data/generated/latin_dynamic_farmland_objects_generator_1.txt:16
[00:46:58][jomini_mapobject_database.cpp:894]: could not find pdxmesh object with key [latin_province_subfarm_02_mesh]. gfx/map/map_object_data/generated/latin_dynamic_farmland_objects_generator_1.txt:25
[00:46:58][jomini_mapobject_database.cpp:894]: could not find pdxmesh object with key [european_province_subfarm_01_mesh]. gfx/map/map_object_data/generated/european_dynamic_farmland_objects_generator_1.txt:369
[00:46:58][jomini_mapobject_database.cpp:894]: could not find pdxmesh object with key [european_province_subfarm_02_mesh]. gfx/map/map_object_data/generated/european_dynamic_farmland_objects_generator_1.txt:549
[00:46:58][jomini_mapobject_database.cpp:1297]: map object "revolution_mapobject_generator_petty_bourgeoisie_2" has an invalid layer "revolution_dynamic_petty_bourgeoisie". gfx/map/map_object_data/generated/revolution_mapobject_generator_petty_bourgeoisie.txt
[00:46:58][jomini_mapobject_database.cpp:1297]: map object "revolution_mapobject_generator_intelligentsia_2" has an invalid layer "revolution_dynamic_intelligentsia". gfx/map/map_object_data/generated/revolution_mapobject_generator_intelligentsia.txt
[00:46:58][jomini_mapobject_database.cpp:1297]: map object "revolution_mapobject_generator_rural_folk_0" has an invalid layer "revolution_dynamic_rural_folk". gfx/map/map_object_data/generated/revolution_mapobject_generator_rural_folk.txt
[00:46:58][jomini_mapobject_database.cpp:1297]: map object "revolution_mapobject_generator_landowners_1" has an invalid layer "revolution_dynamic_landowners". gfx/map/map_object_data/generated/revolution_mapobject_generator_landowners.txt
[00:46:58][jomini_mapobject_database.cpp:1297]: map object "revolution_mapobject_generator_trade_unions_1" has an invalid layer "revolution_dynamic_trade_unions". gfx/map/map_object_data/generated/revolution_mapobject_generator_trade_unions.txt
[00:46:58][jomini_mapobject_database.cpp:1297]: map object "revolution_mapobject_generator_intelligentsia_1" has an invalid layer "revolution_dynamic_intelligentsia". gfx/map/map_object_data/generated/revolution_mapobject_generator_intelligentsia.txt
[00:46:58][jomini_mapobject_database.cpp:1297]: map object "revolution_mapobject_generator_landowners_2" has an invalid layer "revolution_dynamic_landowners". gfx/map/map_object_data/generated/revolution_mapobject_generator_landowners.txt
[00:46:58][jomini_mapobject_database.cpp:1297]: map object "revolution_mapobject_generator_armed_forces_1" has an invalid layer "revolution_dynamic_armed_forces". gfx/map/map_object_data/generated/revolution_mapobject_generator_armed_forces.txt
[00:46:58][jomini_mapobject_database.cpp:1297]: map object "revolution_mapobject_generator_armed_forces_0" has an invalid layer "revolution_dynamic_armed_forces". gfx/map/map_object_data/generated/revolution_mapobject_generator_armed_forces.txt
[00:46:58][jomini_mapobject_database.cpp:1297]: map object "revolution_mapobject_generator_rural_folk_2" has an invalid layer "revolution_dynamic_rural_folk". gfx/map/map_object_data/generated/revolution_mapobject_generator_rural_folk.txt
[00:46:58][jomini_mapobject_database.cpp:1297]: map object "revolution_mapobject_generator_petty_bourgeoisie_0" has an invalid layer "revolution_dynamic_petty_bourgeoisie". gfx/map/map_object_data/generated/revolution_mapobject_generator_petty_bourgeoisie.txt
[00:46:58][jomini_mapobject_database.cpp:1297]: map object "revolution_mapobject_generator_landowners_0" has an invalid layer "revolution_dynamic_landowners". gfx/map/map_object_data/generated/revolution_mapobject_generator_landowners.txt
[00:46:58][jomini_mapobject_database.cpp:1297]: map object "revolution_mapobject_generator_industrialists_1" has an invalid layer "revolution_dynamic_industrialists". gfx/map/map_object_data/generated/revolution_mapobject_generator_industrialists.txt
[00:46:58][jomini_mapobject_database.cpp:1297]: map object "revolution_mapobject_generator_intelligentsia_0" has an invalid layer "revolution_dynamic_intelligentsia". gfx/map/map_object_data/generated/revolution_mapobject_generator_intelligentsia.txt
[00:46:58][jomini_mapobject_database.cpp:1297]: map object "revolution_mapobject_generator_devout_2" has an invalid layer "revolution_dynamic_devout". gfx/map/map_object_data/generated/revolution_mapobject_generator_devout.txt
[00:46:58][jomini_mapobject_database.cpp:1297]: map object "revolution_mapobject_generator_devout_1" has an invalid layer "revolution_dynamic_devout". gfx/map/map_object_data/generated/revolution_mapobject_generator_devout.txt
[00:46:58][jomini_mapobject_database.cpp:1297]: map object "revolution_mapobject_generator_trade_unions_0" has an invalid layer "revolution_dynamic_trade_unions". gfx/map/map_object_data/generated/revolution_mapobject_generator_trade_unions.txt
[00:46:58][jomini_mapobject_database.cpp:1297]: map object "revolution_mapobject_generator_trade_unions_2" has an invalid layer "revolution_dynamic_trade_unions". gfx/map/map_object_data/generated/revolution_mapobject_generator_trade_unions.txt
[00:46:58][jomini_mapobject_database.cpp:1297]: map object "revolution_mapobject_generator_petty_bourgeoisie_1" has an invalid layer "revolution_dynamic_petty_bourgeoisie". gfx/map/map_object_data/generated/revolution_mapobject_generator_petty_bourgeoisie.txt
[00:46:58][jomini_mapobject_database.cpp:1297]: map object "revolution_mapobject_generator_armed_forces_2" has an invalid layer "revolution_dynamic_armed_forces". gfx/map/map_object_data/generated/revolution_mapobject_generator_armed_forces.txt
[00:46:58][jomini_mapobject_database.cpp:1297]: map object "revolution_mapobject_generator_industrialists_2" has an invalid layer "revolution_dynamic_industrialists". gfx/map/map_object_data/generated/revolution_mapobject_generator_industrialists.txt
[00:46:58][jomini_mapobject_database.cpp:1297]: map object "revolution_mapobject_generator_rural_folk_1" has an invalid layer "revolution_dynamic_rural_folk". gfx/map/map_object_data/generated/revolution_mapobject_generator_rural_folk.txt
[00:46:58][jomini_mapobject_database.cpp:1297]: map object "revolution_mapobject_generator_devout_0" has an invalid layer "revolution_dynamic_devout". gfx/map/map_object_data/generated/revolution_mapobject_generator_devout.txt
[00:46:58][jomini_mapobject_database.cpp:1297]: map object "revolution_mapobject_generator_industrialists_0" has an invalid layer "revolution_dynamic_industrialists". gfx/map/map_object_data/generated/revolution_mapobject_generator_industrialists.txt
[00:46:58][lexer.cpp:285]: File 'common/country_definitions/99_toe_latest_log_country_compat.txt' should be in utf8-bom encoding (will try to use it anyways)
[00:46:58][lexer.cpp:285]: File 'events/toe_ria_civil_war_events.txt' should be in utf8-bom encoding (will try to use it anyways)
[00:46:58][jomini_effect.cpp:542]: Unknown effect random_state_in_europe at events/balkans_events/hungry_forties.txt:22
[00:46:58][jomini_effect.cpp:542]: Unknown effect every_country_in_german_confederation at common/on_actions/00_code_on_actions.txt:203
[00:46:58][pdx_persistent_reader.cpp:268]: Error: "Unknown trigger type: any_state_in_europe, near line: 232" in file: "common/on_actions/00_code_on_actions.txt" near line: 238
[00:46:58][pdx_persistent_reader.cpp:268]: Error: "Unknown trigger type: any_state_in_africa, near line: 352" in file: "common/on_actions/00_code_on_actions.txt" near line: 361
[00:46:58][jomini_eventmanager.cpp:118]: 'communism.8' does not have a valid namespace
[00:46:58][jomini_onaction.cpp:290]: Invalid event id communism.8 At: common/on_actions/00_code_on_actions.txt:477
[00:46:58][jomini_eventmanager.cpp:118]: 'opium_wars.1' does not have a valid namespace
[00:46:58][jomini_onaction.cpp:290]: Invalid event id opium_wars.1 At: common/on_actions/00_code_on_actions.txt:478
[00:46:58][jomini_eventmanager.cpp:118]: 'native_resettlement.1' does not have a valid namespace
[00:46:58][jomini_onaction.cpp:290]: Invalid event id native_resettlement.1 At: common/on_actions/00_code_on_actions.txt:479
[00:46:58][jomini_eventmanager.cpp:118]: 'bic_breakup.1' does not have a valid namespace
[00:46:58][jomini_onaction.cpp:290]: Invalid event id bic_breakup.1 At: common/on_actions/00_code_on_actions.txt:480
[00:46:58][jomini_eventmanager.cpp:118]: 'dreyfus.1' does not have a valid namespace
[00:46:58][jomini_onaction.cpp:290]: Invalid event id dreyfus.1 At: common/on_actions/00_code_on_actions.txt:481
[00:46:58][jomini_eventmanager.cpp:118]: 'dei_breakup.1' does not have a valid namespace
[00:46:58][jomini_onaction.cpp:290]: Invalid event id dei_breakup.1 At: common/on_actions/00_code_on_actions.txt:482
[00:46:58][jomini_eventmanager.cpp:118]: 'alk_breakup.1' does not have a valid namespace
[00:46:58][jomini_onaction.cpp:290]: Invalid event id alk_breakup.1 At: common/on_actions/00_code_on_actions.txt:483
[00:46:58][jomini_eventmanager.cpp:118]: 'poland_events.3' does not have a valid namespace
[00:46:58][jomini_onaction.cpp:290]: Invalid event id poland_events.3 At: common/on_actions/00_code_on_actions.txt:484
[00:46:58][jomini_eventmanager.cpp:118]: 'colonial_administration_events.2' does not have a valid namespace
[00:46:58][jomini_onaction.cpp:290]: Invalid event id colonial_administration_events.2 At: common/on_actions/00_code_on_actions.txt:485
[00:46:58][jomini_eventmanager.cpp:118]: 'caudillo.1' does not have a valid namespace
[00:46:58][jomini_onaction.cpp:290]: Invalid event id caudillo.1 At: common/on_actions/00_code_on_actions.txt:486
[00:46:58][jomini_eventmanager.cpp:118]: 'sa_migration.5' does not have a valid namespace
[00:46:58][jomini_onaction.cpp:290]: Invalid event id sa_migration.5 At: common/on_actions/00_code_on_actions.txt:487
[00:46:58][jomini_eventmanager.cpp:118]: 'amazonas.1' does not have a valid namespace
[00:46:58][jomini_onaction.cpp:290]: Invalid event id amazonas.1 At: common/on_actions/00_code_on_actions.txt:488
[00:46:58][jomini_eventmanager.cpp:118]: 'paraguay.11' does not have a valid namespace
[00:46:58][jomini_onaction.cpp:290]: Invalid event id paraguay.11 At: common/on_actions/00_code_on_actions.txt:489
[00:46:58][jomini_eventmanager.cpp:118]: 'acw_events.9' does not have a valid namespace
[00:46:58][jomini_onaction.cpp:290]: Invalid event id acw_events.9 At: common/on_actions/00_code_on_actions.txt:490
[00:46:58][jomini_eventmanager.cpp:118]: 'persia_events.5' does not have a valid namespace
[00:46:58][jomini_onaction.cpp:290]: Invalid event id persia_events.5 At: common/on_actions/00_code_on_actions.txt:491
[00:46:58][jomini_eventmanager.cpp:118]: 'treaty_of_london_events.1' does not have a valid namespace
[00:46:58][jomini_onaction.cpp:290]: Invalid event id treaty_of_london_events.1 At: common/on_actions/00_code_on_actions.txt:492
[00:46:58][jomini_eventmanager.cpp:118]: 'dominican_events.4' does not have a valid namespace
[00:46:58][jomini_onaction.cpp:290]: Invalid event id dominican_events.4 At: common/on_actions/00_code_on_actions.txt:493
[00:46:58][jomini_eventmanager.cpp:118]: 'anarchism_events.4' does not have a valid namespace
[00:46:58][jomini_onaction.cpp:290]: Invalid event id anarchism_events.4 At: common/on_actions/00_code_on_actions.txt:494
[00:46:58][jomini_eventmanager.cpp:118]: 'caucasuswar.5' does not have a valid namespace
[00:46:58][jomini_onaction.cpp:290]: Invalid event id caucasuswar.5 At: common/on_actions/00_code_on_actions.txt:505
[00:46:58][jomini_eventmanager.cpp:118]: 'india_events.8' does not have a valid namespace
[00:46:58][jomini_onaction.cpp:290]: Invalid event id india_events.8 At: common/on_actions/00_code_on_actions.txt:508
[00:46:58][jomini_eventmanager.cpp:118]: 'princely_state_creation.1' does not have a valid namespace
[00:46:58][jomini_onaction.cpp:290]: Invalid event id princely_state_creation.1 At: common/on_actions/00_code_on_actions.txt:511
[00:46:58][jomini_eventmanager.cpp:118]: 'princely_state_creation.2' does not have a valid namespace
[00:46:58][jomini_onaction.cpp:290]: Invalid event id princely_state_creation.2 At: common/on_actions/00_code_on_actions.txt:512
[00:46:58][jomini_eventmanager.cpp:118]: 'princely_state_creation.3' does not have a valid namespace
[00:46:58][jomini_onaction.cpp:290]: Invalid event id princely_state_creation.3 At: common/on_actions/00_code_on_actions.txt:513
[00:46:58][jomini_eventmanager.cpp:118]: 'princely_state_creation.4' does not have a valid namespace
[00:46:58][jomini_onaction.cpp:290]: Invalid event id princely_state_creation.4 At: common/on_actions/00_code_on_actions.txt:514
[00:46:58][jomini_eventmanager.cpp:118]: 'princely_state_creation.5' does not have a valid namespace
[00:46:58][jomini_onaction.cpp:290]: Invalid event id princely_state_creation.5 At: common/on_actions/00_code_on_actions.txt:515
[00:46:58][jomini_eventmanager.cpp:118]: 'set_hierarchy_event.1' does not have a valid namespace
[00:46:58][jomini_onaction.cpp:290]: Invalid event id set_hierarchy_event.1 At: common/on_actions/00_code_on_actions.txt:518
[00:46:58][jomini_eventmanager.cpp:118]: 'set_hierarchy_event.2' does not have a valid namespace
[00:46:58][jomini_onaction.cpp:290]: Invalid event id set_hierarchy_event.2 At: common/on_actions/00_code_on_actions.txt:519
[00:46:58][jomini_eventmanager.cpp:118]: 'hungary_events.11' does not have a valid namespace
[00:46:58][jomini_onaction.cpp:290]: Invalid event id hungary_events.11 At: common/on_actions/00_code_on_actions.txt:522
[00:46:58][jomini_eventmanager.cpp:118]: 'hungary_events.13' does not have a valid namespace
[00:46:58][jomini_onaction.cpp:290]: Invalid event id hungary_events.13 At: common/on_actions/00_code_on_actions.txt:523
[00:46:58][jomini_eventmanager.cpp:118]: 'eastern_question_austria.1' does not have a valid namespace
[00:46:58][jomini_onaction.cpp:290]: Invalid event id eastern_question_austria.1 At: common/on_actions/00_code_on_actions.txt:526
[00:46:58][jomini_eventmanager.cpp:118]: 'regency.3' does not have a valid namespace
[00:46:58][jomini_onaction.cpp:290]: Invalid event id regency.3 At: common/on_actions/00_code_on_actions.txt:529
[00:46:58][jomini_eventmanager.cpp:118]: 'pedro.3' does not have a valid namespace
[00:46:58][jomini_onaction.cpp:290]: Invalid event id pedro.3 At: common/on_actions/00_code_on_actions.txt:532
[00:46:58][jomini_eventmanager.cpp:118]: 'philippines.7' does not have a valid namespace
[00:46:58][jomini_onaction.cpp:290]: Invalid event id philippines.7 At: common/on_actions/00_code_on_actions.txt:535
[00:46:58][jomini_eventmanager.cpp:118]: 'spanish_new_world_events.1' does not have a valid namespace
[00:46:58][jomini_onaction.cpp:290]: Invalid event id spanish_new_world_events.1 At: common/on_actions/00_code_on_actions.txt:538
[00:46:58][jomini_eventmanager.cpp:118]: 'portuguese_monarchs.1' does not have a valid namespace
[00:46:58][jomini_onaction.cpp:290]: Invalid event id portuguese_monarchs.1 At: common/on_actions/00_code_on_actions.txt:541
[00:46:58][jomini_eventmanager.cpp:118]: 'portuguese_monarchs.2' does not have a valid namespace
[00:46:58][jomini_onaction.cpp:290]: Invalid event id portuguese_monarchs.2 At: common/on_actions/00_code_on_actions.txt:542
[00:46:58][jomini_eventmanager.cpp:118]: 'peru_bolivia_events.8' does not have a valid namespace
[00:46:58][jomini_onaction.cpp:290]: Invalid event id peru_bolivia_events.8 At: common/on_actions/00_code_on_actions.txt:545
[00:46:58][jomini_eventmanager.cpp:118]: 'peru_bolivia_events.9' does not have a valid namespace
[00:46:58][jomini_onaction.cpp:290]: Invalid event id peru_bolivia_events.9 At: common/on_actions/00_code_on_actions.txt:546
[00:46:58][jomini_eventmanager.cpp:118]: 'spanish_africa.5' does not have a valid namespace
[00:46:58][jomini_onaction.cpp:290]: Invalid event id spanish_africa.5 At: common/on_actions/00_code_on_actions.txt:550
[00:46:58][jomini_eventmanager.cpp:118]: 'iberia.1' does not have a valid namespace
[00:46:58][jomini_onaction.cpp:290]: Invalid event id iberia.1 At: common/on_actions/00_code_on_actions.txt:553
[00:46:58][jomini_eventmanager.cpp:118]: 'sweden_monarchy.2' does not have a valid namespace
[00:46:58][jomini_onaction.cpp:290]: Invalid event id sweden_monarchy.2 At: common/on_actions/00_code_on_actions.txt:556
[00:46:58][jomini_eventmanager.cpp:118]: 'sweden_monarchy.3' does not have a valid namespace
[00:46:58][jomini_onaction.cpp:290]: Invalid event id sweden_monarchy.3 At: common/on_actions/00_code_on_actions.txt:557
[00:46:58][jomini_eventmanager.cpp:118]: 'japan_monarchy.5' does not have a valid namespace
[00:46:58][jomini_onaction.cpp:290]: Invalid event id japan_monarchy.5 At: common/on_actions/00_code_on_actions.txt:560
[00:46:58][jomini_eventmanager.cpp:118]: 'ezo_republic.2' does not have a valid namespace
[00:46:58][jomini_onaction.cpp:290]: Invalid event id ezo_republic.2 At: common/on_actions/00_code_on_actions.txt:563
[00:46:58][jomini_effect.cpp:542]: Unknown effect every_country_in_europe at common/on_actions/00_code_on_actions.txt:857
[00:46:58][jomini_effect.cpp:542]: Unknown effect every_country_in_europe at common/on_actions/00_code_on_actions.txt:872
[00:46:58][jomini_eventmanager.cpp:118]: 'utopian.2' does not have a valid namespace
[00:46:58][jomini_onaction.cpp:290]: Invalid event id utopian.2 At: common/on_actions/00_code_on_actions.txt:1577
[00:46:58][jomini_eventmanager.cpp:118]: 'austria_events.40' does not have a valid namespace
[00:46:58][jomini_onaction.cpp:290]: Invalid event id austria_events.40 At: common/on_actions/00_code_on_actions.txt:1578
[00:46:58][jomini_eventmanager.cpp:118]: 'portuguese_monarchs.4' does not have a valid namespace
[00:46:58][jomini_onaction.cpp:290]: Invalid event id portuguese_monarchs.4 At: common/on_actions/00_code_on_actions.txt:1579
[00:46:58][jomini_eventmanager.cpp:118]: 'spanish_africa.2' does not have a valid namespace
[00:46:58][jomini_onaction.cpp:290]: Invalid event id spanish_africa.2 At: common/on_actions/00_code_on_actions.txt:1580
[00:46:58][jomini_eventmanager.cpp:118]: 'spanish_africa.3' does not have a valid namespace
[00:46:58][jomini_onaction.cpp:290]: Invalid event id spanish_africa.3 At: common/on_actions/00_code_on_actions.txt:1581
[00:46:58][jomini_eventmanager.cpp:118]: 'spanish_africa.4' does not have a valid namespace
[00:46:58][jomini_onaction.cpp:290]: Invalid event id spanish_africa.4 At: common/on_actions/00_code_on_actions.txt:1582
[00:46:58][jomini_eventmanager.cpp:118]: 'spain_politics.2' does not have a valid namespace
[00:46:58][jomini_onaction.cpp:290]: Invalid event id spain_politics.2 At: common/on_actions/00_code_on_actions.txt:1583
[00:46:58][jomini_eventmanager.cpp:118]: 'japan_politics.1' does not have a valid namespace
[00:46:58][jomini_onaction.cpp:290]: Invalid event id japan_politics.1 At: common/on_actions/00_code_on_actions.txt:1584
[00:46:58][jomini_eventmanager.cpp:118]: 'japan_politics.2' does not have a valid namespace
[00:46:58][jomini_onaction.cpp:290]: Invalid event id japan_politics.2 At: common/on_actions/00_code_on_actions.txt:1585
[00:46:58][jomini_eventmanager.cpp:118]: 'japan_politics.3' does not have a valid namespace
[00:46:58][jomini_onaction.cpp:290]: Invalid event id japan_politics.3 At: common/on_actions/00_code_on_actions.txt:1586
[00:46:58][jomini_eventmanager.cpp:118]: 'generals.1' does not have a valid namespace
[00:46:58][jomini_onaction.cpp:290]: Invalid event id generals.1 At: common/on_actions/00_code_on_actions.txt:1911
[00:46:58][jomini_eventmanager.cpp:118]: 'plague.1' does not have a valid namespace
[00:46:58][jomini_onaction.cpp:180]: OnAction on_decade_pulse_country is trying to add unknown random event with ID [plague.1] at: common/on_actions/00_code_on_actions.txt:1919
[00:46:58][jomini_eventmanager.cpp:118]: 'paralegal_discrimination.1' does not have a valid namespace
[00:46:58][jomini_onaction.cpp:180]: OnAction on_half_yearly_pulse_state is trying to add unknown random event with ID [paralegal_discrimination.1] at: common/on_actions/00_code_on_actions.txt:2065
[00:46:58][jomini_eventmanager.cpp:118]: 'oil_rush.3' does not have a valid namespace
[00:46:58][jomini_onaction.cpp:180]: OnAction on_yearly_pulse_state is trying to add unknown random event with ID [oil_rush.3] at: common/on_actions/00_code_on_actions.txt:2072
[00:46:58][jomini_eventmanager.cpp:118]: 'oil_rush.4' does not have a valid namespace
[00:46:58][jomini_onaction.cpp:180]: OnAction on_yearly_pulse_state is trying to add unknown random event with ID [oil_rush.4] at: common/on_actions/00_code_on_actions.txt:2073
[00:46:58][jomini_eventmanager.cpp:118]: 'goldrush.5' does not have a valid namespace
[00:46:58][jomini_onaction.cpp:180]: OnAction on_yearly_pulse_state is trying to add unknown random event with ID [goldrush.5] at: common/on_actions/00_code_on_actions.txt:2074
[00:46:58][jomini_eventmanager.cpp:118]: 'texan_war_of_independence.3' does not have a valid namespace
[00:46:58][jomini_onaction.cpp:290]: Invalid event id texan_war_of_independence.3 At: common/on_actions/00_code_on_actions.txt:2110
[00:46:58][jomini_eventmanager.cpp:118]: 'culture_brazil.1' does not have a valid namespace
[00:46:58][jomini_onaction.cpp:180]: OnAction on_battle_won is trying to add unknown random event with ID [culture_brazil.1] at: common/on_actions/00_code_on_actions.txt:2117
[00:46:58][jomini_eventmanager.cpp:118]: 'culture_brazil.1' does not have a valid namespace
[00:46:58][jomini_onaction.cpp:180]: OnAction on_naval_battle_won is trying to add unknown random event with ID [culture_brazil.1] at: common/on_actions/00_code_on_actions.txt:2164
[00:46:58][jomini_eventmanager.cpp:118]: 'historical_events.1' does not have a valid namespace
[00:46:58][jomini_onaction.cpp:290]: Invalid event id historical_events.1 At: common/on_actions/00_code_on_actions.txt:2467
[00:46:58][jomini_eventmanager.cpp:118]: 'marx_events.1' does not have a valid namespace
[00:46:58][jomini_onaction.cpp:290]: Invalid event id marx_events.1 At: common/on_actions/00_code_on_actions.txt:2468
[00:46:58][jomini_eventmanager.cpp:118]: 'goldrush.1' does not have a valid namespace
[00:46:58][jomini_onaction.cpp:290]: Invalid event id goldrush.1 At: common/on_actions/00_code_on_actions.txt:4158
[00:46:58][jomini_eventmanager.cpp:118]: 'goldrush.6' does not have a valid namespace
[00:46:58][jomini_onaction.cpp:290]: Invalid event id goldrush.6 At: common/on_actions/00_code_on_actions.txt:4159
[00:46:58][jomini_eventmanager.cpp:118]: 'oil_rush.1' does not have a valid namespace
[00:46:58][jomini_onaction.cpp:290]: Invalid event id oil_rush.1 At: common/on_actions/00_code_on_actions.txt:4160
[00:46:58][jomini_eventmanager.cpp:118]: 'oil_rush.6' does not have a valid namespace
[00:46:58][jomini_onaction.cpp:290]: Invalid event id oil_rush.6 At: common/on_actions/00_code_on_actions.txt:4161
[00:46:58][jomini_eventmanager.cpp:118]: 'goldrush.2' does not have a valid namespace
[00:46:58][jomini_onaction.cpp:290]: Invalid event id goldrush.2 At: common/on_actions/00_code_on_actions.txt:4175
[00:46:58][jomini_eventmanager.cpp:118]: 'goldrush.7' does not have a valid namespace
[00:46:58][jomini_onaction.cpp:290]: Invalid event id goldrush.7 At: common/on_actions/00_code_on_actions.txt:4176
[00:46:58][jomini_eventmanager.cpp:118]: 'labor_rights.1' does not have a valid namespace
[00:46:58][jomini_onaction.cpp:180]: OnAction on_law_checkpoint_advance is trying to add unknown random event with ID [labor_rights.1] at: common/on_actions/00_code_on_actions.txt:4538
[00:46:58][jomini_eventmanager.cpp:118]: 'labor_rights.4' does not have a valid namespace
[00:46:58][jomini_onaction.cpp:180]: OnAction on_law_checkpoint_advance is trying to add unknown random event with ID [labor_rights.4] at: common/on_actions/00_code_on_actions.txt:4539
[00:46:58][jomini_eventmanager.cpp:118]: 'slavery_law_events.1' does not have a valid namespace
[00:46:58][jomini_onaction.cpp:180]: OnAction on_law_checkpoint_advance is trying to add unknown random event with ID [slavery_law_events.1] at: common/on_actions/00_code_on_actions.txt:4552
[00:46:58][jomini_eventmanager.cpp:118]: 'slavery_law_events.4' does not have a valid namespace
[00:46:58][jomini_onaction.cpp:180]: OnAction on_law_checkpoint_advance is trying to add unknown random event with ID [slavery_law_events.4] at: common/on_actions/00_code_on_actions.txt:4553
[00:46:58][jomini_eventmanager.cpp:118]: '1848.1' does not have a valid namespace
[00:46:58][jomini_onaction.cpp:180]: OnAction on_law_checkpoint_advance is trying to add unknown random event with ID [1848.1] at: common/on_actions/00_code_on_actions.txt:4561
[00:46:58][jomini_eventmanager.cpp:118]: '1848.3' does not have a valid namespace
[00:46:58][jomini_onaction.cpp:180]: OnAction on_law_checkpoint_advance is trying to add unknown random event with ID [1848.3] at: common/on_actions/00_code_on_actions.txt:4562
[00:46:58][jomini_eventmanager.cpp:118]: 'meiji.4' does not have a valid namespace
[00:46:58][jomini_onaction.cpp:180]: OnAction on_law_checkpoint_advance is trying to add unknown random event with ID [meiji.4] at: common/on_actions/00_code_on_actions.txt:4572
[00:46:58][jomini_eventmanager.cpp:118]: 'meiji.5' does not have a valid namespace
[00:46:58][jomini_onaction.cpp:180]: OnAction on_law_checkpoint_advance is trying to add unknown random event with ID [meiji.5] at: common/on_actions/00_code_on_actions.txt:4573
[00:46:58][jomini_eventmanager.cpp:118]: 'meiji.6' does not have a valid namespace
[00:46:58][jomini_onaction.cpp:180]: OnAction on_law_checkpoint_advance is trying to add unknown random event with ID [meiji.6] at: common/on_actions/00_code_on_actions.txt:4574
[00:46:58][jomini_eventmanager.cpp:118]: 'ig_petitions.4' does not have a valid namespace
[00:46:58][jomini_onaction.cpp:180]: OnAction on_law_checkpoint_advance is trying to add unknown random event with ID [ig_petitions.4] at: common/on_actions/00_code_on_actions.txt:4606
[00:46:58][jomini_eventmanager.cpp:118]: 'ig_petitions.7' does not have a valid namespace
[00:46:58][jomini_onaction.cpp:180]: OnAction on_law_checkpoint_advance is trying to add unknown random event with ID [ig_petitions.7] at: common/on_actions/00_code_on_actions.txt:4607
[00:46:58][jomini_eventmanager.cpp:118]: 'ig_petitions.19' does not have a valid namespace
[00:46:58][jomini_onaction.cpp:180]: OnAction on_law_checkpoint_advance is trying to add unknown random event with ID [ig_petitions.19] at: common/on_actions/00_code_on_actions.txt:4608
[00:46:58][jomini_eventmanager.cpp:118]: 'ig_petitions.22' does not have a valid namespace
[00:46:58][jomini_onaction.cpp:180]: OnAction on_law_checkpoint_advance is trying to add unknown random event with ID [ig_petitions.22] at: common/on_actions/00_code_on_actions.txt:4609
[00:46:58][jomini_eventmanager.cpp:118]: 'nihilism.13' does not have a valid namespace
[00:46:58][jomini_onaction.cpp:180]: OnAction on_law_checkpoint_advance is trying to add unknown random event with ID [nihilism.13] at: common/on_actions/00_code_on_actions.txt:4632
[00:46:58][jomini_eventmanager.cpp:118]: 'utilitarian.8' does not have a valid namespace
[00:46:58][jomini_onaction.cpp:180]: OnAction on_law_checkpoint_advance is trying to add unknown random event with ID [utilitarian.8] at: common/on_actions/00_code_on_actions.txt:4635
[00:46:58][jomini_eventmanager.cpp:118]: 'labour_associations_events.2' does not have a valid namespace
[00:46:58][jomini_onaction.cpp:180]: OnAction on_law_checkpoint_advance is trying to add unknown random event with ID [labour_associations_events.2] at: common/on_actions/00_code_on_actions.txt:4636
[00:46:58][jomini_eventmanager.cpp:118]: 'labour_associations_events.8' does not have a valid namespace
[00:46:58][jomini_onaction.cpp:180]: OnAction on_law_checkpoint_advance is trying to add unknown random event with ID [labour_associations_events.8] at: common/on_actions/00_code_on_actions.txt:4637
[00:46:58][jomini_eventmanager.cpp:118]: 'labour_associations_events.9' does not have a valid namespace
[00:46:58][jomini_onaction.cpp:180]: OnAction on_law_checkpoint_advance is trying to add unknown random event with ID [labour_associations_events.9] at: common/on_actions/00_code_on_actions.txt:4638
[00:46:58][jomini_eventmanager.cpp:118]: 'labor_rights.2' does not have a valid namespace
[00:46:58][jomini_onaction.cpp:180]: OnAction on_law_checkpoint_debate is trying to add unknown random event with ID [labor_rights.2] at: common/on_actions/00_code_on_actions.txt:4649
[00:46:58][jomini_eventmanager.cpp:118]: 'labor_rights.5' does not have a valid namespace
[00:46:58][jomini_onaction.cpp:180]: OnAction on_law_checkpoint_debate is trying to add unknown random event with ID [labor_rights.5] at: common/on_actions/00_code_on_actions.txt:4650
[00:46:58][jomini_eventmanager.cpp:118]: 'slavery_law_events.2' does not have a valid namespace
[00:46:58][jomini_onaction.cpp:180]: OnAction on_law_checkpoint_debate is trying to add unknown random event with ID [slavery_law_events.2] at: common/on_actions/00_code_on_actions.txt:4662
[00:46:58][jomini_eventmanager.cpp:118]: 'slavery_law_events.5' does not have a valid namespace
[00:46:58][jomini_onaction.cpp:180]: OnAction on_law_checkpoint_debate is trying to add unknown random event with ID [slavery_law_events.5] at: common/on_actions/00_code_on_actions.txt:4663
[00:46:58][jomini_eventmanager.cpp:118]: '1848.1' does not have a valid namespace
[00:46:58][jomini_onaction.cpp:180]: OnAction on_law_checkpoint_debate is trying to add unknown random event with ID [1848.1] at: common/on_actions/00_code_on_actions.txt:4673
[00:46:58][jomini_eventmanager.cpp:118]: '1848.3' does not have a valid namespace
[00:46:58][jomini_onaction.cpp:180]: OnAction on_law_checkpoint_debate is trying to add unknown random event with ID [1848.3] at: common/on_actions/00_code_on_actions.txt:4674
[00:46:58][jomini_eventmanager.cpp:118]: 'ig_petitions.1' does not have a valid namespace
[00:46:58][jomini_onaction.cpp:180]: OnAction on_law_checkpoint_debate is trying to add unknown random event with ID [ig_petitions.1] at: common/on_actions/00_code_on_actions.txt:4716
[00:46:58][jomini_eventmanager.cpp:118]: 'ig_petitions.10' does not have a valid namespace
[00:46:58][jomini_onaction.cpp:180]: OnAction on_law_checkpoint_debate is trying to add unknown random event with ID [ig_petitions.10] at: common/on_actions/00_code_on_actions.txt:4717
[00:46:58][jomini_eventmanager.cpp:118]: 'ig_petitions.13' does not have a valid namespace
[00:46:58][jomini_onaction.cpp:180]: OnAction on_law_checkpoint_debate is trying to add unknown random event with ID [ig_petitions.13] at: common/on_actions/00_code_on_actions.txt:4718
[00:46:58][jomini_eventmanager.cpp:118]: 'ig_petitions.16' does not have a valid namespace
[00:46:58][jomini_onaction.cpp:180]: OnAction on_law_checkpoint_debate is trying to add unknown random event with ID [ig_petitions.16] at: common/on_actions/00_code_on_actions.txt:4719
[00:46:58][jomini_eventmanager.cpp:118]: 'labour_associations_events.3' does not have a valid namespace
[00:46:58][jomini_onaction.cpp:180]: OnAction on_law_checkpoint_debate is trying to add unknown random event with ID [labour_associations_events.3] at: common/on_actions/00_code_on_actions.txt:4742
[00:46:58][jomini_eventmanager.cpp:118]: 'labour_associations_events.6' does not have a valid namespace
[00:46:58][jomini_onaction.cpp:180]: OnAction on_law_checkpoint_debate is trying to add unknown random event with ID [labour_associations_events.6] at: common/on_actions/00_code_on_actions.txt:4743
[00:46:58][jomini_eventmanager.cpp:118]: 'labour_associations_events.7' does not have a valid namespace
[00:46:58][jomini_onaction.cpp:180]: OnAction on_law_checkpoint_debate is trying to add unknown random event with ID [labour_associations_events.7] at: common/on_actions/00_code_on_actions.txt:4744
[00:46:58][jomini_eventmanager.cpp:118]: 'tanzimat_events.1' does not have a valid namespace
[00:46:58][jomini_onaction.cpp:290]: Invalid event id tanzimat_events.1 At: common/on_actions/00_code_on_actions.txt:4748
[00:46:58][jomini_eventmanager.cpp:118]: 'tanzimat_events.2' does not have a valid namespace
[00:46:58][jomini_onaction.cpp:290]: Invalid event id tanzimat_events.2 At: common/on_actions/00_code_on_actions.txt:4749
[00:46:58][jomini_eventmanager.cpp:118]: 'tanzimat_events.4' does not have a valid namespace
[00:46:58][jomini_onaction.cpp:290]: Invalid event id tanzimat_events.4 At: common/on_actions/00_code_on_actions.txt:4750
[00:46:58][jomini_eventmanager.cpp:118]: 'tanzimat_events.10' does not have a valid namespace
[00:46:58][jomini_onaction.cpp:290]: Invalid event id tanzimat_events.10 At: common/on_actions/00_code_on_actions.txt:4751
[00:46:58][jomini_eventmanager.cpp:118]: 'labor_rights.3' does not have a valid namespace
[00:46:58][jomini_onaction.cpp:180]: OnAction on_law_checkpoint_stall is trying to add unknown random event with ID [labor_rights.3] at: common/on_actions/00_code_on_actions.txt:4762
[00:46:58][jomini_eventmanager.cpp:118]: 'labor_rights.6' does not have a valid namespace
[00:46:58][jomini_onaction.cpp:180]: OnAction on_law_checkpoint_stall is trying to add unknown random event with ID [labor_rights.6] at: common/on_actions/00_code_on_actions.txt:4763
[00:46:58][jomini_eventmanager.cpp:118]: 'slavery_law_events.3' does not have a valid namespace
[00:46:58][jomini_onaction.cpp:180]: OnAction on_law_checkpoint_stall is trying to add unknown random event with ID [slavery_law_events.3] at: common/on_actions/00_code_on_actions.txt:4775
[00:46:58][jomini_eventmanager.cpp:118]: 'slavery_law_events.6' does not have a valid namespace
[00:46:58][jomini_onaction.cpp:180]: OnAction on_law_checkpoint_stall is trying to add unknown random event with ID [slavery_law_events.6] at: common/on_actions/00_code_on_actions.txt:4776
[00:46:58][jomini_eventmanager.cpp:118]: '1848.1' does not have a valid namespace
[00:46:58][jomini_onaction.cpp:180]: OnAction on_law_checkpoint_stall is trying to add unknown random event with ID [1848.1] at: common/on_actions/00_code_on_actions.txt:4786
[00:46:58][jomini_eventmanager.cpp:118]: '1848.3' does not have a valid namespace
[00:46:58][jomini_onaction.cpp:180]: OnAction on_law_checkpoint_stall is trying to add unknown random event with ID [1848.3] at: common/on_actions/00_code_on_actions.txt:4787
[00:46:58][jomini_eventmanager.cpp:118]: 'labour_associations_events.1' does not have a valid namespace
[00:46:58][jomini_onaction.cpp:180]: OnAction on_law_checkpoint_stall is trying to add unknown random event with ID [labour_associations_events.1] at: common/on_actions/00_code_on_actions.txt:4848
[00:46:58][jomini_eventmanager.cpp:118]: 'labour_associations_events.4' does not have a valid namespace
[00:46:58][jomini_onaction.cpp:180]: OnAction on_law_checkpoint_stall is trying to add unknown random event with ID [labour_associations_events.4] at: common/on_actions/00_code_on_actions.txt:4849
[00:46:58][jomini_eventmanager.cpp:118]: 'labour_associations_events.5' does not have a valid namespace
[00:46:58][jomini_onaction.cpp:180]: OnAction on_law_checkpoint_stall is trying to add unknown random event with ID [labour_associations_events.5] at: common/on_actions/00_code_on_actions.txt:4850
[00:46:58][pdx_persistent_reader.cpp:268]: Error: "Unknown trigger type: any_country_in_italy_old, near line: 5574" in file: "common/on_actions/00_code_on_actions.txt" near line: 5577
[00:46:58][jomini_eventmanager.cpp:118]: 'ig_revolutions.1' does not have a valid namespace
[00:46:58][jomini_onaction.cpp:180]: OnAction on_revolution_checkpoint_reached is trying to add unknown random event with ID [ig_revolutions.1] at: common/on_actions/00_code_on_actions.txt:6127
[00:46:58][jomini_eventmanager.cpp:118]: 'ig_revolutions.2' does not have a valid namespace
[00:46:58][jomini_onaction.cpp:180]: OnAction on_revolution_checkpoint_reached is trying to add unknown random event with ID [ig_revolutions.2] at: common/on_actions/00_code_on_actions.txt:6128
[00:46:58][jomini_eventmanager.cpp:118]: 'ig_revolutions.3' does not have a valid namespace
[00:46:58][jomini_onaction.cpp:180]: OnAction on_revolution_checkpoint_reached is trying to add unknown random event with ID [ig_revolutions.3] at: common/on_actions/00_code_on_actions.txt:6129
[00:46:58][jomini_eventmanager.cpp:118]: 'ig_revolutions.4' does not have a valid namespace
[00:46:58][jomini_onaction.cpp:180]: OnAction on_revolution_checkpoint_reached is trying to add unknown random event with ID [ig_revolutions.4] at: common/on_actions/00_code_on_actions.txt:6130
[00:46:58][jomini_eventmanager.cpp:118]: 'ig_revolutions.5' does not have a valid namespace
[00:46:58][jomini_onaction.cpp:180]: OnAction on_revolution_checkpoint_reached is trying to add unknown random event with ID [ig_revolutions.5] at: common/on_actions/00_code_on_actions.txt:6131
[00:46:58][jomini_eventmanager.cpp:118]: 'ig_revolutions.6' does not have a valid namespace
[00:46:58][jomini_onaction.cpp:180]: OnAction on_revolution_checkpoint_reached is trying to add unknown random event with ID [ig_revolutions.6] at: common/on_actions/00_code_on_actions.txt:6132
[00:46:58][jomini_eventmanager.cpp:118]: 'ig_revolutions.7' does not have a valid namespace
[00:46:58][jomini_onaction.cpp:180]: OnAction on_revolution_checkpoint_reached is trying to add unknown random event with ID [ig_revolutions.7] at: common/on_actions/00_code_on_actions.txt:6133
[00:46:58][jomini_eventmanager.cpp:118]: 'ig_revolutions.8' does not have a valid namespace
[00:46:58][jomini_onaction.cpp:180]: OnAction on_revolution_checkpoint_reached is trying to add unknown random event with ID [ig_revolutions.8] at: common/on_actions/00_code_on_actions.txt:6134
[00:46:58][jomini_eventmanager.cpp:118]: 'ig_revolutions.9' does not have a valid namespace
[00:46:58][jomini_onaction.cpp:180]: OnAction on_revolution_checkpoint_reached is trying to add unknown random event with ID [ig_revolutions.9] at: common/on_actions/00_code_on_actions.txt:6135
[00:46:58][jomini_eventmanager.cpp:118]: 'secession_events.1' does not have a valid namespace
[00:46:58][jomini_onaction.cpp:180]: OnAction on_secession_checkpoint_reached is trying to add unknown random event with ID [secession_events.1] at: common/on_actions/00_code_on_actions.txt:6210
[00:46:58][jomini_eventmanager.cpp:118]: 'secession_events.2' does not have a valid namespace
[00:46:58][jomini_onaction.cpp:180]: OnAction on_secession_checkpoint_reached is trying to add unknown random event with ID [secession_events.2] at: common/on_actions/00_code_on_actions.txt:6211
[00:46:58][jomini_eventmanager.cpp:118]: 'secession_events.3' does not have a valid namespace
[00:46:58][jomini_onaction.cpp:180]: OnAction on_secession_checkpoint_reached is trying to add unknown random event with ID [secession_events.3] at: common/on_actions/00_code_on_actions.txt:6212
[00:46:58][jomini_eventmanager.cpp:118]: 'secession_events.4' does not have a valid namespace
[00:46:58][jomini_onaction.cpp:180]: OnAction on_secession_checkpoint_reached is trying to add unknown random event with ID [secession_events.4] at: common/on_actions/00_code_on_actions.txt:6213
[00:46:58][jomini_eventmanager.cpp:118]: 'secession_events.5' does not have a valid namespace
[00:46:58][jomini_onaction.cpp:180]: OnAction on_secession_checkpoint_reached is trying to add unknown random event with ID [secession_events.5] at: common/on_actions/00_code_on_actions.txt:6214
[00:46:58][jomini_eventmanager.cpp:118]: 'secession_events.6' does not have a valid namespace
[00:46:58][jomini_onaction.cpp:180]: OnAction on_secession_checkpoint_reached is trying to add unknown random event with ID [secession_events.6] at: common/on_actions/00_code_on_actions.txt:6215
[00:46:58][jomini_eventmanager.cpp:118]: 'secession_events.7' does not have a valid namespace
[00:46:58][jomini_onaction.cpp:180]: OnAction on_secession_checkpoint_reached is trying to add unknown random event with ID [secession_events.7] at: common/on_actions/00_code_on_actions.txt:6216
[00:46:58][jomini_eventmanager.cpp:118]: 'secession_events.8' does not have a valid namespace
[00:46:58][jomini_onaction.cpp:180]: OnAction on_secession_checkpoint_reached is trying to add unknown random event with ID [secession_events.8] at: common/on_actions/00_code_on_actions.txt:6217
[00:46:58][jomini_eventmanager.cpp:118]: 'secession_events.9' does not have a valid namespace
[00:46:58][jomini_onaction.cpp:180]: OnAction on_secession_checkpoint_reached is trying to add unknown random event with ID [secession_events.9] at: common/on_actions/00_code_on_actions.txt:6218
[00:46:58][jomini_eventmanager.cpp:118]: 'caciquismo.1' does not have a valid namespace
[00:46:58][jomini_onaction.cpp:290]: Invalid event id caciquismo.1 At: common/on_actions/00_code_on_actions.txt:7361
[00:46:58][jomini_eventmanager.cpp:118]: 'caciquismo.2' does not have a valid namespace
[00:46:58][jomini_onaction.cpp:290]: Invalid event id caciquismo.2 At: common/on_actions/00_code_on_actions.txt:7362
[00:46:58][jomini_eventmanager.cpp:118]: 'coffee_with_milk.7' does not have a valid namespace
[00:46:58][jomini_onaction.cpp:290]: Invalid event id coffee_with_milk.7 At: common/on_actions/00_code_on_actions.txt:7363
[00:46:58][jomini_eventmanager.cpp:118]: 'ig_leaders.3' does not have a valid namespace
[00:46:58][jomini_onaction.cpp:180]: OnAction elections_monthly_events is trying to add unknown random event with ID [ig_leaders.3] at: common/on_actions/00_on_actions_election.txt:38
[00:46:58][jomini_eventmanager.cpp:118]: 'acw_followup_events.1' does not have a valid namespace
[00:46:58][jomini_onaction.cpp:180]: OnAction on_half_yearly_events is trying to add unknown random event with ID [acw_followup_events.1] at: common/on_actions/00_on_actions_half_yearly.txt:9
[00:46:58][jomini_eventmanager.cpp:118]: 'acw_followup_events.2' does not have a valid namespace
[00:46:58][jomini_onaction.cpp:180]: OnAction on_half_yearly_events is trying to add unknown random event with ID [acw_followup_events.2] at: common/on_actions/00_on_actions_half_yearly.txt:10
[00:46:58][jomini_eventmanager.cpp:118]: 'acw_followup_events.3' does not have a valid namespace
[00:46:58][jomini_onaction.cpp:180]: OnAction on_half_yearly_events is trying to add unknown random event with ID [acw_followup_events.3] at: common/on_actions/00_on_actions_half_yearly.txt:11
[00:46:58][jomini_eventmanager.cpp:118]: 'oscar_wilde_events.1' does not have a valid namespace
[00:46:58][jomini_onaction.cpp:180]: OnAction on_half_yearly_events is trying to add unknown random event with ID [oscar_wilde_events.1] at: common/on_actions/00_on_actions_half_yearly.txt:14
[00:46:58][jomini_eventmanager.cpp:118]: 'anarchism_events.1' does not have a valid namespace
[00:46:58][jomini_onaction.cpp:180]: OnAction on_half_yearly_events is trying to add unknown random event with ID [anarchism_events.1] at: common/on_actions/00_on_actions_half_yearly.txt:16
[00:46:58][jomini_eventmanager.cpp:118]: 'anarchism_events.2' does not have a valid namespace
[00:46:58][jomini_onaction.cpp:180]: OnAction on_half_yearly_events is trying to add unknown random event with ID [anarchism_events.2] at: common/on_actions/00_on_actions_half_yearly.txt:17
[00:46:58][jomini_eventmanager.cpp:118]: 'anarchism_events.3' does not have a valid namespace
[00:46:58][jomini_onaction.cpp:180]: OnAction on_half_yearly_events is trying to add unknown random event with ID [anarchism_events.3] at: common/on_actions/00_on_actions_half_yearly.txt:18
[00:46:58][jomini_eventmanager.cpp:118]: 'silkworm_diseases.1' does not have a valid namespace
[00:46:58][jomini_onaction.cpp:180]: OnAction silkworm_half_yearly_events is trying to add unknown random event with ID [silkworm_diseases.1] at: common/on_actions/00_on_actions_half_yearly.txt:26
[00:46:58][jomini_eventmanager.cpp:118]: 'korea_monarchy.4' does not have a valid namespace
[00:46:58][jomini_onaction.cpp:290]: Invalid event id korea_monarchy.4 At: common/on_actions/00_on_actions_half_yearly.txt:33
[00:46:58][jomini_eventmanager.cpp:118]: 'korea_monarchy.1' does not have a valid namespace
[00:46:58][jomini_onaction.cpp:180]: OnAction korea_half_yearly_events is trying to add unknown random event with ID [korea_monarchy.1] at: common/on_actions/00_on_actions_half_yearly.txt:38
[00:46:58][jomini_eventmanager.cpp:118]: 'korea_monarchy.2' does not have a valid namespace
[00:46:58][jomini_onaction.cpp:180]: OnAction korea_half_yearly_events is trying to add unknown random event with ID [korea_monarchy.2] at: common/on_actions/00_on_actions_half_yearly.txt:39
[00:46:58][jomini_eventmanager.cpp:118]: 'korea_monarchy.3' does not have a valid namespace
[00:46:58][jomini_onaction.cpp:180]: OnAction korea_half_yearly_events is trying to add unknown random event with ID [korea_monarchy.3] at: common/on_actions/00_on_actions_half_yearly.txt:40
[00:46:58][jomini_eventmanager.cpp:118]: 'mon_state_formation.8' does not have a valid namespace
[00:46:58][jomini_onaction.cpp:180]: OnAction montenegro_half_yearly_events is trying to add unknown random event with ID [mon_state_formation.8] at: common/on_actions/00_on_actions_half_yearly.txt:57
[00:46:58][jomini_eventmanager.cpp:118]: 'mon_state_formation.18' does not have a valid namespace
[00:46:58][jomini_onaction.cpp:180]: OnAction montenegro_half_yearly_events is trying to add unknown random event with ID [mon_state_formation.18] at: common/on_actions/00_on_actions_half_yearly.txt:58
[00:46:58][jomini_eventmanager.cpp:118]: 'lobby_proposal.1' does not have a valid namespace
[00:46:58][jomini_onaction.cpp:180]: OnAction lobbies_proposals_half_yearly_events is trying to add unknown random event with ID [lobby_proposal.1] at: common/on_actions/00_on_actions_half_yearly.txt:66
[00:46:58][jomini_eventmanager.cpp:118]: 'lobby_proposal.2' does not have a valid namespace
[00:46:58][jomini_onaction.cpp:180]: OnAction lobbies_proposals_half_yearly_events is trying to add unknown random event with ID [lobby_proposal.2] at: common/on_actions/00_on_actions_half_yearly.txt:67
[00:46:58][jomini_eventmanager.cpp:118]: 'lobby_proposal.3' does not have a valid namespace
[00:46:58][jomini_onaction.cpp:180]: OnAction lobbies_proposals_half_yearly_events is trying to add unknown random event with ID [lobby_proposal.3] at: common/on_actions/00_on_actions_half_yearly.txt:68
[00:46:58][jomini_eventmanager.cpp:118]: 'lobby_proposal.4' does not have a valid namespace
[00:46:58][jomini_onaction.cpp:180]: OnAction lobbies_proposals_half_yearly_events is trying to add unknown random event with ID [lobby_proposal.4] at: common/on_actions/00_on_actions_half_yearly.txt:69
[00:46:58][jomini_eventmanager.cpp:118]: 'movement_events.1' does not have a valid namespace
[00:46:58][jomini_onaction.cpp:180]: OnAction movement_half_yearly_events is trying to add unknown random event with ID [movement_events.1] at: common/on_actions/00_on_actions_half_yearly.txt:77
[00:46:58][jomini_eventmanager.cpp:118]: 'movement_events.2' does not have a valid namespace
[00:46:58][jomini_onaction.cpp:180]: OnAction movement_half_yearly_events is trying to add unknown random event with ID [movement_events.2] at: common/on_actions/00_on_actions_half_yearly.txt:78
[00:46:58][jomini_eventmanager.cpp:118]: 'movement_events.3' does not have a valid namespace
[00:46:58][jomini_onaction.cpp:180]: OnAction movement_half_yearly_events is trying to add unknown random event with ID [movement_events.3] at: common/on_actions/00_on_actions_half_yearly.txt:79
[00:46:58][jomini_eventmanager.cpp:118]: 'movement_events.4' does not have a valid namespace
[00:46:58][jomini_onaction.cpp:180]: OnAction movement_half_yearly_events is trying to add unknown random event with ID [movement_events.4] at: common/on_actions/00_on_actions_half_yearly.txt:80
[00:46:58][jomini_eventmanager.cpp:118]: 'movement_events.5' does not have a valid namespace
[00:46:58][jomini_onaction.cpp:180]: OnAction movement_half_yearly_events is trying to add unknown random event with ID [movement_events.5] at: common/on_actions/00_on_actions_half_yearly.txt:81
[00:46:58][jomini_eventmanager.cpp:118]: 'movement_events.6' does not have a valid namespace
[00:46:58][jomini_onaction.cpp:180]: OnAction movement_half_yearly_events is trying to add unknown random event with ID [movement_events.6] at: common/on_actions/00_on_actions_half_yearly.txt:82
[00:46:58][jomini_eventmanager.cpp:118]: 'movement_events.7' does not have a valid namespace
[00:46:58][jomini_onaction.cpp:180]: OnAction movement_half_yearly_events is trying to add unknown random event with ID [movement_events.7] at: common/on_actions/00_on_actions_half_yearly.txt:83
[00:46:58][jomini_eventmanager.cpp:118]: 'movement_events.8' does not have a valid namespace
[00:46:58][jomini_onaction.cpp:180]: OnAction movement_half_yearly_events is trying to add unknown random event with ID [movement_events.8] at: common/on_actions/00_on_actions_half_yearly.txt:84
[00:46:58][jomini_eventmanager.cpp:118]: 'movement_events.9' does not have a valid namespace
[00:46:58][jomini_onaction.cpp:180]: OnAction movement_half_yearly_events is trying to add unknown random event with ID [movement_events.9] at: common/on_actions/00_on_actions_half_yearly.txt:85
[00:46:58][jomini_eventmanager.cpp:118]: 'movement_events.10' does not have a valid namespace
[00:46:58][jomini_onaction.cpp:180]: OnAction movement_half_yearly_events is trying to add unknown random event with ID [movement_events.10] at: common/on_actions/00_on_actions_half_yearly.txt:86
[00:46:58][jomini_eventmanager.cpp:118]: 'movement_events.11' does not have a valid namespace
[00:46:58][jomini_onaction.cpp:180]: OnAction movement_half_yearly_events is trying to add unknown random event with ID [movement_events.11] at: common/on_actions/00_on_actions_half_yearly.txt:87
[00:46:58][jomini_eventmanager.cpp:118]: 'movement_events.12' does not have a valid namespace
[00:46:58][jomini_onaction.cpp:180]: OnAction movement_half_yearly_events is trying to add unknown random event with ID [movement_events.12] at: common/on_actions/00_on_actions_half_yearly.txt:88
[00:46:58][jomini_eventmanager.cpp:118]: 'movement_events.13' does not have a valid namespace
[00:46:58][jomini_onaction.cpp:180]: OnAction movement_half_yearly_events is trying to add unknown random event with ID [movement_events.13] at: common/on_actions/00_on_actions_half_yearly.txt:89
[00:46:58][jomini_eventmanager.cpp:118]: 'movement_events.14' does not have a valid namespace
[00:46:58][jomini_onaction.cpp:180]: OnAction movement_half_yearly_events is trying to add unknown random event with ID [movement_events.14] at: common/on_actions/00_on_actions_half_yearly.txt:90
[00:46:58][jomini_eventmanager.cpp:118]: 'movement_events.15' does not have a valid namespace
[00:46:58][jomini_onaction.cpp:180]: OnAction movement_half_yearly_events is trying to add unknown random event with ID [movement_events.15] at: common/on_actions/00_on_actions_half_yearly.txt:91
[00:46:58][jomini_eventmanager.cpp:118]: 'regency.2' does not have a valid namespace
[00:46:58][jomini_onaction.cpp:180]: OnAction regency_monthly_events is trying to add unknown random event with ID [regency.2] at: common/on_actions/00_on_actions_monthly.txt:7
[00:46:58][jomini_eventmanager.cpp:118]: 'garibaldi_events.1' does not have a valid namespace
[00:46:58][jomini_onaction.cpp:180]: OnAction garibaldi_monthly_events is trying to add unknown random event with ID [garibaldi_events.1] at: common/on_actions/00_on_actions_monthly.txt:24
[00:46:58][jomini_eventmanager.cpp:118]: 'garibaldi_events.2' does not have a valid namespace
[00:46:58][jomini_onaction.cpp:180]: OnAction garibaldi_monthly_events is trying to add unknown random event with ID [garibaldi_events.2] at: common/on_actions/00_on_actions_monthly.txt:25
[00:46:58][jomini_eventmanager.cpp:118]: 'garibaldi_events.3' does not have a valid namespace
[00:46:58][jomini_onaction.cpp:180]: OnAction garibaldi_monthly_events is trying to add unknown random event with ID [garibaldi_events.3] at: common/on_actions/00_on_actions_monthly.txt:26
[00:46:58][jomini_eventmanager.cpp:118]: 'garibaldi_events.4' does not have a valid namespace
[00:46:58][jomini_onaction.cpp:180]: OnAction garibaldi_monthly_events is trying to add unknown random event with ID [garibaldi_events.4] at: common/on_actions/00_on_actions_monthly.txt:27
[00:46:58][jomini_eventmanager.cpp:118]: 'fund_lobbies_events.1' does not have a valid namespace
[00:46:58][jomini_onaction.cpp:180]: OnAction fund_lobbies_monthly_events is trying to add unknown random event with ID [fund_lobbies_events.1] at: common/on_actions/00_on_actions_monthly.txt:35
[00:46:58][jomini_eventmanager.cpp:118]: 'fund_lobbies_events.2' does not have a valid namespace
[00:46:58][jomini_onaction.cpp:180]: OnAction fund_lobbies_monthly_events is trying to add unknown random event with ID [fund_lobbies_events.2] at: common/on_actions/00_on_actions_monthly.txt:36
[00:46:58][jomini_eventmanager.cpp:118]: 'fund_lobbies_events.3' does not have a valid namespace
[00:46:58][jomini_onaction.cpp:180]: OnAction fund_lobbies_monthly_events is trying to add unknown random event with ID [fund_lobbies_events.3] at: common/on_actions/00_on_actions_monthly.txt:37
[00:46:58][jomini_eventmanager.cpp:118]: 'fund_lobbies_events.4' does not have a valid namespace
[00:46:58][jomini_onaction.cpp:180]: OnAction fund_lobbies_monthly_events is trying to add unknown random event with ID [fund_lobbies_events.4] at: common/on_actions/00_on_actions_monthly.txt:38
[00:46:58][jomini_eventmanager.cpp:118]: 'fund_lobbies_events.5' does not have a valid namespace
[00:46:58][jomini_onaction.cpp:180]: OnAction fund_lobbies_monthly_events is trying to add unknown random event with ID [fund_lobbies_events.5] at: common/on_actions/00_on_actions_monthly.txt:39
[00:46:58][jomini_eventmanager.cpp:118]: 'spooky_halloween_events.1' does not have a valid namespace
[00:46:58][jomini_onaction.cpp:180]: OnAction spooky_halloween_events is trying to add unknown random event with ID [spooky_halloween_events.1] at: common/on_actions/00_on_actions_monthly.txt:47
[00:46:58][jomini_eventmanager.cpp:118]: 'spooky_halloween_events.2' does not have a valid namespace
[00:46:58][jomini_onaction.cpp:180]: OnAction spooky_halloween_events is trying to add unknown random event with ID [spooky_halloween_events.2] at: common/on_actions/00_on_actions_monthly.txt:48
[00:46:58][jomini_eventmanager.cpp:118]: 'spooky_halloween_events.3' does not have a valid namespace
[00:46:58][jomini_onaction.cpp:180]: OnAction spooky_halloween_events is trying to add unknown random event with ID [spooky_halloween_events.3] at: common/on_actions/00_on_actions_monthly.txt:49
[00:46:58][jomini_eventmanager.cpp:118]: 'spooky_halloween_events.4' does not have a valid namespace
[00:46:58][jomini_onaction.cpp:180]: OnAction spooky_halloween_events is trying to add unknown random event with ID [spooky_halloween_events.4] at: common/on_actions/00_on_actions_monthly.txt:50
[00:46:58][jomini_eventmanager.cpp:118]: 'spooky_halloween_events.5' does not have a valid namespace
[00:46:58][jomini_onaction.cpp:180]: OnAction spooky_halloween_events is trying to add unknown random event with ID [spooky_halloween_events.5] at: common/on_actions/00_on_actions_monthly.txt:51
[00:46:58][jomini_eventmanager.cpp:118]: 'spooky_halloween_events.6' does not have a valid namespace
[00:46:58][jomini_onaction.cpp:180]: OnAction spooky_halloween_events is trying to add unknown random event with ID [spooky_halloween_events.6] at: common/on_actions/00_on_actions_monthly.txt:52
[00:46:58][jomini_eventmanager.cpp:118]: 'sweden_migration.1' does not have a valid namespace
[00:46:58][jomini_onaction.cpp:180]: OnAction sweden_events is trying to add unknown random event with ID [sweden_migration.1] at: common/on_actions/00_on_actions_monthly.txt:60
[00:46:58][jomini_eventmanager.cpp:118]: 'sweden_law.1' does not have a valid namespace
[00:46:58][jomini_onaction.cpp:180]: OnAction sweden_events is trying to add unknown random event with ID [sweden_law.1] at: common/on_actions/00_on_actions_monthly.txt:61
[00:46:58][jomini_eventmanager.cpp:118]: 'shogunate.8' does not have a valid namespace
[00:46:58][jomini_onaction.cpp:180]: OnAction japan_monarchy_monthly_events is trying to add unknown random event with ID [shogunate.8] at: common/on_actions/00_on_actions_monthly.txt:70
[00:46:58][jomini_eventmanager.cpp:118]: 'metro.1' does not have a valid namespace
[00:46:58][jomini_onaction.cpp:180]: OnAction tech_monthly_events is trying to add unknown random event with ID [metro.1] at: common/on_actions/00_on_actions_monthly.txt:108
[00:46:58][jomini_effect.cpp:753]: Inconsistent effect scopes (state vs. pop) incommon/on_actions/99_toe_ilvone_lefria_setup.txt:13
[00:46:58][lexer.cpp:285]: File 'common/on_actions/99_toe_xai_xbj_ig_leader_safety.txt' should be in utf8-bom encoding (will try to use it anyways)
[00:46:58][jomini_onaction.cpp:124]: There is more than one 'effect' defined using most recent:common/on_actions/99_toe_xai_xbj_ig_leader_safety.txt:6
[00:46:58][jomini_onaction.cpp:124]: There is more than one 'effect' defined using most recent:common/on_actions/99_toe_xai_xbj_ig_leader_safety.txt:35
[00:46:59][pdx_persistent_reader.cpp:268]: Error: "Unexpected token: building_suez_canal, near line: 60" in file: "gfx/map/city_data/city_types/african_city.txt" near line: 60
[00:46:59][pdx_persistent_reader.cpp:268]: Error: "Unexpected token: building_panama_canal, near line: 61" in file: "gfx/map/city_data/city_types/african_city.txt" near line: 61
[00:46:59][pdx_persistent_reader.cpp:268]: Error: "Unexpected token: building_suez_canal, near line: 60" in file: "gfx/map/city_data/city_types/arabic_city.txt" near line: 60
[00:46:59][pdx_persistent_reader.cpp:268]: Error: "Unexpected token: building_panama_canal, near line: 61" in file: "gfx/map/city_data/city_types/arabic_city.txt" near line: 61
[00:46:59][pdx_persistent_reader.cpp:268]: Error: "Unexpected token: building_suez_canal, near line: 60" in file: "gfx/map/city_data/city_types/asian_city.txt" near line: 60
[00:46:59][pdx_persistent_reader.cpp:268]: Error: "Unexpected token: building_panama_canal, near line: 61" in file: "gfx/map/city_data/city_types/asian_city.txt" near line: 61
[00:46:59][pdx_persistent_reader.cpp:268]: Error: "Unexpected token: building_suez_canal, near line: 81" in file: "gfx/map/city_data/city_types/balkan_city.txt" near line: 81
[00:46:59][pdx_persistent_reader.cpp:268]: Error: "Unexpected token: building_panama_canal, near line: 82" in file: "gfx/map/city_data/city_types/balkan_city.txt" near line: 82
[00:46:59][pdx_persistent_reader.cpp:268]: Error: "Unexpected token: building_suez_canal, near line: 65" in file: "gfx/map/city_data/city_types/default_city.txt" near line: 65
[00:46:59][pdx_persistent_reader.cpp:268]: Error: "Unexpected token: building_panama_canal, near line: 66" in file: "gfx/map/city_data/city_types/default_city.txt" near line: 66
[00:46:59][pdx_persistent_reader.cpp:268]: Error: "Unexpected token: building_suez_canal, near line: 69" in file: "gfx/map/city_data/city_types/french_city.txt" near line: 69
[00:46:59][pdx_persistent_reader.cpp:268]: Error: "Unexpected token: building_panama_canal, near line: 70" in file: "gfx/map/city_data/city_types/french_city.txt" near line: 70
[00:46:59][pdx_persistent_reader.cpp:268]: Error: "Unexpected token: building_suez_canal, near line: 81" in file: "gfx/map/city_data/city_types/indian_city.txt" near line: 81
[00:46:59][pdx_persistent_reader.cpp:268]: Error: "Unexpected token: building_panama_canal, near line: 82" in file: "gfx/map/city_data/city_types/indian_city.txt" near line: 82
[00:46:59][pdx_persistent_reader.cpp:268]: Error: "Unexpected token: building_suez_canal, near line: 82" in file: "gfx/map/city_data/city_types/japan_city.txt" near line: 82
[00:46:59][pdx_persistent_reader.cpp:268]: Error: "Unexpected token: building_panama_canal, near line: 83" in file: "gfx/map/city_data/city_types/japan_city.txt" near line: 83
[00:46:59][pdx_persistent_reader.cpp:268]: Error: "Unexpected token: building_suez_canal, near line: 67" in file: "gfx/map/city_data/city_types/latin_city.txt" near line: 67
[00:46:59][pdx_persistent_reader.cpp:268]: Error: "Unexpected token: building_panama_canal, near line: 68" in file: "gfx/map/city_data/city_types/latin_city.txt" near line: 68
[00:46:59][pdx_persistent_reader.cpp:268]: Error: "Unexpected token: building_suez_canal, near line: 66" in file: "gfx/map/city_data/city_types/southasian_city.txt" near line: 66
[00:46:59][pdx_persistent_reader.cpp:268]: Error: "Unexpected token: building_panama_canal, near line: 67" in file: "gfx/map/city_data/city_types/southasian_city.txt" near line: 67
[00:46:59][lexer.cpp:285]: File 'common/objectives/00_objective_tutorial.txt' should be in utf8-bom encoding (will try to use it anyways)
[00:46:59][lexer.cpp:285]: File 'common/scripted_progress_bars/00_toe_disable_vanilla_progress_bars.txt' should be in utf8-bom encoding (will try to use it anyways)
[00:46:59][lexer.cpp:285]: File 'common/scripted_progress_bars/00_toe_empty.txt' should be in utf8-bom encoding (will try to use it anyways)
[00:46:59][jomini_scriptvalue.h:617]: Cannot read [je_cuba_drift_factor] as a script value
[00:46:59][jomini_scriptvalue.h:391]: Badly read script value je_cuba_drift_factor at common/scripted_progress_bars/00_ip4_cuba_progress_bars.txt:62
[00:46:59][lexer.cpp:285]: File 'common/journal_entries/98_toe_paido_divided_monarchists.txt' should be in utf8-bom encoding (will try to use it anyways)
[00:46:59][lexer.cpp:285]: File 'common/journal_entries/99_toe_missing_vanilla_je_compat.txt' should be in utf8-bom encoding (will try to use it anyways)
[00:46:59][jomini_eventmanager.cpp:118]: 'assassination_events.2' does not have a valid namespace
[00:46:59][jomini_onaction.cpp:180]: OnAction on_monthly_pulse is trying to add unknown random event with ID [assassination_events.2] at: common/journal_entries/00_assassination.txt:119
[00:46:59][jomini_eventmanager.cpp:118]: 'assassination_events.3' does not have a valid namespace
[00:46:59][jomini_onaction.cpp:180]: OnAction on_monthly_pulse is trying to add unknown random event with ID [assassination_events.3] at: common/journal_entries/00_assassination.txt:120
[00:46:59][jomini_eventmanager.cpp:118]: 'assassination_events.4' does not have a valid namespace
[00:46:59][jomini_onaction.cpp:180]: OnAction on_monthly_pulse is trying to add unknown random event with ID [assassination_events.4] at: common/journal_entries/00_assassination.txt:121
[00:46:59][jomini_eventmanager.cpp:118]: 'autocracy.2' does not have a valid namespace
[00:46:59][jomini_onaction.cpp:180]: OnAction on_yearly_pulse is trying to add unknown random event with ID [autocracy.2] at: common/journal_entries/00_autocracy.txt:64
[00:46:59][jomini_eventmanager.cpp:118]: 'autocracy.3' does not have a valid namespace
[00:46:59][jomini_onaction.cpp:180]: OnAction on_yearly_pulse is trying to add unknown random event with ID [autocracy.3] at: common/journal_entries/00_autocracy.txt:65
[00:46:59][pdx_persistent_reader.cpp:268]: Error: "Unknown trigger type: any_state_in_han_homelands, near line: 24" in file: "common/journal_entries/00_boxer_rebellion.txt" near line: 27
[00:46:59][pdx_persistent_reader.cpp:268]: Error: "Unknown trigger type: any_state_in_han_homelands, near line: 36" in file: "common/journal_entries/00_boxer_rebellion.txt" near line: 39
[00:46:59][jomini_eventmanager.cpp:118]: 'communism.7' does not have a valid namespace
[00:46:59][jomini_onaction.cpp:180]: OnAction on_monthly_pulse is trying to add unknown random event with ID [communism.7] at: common/journal_entries/00_communism.txt:43
[00:46:59][jomini_eventmanager.cpp:118]: 'communism.3' does not have a valid namespace
[00:46:59][jomini_onaction.cpp:290]: Invalid event id communism.3 At: common/journal_entries/00_communism.txt:223
[00:46:59][jomini_eventmanager.cpp:118]: 'congo_free_state_events.2' does not have a valid namespace
[00:46:59][jomini_onaction.cpp:180]: OnAction on_monthly_pulse is trying to add unknown random event with ID [congo_free_state_events.2] at: common/journal_entries/00_congo_free_state.txt:109
[00:46:59][jomini_eventmanager.cpp:118]: 'congo_free_state_events.3' does not have a valid namespace
[00:46:59][jomini_onaction.cpp:180]: OnAction on_monthly_pulse is trying to add unknown random event with ID [congo_free_state_events.3] at: common/journal_entries/00_congo_free_state.txt:110
[00:46:59][jomini_eventmanager.cpp:118]: 'congo_free_state_events.4' does not have a valid namespace
[00:46:59][jomini_onaction.cpp:180]: OnAction on_monthly_pulse is trying to add unknown random event with ID [congo_free_state_events.4] at: common/journal_entries/00_congo_free_state.txt:111
[00:46:59][jomini_eventmanager.cpp:118]: 'congo_free_state_events.6' does not have a valid namespace
[00:46:59][jomini_onaction.cpp:180]: OnAction on_monthly_pulse is trying to add unknown random event with ID [congo_free_state_events.6] at: common/journal_entries/00_congo_free_state.txt:112
[00:46:59][jomini_eventmanager.cpp:118]: 'corn_laws.2' does not have a valid namespace
[00:46:59][jomini_onaction.cpp:180]: OnAction on_monthly_pulse is trying to add unknown random event with ID [corn_laws.2] at: common/journal_entries/00_corn_laws.txt:73
[00:46:59][jomini_eventmanager.cpp:118]: 'corn_laws.3' does not have a valid namespace
[00:46:59][jomini_onaction.cpp:180]: OnAction on_monthly_pulse is trying to add unknown random event with ID [corn_laws.3] at: common/journal_entries/00_corn_laws.txt:74
[00:46:59][jomini_eventmanager.cpp:118]: 'corn_laws.4' does not have a valid namespace
[00:46:59][jomini_onaction.cpp:180]: OnAction on_monthly_pulse is trying to add unknown random event with ID [corn_laws.4] at: common/journal_entries/00_corn_laws.txt:75
[00:46:59][jomini_eventmanager.cpp:118]: 'ethiopia.1' does not have a valid namespace
[00:46:59][jomini_onaction.cpp:180]: OnAction on_monthly_pulse is trying to add unknown random event with ID [ethiopia.1] at: common/journal_entries/00_ethiopia.txt:33
[00:46:59][jomini_eventmanager.cpp:118]: 'exhibition_events.4' does not have a valid namespace
[00:46:59][jomini_onaction.cpp:180]: OnAction on_monthly_pulse is trying to add unknown random event with ID [exhibition_events.4] at: common/journal_entries/00_grand_exhibition.txt:88
[00:46:59][jomini_eventmanager.cpp:118]: 'exhibition_events.5' does not have a valid namespace
[00:46:59][jomini_onaction.cpp:180]: OnAction on_monthly_pulse is trying to add unknown random event with ID [exhibition_events.5] at: common/journal_entries/00_grand_exhibition.txt:89
[00:46:59][jomini_eventmanager.cpp:118]: 'exhibition_events.6' does not have a valid namespace
[00:46:59][jomini_onaction.cpp:180]: OnAction on_monthly_pulse is trying to add unknown random event with ID [exhibition_events.6] at: common/journal_entries/00_grand_exhibition.txt:90
[00:46:59][jomini_eventmanager.cpp:118]: 'exhibition_events.7' does not have a valid namespace
[00:46:59][jomini_onaction.cpp:180]: OnAction on_monthly_pulse is trying to add unknown random event with ID [exhibition_events.7] at: common/journal_entries/00_grand_exhibition.txt:91
[00:46:59][jomini_eventmanager.cpp:118]: 'exhibition_events.8' does not have a valid namespace
[00:46:59][jomini_onaction.cpp:180]: OnAction on_monthly_pulse is trying to add unknown random event with ID [exhibition_events.8] at: common/journal_entries/00_grand_exhibition.txt:92
[00:46:59][jomini_eventmanager.cpp:118]: 'ig_suppression_events.2' does not have a valid namespace
[00:46:59][jomini_onaction.cpp:180]: OnAction on_monthly_pulse is trying to add unknown random event with ID [ig_suppression_events.2] at: common/journal_entries/00_ig_suppression.txt:56
[00:46:59][jomini_eventmanager.cpp:118]: 'ig_suppression_events.5' does not have a valid namespace
[00:46:59][jomini_onaction.cpp:180]: OnAction on_monthly_pulse is trying to add unknown random event with ID [ig_suppression_events.5] at: common/journal_entries/00_ig_suppression.txt:57
[00:46:59][jomini_eventmanager.cpp:118]: 'ig_suppression_events.6' does not have a valid namespace
[00:46:59][jomini_onaction.cpp:180]: OnAction on_monthly_pulse is trying to add unknown random event with ID [ig_suppression_events.6] at: common/journal_entries/00_ig_suppression.txt:58
[00:46:59][jomini_eventmanager.cpp:118]: 'ig_suppression_events.1000' does not have a valid namespace
[00:46:59][jomini_onaction.cpp:180]: OnAction on_monthly_pulse is trying to add unknown random event with ID [ig_suppression_events.1000] at: common/journal_entries/00_ig_suppression.txt:59
[00:46:59][jomini_eventmanager.cpp:118]: 'ig_suppression_events.1001' does not have a valid namespace
[00:46:59][jomini_onaction.cpp:180]: OnAction on_monthly_pulse is trying to add unknown random event with ID [ig_suppression_events.1001] at: common/journal_entries/00_ig_suppression.txt:60
[00:46:59][jomini_eventmanager.cpp:118]: 'ig_suppression_events.1003' does not have a valid namespace
[00:46:59][jomini_onaction.cpp:180]: OnAction on_monthly_pulse is trying to add unknown random event with ID [ig_suppression_events.1003] at: common/journal_entries/00_ig_suppression.txt:61
[00:46:59][jomini_eventmanager.cpp:118]: 'krakatoa.4' does not have a valid namespace
[00:46:59][jomini_onaction.cpp:180]: OnAction on_monthly_pulse is trying to add unknown random event with ID [krakatoa.4] at: common/journal_entries/00_krakatoa.txt:11
[00:46:59][jomini_eventmanager.cpp:118]: 'krakatoa.3' does not have a valid namespace
[00:46:59][jomini_onaction.cpp:180]: OnAction on_monthly_pulse is trying to add unknown random event with ID [krakatoa.3] at: common/journal_entries/00_krakatoa.txt:12
[00:46:59][jomini_eventmanager.cpp:118]: 'plague.7' does not have a valid namespace
[00:46:59][jomini_onaction.cpp:180]: OnAction on_monthly_pulse is trying to add unknown random event with ID [plague.7] at: common/journal_entries/00_plague.txt:72
[00:46:59][jomini_eventmanager.cpp:118]: 'plague.8' does not have a valid namespace
[00:46:59][jomini_onaction.cpp:180]: OnAction on_monthly_pulse is trying to add unknown random event with ID [plague.8] at: common/journal_entries/00_plague.txt:73
[00:46:59][jomini_eventmanager.cpp:118]: 'plague.9' does not have a valid namespace
[00:46:59][jomini_onaction.cpp:180]: OnAction on_monthly_pulse is trying to add unknown random event with ID [plague.9] at: common/journal_entries/00_plague.txt:74
[00:46:59][pdx_persistent_reader.cpp:268]: Error: "Unknown trigger type: relations:c:PAI, near line: 94" in file: "common/journal_entries/00_player_objectives_great_game.txt" near line: 96
[00:46:59][jomini_eventtarget.cpp:299]: Invalid scope types for event target link, link: owner at common/journal_entries/00_player_objectives_great_game.txt:104
[00:46:59][jomini_eventtarget.cpp:299]: Invalid scope types for event target link, link: owner at common/journal_entries/00_player_objectives_great_game.txt:104
[00:46:59][jomini_eventtarget.cpp:299]: Invalid scope types for event target link, link: owner at common/journal_entries/00_player_objectives_great_game.txt:113
[00:46:59][jomini_eventtarget.cpp:299]: Invalid scope types for event target link, link: owner at common/journal_entries/00_player_objectives_great_game.txt:113
[00:46:59][jomini_eventtarget.cpp:299]: Invalid scope types for event target link, link: owner at common/journal_entries/00_player_objectives_great_game.txt:128
[00:46:59][jomini_eventtarget.cpp:299]: Invalid scope types for event target link, link: owner at common/journal_entries/00_player_objectives_great_game.txt:128
[00:46:59][jomini_eventtarget.cpp:299]: Invalid scope types for event target link, link: owner at common/journal_entries/00_player_objectives_great_game.txt:146
[00:46:59][jomini_eventtarget.cpp:299]: Invalid scope types for event target link, link: owner at common/journal_entries/00_player_objectives_great_game.txt:146
[00:46:59][pdx_persistent_reader.cpp:268]: Error: "Unknown trigger type: relations:c:PAI, near line: 371" in file: "common/journal_entries/00_player_objectives_great_game.txt" near line: 371
[00:46:59][jomini_eventtarget.cpp:299]: Invalid scope types for event target link, link: owner at common/journal_entries/00_player_objectives_great_game.txt:376
[00:46:59][jomini_eventtarget.cpp:299]: Invalid scope types for event target link, link: owner at common/journal_entries/00_player_objectives_great_game.txt:376
[00:46:59][jomini_eventtarget.cpp:299]: Invalid scope types for event target link, link: owner at common/journal_entries/00_player_objectives_great_game.txt:376
[00:46:59][jomini_eventtarget.cpp:299]: Invalid scope types for event target link, link: owner at common/journal_entries/00_player_objectives_great_game.txt:376
[00:46:59][jomini_eventtarget.cpp:299]: Invalid scope types for event target link, link: owner at common/journal_entries/00_player_objectives_great_game.txt:381
[00:46:59][jomini_eventtarget.cpp:299]: Invalid scope types for event target link, link: owner at common/journal_entries/00_player_objectives_great_game.txt:381
[00:46:59][jomini_eventtarget.cpp:299]: Invalid scope types for event target link, link: owner at common/journal_entries/00_player_objectives_great_game.txt:387
[00:46:59][jomini_eventtarget.cpp:299]: Invalid scope types for event target link, link: owner at common/journal_entries/00_player_objectives_great_game.txt:387
[00:46:59][jomini_eventmanager.cpp:118]: 'crime_events.2' does not have a valid namespace
[00:46:59][jomini_onaction.cpp:180]: OnAction on_monthly_pulse is trying to add unknown random event with ID [crime_events.2] at: common/journal_entries/00_prohibition_laws.txt:53
[00:46:59][jomini_eventmanager.cpp:118]: 'pm_events.3' does not have a valid namespace
[00:46:59][jomini_onaction.cpp:180]: OnAction on_monthly_pulse is trying to add unknown random event with ID [pm_events.3] at: common/journal_entries/00_prohibition_laws.txt:54
[00:46:59][jomini_eventmanager.cpp:118]: 'prohibition.2' does not have a valid namespace
[00:46:59][jomini_onaction.cpp:180]: OnAction on_monthly_pulse is trying to add unknown random event with ID [prohibition.2] at: common/journal_entries/00_prohibition_laws.txt:55
[00:46:59][jomini_eventmanager.cpp:118]: 'prohibition.3' does not have a valid namespace
[00:46:59][jomini_onaction.cpp:180]: OnAction on_monthly_pulse is trying to add unknown random event with ID [prohibition.3] at: common/journal_entries/00_prohibition_laws.txt:56
[00:46:59][jomini_eventmanager.cpp:118]: 'prohibition.4' does not have a valid namespace
[00:46:59][jomini_onaction.cpp:180]: OnAction on_monthly_pulse is trying to add unknown random event with ID [prohibition.4] at: common/journal_entries/00_prohibition_laws.txt:57
[00:46:59][jomini_eventmanager.cpp:118]: 'prohibition.5' does not have a valid namespace
[00:46:59][jomini_onaction.cpp:180]: OnAction on_monthly_pulse is trying to add unknown random event with ID [prohibition.5] at: common/journal_entries/00_prohibition_laws.txt:58
[00:46:59][jomini_eventmanager.cpp:118]: 'prohibition.6' does not have a valid namespace
[00:46:59][jomini_onaction.cpp:180]: OnAction on_monthly_pulse is trying to add unknown random event with ID [prohibition.6] at: common/journal_entries/00_prohibition_laws.txt:59
[00:46:59][jomini_eventmanager.cpp:118]: 'prohibition.7' does not have a valid namespace
[00:46:59][jomini_onaction.cpp:180]: OnAction on_monthly_pulse is trying to add unknown random event with ID [prohibition.7] at: common/journal_entries/00_prohibition_laws.txt:60
[00:46:59][jomini_eventmanager.cpp:118]: 'red_scare.2' does not have a valid namespace
[00:46:59][jomini_onaction.cpp:180]: OnAction on_monthly_pulse is trying to add unknown random event with ID [red_scare.2] at: common/journal_entries/00_red_scare.txt:38
[00:46:59][jomini_eventmanager.cpp:118]: 'red_scare.3' does not have a valid namespace
[00:46:59][jomini_onaction.cpp:180]: OnAction on_monthly_pulse is trying to add unknown random event with ID [red_scare.3] at: common/journal_entries/00_red_scare.txt:39
[00:46:59][jomini_eventmanager.cpp:118]: 'red_scare.4' does not have a valid namespace
[00:46:59][jomini_onaction.cpp:180]: OnAction on_monthly_pulse is trying to add unknown random event with ID [red_scare.4] at: common/journal_entries/00_red_scare.txt:40
[00:46:59][jomini_eventmanager.cpp:118]: 'red_scare.5' does not have a valid namespace
[00:46:59][jomini_onaction.cpp:180]: OnAction on_monthly_pulse is trying to add unknown random event with ID [red_scare.5] at: common/journal_entries/00_red_scare.txt:41
[00:46:59][jomini_eventmanager.cpp:118]: 'red_scare.6' does not have a valid namespace
[00:46:59][jomini_onaction.cpp:180]: OnAction on_monthly_pulse is trying to add unknown random event with ID [red_scare.6] at: common/journal_entries/00_red_scare.txt:42
[00:46:59][jomini_eventmanager.cpp:118]: 'red_scare.7' does not have a valid namespace
[00:46:59][jomini_onaction.cpp:180]: OnAction on_monthly_pulse is trying to add unknown random event with ID [red_scare.7] at: common/journal_entries/00_red_scare.txt:43
[00:46:59][jomini_eventmanager.cpp:118]: 'red_scare.8' does not have a valid namespace
[00:46:59][jomini_onaction.cpp:180]: OnAction on_monthly_pulse is trying to add unknown random event with ID [red_scare.8] at: common/journal_entries/00_red_scare.txt:44
[00:46:59][jomini_eventmanager.cpp:118]: 'red_scare.9' does not have a valid namespace
[00:46:59][jomini_onaction.cpp:180]: OnAction on_monthly_pulse is trying to add unknown random event with ID [red_scare.9] at: common/journal_entries/00_red_scare.txt:45
[00:46:59][jomini_eventmanager.cpp:118]: 'red_scare.10' does not have a valid namespace
[00:46:59][jomini_onaction.cpp:180]: OnAction on_monthly_pulse is trying to add unknown random event with ID [red_scare.10] at: common/journal_entries/00_red_scare.txt:46
[00:46:59][jomini_eventmanager.cpp:118]: 'red_scare.11' does not have a valid namespace
[00:46:59][jomini_onaction.cpp:180]: OnAction on_monthly_pulse is trying to add unknown random event with ID [red_scare.11] at: common/journal_entries/00_red_scare.txt:47
[00:46:59][jomini_eventmanager.cpp:118]: 'red_scare.12' does not have a valid namespace
[00:46:59][jomini_onaction.cpp:180]: OnAction on_monthly_pulse is trying to add unknown random event with ID [red_scare.12] at: common/journal_entries/00_red_scare.txt:48
[00:46:59][jomini_eventmanager.cpp:118]: 'red_scare.14' does not have a valid namespace
[00:46:59][jomini_onaction.cpp:180]: OnAction on_monthly_pulse is trying to add unknown random event with ID [red_scare.14] at: common/journal_entries/00_red_scare.txt:49
[00:46:59][jomini_eventmanager.cpp:118]: 'red_scare.15' does not have a valid namespace
[00:46:59][jomini_onaction.cpp:180]: OnAction on_monthly_pulse is trying to add unknown random event with ID [red_scare.15] at: common/journal_entries/00_red_scare.txt:50
[00:46:59][jomini_eventmanager.cpp:118]: 'prostitution.1' does not have a valid namespace
[00:46:59][jomini_onaction.cpp:180]: OnAction on_monthly_pulse is trying to add unknown random event with ID [prostitution.1] at: common/journal_entries/00_scotland_yard.txt:21
[00:46:59][jomini_eventmanager.cpp:118]: 'prostitution.2' does not have a valid namespace
[00:46:59][jomini_onaction.cpp:180]: OnAction on_monthly_pulse is trying to add unknown random event with ID [prostitution.2] at: common/journal_entries/00_scotland_yard.txt:22
[00:46:59][jomini_eventmanager.cpp:118]: 'prostitution.3' does not have a valid namespace
[00:46:59][jomini_onaction.cpp:180]: OnAction on_monthly_pulse is trying to add unknown random event with ID [prostitution.3] at: common/journal_entries/00_scotland_yard.txt:23
[00:46:59][jomini_eventmanager.cpp:118]: 'prostitution.4' does not have a valid namespace
[00:46:59][jomini_onaction.cpp:180]: OnAction on_monthly_pulse is trying to add unknown random event with ID [prostitution.4] at: common/journal_entries/00_scotland_yard.txt:24
[00:46:59][jomini_eventmanager.cpp:118]: 'crime_events.1' does not have a valid namespace
[00:46:59][jomini_onaction.cpp:180]: OnAction on_monthly_pulse is trying to add unknown random event with ID [crime_events.1] at: common/journal_entries/00_scotland_yard.txt:26
[00:46:59][jomini_eventmanager.cpp:118]: 'crime_events.2' does not have a valid namespace
[00:46:59][jomini_onaction.cpp:180]: OnAction on_monthly_pulse is trying to add unknown random event with ID [crime_events.2] at: common/journal_entries/00_scotland_yard.txt:27
[00:46:59][jomini_eventmanager.cpp:118]: 'crime_events.10' does not have a valid namespace
[00:46:59][jomini_onaction.cpp:180]: OnAction on_monthly_pulse is trying to add unknown random event with ID [crime_events.10] at: common/journal_entries/00_scotland_yard.txt:28
[00:46:59][pdx_persistent_reader.cpp:268]: Error: "Unknown trigger type: any_state_region_in_africa, near line: 57" in file: "common/journal_entries/00_scramble_for_africa.txt" near line: 70
[00:46:59][jomini_eventmanager.cpp:118]: 'africa_colonial_events.4' does not have a valid namespace
[00:46:59][jomini_onaction.cpp:180]: OnAction on_yearly_pulse is trying to add unknown random event with ID [africa_colonial_events.4] at: common/journal_entries/00_scramble_for_africa.txt:179
[00:46:59][jomini_eventmanager.cpp:118]: 'africa_colonial_events.5' does not have a valid namespace
[00:46:59][jomini_onaction.cpp:180]: OnAction on_yearly_pulse is trying to add unknown random event with ID [africa_colonial_events.5] at: common/journal_entries/00_scramble_for_africa.txt:180
[00:46:59][jomini_eventmanager.cpp:118]: 'africa_colonial_events.6' does not have a valid namespace
[00:46:59][jomini_onaction.cpp:180]: OnAction on_yearly_pulse is trying to add unknown random event with ID [africa_colonial_events.6] at: common/journal_entries/00_scramble_for_africa.txt:181
[00:46:59][jomini_eventmanager.cpp:118]: 'africa_colonial_events.7' does not have a valid namespace
[00:46:59][jomini_onaction.cpp:180]: OnAction on_yearly_pulse is trying to add unknown random event with ID [africa_colonial_events.7] at: common/journal_entries/00_scramble_for_africa.txt:182
[00:46:59][jomini_eventmanager.cpp:118]: 'patagonia.2' does not have a valid namespace
[00:46:59][jomini_onaction.cpp:180]: OnAction on_yearly_pulse is trying to add unknown random event with ID [patagonia.2] at: common/journal_entries/00_scramble_for_africa.txt:183
[00:46:59][jomini_eventmanager.cpp:118]: 'amazon.2' does not have a valid namespace
[00:46:59][jomini_onaction.cpp:180]: OnAction on_yearly_pulse is trying to add unknown random event with ID [amazon.2] at: common/journal_entries/00_scramble_for_africa.txt:184
[00:46:59][jomini_eventmanager.cpp:118]: 'africa_colonial_events.40' does not have a valid namespace
[00:46:59][jomini_onaction.cpp:180]: OnAction on_yearly_pulse is trying to add unknown random event with ID [africa_colonial_events.40] at: common/journal_entries/00_scramble_for_africa.txt:186
[00:46:59][jomini_eventmanager.cpp:118]: 'africa_colonial_events.41' does not have a valid namespace
[00:46:59][jomini_onaction.cpp:180]: OnAction on_yearly_pulse is trying to add unknown random event with ID [africa_colonial_events.41] at: common/journal_entries/00_scramble_for_africa.txt:187
[00:46:59][jomini_eventmanager.cpp:118]: 'africa_colonial_events.51' does not have a valid namespace
[00:46:59][jomini_onaction.cpp:180]: OnAction on_yearly_pulse is trying to add unknown random event with ID [africa_colonial_events.51] at: common/journal_entries/00_scramble_for_africa.txt:188
[00:46:59][jomini_eventmanager.cpp:118]: 'africa_colonial_events.53' does not have a valid namespace
[00:46:59][jomini_onaction.cpp:180]: OnAction on_yearly_pulse is trying to add unknown random event with ID [africa_colonial_events.53] at: common/journal_entries/00_scramble_for_africa.txt:189
[00:46:59][jomini_eventmanager.cpp:118]: 'africa_colonial_events.54' does not have a valid namespace
[00:46:59][jomini_onaction.cpp:180]: OnAction on_yearly_pulse is trying to add unknown random event with ID [africa_colonial_events.54] at: common/journal_entries/00_scramble_for_africa.txt:190
[00:46:59][pdx_persistent_reader.cpp:268]: Error: "Unexpected token: name, near line: 2" in file: "common/journal_entries/00_sick_man.txt" near line: 2
[00:46:59][pdx_persistent_reader.cpp:268]: Error: "Unexpected token: desc, near line: 3" in file: "common/journal_entries/00_sick_man.txt" near line: 3
[00:46:59][pdx_persistent_reader.cpp:268]: Error: "Unexpected token: name, near line: 52" in file: "common/journal_entries/00_sick_man.txt" near line: 52
[00:46:59][pdx_persistent_reader.cpp:268]: Error: "Unexpected token: desc, near line: 53" in file: "common/journal_entries/00_sick_man.txt" near line: 53
[00:46:59][pdx_persistent_reader.cpp:268]: Error: "Unexpected token: name, near line: 107" in file: "common/journal_entries/00_sick_man.txt" near line: 107
[00:46:59][pdx_persistent_reader.cpp:268]: Error: "Unexpected token: desc, near line: 108" in file: "common/journal_entries/00_sick_man.txt" near line: 108
[00:46:59][pdx_persistent_reader.cpp:268]: Error: "Unexpected token: name, near line: 149" in file: "common/journal_entries/00_sick_man.txt" near line: 149
[00:46:59][pdx_persistent_reader.cpp:268]: Error: "Unexpected token: desc, near line: 150" in file: "common/journal_entries/00_sick_man.txt" near line: 150
[00:46:59][pdx_persistent_reader.cpp:268]: Error: "Unexpected token: name, near line: 199" in file: "common/journal_entries/00_sick_man.txt" near line: 199
[00:46:59][pdx_persistent_reader.cpp:268]: Error: "Unexpected token: desc, near line: 200" in file: "common/journal_entries/00_sick_man.txt" near line: 200
[00:46:59][pdx_persistent_reader.cpp:268]: Error: "Unexpected token: name, near line: 252" in file: "common/journal_entries/00_sick_man.txt" near line: 252
[00:46:59][pdx_persistent_reader.cpp:268]: Error: "Unexpected token: desc, near line: 253" in file: "common/journal_entries/00_sick_man.txt" near line: 253
[00:46:59][jomini_eventmanager.cpp:118]: 'tanzimat_events.5' does not have a valid namespace
[00:46:59][jomini_onaction.cpp:180]: OnAction on_monthly_pulse is trying to add unknown random event with ID [tanzimat_events.5] at: common/journal_entries/00_sick_man.txt:288
[00:46:59][pdx_persistent_reader.cpp:268]: Error: "Unexpected token: name, near line: 329" in file: "common/journal_entries/00_sick_man.txt" near line: 329
[00:46:59][pdx_persistent_reader.cpp:268]: Error: "Unexpected token: desc, near line: 330" in file: "common/journal_entries/00_sick_man.txt" near line: 330
[00:46:59][jomini_eventmanager.cpp:118]: 'tanzimat_events.10' does not have a valid namespace
[00:46:59][jomini_onaction.cpp:290]: Invalid event id tanzimat_events.10 At: common/journal_entries/00_sick_man.txt:372
[00:46:59][pdx_persistent_reader.cpp:268]: Error: "Unexpected token: name, near line: 394" in file: "common/journal_entries/00_sick_man.txt" near line: 394
[00:46:59][pdx_persistent_reader.cpp:268]: Error: "Unexpected token: desc, near line: 395" in file: "common/journal_entries/00_sick_man.txt" near line: 395
[00:46:59][jomini_eventmanager.cpp:118]: 'tanzimat_events.9' does not have a valid namespace
[00:46:59][jomini_onaction.cpp:180]: OnAction on_monthly_pulse is trying to add unknown random event with ID [tanzimat_events.9] at: common/journal_entries/00_sick_man.txt:423
[00:46:59][jomini_eventmanager.cpp:118]: 'sol_events.3' does not have a valid namespace
[00:46:59][jomini_onaction.cpp:180]: OnAction on_monthly_pulse is trying to add unknown random event with ID [sol_events.3] at: common/journal_entries/00_standard_of_living.txt:75
[00:46:59][jomini_eventmanager.cpp:118]: 'sol_events.4' does not have a valid namespace
[00:46:59][jomini_onaction.cpp:180]: OnAction on_monthly_pulse is trying to add unknown random event with ID [sol_events.4] at: common/journal_entries/00_standard_of_living.txt:76
[00:46:59][jomini_eventmanager.cpp:118]: 'sol_events.5' does not have a valid namespace
[00:46:59][jomini_onaction.cpp:180]: OnAction on_monthly_pulse is trying to add unknown random event with ID [sol_events.5] at: common/journal_entries/00_standard_of_living.txt:77
[00:46:59][jomini_eventmanager.cpp:118]: 'sol_events.6' does not have a valid namespace
[00:46:59][jomini_onaction.cpp:180]: OnAction on_monthly_pulse is trying to add unknown random event with ID [sol_events.6] at: common/journal_entries/00_standard_of_living.txt:78
[00:46:59][jomini_eventmanager.cpp:118]: 'strike.3' does not have a valid namespace
[00:46:59][jomini_onaction.cpp:290]: Invalid event id strike.3 At: common/journal_entries/00_strike_je.txt:105
[00:46:59][jomini_eventmanager.cpp:118]: 'strike.5' does not have a valid namespace
[00:46:59][jomini_onaction.cpp:180]: OnAction on_monthly_pulse is trying to add unknown random event with ID [strike.5] at: common/journal_entries/00_strike_je.txt:109
[00:46:59][jomini_eventmanager.cpp:118]: 'strike.6' does not have a valid namespace
[00:46:59][jomini_onaction.cpp:180]: OnAction on_monthly_pulse is trying to add unknown random event with ID [strike.6] at: common/journal_entries/00_strike_je.txt:110
[00:46:59][jomini_eventmanager.cpp:118]: 'strike.7' does not have a valid namespace
[00:46:59][jomini_onaction.cpp:180]: OnAction on_monthly_pulse is trying to add unknown random event with ID [strike.7] at: common/journal_entries/00_strike_je.txt:111
[00:46:59][jomini_eventmanager.cpp:118]: 'CHI_missionaries.1' does not have a valid namespace
[00:46:59][jomini_onaction.cpp:180]: OnAction on_monthly_pulse is trying to add unknown random event with ID [CHI_missionaries.1] at: common/journal_entries/00_taiping.txt:103
[00:46:59][jomini_eventmanager.cpp:118]: 'CHI_missionaries.2' does not have a valid namespace
[00:46:59][jomini_onaction.cpp:180]: OnAction on_monthly_pulse is trying to add unknown random event with ID [CHI_missionaries.2] at: common/journal_entries/00_taiping.txt:104
[00:46:59][jomini_eventmanager.cpp:118]: 'CHI_missionaries.3' does not have a valid namespace
[00:46:59][jomini_onaction.cpp:180]: OnAction on_monthly_pulse is trying to add unknown random event with ID [CHI_missionaries.3] at: common/journal_entries/00_taiping.txt:105
[00:46:59][jomini_eventmanager.cpp:118]: 'CHI_missionaries.4' does not have a valid namespace
[00:46:59][jomini_onaction.cpp:180]: OnAction on_monthly_pulse is trying to add unknown random event with ID [CHI_missionaries.4] at: common/journal_entries/00_taiping.txt:106
[00:46:59][jomini_eventmanager.cpp:118]: 'CHI_missionaries.5' does not have a valid namespace
[00:46:59][jomini_onaction.cpp:180]: OnAction on_monthly_pulse is trying to add unknown random event with ID [CHI_missionaries.5] at: common/journal_entries/00_taiping.txt:107
[00:46:59][jomini_eventmanager.cpp:118]: 'heavenly.3' does not have a valid namespace
[00:46:59][jomini_onaction.cpp:180]: OnAction on_monthly_pulse is trying to add unknown random event with ID [heavenly.3] at: common/journal_entries/00_taiping.txt:200
[00:46:59][journal_entry_type.cpp:112]: Failed to read key reference favour_belgium_button from database common/journal_entries/00_treaty_of_london.txt:13
[00:46:59][journal_entry_type.cpp:112]: Failed to read key reference favour_netherlands_button from database common/journal_entries/00_treaty_of_london.txt:14
[00:46:59][journal_entry_type.cpp:112]: Failed to read key reference partition_compromise_button from database common/journal_entries/00_treaty_of_london.txt:15
[00:46:59][journal_entry_type.cpp:112]: Failed to read key reference luxembourg_compromise_button from database common/journal_entries/00_treaty_of_london.txt:16
[00:46:59][journal_entry_type.cpp:112]: Failed to read key reference london_conference_approve_button from database common/journal_entries/00_treaty_of_london.txt:17
[00:46:59][journal_entry_type.cpp:112]: Failed to read key reference london_conference_disapprove_button from database common/journal_entries/00_treaty_of_london.txt:18
[00:46:59][journal_entry_type.cpp:112]: Failed to read key reference je_unite_the_nations_proclaim_turtle_island_button from database common/journal_entries/00_turtle_island.txt:6
[00:46:59][journal_entry_type.cpp:112]: Failed to read key reference je_unite_the_nations_organize_the_tribes_button from database common/journal_entries/00_turtle_island.txt:7
[00:46:59][journal_entry_type.cpp:112]: Failed to read key reference je_unite_the_nations_offer_confederation_button from database common/journal_entries/00_turtle_island.txt:8
[00:46:59][jomini_eventmanager.cpp:118]: 'dreyfus.4' does not have a valid namespace
[00:46:59][jomini_onaction.cpp:180]: OnAction on_monthly_pulse is trying to add unknown random event with ID [dreyfus.4] at: common/journal_entries/01_dreyfus_affair.txt:67
[00:46:59][jomini_eventmanager.cpp:118]: 'dreyfus.5' does not have a valid namespace
[00:46:59][jomini_onaction.cpp:180]: OnAction on_monthly_pulse is trying to add unknown random event with ID [dreyfus.5] at: common/journal_entries/01_dreyfus_affair.txt:68
[00:46:59][jomini_eventmanager.cpp:118]: 'dreyfus.6' does not have a valid namespace
[00:46:59][jomini_onaction.cpp:180]: OnAction on_monthly_pulse is trying to add unknown random event with ID [dreyfus.6] at: common/journal_entries/01_dreyfus_affair.txt:69
[00:46:59][jomini_eventmanager.cpp:118]: 'dreyfus.7' does not have a valid namespace
[00:46:59][jomini_onaction.cpp:180]: OnAction on_monthly_pulse is trying to add unknown random event with ID [dreyfus.7] at: common/journal_entries/01_dreyfus_affair.txt:70
[00:46:59][jomini_eventmanager.cpp:118]: 'dreyfus.9' does not have a valid namespace
[00:46:59][jomini_onaction.cpp:180]: OnAction on_monthly_pulse is trying to add unknown random event with ID [dreyfus.9] at: common/journal_entries/01_dreyfus_affair.txt:71
[00:46:59][journal_entry_type.cpp:112]: Failed to read key reference je_haitian_debt_negotiation_button from database common/journal_entries/01_hispaniola.txt:10
[00:46:59][journal_entry_type.cpp:112]: Failed to read key reference je_haitian_debt_payment_button from database common/journal_entries/01_hispaniola.txt:11
[00:46:59][journal_entry_type.cpp:112]: Failed to read key reference je_haitian_cancel_debt_button from database common/journal_entries/01_hispaniola.txt:12
[00:46:59][jomini_eventmanager.cpp:118]: 'silkworm_diseases.2' does not have a valid namespace
[00:46:59][jomini_onaction.cpp:180]: OnAction on_monthly_pulse is trying to add unknown random event with ID [silkworm_diseases.2] at: common/journal_entries/01_silkworm_diseases.txt:105
[00:46:59][jomini_eventmanager.cpp:118]: 'silkworm_diseases.4' does not have a valid namespace
[00:46:59][jomini_onaction.cpp:180]: OnAction on_monthly_pulse is trying to add unknown random event with ID [silkworm_diseases.4] at: common/journal_entries/01_silkworm_diseases.txt:106
[00:46:59][jomini_eventmanager.cpp:118]: 'silkworm_diseases.5' does not have a valid namespace
[00:46:59][jomini_onaction.cpp:180]: OnAction on_monthly_pulse is trying to add unknown random event with ID [silkworm_diseases.5] at: common/journal_entries/01_silkworm_diseases.txt:107
[00:46:59][jomini_eventmanager.cpp:118]: 'silkworm_diseases.6' does not have a valid namespace
[00:46:59][jomini_onaction.cpp:180]: OnAction on_monthly_pulse is trying to add unknown random event with ID [silkworm_diseases.6] at: common/journal_entries/01_silkworm_diseases.txt:108
[00:46:59][jomini_eventmanager.cpp:118]: 'silkworm_diseases.7' does not have a valid namespace
[00:46:59][jomini_onaction.cpp:180]: OnAction on_monthly_pulse is trying to add unknown random event with ID [silkworm_diseases.7] at: common/journal_entries/01_silkworm_diseases.txt:109
[00:46:59][journal_entry_type.cpp:112]: Failed to read key reference upgrade_amazon_button_1 from database common/journal_entries/02_amazonas.txt:16
[00:46:59][journal_entry_type.cpp:112]: Failed to read key reference upgrade_amazon_button_2 from database common/journal_entries/02_amazonas.txt:17
[00:46:59][journal_entry_type.cpp:112]: Failed to read key reference amazon_border_treaty_button_1 from database common/journal_entries/02_amazonas.txt:18
[00:46:59][journal_entry_type.cpp:112]: Failed to read key reference amazon_border_treaty_button_2 from database common/journal_entries/02_amazonas.txt:19
[00:46:59][journal_entry_type.cpp:112]: Failed to read key reference acre_dispute_button from database common/journal_entries/02_amazonas.txt:20
[00:46:59][jomini_eventmanager.cpp:118]: 'amazon.1' does not have a valid namespace
[00:46:59][jomini_onaction.cpp:180]: OnAction on_monthly_pulse is trying to add unknown random event with ID [amazon.1] at: common/journal_entries/02_amazonas.txt:31
[00:46:59][jomini_eventmanager.cpp:118]: 'amazon.2' does not have a valid namespace
[00:46:59][jomini_onaction.cpp:180]: OnAction on_monthly_pulse is trying to add unknown random event with ID [amazon.2] at: common/journal_entries/02_amazonas.txt:32
[00:46:59][jomini_eventmanager.cpp:118]: 'amazonas.8' does not have a valid namespace
[00:46:59][jomini_onaction.cpp:180]: OnAction on_monthly_pulse is trying to add unknown random event with ID [amazonas.8] at: common/journal_entries/02_amazonas.txt:33
[00:46:59][jomini_eventmanager.cpp:118]: 'caudillo.4' does not have a valid namespace
[00:46:59][jomini_onaction.cpp:180]: OnAction on_monthly_pulse is trying to add unknown random event with ID [caudillo.4] at: common/journal_entries/02_caudillo.txt:68
[00:46:59][jomini_eventmanager.cpp:118]: 'caudillo.6' does not have a valid namespace
[00:46:59][jomini_onaction.cpp:180]: OnAction on_monthly_pulse is trying to add unknown random event with ID [caudillo.6] at: common/journal_entries/02_caudillo.txt:69
[00:46:59][pdx_persistent_reader.cpp:268]: Error: "Unknown trigger type: any_country_in_south_america, near line: 226" in file: "common/journal_entries/02_peru_bolivia.txt" near line: 230
[00:46:59][pdx_persistent_reader.cpp:268]: Error: "Unknown trigger type: any_country_in_south_america, near line: 259" in file: "common/journal_entries/02_peru_bolivia.txt" near line: 263
[00:46:59][journal_entry_type.cpp:112]: Failed to read key reference southamerica_migration_button from database common/journal_entries/02_south_america_migration.txt:139
[00:46:59][journal_entry_type.cpp:112]: Failed to read key reference southamerica_migration_button from database common/journal_entries/02_south_america_migration.txt:279
[00:46:59][journal_entry_type.cpp:112]: Failed to read key reference southamerica_migration_button from database common/journal_entries/02_south_america_migration.txt:455
[00:46:59][journal_entry_type.cpp:112]: Failed to read key reference je_south_american_national_identity_integrate_a_state from database common/journal_entries/02_south_american_national_identity.txt:605
[00:46:59][jomini_eventmanager.cpp:118]: 'gg_korea.4' does not have a valid namespace
[00:46:59][jomini_onaction.cpp:180]: OnAction on_monthly_pulse is trying to add unknown random event with ID [gg_korea.4] at: common/journal_entries/03_korea.txt:51
[00:46:59][jomini_eventmanager.cpp:118]: 'tibet_expedition_events.4' does not have a valid namespace
[00:46:59][jomini_onaction.cpp:180]: OnAction on_monthly_pulse is trying to add unknown random event with ID [tibet_expedition_events.4] at: common/journal_entries/03_tibetan_expedition.txt:12
[00:46:59][jomini_eventmanager.cpp:118]: 'tibet_expedition_events.5' does not have a valid namespace
[00:46:59][jomini_onaction.cpp:180]: OnAction on_monthly_pulse is trying to add unknown random event with ID [tibet_expedition_events.5] at: common/journal_entries/03_tibetan_expedition.txt:13
[00:46:59][jomini_eventmanager.cpp:118]: 'tibet_expedition_events.6' does not have a valid namespace
[00:46:59][jomini_onaction.cpp:180]: OnAction on_monthly_pulse is trying to add unknown random event with ID [tibet_expedition_events.6] at: common/journal_entries/03_tibetan_expedition.txt:14
[00:46:59][jomini_eventmanager.cpp:118]: 'tibet_expedition_events.7' does not have a valid namespace
[00:46:59][jomini_onaction.cpp:180]: OnAction on_monthly_pulse is trying to add unknown random event with ID [tibet_expedition_events.7] at: common/journal_entries/03_tibetan_expedition.txt:15
[00:46:59][jomini_eventmanager.cpp:118]: 'tibet_expedition_events.29' does not have a valid namespace
[00:46:59][jomini_onaction.cpp:180]: OnAction on_monthly_pulse is trying to add unknown random event with ID [tibet_expedition_events.29] at: common/journal_entries/03_tibetan_expedition.txt:16
[00:46:59][jomini_eventmanager.cpp:118]: 'tibet_expedition_events.8' does not have a valid namespace
[00:46:59][jomini_onaction.cpp:180]: OnAction on_monthly_pulse is trying to add unknown random event with ID [tibet_expedition_events.8] at: common/journal_entries/03_tibetan_expedition.txt:19
[00:46:59][jomini_eventmanager.cpp:118]: 'tibet_expedition_events.14' does not have a valid namespace
[00:46:59][jomini_onaction.cpp:180]: OnAction on_monthly_pulse is trying to add unknown random event with ID [tibet_expedition_events.14] at: common/journal_entries/03_tibetan_expedition.txt:25
[00:46:59][jomini_eventmanager.cpp:118]: 'tibet_expedition_events.18' does not have a valid namespace
[00:46:59][jomini_onaction.cpp:180]: OnAction on_monthly_pulse is trying to add unknown random event with ID [tibet_expedition_events.18] at: common/journal_entries/03_tibetan_expedition.txt:26
[00:46:59][jomini_eventmanager.cpp:118]: 'tibet_expedition_events.19' does not have a valid namespace
[00:46:59][jomini_onaction.cpp:180]: OnAction on_monthly_pulse is trying to add unknown random event with ID [tibet_expedition_events.19] at: common/journal_entries/03_tibetan_expedition.txt:27
[00:46:59][jomini_eventmanager.cpp:118]: 'tibet_expedition_events.20' does not have a valid namespace
[00:46:59][jomini_onaction.cpp:180]: OnAction on_monthly_pulse is trying to add unknown random event with ID [tibet_expedition_events.20] at: common/journal_entries/03_tibetan_expedition.txt:30
[00:46:59][jomini_effect.cpp:542]: Unknown effect great_game_britain_progress_10 at common/journal_entries/03_tibetan_expedition.txt:131
[00:46:59][jomini_effect.cpp:542]: Unknown effect great_game_russia_progress_10 at common/journal_entries/03_tibetan_expedition.txt:138
[00:46:59][jomini_eventmanager.cpp:118]: 'caste_conflict.4' does not have a valid namespace
[00:46:59][jomini_onaction.cpp:180]: OnAction on_monthly_pulse is trying to add unknown random event with ID [caste_conflict.4] at: common/journal_entries/04_dravidian_movement.txt:93
[00:46:59][jomini_eventmanager.cpp:118]: 'caste_conflict.5' does not have a valid namespace
[00:46:59][jomini_onaction.cpp:180]: OnAction on_monthly_pulse is trying to add unknown random event with ID [caste_conflict.5] at: common/journal_entries/04_dravidian_movement.txt:94
[00:46:59][jomini_eventmanager.cpp:118]: 'mughal.1' does not have a valid namespace
[00:46:59][jomini_onaction.cpp:180]: OnAction on_monthly_pulse is trying to add unknown random event with ID [mughal.1] at: common/journal_entries/04_mughals.txt:53
[00:46:59][jomini_eventmanager.cpp:118]: 'mughal.4' does not have a valid namespace
[00:46:59][jomini_onaction.cpp:180]: OnAction on_monthly_pulse is trying to add unknown random event with ID [mughal.4] at: common/journal_entries/04_mughals.txt:54
[00:46:59][jomini_eventmanager.cpp:118]: 'mughal.5' does not have a valid namespace
[00:46:59][jomini_onaction.cpp:180]: OnAction on_monthly_pulse is trying to add unknown random event with ID [mughal.5] at: common/journal_entries/04_mughals.txt:55
[00:46:59][jomini_eventmanager.cpp:118]: 'mughal.6' does not have a valid namespace
[00:46:59][jomini_onaction.cpp:180]: OnAction on_monthly_pulse is trying to add unknown random event with ID [mughal.6] at: common/journal_entries/04_mughals.txt:56
[00:46:59][jomini_eventmanager.cpp:118]: 'princely_states.3' does not have a valid namespace
[00:46:59][jomini_onaction.cpp:180]: OnAction on_yearly_pulse is trying to add unknown random event with ID [princely_states.3] at: common/journal_entries/04_princely_states.txt:89
[00:46:59][jomini_eventmanager.cpp:118]: 'princely_states.4' does not have a valid namespace
[00:46:59][jomini_onaction.cpp:180]: OnAction on_yearly_pulse is trying to add unknown random event with ID [princely_states.4] at: common/journal_entries/04_princely_states.txt:90
[00:46:59][jomini_eventmanager.cpp:118]: 'princely_states.5' does not have a valid namespace
[00:46:59][jomini_onaction.cpp:180]: OnAction on_yearly_pulse is trying to add unknown random event with ID [princely_states.5] at: common/journal_entries/04_princely_states.txt:91
[00:46:59][jomini_eventmanager.cpp:118]: 'sikh_empire.1' does not have a valid namespace
[00:46:59][jomini_onaction.cpp:180]: OnAction on_monthly_pulse is trying to add unknown random event with ID [sikh_empire.1] at: common/journal_entries/04_sikh_empire.txt:152
[00:46:59][jomini_eventmanager.cpp:118]: 'sikh_empire.4' does not have a valid namespace
[00:46:59][jomini_onaction.cpp:180]: OnAction on_monthly_pulse is trying to add unknown random event with ID [sikh_empire.4] at: common/journal_entries/04_sikh_empire.txt:153
[00:46:59][jomini_eventmanager.cpp:118]: 'national_awakening.2' does not have a valid namespace
[00:46:59][jomini_onaction.cpp:180]: OnAction on_monthly_pulse is trying to add unknown random event with ID [national_awakening.2] at: common/journal_entries/05_balkan_national_awakening.txt:66
[00:46:59][jomini_eventmanager.cpp:118]: 'national_awakening.3' does not have a valid namespace
[00:46:59][jomini_onaction.cpp:180]: OnAction on_monthly_pulse is trying to add unknown random event with ID [national_awakening.3] at: common/journal_entries/05_balkan_national_awakening.txt:67
[00:46:59][jomini_eventmanager.cpp:118]: 'national_awakening.4' does not have a valid namespace
[00:46:59][jomini_onaction.cpp:180]: OnAction on_monthly_pulse is trying to add unknown random event with ID [national_awakening.4] at: common/journal_entries/05_balkan_national_awakening.txt:68
[00:46:59][jomini_eventmanager.cpp:118]: 'national_awakening.5' does not have a valid namespace
[00:46:59][jomini_onaction.cpp:180]: OnAction on_monthly_pulse is trying to add unknown random event with ID [national_awakening.5] at: common/journal_entries/05_balkan_national_awakening.txt:69
[00:46:59][jomini_eventmanager.cpp:118]: 'national_awakening.6' does not have a valid namespace
[00:46:59][jomini_onaction.cpp:180]: OnAction on_monthly_pulse is trying to add unknown random event with ID [national_awakening.6] at: common/journal_entries/05_balkan_national_awakening.txt:70
[00:46:59][jomini_eventmanager.cpp:118]: 'national_awakening.7' does not have a valid namespace
[00:46:59][jomini_onaction.cpp:180]: OnAction on_monthly_pulse is trying to add unknown random event with ID [national_awakening.7] at: common/journal_entries/05_balkan_national_awakening.txt:71
[00:46:59][journal_entry_type.cpp:112]: Failed to read key reference je_the_balkan_league_research_mil_tech_start_button from database common/journal_entries/05_balkan_wars.txt:6
[00:46:59][journal_entry_type.cpp:112]: Failed to read key reference je_the_balkan_league_research_mil_tech_stop_button from database common/journal_entries/05_balkan_wars.txt:7
[00:46:59][journal_entry_type.cpp:112]: Failed to read key reference je_the_balkan_league_invite_vassals_button from database common/journal_entries/05_balkan_wars.txt:8
[00:46:59][journal_entry_type.cpp:112]: Failed to read key reference je_the_balkan_league_overwork_arms_industries_start_button from database common/journal_entries/05_balkan_wars.txt:9
[00:46:59][journal_entry_type.cpp:112]: Failed to read key reference je_the_balkan_league_overwork_arms_industries_stop_button from database common/journal_entries/05_balkan_wars.txt:10
[00:46:59][journal_entry_type.cpp:112]: Failed to read key reference je_the_balkan_league_muster_button from database common/journal_entries/05_balkan_wars.txt:11
[00:46:59][journal_entry_type.cpp:112]: Failed to read key reference je_the_balkan_league_resign_button from database common/journal_entries/05_balkan_wars.txt:12
[00:46:59][journal_entry_type.cpp:112]: Failed to read key reference je_the_balkan_league_start_war from database common/journal_entries/05_balkan_wars.txt:13
[00:46:59][jomini_eventmanager.cpp:118]: 'balkan_wars.8' does not have a valid namespace
[00:46:59][jomini_onaction.cpp:180]: OnAction on_monthly_pulse is trying to add unknown random event with ID [balkan_wars.8] at: common/journal_entries/05_balkan_wars.txt:24
[00:46:59][jomini_eventmanager.cpp:118]: 'balkan_wars.9' does not have a valid namespace
[00:46:59][jomini_onaction.cpp:180]: OnAction on_monthly_pulse is trying to add unknown random event with ID [balkan_wars.9] at: common/journal_entries/05_balkan_wars.txt:25
[00:46:59][jomini_eventmanager.cpp:118]: 'balkan_wars.10' does not have a valid namespace
[00:46:59][jomini_onaction.cpp:180]: OnAction on_monthly_pulse is trying to add unknown random event with ID [balkan_wars.10] at: common/journal_entries/05_balkan_wars.txt:26
[00:46:59][jomini_eventmanager.cpp:118]: 'balkan_wars.9' does not have a valid namespace
[00:46:59][jomini_onaction.cpp:180]: OnAction on_monthly_pulse is trying to add unknown random event with ID [balkan_wars.9] at: common/journal_entries/05_balkan_wars.txt:298
[00:46:59][jomini_effect.cpp:542]: Unknown effect every_state_region_in_greater_bulgaria at common/journal_entries/05_bulgaria_je.txt:88
[00:46:59][journal_entry_type.cpp:112]: Failed to read key reference je_montenegrin_raiding_decrease_button from database common/journal_entries/05_montenegro_je.txt:77
[00:46:59][journal_entry_type.cpp:112]: Failed to read key reference je_montenegrin_raiding_increase_button from database common/journal_entries/05_montenegro_je.txt:78
[00:46:59][journal_entry_type.cpp:112]: Failed to read key reference je_montenegrin_visit_moscow from database common/journal_entries/05_montenegro_je.txt:330
[00:46:59][journal_entry_type.cpp:112]: Failed to read key reference je_montenegrin_make_saint from database common/journal_entries/05_montenegro_je.txt:331
[00:46:59][journal_entry_type.cpp:112]: Failed to read key reference je_montenegrin_tur_raid_back from database common/journal_entries/05_montenegro_je.txt:662
[00:46:59][jomini_effect.cpp:542]: Unknown effect the_grand_collapse_mod_cleanser at common/journal_entries/05_the_grand_collapse.txt:102
[00:46:59][jomini_effect.cpp:542]: Unknown effect the_grand_collapse_mod_cleanser at common/journal_entries/05_the_grand_collapse.txt:140
[00:46:59][journal_entry_type.cpp:112]: Failed to read key reference je_iberia_union_button from database common/journal_entries/06_iberia.txt:6
[00:46:59][journal_entry_type.cpp:112]: Failed to read key reference je_iberia_preserve_union_button from database common/journal_entries/06_iberia.txt:7
[00:46:59][journal_entry_type.cpp:112]: Failed to read key reference je_iberia_adopt_esperanto_language from database common/journal_entries/06_iberia.txt:8
[00:46:59][journal_entry_type.cpp:112]: Failed to read key reference je_iberia_forsake_unification from database common/journal_entries/06_iberia.txt:9
[00:46:59][journal_entry_type.cpp:112]: Failed to read key reference je_vernacular_policy_accept_catalan_button from database common/journal_entries/06_language_policy.txt:6
[00:46:59][journal_entry_type.cpp:112]: Failed to read key reference je_vernacular_policy_accept_aragonese_button from database common/journal_entries/06_language_policy.txt:7
[00:46:59][journal_entry_type.cpp:112]: Failed to read key reference je_vernacular_policy_accept_asturleonese_button from database common/journal_entries/06_language_policy.txt:8
[00:46:59][journal_entry_type.cpp:112]: Failed to read key reference je_vernacular_policy_accept_galician_button from database common/journal_entries/06_language_policy.txt:9
[00:46:59][journal_entry_type.cpp:112]: Failed to read key reference je_vernacular_policy_accept_basque_button from database common/journal_entries/06_language_policy.txt:10
[00:46:59][journal_entry_type.cpp:112]: Failed to read key reference je_vernacular_policy_accept_francoprovencal_button from database common/journal_entries/06_language_policy.txt:13
[00:46:59][journal_entry_type.cpp:112]: Failed to read key reference je_vernacular_policy_accept_breton_button from database common/journal_entries/06_language_policy.txt:14
[00:46:59][journal_entry_type.cpp:112]: Failed to read key reference je_vernacular_policy_accept_occitan_button from database common/journal_entries/06_language_policy.txt:15
[00:46:59][journal_entry_type.cpp:112]: Failed to read key reference je_vernacular_policy_accept_wallonian_button from database common/journal_entries/06_language_policy.txt:16
[00:46:59][journal_entry_type.cpp:112]: Failed to read key reference je_lands_of_anarchy_harka_activate_button from database common/journal_entries/06_morocco_lands_of_anarchy.txt:13
[00:46:59][journal_entry_type.cpp:112]: Failed to read key reference je_lands_of_anarchy_harka_deactivate_button from database common/journal_entries/06_morocco_lands_of_anarchy.txt:14
[00:46:59][journal_entry_type.cpp:112]: Failed to read key reference je_lands_of_anarchy_colonize_sahara_button from database common/journal_entries/06_morocco_lands_of_anarchy.txt:15
[00:46:59][journal_entry_type.cpp:112]: Failed to read key reference je_spain_provisional_government_portuguese_button from database common/journal_entries/06_spain_provisional_government.txt:6
[00:46:59][journal_entry_type.cpp:112]: Failed to read key reference je_spain_provisional_government_espartero_button from database common/journal_entries/06_spain_provisional_government.txt:7
[00:46:59][journal_entry_type.cpp:112]: Failed to read key reference je_spain_provisional_government_hohenzollern_button from database common/journal_entries/06_spain_provisional_government.txt:8
[00:46:59][journal_entry_type.cpp:112]: Failed to read key reference je_spain_provisional_government_italian_button from database common/journal_entries/06_spain_provisional_government.txt:9
[00:46:59][journal_entry_type.cpp:112]: Failed to read key reference je_spain_provisional_government_isabelist_button from database common/journal_entries/06_spain_provisional_government.txt:10
[00:46:59][journal_entry_type.cpp:112]: Failed to read key reference je_spain_provisional_government_carlist_button from database common/journal_entries/06_spain_provisional_government.txt:11
[00:46:59][journal_entry_type.cpp:112]: Failed to read key reference je_spain_provisional_government_bonaparte_button from database common/journal_entries/06_spain_provisional_government.txt:12
[00:46:59][journal_entry_type.cpp:112]: Failed to read key reference je_spain_provisional_government_republic_button from database common/journal_entries/06_spain_provisional_government.txt:13
[00:46:59][journal_entry_type.cpp:112]: Failed to read key reference button_reestablish_new_spain from database common/journal_entries/06_spanish_new_world.txt:116
[00:46:59][journal_entry_type.cpp:112]: Failed to read key reference button_reestablish_new_grenada from database common/journal_entries/06_spanish_new_world.txt:117
[00:46:59][journal_entry_type.cpp:112]: Failed to read key reference button_reestablish_peru from database common/journal_entries/06_spanish_new_world.txt:118
[00:46:59][journal_entry_type.cpp:112]: Failed to read key reference button_reestablish_la_plata from database common/journal_entries/06_spanish_new_world.txt:119
[00:46:59][journal_entry_type.cpp:112]: Failed to read key reference button_reestablish_caribbean from database common/journal_entries/06_spanish_new_world.txt:120
[00:46:59][jomini_effect.cpp:542]: Unknown effect every_country_in_americas at common/journal_entries/06_spanish_new_world.txt:189
[00:46:59][jomini_effect.cpp:542]: Unknown effect every_country_in_americas at common/journal_entries/06_spanish_new_world.txt:212
[00:46:59][pdx_persistent_reader.cpp:268]: Error: "Unknown trigger type: any_country_in_americas, near line: 234" in file: "common/journal_entries/06_spanish_new_world.txt" near line: 253
[00:46:59][journal_entry_type.cpp:112]: Failed to read key reference button_proclaim_independence from database common/journal_entries/06_spanish_new_world.txt:294
[00:46:59][journal_entry_type.cpp:112]: Failed to read key reference je_iwakura_mission_recall_mission from database common/journal_entries/07_iwakura_mission.txt:8
[00:46:59][jomini_effect.cpp:542]: Unknown effect iwakura_mission_save_learning at common/journal_entries/07_iwakura_mission.txt:78
[00:46:59][journal_entry_type.cpp:112]: Failed to read key reference je_taikyo_proclamation_button from database common/journal_entries/07_japanese_religion.txt:10
[00:46:59][jomini_eventmanager.cpp:118]: 'ep2_sakoku.3' does not have a valid namespace
[00:46:59][jomini_onaction.cpp:180]: OnAction on_yearly_pulse is trying to add unknown random event with ID [ep2_sakoku.3] at: common/journal_entries/07_sakoku.txt:21
[00:46:59][virtualfilesystem.cpp:569]: Could not find texture due to 'VFSOpen Error: gfx/interface/icons/event_icons/event_diplomacy.dds not found'
[00:46:59][virtualfilesystem.cpp:569]: Could not find texture due to 'VFSOpen Error: gfx/interface/icons/event_icons/event_colonial.dds not found'
[00:46:59][virtualfilesystem.cpp:569]: Could not find texture due to 'VFSOpen Error: gfx/interface/icons/event_icons/event_colonial.dds not found'
[00:46:59][virtualfilesystem.cpp:569]: Could not find texture due to 'VFSOpen Error: gfx/interface/icons/event_icons/event_diplomacy.dds not found'
[00:46:59][pdx_persistent_reader.cpp:268]: Error: "Failed to read key reference: STATE_LOWER_EGYPT: STATE_LOWER_EGYPT, near line: 10" in file: "common/company_types/00_companies_africa.txt" near line: 10
[00:46:59][pdx_persistent_reader.cpp:268]: Error: "Failed to read key reference: STATE_SINAI: STATE_SINAI, near line: 147" in file: "common/company_types/00_companies_africa.txt" near line: 147
[00:46:59][pdx_persistent_reader.cpp:268]: Error: "Failed to read key reference: STATE_RIO_GRANDE: STATE_RIO_GRANDE, near line: 8" in file: "common/company_types/00_companies_americas.txt" near line: 8
[00:46:59][pdx_persistent_reader.cpp:268]: Error: "Failed to read key reference: STATE_ANTOFAGASTA: STATE_ANTOFAGASTA, near line: 158" in file: "common/company_types/00_companies_americas.txt" near line: 158
[00:46:59][pdx_persistent_reader.cpp:268]: Error: "Failed to read key reference: STATE_ZULIA: STATE_ZULIA, near line: 227
Failed to read key reference: STATE_MIRANDA: STATE_MIRANDA, near line: 227" in file: "common/company_types/00_companies_americas.txt" near line: 227
[00:46:59][pdx_persistent_reader.cpp:268]: Error: "Failed to read key reference: STATE_BAJO_PARAGUAY: STATE_BAJO_PARAGUAY, near line: 396" in file: "common/company_types/00_companies_americas.txt" near line: 396
[00:46:59][pdx_persistent_reader.cpp:268]: Error: "Failed to read key reference: STATE_SANTIAGO: STATE_SANTIAGO, near line: 477" in file: "common/company_types/00_companies_americas.txt" near line: 477
[00:46:59][pdx_persistent_reader.cpp:268]: Error: "Failed to read key reference: STATE_PASTAZA: STATE_PASTAZA, near line: 558" in file: "common/company_types/00_companies_americas.txt" near line: 558
[00:46:59][pdx_persistent_reader.cpp:268]: Error: "Failed to read key reference: STATE_MANITOBA: STATE_MANITOBA, near line: 697" in file: "common/company_types/00_companies_americas.txt" near line: 697
[00:46:59][pdx_persistent_reader.cpp:268]: Error: "Failed to read key reference: STATE_PANAMA: STATE_PANAMA, near line: 778" in file: "common/company_types/00_companies_americas.txt" near line: 778
[00:46:59][pdx_persistent_reader.cpp:268]: Error: "Failed to read key reference: STATE_EASTERN_THRACE: STATE_EASTERN_THRACE, near line: 99" in file: "common/company_types/00_companies_asia.txt" near line: 99
[00:46:59][pdx_persistent_reader.cpp:268]: Error: "Failed to read key reference: STATE_MACEDONIA: STATE_MACEDONIA, near line: 236" in file: "common/company_types/00_companies_asia.txt" near line: 236
[00:46:59][pdx_persistent_reader.cpp:268]: Error: "Failed to read key reference: STATE_EASTERN_THRACE: STATE_EASTERN_THRACE, near line: 326" in file: "common/company_types/00_companies_asia.txt" near line: 326
[00:46:59][pdx_persistent_reader.cpp:268]: Error: "Failed to read key reference: STATE_BOMBAY: STATE_BOMBAY, near line: 473" in file: "common/company_types/00_companies_asia.txt" near line: 473
[00:46:59][pdx_persistent_reader.cpp:268]: Error: "Failed to read key reference: STATE_TONKIN: STATE_TONKIN, near line: 645" in file: "common/company_types/00_companies_asia.txt" near line: 645
[00:46:59][pdx_persistent_reader.cpp:268]: Error: "Failed to read key reference: STATE_NEW_SOUTH_WALES: STATE_NEW_SOUTH_WALES, near line: 872" in file: "common/company_types/00_companies_asia.txt" near line: 872
[00:46:59][pdx_persistent_reader.cpp:268]: Error: "Failed to read key reference: STATE_BANGKOK: STATE_BANGKOK, near line: 951" in file: "common/company_types/00_companies_asia.txt" near line: 951
[00:46:59][pdx_persistent_reader.cpp:268]: Error: "Failed to read key reference: STATE_BOHEMIA: STATE_BOHEMIA, near line: 8" in file: "common/company_types/00_companies_austria_hungary.txt" near line: 8
[00:46:59][pdx_persistent_reader.cpp:268]: Error: "Failed to read key reference: STATE_CENTRAL_HUNGARY: STATE_CENTRAL_HUNGARY, near line: 107" in file: "common/company_types/00_companies_austria_hungary.txt" near line: 107
[00:46:59][pdx_persistent_reader.cpp:268]: Error: "Failed to read key reference: STATE_CENTRAL_HUNGARY: STATE_CENTRAL_HUNGARY, near line: 186" in file: "common/company_types/00_companies_austria_hungary.txt" near line: 186
[00:46:59][pdx_persistent_reader.cpp:268]: Error: "Failed to read key reference: STATE_EAST_GALICIA: STATE_EAST_GALICIA, near line: 267
Failed to read key reference: STATE_WEST_GALICIA: STATE_WEST_GALICIA, near line: 267" in file: "common/company_types/00_companies_austria_hungary.txt" near line: 267
[00:46:59][pdx_persistent_reader.cpp:268]: Error: "Failed to read key reference: STATE_AUSTRIA: STATE_AUSTRIA, near line: 349" in file: "common/company_types/00_companies_austria_hungary.txt" near line: 349
[00:46:59][pdx_persistent_reader.cpp:268]: Error: "Failed to read key reference: STATE_BEIJING: STATE_BEIJING, near line: 8
Failed to read key reference: STATE_ZHILI: STATE_ZHILI, near line: 8" in file: "common/company_types/00_companies_china.txt" near line: 8
[00:46:59][pdx_persistent_reader.cpp:268]: Error: "Failed to read key reference: STATE_EASTERN_HUBEI: STATE_EASTERN_HUBEI, near line: 94" in file: "common/company_types/00_companies_china.txt" near line: 94
[00:46:59][pdx_persistent_reader.cpp:268]: Error: "Failed to read key reference: STATE_FUJIAN: STATE_FUJIAN, near line: 177" in file: "common/company_types/00_companies_china.txt" near line: 177
[00:46:59][pdx_persistent_reader.cpp:268]: Error: "Failed to read key reference: STATE_JIANGXI: STATE_JIANGXI, near line: 249" in file: "common/company_types/00_companies_china.txt" near line: 249
[00:46:59][pdx_persistent_reader.cpp:268]: Error: "Failed to read key reference: STATE_SAO_PAULO: STATE_SAO_PAULO, near line: 8" in file: "common/company_types/00_companies_cots.txt" near line: 8
[00:46:59][pdx_persistent_reader.cpp:268]: Error: "Failed to read key reference: STATE_RIO_DE_JANEIRO: STATE_RIO_DE_JANEIRO, near line: 95" in file: "common/company_types/00_companies_cots.txt" near line: 95
[00:46:59][pdx_persistent_reader.cpp:268]: Error: "Failed to read key reference: STATE_PERNAMBUCO: STATE_PERNAMBUCO, near line: 172" in file: "common/company_types/00_companies_cots.txt" near line: 172
[00:46:59][pdx_persistent_reader.cpp:268]: Error: "Failed to read key reference: STATE_SAO_PAULO: STATE_SAO_PAULO, near line: 251" in file: "common/company_types/00_companies_cots.txt" near line: 251
[00:46:59][pdx_persistent_reader.cpp:268]: Error: "Failed to read key reference: STATE_RIO_GRANDE_DO_SUL: STATE_RIO_GRANDE_DO_SUL, near line: 336" in file: "common/company_types/00_companies_cots.txt" near line: 336
[00:46:59][pdx_persistent_reader.cpp:268]: Error: "Failed to read key reference: STATE_POTOSI: STATE_POTOSI, near line: 415" in file: "common/company_types/00_companies_cots.txt" near line: 415
[00:46:59][pdx_persistent_reader.cpp:268]: Error: "Failed to read key reference: STATE_SANTIAGO: STATE_SANTIAGO, near line: 543" in file: "common/company_types/00_companies_cots.txt" near line: 543
[00:46:59][pdx_persistent_reader.cpp:268]: Error: "Failed to read key reference: STATE_MIRANDA: STATE_MIRANDA, near line: 613" in file: "common/company_types/00_companies_cots.txt" near line: 613
[00:46:59][pdx_persistent_reader.cpp:268]: Error: "Failed to read key reference: STATE_LA_PAMPA: STATE_LA_PAMPA, near line: 683" in file: "common/company_types/00_companies_cots.txt" near line: 683
[00:46:59][pdx_persistent_reader.cpp:268]: Error: "Failed to read key reference: STATE_LIMA: STATE_LIMA, near line: 760" in file: "common/company_types/00_companies_cots.txt" near line: 760
[00:46:59][pdx_persistent_reader.cpp:268]: Error: "Failed to read key reference: STATE_KANSAI: STATE_KANSAI, near line: 8" in file: "common/company_types/00_companies_ep2.txt" near line: 8
[00:46:59][pdx_persistent_reader.cpp:268]: Error: "Failed to read key reference: STATE_KANTO: STATE_KANTO, near line: 109" in file: "common/company_types/00_companies_ep2.txt" near line: 109
[00:46:59][pdx_persistent_reader.cpp:268]: Error: "Failed to read key reference: STATE_KANTO: STATE_KANTO, near line: 217" in file: "common/company_types/00_companies_ep2.txt" near line: 217
[00:46:59][pdx_persistent_reader.cpp:268]: Error: "Failed to read key reference: STATE_MALAYA: STATE_MALAYA, near line: 296" in file: "common/company_types/00_companies_ep2.txt" near line: 296
[00:46:59][pdx_persistent_reader.cpp:268]: Error: "Failed to read key reference: STATE_TONKIN: STATE_TONKIN, near line: 384" in file: "common/company_types/00_companies_ep2.txt" near line: 384
[00:46:59][pdx_persistent_reader.cpp:268]: Error: "Failed to read key reference: STATE_NEW_SOUTH_WALES: STATE_NEW_SOUTH_WALES, near line: 462" in file: "common/company_types/00_companies_ep2.txt" near line: 462
[00:46:59][pdx_persistent_reader.cpp:268]: Error: "Failed to read key reference: STATE_ALENTEJO: STATE_ALENTEJO, near line: 549" in file: "common/company_types/00_companies_ep2.txt" near line: 549
[00:46:59][pdx_persistent_reader.cpp:268]: Error: "Failed to read key reference: STATE_PYONGYANG: STATE_PYONGYANG, near line: 641" in file: "common/company_types/00_companies_ep2.txt" near line: 641
[00:46:59][pdx_persistent_reader.cpp:268]: Error: "Failed to read key reference: STATE_BANGKOK: STATE_BANGKOK, near line: 718" in file: "common/company_types/00_companies_ep2.txt" near line: 718
[00:46:59][pdx_persistent_reader.cpp:268]: Error: "Failed to read key reference: STATE_LANCASHIRE: STATE_LANCASHIRE, near line: 793" in file: "common/company_types/00_companies_ep2.txt" near line: 793
[00:46:59][pdx_persistent_reader.cpp:268]: Error: "Failed to read key reference: STATE_HOLLAND: STATE_HOLLAND, near line: 868" in file: "common/company_types/00_companies_ep2.txt" near line: 868
[00:46:59][pdx_persistent_reader.cpp:268]: Error: "Failed to read key reference: STATE_EAST_SWITZERLAND: STATE_EAST_SWITZERLAND, near line: 948" in file: "common/company_types/00_companies_ep2.txt" near line: 948
[00:46:59][pdx_persistent_reader.cpp:268]: Error: "Failed to read key reference: STATE_BANGKOK: STATE_BANGKOK, near line: 1024" in file: "common/company_types/00_companies_ep2.txt" near line: 1024
[00:46:59][pdx_persistent_reader.cpp:268]: Error: "Failed to read key reference: STATE_WEST_JAVA: STATE_WEST_JAVA, near line: 1105" in file: "common/company_types/00_companies_ep2.txt" near line: 1105
[00:46:59][pdx_persistent_reader.cpp:268]: Error: "Failed to read key reference: STATE_LANCASHIRE: STATE_LANCASHIRE, near line: 1212" in file: "common/company_types/00_companies_ep2.txt" near line: 1212
[00:46:59][pdx_persistent_reader.cpp:268]: Error: "Failed to read key reference: STATE_KANTO: STATE_KANTO, near line: 1286" in file: "common/company_types/00_companies_ep2.txt" near line: 1286
[00:46:59][pdx_persistent_reader.cpp:268]: Error: "Failed to read key reference: STATE_FLANDERS: STATE_FLANDERS, near line: 85
Failed to read key reference: STATE_WALLONIA: STATE_WALLONIA, near line: 85" in file: "common/company_types/00_companies_europe.txt" near line: 85
[00:46:59][pdx_persistent_reader.cpp:268]: Error: "Failed to read key reference: STATE_WALLONIA: STATE_WALLONIA, near line: 164
Failed to read key reference: STATE_FLANDERS: STATE_FLANDERS, near line: 164" in file: "common/company_types/00_companies_europe.txt" near line: 164
[00:46:59][pdx_persistent_reader.cpp:268]: Error: "Failed to read key reference: STATE_HOLLAND: STATE_HOLLAND, near line: 314
Failed to read key reference: STATE_GELRE: STATE_GELRE, near line: 314" in file: "common/company_types/00_companies_europe.txt" near line: 314
[00:46:59][pdx_persistent_reader.cpp:268]: Error: "Failed to read key reference: STATE_ATTICA: STATE_ATTICA, near line: 400" in file: "common/company_types/00_companies_europe.txt" near line: 400
[00:46:59][pdx_persistent_reader.cpp:268]: Error: "Failed to read key reference: STATE_ATTICA: STATE_ATTICA, near line: 478" in file: "common/company_types/00_companies_europe.txt" near line: 478
[00:46:59][pdx_persistent_reader.cpp:268]: Error: "Failed to read key reference: STATE_SVEALAND: STATE_SVEALAND, near line: 567" in file: "common/company_types/00_companies_europe.txt" near line: 567
[00:46:59][pdx_persistent_reader.cpp:268]: Error: "Failed to read key reference: STATE_NORRLAND: STATE_NORRLAND, near line: 641" in file: "common/company_types/00_companies_europe.txt" near line: 641
[00:46:59][pdx_persistent_reader.cpp:268]: Error: "Failed to read key reference: STATE_GOTALAND: STATE_GOTALAND, near line: 719" in file: "common/company_types/00_companies_europe.txt" near line: 719
[00:46:59][pdx_persistent_reader.cpp:268]: Error: "Failed to read key reference: STATE_EASTERN_NORWAY: STATE_EASTERN_NORWAY, near line: 807" in file: "common/company_types/00_companies_europe.txt" near line: 807
[00:46:59][pdx_persistent_reader.cpp:268]: Error: "Failed to read key reference: STATE_UUSIMAA: STATE_UUSIMAA, near line: 876" in file: "common/company_types/00_companies_europe.txt" near line: 876
[00:46:59][pdx_persistent_reader.cpp:268]: Error: "Failed to read key reference: STATE_GREATER_POLAND: STATE_GREATER_POLAND, near line: 957" in file: "common/company_types/00_companies_europe.txt" near line: 957
[00:46:59][pdx_persistent_reader.cpp:268]: Error: "Failed to read key reference: STATE_MAZOVIA: STATE_MAZOVIA, near line: 1026
Failed to read key reference: STATE_GREATER_POLAND: STATE_GREATER_POLAND, near line: 1026" in file: "common/company_types/00_companies_europe.txt" near line: 1026
[00:46:59][pdx_persistent_reader.cpp:268]: Error: "Failed to read key reference: STATE_MOCAMBIQUE: STATE_MOCAMBIQUE, near line: 1121
Failed to read key reference: STATE_ZAMBEZIA: STATE_ZAMBEZIA, near line: 1121
Failed to read key reference: STATE_LOURENCO_MARQUES: STATE_LOURENCO_MARQUES, near line: 1121" in file: "common/company_types/00_companies_europe.txt" near line: 1121
[00:46:59][pdx_persistent_reader.cpp:268]: Error: "Failed to read key reference: STATE_BASQUE_COUNTRY: STATE_BASQUE_COUNTRY, near line: 1220" in file: "common/company_types/00_companies_europe.txt" near line: 1220
[00:46:59][pdx_persistent_reader.cpp:268]: Error: "Failed to read key reference: STATE_ASTURIAS: STATE_ASTURIAS, near line: 1299" in file: "common/company_types/00_companies_europe.txt" near line: 1299
[00:46:59][pdx_persistent_reader.cpp:268]: Error: "Failed to read key reference: STATE_CATALONIA: STATE_CATALONIA, near line: 1380" in file: "common/company_types/00_companies_europe.txt" near line: 1380
[00:46:59][pdx_persistent_reader.cpp:268]: Error: "Failed to read key reference: STATE_ASTURIAS: STATE_ASTURIAS, near line: 1459" in file: "common/company_types/00_companies_europe.txt" near line: 1459
[00:46:59][pdx_persistent_reader.cpp:268]: Error: "Failed to read key reference: STATE_WESTERN_SERBIA: STATE_WESTERN_SERBIA, near line: 1540" in file: "common/company_types/00_companies_europe.txt" near line: 1540
[00:46:59][pdx_persistent_reader.cpp:268]: Error: "Failed to read key reference: STATE_ZEALAND: STATE_ZEALAND, near line: 1620" in file: "common/company_types/00_companies_europe.txt" near line: 1620
[00:46:59][pdx_persistent_reader.cpp:268]: Error: "Failed to read key reference: STATE_ZEALAND: STATE_ZEALAND, near line: 1707" in file: "common/company_types/00_companies_europe.txt" near line: 1707
[00:46:59][pdx_persistent_reader.cpp:268]: Error: "Failed to read key reference: STATE_WALLACHIA: STATE_WALLACHIA, near line: 1853" in file: "common/company_types/00_companies_europe.txt" near line: 1853
[00:46:59][pdx_persistent_reader.cpp:268]: Error: "Failed to read key reference: STATE_CONSTANTINE: STATE_CONSTANTINE, near line: 8" in file: "common/company_types/00_companies_france.txt" near line: 8
[00:46:59][pdx_persistent_reader.cpp:268]: Error: "Failed to read key reference: STATE_BURGUNDY: STATE_BURGUNDY, near line: 75" in file: "common/company_types/00_companies_france.txt" near line: 75
[00:46:59][pdx_persistent_reader.cpp:268]: Error: "Failed to read key reference: STATE_BURGUNDY: STATE_BURGUNDY, near line: 150" in file: "common/company_types/00_companies_france.txt" near line: 150
[00:46:59][pdx_persistent_reader.cpp:268]: Error: "Failed to read key reference: STATE_CHAMPAGNE: STATE_CHAMPAGNE, near line: 231" in file: "common/company_types/00_companies_france.txt" near line: 231
[00:46:59][pdx_persistent_reader.cpp:268]: Error: "Failed to read key reference: STATE_RHONE: STATE_RHONE, near line: 299" in file: "common/company_types/00_companies_france.txt" near line: 299
[00:46:59][pdx_persistent_reader.cpp:268]: Error: "Failed to read key reference: STATE_PROVENCE: STATE_PROVENCE, near line: 373" in file: "common/company_types/00_companies_france.txt" near line: 373
[00:46:59][pdx_persistent_reader.cpp:268]: Error: "Failed to read key reference: STATE_FRENCH_LOW_COUNTRIES: STATE_FRENCH_LOW_COUNTRIES, near line: 442" in file: "common/company_types/00_companies_france.txt" near line: 442
[00:46:59][pdx_persistent_reader.cpp:268]: Error: "Failed to read key reference: STATE_RUHR: STATE_RUHR, near line: 8" in file: "common/company_types/00_companies_germany.txt" near line: 8
[00:46:59][pdx_persistent_reader.cpp:268]: Error: "Failed to read key reference: STATE_RUHR: STATE_RUHR, near line: 98
Failed to read key reference: STATE_NORTH_RHINE: STATE_NORTH_RHINE, near line: 98" in file: "common/company_types/00_companies_germany.txt" near line: 98
[00:46:59][pdx_persistent_reader.cpp:268]: Error: "Failed to read key reference: STATE_WEST_PRUSSIA: STATE_WEST_PRUSSIA, near line: 218" in file: "common/company_types/00_companies_germany.txt" near line: 218
[00:46:59][pdx_persistent_reader.cpp:268]: Error: "Failed to read key reference: STATE_BRANDENBURG: STATE_BRANDENBURG, near line: 301" in file: "common/company_types/00_companies_germany.txt" near line: 301
[00:46:59][pdx_persistent_reader.cpp:268]: Error: "Failed to read key reference: STATE_BADEN: STATE_BADEN, near line: 434" in file: "common/company_types/00_companies_germany.txt" near line: 434
[00:46:59][pdx_persistent_reader.cpp:268]: Error: "Failed to read key reference: STATE_LOWLANDS: STATE_LOWLANDS, near line: 8" in file: "common/company_types/00_companies_great_britain.txt" near line: 8
[00:46:59][pdx_persistent_reader.cpp:268]: Error: "Failed to read key reference: STATE_YORKSHIRE: STATE_YORKSHIRE, near line: 87" in file: "common/company_types/00_companies_great_britain.txt" near line: 87
[00:46:59][pdx_persistent_reader.cpp:268]: Error: "Failed to read key reference: STATE_LOWLANDS: STATE_LOWLANDS, near line: 161" in file: "common/company_types/00_companies_great_britain.txt" near line: 161
[00:46:59][pdx_persistent_reader.cpp:268]: Error: "Failed to read key reference: STATE_YORKSHIRE: STATE_YORKSHIRE, near line: 305" in file: "common/company_types/00_companies_great_britain.txt" near line: 305
[00:46:59][pdx_persistent_reader.cpp:268]: Error: "Failed to read key reference: STATE_WEST_BENGAL: STATE_WEST_BENGAL, near line: 8" in file: "common/company_types/00_companies_ip2.txt" near line: 8
[00:46:59][pdx_persistent_reader.cpp:268]: Error: "Failed to read key reference: STATE_BOMBAY: STATE_BOMBAY, near line: 75" in file: "common/company_types/00_companies_ip2.txt" near line: 75
[00:46:59][pdx_persistent_reader.cpp:268]: Error: "Failed to read key reference: STATE_BOMBAY: STATE_BOMBAY, near line: 156" in file: "common/company_types/00_companies_ip2.txt" near line: 156
[00:46:59][pdx_persistent_reader.cpp:268]: Error: "Failed to read key reference: STATE_BOMBAY: STATE_BOMBAY, near line: 247" in file: "common/company_types/00_companies_ip2.txt" near line: 247
[00:46:59][pdx_persistent_reader.cpp:268]: Error: "Failed to read key reference: STATE_MADRAS: STATE_MADRAS, near line: 366" in file: "common/company_types/00_companies_ip2.txt" near line: 366
[00:46:59][pdx_persistent_reader.cpp:268]: Error: "Failed to read key reference: STATE_ASSAM: STATE_ASSAM, near line: 447" in file: "common/company_types/00_companies_ip2.txt" near line: 447
[00:46:59][pdx_persistent_reader.cpp:268]: Error: "Failed to read key reference: STATE_BOMBAY: STATE_BOMBAY, near line: 517" in file: "common/company_types/00_companies_ip2.txt" near line: 517
[00:46:59][pdx_persistent_reader.cpp:268]: Error: "Failed to read key reference: STATE_BOMBAY: STATE_BOMBAY, near line: 680
Failed to read key reference: STATE_WEST_BENGAL: STATE_WEST_BENGAL, near line: 680" in file: "common/company_types/00_companies_ip2.txt" near line: 680
[00:46:59][pdx_persistent_reader.cpp:268]: Error: "Failed to read key reference: STATE_WEST_BENGAL: STATE_WEST_BENGAL, near line: 799" in file: "common/company_types/00_companies_ip2.txt" near line: 799
[00:46:59][pdx_persistent_reader.cpp:268]: Error: "Failed to read key reference: STATE_PIEDMONT: STATE_PIEDMONT, near line: 8" in file: "common/company_types/00_companies_italy.txt" near line: 8
[00:46:59][pdx_persistent_reader.cpp:268]: Error: "Failed to read key reference: STATE_PIEDMONT: STATE_PIEDMONT, near line: 87" in file: "common/company_types/00_companies_italy.txt" near line: 87
[00:46:59][pdx_persistent_reader.cpp:268]: Error: "Failed to read key reference: STATE_LOMBARDY: STATE_LOMBARDY, near line: 185" in file: "common/company_types/00_companies_italy.txt" near line: 185
[00:46:59][pdx_persistent_reader.cpp:268]: Error: "Failed to read key reference: STATE_PIEDMONT: STATE_PIEDMONT, near line: 251" in file: "common/company_types/00_companies_italy.txt" near line: 251
[00:46:59][pdx_persistent_reader.cpp:268]: Error: "Failed to read key reference: STATE_ISTRIA: STATE_ISTRIA, near line: 334" in file: "common/company_types/00_companies_italy.txt" near line: 334
[00:46:59][pdx_persistent_reader.cpp:268]: Error: "Failed to read key reference: STATE_KANTO: STATE_KANTO, near line: 8" in file: "common/company_types/00_companies_japan.txt" near line: 8
[00:46:59][pdx_persistent_reader.cpp:268]: Error: "Failed to read key reference: STATE_KANTO: STATE_KANTO, near line: 91" in file: "common/company_types/00_companies_japan.txt" near line: 91
[00:46:59][pdx_persistent_reader.cpp:268]: Error: "Failed to read key reference: STATE_SHENGJING: STATE_SHENGJING, near line: 170" in file: "common/company_types/00_companies_japan.txt" near line: 170
[00:46:59][pdx_persistent_reader.cpp:268]: Error: "Failed to read key reference: STATE_BOHEMIA: STATE_BOHEMIA, near line: 8" in file: "common/company_types/00_companies_mp1.txt" near line: 8
[00:46:59][pdx_persistent_reader.cpp:268]: Error: "Failed to read key reference: STATE_BUENOS_AIRES: STATE_BUENOS_AIRES, near line: 82" in file: "common/company_types/00_companies_mp1.txt" near line: 82
[00:46:59][pdx_persistent_reader.cpp:268]: Error: "Failed to read key reference: STATE_SAXONY: STATE_SAXONY, near line: 172" in file: "common/company_types/00_companies_mp1.txt" near line: 172
[00:46:59][pdx_persistent_reader.cpp:268]: Error: "Failed to read key reference: STATE_SUZHOU: STATE_SUZHOU, near line: 248
Failed to read key reference: STATE_ZHEJIANG: STATE_ZHEJIANG, near line: 248
Failed to read key reference: STATE_NANJING: STATE_NANJING, near line: 248" in file: "common/company_types/00_companies_mp1.txt" near line: 248
[00:46:59][pdx_persistent_reader.cpp:268]: Error: "Failed to read key reference: STATE_ILE_DE_FRANCE: STATE_ILE_DE_FRANCE, near line: 474" in file: "common/company_types/00_companies_mp1.txt" near line: 474
[00:46:59][pdx_persistent_reader.cpp:268]: Error: "Failed to read key reference: STATE_ARKANSAS: STATE_ARKANSAS, near line: 550" in file: "common/company_types/00_companies_mp1.txt" near line: 550
[00:46:59][pdx_persistent_reader.cpp:268]: Error: "Failed to read key reference: STATE_CONNECTICUT: STATE_CONNECTICUT, near line: 634" in file: "common/company_types/00_companies_mp1.txt" near line: 634
[00:46:59][pdx_persistent_reader.cpp:268]: Error: "Failed to read key reference: STATE_AUSTRIA: STATE_AUSTRIA, near line: 707" in file: "common/company_types/00_companies_mp1.txt" near line: 707
[00:46:59][pdx_persistent_reader.cpp:268]: Error: "Failed to read key reference: STATE_KANSAI: STATE_KANSAI, near line: 781" in file: "common/company_types/00_companies_mp1.txt" near line: 781
[00:47:00][pdx_persistent_reader.cpp:268]: Error: "Failed to read key reference: STATE_HOME_COUNTIES: STATE_HOME_COUNTIES, near line: 855" in file: "common/company_types/00_companies_mp1.txt" near line: 855
[00:47:00][pdx_persistent_reader.cpp:268]: Error: "Failed to read key reference: STATE_ZHEJIANG: STATE_ZHEJIANG, near line: 928" in file: "common/company_types/00_companies_mp1.txt" near line: 928
[00:47:00][pdx_persistent_reader.cpp:268]: Error: "Failed to read key reference: STATE_SICILY: STATE_SICILY, near line: 1003" in file: "common/company_types/00_companies_mp1.txt" near line: 1003
[00:47:00][pdx_persistent_reader.cpp:268]: Error: "Failed to read key reference: STATE_LOMBARDY: STATE_LOMBARDY, near line: 1082" in file: "common/company_types/00_companies_mp1.txt" near line: 1082
[00:47:00][pdx_persistent_reader.cpp:268]: Error: "Failed to read key reference: STATE_WESTERN_NORWAY: STATE_WESTERN_NORWAY, near line: 1165" in file: "common/company_types/00_companies_mp1.txt" near line: 1165
[00:47:00][pdx_persistent_reader.cpp:268]: Error: "Failed to read key reference: STATE_ONTARIO: STATE_ONTARIO, near line: 1245" in file: "common/company_types/00_companies_mp1.txt" near line: 1245
[00:47:00][pdx_persistent_reader.cpp:268]: Error: "Failed to read key reference: STATE_CAPE_COLONY: STATE_CAPE_COLONY, near line: 1326" in file: "common/company_types/00_companies_mp1.txt" near line: 1326
[00:47:00][pdx_persistent_reader.cpp:268]: Error: "Failed to read key reference: STATE_WEST_BORNEO: STATE_WEST_BORNEO, near line: 1526
Failed to read key reference: STATE_EAST_BORNEO: STATE_EAST_BORNEO, near line: 1526
Failed to read key reference: STATE_NORTH_BORNEO: STATE_NORTH_BORNEO, near line: 1526" in file: "common/company_types/00_companies_mp1.txt" near line: 1526
[00:47:00][pdx_persistent_reader.cpp:268]: Error: "Failed to read key reference: STATE_SVEALAND: STATE_SVEALAND, near line: 1619" in file: "common/company_types/00_companies_mp1.txt" near line: 1619
[00:47:00][pdx_persistent_reader.cpp:268]: Error: "Failed to read key reference: STATE_INGRIA: STATE_INGRIA, near line: 10
Failed to read key reference: STATE_MOSCOW: STATE_MOSCOW, near line: 10" in file: "common/company_types/00_companies_russia.txt" near line: 10
[00:47:00][pdx_persistent_reader.cpp:268]: Error: "Failed to read key reference: STATE_INGRIA: STATE_INGRIA, near line: 79" in file: "common/company_types/00_companies_russia.txt" near line: 79
[00:47:00][pdx_persistent_reader.cpp:268]: Error: "Failed to read key reference: STATE_AZERBAIJAN: STATE_AZERBAIJAN, near line: 177" in file: "common/company_types/00_companies_russia.txt" near line: 177
[00:47:00][pdx_persistent_reader.cpp:268]: Error: "Failed to read key reference: STATE_PERM: STATE_PERM, near line: 249" in file: "common/company_types/00_companies_russia.txt" near line: 249
[00:47:00][pdx_persistent_reader.cpp:268]: Error: "Failed to read key reference: STATE_MOSCOW: STATE_MOSCOW, near line: 329" in file: "common/company_types/00_companies_russia.txt" near line: 329
[00:47:00][pdx_persistent_reader.cpp:268]: Error: "Failed to read key reference: STATE_KHARKOV: STATE_KHARKOV, near line: 408
Failed to read key reference: STATE_TAURIDA: STATE_TAURIDA, near line: 408" in file: "common/company_types/00_companies_russia.txt" near line: 408
[00:47:00][pdx_persistent_reader.cpp:268]: Error: "Failed to read key reference: STATE_BALKH: STATE_BALKH, near line: 8" in file: "common/company_types/00_companies_soi.txt" near line: 8
[00:47:00][pdx_persistent_reader.cpp:268]: Error: "Failed to read key reference: STATE_FERGANA: STATE_FERGANA, near line: 160" in file: "common/company_types/00_companies_soi.txt" near line: 160
[00:47:00][pdx_persistent_reader.cpp:268]: Error: "Failed to read key reference: STATE_URALSK: STATE_URALSK, near line: 245" in file: "common/company_types/00_companies_soi.txt" near line: 245
[00:47:00][pdx_persistent_reader.cpp:268]: Error: "Failed to read key reference: STATE_BALKH: STATE_BALKH, near line: 317" in file: "common/company_types/00_companies_soi.txt" near line: 317
[00:47:00][pdx_persistent_reader.cpp:268]: Error: "Failed to read key reference: STATE_ISFAHAN: STATE_ISFAHAN, near line: 384" in file: "common/company_types/00_companies_soi.txt" near line: 384
[00:47:00][pdx_persistent_reader.cpp:268]: Error: "Failed to read key reference: STATE_ISFAHAN: STATE_ISFAHAN, near line: 465" in file: "common/company_types/00_companies_soi.txt" near line: 465
[00:47:00][pdx_persistent_reader.cpp:268]: Error: "Failed to read key reference: STATE_LEBANON: STATE_LEBANON, near line: 542" in file: "common/company_types/00_companies_soi.txt" near line: 542
[00:47:00][pdx_persistent_reader.cpp:268]: Error: "Failed to read key reference: STATE_SEOUL: STATE_SEOUL, near line: 613" in file: "common/company_types/00_companies_soi.txt" near line: 613
[00:47:00][pdx_persistent_reader.cpp:268]: Error: "Failed to read key reference: STATE_SEMIRECHE: STATE_SEMIRECHE, near line: 682" in file: "common/company_types/00_companies_soi.txt" near line: 682
[00:47:00][pdx_persistent_reader.cpp:268]: Error: "Failed to read key reference: STATE_FERGANA: STATE_FERGANA, near line: 920" in file: "common/company_types/00_companies_soi.txt" near line: 920
[00:47:00][pdx_persistent_reader.cpp:268]: Error: "Failed to read key reference: STATE_LEINSTER: STATE_LEINSTER, near line: 1031" in file: "common/company_types/00_companies_soi.txt" near line: 1031
[00:47:00][pdx_persistent_reader.cpp:268]: Error: "Failed to read key reference: STATE_SEOUL: STATE_SEOUL, near line: 1113" in file: "common/company_types/00_companies_soi.txt" near line: 1113
[00:47:00][pdx_persistent_reader.cpp:268]: Error: "Failed to read key reference: STATE_BAGHDAD: STATE_BAGHDAD, near line: 1238
Failed to read key reference: STATE_BASRA: STATE_BASRA, near line: 1238
Failed to read key reference: STATE_MOSUL: STATE_MOSUL, near line: 1238" in file: "common/company_types/00_companies_soi.txt" near line: 1238
[00:47:00][pdx_persistent_reader.cpp:268]: Error: "Failed to read key reference: STATE_KHUZESTAN: STATE_KHUZESTAN, near line: 1323" in file: "common/company_types/00_companies_soi.txt" near line: 1323
[00:47:00][pdx_persistent_reader.cpp:268]: Error: "Failed to read key reference: STATE_KHUZESTAN: STATE_KHUZESTAN, near line: 1418" in file: "common/company_types/00_companies_soi.txt" near line: 1418
[00:47:00][pdx_persistent_reader.cpp:268]: Error: "Failed to read key reference: STATE_BAVARIA: STATE_BAVARIA, near line: 8" in file: "common/company_types/00_companies_totally_normal.txt" near line: 8
[00:47:00][pdx_persistent_reader.cpp:268]: Error: "Failed to read key reference: STATE_LOUISIANA: STATE_LOUISIANA, near line: 76" in file: "common/company_types/00_companies_usa.txt" near line: 76
[00:47:00][pdx_persistent_reader.cpp:268]: Error: "Unknown trigger type: any_state_in_latin_america, near line: 107" in file: "common/company_types/00_companies_usa.txt" near line: 116
[00:47:00][pdx_persistent_reader.cpp:268]: Error: "Failed to read key reference: STATE_PENNSYLVANIA: STATE_PENNSYLVANIA, near line: 174" in file: "common/company_types/00_companies_usa.txt" near line: 174
[00:47:00][pdx_persistent_reader.cpp:268]: Error: "Failed to read key reference: STATE_MASSACHUSETTS: STATE_MASSACHUSETTS, near line: 255
Failed to read key reference: STATE_NEW_YORK: STATE_NEW_YORK, near line: 255" in file: "common/company_types/00_companies_usa.txt" near line: 255
[00:47:00][pdx_persistent_reader.cpp:268]: Error: "Failed to read key reference: STATE_NEW_JERSEY: STATE_NEW_JERSEY, near line: 341
Failed to read key reference: STATE_DELAWARE: STATE_DELAWARE, near line: 341
Failed to read key reference: STATE_MARYLAND: STATE_MARYLAND, near line: 341" in file: "common/company_types/00_companies_usa.txt" near line: 341
[00:47:00][pdx_persistent_reader.cpp:268]: Error: "Failed to read key reference: STATE_MICHIGAN: STATE_MICHIGAN, near line: 427" in file: "common/company_types/00_companies_usa.txt" near line: 427
[00:47:00][lexer.cpp:285]: File 'common/political_movements/99_toe_compat_historical_movements.txt' should be in utf8-bom encoding (will try to use it anyways)
[00:47:00][pdx_persistent_reader.cpp:268]: Error: "Unknown trigger type: any_state_in_manchuria_old, near line: 643" in file: "common/scripted_triggers/00_ai_triggers.txt" near line: 650
[00:47:00][audio2_fmod.cpp:732]: [FMOD] couldn't get event info 'event:/SFX/UI/ShipDesigner/shipdesigner_modification_range_heavy' (The requested event, parameter, bus or vca could not be found.).
[00:47:00][gfx_dds_loader.cpp:442]: Block compressed texture 'gfx/interface/icons/ships/ship_types/silhouette_modern_cruiser.dds' does not have a height and width that are a multiple of 4, which will cause edge pixels to be incorrect. Either re-export the texture, or, for very small textures, change the format to uncompressed.
[00:47:00][gfx_dds_loader.cpp:442]: Block compressed texture 'gfx/interface/icons/ships/ship_types/silhouette_modern_battleship.dds' does not have a height and width that are a multiple of 4, which will cause edge pixels to be incorrect. Either re-export the texture, or, for very small textures, change the format to uncompressed.
[00:47:00][gfx_dds_loader.cpp:442]: Block compressed texture 'gfx/interface/icons/ships/ship_types/silhouette_nuclear_aircraft_carrier.dds' does not have a height and width that are a multiple of 4, which will cause edge pixels to be incorrect. Either re-export the texture, or, for very small textures, change the format to uncompressed.
[00:47:00][gfx_dds_loader.cpp:442]: Block compressed texture 'gfx/interface/icons/ships/ship_types/silhouette_nuclear_submarine.dds' does not have a height and width that are a multiple of 4, which will cause edge pixels to be incorrect. Either re-export the texture, or, for very small textures, change the format to uncompressed.
[00:47:00][gfx_dds_loader.cpp:442]: Block compressed texture 'gfx/interface/icons/ships/ship_types/silhouette_modern_destroyer.dds' does not have a height and width that are a multiple of 4, which will cause edge pixels to be incorrect. Either re-export the texture, or, for very small textures, change the format to uncompressed.
[00:47:00][lexer.cpp:285]: File 'common/ship_name_definitions/99_ship_name_definitions_fallbacks.txt' should be in utf8-bom encoding (will try to use it anyways)
[00:47:01][jomini_effect.cpp:753]: Inconsistent effect scopes (state_region vs. state) incommon/history/buildings/00_NorthRia.txt:976
[00:47:01][lexer.cpp:285]: File 'common/history/buildings/02_WestEurope.txt' should be in utf8-bom encoding (will try to use it anyways)
[00:47:01][lexer.cpp:285]: File 'common/history/production_methods/00_toe_empty.txt' should be in utf8-bom encoding (will try to use it anyways)
[00:47:01][lexer.cpp:285]: File 'common/history/trade/00_toe_empty.txt' should be in utf8-bom encoding (will try to use it anyways)
[00:47:01][pdx_online_telemetry.cpp:25]: [telemetry] quality:medium
[00:47:01][pdx_online_telemetry.cpp:25]: [telemetry] shadowmap_resolution:2048x2048
[00:47:01][pdx_online_telemetry.cpp:25]: [telemetry] texture_quality:high
[00:47:01][pdx_online_telemetry.cpp:25]: [telemetry] anti_aliasing:DISABLED
[00:47:01][pdx_online_telemetry.cpp:25]: [telemetry] scale:2
[00:47:01][pdx_json_settings.cpp:425]: [SPdxJsonSettingsIO] Category:"System" Setting:"common" won't be written 
[00:47:01][jomini_trigger.cpp:224]: PostValidate of trigger 'owns_entire_state_region' returned false at common/customizable_localization/02_events.txt:357
[00:47:01][jomini_trigger.cpp:224]: PostValidate of trigger 'owns_entire_state_region' returned false at common/customizable_localization/02_events.txt:366
[00:47:01][jomini_trigger.cpp:224]: PostValidate of trigger 'owns_entire_state_region' returned false at common/customizable_localization/02_events.txt:375
[00:47:01][jomini_trigger.cpp:224]: PostValidate of trigger 'owns_entire_state_region' returned false at common/customizable_localization/02_events.txt:384
[00:47:01][jomini_trigger.cpp:224]: PostValidate of trigger 'has_template' returned false at gfx/portraits/portrait_modifiers/01_accessories.txt:37
[00:47:01][jomini_trigger.cpp:224]: PostValidate of trigger 'has_template' returned false at gfx/portraits/portrait_modifiers/01_accessories.txt:68
[00:47:01][jomini_trigger.cpp:224]: PostValidate of trigger 'has_template' returned false at gfx/portraits/portrait_modifiers/01_accessories.txt:111
[00:47:01][jomini_trigger.cpp:224]: PostValidate of trigger 'has_template' returned false at gfx/portraits/portrait_modifiers/01_accessories.txt:142
[00:47:01][jomini_trigger.cpp:224]: PostValidate of trigger 'has_template' returned false at gfx/portraits/portrait_modifiers/01_accessories.txt:1497
[00:47:01][jomini_trigger.cpp:224]: PostValidate of trigger 'has_template' returned false at gfx/portraits/portrait_modifiers/01_accessories.txt:1553
[00:47:01][jomini_trigger.cpp:224]: PostValidate of trigger 'has_template' returned false at gfx/portraits/portrait_modifiers/01_accessories.txt:1554
[00:47:01][jomini_trigger.cpp:224]: PostValidate of trigger 'has_template' returned false at gfx/portraits/portrait_modifiers/01_accessories.txt:1555
[00:47:01][jomini_trigger.cpp:224]: PostValidate of trigger 'has_template' returned false at gfx/portraits/portrait_modifiers/01_accessories.txt:1556
[00:47:01][jomini_trigger.cpp:224]: PostValidate of trigger 'has_template' returned false at gfx/portraits/portrait_modifiers/01_accessories.txt:1557
[00:47:01][jomini_trigger.cpp:224]: PostValidate of trigger 'has_template' returned false at gfx/portraits/portrait_modifiers/01_accessories.txt:1558
[00:47:01][jomini_trigger.cpp:224]: PostValidate of trigger 'has_template' returned false at gfx/portraits/portrait_modifiers/01_accessories.txt:1559
[00:47:01][jomini_trigger.cpp:224]: PostValidate of trigger 'has_template' returned false at gfx/portraits/portrait_modifiers/01_accessories.txt:1560
[00:47:01][jomini_trigger.cpp:224]: PostValidate of trigger 'has_template' returned false at gfx/portraits/portrait_modifiers/01_accessories.txt:1561
[00:47:01][jomini_trigger.cpp:224]: PostValidate of trigger 'has_template' returned false at gfx/portraits/portrait_modifiers/01_accessories.txt:1625
[00:47:01][jomini_trigger.cpp:224]: PostValidate of trigger 'has_template' returned false at gfx/portraits/portrait_modifiers/01_accessories.txt:1626
[00:47:01][jomini_trigger.cpp:224]: PostValidate of trigger 'has_template' returned false at gfx/portraits/portrait_modifiers/01_accessories.txt:1627
[00:47:01][jomini_trigger.cpp:224]: PostValidate of trigger 'has_template' returned false at gfx/portraits/portrait_modifiers/01_accessories.txt:1628
[00:47:01][jomini_trigger.cpp:224]: PostValidate of trigger 'has_template' returned false at gfx/portraits/portrait_modifiers/01_accessories.txt:1629
[00:47:01][jomini_trigger.cpp:224]: PostValidate of trigger 'has_template' returned false at gfx/portraits/portrait_modifiers/01_accessories.txt:1630
[00:47:01][jomini_trigger.cpp:224]: PostValidate of trigger 'has_template' returned false at gfx/portraits/portrait_modifiers/01_accessories.txt:1631
[00:47:01][jomini_trigger.cpp:224]: PostValidate of trigger 'has_template' returned false at gfx/portraits/portrait_modifiers/01_accessories.txt:1632
[00:47:01][jomini_trigger.cpp:224]: PostValidate of trigger 'has_template' returned false at gfx/portraits/portrait_modifiers/01_accessories.txt:1633
[00:47:01][jomini_trigger.cpp:224]: PostValidate of trigger 'has_template' returned false at gfx/portraits/portrait_modifiers/01_accessories.txt:1657
[00:47:01][jomini_trigger.cpp:224]: PostValidate of trigger 'has_template' returned false at gfx/portraits/portrait_modifiers/01_accessories.txt:1678
[00:47:01][jomini_trigger.cpp:224]: PostValidate of trigger 'has_template' returned false at gfx/portraits/portrait_modifiers/01_accessories.txt:1722
[00:47:01][jomini_trigger.cpp:224]: PostValidate of trigger 'has_template' returned false at gfx/portraits/portrait_modifiers/01_accessories.txt:1779
[00:47:01][jomini_trigger.cpp:224]: PostValidate of trigger 'has_template' returned false at gfx/portraits/portrait_modifiers/01_accessories.txt:1780
[00:47:01][jomini_trigger.cpp:224]: PostValidate of trigger 'has_template' returned false at gfx/portraits/portrait_modifiers/01_accessories.txt:1781
[00:47:01][jomini_trigger.cpp:224]: PostValidate of trigger 'has_template' returned false at gfx/portraits/portrait_modifiers/01_accessories.txt:1782
[00:47:01][jomini_trigger.cpp:224]: PostValidate of trigger 'has_template' returned false at gfx/portraits/portrait_modifiers/01_accessories.txt:1783
[00:47:01][jomini_trigger.cpp:224]: PostValidate of trigger 'has_template' returned false at gfx/portraits/portrait_modifiers/01_accessories.txt:1784
[00:47:01][jomini_trigger.cpp:224]: PostValidate of trigger 'has_template' returned false at gfx/portraits/portrait_modifiers/01_accessories.txt:1785
[00:47:01][jomini_trigger.cpp:224]: PostValidate of trigger 'has_template' returned false at gfx/portraits/portrait_modifiers/01_accessories.txt:1786
[00:47:01][jomini_trigger.cpp:224]: PostValidate of trigger 'has_template' returned false at gfx/portraits/portrait_modifiers/01_accessories.txt:1787
[00:47:01][jomini_trigger.cpp:224]: PostValidate of trigger 'has_template' returned false at gfx/portraits/portrait_modifiers/01_accessories.txt:3593
[00:47:01][jomini_trigger.cpp:224]: PostValidate of trigger 'has_template' returned false at gfx/portraits/portrait_modifiers/01_accessories.txt:3594
[00:47:01][jomini_trigger.cpp:224]: PostValidate of trigger 'has_template' returned false at gfx/portraits/portrait_modifiers/01_accessories.txt:3595
[00:47:01][jomini_trigger.cpp:224]: PostValidate of trigger 'has_template' returned false at gfx/portraits/portrait_modifiers/01_accessories.txt:3596
[00:47:01][jomini_trigger.cpp:224]: PostValidate of trigger 'has_template' returned false at gfx/portraits/portrait_modifiers/01_accessories.txt:3598
[00:47:01][jomini_trigger.cpp:224]: PostValidate of trigger 'has_template' returned false at gfx/portraits/portrait_modifiers/01_accessories.txt:3599
[00:47:01][jomini_trigger.cpp:224]: PostValidate of trigger 'has_template' returned false at gfx/portraits/portrait_modifiers/01_accessories.txt:3600
[00:47:01][jomini_trigger.cpp:224]: PostValidate of trigger 'has_template' returned false at gfx/portraits/portrait_modifiers/01_accessories.txt:3602
[00:47:01][jomini_trigger.cpp:224]: PostValidate of trigger 'has_template' returned false at gfx/portraits/portrait_modifiers/01_accessories.txt:3607
[00:47:01][jomini_trigger.cpp:224]: PostValidate of trigger 'has_template' returned false at gfx/portraits/portrait_modifiers/01_accessories.txt:3610
[00:47:01][jomini_trigger.cpp:224]: PostValidate of trigger 'has_template' returned false at gfx/portraits/portrait_modifiers/01_accessories.txt:3613
[00:47:01][jomini_trigger.cpp:224]: PostValidate of trigger 'has_template' returned false at gfx/portraits/portrait_modifiers/01_accessories.txt:3921
[00:47:01][jomini_trigger.cpp:224]: PostValidate of trigger 'has_template' returned false at gfx/portraits/portrait_modifiers/01_accessories.txt:3922
[00:47:01][jomini_trigger.cpp:224]: PostValidate of trigger 'has_template' returned false at gfx/portraits/portrait_modifiers/01_accessories.txt:3923
[00:47:01][jomini_trigger.cpp:224]: PostValidate of trigger 'has_template' returned false at gfx/portraits/portrait_modifiers/01_beards.txt:95
[00:47:01][jomini_trigger.cpp:224]: PostValidate of trigger 'has_template' returned false at gfx/portraits/portrait_modifiers/01_beards.txt:96
[00:47:01][jomini_trigger.cpp:224]: PostValidate of trigger 'has_template' returned false at gfx/portraits/portrait_modifiers/01_beards.txt:97
[00:47:01][jomini_trigger.cpp:224]: PostValidate of trigger 'has_template' returned false at gfx/portraits/portrait_modifiers/01_beards.txt:99
[00:47:01][jomini_trigger.cpp:224]: PostValidate of trigger 'has_template' returned false at gfx/portraits/portrait_modifiers/01_beards.txt:100
[00:47:01][jomini_trigger.cpp:224]: PostValidate of trigger 'has_template' returned false at gfx/portraits/portrait_modifiers/01_beards.txt:101
[00:47:01][jomini_trigger.cpp:224]: PostValidate of trigger 'has_template' returned false at gfx/portraits/portrait_modifiers/01_beards.txt:249
[00:47:01][jomini_trigger.cpp:224]: PostValidate of trigger 'has_template' returned false at gfx/portraits/portrait_modifiers/01_clothes.txt:316
[00:47:01][jomini_trigger.cpp:224]: PostValidate of trigger 'has_template' returned false at gfx/portraits/portrait_modifiers/01_clothes.txt:499
[00:47:01][jomini_trigger.cpp:224]: PostValidate of trigger 'has_template' returned false at gfx/portraits/portrait_modifiers/01_clothes.txt:541
[00:47:01][jomini_trigger.cpp:224]: PostValidate of trigger 'has_template' returned false at gfx/portraits/portrait_modifiers/01_clothes.txt:576
[00:47:01][jomini_trigger.cpp:224]: PostValidate of trigger 'has_template' returned false at gfx/portraits/portrait_modifiers/01_clothes.txt:578
[00:47:01][jomini_trigger.cpp:224]: PostValidate of trigger 'has_template' returned false at gfx/portraits/portrait_modifiers/01_clothes.txt:625
[00:47:01][jomini_trigger.cpp:224]: PostValidate of trigger 'has_template' returned false at gfx/portraits/portrait_modifiers/01_clothes.txt:658
[00:47:01][jomini_trigger.cpp:224]: PostValidate of trigger 'has_template' returned false at gfx/portraits/portrait_modifiers/01_clothes.txt:691
[00:47:01][jomini_trigger.cpp:224]: PostValidate of trigger 'has_template' returned false at gfx/portraits/portrait_modifiers/01_clothes.txt:721
[00:47:01][jomini_trigger.cpp:224]: PostValidate of trigger 'has_template' returned false at gfx/portraits/portrait_modifiers/01_clothes.txt:753
[00:47:01][jomini_trigger.cpp:224]: PostValidate of trigger 'has_template' returned false at gfx/portraits/portrait_modifiers/01_clothes.txt:789
[00:47:01][jomini_trigger.cpp:224]: PostValidate of trigger 'has_template' returned false at gfx/portraits/portrait_modifiers/01_clothes.txt:831
[00:47:01][jomini_trigger.cpp:224]: PostValidate of trigger 'has_template' returned false at gfx/portraits/portrait_modifiers/01_clothes.txt:855
[00:47:01][jomini_trigger.cpp:224]: PostValidate of trigger 'has_template' returned false at gfx/portraits/portrait_modifiers/01_clothes.txt:885
[00:47:01][jomini_trigger.cpp:224]: PostValidate of trigger 'has_template' returned false at gfx/portraits/portrait_modifiers/01_clothes.txt:915
[00:47:01][jomini_trigger.cpp:224]: PostValidate of trigger 'has_template' returned false at gfx/portraits/portrait_modifiers/01_clothes.txt:957
[00:47:01][jomini_trigger.cpp:224]: PostValidate of trigger 'has_template' returned false at gfx/portraits/portrait_modifiers/01_clothes.txt:993
[00:47:01][jomini_trigger.cpp:224]: PostValidate of trigger 'has_template' returned false at gfx/portraits/portrait_modifiers/01_clothes.txt:1023
[00:47:01][jomini_trigger.cpp:224]: PostValidate of trigger 'has_template' returned false at gfx/portraits/portrait_modifiers/01_clothes.txt:1059
[00:47:01][jomini_trigger.cpp:224]: PostValidate of trigger 'has_template' returned false at gfx/portraits/portrait_modifiers/01_clothes.txt:1089
[00:47:01][jomini_trigger.cpp:224]: PostValidate of trigger 'has_template' returned false at gfx/portraits/portrait_modifiers/01_clothes.txt:1119
[00:47:01][jomini_trigger.cpp:224]: PostValidate of trigger 'has_template' returned false at gfx/portraits/portrait_modifiers/01_clothes.txt:1150
[00:47:01][jomini_trigger.cpp:224]: PostValidate of trigger 'has_template' returned false at gfx/portraits/portrait_modifiers/01_clothes.txt:1180
[00:47:01][jomini_trigger.cpp:224]: PostValidate of trigger 'has_template' returned false at gfx/portraits/portrait_modifiers/01_clothes.txt:1206
[00:47:01][jomini_trigger.cpp:224]: PostValidate of trigger 'has_template' returned false at gfx/portraits/portrait_modifiers/01_clothes.txt:1242
[00:47:01][jomini_trigger.cpp:224]: PostValidate of trigger 'has_template' returned false at gfx/portraits/portrait_modifiers/01_clothes.txt:1273
[00:47:01][jomini_trigger.cpp:224]: PostValidate of trigger 'has_template' returned false at gfx/portraits/portrait_modifiers/01_clothes.txt:1303
[00:47:01][jomini_trigger.cpp:224]: PostValidate of trigger 'has_template' returned false at gfx/portraits/portrait_modifiers/01_clothes.txt:1327
[00:47:01][jomini_trigger.cpp:224]: PostValidate of trigger 'has_template' returned false at gfx/portraits/portrait_modifiers/01_clothes.txt:1355
[00:47:01][jomini_trigger.cpp:224]: PostValidate of trigger 'has_template' returned false at gfx/portraits/portrait_modifiers/01_clothes.txt:1387
[00:47:01][jomini_trigger.cpp:224]: PostValidate of trigger 'has_template' returned false at gfx/portraits/portrait_modifiers/01_clothes.txt:1431
[00:47:01][jomini_trigger.cpp:224]: PostValidate of trigger 'has_template' returned false at gfx/portraits/portrait_modifiers/01_clothes.txt:1535
[00:47:01][jomini_trigger.cpp:224]: PostValidate of trigger 'has_template' returned false at gfx/portraits/portrait_modifiers/01_clothes.txt:1575
[00:47:01][jomini_trigger.cpp:224]: PostValidate of trigger 'has_template' returned false at gfx/portraits/portrait_modifiers/01_clothes.txt:1607
[00:47:01][jomini_trigger.cpp:224]: PostValidate of trigger 'has_template' returned false at gfx/portraits/portrait_modifiers/01_clothes.txt:1631
[00:47:01][jomini_trigger.cpp:224]: PostValidate of trigger 'has_template' returned false at gfx/portraits/portrait_modifiers/01_clothes.txt:1657
[00:47:01][jomini_trigger.cpp:224]: PostValidate of trigger 'has_template' returned false at gfx/portraits/portrait_modifiers/01_clothes.txt:1689
[00:47:01][jomini_trigger.cpp:224]: PostValidate of trigger 'has_template' returned false at gfx/portraits/portrait_modifiers/01_clothes.txt:1731
[00:47:01][jomini_trigger.cpp:224]: PostValidate of trigger 'has_template' returned false at gfx/portraits/portrait_modifiers/01_clothes.txt:1763
[00:47:01][jomini_trigger.cpp:224]: PostValidate of trigger 'has_template' returned false at gfx/portraits/portrait_modifiers/01_clothes.txt:1794
[00:47:01][jomini_trigger.cpp:224]: PostValidate of trigger 'has_template' returned false at gfx/portraits/portrait_modifiers/01_clothes.txt:1827
[00:47:01][jomini_trigger.cpp:224]: PostValidate of trigger 'has_template' returned false at gfx/portraits/portrait_modifiers/01_clothes.txt:1866
[00:47:01][jomini_trigger.cpp:224]: PostValidate of trigger 'has_template' returned false at gfx/portraits/portrait_modifiers/01_clothes.txt:1958
[00:47:01][jomini_trigger.cpp:224]: PostValidate of trigger 'has_template' returned false at gfx/portraits/portrait_modifiers/01_clothes.txt:1987
[00:47:01][jomini_trigger.cpp:224]: PostValidate of trigger 'has_template' returned false at gfx/portraits/portrait_modifiers/01_clothes.txt:2024
[00:47:01][jomini_trigger.cpp:224]: PostValidate of trigger 'has_template' returned false at gfx/portraits/portrait_modifiers/01_clothes.txt:2059
[00:47:01][jomini_trigger.cpp:224]: PostValidate of trigger 'has_template' returned false at gfx/portraits/portrait_modifiers/01_clothes.txt:2060
[00:47:01][jomini_trigger.cpp:224]: PostValidate of trigger 'has_template' returned false at gfx/portraits/portrait_modifiers/01_clothes.txt:2089
[00:47:01][jomini_trigger.cpp:224]: PostValidate of trigger 'has_template' returned false at gfx/portraits/portrait_modifiers/01_clothes.txt:2121
[00:47:01][jomini_trigger.cpp:224]: PostValidate of trigger 'has_template' returned false at gfx/portraits/portrait_modifiers/01_clothes.txt:2146
[00:47:01][jomini_trigger.cpp:224]: PostValidate of trigger 'has_template' returned false at gfx/portraits/portrait_modifiers/01_clothes.txt:2177
[00:47:01][jomini_trigger.cpp:224]: PostValidate of trigger 'has_template' returned false at gfx/portraits/portrait_modifiers/01_clothes.txt:2202
[00:47:01][jomini_trigger.cpp:224]: PostValidate of trigger 'has_template' returned false at gfx/portraits/portrait_modifiers/01_clothes.txt:2227
[00:47:01][jomini_trigger.cpp:224]: PostValidate of trigger 'has_template' returned false at gfx/portraits/portrait_modifiers/01_clothes.txt:2252
[00:47:01][jomini_trigger.cpp:224]: PostValidate of trigger 'has_template' returned false at gfx/portraits/portrait_modifiers/01_clothes.txt:2291
[00:47:01][jomini_trigger.cpp:224]: PostValidate of trigger 'has_template' returned false at gfx/portraits/portrait_modifiers/01_clothes.txt:2317
[00:47:01][jomini_trigger.cpp:224]: PostValidate of trigger 'has_template' returned false at gfx/portraits/portrait_modifiers/01_clothes.txt:2342
[00:47:01][jomini_trigger.cpp:224]: PostValidate of trigger 'has_template' returned false at gfx/portraits/portrait_modifiers/01_clothes.txt:2367
[00:47:01][jomini_trigger.cpp:224]: PostValidate of trigger 'has_template' returned false at gfx/portraits/portrait_modifiers/01_clothes.txt:2393
[00:47:01][jomini_trigger.cpp:224]: PostValidate of trigger 'has_template' returned false at gfx/portraits/portrait_modifiers/01_clothes.txt:2424
[00:47:01][jomini_trigger.cpp:224]: PostValidate of trigger 'has_template' returned false at gfx/portraits/portrait_modifiers/01_clothes.txt:2449
[00:47:01][jomini_trigger.cpp:224]: PostValidate of trigger 'has_template' returned false at gfx/portraits/portrait_modifiers/01_clothes.txt:2475
[00:47:01][jomini_trigger.cpp:224]: PostValidate of trigger 'has_template' returned false at gfx/portraits/portrait_modifiers/01_clothes.txt:2507
[00:47:01][jomini_trigger.cpp:224]: PostValidate of trigger 'has_template' returned false at gfx/portraits/portrait_modifiers/01_clothes.txt:2532
[00:47:01][jomini_trigger.cpp:224]: PostValidate of trigger 'has_template' returned false at gfx/portraits/portrait_modifiers/01_clothes.txt:2558
[00:47:01][jomini_trigger.cpp:224]: PostValidate of trigger 'has_template' returned false at gfx/portraits/portrait_modifiers/01_clothes.txt:2589
[00:47:01][jomini_trigger.cpp:224]: PostValidate of trigger 'has_template' returned false at gfx/portraits/portrait_modifiers/01_clothes.txt:2615
[00:47:01][jomini_trigger.cpp:224]: PostValidate of trigger 'has_template' returned false at gfx/portraits/portrait_modifiers/01_clothes.txt:2634
[00:47:01][jomini_trigger.cpp:224]: PostValidate of trigger 'has_template' returned false at gfx/portraits/portrait_modifiers/01_clothes.txt:2659
[00:47:01][jomini_trigger.cpp:224]: PostValidate of trigger 'has_template' returned false at gfx/portraits/portrait_modifiers/01_clothes.txt:2684
[00:47:01][jomini_trigger.cpp:224]: PostValidate of trigger 'has_template' returned false at gfx/portraits/portrait_modifiers/01_clothes.txt:2709
[00:47:01][jomini_trigger.cpp:224]: PostValidate of trigger 'has_template' returned false at gfx/portraits/portrait_modifiers/01_clothes.txt:2759
[00:47:01][jomini_trigger.cpp:224]: PostValidate of trigger 'has_template' returned false at gfx/portraits/portrait_modifiers/01_clothes.txt:2778
[00:47:01][jomini_trigger.cpp:224]: PostValidate of trigger 'has_template' returned false at gfx/portraits/portrait_modifiers/01_clothes.txt:2815
[00:47:01][jomini_trigger.cpp:224]: PostValidate of trigger 'has_template' returned false at gfx/portraits/portrait_modifiers/01_clothes.txt:2846
[00:47:01][jomini_trigger.cpp:224]: PostValidate of trigger 'has_template' returned false at gfx/portraits/portrait_modifiers/01_clothes.txt:2871
[00:47:01][jomini_trigger.cpp:224]: PostValidate of trigger 'has_template' returned false at gfx/portraits/portrait_modifiers/01_clothes.txt:2890
[00:47:01][jomini_trigger.cpp:224]: PostValidate of trigger 'has_template' returned false at gfx/portraits/portrait_modifiers/01_clothes.txt:2915
[00:47:01][jomini_trigger.cpp:224]: PostValidate of trigger 'has_template' returned false at gfx/portraits/portrait_modifiers/01_clothes.txt:2940
[00:47:01][jomini_trigger.cpp:224]: PostValidate of trigger 'has_template' returned false at gfx/portraits/portrait_modifiers/01_clothes.txt:2971
[00:47:01][jomini_trigger.cpp:224]: PostValidate of trigger 'has_template' returned false at gfx/portraits/portrait_modifiers/01_clothes.txt:2999
[00:47:01][jomini_trigger.cpp:224]: PostValidate of trigger 'has_template' returned false at gfx/portraits/portrait_modifiers/01_clothes.txt:3033
[00:47:01][jomini_trigger.cpp:224]: PostValidate of trigger 'has_template' returned false at gfx/portraits/portrait_modifiers/01_clothes.txt:3061
[00:47:01][jomini_trigger.cpp:224]: PostValidate of trigger 'has_template' returned false at gfx/portraits/portrait_modifiers/01_clothes.txt:3096
[00:47:01][jomini_trigger.cpp:224]: PostValidate of trigger 'has_template' returned false at gfx/portraits/portrait_modifiers/01_clothes.txt:3097
[00:47:01][jomini_trigger.cpp:224]: PostValidate of trigger 'has_template' returned false at gfx/portraits/portrait_modifiers/01_clothes.txt:3138
[00:47:01][jomini_trigger.cpp:224]: PostValidate of trigger 'has_template' returned false at gfx/portraits/portrait_modifiers/01_clothes.txt:3159
[00:47:01][jomini_trigger.cpp:224]: PostValidate of trigger 'has_template' returned false at gfx/portraits/portrait_modifiers/01_clothes.txt:3192
[00:47:01][jomini_trigger.cpp:224]: PostValidate of trigger 'has_template' returned false at gfx/portraits/portrait_modifiers/01_clothes.txt:3220
[00:47:01][jomini_trigger.cpp:224]: PostValidate of trigger 'has_template' returned false at gfx/portraits/portrait_modifiers/01_clothes.txt:3254
[00:47:01][jomini_trigger.cpp:224]: PostValidate of trigger 'has_template' returned false at gfx/portraits/portrait_modifiers/01_clothes.txt:3281
[00:47:01][jomini_trigger.cpp:224]: PostValidate of trigger 'has_template' returned false at gfx/portraits/portrait_modifiers/01_clothes.txt:3308
[00:47:01][jomini_trigger.cpp:224]: PostValidate of trigger 'has_template' returned false at gfx/portraits/portrait_modifiers/01_clothes.txt:3341
[00:47:01][jomini_trigger.cpp:224]: PostValidate of trigger 'has_template' returned false at gfx/portraits/portrait_modifiers/01_clothes.txt:3383
[00:47:01][jomini_trigger.cpp:224]: PostValidate of trigger 'has_template' returned false at gfx/portraits/portrait_modifiers/01_clothes.txt:3409
[00:47:01][jomini_trigger.cpp:224]: PostValidate of trigger 'has_template' returned false at gfx/portraits/portrait_modifiers/01_clothes.txt:3435
[00:47:01][jomini_trigger.cpp:224]: PostValidate of trigger 'has_template' returned false at gfx/portraits/portrait_modifiers/01_clothes.txt:3462
[00:47:01][jomini_trigger.cpp:224]: PostValidate of trigger 'has_template' returned false at gfx/portraits/portrait_modifiers/01_clothes.txt:3488
[00:47:01][jomini_trigger.cpp:224]: PostValidate of trigger 'has_template' returned false at gfx/portraits/portrait_modifiers/01_clothes.txt:3509
[00:47:01][jomini_trigger.cpp:224]: PostValidate of trigger 'has_template' returned false at gfx/portraits/portrait_modifiers/01_clothes.txt:3541
[00:47:01][jomini_trigger.cpp:224]: PostValidate of trigger 'has_template' returned false at gfx/portraits/portrait_modifiers/01_clothes.txt:3574
[00:47:01][jomini_trigger.cpp:224]: PostValidate of trigger 'has_template' returned false at gfx/portraits/portrait_modifiers/01_clothes.txt:3601
[00:47:01][jomini_trigger.cpp:224]: PostValidate of trigger 'has_template' returned false at gfx/portraits/portrait_modifiers/01_clothes.txt:3622
[00:47:01][jomini_trigger.cpp:224]: PostValidate of trigger 'has_template' returned false at gfx/portraits/portrait_modifiers/01_clothes.txt:3642
[00:47:01][jomini_trigger.cpp:224]: PostValidate of trigger 'has_template' returned false at gfx/portraits/portrait_modifiers/01_clothes.txt:3662
[00:47:01][jomini_trigger.cpp:224]: PostValidate of trigger 'has_template' returned false at gfx/portraits/portrait_modifiers/01_clothes.txt:3698
[00:47:01][jomini_trigger.cpp:224]: PostValidate of trigger 'has_template' returned false at gfx/portraits/portrait_modifiers/01_clothes.txt:3737
[00:47:01][jomini_trigger.cpp:224]: PostValidate of trigger 'has_template' returned false at gfx/portraits/portrait_modifiers/01_clothes.txt:3738
[00:47:01][jomini_trigger.cpp:224]: PostValidate of trigger 'has_template' returned false at gfx/portraits/portrait_modifiers/01_clothes.txt:3768
[00:47:01][jomini_trigger.cpp:224]: PostValidate of trigger 'has_template' returned false at gfx/portraits/portrait_modifiers/01_clothes.txt:3769
[00:47:01][jomini_trigger.cpp:224]: PostValidate of trigger 'has_template' returned false at gfx/portraits/portrait_modifiers/01_clothes.txt:3819
[00:47:01][jomini_trigger.cpp:224]: PostValidate of trigger 'has_template' returned false at gfx/portraits/portrait_modifiers/01_clothes.txt:3857
[00:47:01][jomini_trigger.cpp:224]: PostValidate of trigger 'has_template' returned false at gfx/portraits/portrait_modifiers/01_clothes.txt:3901
[00:47:01][jomini_trigger.cpp:224]: PostValidate of trigger 'has_template' returned false at gfx/portraits/portrait_modifiers/01_clothes.txt:3945
[00:47:01][jomini_trigger.cpp:224]: PostValidate of trigger 'has_template' returned false at gfx/portraits/portrait_modifiers/01_clothes.txt:3971
[00:47:01][jomini_trigger.cpp:224]: PostValidate of trigger 'has_template' returned false at gfx/portraits/portrait_modifiers/01_clothes.txt:3997
[00:47:01][jomini_trigger.cpp:224]: PostValidate of trigger 'has_template' returned false at gfx/portraits/portrait_modifiers/01_clothes.txt:4024
[00:47:01][jomini_trigger.cpp:224]: PostValidate of trigger 'has_template' returned false at gfx/portraits/portrait_modifiers/01_clothes.txt:4025
[00:47:01][jomini_trigger.cpp:224]: PostValidate of trigger 'has_template' returned false at gfx/portraits/portrait_modifiers/01_clothes.txt:4070
[00:47:01][jomini_trigger.cpp:224]: PostValidate of trigger 'has_template' returned false at gfx/portraits/portrait_modifiers/01_clothes.txt:4120
[00:47:01][jomini_trigger.cpp:224]: PostValidate of trigger 'has_template' returned false at gfx/portraits/portrait_modifiers/01_clothes.txt:4164
[00:47:01][jomini_trigger.cpp:224]: PostValidate of trigger 'has_template' returned false at gfx/portraits/portrait_modifiers/01_clothes.txt:4209
[00:47:01][jomini_trigger.cpp:224]: PostValidate of trigger 'has_template' returned false at gfx/portraits/portrait_modifiers/01_clothes.txt:4210
[00:47:01][jomini_trigger.cpp:224]: PostValidate of trigger 'has_template' returned false at gfx/portraits/portrait_modifiers/01_clothes.txt:4243
[00:47:01][jomini_trigger.cpp:224]: PostValidate of trigger 'has_template' returned false at gfx/portraits/portrait_modifiers/01_clothes.txt:4306
[00:47:01][jomini_trigger.cpp:224]: PostValidate of trigger 'has_template' returned false at gfx/portraits/portrait_modifiers/01_clothes.txt:4307
[00:47:01][jomini_trigger.cpp:224]: PostValidate of trigger 'has_template' returned false at gfx/portraits/portrait_modifiers/01_clothes.txt:4308
[00:47:01][jomini_trigger.cpp:224]: PostValidate of trigger 'has_template' returned false at gfx/portraits/portrait_modifiers/01_clothes.txt:4309
[00:47:01][jomini_trigger.cpp:224]: PostValidate of trigger 'has_template' returned false at gfx/portraits/portrait_modifiers/01_clothes.txt:4310
[00:47:01][jomini_trigger.cpp:224]: PostValidate of trigger 'has_template' returned false at gfx/portraits/portrait_modifiers/01_clothes.txt:4311
[00:47:01][jomini_trigger.cpp:224]: PostValidate of trigger 'has_template' returned false at gfx/portraits/portrait_modifiers/01_clothes.txt:4312
[00:47:01][jomini_trigger.cpp:224]: PostValidate of trigger 'has_template' returned false at gfx/portraits/portrait_modifiers/01_clothes.txt:4339
[00:47:01][jomini_trigger.cpp:224]: PostValidate of trigger 'has_template' returned false at gfx/portraits/portrait_modifiers/01_clothes.txt:4372
[00:47:01][jomini_trigger.cpp:224]: PostValidate of trigger 'has_template' returned false at gfx/portraits/portrait_modifiers/01_clothes.txt:4373
[00:47:01][jomini_trigger.cpp:224]: PostValidate of trigger 'has_template' returned false at gfx/portraits/portrait_modifiers/01_clothes.txt:4374
[00:47:01][jomini_trigger.cpp:224]: PostValidate of trigger 'has_template' returned false at gfx/portraits/portrait_modifiers/01_clothes.txt:4375
[00:47:01][jomini_trigger.cpp:224]: PostValidate of trigger 'has_template' returned false at gfx/portraits/portrait_modifiers/01_clothes.txt:4376
[00:47:01][jomini_trigger.cpp:224]: PostValidate of trigger 'has_template' returned false at gfx/portraits/portrait_modifiers/01_clothes.txt:4377
[00:47:01][jomini_trigger.cpp:224]: PostValidate of trigger 'has_template' returned false at gfx/portraits/portrait_modifiers/01_clothes.txt:4378
[00:47:01][jomini_trigger.cpp:224]: PostValidate of trigger 'has_template' returned false at gfx/portraits/portrait_modifiers/01_clothes.txt:4406
[00:47:01][jomini_trigger.cpp:224]: PostValidate of trigger 'has_template' returned false at gfx/portraits/portrait_modifiers/01_clothes.txt:4407
[00:47:01][jomini_trigger.cpp:224]: PostValidate of trigger 'has_template' returned false at gfx/portraits/portrait_modifiers/01_clothes.txt:4435
[00:47:01][jomini_trigger.cpp:224]: PostValidate of trigger 'has_template' returned false at gfx/portraits/portrait_modifiers/01_clothes.txt:4436
[00:47:01][jomini_trigger.cpp:224]: PostValidate of trigger 'has_template' returned false at gfx/portraits/portrait_modifiers/01_clothes.txt:4469
[00:47:01][jomini_trigger.cpp:224]: PostValidate of trigger 'has_template' returned false at gfx/portraits/portrait_modifiers/01_clothes.txt:4503
[00:47:01][jomini_trigger.cpp:224]: PostValidate of trigger 'has_template' returned false at gfx/portraits/portrait_modifiers/01_clothes.txt:4535
[00:47:01][jomini_trigger.cpp:224]: PostValidate of trigger 'has_template' returned false at gfx/portraits/portrait_modifiers/01_clothes.txt:4536
[00:47:01][jomini_trigger.cpp:224]: PostValidate of trigger 'has_template' returned false at gfx/portraits/portrait_modifiers/01_clothes.txt:4537
[00:47:01][jomini_trigger.cpp:224]: PostValidate of trigger 'has_template' returned false at gfx/portraits/portrait_modifiers/01_clothes.txt:4538
[00:47:01][jomini_trigger.cpp:224]: PostValidate of trigger 'has_template' returned false at gfx/portraits/portrait_modifiers/01_clothes.txt:4572
[00:47:01][jomini_trigger.cpp:224]: PostValidate of trigger 'has_template' returned false at gfx/portraits/portrait_modifiers/01_clothes.txt:4612
[00:47:01][jomini_trigger.cpp:224]: PostValidate of trigger 'has_template' returned false at gfx/portraits/portrait_modifiers/01_clothes.txt:7285
[00:47:01][jomini_trigger.cpp:224]: PostValidate of trigger 'is_unification_candidate' returned false at gfx/portraits/portrait_modifiers/01_clothes.txt:7289
[00:47:01][jomini_trigger.cpp:224]: PostValidate of trigger 'has_government_type' returned false at gfx/portraits/portrait_modifiers/01_clothes.txt:8512
[00:47:01][jomini_trigger.cpp:224]: PostValidate of trigger 'has_government_type' returned false at gfx/portraits/portrait_modifiers/01_clothes.txt:8513
[00:47:01][jomini_trigger.cpp:224]: PostValidate of trigger 'has_government_type' returned false at gfx/portraits/portrait_modifiers/01_clothes.txt:8556
[00:47:01][jomini_trigger.cpp:224]: PostValidate of trigger 'has_government_type' returned false at gfx/portraits/portrait_modifiers/01_clothes.txt:8557
[00:47:01][jomini_trigger.cpp:224]: PostValidate of trigger 'has_government_type' returned false at gfx/portraits/portrait_modifiers/01_clothes.txt:8750
[00:47:01][jomini_trigger.cpp:224]: PostValidate of trigger 'has_government_type' returned false at gfx/portraits/portrait_modifiers/01_clothes.txt:8751
[00:47:01][jomini_trigger.cpp:224]: PostValidate of trigger 'has_government_type' returned false at gfx/portraits/portrait_modifiers/01_clothes.txt:8800
[00:47:01][jomini_trigger.cpp:224]: PostValidate of trigger 'has_government_type' returned false at gfx/portraits/portrait_modifiers/01_clothes.txt:8801
[00:47:01][jomini_trigger.cpp:224]: PostValidate of trigger 'has_template' returned false at gfx/portraits/portrait_modifiers/01_clothes.txt:12974
[00:47:01][jomini_trigger.cpp:224]: PostValidate of trigger 'has_template' returned false at gfx/portraits/portrait_modifiers/01_clothes.txt:13860
[00:47:01][jomini_trigger.cpp:224]: PostValidate of trigger 'has_template' returned false at gfx/portraits/portrait_modifiers/01_clothes.txt:13861
[00:47:01][jomini_trigger.cpp:224]: PostValidate of trigger 'has_template' returned false at gfx/portraits/portrait_modifiers/01_clothes.txt:14199
[00:47:01][jomini_trigger.cpp:224]: PostValidate of trigger 'has_template' returned false at gfx/portraits/portrait_modifiers/01_clothes.txt:14335
[00:47:01][jomini_trigger.cpp:224]: PostValidate of trigger 'has_template' returned false at gfx/portraits/portrait_modifiers/01_clothes.txt:14391
[00:47:01][jomini_trigger.cpp:224]: PostValidate of trigger 'has_template' returned false at gfx/portraits/portrait_modifiers/01_clothes.txt:14474
[00:47:01][jomini_trigger.cpp:224]: PostValidate of trigger 'has_template' returned false at gfx/portraits/portrait_modifiers/01_clothes.txt:14526
[00:47:01][jomini_trigger.cpp:224]: PostValidate of trigger 'has_template' returned false at gfx/portraits/portrait_modifiers/01_clothes.txt:14569
[00:47:01][jomini_trigger.cpp:224]: PostValidate of trigger 'has_template' returned false at gfx/portraits/portrait_modifiers/01_clothes.txt:14609
[00:47:01][jomini_trigger.cpp:224]: PostValidate of trigger 'has_template' returned false at gfx/portraits/portrait_modifiers/01_clothes.txt:14615
[00:47:01][jomini_trigger.cpp:224]: PostValidate of trigger 'has_template' returned false at gfx/portraits/portrait_modifiers/01_clothes.txt:18163
[00:47:01][jomini_trigger.cpp:224]: PostValidate of trigger 'has_template' returned false at gfx/portraits/portrait_modifiers/01_hairstyles.txt:345
[00:47:01][jomini_trigger.cpp:224]: PostValidate of trigger 'has_template' returned false at gfx/portraits/portrait_modifiers/01_hairstyles.txt:366
[00:47:01][jomini_trigger.cpp:224]: PostValidate of trigger 'has_template' returned false at gfx/portraits/portrait_modifiers/01_hairstyles.txt:367
[00:47:01][jomini_trigger.cpp:224]: PostValidate of trigger 'has_template' returned false at gfx/portraits/portrait_modifiers/01_headgear.txt:22
[00:47:01][jomini_trigger.cpp:224]: PostValidate of trigger 'has_template' returned false at gfx/portraits/portrait_modifiers/01_headgear.txt:23
[00:47:01][jomini_trigger.cpp:224]: PostValidate of trigger 'has_template' returned false at gfx/portraits/portrait_modifiers/01_headgear.txt:24
[00:47:01][jomini_trigger.cpp:224]: PostValidate of trigger 'has_template' returned false at gfx/portraits/portrait_modifiers/01_headgear.txt:25
[00:47:01][jomini_trigger.cpp:224]: PostValidate of trigger 'has_template' returned false at gfx/portraits/portrait_modifiers/01_headgear.txt:26
[00:47:01][jomini_trigger.cpp:224]: PostValidate of trigger 'has_template' returned false at gfx/portraits/portrait_modifiers/01_headgear.txt:27
[00:47:01][jomini_trigger.cpp:224]: PostValidate of trigger 'has_template' returned false at gfx/portraits/portrait_modifiers/01_headgear.txt:28
[00:47:01][jomini_trigger.cpp:224]: PostValidate of trigger 'has_template' returned false at gfx/portraits/portrait_modifiers/01_headgear.txt:29
[00:47:01][jomini_trigger.cpp:224]: PostValidate of trigger 'has_template' returned false at gfx/portraits/portrait_modifiers/01_headgear.txt:30
[00:47:01][jomini_trigger.cpp:224]: PostValidate of trigger 'has_template' returned false at gfx/portraits/portrait_modifiers/01_headgear.txt:31
[00:47:01][jomini_trigger.cpp:224]: PostValidate of trigger 'has_template' returned false at gfx/portraits/portrait_modifiers/01_headgear.txt:32
[00:47:01][jomini_trigger.cpp:224]: PostValidate of trigger 'has_template' returned false at gfx/portraits/portrait_modifiers/01_headgear.txt:33
[00:47:01][jomini_trigger.cpp:224]: PostValidate of trigger 'has_template' returned false at gfx/portraits/portrait_modifiers/01_headgear.txt:34
[00:47:01][jomini_trigger.cpp:224]: PostValidate of trigger 'has_template' returned false at gfx/portraits/portrait_modifiers/01_headgear.txt:35
[00:47:01][jomini_trigger.cpp:224]: PostValidate of trigger 'has_template' returned false at gfx/portraits/portrait_modifiers/01_headgear.txt:36
[00:47:01][jomini_trigger.cpp:224]: PostValidate of trigger 'has_template' returned false at gfx/portraits/portrait_modifiers/01_headgear.txt:37
[00:47:01][jomini_trigger.cpp:224]: PostValidate of trigger 'has_template' returned false at gfx/portraits/portrait_modifiers/01_headgear.txt:41
[00:47:01][jomini_trigger.cpp:224]: PostValidate of trigger 'has_template' returned false at gfx/portraits/portrait_modifiers/01_headgear.txt:42
[00:47:01][jomini_trigger.cpp:224]: PostValidate of trigger 'has_template' returned false at gfx/portraits/portrait_modifiers/01_headgear.txt:43
[00:47:01][jomini_trigger.cpp:224]: PostValidate of trigger 'has_template' returned false at gfx/portraits/portrait_modifiers/01_headgear.txt:44
[00:47:01][jomini_trigger.cpp:224]: PostValidate of trigger 'has_template' returned false at gfx/portraits/portrait_modifiers/01_headgear.txt:45
[00:47:01][jomini_trigger.cpp:224]: PostValidate of trigger 'has_template' returned false at gfx/portraits/portrait_modifiers/01_headgear.txt:46
[00:47:01][jomini_trigger.cpp:224]: PostValidate of trigger 'has_template' returned false at gfx/portraits/portrait_modifiers/01_headgear.txt:155
[00:47:01][jomini_trigger.cpp:224]: PostValidate of trigger 'has_template' returned false at gfx/portraits/portrait_modifiers/01_headgear.txt:273
[00:47:01][jomini_trigger.cpp:224]: PostValidate of trigger 'has_template' returned false at gfx/portraits/portrait_modifiers/01_headgear.txt:295
[00:47:01][jomini_trigger.cpp:224]: PostValidate of trigger 'has_template' returned false at gfx/portraits/portrait_modifiers/01_headgear.txt:316
[00:47:01][jomini_trigger.cpp:224]: PostValidate of trigger 'has_template' returned false at gfx/portraits/portrait_modifiers/01_headgear.txt:340
[00:47:01][jomini_trigger.cpp:224]: PostValidate of trigger 'has_template' returned false at gfx/portraits/portrait_modifiers/01_headgear.txt:365
[00:47:01][jomini_trigger.cpp:224]: PostValidate of trigger 'has_template' returned false at gfx/portraits/portrait_modifiers/01_headgear.txt:389
[00:47:01][jomini_trigger.cpp:224]: PostValidate of trigger 'has_template' returned false at gfx/portraits/portrait_modifiers/01_headgear.txt:411
[00:47:01][jomini_trigger.cpp:224]: PostValidate of trigger 'has_template' returned false at gfx/portraits/portrait_modifiers/01_headgear.txt:436
[00:47:01][jomini_trigger.cpp:224]: PostValidate of trigger 'has_template' returned false at gfx/portraits/portrait_modifiers/01_headgear.txt:461
[00:47:01][jomini_trigger.cpp:224]: PostValidate of trigger 'has_template' returned false at gfx/portraits/portrait_modifiers/01_headgear.txt:482
[00:47:01][jomini_trigger.cpp:224]: PostValidate of trigger 'has_template' returned false at gfx/portraits/portrait_modifiers/01_headgear.txt:526
[00:47:01][jomini_trigger.cpp:224]: PostValidate of trigger 'has_template' returned false at gfx/portraits/portrait_modifiers/01_headgear.txt:585
[00:47:01][jomini_trigger.cpp:224]: PostValidate of trigger 'has_template' returned false at gfx/portraits/portrait_modifiers/01_headgear.txt:608
[00:47:01][jomini_trigger.cpp:224]: PostValidate of trigger 'has_template' returned false at gfx/portraits/portrait_modifiers/01_headgear.txt:609
[00:47:01][jomini_trigger.cpp:224]: PostValidate of trigger 'has_template' returned false at gfx/portraits/portrait_modifiers/01_headgear.txt:610
[00:47:01][jomini_trigger.cpp:224]: PostValidate of trigger 'has_template' returned false at gfx/portraits/portrait_modifiers/01_headgear.txt:626
[00:47:01][jomini_trigger.cpp:224]: PostValidate of trigger 'has_template' returned false at gfx/portraits/portrait_modifiers/01_headgear.txt:627
[00:47:01][jomini_trigger.cpp:224]: PostValidate of trigger 'has_template' returned false at gfx/portraits/portrait_modifiers/01_headgear.txt:650
[00:47:01][jomini_trigger.cpp:224]: PostValidate of trigger 'has_template' returned false at gfx/portraits/portrait_modifiers/01_headgear.txt:673
[00:47:01][jomini_trigger.cpp:224]: PostValidate of trigger 'has_template' returned false at gfx/portraits/portrait_modifiers/01_headgear.txt:696
[00:47:01][jomini_trigger.cpp:224]: PostValidate of trigger 'has_template' returned false at gfx/portraits/portrait_modifiers/01_headgear.txt:719
[00:47:01][jomini_trigger.cpp:224]: PostValidate of trigger 'has_template' returned false at gfx/portraits/portrait_modifiers/01_headgear.txt:741
[00:47:01][jomini_trigger.cpp:224]: PostValidate of trigger 'has_template' returned false at gfx/portraits/portrait_modifiers/01_headgear.txt:765
[00:47:01][jomini_trigger.cpp:224]: PostValidate of trigger 'has_template' returned false at gfx/portraits/portrait_modifiers/01_headgear.txt:788
[00:47:01][jomini_trigger.cpp:224]: PostValidate of trigger 'has_template' returned false at gfx/portraits/portrait_modifiers/01_headgear.txt:811
[00:47:01][jomini_trigger.cpp:224]: PostValidate of trigger 'has_template' returned false at gfx/portraits/portrait_modifiers/01_headgear.txt:834
[00:47:01][jomini_trigger.cpp:224]: PostValidate of trigger 'has_template' returned false at gfx/portraits/portrait_modifiers/01_headgear.txt:857
[00:47:01][jomini_trigger.cpp:224]: PostValidate of trigger 'has_template' returned false at gfx/portraits/portrait_modifiers/01_headgear.txt:880
[00:47:01][jomini_trigger.cpp:224]: PostValidate of trigger 'has_template' returned false at gfx/portraits/portrait_modifiers/01_headgear.txt:903
[00:47:01][jomini_trigger.cpp:224]: PostValidate of trigger 'has_template' returned false at gfx/portraits/portrait_modifiers/01_headgear.txt:926
[00:47:01][jomini_trigger.cpp:224]: PostValidate of trigger 'has_template' returned false at gfx/portraits/portrait_modifiers/01_headgear.txt:949
[00:47:01][jomini_trigger.cpp:224]: PostValidate of trigger 'has_template' returned false at gfx/portraits/portrait_modifiers/01_headgear.txt:950
[00:47:01][jomini_trigger.cpp:224]: PostValidate of trigger 'has_template' returned false at gfx/portraits/portrait_modifiers/01_headgear.txt:951
[00:47:01][jomini_trigger.cpp:224]: PostValidate of trigger 'has_template' returned false at gfx/portraits/portrait_modifiers/01_headgear.txt:972
[00:47:01][jomini_trigger.cpp:224]: PostValidate of trigger 'has_template' returned false at gfx/portraits/portrait_modifiers/01_headgear.txt:992
[00:47:01][jomini_trigger.cpp:224]: PostValidate of trigger 'has_template' returned false at gfx/portraits/portrait_modifiers/01_headgear.txt:1106
[00:47:01][jomini_trigger.cpp:224]: PostValidate of trigger 'has_template' returned false at gfx/portraits/portrait_modifiers/01_headgear.txt:1107
[00:47:01][jomini_trigger.cpp:224]: PostValidate of trigger 'has_template' returned false at gfx/portraits/portrait_modifiers/01_headgear.txt:3687
[00:47:01][jomini_trigger.cpp:224]: PostValidate of trigger 'has_template' returned false at gfx/portraits/portrait_modifiers/01_headgear.txt:4231
[00:47:01][jomini_trigger.cpp:224]: PostValidate of trigger 'has_template' returned false at gfx/portraits/portrait_modifiers/01_headgear.txt:4232
[00:47:01][jomini_trigger.cpp:224]: PostValidate of trigger 'has_template' returned false at gfx/portraits/portrait_modifiers/01_headgear.txt:4233
[00:47:01][jomini_trigger.cpp:224]: PostValidate of trigger 'has_template' returned false at gfx/portraits/portrait_modifiers/01_headgear.txt:4234
[00:47:01][jomini_trigger.cpp:224]: PostValidate of trigger 'has_template' returned false at gfx/portraits/portrait_modifiers/01_headgear.txt:4235
[00:47:01][jomini_trigger.cpp:224]: PostValidate of trigger 'has_template' returned false at gfx/portraits/portrait_modifiers/01_headgear.txt:4236
[00:47:01][jomini_trigger.cpp:224]: PostValidate of trigger 'is_unification_candidate' returned false at gfx/portraits/portrait_modifiers/01_headgear.txt:4304
[00:47:01][jomini_trigger.cpp:224]: PostValidate of trigger 'has_template' returned false at gfx/portraits/portrait_modifiers/01_headgear.txt:4394
[00:47:01][jomini_trigger.cpp:224]: PostValidate of trigger 'has_template' returned false at gfx/portraits/portrait_modifiers/01_headgear.txt:4435
[00:47:01][jomini_trigger.cpp:224]: PostValidate of trigger 'has_template' returned false at gfx/portraits/portrait_modifiers/01_headgear.txt:4436
[00:47:01][jomini_trigger.cpp:224]: PostValidate of trigger 'has_template' returned false at gfx/portraits/portrait_modifiers/01_headgear.txt:4493
[00:47:01][jomini_trigger.cpp:224]: PostValidate of trigger 'has_template' returned false at gfx/portraits/portrait_modifiers/01_headgear.txt:4494
[00:47:01][jomini_trigger.cpp:224]: PostValidate of trigger 'has_template' returned false at gfx/portraits/portrait_modifiers/01_headgear.txt:4606
[00:47:01][jomini_trigger.cpp:224]: PostValidate of trigger 'has_template' returned false at gfx/portraits/portrait_modifiers/01_headgear.txt:4607
[00:47:01][jomini_trigger.cpp:224]: PostValidate of trigger 'has_template' returned false at gfx/portraits/portrait_modifiers/01_headgear.txt:4608
[00:47:01][jomini_trigger.cpp:224]: PostValidate of trigger 'has_template' returned false at gfx/portraits/portrait_modifiers/01_headgear.txt:4609
[00:47:01][jomini_trigger.cpp:224]: PostValidate of trigger 'has_template' returned false at gfx/portraits/portrait_modifiers/01_headgear.txt:5038
[00:47:01][jomini_trigger.cpp:224]: PostValidate of trigger 'has_template' returned false at gfx/portraits/portrait_modifiers/01_headgear.txt:5502
[00:47:01][jomini_trigger.cpp:224]: PostValidate of trigger 'can_form_nation' returned false at gfx/portraits/portrait_modifiers/01_headgear.txt:5633
[00:47:01][jomini_trigger.cpp:224]: PostValidate of trigger 'has_template' returned false at gfx/portraits/portrait_modifiers/01_headgear.txt:5953
[00:47:01][jomini_trigger.cpp:224]: PostValidate of trigger 'has_template' returned false at gfx/portraits/portrait_modifiers/01_headgear.txt:6010
[00:47:01][jomini_trigger.cpp:224]: PostValidate of trigger 'has_template' returned false at gfx/portraits/portrait_modifiers/01_headgear.txt:6054
[00:47:01][jomini_trigger.cpp:224]: PostValidate of trigger 'has_template' returned false at gfx/portraits/portrait_modifiers/01_headgear.txt:6210
[00:47:01][jomini_trigger.cpp:224]: PostValidate of trigger 'has_template' returned false at gfx/portraits/portrait_modifiers/01_headgear.txt:6211
[00:47:01][jomini_trigger.cpp:224]: PostValidate of trigger 'has_template' returned false at gfx/portraits/portrait_modifiers/01_headgear.txt:6212
[00:47:01][jomini_trigger.cpp:224]: PostValidate of trigger 'has_journal_entry' returned false at common/laws/00_bureaucracy.txt:156
[00:47:01][jomini_trigger.cpp:224]: PostValidate of trigger 'has_journal_entry' returned false at common/laws/00_bureaucracy.txt:200
[00:47:01][jomini_trigger.cpp:224]: PostValidate of trigger 'has_journal_entry' returned false at common/laws/00_caste_hegemony.txt:226
[00:47:01][jomini_trigger.cpp:224]: PostValidate of trigger 'has_journal_entry' returned false at common/laws/00_caste_hegemony.txt:320
[00:47:01][jomini_trigger.cpp:224]: PostValidate of trigger 'has_journal_entry' returned false at common/laws/00_distribution_of_power.txt:418
[00:47:01][jomini_trigger.cpp:224]: PostValidate of trigger 'has_journal_entry' returned false at common/laws/00_distribution_of_power.txt:847
[00:47:01][jomini_trigger.cpp:224]: PostValidate of trigger 'has_journal_entry' returned false at common/laws/00_distribution_of_power.txt:1115
[00:47:01][jomini_trigger.cpp:224]: PostValidate of trigger 'has_journal_entry' returned false at common/laws/00_distribution_of_power.txt:1407
[00:47:01][jomini_trigger.cpp:224]: PostValidate of trigger 'has_template' returned false at common/laws/00_governance_principles.txt:389
[00:47:01][jomini_trigger.cpp:224]: PostValidate of trigger 'has_template' returned false at common/laws/00_governance_principles.txt:536
[00:47:01][jomini_trigger.cpp:224]: PostValidate of trigger 'has_template' returned false at common/laws/00_governance_principles.txt:847
[00:47:01][jomini_trigger.cpp:224]: PostValidate of trigger 'has_template' returned false at common/laws/00_governance_principles.txt:945
[00:47:01][jomini_trigger.cpp:224]: PostValidate of trigger 'has_journal_entry' returned false at common/laws/00_internal_security.txt:160
[00:47:01][jomini_trigger.cpp:224]: PostValidate of trigger 'has_template' returned false at common/amendments/00_amendments_content_04.txt:30
[00:47:01][jomini_trigger.cpp:224]: PostValidate of trigger 'has_template' returned false at common/amendments/00_amendments_content_04.txt:42
[00:47:01][jomini_trigger.cpp:224]: PostValidate of trigger 'has_template' returned false at common/amendments/00_amendments_content_04.txt:83
[00:47:01][jomini_trigger.cpp:224]: PostValidate of trigger 'has_template' returned false at common/amendments/00_amendments_content_04.txt:95
[00:47:01][jomini_trigger.cpp:224]: PostValidate of trigger 'has_template' returned false at common/amendments/00_amendments_historical_04.txt:353
[00:47:01][jomini_trigger.cpp:224]: PostValidate of trigger 'has_template' returned false at common/amendments/00_amendments_historical_04.txt:365
[00:47:01][jomini_trigger.cpp:224]: PostValidate of trigger 'has_journal_entry' returned false at common/buildings/05_military.txt:85
[00:47:01][jomini_trigger.cpp:224]: PostValidate of trigger 'has_government_type' returned false at common/script_values/00_diplomacy_values.txt:185
[00:47:01][jomini_trigger.cpp:224]: PostValidate of trigger 'owns_entire_state_region' returned false at common/script_values/je_values.txt:192
[00:47:01][jomini_trigger.cpp:224]: PostValidate of trigger 'has_government_type' returned false at common/scripted_triggers/00_clothes_triggers.txt:1101
[00:47:01][jomini_trigger.cpp:224]: PostValidate of trigger 'has_government_type' returned false at common/scripted_triggers/00_clothes_triggers.txt:1102
[00:47:01][jomini_trigger.cpp:224]: PostValidate of trigger 'has_template' returned false at common/scripted_triggers/00_clothes_triggers.txt:1469
[00:47:01][jomini_trigger.cpp:224]: PostValidate of trigger 'has_government_type' returned false at common/scripted_triggers/00_clothes_triggers.txt:1568
[00:47:01][jomini_trigger.cpp:224]: PostValidate of trigger 'has_government_type' returned false at common/scripted_triggers/00_clothes_triggers.txt:1569
[00:47:01][jomini_trigger.cpp:224]: PostValidate of trigger 'has_government_type' returned false at common/scripted_triggers/00_clothes_triggers.txt:1570
[00:47:01][jomini_trigger.cpp:224]: PostValidate of trigger 'has_government_type' returned false at common/scripted_triggers/00_scripted_triggers.txt:1845
[00:47:01][jomini_trigger.cpp:224]: PostValidate of trigger 'has_government_type' returned false at common/scripted_triggers/00_scripted_triggers.txt:1846
[00:47:01][jomini_trigger.cpp:224]: PostValidate of trigger 'has_government_type' returned false at common/scripted_triggers/00_scripted_triggers.txt:1847
[00:47:01][jomini_trigger.cpp:224]: PostValidate of trigger 'has_government_type' returned false at common/scripted_triggers/00_scripted_triggers.txt:1848
[00:47:01][jomini_trigger.cpp:224]: PostValidate of trigger 'has_government_type' returned false at common/scripted_triggers/00_scripted_triggers.txt:1849
[00:47:01][jomini_trigger.cpp:224]: PostValidate of trigger 'has_government_type' returned false at common/scripted_triggers/00_scripted_triggers.txt:1850
[00:47:01][jomini_trigger.cpp:224]: PostValidate of trigger 'has_government_type' returned false at common/scripted_triggers/00_scripted_triggers.txt:1851
[00:47:01][jomini_trigger.cpp:224]: PostValidate of trigger 'has_government_type' returned false at common/scripted_triggers/00_scripted_triggers.txt:1852
[00:47:01][jomini_trigger.cpp:224]: PostValidate of trigger 'has_government_type' returned false at common/scripted_triggers/00_scripted_triggers.txt:1853
[00:47:01][jomini_trigger.cpp:224]: PostValidate of trigger 'owns_entire_state_region' returned false at common/scripted_effects/00_dynamic_state_names_europe.txt:1626
[00:47:01][jomini_trigger.cpp:224]: PostValidate of trigger 'has_template' returned false at common/scripted_effects/00_victoria_heir_generation.txt:215
[00:47:01][jomini_trigger.cpp:224]: PostValidate of trigger 'has_template' returned false at common/scripted_effects/00_victoria_heir_generation.txt:229
[00:47:01][jomini_trigger.cpp:224]: PostValidate of trigger 'has_template' returned false at common/scripted_effects/00_victoria_heir_generation.txt:242
[00:47:01][jomini_trigger.cpp:224]: PostValidate of trigger 'has_template' returned false at common/scripted_effects/00_victoria_heir_generation.txt:255
[00:47:01][jomini_trigger.cpp:224]: PostValidate of trigger 'has_template' returned false at common/scripted_effects/00_victoria_heir_generation.txt:268
[00:47:01][jomini_trigger.cpp:224]: PostValidate of trigger 'has_template' returned false at common/scripted_effects/00_victoria_heir_generation.txt:282
[00:47:01][jomini_trigger.cpp:224]: PostValidate of trigger 'has_template' returned false at common/scripted_effects/00_victoria_heir_generation.txt:296
[00:47:01][jomini_trigger.cpp:224]: PostValidate of trigger 'has_template' returned false at common/scripted_effects/00_victoria_heir_generation.txt:309
[00:47:01][jomini_trigger.cpp:224]: PostValidate of trigger 'has_template' returned false at common/scripted_effects/00_victoria_ip4_scripted_effects.txt:1938
[00:47:01][jomini_trigger.cpp:224]: PostValidate of trigger 'has_template' returned false at common/scripted_effects/00_victoria_ip4_scripted_effects.txt:1943
[00:47:01][jomini_trigger.cpp:224]: PostValidate of trigger 'has_template' returned false at common/scripted_effects/00_victoria_royal_successions.txt:63
[00:47:01][jomini_trigger.cpp:224]: PostValidate of trigger 'has_template' returned false at common/scripted_effects/00_victoria_heir_generation.txt:13
[00:47:01][jomini_trigger.cpp:224]: PostValidate of trigger 'has_template' returned false at common/scripted_effects/00_victoria_royal_successions.txt:74
[00:47:01][jomini_trigger.cpp:224]: PostValidate of trigger 'has_template' returned false at common/scripted_effects/00_victoria_heir_generation.txt:29
[00:47:01][jomini_trigger.cpp:224]: PostValidate of trigger 'has_template' returned false at common/scripted_effects/00_victoria_royal_successions.txt:86
[00:47:01][jomini_trigger.cpp:224]: PostValidate of trigger 'has_template' returned false at common/scripted_effects/00_victoria_royal_successions.txt:87
[00:47:01][jomini_trigger.cpp:224]: PostValidate of trigger 'is_template_used' returned false at common/scripted_effects/00_victoria_ip4_scripted_effects.txt:1961
[00:47:01][jomini_trigger.cpp:224]: PostValidate of trigger 'has_template' returned false at common/scripted_effects/00_victoria_heir_generation.txt:45
[00:47:01][jomini_trigger.cpp:224]: PostValidate of trigger 'has_template' returned false at common/scripted_effects/00_victoria_royal_successions.txt:99
[00:47:01][jomini_trigger.cpp:224]: PostValidate of trigger 'has_template' returned false at common/scripted_effects/00_victoria_royal_successions.txt:434
[00:47:01][jomini_trigger.cpp:224]: PostValidate of trigger 'has_template' returned false at common/scripted_effects/00_victoria_ip4_scripted_effects.txt:2005
[00:47:01][jomini_trigger.cpp:224]: PostValidate of trigger 'has_template' returned false at common/scripted_effects/00_victoria_royal_successions.txt:445
[00:47:01][jomini_trigger.cpp:224]: PostValidate of trigger 'has_template' returned false at common/scripted_effects/00_victoria_ip4_scripted_effects.txt:2010
[00:47:01][jomini_trigger.cpp:224]: PostValidate of trigger 'has_template' returned false at common/scripted_effects/00_victoria_heir_generation.txt:61
[00:47:01][jomini_trigger.cpp:224]: PostValidate of trigger 'has_template' returned false at common/scripted_effects/00_victoria_royal_successions.txt:456
[00:47:01][jomini_trigger.cpp:224]: PostValidate of trigger 'is_template_used' returned false at common/scripted_effects/00_victoria_heir_generation.txt:81
[00:47:01][jomini_trigger.cpp:224]: PostValidate of trigger 'has_template' returned false at common/scripted_effects/00_victoria_ip4_scripted_effects.txt:2005
[00:47:01][jomini_trigger.cpp:224]: PostValidate of trigger 'has_template' returned false at common/scripted_effects/00_victoria_heir_generation.txt:83
[00:47:01][jomini_trigger.cpp:224]: PostValidate of trigger 'has_template' returned false at common/scripted_effects/00_victoria_ip4_scripted_effects.txt:2010
[00:47:01][jomini_trigger.cpp:224]: PostValidate of trigger 'is_template_used' returned false at common/scripted_effects/00_victoria_heir_generation.txt:97
[00:47:01][jomini_trigger.cpp:224]: PostValidate of trigger 'has_template' returned false at common/scripted_effects/00_victoria_heir_generation.txt:99
[00:47:01][jomini_trigger.cpp:224]: PostValidate of trigger 'has_template' returned false at common/scripted_effects/00_victoria_royal_successions.txt:491
[00:47:01][jomini_trigger.cpp:224]: PostValidate of trigger 'has_template' returned false at common/scripted_effects/00_victoria_royal_successions.txt:949
[00:47:01][jomini_trigger.cpp:224]: PostValidate of trigger 'is_template_used' returned false at common/scripted_effects/00_victoria_heir_generation.txt:113
[00:47:01][jomini_trigger.cpp:224]: PostValidate of trigger 'has_template' returned false at common/scripted_effects/00_victoria_heir_generation.txt:115
[00:47:01][jomini_trigger.cpp:224]: PostValidate of trigger 'has_template' returned false at common/scripted_effects/00_victoria_royal_successions.txt:506
[00:47:01][jomini_trigger.cpp:224]: PostValidate of trigger 'has_template' returned false at common/scripted_effects/00_victoria_ip4_scripted_effects.txt:2005
[00:47:01][jomini_trigger.cpp:224]: PostValidate of trigger 'has_template' returned false at common/scripted_effects/00_victoria_ip4_scripted_effects.txt:2010
[00:47:01][jomini_trigger.cpp:224]: PostValidate of trigger 'has_template' returned false at common/scripted_effects/00_victoria_royal_successions.txt:512
[00:47:01][jomini_trigger.cpp:224]: PostValidate of trigger 'is_template_used' returned false at common/scripted_effects/00_victoria_heir_generation.txt:128
[00:47:01][jomini_trigger.cpp:224]: PostValidate of trigger 'has_template' returned false at common/scripted_effects/00_victoria_royal_successions.txt:517
[00:47:01][jomini_trigger.cpp:224]: PostValidate of trigger 'has_template' returned false at common/scripted_effects/00_victoria_heir_generation.txt:131
[00:47:01][jomini_trigger.cpp:224]: PostValidate of trigger 'has_template' returned false at common/scripted_effects/00_victoria_heir_generation.txt:132
[00:47:01][jomini_trigger.cpp:224]: PostValidate of trigger 'has_template' returned false at common/scripted_effects/00_victoria_royal_successions.txt:132
[00:47:01][jomini_trigger.cpp:224]: PostValidate of trigger 'has_template' returned false at common/scripted_effects/00_victoria_royal_successions.txt:539
[00:47:01][jomini_trigger.cpp:224]: PostValidate of trigger 'has_template' returned false at common/scripted_effects/00_victoria_royal_successions.txt:985
[00:47:01][jomini_trigger.cpp:224]: PostValidate of trigger 'has_template' returned false at common/scripted_effects/00_victoria_royal_successions.txt:142
[00:47:01][jomini_trigger.cpp:224]: PostValidate of trigger 'has_template' returned false at common/scripted_effects/00_victoria_ip4_scripted_effects.txt:2005
[00:47:01][jomini_trigger.cpp:224]: PostValidate of trigger 'has_template' returned false at common/scripted_effects/00_victoria_ip4_scripted_effects.txt:2005
[00:47:01][jomini_trigger.cpp:224]: PostValidate of trigger 'has_template' returned false at common/scripted_effects/00_victoria_ip4_scripted_effects.txt:2010
[00:47:01][jomini_trigger.cpp:224]: PostValidate of trigger 'has_template' returned false at common/scripted_effects/00_victoria_royal_successions.txt:546
[00:47:01][jomini_trigger.cpp:224]: PostValidate of trigger 'has_template' returned false at common/scripted_effects/00_victoria_ip4_scripted_effects.txt:2010
[00:47:01][jomini_trigger.cpp:224]: PostValidate of trigger 'has_template' returned false at common/scripted_effects/00_victoria_royal_successions.txt:551
[00:47:01][jomini_trigger.cpp:224]: PostValidate of trigger 'has_template' returned false at common/scripted_effects/00_victoria_heir_generation.txt:152
[00:47:01][jomini_trigger.cpp:224]: PostValidate of trigger 'has_template' returned false at common/scripted_effects/00_victoria_ip4_scripted_effects.txt:2005
[00:47:01][jomini_trigger.cpp:224]: PostValidate of trigger 'has_template' returned false at common/scripted_effects/00_victoria_royal_successions.txt:1015
[00:47:01][jomini_trigger.cpp:224]: PostValidate of trigger 'has_template' returned false at common/scripted_effects/00_victoria_ip4_scripted_effects.txt:2010
[00:47:01][jomini_trigger.cpp:224]: PostValidate of trigger 'has_template' returned false at common/scripted_effects/00_victoria_royal_successions.txt:573
[00:47:01][jomini_trigger.cpp:224]: PostValidate of trigger 'has_template' returned false at common/scripted_effects/00_victoria_heir_generation.txt:168
[00:47:01][jomini_trigger.cpp:224]: PostValidate of trigger 'has_template' returned false at common/scripted_effects/00_victoria_royal_successions.txt:157
[00:47:01][jomini_trigger.cpp:224]: PostValidate of trigger 'has_template' returned false at common/scripted_effects/00_victoria_royal_successions.txt:580
[00:47:01][jomini_trigger.cpp:224]: PostValidate of trigger 'has_template' returned false at common/scripted_effects/00_victoria_royal_successions.txt:585
[00:47:01][jomini_trigger.cpp:224]: PostValidate of trigger 'has_template' returned false at common/scripted_effects/00_victoria_heir_generation.txt:182
[00:47:01][jomini_trigger.cpp:224]: PostValidate of trigger 'has_template' returned false at common/scripted_effects/00_victoria_royal_successions.txt:173
[00:47:01][jomini_trigger.cpp:224]: PostValidate of trigger 'has_template' returned false at common/scripted_effects/00_victoria_ip4_scripted_effects.txt:2005
[00:47:01][jomini_trigger.cpp:224]: PostValidate of trigger 'has_template' returned false at common/scripted_effects/00_victoria_ip4_scripted_effects.txt:2010
[00:47:01][jomini_trigger.cpp:224]: PostValidate of trigger 'has_template' returned false at common/scripted_effects/00_victoria_royal_successions.txt:1044
[00:47:01][jomini_trigger.cpp:224]: PostValidate of trigger 'is_template_used' returned false at common/scripted_effects/00_victoria_heir_generation.txt:197
[00:47:01][jomini_trigger.cpp:224]: PostValidate of trigger 'has_template' returned false at common/scripted_effects/00_victoria_heir_generation.txt:199
[00:47:01][jomini_trigger.cpp:224]: PostValidate of trigger 'has_template' returned false at common/scripted_effects/00_victoria_ip4_scripted_effects.txt:2005
[00:47:01][jomini_trigger.cpp:224]: PostValidate of trigger 'has_template' returned false at common/scripted_effects/00_victoria_royal_successions.txt:184
[00:47:01][jomini_trigger.cpp:224]: PostValidate of trigger 'has_template' returned false at common/scripted_effects/00_victoria_ip4_scripted_effects.txt:2010
[00:47:01][jomini_trigger.cpp:224]: PostValidate of trigger 'has_template' returned false at common/scripted_effects/00_victoria_royal_successions.txt:607
[00:47:01][jomini_trigger.cpp:224]: PostValidate of trigger 'has_template' returned false at common/scripted_effects/00_victoria_royal_successions.txt:613
[00:47:01][jomini_trigger.cpp:224]: PostValidate of trigger 'has_template' returned false at common/scripted_effects/00_victoria_royal_successions.txt:618
[00:47:01][jomini_trigger.cpp:224]: PostValidate of trigger 'has_template' returned false at common/scripted_effects/00_victoria_royal_successions.txt:195
[00:47:01][jomini_trigger.cpp:224]: PostValidate of trigger 'has_template' returned false at common/scripted_effects/00_victoria_ip4_scripted_effects.txt:2005
[00:47:01][jomini_trigger.cpp:224]: PostValidate of trigger 'has_template' returned false at common/scripted_effects/00_victoria_ip4_scripted_effects.txt:2010
[00:47:01][jomini_trigger.cpp:224]: PostValidate of trigger 'has_template' returned false at common/scripted_effects/00_victoria_royal_successions.txt:645
[00:47:01][jomini_trigger.cpp:224]: PostValidate of trigger 'has_template' returned false at common/scripted_effects/00_victoria_ip4_scripted_effects.txt:2005
[00:47:01][jomini_trigger.cpp:224]: PostValidate of trigger 'has_template' returned false at common/scripted_effects/00_victoria_royal_successions.txt:657
[00:47:01][jomini_trigger.cpp:224]: PostValidate of trigger 'has_template' returned false at common/scripted_effects/00_victoria_ip4_scripted_effects.txt:2010
[00:47:01][jomini_trigger.cpp:224]: PostValidate of trigger 'has_template' returned false at common/scripted_effects/00_victoria_ip4_scripted_effects.txt:2005
[00:47:01][jomini_trigger.cpp:224]: PostValidate of trigger 'has_template' returned false at common/scripted_effects/00_victoria_royal_successions.txt:669
[00:47:01][jomini_trigger.cpp:224]: PostValidate of trigger 'has_template' returned false at common/scripted_effects/00_victoria_ip4_scripted_effects.txt:2010
[00:47:01][jomini_trigger.cpp:224]: PostValidate of trigger 'has_template' returned false at common/scripted_effects/00_victoria_royal_successions.txt:206
[00:47:01][jomini_trigger.cpp:224]: PostValidate of trigger 'has_template' returned false at common/scripted_effects/00_victoria_ip4_scripted_effects.txt:2005
[00:47:01][jomini_trigger.cpp:224]: PostValidate of trigger 'has_template' returned false at common/scripted_effects/00_victoria_ip4_scripted_effects.txt:2010
[00:47:01][jomini_trigger.cpp:224]: PostValidate of trigger 'has_template' returned false at common/scripted_effects/00_victoria_royal_successions.txt:704
[00:47:01][jomini_trigger.cpp:224]: PostValidate of trigger 'has_template' returned false at common/scripted_effects/00_victoria_royal_successions.txt:221
[00:47:01][jomini_trigger.cpp:224]: PostValidate of trigger 'has_template' returned false at common/scripted_effects/00_victoria_ip4_scripted_effects.txt:2005
[00:47:01][jomini_trigger.cpp:224]: PostValidate of trigger 'has_template' returned false at common/scripted_effects/00_victoria_royal_successions.txt:717
[00:47:01][jomini_trigger.cpp:224]: PostValidate of trigger 'has_template' returned false at common/scripted_effects/00_victoria_ip4_scripted_effects.txt:2010
[00:47:01][jomini_trigger.cpp:224]: PostValidate of trigger 'has_template' returned false at common/scripted_effects/00_victoria_royal_successions.txt:233
[00:47:01][jomini_trigger.cpp:224]: PostValidate of trigger 'has_template' returned false at common/scripted_effects/00_victoria_royal_successions.txt:730
[00:47:01][jomini_trigger.cpp:224]: PostValidate of trigger 'has_template' returned false at common/scripted_effects/00_victoria_royal_successions.txt:731
[00:47:01][jomini_trigger.cpp:224]: PostValidate of trigger 'has_template' returned false at common/scripted_effects/00_victoria_royal_successions.txt:245
[00:47:01][jomini_trigger.cpp:224]: PostValidate of trigger 'has_template' returned false at common/scripted_effects/00_victoria_royal_successions.txt:744
[00:47:01][jomini_trigger.cpp:224]: PostValidate of trigger 'has_template' returned false at common/scripted_effects/00_victoria_ip4_scripted_effects.txt:2005
[00:47:01][jomini_trigger.cpp:224]: PostValidate of trigger 'has_template' returned false at common/scripted_effects/00_victoria_ip4_scripted_effects.txt:2010
[00:47:01][jomini_trigger.cpp:224]: PostValidate of trigger 'has_template' returned false at common/scripted_effects/00_victoria_royal_successions.txt:257
[00:47:01][jomini_trigger.cpp:224]: PostValidate of trigger 'has_template' returned false at common/scripted_effects/00_victoria_royal_successions.txt:759
[00:47:01][jomini_trigger.cpp:224]: PostValidate of trigger 'has_template' returned false at common/scripted_effects/00_victoria_royal_successions.txt:269
[00:47:01][jomini_trigger.cpp:224]: PostValidate of trigger 'has_template' returned false at common/scripted_effects/00_victoria_ip4_scripted_effects.txt:2005
[00:47:01][jomini_trigger.cpp:224]: PostValidate of trigger 'has_template' returned false at common/scripted_effects/00_victoria_royal_successions.txt:771
[00:47:01][jomini_trigger.cpp:224]: PostValidate of trigger 'has_template' returned false at common/scripted_effects/00_victoria_ip4_scripted_effects.txt:2010
[00:47:01][jomini_trigger.cpp:224]: PostValidate of trigger 'has_template' returned false at common/scripted_effects/00_victoria_royal_successions.txt:783
[00:47:01][jomini_trigger.cpp:224]: PostValidate of trigger 'has_template' returned false at common/scripted_effects/00_victoria_ip4_scripted_effects.txt:2033
[00:47:01][jomini_trigger.cpp:224]: PostValidate of trigger 'has_template' returned false at common/scripted_effects/00_victoria_ip4_scripted_effects.txt:2038
[00:47:01][jomini_trigger.cpp:224]: PostValidate of trigger 'has_template' returned false at common/scripted_effects/00_victoria_royal_successions.txt:310
[00:47:01][jomini_trigger.cpp:224]: PostValidate of trigger 'has_template' returned false at common/scripted_effects/00_victoria_royal_successions.txt:795
[00:47:01][jomini_trigger.cpp:224]: PostValidate of trigger 'has_template' returned false at common/scripted_effects/00_victoria_royal_successions.txt:810
[00:47:01][jomini_trigger.cpp:224]: PostValidate of trigger 'has_template' returned false at common/scripted_effects/00_victoria_royal_successions.txt:322
[00:47:01][jomini_trigger.cpp:224]: PostValidate of trigger 'has_template' returned false at common/scripted_effects/00_victoria_royal_successions.txt:821
[00:47:01][jomini_trigger.cpp:224]: PostValidate of trigger 'has_template' returned false at common/scripted_effects/00_victoria_royal_successions.txt:832
[00:47:01][jomini_trigger.cpp:224]: PostValidate of trigger 'has_template' returned false at common/scripted_effects/00_victoria_royal_successions.txt:843
[00:47:01][jomini_trigger.cpp:224]: PostValidate of trigger 'has_template' returned false at common/scripted_effects/00_victoria_ip4_scripted_effects.txt:2033
[00:47:01][jomini_trigger.cpp:224]: PostValidate of trigger 'has_template' returned false at common/scripted_effects/00_victoria_ip4_scripted_effects.txt:2038
[00:47:01][jomini_trigger.cpp:224]: PostValidate of trigger 'has_template' returned false at common/scripted_effects/00_victoria_royal_successions.txt:855
[00:47:01][jomini_trigger.cpp:224]: PostValidate of trigger 'has_template' returned false at common/scripted_effects/00_victoria_royal_successions.txt:869
[00:47:01][jomini_trigger.cpp:224]: PostValidate of trigger 'has_template' returned false at common/scripted_effects/00_victoria_royal_successions.txt:334
[00:47:01][jomini_trigger.cpp:224]: PostValidate of trigger 'has_template' returned false at common/scripted_effects/00_victoria_royal_successions.txt:346
[00:47:01][jomini_trigger.cpp:224]: PostValidate of trigger 'has_template' returned false at common/scripted_effects/00_victoria_royal_successions.txt:885
[00:47:01][jomini_trigger.cpp:224]: PostValidate of trigger 'has_template' returned false at common/scripted_effects/00_victoria_royal_successions.txt:900
[00:47:01][jomini_trigger.cpp:224]: PostValidate of trigger 'has_template' returned false at common/scripted_effects/00_victoria_royal_successions.txt:361
[00:47:01][jomini_trigger.cpp:224]: PostValidate of trigger 'has_template' returned false at common/scripted_effects/00_victoria_royal_successions.txt:915
[00:47:01][jomini_trigger.cpp:224]: PostValidate of trigger 'has_template' returned false at common/scripted_effects/00_victoria_royal_successions.txt:372
[00:47:01][jomini_trigger.cpp:224]: PostValidate of trigger 'has_template' returned false at common/scripted_effects/00_victoria_royal_successions.txt:927
[00:47:01][jomini_trigger.cpp:224]: PostValidate of trigger 'has_template' returned false at common/scripted_effects/00_victoria_ip4_scripted_effects.txt:2033
[00:47:01][jomini_trigger.cpp:224]: PostValidate of trigger 'has_template' returned false at common/scripted_effects/00_victoria_ip4_scripted_effects.txt:2038
[00:47:01][jomini_trigger.cpp:224]: PostValidate of trigger 'has_template' returned false at common/scripted_effects/00_victoria_royal_successions.txt:386
[00:47:01][jomini_trigger.cpp:224]: PostValidate of trigger 'has_template' returned false at common/scripted_effects/00_victoria_ip4_scripted_effects.txt:2033
[00:47:01][jomini_trigger.cpp:224]: PostValidate of trigger 'has_template' returned false at common/scripted_effects/00_victoria_ip4_scripted_effects.txt:2038
[00:47:01][jomini_trigger.cpp:224]: PostValidate of trigger 'has_template' returned false at common/scripted_effects/00_victoria_ip4_scripted_effects.txt:2033
[00:47:01][jomini_trigger.cpp:224]: PostValidate of trigger 'has_template' returned false at common/scripted_effects/00_victoria_ip4_scripted_effects.txt:2038
[00:47:01][jomini_trigger.cpp:224]: PostValidate of trigger 'has_template' returned false at common/scripted_effects/00_victoria_royal_successions.txt:401
[00:47:01][jomini_trigger.cpp:224]: PostValidate of trigger 'has_template' returned false at common/scripted_effects/00_victoria_ip4_scripted_effects.txt:2033
[00:47:01][jomini_trigger.cpp:224]: PostValidate of trigger 'has_template' returned false at common/scripted_effects/00_victoria_ip4_scripted_effects.txt:2038
[00:47:01][jomini_trigger.cpp:224]: PostValidate of trigger 'has_template' returned false at common/scripted_effects/00_victoria_ip4_scripted_effects.txt:2033
[00:47:01][jomini_trigger.cpp:224]: PostValidate of trigger 'has_template' returned false at common/scripted_effects/00_victoria_ip4_scripted_effects.txt:2038
[00:47:01][jomini_trigger.cpp:224]: PostValidate of trigger 'has_template' returned false at common/scripted_effects/00_victoria_ip4_scripted_effects.txt:2033
[00:47:01][jomini_trigger.cpp:224]: PostValidate of trigger 'has_template' returned false at common/scripted_effects/00_victoria_ip4_scripted_effects.txt:2038
[00:47:01][jomini_trigger.cpp:224]: PostValidate of trigger 'has_template' returned false at common/scripted_effects/00_victoria_royal_successions.txt:416
[00:47:01][jomini_trigger.cpp:224]: PostValidate of trigger 'has_template' returned false at common/scripted_effects/00_victoria_ip4_scripted_effects.txt:2033
[00:47:01][jomini_trigger.cpp:224]: PostValidate of trigger 'has_template' returned false at common/scripted_effects/00_victoria_ip4_scripted_effects.txt:2038
[00:47:01][jomini_trigger.cpp:224]: PostValidate of trigger 'has_template' returned false at common/scripted_effects/00_victoria_ip4_scripted_effects.txt:2033
[00:47:01][jomini_trigger.cpp:224]: PostValidate of trigger 'has_template' returned false at common/scripted_effects/00_victoria_ip4_scripted_effects.txt:2038
[00:47:01][jomini_trigger.cpp:224]: PostValidate of trigger 'has_template' returned false at common/scripted_effects/00_victoria_ip4_scripted_effects.txt:2033
[00:47:01][jomini_trigger.cpp:224]: PostValidate of trigger 'has_template' returned false at common/scripted_effects/00_victoria_ip4_scripted_effects.txt:2038
[00:47:01][jomini_trigger.cpp:224]: PostValidate of trigger 'has_template' returned false at common/scripted_effects/00_victoria_ip4_scripted_effects.txt:2033
[00:47:01][jomini_trigger.cpp:224]: PostValidate of trigger 'has_template' returned false at common/scripted_effects/00_victoria_ip4_scripted_effects.txt:2038
[00:47:01][jomini_trigger.cpp:224]: PostValidate of trigger 'has_template' returned false at common/scripted_effects/00_victoria_scripted_effects.txt:1878
[00:47:01][jomini_trigger.cpp:224]: PostValidate of trigger 'has_template' returned false at common/scripted_effects/00_victoria_scripted_effects.txt:1885
[00:47:01][jomini_trigger.cpp:224]: PostValidate of trigger 'has_template' returned false at common/scripted_effects/00_victoria_scripted_effects.txt:1897
[00:47:01][jomini_trigger.cpp:224]: PostValidate of trigger 'has_template' returned false at common/scripted_effects/00_victoria_scripted_effects.txt:1902
[00:47:01][jomini_trigger.cpp:224]: PostValidate of trigger 'has_template' returned false at common/scripted_effects/00_victoria_royal_successions.txt:4
[00:47:01][jomini_trigger.cpp:224]: PostValidate of trigger 'has_template' returned false at common/scripted_effects/00_victoria_scripted_effects.txt:1933
[00:47:01][jomini_trigger.cpp:224]: PostValidate of trigger 'has_template' returned false at common/scripted_effects/00_victoria_royal_successions.txt:11
[00:47:01][jomini_trigger.cpp:224]: PostValidate of trigger 'has_template' returned false at common/scripted_effects/00_victoria_scripted_effects.txt:1940
[00:47:01][jomini_trigger.cpp:224]: PostValidate of trigger 'has_template' returned false at common/scripted_effects/00_victoria_royal_successions.txt:18
[00:47:01][jomini_trigger.cpp:224]: PostValidate of trigger 'has_template' returned false at common/scripted_effects/00_victoria_royal_successions.txt:25
[00:47:01][jomini_trigger.cpp:224]: PostValidate of trigger 'has_template' returned false at common/scripted_effects/00_victoria_scripted_effects.txt:1951
[00:47:01][jomini_trigger.cpp:224]: PostValidate of trigger 'has_template' returned false at common/scripted_effects/00_victoria_scripted_effects.txt:1956
[00:47:01][jomini_trigger.cpp:224]: PostValidate of trigger 'has_template' returned false at common/scripted_effects/00_victoria_royal_successions.txt:32
[00:47:01][jomini_trigger.cpp:224]: PostValidate of trigger 'has_template' returned false at common/scripted_effects/00_victoria_royal_successions.txt:39
[00:47:01][jomini_trigger.cpp:224]: PostValidate of trigger 'has_template' returned false at common/scripted_effects/00_victoria_royal_successions.txt:46
[00:47:01][jomini_trigger.cpp:224]: PostValidate of trigger 'has_template' returned false at common/scripted_effects/00_victoria_scripted_effects.txt:1983
[00:47:01][jomini_trigger.cpp:224]: PostValidate of trigger 'has_template' returned false at common/scripted_effects/00_victoria_scripted_effects.txt:1990
[00:47:01][jomini_trigger.cpp:224]: PostValidate of trigger 'has_template' returned false at common/scripted_effects/00_victoria_scripted_effects.txt:2000
[00:47:01][jomini_trigger.cpp:224]: PostValidate of trigger 'has_template' returned false at common/scripted_effects/00_victoria_ip4_scripted_effects.txt:2089
[00:47:01][jomini_trigger.cpp:224]: PostValidate of trigger 'has_template' returned false at common/scripted_effects/00_victoria_scripted_effects.txt:2005
[00:47:01][jomini_trigger.cpp:224]: PostValidate of trigger 'owns_entire_state_region' returned false at common/scripted_effects/00_victoria_scripted_effects.txt:4619
[00:47:01][jomini_trigger.cpp:224]: PostValidate of trigger 'has_template' returned false at common/scripted_effects/00_victoria_scripted_effects.txt:2057
[00:47:01][jomini_trigger.cpp:224]: PostValidate of trigger 'owns_entire_state_region' returned false at common/scripted_effects/00_victoria_scripted_effects.txt:4632
[00:47:01][jomini_trigger.cpp:224]: PostValidate of trigger 'has_template' returned false at common/scripted_effects/00_victoria_ip4_scripted_effects.txt:2184
[00:47:01][jomini_trigger.cpp:224]: PostValidate of trigger 'owns_entire_state_region' returned false at common/coat_of_arms/template_lists/textured_emblem_lists.txt:34
[00:47:01][jomini_trigger.cpp:224]: PostValidate of trigger 'owns_entire_state_region' returned false at common/coat_of_arms/template_lists/textured_emblem_lists.txt:44
[00:47:01][jomini_trigger.cpp:224]: PostValidate of trigger 'owns_entire_state_region' returned false at common/coat_of_arms/template_lists/textured_emblem_lists.txt:54
[00:47:01][jomini_trigger.cpp:224]: PostValidate of trigger 'has_template' returned false at common/ideologies/01_character_ideologies.txt:248
[00:47:01][jomini_trigger.cpp:224]: PostValidate of trigger 'has_template' returned false at common/ideologies/01_character_ideologies.txt:306
[00:47:01][jomini_trigger.cpp:224]: PostValidate of trigger 'has_template' returned false at common/ideologies/01_character_ideologies.txt:452
[00:47:01][jomini_trigger.cpp:224]: PostValidate of trigger 'has_template' returned false at common/ideologies/01_character_ideologies.txt:510
[00:47:01][jomini_trigger.cpp:224]: PostValidate of trigger 'has_template' returned false at common/ideologies/01_character_ideologies.txt:2959
[00:47:01][jomini_trigger.cpp:224]: PostValidate of trigger 'has_template' returned false at common/ideologies/01_character_ideologies.txt:3055
[00:47:01][jomini_trigger.cpp:224]: PostValidate of trigger 'has_template' returned false at common/ideologies/01_character_ideologies.txt:6233
[00:47:01][jomini_trigger.cpp:224]: PostValidate of trigger 'has_template' returned false at common/ideologies/01_character_ideologies.txt:6431
[00:47:01][jomini_trigger.cpp:224]: PostValidate of trigger 'has_template' returned false at common/parties/conservative_party.txt:74
[00:47:01][jomini_trigger.cpp:224]: PostValidate of trigger 'has_template' returned false at common/parties/conservative_party.txt:85
[00:47:01][jomini_trigger.cpp:224]: PostValidate of trigger 'has_template' returned false at common/parties/conservative_party.txt:113
[00:47:01][jomini_trigger.cpp:224]: PostValidate of trigger 'has_template' returned false at common/parties/conservative_party.txt:129
[00:47:01][jomini_trigger.cpp:224]: PostValidate of trigger 'has_template' returned false at common/parties/conservative_party.txt:937
[00:47:01][jomini_trigger.cpp:224]: PostValidate of trigger 'has_template' returned false at common/parties/conservative_party.txt:948
[00:47:01][jomini_trigger.cpp:224]: PostValidate of trigger 'has_template' returned false at common/parties/free_trade_party.txt:132
[00:47:01][jomini_trigger.cpp:224]: PostValidate of trigger 'has_template' returned false at common/parties/liberal_party.txt:268
[00:47:01][jomini_trigger.cpp:224]: PostValidate of trigger 'has_template' returned false at common/parties/liberal_party.txt:279
[00:47:01][jomini_trigger.cpp:224]: PostValidate of trigger 'has_template' returned false at common/parties/liberal_party.txt:1155
[00:47:01][jomini_trigger.cpp:224]: PostValidate of trigger 'has_template' returned false at common/government_types/01_regencies.txt:627
[00:47:01][jomini_trigger.cpp:224]: PostValidate of trigger 'has_template' returned false at common/government_types/01_regencies.txt:1598
[00:47:01][jomini_trigger.cpp:224]: PostValidate of trigger 'has_template' returned false at common/government_types/01_regencies.txt:1805
[00:47:01][jomini_trigger.cpp:224]: PostValidate of trigger 'has_template' returned false at common/government_types/01_social_monarchies.txt:715
[00:47:01][jomini_trigger.cpp:224]: PostValidate of trigger 'has_template' returned false at common/government_types/01_social_monarchies.txt:1779
[00:47:01][jomini_trigger.cpp:224]: PostValidate of trigger 'has_template' returned false at common/government_types/01_social_monarchies.txt:2511
[00:47:01][jomini_trigger.cpp:224]: PostValidate of trigger 'has_template' returned false at common/government_types/01_social_monarchies.txt:3565
[00:47:01][jomini_trigger.cpp:224]: PostValidate of trigger 'has_template' returned false at common/government_types/01_social_monarchies.txt:4276
[00:47:01][jomini_trigger.cpp:224]: PostValidate of trigger 'has_template' returned false at common/government_types/01_social_monarchies.txt:5296
[00:47:01][jomini_trigger.cpp:224]: PostValidate of trigger 'is_in_geographic_region' returned false at common/scripted_triggers/00_geography_triggers.txt:79
[00:47:01][jomini_trigger.cpp:224]: PostValidate of trigger 'is_in_geographic_region' returned false at common/scripted_triggers/00_geography_triggers.txt:80
[00:47:01][jomini_trigger.cpp:224]: PostValidate of trigger 'is_in_geographic_region' returned false at common/scripted_triggers/00_geography_triggers.txt:82
[00:47:01][jomini_trigger.cpp:224]: PostValidate of trigger 'is_in_geographic_region' returned false at common/scripted_triggers/00_geography_triggers.txt:83
[00:47:01][jomini_trigger.cpp:224]: PostValidate of trigger 'is_in_geographic_region' returned false at common/scripted_triggers/00_geography_triggers.txt:86
[00:47:01][jomini_trigger.cpp:224]: PostValidate of trigger 'is_in_geographic_region' returned false at common/scripted_triggers/00_geography_triggers.txt:87
[00:47:01][jomini_trigger.cpp:224]: PostValidate of trigger 'is_in_geographic_region' returned false at common/scripted_triggers/00_geography_triggers.txt:88
[00:47:01][jomini_trigger.cpp:224]: PostValidate of trigger 'is_in_geographic_region' returned false at common/scripted_triggers/00_geography_triggers.txt:89
[00:47:01][jomini_trigger.cpp:224]: PostValidate of trigger 'is_in_geographic_region' returned false at common/scripted_triggers/00_geography_triggers.txt:105
[00:47:01][jomini_trigger.cpp:224]: PostValidate of trigger 'is_in_geographic_region' returned false at common/scripted_triggers/00_geography_triggers.txt:106
[00:47:01][jomini_trigger.cpp:224]: PostValidate of trigger 'is_in_geographic_region' returned false at common/scripted_triggers/00_geography_triggers.txt:107
[00:47:01][jomini_trigger.cpp:224]: PostValidate of trigger 'is_in_geographic_region' returned false at common/scripted_triggers/00_geography_triggers.txt:129
[00:47:01][jomini_trigger.cpp:224]: PostValidate of trigger 'is_in_geographic_region' returned false at common/scripted_triggers/00_geography_triggers.txt:130
[00:47:01][jomini_trigger.cpp:224]: PostValidate of trigger 'is_in_geographic_region' returned false at common/scripted_triggers/00_geography_triggers.txt:131
[00:47:01][jomini_trigger.cpp:224]: PostValidate of trigger 'is_in_geographic_region' returned false at common/scripted_triggers/00_geography_triggers.txt:132
[00:47:01][jomini_trigger.cpp:224]: PostValidate of trigger 'is_in_geographic_region' returned false at common/scripted_triggers/00_geography_triggers.txt:133
[00:47:01][jomini_trigger.cpp:224]: PostValidate of trigger 'is_in_geographic_region' returned false at common/scripted_triggers/00_geography_triggers.txt:170
[00:47:01][jomini_trigger.cpp:224]: PostValidate of trigger 'is_in_geographic_region' returned false at common/scripted_triggers/00_geography_triggers.txt:171
[00:47:01][jomini_trigger.cpp:224]: PostValidate of trigger 'is_in_geographic_region' returned false at common/scripted_triggers/00_geography_triggers.txt:172
[00:47:01][jomini_trigger.cpp:224]: PostValidate of trigger 'is_in_geographic_region' returned false at common/scripted_triggers/00_geography_triggers.txt:173
[00:47:01][jomini_trigger.cpp:224]: PostValidate of trigger 'is_in_geographic_region' returned false at common/scripted_triggers/00_geography_triggers.txt:174
[00:47:01][jomini_trigger.cpp:224]: PostValidate of trigger 'is_in_geographic_region' returned false at common/scripted_triggers/00_geography_triggers.txt:179
[00:47:01][jomini_trigger.cpp:224]: PostValidate of trigger 'is_in_geographic_region' returned false at common/scripted_triggers/00_geography_triggers.txt:185
[00:47:01][jomini_trigger.cpp:224]: PostValidate of trigger 'is_in_geographic_region' returned false at common/scripted_triggers/00_geography_triggers.txt:186
[00:47:01][jomini_trigger.cpp:224]: PostValidate of trigger 'is_in_geographic_region' returned false at common/scripted_triggers/00_geography_triggers.txt:188
[00:47:01][jomini_trigger.cpp:224]: PostValidate of trigger 'has_template' returned false at common/on_actions/00_code_on_actions.txt:573
[00:47:01][jomini_trigger.cpp:224]: PostValidate of trigger 'has_template' returned false at common/on_actions/00_code_on_actions.txt:594
[00:47:01][jomini_trigger.cpp:224]: PostValidate of trigger 'has_template' returned false at common/on_actions/00_code_on_actions.txt:607
[00:47:01][jomini_trigger.cpp:224]: PostValidate of trigger 'has_template' returned false at common/on_actions/00_code_on_actions.txt:629
[00:47:01][jomini_trigger.cpp:224]: PostValidate of trigger 'has_template' returned false at common/on_actions/00_code_on_actions.txt:639
[00:47:01][jomini_trigger.cpp:224]: PostValidate of trigger 'has_template' returned false at common/on_actions/00_code_on_actions.txt:651
[00:47:01][jomini_trigger.cpp:224]: PostValidate of trigger 'has_template' returned false at common/on_actions/00_code_on_actions.txt:667
[00:47:01][jomini_trigger.cpp:224]: PostValidate of trigger 'has_template' returned false at common/on_actions/00_code_on_actions.txt:675
[00:47:01][jomini_trigger.cpp:224]: PostValidate of trigger 'has_template' returned false at common/on_actions/00_code_on_actions.txt:680
[00:47:01][jomini_trigger.cpp:224]: PostValidate of trigger 'has_template' returned false at common/on_actions/00_code_on_actions.txt:693
[00:47:01][jomini_trigger.cpp:224]: PostValidate of trigger 'has_template' returned false at common/on_actions/00_code_on_actions.txt:700
[00:47:01][jomini_trigger.cpp:224]: PostValidate of trigger 'has_template' returned false at common/on_actions/00_code_on_actions.txt:705
[00:47:01][jomini_trigger.cpp:224]: PostValidate of trigger 'has_template' returned false at common/on_actions/00_code_on_actions.txt:718
[00:47:01][jomini_trigger.cpp:224]: PostValidate of trigger 'has_template' returned false at common/on_actions/00_code_on_actions.txt:734
[00:47:01][jomini_trigger.cpp:224]: PostValidate of trigger 'has_template' returned false at common/on_actions/00_code_on_actions.txt:742
[00:47:01][jomini_trigger.cpp:224]: PostValidate of trigger 'has_template' returned false at common/on_actions/00_code_on_actions.txt:747
[00:47:01][jomini_trigger.cpp:224]: PostValidate of trigger 'has_template' returned false at common/on_actions/00_code_on_actions.txt:760
[00:47:01][jomini_trigger.cpp:224]: PostValidate of trigger 'has_template' returned false at common/on_actions/00_code_on_actions.txt:767
[00:47:01][jomini_trigger.cpp:224]: PostValidate of trigger 'has_template' returned false at common/on_actions/00_code_on_actions.txt:772
[00:47:01][jomini_trigger.cpp:224]: PostValidate of trigger 'has_template' returned false at common/on_actions/00_code_on_actions.txt:785
[00:47:01][jomini_trigger.cpp:224]: PostValidate of trigger 'has_template' returned false at common/on_actions/00_code_on_actions.txt:792
[00:47:01][jomini_trigger.cpp:224]: PostValidate of trigger 'has_template' returned false at common/on_actions/00_code_on_actions.txt:797
[00:47:01][jomini_trigger.cpp:224]: PostValidate of trigger 'has_template' returned false at common/on_actions/00_code_on_actions.txt:810
[00:47:01][jomini_trigger.cpp:224]: PostValidate of trigger 'has_template' returned false at common/on_actions/00_code_on_actions.txt:817
[00:47:01][jomini_trigger.cpp:224]: PostValidate of trigger 'has_template' returned false at common/on_actions/00_code_on_actions.txt:822
[00:47:01][jomini_trigger.cpp:224]: PostValidate of trigger 'has_template' returned false at common/on_actions/00_code_on_actions.txt:888
[00:47:01][jomini_trigger.cpp:224]: PostValidate of trigger 'has_template' returned false at common/on_actions/00_code_on_actions.txt:896
[00:47:01][jomini_trigger.cpp:224]: PostValidate of trigger 'has_template' returned false at common/on_actions/00_code_on_actions.txt:936
[00:47:01][jomini_trigger.cpp:224]: PostValidate of trigger 'has_template' returned false at common/on_actions/00_code_on_actions.txt:974
[00:47:01][jomini_trigger.cpp:224]: PostValidate of trigger 'has_template' returned false at common/scripted_triggers/00_ep2_victoria_scripted_triggers.txt:264
[00:47:01][jomini_trigger.cpp:224]: PostValidate of trigger 'has_template' returned false at common/scripted_triggers/00_ep2_victoria_scripted_triggers.txt:268
[00:47:01][jomini_trigger.cpp:224]: PostValidate of trigger 'has_template' returned false at common/scripted_triggers/00_ep2_victoria_scripted_triggers.txt:272
[00:47:01][jomini_trigger.cpp:224]: PostValidate of trigger 'has_template' returned false at common/scripted_triggers/00_ep2_victoria_scripted_triggers.txt:277
[00:47:01][jomini_trigger.cpp:224]: PostValidate of trigger 'has_template' returned false at common/scripted_triggers/00_ep2_victoria_scripted_triggers.txt:282
[00:47:01][jomini_trigger.cpp:224]: PostValidate of trigger 'has_template' returned false at common/on_actions/00_code_on_actions.txt:1056
[00:47:01][jomini_trigger.cpp:224]: PostValidate of trigger 'has_template' returned false at common/on_actions/00_code_on_actions.txt:1061
[00:47:01][jomini_trigger.cpp:224]: PostValidate of trigger 'has_template' returned false at common/on_actions/00_code_on_actions.txt:1121
[00:47:01][jomini_trigger.cpp:224]: PostValidate of trigger 'has_template' returned false at common/on_actions/00_code_on_actions.txt:1124
[00:47:01][jomini_trigger.cpp:224]: PostValidate of trigger 'is_supporting_unification_candidate' returned false at common/on_actions/00_code_on_actions.txt:2490
[00:47:01][jomini_trigger.cpp:224]: PostValidate of trigger 'is_supporting_unification_candidate' returned false at common/on_actions/00_code_on_actions.txt:2499
[00:47:01][jomini_trigger.cpp:224]: PostValidate of trigger 'is_supporting_unification_candidate' returned false at common/on_actions/00_code_on_actions.txt:2509
[00:47:01][jomini_trigger.cpp:224]: PostValidate of trigger 'has_template' returned false at common/on_actions/00_code_on_actions.txt:2613
[00:47:01][jomini_trigger.cpp:224]: PostValidate of trigger 'has_template' returned false at common/on_actions/00_code_on_actions.txt:2708
[00:47:01][jomini_trigger.cpp:224]: PostValidate of trigger 'has_template' returned false at common/on_actions/00_code_on_actions.txt:2715
[00:47:01][jomini_trigger.cpp:224]: PostValidate of trigger 'has_template' returned false at common/on_actions/00_code_on_actions.txt:2747
[00:47:01][jomini_trigger.cpp:224]: PostValidate of trigger 'has_template' returned false at common/on_actions/00_code_on_actions.txt:2765
[00:47:01][jomini_trigger.cpp:224]: PostValidate of trigger 'has_template' returned false at common/on_actions/00_code_on_actions.txt:2769
[00:47:01][jomini_trigger.cpp:224]: PostValidate of trigger 'has_template' returned false at common/on_actions/00_code_on_actions.txt:2776
[00:47:01][jomini_trigger.cpp:224]: PostValidate of trigger 'has_template' returned false at common/on_actions/00_code_on_actions.txt:2780
[00:47:01][jomini_trigger.cpp:224]: PostValidate of trigger 'has_template' returned false at common/on_actions/00_code_on_actions.txt:2930
[00:47:01][jomini_trigger.cpp:224]: PostValidate of trigger 'has_template' returned false at common/on_actions/00_code_on_actions.txt:3161
[00:47:01][jomini_trigger.cpp:224]: PostValidate of trigger 'has_template' returned false at common/on_actions/00_code_on_actions.txt:3171
[00:47:01][jomini_trigger.cpp:224]: PostValidate of trigger 'has_template' returned false at common/on_actions/00_code_on_actions.txt:3181
[00:47:01][jomini_trigger.cpp:224]: PostValidate of trigger 'owns_entire_state_region' returned false at common/on_actions/00_code_on_actions.txt:6322
[00:47:01][jomini_trigger.cpp:224]: PostValidate of trigger 'owns_entire_state_region' returned false at common/on_actions/00_code_on_actions.txt:6323
[00:47:01][jomini_trigger.cpp:224]: PostValidate of trigger 'owns_entire_state_region' returned false at common/on_actions/00_code_on_actions.txt:6340
[00:47:01][jomini_trigger.cpp:224]: PostValidate of trigger 'owns_entire_state_region' returned false at common/on_actions/00_code_on_actions.txt:6358
[00:47:01][jomini_trigger.cpp:224]: PostValidate of trigger 'country_or_subject_owns_entire_state_region' returned false at common/on_actions/00_code_on_actions.txt:6507
[00:47:01][jomini_trigger.cpp:224]: PostValidate of trigger 'has_template' returned false at common/on_actions/00_code_on_actions.txt:6772
[00:47:01][jomini_trigger.cpp:224]: PostValidate of trigger 'has_template' returned false at common/on_actions/00_on_actions_yearly.txt:446
[00:47:01][jomini_trigger.cpp:224]: PostValidate of trigger 'has_template' returned false at common/scripted_progress_bars/00_victoria_progress_bars.txt:1240
[00:47:01][jomini_trigger.cpp:224]: PostValidate of trigger 'can_form_nation' returned false at common/journal_entries/00_ethiopia.txt:7
[00:47:01][jomini_trigger.cpp:224]: PostValidate of trigger 'can_form_nation' returned false at common/journal_entries/00_ethiopia.txt:11
[00:47:01][jomini_trigger.cpp:224]: PostValidate of trigger 'has_template' returned false at common/journal_entries/04_sikh_empire.txt:60
[00:47:01][jomini_trigger.cpp:224]: PostValidate of trigger 'has_template' returned false at common/journal_entries/04_sikh_empire.txt:74
[00:47:01][jomini_trigger.cpp:224]: PostValidate of trigger 'has_template' returned false at common/journal_entries/04_sikh_empire.txt:87
[00:47:01][jomini_trigger.cpp:224]: PostValidate of trigger 'has_template' returned false at common/journal_entries/04_sikh_empire.txt:98
[00:47:01][jomini_trigger.cpp:224]: PostValidate of trigger 'has_template' returned false at common/journal_entries/04_sikh_empire.txt:107
[00:47:01][jomini_trigger.cpp:224]: PostValidate of trigger 'has_template' returned false at common/journal_entries/04_sikh_empire.txt:124
[00:47:01][jomini_trigger.cpp:224]: PostValidate of trigger 'has_template' returned false at common/journal_entries/04_sikh_empire.txt:131
[00:47:01][jomini_trigger.cpp:224]: PostValidate of trigger 'has_template' returned false at common/journal_entries/04_sikh_empire.txt:141
[00:47:01][jomini_trigger.cpp:224]: PostValidate of trigger 'has_template' returned false at common/journal_entries/04_sikh_empire.txt:166
[00:47:01][jomini_trigger.cpp:224]: PostValidate of trigger 'has_template' returned false at common/journal_entries/04_sikh_empire.txt:175
[00:47:01][jomini_trigger.cpp:224]: PostValidate of trigger 'has_template' returned false at common/character_interactions/00_character_interactions.txt:811
[00:47:01][jomini_trigger.cpp:224]: PostValidate of trigger 'is_building_type' returned false at common/company_types/00_companies_africa.txt:185
[00:47:01][jomini_trigger.cpp:224]: PostValidate of trigger 'is_building_type' returned false at common/company_types/00_companies_africa.txt:210
[00:47:01][jomini_trigger.cpp:224]: PostValidate of trigger 'is_building_type' returned false at common/company_types/00_companies_americas.txt:816
[00:47:01][jomini_trigger.cpp:224]: PostValidate of trigger 'is_building_type' returned false at common/company_types/00_companies_americas.txt:835
[00:47:01][jomini_trigger.cpp:224]: PostValidate of trigger 'owns_entire_state_region' returned false at common/company_types/00_companies_asia.txt:344
[00:47:01][jomini_trigger.cpp:224]: PostValidate of trigger 'is_in_geographic_region' returned false at common/company_types/00_companies_germany.txt:389
[00:47:01][jomini_trigger.cpp:224]: PostValidate of trigger 'is_in_geographic_region' returned false at common/company_types/00_companies_germany.txt:406
[00:47:01][jomini_trigger.cpp:224]: PostValidate of trigger 'is_in_geographic_region' returned false at common/company_types/00_companies_germany.txt:415
[00:47:01][jomini_trigger.cpp:224]: PostValidate of trigger 'country_or_subject_owns_entire_state_region' returned false at common/company_types/00_companies_japan.txt:188
[00:47:01][jomini_trigger.cpp:224]: PostValidate of trigger 'country_or_subject_owns_entire_state_region' returned false at common/company_types/00_companies_japan.txt:213
[00:47:01][jomini_trigger.cpp:224]: PostValidate of trigger 'has_state_in_state_region' returned false at common/company_types/00_companies_mp1.txt:1638
[00:47:01][jomini_trigger.cpp:224]: PostValidate of trigger 'has_journal_entry' returned false at common/company_charter_types/00_company_charter_types.txt:90
[00:47:01][jomini_trigger.cpp:224]: PostValidate of trigger 'has_journal_entry' returned false at common/company_charter_types/00_company_charter_types.txt:106
[00:47:01][jomini_trigger.cpp:224]: PostValidate of trigger 'has_journal_entry' returned false at common/company_charter_types/00_company_charter_types.txt:149
[00:47:01][jomini_trigger.cpp:224]: PostValidate of trigger 'has_journal_entry' returned false at common/company_charter_types/00_company_charter_types.txt:165
[00:47:01][jomini_trigger.cpp:224]: PostValidate of trigger 'has_journal_entry' returned false at common/company_charter_types/00_company_charter_types.txt:211
[00:47:01][jomini_trigger.cpp:224]: PostValidate of trigger 'has_journal_entry' returned false at common/company_charter_types/00_company_charter_types.txt:227
[00:47:01][jomini_trigger.cpp:224]: PostValidate of trigger 'can_form_nation' returned false at common/diplomatic_catalysts/00_diplomatic_catalysts.txt:1676
[00:47:01][jomini_trigger.cpp:224]: PostValidate of trigger 'is_unification_candidate' returned false at common/scripted_triggers/00_ai_triggers.txt:272
[00:47:01][jomini_trigger.cpp:224]: PostValidate of trigger 'is_unification_candidate' returned false at common/scripted_triggers/00_ai_triggers.txt:274
[00:47:01][jomini_trigger.cpp:224]: PostValidate of trigger 'has_journal_entry' returned false at common/political_movement_pop_support/00_political_movement_pop_support.txt:254
[00:47:01][jomini_trigger.cpp:224]: PostValidate of trigger 'has_journal_entry' returned false at common/political_movements/00_ideological_movements.txt:3163
[00:47:01][jomini_trigger.cpp:224]: PostValidate of trigger 'has_template' returned false at common/political_movements/04_national_movements.txt:457
[00:47:01][jomini_trigger.cpp:224]: PostValidate of trigger 'has_objective' returned false at common/scripted_triggers/00_scripted_triggers.txt:901
[00:47:01][jomini_trigger.cpp:224]: PostValidate of trigger 'is_unification_candidate' returned false at common/ai_strategies/02_diplomatic_strategies.txt:1442
[00:47:01][jomini_trigger.cpp:224]: PostValidate of trigger 'is_unification_candidate' returned false at common/ai_strategies/02_diplomatic_strategies.txt:1461
[00:47:01][jomini_trigger.cpp:224]: PostValidate of trigger 'is_unification_candidate' returned false at common/ai_strategies/02_diplomatic_strategies.txt:1600
[00:47:01][jomini_trigger.cpp:224]: PostValidate of trigger 'is_supporting_unification_candidate' returned false at common/ai_strategies/02_diplomatic_strategies.txt:1602
[00:47:01][jomini_trigger.cpp:224]: PostValidate of trigger 'is_unification_candidate' returned false at common/ai_strategies/02_diplomatic_strategies.txt:1619
[00:47:01][jomini_trigger.cpp:224]: PostValidate of trigger 'is_supporting_unification_candidate' returned false at common/ai_strategies/02_diplomatic_strategies.txt:1621
[00:47:01][jomini_trigger.cpp:224]: PostValidate of trigger 'is_unification_candidate' returned false at common/ai_strategies/02_diplomatic_strategies.txt:1634
[00:47:01][jomini_trigger.cpp:224]: PostValidate of trigger 'is_unification_candidate' returned false at common/ai_strategies/02_diplomatic_strategies.txt:1645
[00:47:01][jomini_trigger.cpp:224]: PostValidate of trigger 'is_unification_candidate' returned false at common/ai_strategies/02_diplomatic_strategies.txt:1892
[00:47:01][jomini_trigger.cpp:224]: PostValidate of trigger 'is_supporting_unification_candidate' returned false at common/ai_strategies/02_diplomatic_strategies.txt:1894
[00:47:01][jomini_trigger.cpp:224]: PostValidate of trigger 'is_unification_candidate' returned false at common/ai_strategies/02_diplomatic_strategies.txt:1912
[00:47:01][jomini_trigger.cpp:224]: PostValidate of trigger 'is_supporting_unification_candidate' returned false at common/ai_strategies/02_diplomatic_strategies.txt:1913
[00:47:01][jomini_trigger.cpp:224]: PostValidate of trigger 'is_unification_candidate' returned false at common/ai_strategies/02_diplomatic_strategies.txt:1926
[00:47:01][jomini_trigger.cpp:224]: PostValidate of trigger 'is_unification_candidate' returned false at common/ai_strategies/02_diplomatic_strategies.txt:1937
[00:47:01][jomini_trigger.cpp:224]: PostValidate of trigger 'can_form_nation' returned false at common/ai_strategies/02_diplomatic_strategies.txt:3246
[00:47:01][jomini_trigger.cpp:224]: PostValidate of trigger 'is_unification_candidate' returned false at common/ai_strategies/02_diplomatic_strategies.txt:3283
[00:47:01][jomini_trigger.cpp:224]: PostValidate of trigger 'is_unification_candidate' returned false at common/ai_strategies/02_diplomatic_strategies.txt:3300
[00:47:01][jomini_trigger.cpp:224]: PostValidate of trigger 'is_unification_candidate' returned false at common/ai_strategies/02_diplomatic_strategies.txt:3404
[00:47:01][jomini_trigger.cpp:224]: PostValidate of trigger 'is_supporting_unification_candidate' returned false at common/ai_strategies/02_diplomatic_strategies.txt:3406
[00:47:01][jomini_trigger.cpp:224]: PostValidate of trigger 'is_unification_candidate' returned false at common/ai_strategies/02_diplomatic_strategies.txt:3421
[00:47:01][jomini_trigger.cpp:224]: PostValidate of trigger 'is_supporting_unification_candidate' returned false at common/ai_strategies/02_diplomatic_strategies.txt:3423
[00:47:01][jomini_trigger.cpp:224]: PostValidate of trigger 'is_unification_candidate' returned false at common/ai_strategies/02_diplomatic_strategies.txt:3440
[00:47:01][jomini_trigger.cpp:224]: PostValidate of trigger 'can_form_nation' returned false at common/ai_strategies/02_diplomatic_strategies.txt:3444
[00:47:01][jomini_trigger.cpp:224]: PostValidate of trigger 'has_journal_entry' returned false at common/scripted_triggers/00_ai_triggers.txt:80
[00:47:01][jomini_trigger.cpp:224]: PostValidate of trigger 'can_form_nation' returned false at common/diplomatic_plays/00_diplomatic_plays.txt:1071
[00:47:01][jomini_trigger.cpp:224]: PostValidate of trigger 'can_form_nation' returned false at common/diplomatic_plays/00_diplomatic_plays.txt:1131
[00:47:01][jomini_trigger.cpp:224]: PostValidate of trigger 'can_form_nation' returned false at common/diplomatic_plays/00_diplomatic_plays.txt:1139
[00:47:01][jomini_trigger.cpp:224]: PostValidate of trigger 'can_form_nation' returned false at common/diplomatic_plays/00_diplomatic_plays.txt:1146
[00:47:01][jomini_trigger.cpp:224]: PostValidate of trigger 'can_form_nation' returned false at common/diplomatic_plays/00_diplomatic_plays.txt:1165
[00:47:01][jomini_trigger.cpp:224]: PostValidate of trigger 'can_form_nation' returned false at common/diplomatic_plays/00_diplomatic_plays.txt:1177
[00:47:01][jomini_trigger.cpp:224]: PostValidate of trigger 'can_form_nation' returned false at common/diplomatic_plays/00_diplomatic_plays.txt:1187
[00:47:01][jomini_trigger.cpp:224]: PostValidate of trigger 'can_form_nation' returned false at common/diplomatic_plays/00_diplomatic_plays.txt:1213
[00:47:01][jomini_trigger.cpp:224]: PostValidate of trigger 'can_form_nation' returned false at common/diplomatic_plays/00_diplomatic_plays.txt:1223
[00:47:01][jomini_trigger.cpp:224]: PostValidate of trigger 'can_form_nation' returned false at common/diplomatic_plays/00_diplomatic_plays.txt:1230
[00:47:01][jomini_trigger.cpp:224]: PostValidate of trigger 'can_form_nation' returned false at common/diplomatic_plays/00_diplomatic_plays.txt:1261
[00:47:01][jomini_eventmanager.cpp:118]: 'boxer_rebellion_events.1' does not have a valid namespace
[00:47:01][jomini_eventmanager.cpp:118]: 'boxer_rebellion_events.2' does not have a valid namespace
[00:47:01][jomini_eventmanager.cpp:118]: 'boxer_rebellion_events.3' does not have a valid namespace
[00:47:01][jomini_effect.cpp:141]: PostValidate of effect 'create_political_movement' returned false at common/history/political_movements/00_movements.txt:177
[00:47:01][jomini_effect.cpp:1135]: Variable 'toe_paido_conservative_monarchs_won' is set but is never used. Note that use in localization doesn't count due to technical limitations. Use in unused scripted triggers and effects also does not count
[00:47:01][jomini_effect.cpp:1139]: Variable 'eastern_crisis_happened' is used but is never set. Setting it in an unused scripted trigger or effect does not count
[00:47:01][jomini_effect.cpp:1139]: Variable 'esperanto_var' is used but is never set. Setting it in an unused scripted trigger or effect does not count
[00:47:01][jomini_effect.cpp:1139]: Variable 'cancel_sa_migration_var' is used but is never set. Setting it in an unused scripted trigger or effect does not count
[00:47:01][jomini_effect.cpp:1139]: Variable 'danubian_federation_hungarian_button' is used but is never set. Setting it in an unused scripted trigger or effect does not count
[00:47:01][jomini_effect.cpp:1139]: Variable 'regent_immortality_var' is used but is never set. Setting it in an unused scripted trigger or effect does not count
[00:47:01][jomini_effect.cpp:1139]: Variable 'count_casian_countries' is used but is never set. Setting it in an unused scripted trigger or effect does not count
[00:47:01][jomini_effect.cpp:1139]: Variable 'haiti_friend' is used but is never set. Setting it in an unused scripted trigger or effect does not count
[00:47:01][jomini_effect.cpp:1139]: Variable 'serial_killer_caught' is used but is never set. Setting it in an unused scripted trigger or effect does not count
[00:47:01][jomini_effect.cpp:1139]: Variable 'impressive_miltech' is used but is never set. Setting it in an unused scripted trigger or effect does not count
[00:47:01][jomini_effect.cpp:1139]: Variable 'failed_tanzimat' is used but is never set. Setting it in an unused scripted trigger or effect does not count
[00:47:01][jomini_effect.cpp:1139]: Variable 'committed_to_afghanistan_assistance' is used but is never set. Setting it in an unused scripted trigger or effect does not count
[00:47:01][jomini_effect.cpp:1139]: Variable 'is_victoria' is used but is never set. Setting it in an unused scripted trigger or effect does not count
[00:47:01][jomini_effect.cpp:1139]: Variable 'spain_carlist_victory' is used but is never set. Setting it in an unused scripted trigger or effect does not count
[00:47:01][jomini_effect.cpp:1135]: Variable 'completed_sick_man_bureaucracy_je' is set but is never used. Note that use in localization doesn't count due to technical limitations. Use in unused scripted triggers and effects also does not count
[00:47:01][jomini_effect.cpp:1139]: Variable 'lost_opium_wars' is used but is never set. Setting it in an unused scripted trigger or effect does not count
[00:47:01][jomini_effect.cpp:1139]: Variable 'biljarda_built' is used but is never set. Setting it in an unused scripted trigger or effect does not count
[00:47:01][jomini_effect.cpp:1139]: Variable 'sultan_aziz_coup_happened' is used but is never set. Setting it in an unused scripted trigger or effect does not count
[00:47:01][jomini_effect.cpp:1139]: Variable 'button_reestablish_la_plata_var' is used but is never set. Setting it in an unused scripted trigger or effect does not count
[00:47:01][jomini_effect.cpp:1135]: Variable 'ruler_selector_karl_marx' is set but is never used. Note that use in localization doesn't count due to technical limitations. Use in unused scripted triggers and effects also does not count
[00:47:01][jomini_effect.cpp:1135]: Variable 'has_enforced_wargoal_on_germany_var' is set but is never used. Note that use in localization doesn't count due to technical limitations. Use in unused scripted triggers and effects also does not count
[00:47:01][jomini_effect.cpp:1139]: Variable 'ignore_peru_bol' is used but is never set. Setting it in an unused scripted trigger or effect does not count
[00:47:01][jomini_effect.cpp:1139]: Variable 'proposed_reprisals_for_afghanistan' is used but is never set. Setting it in an unused scripted trigger or effect does not count
[00:47:01][jomini_effect.cpp:1139]: Variable 'shimonoseki_gp' is used but is never set. Setting it in an unused scripted trigger or effect does not count
[00:47:01][jomini_effect.cpp:1139]: Variable 'proposed_compensation_for_afghanistan' is used but is never set. Setting it in an unused scripted trigger or effect does not count
[00:47:01][jomini_effect.cpp:1135]: Variable 'enemy_ig_var' is set but is never used. Note that use in localization doesn't count due to technical limitations. Use in unused scripted triggers and effects also does not count
[00:47:01][jomini_effect.cpp:1139]: Variable 'PER_appealed_to_RUS' is used but is never set. Setting it in an unused scripted trigger or effect does not count
[00:47:01][jomini_effect.cpp:1139]: Variable 'mon_state_formation_13_fired' is used but is never set. Setting it in an unused scripted trigger or effect does not count
[00:47:01][jomini_effect.cpp:1139]: Variable 'ai_zaibatsu_cement' is used but is never set. Setting it in an unused scripted trigger or effect does not count
[00:47:01][jomini_effect.cpp:1139]: Variable 'milyutin_memorandum_accepted' is used but is never set. Setting it in an unused scripted trigger or effect does not count
[00:47:01][jomini_effect.cpp:1139]: Variable 'accepted_manila_cathedral_project' is used but is never set. Setting it in an unused scripted trigger or effect does not count
[00:47:01][jomini_effect.cpp:1139]: Variable 'transleithania_var' is used but is never set. Setting it in an unused scripted trigger or effect does not count
[00:47:01][jomini_effect.cpp:1139]: Variable 'donghak_petition_complete' is used but is never set. Setting it in an unused scripted trigger or effect does not count
[00:47:01][jomini_effect.cpp:1139]: Variable 'manila_cathedral_count' is used but is never set. Setting it in an unused scripted trigger or effect does not count
[00:47:01][jomini_effect.cpp:1135]: Variable 'son_of_varmland_var' is set but is never used. Note that use in localization doesn't count due to technical limitations. Use in unused scripted triggers and effects also does not count
[00:47:01][jomini_effect.cpp:1139]: Variable 'chose_ethno_nationalism' is used but is never set. Setting it in an unused scripted trigger or effect does not count
[00:47:01][jomini_effect.cpp:1139]: Variable 'coup_reason_var' is used but is never set. Setting it in an unused scripted trigger or effect does not count
[00:47:01][jomini_effect.cpp:1139]: Variable 'positivism_progress_var' is used but is never set. Setting it in an unused scripted trigger or effect does not count
[00:47:01][jomini_effect.cpp:1139]: Variable 'danubian_federation_czech_button' is used but is never set. Setting it in an unused scripted trigger or effect does not count
[00:47:01][jomini_effect.cpp:1139]: Variable 'ryukyu_rivalry_reaffirm_suzerainty_jap' is used but is never set. Setting it in an unused scripted trigger or effect does not count
[00:47:01][jomini_effect.cpp:1139]: Variable 'two_spains_current_var' is used but is never set. Setting it in an unused scripted trigger or effect does not count
[00:47:01][jomini_effect.cpp:1139]: Variable 'iwakura_mission_in_continental_europe' is used but is never set. Setting it in an unused scripted trigger or effect does not count
[00:47:01][jomini_effect.cpp:1139]: Variable 'danubian_federation_slovene_button' is used but is never set. Setting it in an unused scripted trigger or effect does not count
[00:47:01][jomini_effect.cpp:1135]: Variable 'great_game_gbr_progress' is set but is never used. Note that use in localization doesn't count due to technical limitations. Use in unused scripted triggers and effects also does not count
[00:47:01][jomini_effect.cpp:1139]: Variable 'manila_cathedral_cooldown_var' is used but is never set. Setting it in an unused scripted trigger or effect does not count
[00:47:01][jomini_effect.cpp:1139]: Variable 'attack_bolivia' is used but is never set. Setting it in an unused scripted trigger or effect does not count
[00:47:01][jomini_effect.cpp:1139]: Variable 'china_warlord_explosion' is used but is never set. Setting it in an unused scripted trigger or effect does not count
[00:47:01][jomini_effect.cpp:1139]: Variable 'chose_to_not_care_var' is used but is never set. Setting it in an unused scripted trigger or effect does not count
[00:47:01][jomini_effect.cpp:1135]: Variable 'army_is_strongest_var' is set but is never used. Note that use in localization doesn't count due to technical limitations. Use in unused scripted triggers and effects also does not count
[00:47:01][jomini_effect.cpp:1139]: Variable 'sagrada_familia_stage_complete_1_var' is used but is never set. Setting it in an unused scripted trigger or effect does not count
[00:47:01][jomini_effect.cpp:1135]: Variable 'brz_election_done' is set but is never used. Note that use in localization doesn't count due to technical limitations. Use in unused scripted triggers and effects also does not count
[00:47:01][jomini_effect.cpp:1139]: Variable 'impressive_cultech' is used but is never set. Setting it in an unused scripted trigger or effect does not count
[00:47:01][jomini_effect.cpp:1139]: Variable 'proposed_durand_line' is used but is never set. Setting it in an unused scripted trigger or effect does not count
[00:47:01][jomini_effect.cpp:1139]: Variable 'AFG_appealed_to_RUS' is used but is never set. Setting it in an unused scripted trigger or effect does not count
[00:47:01][jomini_effect.cpp:1139]: Variable 'krakatoa_temperature_drop' is used but is never set. Setting it in an unused scripted trigger or effect does not count
[00:47:01][jomini_effect.cpp:1139]: Variable 'danubian_federation_receptive' is used but is never set. Setting it in an unused scripted trigger or effect does not count
[00:47:01][jomini_effect.cpp:1135]: Variable 'completed_sick_man_education_je' is set but is never used. Note that use in localization doesn't count due to technical limitations. Use in unused scripted triggers and effects also does not count
[00:47:01][jomini_effect.cpp:1139]: Variable 'congo_subject_var' is used but is never set. Setting it in an unused scripted trigger or effect does not count
[00:47:01][jomini_effect.cpp:1139]: Variable 'button_reestablish_new_spain_var' is used but is never set. Setting it in an unused scripted trigger or effect does not count
[00:47:01][jomini_effect.cpp:1139]: Variable 'tibet_has_started' is used but is never set. Setting it in an unused scripted trigger or effect does not count
[00:47:01][jomini_effect.cpp:1139]: Variable 'spain_republic_2' is used but is never set. Setting it in an unused scripted trigger or effect does not count
[00:47:01][jomini_effect.cpp:1139]: Variable 'won_boxer_rebellion' is used but is never set. Setting it in an unused scripted trigger or effect does not count
[00:47:01][jomini_effect.cpp:1139]: Variable 'custom_herculean_var' is used but is never set. Setting it in an unused scripted trigger or effect does not count
[00:47:01][jomini_effect.cpp:1139]: Variable 'custom_olympic_var' is used but is never set. Setting it in an unused scripted trigger or effect does not count
[00:47:01][jomini_effect.cpp:1139]: Variable 'spa_two_spains_liberal_victory' is used but is never set. Setting it in an unused scripted trigger or effect does not count
[00:47:01][jomini_effect.cpp:1139]: Variable 'grunderzeit_happened_global_var' is used but is never set. Setting it in an unused scripted trigger or effect does not count
[00:47:01][jomini_effect.cpp:1139]: Variable 'proposed_amu_darya_line' is used but is never set. Setting it in an unused scripted trigger or effect does not count
[00:47:01][jomini_effect.cpp:1139]: Variable 'national_liberation_alliance_variable' is used but is never set. Setting it in an unused scripted trigger or effect does not count
[00:47:01][jomini_effect.cpp:1139]: Variable 'opium_wars_gave_in' is used but is never set. Setting it in an unused scripted trigger or effect does not count
[00:47:01][jomini_effect.cpp:1139]: Variable 'complete_iwakura_mission' is used but is never set. Setting it in an unused scripted trigger or effect does not count
[00:47:01][jomini_effect.cpp:1139]: Variable 'marriage_target' is used but is never set. Setting it in an unused scripted trigger or effect does not count
[00:47:01][jomini_effect.cpp:1139]: Variable 'hispanoamerica_recognition_countries' is used but is never set. Setting it in an unused scripted trigger or effect does not count
[00:47:01][jomini_effect.cpp:1139]: Variable 'hungarian_revolution_annex_transylvania_button_var' is used but is never set. Setting it in an unused scripted trigger or effect does not count
[00:47:01][jomini_effect.cpp:1139]: Variable 'ai_tenpo_reform_agenda' is used but is never set. Setting it in an unused scripted trigger or effect does not count
[00:47:01][jomini_effect.cpp:1135]: Variable 'toe_great_game_failed' is set but is never used. Note that use in localization doesn't count due to technical limitations. Use in unused scripted triggers and effects also does not count
[00:47:01][jomini_effect.cpp:1139]: Variable 'hawaii_interest' is used but is never set. Setting it in an unused scripted trigger or effect does not count
[00:47:01][jomini_effect.cpp:1139]: Variable 'circassia_recognizer' is used but is never set. Setting it in an unused scripted trigger or effect does not count
[00:47:01][jomini_effect.cpp:1139]: Variable 'francocracia_paraguay_var' is used but is never set. Setting it in an unused scripted trigger or effect does not count
[00:47:01][jomini_effect.cpp:1139]: Variable 'frankenstein_happened_global_var' is used but is never set. Setting it in an unused scripted trigger or effect does not count
[00:47:01][jomini_effect.cpp:1139]: Variable 'ongoing_campaign' is used but is never set. Setting it in an unused scripted trigger or effect does not count
[00:47:01][jomini_effect.cpp:1135]: Variable 'ottoman_grand_collapse' is set but is never used. Note that use in localization doesn't count due to technical limitations. Use in unused scripted triggers and effects also does not count
[00:47:01][jomini_effect.cpp:1139]: Variable 'japan_reformed_shinsengumi_var' is used but is never set. Setting it in an unused scripted trigger or effect does not count
[00:47:01][jomini_effect.cpp:1139]: Variable 'danubian_federation_romanian_button' is used but is never set. Setting it in an unused scripted trigger or effect does not count
[00:47:01][jomini_effect.cpp:1139]: Variable 'Njegos_brother_dead' is used but is never set. Setting it in an unused scripted trigger or effect does not count
[00:47:01][jomini_effect.cpp:1139]: Variable 'crownlands_annexed_var' is used but is never set. Setting it in an unused scripted trigger or effect does not count
[00:47:01][jomini_effect.cpp:1135]: Variable 'nobody_did_their_duty_var' is set but is never used. Note that use in localization doesn't count due to technical limitations. Use in unused scripted triggers and effects also does not count
[00:47:01][jomini_effect.cpp:1139]: Variable 'glorious_revolution_var' is used but is never set. Setting it in an unused scripted trigger or effect does not count
[00:47:01][jomini_effect.cpp:1139]: Variable 'AFG_appealed_to_GBR' is used but is never set. Setting it in an unused scripted trigger or effect does not count
[00:47:01][jomini_effect.cpp:1139]: Variable 'button_reestablish_new_grenada_var' is used but is never set. Setting it in an unused scripted trigger or effect does not count
[00:47:01][jomini_effect.cpp:1135]: Variable 'je_spa_economic_regeneration_ultramar_caught_var' is set but is never used. Note that use in localization doesn't count due to technical limitations. Use in unused scripted triggers and effects also does not count
[00:47:01][jomini_effect.cpp:1139]: Variable 'frankenstein_factory_operational_var' is used but is never set. Setting it in an unused scripted trigger or effect does not count
[00:47:01][jomini_effect.cpp:1139]: Variable 'london_treaty_not_signed_bel_global_var' is used but is never set. Setting it in an unused scripted trigger or effect does not count
[00:47:01][jomini_effect.cpp:1139]: Variable 'gp_hawaii_interest' is used but is never set. Setting it in an unused scripted trigger or effect does not count
[00:47:01][jomini_effect.cpp:1139]: Variable 'owned_by_pan_nationalist_radicals' is used but is never set. Setting it in an unused scripted trigger or effect does not count
[00:47:01][jomini_effect.cpp:1135]: Variable 'toe_gg_route_side' is set but is never used. Note that use in localization doesn't count due to technical limitations. Use in unused scripted triggers and effects also does not count
[00:47:01][jomini_effect.cpp:1135]: Variable 'dreyfus_trial_lesser_sentence' is set but is never used. Note that use in localization doesn't count due to technical limitations. Use in unused scripted triggers and effects also does not count
[00:47:01][jomini_effect.cpp:1139]: Variable 'afghanistan_delimitation_treaty_approved' is used but is never set. Setting it in an unused scripted trigger or effect does not count
[00:47:01][jomini_effect.cpp:1139]: Variable 'isabel_confirmed_heir_var' is used but is never set. Setting it in an unused scripted trigger or effect does not count
[00:47:01][jomini_effect.cpp:1139]: Variable 'grunderzeit_quarterly_count_1' is used but is never set. Setting it in an unused scripted trigger or effect does not count
[00:47:01][jomini_effect.cpp:1139]: Variable 'religious_nationalism_decrease_var' is used but is never set. Setting it in an unused scripted trigger or effect does not count
[00:47:01][jomini_effect.cpp:1139]: Variable 'opium_wars_ignored_ban' is used but is never set. Setting it in an unused scripted trigger or effect does not count
[00:47:01][jomini_effect.cpp:1139]: Variable 'completed_fascism_1_var' is used but is never set. Setting it in an unused scripted trigger or effect does not count
[00:47:01][jomini_effect.cpp:1139]: Variable 'daimyo_var' is used but is never set. Setting it in an unused scripted trigger or effect does not count
[00:47:01][jomini_effect.cpp:1135]: Variable 'achievement_teamkiller_var' is set but is never used. Note that use in localization doesn't count due to technical limitations. Use in unused scripted triggers and effects also does not count
[00:47:01][jomini_effect.cpp:1135]: Variable 'garibaldi_cooldown_var' is set but is never used. Note that use in localization doesn't count due to technical limitations. Use in unused scripted triggers and effects also does not count
[00:47:01][jomini_effect.cpp:1139]: Variable 'british_raj_var' is used but is never set. Setting it in an unused scripted trigger or effect does not count
[00:47:01][jomini_effect.cpp:1139]: Variable 'sino_japanese_war' is used but is never set. Setting it in an unused scripted trigger or effect does not count
[00:47:01][jomini_effect.cpp:1139]: Variable 'southwest_border_rejected' is used but is never set. Setting it in an unused scripted trigger or effect does not count
[00:47:01][jomini_effect.cpp:1139]: Variable 'ongoing_serial_killer_je' is used but is never set. Setting it in an unused scripted trigger or effect does not count
[00:47:01][jomini_effect.cpp:1139]: Variable 'sided_with_korean_gov' is used but is never set. Setting it in an unused scripted trigger or effect does not count
[00:47:01][jomini_effect.cpp:1135]: Variable 'central_africa_expedition_success_var' is set but is never used. Note that use in localization doesn't count due to technical limitations. Use in unused scripted triggers and effects also does not count
[00:47:01][jomini_effect.cpp:1139]: Variable 'anti_lobby_third_party_var' is used but is never set. Setting it in an unused scripted trigger or effect does not count
[00:47:01][jomini_effect.cpp:1135]: Variable 'has_taken_enemy_capital_with_marines' is set but is never used. Note that use in localization doesn't count due to technical limitations. Use in unused scripted triggers and effects also does not count
[00:47:01][jomini_effect.cpp:1139]: Variable 'custom_titanic_var' is used but is never set. Setting it in an unused scripted trigger or effect does not count
[00:47:01][jomini_effect.cpp:1139]: Variable 'chose_anarchism' is used but is never set. Setting it in an unused scripted trigger or effect does not count
[00:47:01][jomini_effect.cpp:1139]: Variable 'christ_of_nations_target' is used but is never set. Setting it in an unused scripted trigger or effect does not count
[00:47:01][jomini_effect.cpp:1139]: Variable 'spain_republic_3' is used but is never set. Setting it in an unused scripted trigger or effect does not count
[00:47:01][jomini_effect.cpp:1135]: Variable 'espartero_is_dead_var' is set but is never used. Note that use in localization doesn't count due to technical limitations. Use in unused scripted triggers and effects also does not count
[00:47:01][jomini_effect.cpp:1139]: Variable 'button_reestablish_peru_var' is used but is never set. Setting it in an unused scripted trigger or effect does not count
[00:47:01][jomini_effect.cpp:1139]: Variable 'independencia_target' is used but is never set. Setting it in an unused scripted trigger or effect does not count
[00:47:01][jomini_effect.cpp:1139]: Variable 'entered_into_tibet' is used but is never set. Setting it in an unused scripted trigger or effect does not count
[00:47:01][jomini_effect.cpp:1139]: Variable 'india_home_rule' is used but is never set. Setting it in an unused scripted trigger or effect does not count
[00:47:01][jomini_effect.cpp:1135]: Variable 'number_of_mega_eruptions' is set but is never used. Note that use in localization doesn't count due to technical limitations. Use in unused scripted triggers and effects also does not count
[00:47:01][jomini_effect.cpp:1135]: Variable 'state_hit_by_plague' is set but is never used. Note that use in localization doesn't count due to technical limitations. Use in unused scripted triggers and effects also does not count
[00:47:01][jomini_effect.cpp:1139]: Variable 'mon_state_formation_20_fired' is used but is never set. Setting it in an unused scripted trigger or effect does not count
[00:47:01][jomini_effect.cpp:1139]: Variable 'anti_nationalist_var' is used but is never set. Setting it in an unused scripted trigger or effect does not count
[00:47:01][jomini_effect.cpp:1139]: Variable 'strike_strikebreakers_var' is used but is never set. Setting it in an unused scripted trigger or effect does not count
[00:47:01][jomini_effect.cpp:1139]: Variable 'strike_breaker' is used but is never set. Setting it in an unused scripted trigger or effect does not count
[00:47:01][jomini_effect.cpp:1139]: Variable 'patino_paraguay_var' is used but is never set. Setting it in an unused scripted trigger or effect does not count
[00:47:01][jomini_effect.cpp:1139]: Variable 'britain_granted_dop_permission' is used but is never set. Setting it in an unused scripted trigger or effect does not count
[00:47:01][jomini_effect.cpp:1139]: Variable 'aus_disqualified_cultures' is used but is never set. Setting it in an unused scripted trigger or effect does not count
[00:47:01][jomini_effect.cpp:1135]: Variable 'je_spa_economic_regeneration_cheats_var' is set but is never used. Note that use in localization doesn't count due to technical limitations. Use in unused scripted triggers and effects also does not count
[00:47:01][jomini_effect.cpp:1139]: Variable 'garibaldi_var' is used but is never set. Setting it in an unused scripted trigger or effect does not count
[00:47:01][jomini_effect.cpp:1139]: Variable 'je_communism_2_var' is used but is never set. Setting it in an unused scripted trigger or effect does not count
[00:47:01][jomini_effect.cpp:1139]: Variable 'accepted_atocha_railway_project' is used but is never set. Setting it in an unused scripted trigger or effect does not count
[00:47:01][jomini_effect.cpp:1139]: Variable 'algeria_deylik_restored' is used but is never set. Setting it in an unused scripted trigger or effect does not count
[00:47:01][jomini_effect.cpp:1139]: Variable 'AI_EXPEDITION_ANTARCTICA' is used but is never set. Setting it in an unused scripted trigger or effect does not count
[00:47:01][jomini_effect.cpp:1135]: Variable 'unanimity_achievement_var' is set but is never used. Note that use in localization doesn't count due to technical limitations. Use in unused scripted triggers and effects also does not count
[00:47:01][jomini_effect.cpp:1139]: Variable 'is_tsunami_state' is used but is never set. Setting it in an unused scripted trigger or effect does not count
[00:47:01][jomini_effect.cpp:1135]: Variable 'completed_ig_suppression_je_var' is set but is never used. Note that use in localization doesn't count due to technical limitations. Use in unused scripted triggers and effects also does not count
[00:47:01][jomini_effect.cpp:1139]: Variable 'skyscraper_var' is used but is never set. Setting it in an unused scripted trigger or effect does not count
[00:47:01][jomini_effect.cpp:1139]: Variable 'temporary_immortality_var' is used but is never set. Setting it in an unused scripted trigger or effect does not count
[00:47:01][jomini_effect.cpp:1135]: Variable 'toe_paido_rival_claimant' is set but is never used. Note that use in localization doesn't count due to technical limitations. Use in unused scripted triggers and effects also does not count
[00:47:01][jomini_effect.cpp:1139]: Variable 'wants_treaty_port_revenge_against' is used but is never set. Setting it in an unused scripted trigger or effect does not count
[00:47:01][jomini_effect.cpp:1135]: Variable 'positivism_done' is set but is never used. Note that use in localization doesn't count due to technical limitations. Use in unused scripted triggers and effects also does not count
[00:47:01][jomini_effect.cpp:1139]: Variable 'failed_coups' is used but is never set. Setting it in an unused scripted trigger or effect does not count
[00:47:01][jomini_effect.cpp:1139]: Variable 'indochina_campaign_target' is used but is never set. Setting it in an unused scripted trigger or effect does not count
[00:47:01][jomini_effect.cpp:1139]: Variable 'sulistas_integrated' is used but is never set. Setting it in an unused scripted trigger or effect does not count
[00:47:01][jomini_effect.cpp:1135]: Variable 'number_of_mega_floods' is set but is never used. Note that use in localization doesn't count due to technical limitations. Use in unused scripted triggers and effects also does not count
[00:47:01][jomini_effect.cpp:1139]: Variable 'garibaldi_is_alive_global_var' is used but is never set. Setting it in an unused scripted trigger or effect does not count
[00:47:01][jomini_effect.cpp:1139]: Variable 'pedropoints' is used but is never set. Setting it in an unused scripted trigger or effect does not count
[00:47:01][jomini_effect.cpp:1135]: Variable 'niger_river_explored' is set but is never used. Note that use in localization doesn't count due to technical limitations. Use in unused scripted triggers and effects also does not count
[00:47:01][jomini_effect.cpp:1135]: Variable 'ruler_selector_ada_lovelace' is set but is never used. Note that use in localization doesn't count due to technical limitations. Use in unused scripted triggers and effects also does not count
[00:47:01][jomini_effect.cpp:1139]: Variable 'acw_dixie_states' is used but is never set. Setting it in an unused scripted trigger or effect does not count
[00:47:01][jomini_effect.cpp:1139]: Variable 'hungarian_ultimatum_sent_var' is used but is never set. Setting it in an unused scripted trigger or effect does not count
[00:47:01][jomini_effect.cpp:1139]: Variable 'chose_integration_var' is used but is never set. Setting it in an unused scripted trigger or effect does not count
[00:47:01][jomini_effect.cpp:1139]: Variable 'sikh_empire_je_done' is used but is never set. Setting it in an unused scripted trigger or effect does not count
[00:47:01][jomini_effect.cpp:1139]: Variable 'peru_bolivia_var' is used but is never set. Setting it in an unused scripted trigger or effect does not count
[00:47:01][jomini_effect.cpp:1139]: Variable 'free_state_created' is used but is never set. Setting it in an unused scripted trigger or effect does not count
[00:47:01][jomini_effect.cpp:1139]: Variable 'north_border_rejected' is used but is never set. Setting it in an unused scripted trigger or effect does not count
[00:47:01][jomini_effect.cpp:1139]: Variable 'haiti_stops_paying_france_target' is used but is never set. Setting it in an unused scripted trigger or effect does not count
[00:47:01][jomini_effect.cpp:1139]: Variable 'je_philippines_main_reliance_happened' is used but is never set. Setting it in an unused scripted trigger or effect does not count
[00:47:01][jomini_effect.cpp:1139]: Variable 'danubian_federation_serb_button' is used but is never set. Setting it in an unused scripted trigger or effect does not count
[00:47:01][jomini_effect.cpp:1135]: Variable 'toe_gg_south_lefria_side' is set but is never used. Note that use in localization doesn't count due to technical limitations. Use in unused scripted triggers and effects also does not count
[00:47:01][jomini_effect.cpp:1139]: Variable 'free_state_made' is used but is never set. Setting it in an unused scripted trigger or effect does not count
[00:47:01][jomini_effect.cpp:1135]: Variable 'spa_economic_regeneration_goal_var' is set but is never used. Note that use in localization doesn't count due to technical limitations. Use in unused scripted triggers and effects also does not count
[00:47:01][jomini_effect.cpp:1139]: Variable 'neo_absolutism_victory' is used but is never set. Setting it in an unused scripted trigger or effect does not count
[00:47:01][jomini_effect.cpp:1139]: Variable 'dictate_plantation_type' is used but is never set. Setting it in an unused scripted trigger or effect does not count
[00:47:01][jomini_effect.cpp:1139]: Variable 'quinto_imperio_var' is used but is never set. Setting it in an unused scripted trigger or effect does not count
[00:47:01][jomini_effect.cpp:1139]: Variable 'rsm_friendship' is used but is never set. Setting it in an unused scripted trigger or effect does not count
[00:47:01][jomini_effect.cpp:1139]: Variable 'mon_are_barbarians' is used but is never set. Setting it in an unused scripted trigger or effect does not count
[00:47:01][jomini_effect.cpp:1139]: Variable 'begging_woman_martyr_variable' is used but is never set. Setting it in an unused scripted trigger or effect does not count
[00:47:01][jomini_effect.cpp:1135]: Variable 'completed_syria_je' is set but is never used. Note that use in localization doesn't count due to technical limitations. Use in unused scripted triggers and effects also does not count
[00:47:01][jomini_effect.cpp:1135]: Variable 'je_spa_economic_regeneration_modernise_agriculture_caught_var' is set but is never used. Note that use in localization doesn't count due to technical limitations. Use in unused scripted triggers and effects also does not count
[00:47:01][jomini_effect.cpp:1135]: Variable 'ryukyu_rivalry_brawl' is set but is never used. Note that use in localization doesn't count due to technical limitations. Use in unused scripted triggers and effects also does not count
[00:47:01][jomini_effect.cpp:1139]: Variable 'ultimatum_sent' is used but is never set. Setting it in an unused scripted trigger or effect does not count
[00:47:01][jomini_effect.cpp:1139]: Variable 'lhasa_approached' is used but is never set. Setting it in an unused scripted trigger or effect does not count
[00:47:01][jomini_effect.cpp:1139]: Variable 'decided_future_of_zanzibar' is used but is never set. Setting it in an unused scripted trigger or effect does not count
[00:47:01][jomini_effect.cpp:1135]: Variable 'petar_died_tuberculosis' is set but is never used. Note that use in localization doesn't count due to technical limitations. Use in unused scripted triggers and effects also does not count
[00:47:01][jomini_effect.cpp:1139]: Variable 'great_game_balance_passive_var' is used but is never set. Setting it in an unused scripted trigger or effect does not count
[00:47:01][jomini_effect.cpp:1139]: Variable 'spa_two_spains_conservative_victory' is used but is never set. Setting it in an unused scripted trigger or effect does not count
[00:47:01][jomini_effect.cpp:1139]: Variable 'risorgimento_unifying_stance' is used but is never set. Setting it in an unused scripted trigger or effect does not count
[00:47:01][jomini_effect.cpp:1139]: Variable 'opium_wars_won' is used but is never set. Setting it in an unused scripted trigger or effect does not count
[00:47:01][jomini_effect.cpp:1139]: Variable 'hungarian_revolution_increased_liberalism' is used but is never set. Setting it in an unused scripted trigger or effect does not count
[00:47:01][jomini_effect.cpp:1139]: Variable 'strike_promised_pensions' is used but is never set. Setting it in an unused scripted trigger or effect does not count
[00:47:01][jomini_effect.cpp:1139]: Variable 'american_civil_war' is used but is never set. Setting it in an unused scripted trigger or effect does not count
[00:47:01][jomini_effect.cpp:1139]: Variable 'france_had_revolution' is used but is never set. Setting it in an unused scripted trigger or effect does not count
[00:47:01][jomini_effect.cpp:1139]: Variable 'successful_coups' is used but is never set. Setting it in an unused scripted trigger or effect does not count
[00:47:01][jomini_effect.cpp:1139]: Variable 'accepted_kaisergelb_kaiserforum' is used but is never set. Setting it in an unused scripted trigger or effect does not count
[00:47:01][jomini_effect.cpp:1139]: Variable 'economic_regeneration_started_var' is used but is never set. Setting it in an unused scripted trigger or effect does not count
[00:47:01][jomini_effect.cpp:1139]: Variable 'monroe_doctrine' is used but is never set. Setting it in an unused scripted trigger or effect does not count
[00:47:01][jomini_effect.cpp:1135]: Variable 'achievement_mightier_than_the_sword' is set but is never used. Note that use in localization doesn't count due to technical limitations. Use in unused scripted triggers and effects also does not count
[00:47:01][jomini_effect.cpp:1135]: Variable 'portuguese_colonialism_je_completed' is set but is never used. Note that use in localization doesn't count due to technical limitations. Use in unused scripted triggers and effects also does not count
[00:47:01][jomini_effect.cpp:1139]: Variable 'southern_africa_subject_var' is used but is never set. Setting it in an unused scripted trigger or effect does not count
[00:47:01][jomini_effect.cpp:1139]: Variable 'ig_leader_steps_down_var' is used but is never set. Setting it in an unused scripted trigger or effect does not count
[00:47:01][jomini_effect.cpp:1139]: Variable 'getting_married' is used but is never set. Setting it in an unused scripted trigger or effect does not count
[00:47:01][jomini_effect.cpp:1139]: Variable 'proposed_status_quo' is used but is never set. Setting it in an unused scripted trigger or effect does not count
[00:47:01][jomini_effect.cpp:1139]: Variable 'china_han_empire' is used but is never set. Setting it in an unused scripted trigger or effect does not count
[00:47:01][jomini_effect.cpp:1139]: Variable 'fireworks_variable' is used but is never set. Setting it in an unused scripted trigger or effect does not count
[00:47:01][jomini_effect.cpp:1135]: Variable 'polish_rebel_country_enemy_var' is set but is never used. Note that use in localization doesn't count due to technical limitations. Use in unused scripted triggers and effects also does not count
[00:47:01][jomini_effect.cpp:1139]: Variable 'japan_emperor_restored' is used but is never set. Setting it in an unused scripted trigger or effect does not count
[00:47:01][jomini_effect.cpp:1139]: Variable 'princely_state' is used but is never set. Setting it in an unused scripted trigger or effect does not count
[00:47:01][jomini_effect.cpp:1139]: Variable 'fall_of_the_samurai_global_var' is used but is never set. Setting it in an unused scripted trigger or effect does not count
[00:47:01][jomini_effect.cpp:1139]: Variable 'received_subjugation_refusal_var' is used but is never set. Setting it in an unused scripted trigger or effect does not count
[00:47:01][jomini_effect.cpp:1139]: Variable 'is_away' is used but is never set. Setting it in an unused scripted trigger or effect does not count
[00:47:01][jomini_effect.cpp:1139]: Variable 'caudillo_fascist' is used but is never set. Setting it in an unused scripted trigger or effect does not count
[00:47:01][jomini_effect.cpp:1135]: Variable 'has_enforced_wargoal_on_prussia_var' is set but is never used. Note that use in localization doesn't count due to technical limitations. Use in unused scripted triggers and effects also does not count
[00:47:01][jomini_effect.cpp:1139]: Variable 'fascist_uptick' is used but is never set. Setting it in an unused scripted trigger or effect does not count
[00:47:01][jomini_effect.cpp:1139]: Variable 'against_iberian_unification' is used but is never set. Setting it in an unused scripted trigger or effect does not count
[00:47:01][jomini_effect.cpp:1139]: Variable 'lusofonia_1_fired' is used but is never set. Setting it in an unused scripted trigger or effect does not count
[00:47:01][jomini_effect.cpp:1139]: Variable 'sagrada_familia_stage_complete_2_var' is used but is never set. Setting it in an unused scripted trigger or effect does not count
[00:47:01][jomini_effect.cpp:1139]: Variable 'danilo_dresses_like_a_prince' is used but is never set. Setting it in an unused scripted trigger or effect does not count
[00:47:01][jomini_effect.cpp:1139]: Variable 'colonize_korea_states_states' is used but is never set. Setting it in an unused scripted trigger or effect does not count
[00:47:01][jomini_effect.cpp:1139]: Variable 'balkan_league_immediate_rejector' is used but is never set. Setting it in an unused scripted trigger or effect does not count
[00:47:01][jomini_effect.cpp:1139]: Variable 'AI_EXPEDITION_WAMERICA' is used but is never set. Setting it in an unused scripted trigger or effect does not count
[00:47:01][jomini_effect.cpp:1139]: Variable 'grunderzeit_ongoing_global_var' is used but is never set. Setting it in an unused scripted trigger or effect does not count
[00:47:01][jomini_effect.cpp:1139]: Variable 'dyer_disciplined' is used but is never set. Setting it in an unused scripted trigger or effect does not count
[00:47:01][jomini_effect.cpp:1135]: Variable 'completed_sick_man_army_je' is set but is never used. Note that use in localization doesn't count due to technical limitations. Use in unused scripted triggers and effects also does not count
[00:47:01][jomini_effect.cpp:1139]: Variable 'senegal_subject_var' is used but is never set. Setting it in an unused scripted trigger or effect does not count
[00:47:01][jomini_effect.cpp:1139]: Variable 'indian_federation_member' is used but is never set. Setting it in an unused scripted trigger or effect does not count
[00:47:01][jomini_effect.cpp:1139]: Variable 'rejected_colonialism_ambitions_var' is used but is never set. Setting it in an unused scripted trigger or effect does not count
[00:47:01][jomini_effect.cpp:1139]: Variable 'pro_lobby_third_party_var' is used but is never set. Setting it in an unused scripted trigger or effect does not count
[00:47:01][jomini_effect.cpp:1135]: Variable 'achievement_revolutionary' is set but is never used. Note that use in localization doesn't count due to technical limitations. Use in unused scripted triggers and effects also does not count
[00:47:01][jomini_effect.cpp:1139]: Variable 'count_integrated_cultures' is used but is never set. Setting it in an unused scripted trigger or effect does not count
[00:47:01][jomini_effect.cpp:1135]: Variable 'var_jack_ripper_possible' is set but is never used. Note that use in localization doesn't count due to technical limitations. Use in unused scripted triggers and effects also does not count
[00:47:01][jomini_effect.cpp:1139]: Variable 'aus_integrated_cultures' is used but is never set. Setting it in an unused scripted trigger or effect does not count
[00:47:01][jomini_effect.cpp:1139]: Variable 'ig_leader_in_jail_var' is used but is never set. Setting it in an unused scripted trigger or effect does not count
[00:47:01][jomini_effect.cpp:1139]: Variable 'romanian_transylvanian_revolt_var' is used but is never set. Setting it in an unused scripted trigger or effect does not count
[00:47:01][jomini_effect.cpp:1139]: Variable 'chose_communism' is used but is never set. Setting it in an unused scripted trigger or effect does not count
[00:47:01][jomini_effect.cpp:1135]: Variable 'portugal_revolution_month' is set but is never used. Note that use in localization doesn't count due to technical limitations. Use in unused scripted triggers and effects also does not count
[00:47:01][jomini_effect.cpp:1135]: Variable 'ryukyu_rivalry_fire' is set but is never used. Note that use in localization doesn't count due to technical limitations. Use in unused scripted triggers and effects also does not count
[00:47:01][jomini_effect.cpp:1139]: Variable 'proposed_status_quo_north' is used but is never set. Setting it in an unused scripted trigger or effect does not count
[00:47:01][jomini_effect.cpp:1135]: Variable 'number_of_mega_earthquakes' is set but is never used. Note that use in localization doesn't count due to technical limitations. Use in unused scripted triggers and effects also does not count
[00:47:01][jomini_effect.cpp:1139]: Variable 'regency_complete' is used but is never set. Setting it in an unused scripted trigger or effect does not count
[00:47:01][jomini_effect.cpp:1139]: Variable 'indian_states_annexed' is used but is never set. Setting it in an unused scripted trigger or effect does not count
[00:47:01][jomini_effect.cpp:1139]: Variable 'slaves_work_with_independence_movement' is used but is never set. Setting it in an unused scripted trigger or effect does not count
[00:47:01][jomini_effect.cpp:1139]: Variable 'ryukyu_rivalry_reaffirm_suzerainty_chi' is used but is never set. Setting it in an unused scripted trigger or effect does not count
[00:47:01][jomini_effect.cpp:1139]: Variable 'mon_state_formation_10_fired' is used but is never set. Setting it in an unused scripted trigger or effect does not count
[00:47:01][jomini_effect.cpp:1135]: Variable 'completed_sikh_sovereignty_je' is set but is never used. Note that use in localization doesn't count due to technical limitations. Use in unused scripted triggers and effects also does not count
[00:47:01][jomini_effect.cpp:1139]: Variable 'george_v_ruler_var' is used but is never set. Setting it in an unused scripted trigger or effect does not count
[00:47:01][jomini_effect.cpp:1139]: Variable 'plague_measures' is used but is never set. Setting it in an unused scripted trigger or effect does not count
[00:47:01][jomini_effect.cpp:1139]: Variable 'killing_own_ruler' is used but is never set. Setting it in an unused scripted trigger or effect does not count
[00:47:01][jomini_effect.cpp:1135]: Variable 'toe_gg_tortal_side' is set but is never used. Note that use in localization doesn't count due to technical limitations. Use in unused scripted triggers and effects also does not count
[00:47:01][jomini_effect.cpp:1139]: Variable 'accepted_pena_palace_project' is used but is never set. Setting it in an unused scripted trigger or effect does not count
[00:47:01][jomini_effect.cpp:1139]: Variable 'befriend_bolivia' is used but is never set. Setting it in an unused scripted trigger or effect does not count
[00:47:01][jomini_effect.cpp:1139]: Variable 'is_carlist_spain' is used but is never set. Setting it in an unused scripted trigger or effect does not count
[00:47:01][jomini_effect.cpp:1139]: Variable 'chose_assimilation_var' is used but is never set. Setting it in an unused scripted trigger or effect does not count
[00:47:01][jomini_effect.cpp:1139]: Variable 'budapest_founded_global_var' is used but is never set. Setting it in an unused scripted trigger or effect does not count
[00:47:01][jomini_effect.cpp:1139]: Variable 'meiji_var' is used but is never set. Setting it in an unused scripted trigger or effect does not count
[00:47:01][jomini_effect.cpp:1139]: Variable 'KOR_korean_empire_declared' is used but is never set. Setting it in an unused scripted trigger or effect does not count
[00:47:01][jomini_effect.cpp:1139]: Variable 'fra_republic_counter' is used but is never set. Setting it in an unused scripted trigger or effect does not count
[00:47:01][jomini_effect.cpp:1135]: Variable 'polish_rebel_country_var' is set but is never used. Note that use in localization doesn't count due to technical limitations. Use in unused scripted triggers and effects also does not count
[00:47:01][jomini_effect.cpp:1139]: Variable 'strike_safety_institution' is used but is never set. Setting it in an unused scripted trigger or effect does not count
[00:47:01][jomini_effect.cpp:1135]: Variable 'niger_river_expedition_success_var' is set but is never used. Note that use in localization doesn't count due to technical limitations. Use in unused scripted triggers and effects also does not count
[00:47:01][jomini_effect.cpp:1139]: Variable 'railway_strike' is used but is never set. Setting it in an unused scripted trigger or effect does not count
[00:47:01][jomini_effect.cpp:1139]: Variable 'custom_colosssal_var' is used but is never set. Setting it in an unused scripted trigger or effect does not count
[00:47:01][jomini_effect.cpp:1139]: Variable 'mining_strike' is used but is never set. Setting it in an unused scripted trigger or effect does not count
[00:47:01][jomini_effect.cpp:1139]: Variable 'chose_fascism' is used but is never set. Setting it in an unused scripted trigger or effect does not count
[00:47:01][jomini_effect.cpp:1139]: Variable 'grunderzeit_quarterly_count_2' is used but is never set. Setting it in an unused scripted trigger or effect does not count
[00:47:01][jomini_effect.cpp:1139]: Variable 'monarchy_stamped_out_var' is used but is never set. Setting it in an unused scripted trigger or effect does not count
[00:47:01][jomini_effect.cpp:1135]: Variable 'indochina_intervention_happened' is set but is never used. Note that use in localization doesn't count due to technical limitations. Use in unused scripted triggers and effects also does not count
[00:47:01][jomini_effect.cpp:1139]: Variable 'danubian_federation_north_italian_button' is used but is never set. Setting it in an unused scripted trigger or effect does not count
[00:47:01][jomini_effect.cpp:1135]: Variable 'newly_released_country' is set but is never used. Note that use in localization doesn't count due to technical limitations. Use in unused scripted triggers and effects also does not count
[00:47:01][jomini_effect.cpp:1139]: Variable 'hungarian_revolution_twelve_points_var' is used but is never set. Setting it in an unused scripted trigger or effect does not count
[00:47:01][jomini_effect.cpp:1139]: Variable 'failed_sick_man_main' is used but is never set. Setting it in an unused scripted trigger or effect does not count
[00:47:01][jomini_effect.cpp:1139]: Variable 'louise_michel_spawn' is used but is never set. Setting it in an unused scripted trigger or effect does not count
[00:47:01][jomini_effect.cpp:1139]: Variable 'deported_americans' is used but is never set. Setting it in an unused scripted trigger or effect does not count
[00:47:01][jomini_effect.cpp:1139]: Variable 'accepted_gran_teatro_project' is used but is never set. Setting it in an unused scripted trigger or effect does not count
[00:47:01][jomini_effect.cpp:1139]: Variable 'legitimist_leader' is used but is never set. Setting it in an unused scripted trigger or effect does not count
[00:47:01][jomini_effect.cpp:1139]: Variable 'ser_campaign_cooldown' is used but is never set. Setting it in an unused scripted trigger or effect does not count
[00:47:01][jomini_effect.cpp:1139]: Variable 'afghan_notification_sender' is used but is never set. Setting it in an unused scripted trigger or effect does not count
[00:47:01][jomini_effect.cpp:1139]: Variable 'scramble_for_africa_complete' is used but is never set. Setting it in an unused scripted trigger or effect does not count
[00:47:01][jomini_effect.cpp:1139]: Variable 'je_philippines_main_complete_happened' is used but is never set. Setting it in an unused scripted trigger or effect does not count
[00:47:01][jomini_effect.cpp:1135]: Variable 'central_africa_explored' is set but is never used. Note that use in localization doesn't count due to technical limitations. Use in unused scripted triggers and effects also does not count
[00:47:01][jomini_effect.cpp:1135]: Variable 'je_spa_economic_regeneration_railways_caught_var' is set but is never used. Note that use in localization doesn't count due to technical limitations. Use in unused scripted triggers and effects also does not count
[00:47:01][jomini_effect.cpp:1139]: Variable 'var_slave_trade_suppression_var' is used but is never set. Setting it in an unused scripted trigger or effect does not count
[00:47:01][jomini_effect.cpp:1139]: Variable 'danubian_federation_opposed' is used but is never set. Setting it in an unused scripted trigger or effect does not count
[00:47:01][jomini_effect.cpp:1139]: Variable 'proposed_torkestan_line' is used but is never set. Setting it in an unused scripted trigger or effect does not count
[00:47:01][jomini_effect.cpp:1139]: Variable 'mon_stop_raiding_deal' is used but is never set. Setting it in an unused scripted trigger or effect does not count
[00:47:01][jomini_effect.cpp:1135]: Variable 'ruler_selector_pool_invalidation_global_var' is set but is never used. Note that use in localization doesn't count due to technical limitations. Use in unused scripted triggers and effects also does not count
[00:47:01][jomini_effect.cpp:1139]: Variable 'paris_commune_progress_var' is used but is never set. Setting it in an unused scripted trigger or effect does not count
[00:47:01][jomini_effect.cpp:1139]: Variable 'selected_federal_solution_var' is used but is never set. Setting it in an unused scripted trigger or effect does not count
[00:47:01][jomini_effect.cpp:1135]: Variable 'finished_glorious_revolution_var' is set but is never used. Note that use in localization doesn't count due to technical limitations. Use in unused scripted triggers and effects also does not count
[00:47:01][jomini_effect.cpp:1139]: Variable 'ztr_bolshevik_ideology_var' is used but is never set. Setting it in an unused scripted trigger or effect does not count
[00:47:01][jomini_effect.cpp:1135]: Variable 'princely_states_je_happened' is set but is never used. Note that use in localization doesn't count due to technical limitations. Use in unused scripted triggers and effects also does not count
[00:47:01][jomini_effect.cpp:1135]: Variable 'deposed_spanish_monarch' is set but is never used. Note that use in localization doesn't count due to technical limitations. Use in unused scripted triggers and effects also does not count
[00:47:01][jomini_effect.cpp:1139]: Variable 'strike_police_crackdown_var' is used but is never set. Setting it in an unused scripted trigger or effect does not count
[00:47:01][jomini_effect.cpp:1139]: Variable 'danubian_federation_polish_button' is used but is never set. Setting it in an unused scripted trigger or effect does not count
[00:47:01][jomini_effect.cpp:1139]: Variable 'strike_negotiator' is used but is never set. Setting it in an unused scripted trigger or effect does not count
[00:47:01][jomini_effect.cpp:1139]: Variable 'is_andrew_jackson' is used but is never set. Setting it in an unused scripted trigger or effect does not count
[00:47:01][jomini_effect.cpp:1139]: Variable 'two_spains_tension_current_var' is used but is never set. Setting it in an unused scripted trigger or effect does not count
[00:47:01][jomini_effect.cpp:1139]: Variable 'serbian_voivoideship_var' is used but is never set. Setting it in an unused scripted trigger or effect does not count
[00:47:01][jomini_effect.cpp:1139]: Variable 'accepted_kaiserforum' is used but is never set. Setting it in an unused scripted trigger or effect does not count
[00:47:01][jomini_effect.cpp:1139]: Variable 'kaiserforum_stage_complete_2_var' is used but is never set. Setting it in an unused scripted trigger or effect does not count
[00:47:01][jomini_effect.cpp:1139]: Variable 'AI_EXPEDITION_CONGO' is used but is never set. Setting it in an unused scripted trigger or effect does not count
[00:47:01][jomini_effect.cpp:1135]: Variable 'antarctica_expedition_success_var' is set but is never used. Note that use in localization doesn't count due to technical limitations. Use in unused scripted triggers and effects also does not count
[00:47:01][jomini_effect.cpp:1139]: Variable 'caucasus_failure_var' is used but is never set. Setting it in an unused scripted trigger or effect does not count
[00:47:01][jomini_effect.cpp:1135]: Variable 'completed_egypt_je' is set but is never used. Note that use in localization doesn't count due to technical limitations. Use in unused scripted triggers and effects also does not count
[00:47:01][jomini_effect.cpp:1139]: Variable 'ai_zaibatsu_curtail' is used but is never set. Setting it in an unused scripted trigger or effect does not count
[00:47:01][jomini_effect.cpp:1139]: Variable 'danubian_federation_slovak_button' is used but is never set. Setting it in an unused scripted trigger or effect does not count
[00:47:01][jomini_effect.cpp:1139]: Variable 'spa_carlist_war_score' is used but is never set. Setting it in an unused scripted trigger or effect does not count
[00:47:01][jomini_effect.cpp:1139]: Variable 'chose_vanguardism' is used but is never set. Setting it in an unused scripted trigger or effect does not count
[00:47:01][jomini_effect.cpp:1139]: Variable 'grunderzeit_combined_gdp_global_var_baseline' is used but is never set. Setting it in an unused scripted trigger or effect does not count
[00:47:01][jomini_effect.cpp:1135]: Variable 'toe_paido_reigning_claimant' is set but is never used. Note that use in localization doesn't count due to technical limitations. Use in unused scripted triggers and effects also does not count
[00:47:01][jomini_effect.cpp:1139]: Variable 'missionary_works_counter' is used but is never set. Setting it in an unused scripted trigger or effect does not count
[00:47:01][jomini_effect.cpp:1139]: Variable 'commander_doing_coup_on_player_behalf' is used but is never set. Setting it in an unused scripted trigger or effect does not count
[00:47:01][jomini_effect.cpp:1139]: Variable 'pebrine_outbreak_event' is used but is never set. Setting it in an unused scripted trigger or effect does not count
[00:47:01][jomini_effect.cpp:1139]: Variable 'ragamuffin_nation_var' is used but is never set. Setting it in an unused scripted trigger or effect does not count
[00:47:01][jomini_effect.cpp:1139]: Variable 'two_spains_pivot_var' is used but is never set. Setting it in an unused scripted trigger or effect does not count
[00:47:01][jomini_effect.cpp:1135]: Variable 'iwakura_mission_tech_learnings' is set but is never used. Note that use in localization doesn't count due to technical limitations. Use in unused scripted triggers and effects also does not count
[00:47:01][jomini_effect.cpp:1139]: Variable 'pedro_republican_coup' is used but is never set. Setting it in an unused scripted trigger or effect does not count
[00:47:01][jomini_effect.cpp:1139]: Variable 'pbc_member' is used but is never set. Setting it in an unused scripted trigger or effect does not count
[00:47:01][jomini_effect.cpp:1139]: Variable 'bul_pursued_bulgarian_empire' is used but is never set. Setting it in an unused scripted trigger or effect does not count
[00:47:01][jomini_effect.cpp:1139]: Variable 'one_emperor_one_era' is used but is never set. Setting it in an unused scripted trigger or effect does not count
[00:47:01][jomini_effect.cpp:1135]: Variable 'je_amazonas_complete_variable' is set but is never used. Note that use in localization doesn't count due to technical limitations. Use in unused scripted triggers and effects also does not count
[00:47:01][jomini_effect.cpp:1139]: Variable 'kenesary_recognizer_var' is used but is never set. Setting it in an unused scripted trigger or effect does not count
[00:47:01][jomini_effect.cpp:1139]: Variable 'accepted_sagrada_familia_project' is used but is never set. Setting it in an unused scripted trigger or effect does not count
[00:47:01][jomini_effect.cpp:1139]: Variable 'strike_promised_wage_controls' is used but is never set. Setting it in an unused scripted trigger or effect does not count
[00:47:01][jomini_effect.cpp:1139]: Variable 'empire_of_great_britain' is used but is never set. Setting it in an unused scripted trigger or effect does not count
[00:47:01][jomini_effect.cpp:1139]: Variable 'japan_restoration_complete' is used but is never set. Setting it in an unused scripted trigger or effect does not count
[00:47:01][jomini_effect.cpp:1139]: Variable 'AI_EXPEDITION_NIGER' is used but is never set. Setting it in an unused scripted trigger or effect does not count
[00:47:01][jomini_effect.cpp:1135]: Variable 'completed_separatism_sick_man_je' is set but is never used. Note that use in localization doesn't count due to technical limitations. Use in unused scripted triggers and effects also does not count
[00:47:01][jomini_effect.cpp:1139]: Variable 'german_confederation_country_list' is used but is never set. Setting it in an unused scripted trigger or effect does not count
[00:47:01][jomini_effect.cpp:1135]: Variable 'je_spa_economic_regeneration_mining_caught_var' is set but is never used. Note that use in localization doesn't count due to technical limitations. Use in unused scripted triggers and effects also does not count
[00:47:01][jomini_effect.cpp:1135]: Variable 'je_montenegrin_raiding_won' is set but is never used. Note that use in localization doesn't count due to technical limitations. Use in unused scripted triggers and effects also does not count
[00:47:01][jomini_effect.cpp:1139]: Variable 'ig_leader_exposed_var' is used but is never set. Setting it in an unused scripted trigger or effect does not count
[00:47:01][jomini_effect.cpp:1135]: Variable 'achievement_everyone_disliked_that_var' is set but is never used. Note that use in localization doesn't count due to technical limitations. Use in unused scripted triggers and effects also does not count
[00:47:01][jomini_effect.cpp:1135]: Variable 'west_america_expedition_success_var' is set but is never used. Note that use in localization doesn't count due to technical limitations. Use in unused scripted triggers and effects also does not count
[00:47:01][jomini_effect.cpp:1139]: Variable 'sided_with_korean_rebels' is used but is never set. Setting it in an unused scripted trigger or effect does not count
[00:47:01][jomini_effect.cpp:1139]: Variable 'spa_couped_dynasty' is used but is never set. Setting it in an unused scripted trigger or effect does not count
[00:47:01][jomini_effect.cpp:1139]: Variable 'cardinal_var' is used but is never set. Setting it in an unused scripted trigger or effect does not count
[00:47:01][jomini_effect.cpp:1139]: Variable 'caudillo_communist' is used but is never set. Setting it in an unused scripted trigger or effect does not count
[00:47:01][jomini_effect.cpp:1135]: Variable 'ryukyu_rivalry_accident' is set but is never used. Note that use in localization doesn't count due to technical limitations. Use in unused scripted triggers and effects also does not count
[00:47:01][jomini_effect.cpp:1139]: Variable 'lenin_spawn' is used but is never set. Setting it in an unused scripted trigger or effect does not count
[00:47:01][jomini_effect.cpp:1139]: Variable 'var_counter_revolution_bonus' is used but is never set. Setting it in an unused scripted trigger or effect does not count
[00:47:01][jomini_effect.cpp:1139]: Variable 'custom_gigantic_var' is used but is never set. Setting it in an unused scripted trigger or effect does not count
[00:47:01][jomini_effect.cpp:1139]: Variable 'dreyfusard_victory' is used but is never set. Setting it in an unused scripted trigger or effect does not count
[00:47:01][jomini_effect.cpp:1139]: Variable 'grunderzeit_combined_gdp_global_var_actual' is used but is never set. Setting it in an unused scripted trigger or effect does not count
[00:47:01][jomini_effect.cpp:1139]: Variable 'krakatoa_temperature_recovery_rate' is used but is never set. Setting it in an unused scripted trigger or effect does not count
[00:47:01][jomini_effect.cpp:1139]: Variable 'grunderzeit_quarterly_count_3' is used but is never set. Setting it in an unused scripted trigger or effect does not count
[00:47:01][jomini_effect.cpp:1139]: Variable 'caudillo_kingmaker' is used but is never set. Setting it in an unused scripted trigger or effect does not count
[00:47:01][jomini_effect.cpp:1139]: Variable 'we_are_not_amused_ach_possible' is used but is never set. Setting it in an unused scripted trigger or effect does not count
[00:47:01][jomini_effect.cpp:1139]: Variable 'caudillo_liberal' is used but is never set. Setting it in an unused scripted trigger or effect does not count
[00:47:01][jomini_effect.cpp:1139]: Variable 'carlist_war_skirmish_phase' is used but is never set. Setting it in an unused scripted trigger or effect does not count
[00:47:01][jomini_effect.cpp:1139]: Variable 'austria_folded_to_hungary_var' is used but is never set. Setting it in an unused scripted trigger or effect does not count
[00:47:01][jomini_effect.cpp:1139]: Variable 'opium_wars_target' is used but is never set. Setting it in an unused scripted trigger or effect does not count
[00:47:01][jomini_effect.cpp:1139]: Variable 'GDPGR_month' is used but is never set. Setting it in an unused scripted trigger or effect does not count
[00:47:01][jomini_effect.cpp:1139]: Variable 'cult_center' is used but is never set. Setting it in an unused scripted trigger or effect does not count
[00:47:01][jomini_effect.cpp:1135]: Variable 'balkan_got_tech_cooldown' is set but is never used. Note that use in localization doesn't count due to technical limitations. Use in unused scripted triggers and effects also does not count
[00:47:01][jomini_effect.cpp:1139]: Variable 'haiti_stops_paying_france_aggressor' is used but is never set. Setting it in an unused scripted trigger or effect does not count
[00:47:01][jomini_effect.cpp:1139]: Variable 'invited_to_balkan_league' is used but is never set. Setting it in an unused scripted trigger or effect does not count
[00:47:01][jomini_effect.cpp:1139]: Variable 'ezo_republic_var' is used but is never set. Setting it in an unused scripted trigger or effect does not count
[00:47:01][jomini_effect.cpp:1139]: Variable 'king_in_parliament_possible' is used but is never set. Setting it in an unused scripted trigger or effect does not count
[00:47:01][jomini_effect.cpp:1135]: Variable 'je_spa_economic_regeneration_land_reform_caught_var' is set but is never used. Note that use in localization doesn't count due to technical limitations. Use in unused scripted triggers and effects also does not count
[00:47:01][jomini_effect.cpp:1139]: Variable 'PRC_recognition_level' is used but is never set. Setting it in an unused scripted trigger or effect does not count
[00:47:01][jomini_effect.cpp:1139]: Variable 'grunderzeit_combined_gdp_global_var_goal' is used but is never set. Setting it in an unused scripted trigger or effect does not count
[00:47:01][jomini_effect.cpp:1139]: Variable 'cisleithania_var' is used but is never set. Setting it in an unused scripted trigger or effect does not count
[00:47:01][jomini_effect.cpp:1139]: Variable 'is_billy' is used but is never set. Setting it in an unused scripted trigger or effect does not count
[00:47:01][jomini_effect.cpp:1139]: Variable 'dismissed_poverty_variable' is used but is never set. Setting it in an unused scripted trigger or effect does not count
[00:47:01][jomini_effect.cpp:1139]: Variable 'strike_social_security_institution' is used but is never set. Setting it in an unused scripted trigger or effect does not count
[00:47:01][jomini_effect.cpp:1139]: Variable 'recalled_iwakura_mission' is used but is never set. Setting it in an unused scripted trigger or effect does not count
[00:47:01][jomini_effect.cpp:1139]: Variable 'king_searching_var' is used but is never set. Setting it in an unused scripted trigger or effect does not count
[00:47:01][jomini_effect.cpp:1135]: Variable 'achievement_military_junta_var' is set but is never used. Note that use in localization doesn't count due to technical limitations. Use in unused scripted triggers and effects also does not count
[00:47:01][jomini_effect.cpp:1135]: Variable 'dreyfus_trial_exoneration' is set but is never used. Note that use in localization doesn't count due to technical limitations. Use in unused scripted triggers and effects also does not count
[00:47:01][jomini_effect.cpp:1135]: Variable 'ruler_selector_abraham_lincoln' is set but is never used. Note that use in localization doesn't count due to technical limitations. Use in unused scripted triggers and effects also does not count
[00:47:01][jomini_effect.cpp:1139]: Variable 'caudillo_conservative' is used but is never set. Setting it in an unused scripted trigger or effect does not count
[00:47:01][jomini_effect.cpp:1135]: Variable 'stamped_out_monarchy_var' is set but is never used. Note that use in localization doesn't count due to technical limitations. Use in unused scripted triggers and effects also does not count
[00:47:01][jomini_effect.cpp:1139]: Variable 'anti_dreyfusard_victory' is used but is never set. Setting it in an unused scripted trigger or effect does not count
[00:47:01][jomini_effect.cpp:1139]: Variable 'pebrine_cure' is used but is never set. Setting it in an unused scripted trigger or effect does not count
[00:47:01][jomini_effect.cpp:1139]: Variable 'je_spa_economic_regeneration_master_completed_var' is used but is never set. Setting it in an unused scripted trigger or effect does not count
[00:47:01][jomini_effect.cpp:1139]: Variable 'PER_appealed_to_GBR' is used but is never set. Setting it in an unused scripted trigger or effect does not count
[00:47:01][jomini_effect.cpp:1139]: Variable 'cached_daimyo_loyalty' is used but is never set. Setting it in an unused scripted trigger or effect does not count
[00:47:01][jomini_effect.cpp:1139]: Variable 'paris_commune_progress_drift' is used but is never set. Setting it in an unused scripted trigger or effect does not count
[00:47:01][jomini_effect.cpp:1139]: Variable 'industrial_strike' is used but is never set. Setting it in an unused scripted trigger or effect does not count
[00:47:01][jomini_effect.cpp:1135]: Variable 'recent_capitulation' is set but is never used. Note that use in localization doesn't count due to technical limitations. Use in unused scripted triggers and effects also does not count
[00:47:01][jomini_effect.cpp:1135]: Variable 'exile_to_ruler_var' is set but is never used. Note that use in localization doesn't count due to technical limitations. Use in unused scripted triggers and effects also does not count
[00:47:01][jomini_effect.cpp:1139]: Variable 'spa_economic_regeneration_var' is used but is never set. Setting it in an unused scripted trigger or effect does not count
[00:47:01][jomini_effect.cpp:1139]: Variable 'zanj_subject_var' is used but is never set. Setting it in an unused scripted trigger or effect does not count
[00:47:01][jomini_effect.cpp:1139]: Variable 'upgraded_latifundias_law_var' is used but is never set. Setting it in an unused scripted trigger or effect does not count
[00:47:01][jomini_effect.cpp:1139]: Variable 'por_ignored_gbr_var' is used but is never set. Setting it in an unused scripted trigger or effect does not count
[00:47:01][jomini_effect.cpp:1139]: Variable 'zaibatsu_victory_var' is used but is never set. Setting it in an unused scripted trigger or effect does not count
[00:47:01][jomini_effect.cpp:1139]: Variable 'emperor_norton_spawn' is used but is never set. Setting it in an unused scripted trigger or effect does not count
[00:47:01][jomini_effect.cpp:1135]: Variable 'deposed_spanish_heir' is set but is never used. Note that use in localization doesn't count due to technical limitations. Use in unused scripted triggers and effects also does not count
[00:47:01][jomini_effect.cpp:1139]: Variable 'spc_carlist_war_score' is used but is never set. Setting it in an unused scripted trigger or effect does not count
[00:47:01][jomini_effect.cpp:1139]: Variable 'coup_immunity' is used but is never set. Setting it in an unused scripted trigger or effect does not count
[00:47:01][jomini_effect.cpp:1139]: Variable 'grand_exhibition_decision_taken' is used but is never set. Setting it in an unused scripted trigger or effect does not count
[00:47:01][jomini_effect.cpp:1139]: Variable 'egyptian_crisis' is used but is never set. Setting it in an unused scripted trigger or effect does not count
[00:47:01][jomini_effect.cpp:1139]: Variable 'lingering_plc_resistance' is used but is never set. Setting it in an unused scripted trigger or effect does not count
[00:47:01][jomini_effect.cpp:1139]: Variable 'iwakura_mission_en_route_home' is used but is never set. Setting it in an unused scripted trigger or effect does not count
[00:47:01][jomini_effect.cpp:1139]: Variable 'je_sakoku_maybe_we_should_open_up' is used but is never set. Setting it in an unused scripted trigger or effect does not count
[00:47:01][jomini_effect.cpp:1139]: Variable 'doctrine_of_lapse_ended' is used but is never set. Setting it in an unused scripted trigger or effect does not count
[00:47:01][jomini_effect.cpp:1139]: Variable 'ezo_waiting_for_shogun' is used but is never set. Setting it in an unused scripted trigger or effect does not count
[00:47:01][jomini_effect.cpp:1139]: Variable 'japan_attends_vienna_world_fair_var' is used but is never set. Setting it in an unused scripted trigger or effect does not count
[00:47:01][jomini_effect.cpp:1135]: Variable 'completed_mughal_hindustan_je' is set but is never used. Note that use in localization doesn't count due to technical limitations. Use in unused scripted triggers and effects also does not count
[00:47:01][jomini_effect.cpp:1139]: Variable 'spain_accepted_cultures' is used but is never set. Setting it in an unused scripted trigger or effect does not count
[00:47:01][jomini_effect.cpp:1139]: Variable 'mon_state_formation_6_fired' is used but is never set. Setting it in an unused scripted trigger or effect does not count
[00:47:01][jomini_effect.cpp:1139]: Variable 'japan_daimyo_abolished' is used but is never set. Setting it in an unused scripted trigger or effect does not count
[00:47:01][jomini_effect.cpp:1135]: Variable 'toe_gg_steppe_side' is set but is never used. Note that use in localization doesn't count due to technical limitations. Use in unused scripted triggers and effects also does not count
[00:47:01][jomini_effect.cpp:1139]: Variable 'former_shogun_var' is used but is never set. Setting it in an unused scripted trigger or effect does not count
[00:47:01][jomini_effect.cpp:1139]: Variable 'AI_EXPEDITION_NILE' is used but is never set. Setting it in an unused scripted trigger or effect does not count
[00:47:01][jomini_effect.cpp:1139]: Variable 'danubian_federation_croat_button' is used but is never set. Setting it in an unused scripted trigger or effect does not count
[00:47:01][jomini_effect.cpp:1139]: Variable 'ferdinand_I_abdicated_var' is used but is never set. Setting it in an unused scripted trigger or effect does not count
[00:47:01][jomini_effect.cpp:1139]: Variable 'japan_taikunate_var' is used but is never set. Setting it in an unused scripted trigger or effect does not count
[00:47:01][jomini_effect.cpp:1135]: Variable 'je_spa_economic_regeneration_light_industry_caught_var' is set but is never used. Note that use in localization doesn't count due to technical limitations. Use in unused scripted triggers and effects also does not count
[00:47:01][jomini_effect.cpp:1139]: Variable 'triune_kingdom_var' is used but is never set. Setting it in an unused scripted trigger or effect does not count
[00:47:01][jomini_effect.cpp:1139]: Variable 'one_true_french_dynasty' is used but is never set. Setting it in an unused scripted trigger or effect does not count
[00:47:01][jomini_effect.cpp:1135]: Variable 'completed_sick_man_economy_je' is set but is never used. Note that use in localization doesn't count due to technical limitations. Use in unused scripted triggers and effects also does not count
[00:47:01][jomini_effect.cpp:1139]: Variable 'danubian_federation_ukrainian_button' is used but is never set. Setting it in an unused scripted trigger or effect does not count
[00:47:01][jomini_effect.cpp:1139]: Variable 'tibet_expedition_var' is used but is never set. Setting it in an unused scripted trigger or effect does not count
[00:47:01][jomini_effect.cpp:1139]: Variable 'custom_gargantuan_var' is used but is never set. Setting it in an unused scripted trigger or effect does not count
[00:47:01][jomini_effect.cpp:1139]: Variable 'num_coups' is used but is never set. Setting it in an unused scripted trigger or effect does not count
[00:47:01][jomini_effect.cpp:1139]: Variable 'iwakura_mission_returned_home' is used but is never set. Setting it in an unused scripted trigger or effect does not count
[00:47:01][jomini_effect.cpp:1139]: Variable 'plague_lockdown' is used but is never set. Setting it in an unused scripted trigger or effect does not count
[00:47:01][jomini_effect.cpp:1139]: Variable 'mazzini_var' is used but is never set. Setting it in an unused scripted trigger or effect does not count
[00:47:01][jomini_effect.cpp:1135]: Variable 'imprisoned_general_var' is set but is never used. Note that use in localization doesn't count due to technical limitations. Use in unused scripted triggers and effects also does not count
[00:47:01][jomini_effect.cpp:1139]: Variable 'london_treaty_not_signed_net_global_var' is used but is never set. Setting it in an unused scripted trigger or effect does not count
[00:47:01][jomini_effect.cpp:1139]: Variable 'independencia_current' is used but is never set. Setting it in an unused scripted trigger or effect does not count
[00:47:01][jomini_effect.cpp:1135]: Variable 'toe_paido_innovative_monarchs_won' is set but is never used. Note that use in localization doesn't count due to technical limitations. Use in unused scripted triggers and effects also does not count
[00:47:01][jomini_effect.cpp:1139]: Variable 'ai_tenpo_hardline_agenda' is used but is never set. Setting it in an unused scripted trigger or effect does not count
[00:47:01][jomini_effect.cpp:1139]: Variable 'kaiserforum_stage_complete_1_var' is used but is never set. Setting it in an unused scripted trigger or effect does not count
[00:47:01][jomini_effect.cpp:1139]: Variable 'pursued_iberian_unification' is used but is never set. Setting it in an unused scripted trigger or effect does not count
[00:47:01][jomini_effect.cpp:1139]: Variable 'iberia_permanent_personal_union' is used but is never set. Setting it in an unused scripted trigger or effect does not count
[00:47:01][jomini_effect.cpp:1139]: Variable 'afghanistan_rejection' is used but is never set. Setting it in an unused scripted trigger or effect does not count
[00:47:01][jomini_effect.cpp:1139]: Variable 'ig_guardia_civil_active' is used but is never set. Setting it in an unused scripted trigger or effect does not count
[00:47:01][jomini_effect.cpp:1139]: Variable 'strike_promised_worker_protections' is used but is never set. Setting it in an unused scripted trigger or effect does not count
[00:47:01][jomini_effect.cpp:1139]: Variable 'strike_promised_regulatory_bodies' is used but is never set. Setting it in an unused scripted trigger or effect does not count
[00:47:01][jomini_effect.cpp:1135]: Variable 'hermit_kingdom_achievement' is set but is never used. Note that use in localization doesn't count due to technical limitations. Use in unused scripted triggers and effects also does not count
[00:47:01][jomini_effect.cpp:1139]: Variable 'mute_election_events' is used but is never set. Setting it in an unused scripted trigger or effect does not count
[00:47:01][jomini_effect.cpp:1139]: Variable 'fatherland_front_var' is used but is never set. Setting it in an unused scripted trigger or effect does not count
[00:47:01][jomini_effect.cpp:1139]: Variable 'proposed_indus_line' is used but is never set. Setting it in an unused scripted trigger or effect does not count
[00:47:01][jomini_effect.cpp:1139]: Variable 'je_spanish_new_world_dummy_happened_var' is used but is never set. Setting it in an unused scripted trigger or effect does not count
[00:47:01][jomini_effect.cpp:1139]: Variable 'tibet_has_concluded' is used but is never set. Setting it in an unused scripted trigger or effect does not count
[00:47:01][jomini_effect.cpp:1135]: Variable 'congo_river_expedition_success_var' is set but is never used. Note that use in localization doesn't count due to technical limitations. Use in unused scripted triggers and effects also does not count
[00:47:01][jomini_effect.cpp:1135]: Variable 'congo_river_explored' is set but is never used. Note that use in localization doesn't count due to technical limitations. Use in unused scripted triggers and effects also does not count
[00:47:01][jomini_effect.cpp:1135]: Variable 'crushed_secession' is set but is never used. Note that use in localization doesn't count due to technical limitations. Use in unused scripted triggers and effects also does not count
[00:47:01][jomini_effect.cpp:1135]: Variable 'achievement_we_are_not_amused' is set but is never used. Note that use in localization doesn't count due to technical limitations. Use in unused scripted triggers and effects also does not count
[00:47:01][jomini_effect.cpp:1139]: Variable 'chose_conservatism' is used but is never set. Setting it in an unused scripted trigger or effect does not count
[00:47:01][jomini_effect.cpp:1139]: Variable 'var_fascism_1_char_checked' is used but is never set. Setting it in an unused scripted trigger or effect does not count
[00:47:01][jomini_effect.cpp:1135]: Variable 'dreyfus_trial_reincarceration' is set but is never used. Note that use in localization doesn't count due to technical limitations. Use in unused scripted triggers and effects also does not count
[00:47:01][jomini_effect.cpp:1139]: Variable 'is_stirner_var' is used but is never set. Setting it in an unused scripted trigger or effect does not count
[00:47:01][jomini_effect.cpp:1139]: Variable 'spa_liberal_military_var' is used but is never set. Setting it in an unused scripted trigger or effect does not count
[00:47:01][jomini_effect.cpp:1139]: Variable 'grunderzeit_started_var' is used but is never set. Setting it in an unused scripted trigger or effect does not count
[00:47:01][jomini_effect.cpp:1139]: Variable 'brz_enduring_empire' is used but is never set. Setting it in an unused scripted trigger or effect does not count
[00:47:01][jomini_effect.cpp:1139]: Event target 'name_c_scope' is used but is never set. Setting it in an unused scripted trigger or effect does not count
[00:47:01][jomini_effect.cpp:1139]: Event target 'heavenly_kingdom_spawn' is used but is never set. Setting it in an unused scripted trigger or effect does not count
[00:47:01][jomini_eventmanager.cpp:376]: Event wild_west.1 is orphaned
[00:47:01][jomini_eventmanager.cpp:376]: Event wild_west.2 is orphaned
[00:47:01][jomini_eventmanager.cpp:376]: Event wild_west.3 is orphaned
[00:47:01][jomini_eventmanager.cpp:376]: Event grunderzeit.1 is orphaned
[00:47:01][jomini_eventmanager.cpp:376]: Event grunderzeit.2 is orphaned
[00:47:01][jomini_eventmanager.cpp:376]: Event grunderzeit.3 is orphaned
[00:47:01][jomini_eventmanager.cpp:376]: Event bp1_patagonia.1 is orphaned
[00:47:01][jomini_eventmanager.cpp:376]: Event positivism.2 is orphaned
[00:47:01][jomini_eventmanager.cpp:376]: Event positivism.3 is orphaned
[00:47:01][jomini_eventmanager.cpp:376]: Event positivism.4 is orphaned
[00:47:01][jomini_eventmanager.cpp:376]: Event positivism_pulse.1 is orphaned
[00:47:01][jomini_eventmanager.cpp:376]: Event positivism_pulse.2 is orphaned
[00:47:01][jomini_eventmanager.cpp:376]: Event positivism_pulse.3 is orphaned
[00:47:01][jomini_eventmanager.cpp:376]: Event positivism_pulse.4 is orphaned
[00:47:01][jomini_eventmanager.cpp:376]: Event positivism_pulse.5 is orphaned
[00:47:01][jomini_eventmanager.cpp:376]: Event cold.101 is orphaned
[00:47:01][jomini_eventmanager.cpp:376]: Event expedition_events.1 is orphaned
[00:47:01][jomini_eventmanager.cpp:376]: Event expedition_events.200 is orphaned
[00:47:01][jomini_eventmanager.cpp:376]: Event expedition_events.501 is orphaned
[00:47:01][jomini_eventmanager.cpp:376]: Event expedition_events.601 is orphaned
[00:47:01][jomini_eventmanager.cpp:376]: Event india_railway.1 is orphaned
[00:47:01][jomini_eventmanager.cpp:376]: Event india_railway.2 is orphaned
[00:47:01][jomini_eventmanager.cpp:376]: Event india_railway.3 is orphaned
[00:47:01][jomini_eventmanager.cpp:376]: Event india_railway.4 is orphaned
[00:47:01][jomini_eventmanager.cpp:376]: Event india_railway.5 is orphaned
[00:47:01][jomini_eventmanager.cpp:376]: Event jail.1 is orphaned
[00:47:01][jomini_eventmanager.cpp:376]: Event zaibatsu.1 is orphaned
[00:47:01][jomini_eventmanager.cpp:376]: Event zaibatsu.2 is orphaned
[00:47:01][jomini_eventmanager.cpp:376]: Event japan_religion.13 is orphaned
[00:47:03][pdx_transition_task.cpp:328]: Transition Empty->Game took: 25.624037 seconds
[00:47:03][pdx_legal_documents.cpp:110]: 0 legal docs to download.
[00:47:03][player.cpp:153]: CJominiPlayers:::DeleteAllPlayers - #0 players
[00:47:03][pdx_account.cpp:461]: Login succeeded
[00:47:03][pdx_social_profile.cpp:90]: Getting social profile
[00:47:03][portraitmanager.cpp:1056]: Initializing portrait color palettes.
[00:47:03][pdx_account.cpp:1076]: GetAccountInfo succeeded
[00:47:04][pdx_social_profile.cpp:129]: Getting social profile succeeded
[00:48:51][jomini_effect_impl.cpp:454]: common/on_actions/00_code_on_actions.txt:7332: 保守党 Created - テーガール
[00:48:51][jomini_effect_impl.cpp:454]: common/on_actions/00_code_on_actions.txt:7332: 自由貿易党 Created - テーガール
[00:48:51][jomini_effect_impl.cpp:454]: common/on_actions/00_code_on_actions.txt:7332: 自由党 Created - テーガール
[00:48:51][jomini_effect_impl.cpp:454]: common/on_actions/00_code_on_actions.txt:7332: 保守党 Created - リイア共和国
[00:48:51][jomini_effect_impl.cpp:454]: common/on_actions/00_code_on_actions.txt:7332: 自由党 Created - リイア共和国
[00:48:51][jomini_effect_impl.cpp:454]: common/on_actions/00_code_on_actions.txt:7332: 愛国党 Created - リイア共和国
