[09:25:08][pdx_persistent_reader.cpp:268]: Error: "Unknown trigger type: ai_has_enact_weight_modifier_journal_entries, near line: 480" in file: "common/laws/00_citizenship.txt" near line: 480
[09:25:08][pdx_persistent_reader.cpp:268]: Error: "Unknown trigger type: can_impose_law_default, near line: 524" in file: "common/laws/00_citizenship.txt" near line: 525
[09:25:08][pdx_persistent_reader.cpp:268]: Error: "Unknown trigger type: ai_has_enact_weight_modifier_journal_entries, near line: 605" in file: "common/laws/00_citizenship.txt" near line: 605
[09:25:08][pdx_persistent_reader.cpp:268]: Error: "Unknown trigger type: can_impose_law_default, near line: 651" in file: "common/laws/00_citizenship.txt" near line: 652
[09:25:08][pdx_persistent_reader.cpp:268]: Error: "Unknown trigger type: ai_has_enact_weight_modifier_journal_entries, near line: 716" in file: "common/laws/00_citizenship.txt" near line: 716
[09:25:08][pdx_persistent_reader.cpp:268]: Error: "Unknown trigger type: can_impose_law_default, near line: 61" in file: "common/laws/00_distribution_of_power.txt" near line: 62
[09:25:08][pdx_persistent_reader.cpp:268]: Error: "Unknown trigger type: ai_has_enact_weight_modifier_journal_entries, near line: 69" in file: "common/laws/00_distribution_of_power.txt" near line: 69
[09:25:08][pdx_persistent_reader.cpp:268]: Error: "Unknown trigger type: country_has_monarchy_law, near line: 138" in file: "common/laws/00_distribution_of_power.txt" near line: 143
[09:25:08][pdx_persistent_reader.cpp:268]: Error: "Unknown trigger type: country_has_monarchy_law, near line: 158
Unknown trigger type: country_has_non_monarchy_law, near line: 159" in file: "common/laws/00_distribution_of_power.txt" near line: 160
[09:25:08][pdx_persistent_reader.cpp:268]: Error: "Unknown trigger type: ai_has_enact_weight_modifier_journal_entries, near line: 229" in file: "common/laws/00_distribution_of_power.txt" near line: 229
[09:25:08][pdx_persistent_reader.cpp:268]: Error: "Unknown trigger type: can_impose_law_default, near line: 303" in file: "common/laws/00_distribution_of_power.txt" near line: 304
[09:25:08][pdx_persistent_reader.cpp:268]: Error: "Unknown trigger type: ai_has_enact_weight_modifier_journal_entries, near line: 311" in file: "common/laws/00_distribution_of_power.txt" near line: 311
[09:25:08][pdx_persistent_reader.cpp:268]: Error: "Unknown trigger type: can_impose_law_default, near line: 403" in file: "common/laws/00_distribution_of_power.txt" near line: 404
[09:25:08][pdx_persistent_reader.cpp:268]: Error: "Unknown trigger type: ai_has_enact_weight_modifier_journal_entries, near line: 411" in file: "common/laws/00_distribution_of_power.txt" near line: 411
[09:25:08][pdx_persistent_reader.cpp:268]: Error: "Unknown trigger type: can_impose_law_default, near line: 511" in file: "common/laws/00_distribution_of_power.txt" near line: 512
[09:25:08][pdx_persistent_reader.cpp:268]: Error: "Unknown trigger type: ai_has_enact_weight_modifier_journal_entries, near line: 519" in file: "common/laws/00_distribution_of_power.txt" near line: 519
[09:25:08][pdx_persistent_reader.cpp:268]: Error: "Unknown trigger type: ai_has_enact_weight_modifier_journal_entries, near line: 603" in file: "common/laws/00_distribution_of_power.txt" near line: 603
[09:25:08][pdx_persistent_reader.cpp:268]: Error: "Unknown trigger type: country_has_voting_franchise, near line: 656" in file: "common/laws/00_distribution_of_power.txt" near line: 657
[09:25:08][pdx_persistent_reader.cpp:268]: Error: "Unknown trigger type: country_has_voting_franchise, near line: 686" in file: "common/laws/00_distribution_of_power.txt" near line: 693
[09:25:08][pdx_persistent_reader.cpp:268]: Error: "Unknown trigger type: can_impose_law_default, near line: 695" in file: "common/laws/00_distribution_of_power.txt" near line: 696
[09:25:08][pdx_persistent_reader.cpp:268]: Error: "Unknown trigger type: ai_has_enact_weight_modifier_journal_entries, near line: 703" in file: "common/laws/00_distribution_of_power.txt" near line: 703
[09:25:08][pdx_persistent_reader.cpp:268]: Error: "Unknown trigger type: country_has_voting_franchise, near line: 793" in file: "common/laws/00_distribution_of_power.txt" near line: 794
[09:25:08][pdx_persistent_reader.cpp:268]: Error: "Unknown trigger type: country_has_voting_franchise, near line: 823" in file: "common/laws/00_distribution_of_power.txt" near line: 830
[09:25:08][pdx_persistent_reader.cpp:268]: Error: "Unknown trigger type: can_impose_law_default, near line: 832" in file: "common/laws/00_distribution_of_power.txt" near line: 833
[09:25:08][pdx_persistent_reader.cpp:268]: Error: "Unknown trigger type: ai_has_enact_weight_modifier_journal_entries, near line: 840" in file: "common/laws/00_distribution_of_power.txt" near line: 840
[09:25:08][pdx_persistent_reader.cpp:268]: Error: "Unknown trigger type: country_has_voting_franchise, near line: 934" in file: "common/laws/00_distribution_of_power.txt" near line: 935
[09:25:08][pdx_persistent_reader.cpp:268]: Error: "Unknown trigger type: country_has_voting_franchise, near line: 964" in file: "common/laws/00_distribution_of_power.txt" near line: 971
[09:25:08][pdx_persistent_reader.cpp:268]: Error: "Unknown trigger type: can_impose_law_default, near line: 973" in file: "common/laws/00_distribution_of_power.txt" near line: 974
[09:25:08][pdx_persistent_reader.cpp:268]: Error: "Unknown trigger type: ai_has_enact_weight_modifier_journal_entries, near line: 981" in file: "common/laws/00_distribution_of_power.txt" near line: 981
[09:25:08][pdx_persistent_reader.cpp:268]: Error: "Unknown trigger type: country_has_voting_franchise, near line: 1061" in file: "common/laws/00_distribution_of_power.txt" near line: 1062
[09:25:08][pdx_persistent_reader.cpp:268]: Error: "Unknown trigger type: country_has_voting_franchise, near line: 1091" in file: "common/laws/00_distribution_of_power.txt" near line: 1098
[09:25:08][pdx_persistent_reader.cpp:268]: Error: "Unknown trigger type: can_impose_law_default, near line: 1100" in file: "common/laws/00_distribution_of_power.txt" near line: 1101
[09:25:08][pdx_persistent_reader.cpp:268]: Error: "Unknown trigger type: ai_has_enact_weight_modifier_journal_entries, near line: 1108" in file: "common/laws/00_distribution_of_power.txt" near line: 1108
[09:25:08][pdx_persistent_reader.cpp:268]: Error: "Unknown trigger type: can_impose_law_default, near line: 1217" in file: "common/laws/00_distribution_of_power.txt" near line: 1218
[09:25:08][pdx_persistent_reader.cpp:268]: Error: "Unknown trigger type: ai_has_enact_weight_modifier_journal_entries, near line: 1226" in file: "common/laws/00_distribution_of_power.txt" near line: 1226
[09:25:08][pdx_persistent_reader.cpp:268]: Error: "Unknown trigger type: country_has_voting_franchise, near line: 1284" in file: "common/laws/00_distribution_of_power.txt" near line: 1285
[09:25:08][pdx_persistent_reader.cpp:268]: Error: "Unknown trigger type: country_has_voting_franchise, near line: 1351" in file: "common/laws/00_distribution_of_power.txt" near line: 1352
[09:25:08][pdx_persistent_reader.cpp:268]: Error: "Unknown trigger type: can_impose_law_default, near line: 1391" in file: "common/laws/00_distribution_of_power.txt" near line: 1392
[09:25:08][pdx_persistent_reader.cpp:268]: Error: "Unknown trigger type: ai_has_enact_weight_modifier_journal_entries, near line: 1400" in file: "common/laws/00_distribution_of_power.txt" near line: 1400
[09:25:08][pdx_persistent_reader.cpp:268]: Error: "Unknown trigger type: ai_has_enact_weight_modifier_journal_entries, near line: 29" in file: "common/laws/00_governance_principles.txt" near line: 29
[09:25:08][pdx_persistent_reader.cpp:268]: Error: "Unknown trigger type: can_impose_law_default, near line: 70" in file: "common/laws/00_governance_principles.txt" near line: 71
[09:25:08][pdx_persistent_reader.cpp:268]: Error: "Unknown trigger type: has_monarchist_ideology, near line: 84" in file: "common/laws/00_governance_principles.txt" near line: 85
[09:25:08][pdx_persistent_reader.cpp:268]: Error: "Unknown trigger type: ruler_is_bonapartist, near line: 117
Unknown trigger type: ruler_is_orleanist, near line: 118
Unknown trigger type: ruler_is_legitimist, near line: 119" in file: "common/laws/00_governance_principles.txt" near line: 120
[09:25:08][pdx_persistent_reader.cpp:268]: Error: "Unknown trigger type: is_citizenship_law, near line: 189" in file: "common/laws/00_governance_principles.txt" near line: 192
[09:25:08][pdx_persistent_reader.cpp:268]: Error: "Unknown trigger type: is_citizenship_law, near line: 200" in file: "common/laws/00_governance_principles.txt" near line: 203
[09:25:08][pdx_persistent_reader.cpp:268]: Error: "Unknown trigger type: is_citizenship_law, near line: 211" in file: "common/laws/00_governance_principles.txt" near line: 214
[09:25:08][pdx_persistent_reader.cpp:268]: Error: "Unknown trigger type: ai_has_enact_weight_modifier_journal_entries, near line: 243" in file: "common/laws/00_governance_principles.txt" near line: 243
[09:25:08][pdx_persistent_reader.cpp:268]: Error: "Unknown trigger type: country_is_colonial_or_company, near line: 303" in file: "common/laws/00_governance_principles.txt" near line: 304
[09:25:08][pdx_persistent_reader.cpp:268]: Error: "Unknown trigger type: country_is_colonial_or_company, near line: 307" in file: "common/laws/00_governance_principles.txt" near line: 308
[09:25:08][pdx_persistent_reader.cpp:268]: Error: "Unknown trigger type: country_is_colonial_or_company, near line: 312" in file: "common/laws/00_governance_principles.txt" near line: 314
[09:25:08][pdx_persistent_reader.cpp:268]: Error: "Unknown trigger type: can_impose_law_default, near line: 363" in file: "common/laws/00_governance_principles.txt" near line: 364
[09:25:08][pdx_persistent_reader.cpp:268]: Error: "Unknown trigger type: has_socialist_ideology, near line: 404" in file: "common/laws/00_governance_principles.txt" near line: 405
[09:25:08][pdx_persistent_reader.cpp:268]: Error: "Unknown trigger type: has_socialist_ideology, near line: 415" in file: "common/laws/00_governance_principles.txt" near line: 416
[09:25:08][pdx_persistent_reader.cpp:268]: Error: "Unknown trigger type: ai_has_enact_weight_modifier_journal_entries, near line: 431" in file: "common/laws/00_governance_principles.txt" near line: 431
[09:25:08][pdx_persistent_reader.cpp:268]: Error: "Unknown trigger type: can_impose_law_default, near line: 512" in file: "common/laws/00_governance_principles.txt" near line: 513
[09:25:08][pdx_persistent_reader.cpp:268]: Error: "Unknown trigger type: has_socialist_ideology, near line: 551" in file: "common/laws/00_governance_principles.txt" near line: 552
[09:25:08][pdx_persistent_reader.cpp:268]: Error: "Unknown trigger type: has_socialist_ideology, near line: 562" in file: "common/laws/00_governance_principles.txt" near line: 563
[09:25:08][pdx_persistent_reader.cpp:268]: Error: "Unknown trigger type: ai_has_enact_weight_modifier_journal_entries, near line: 573" in file: "common/laws/00_governance_principles.txt" near line: 573
[09:25:08][pdx_persistent_reader.cpp:268]: Error: "Unknown trigger type: can_impose_law_default, near line: 649" in file: "common/laws/00_governance_principles.txt" near line: 650
[09:25:08][pdx_persistent_reader.cpp:268]: Error: "Unknown trigger type: is_citizenship_law, near line: 673" in file: "common/laws/00_governance_principles.txt" near line: 676
[09:25:08][pdx_persistent_reader.cpp:268]: Error: "Unknown trigger type: is_citizenship_law, near line: 684" in file: "common/laws/00_governance_principles.txt" near line: 687
[09:25:08][pdx_persistent_reader.cpp:268]: Error: "Unknown trigger type: is_citizenship_law, near line: 695" in file: "common/laws/00_governance_principles.txt" near line: 698
[09:25:08][pdx_persistent_reader.cpp:268]: Error: "Unknown trigger type: ai_has_enact_weight_modifier_journal_entries, near line: 741" in file: "common/laws/00_governance_principles.txt" near line: 741
[09:25:08][pdx_persistent_reader.cpp:268]: Error: "Unknown trigger type: can_impose_law_default, near line: 863" in file: "common/laws/00_governance_principles.txt" near line: 864
[09:25:08][pdx_persistent_reader.cpp:268]: Error: "Unknown trigger type: has_socialist_ideology, near line: 877" in file: "common/laws/00_governance_principles.txt" near line: 878
[09:25:08][pdx_persistent_reader.cpp:268]: Error: "Unknown trigger type: ai_has_enact_weight_modifier_journal_entries, near line: 885" in file: "common/laws/00_governance_principles.txt" near line: 885
[09:25:08][pdx_persistent_reader.cpp:268]: Error: "Unknown trigger type: can_impose_law_default, near line: 986" in file: "common/laws/00_governance_principles.txt" near line: 987
[09:25:08][pdx_persistent_reader.cpp:268]: Error: "Unknown trigger type: ai_has_enact_weight_modifier_journal_entries, near line: 1023" in file: "common/laws/00_governance_principles.txt" near line: 1023
[09:25:08][pdx_persistent_reader.cpp:268]: Error: "Unknown trigger type: ruler_is_bonapartist, near line: 1114
Unknown trigger type: ruler_is_orleanist, near line: 1115
Unknown trigger type: ruler_is_legitimist, near line: 1116" in file: "common/laws/00_governance_principles.txt" near line: 1117
[09:25:08][pdx_persistent_reader.cpp:268]: Error: "Unknown trigger type: is_citizenship_law, near line: 1186" in file: "common/laws/00_governance_principles.txt" near line: 1189
[09:25:08][pdx_persistent_reader.cpp:268]: Error: "Unknown trigger type: is_citizenship_law, near line: 1197" in file: "common/laws/00_governance_principles.txt" near line: 1200
[09:25:08][pdx_persistent_reader.cpp:268]: Error: "Unknown trigger type: is_citizenship_law, near line: 1208" in file: "common/laws/00_governance_principles.txt" near line: 1211
[09:25:08][pdx_persistent_reader.cpp:268]: Error: "Unknown trigger type: can_impose_law_default, near line: 1245" in file: "common/laws/00_governance_principles.txt" near line: 1246
[09:25:08][pdx_persistent_reader.cpp:268]: Error: "Unknown trigger type: ai_has_enact_weight_modifier_journal_entries, near line: 1275" in file: "common/laws/00_governance_principles.txt" near line: 1275
[09:25:08][pdx_persistent_reader.cpp:268]: Error: "Unknown trigger type: ai_has_enact_weight_modifier_journal_entries, near line: 16" in file: "common/laws/00_internal_security.txt" near line: 16
[09:25:08][pdx_persistent_reader.cpp:268]: Error: "Unknown trigger type: ai_has_enact_weight_modifier_journal_entries, near line: 60" in file: "common/laws/00_internal_security.txt" near line: 60
[09:25:08][pdx_persistent_reader.cpp:268]: Error: "Unknown trigger type: ai_has_enact_weight_modifier_journal_entries, near line: 105" in file: "common/laws/00_internal_security.txt" near line: 105
[09:25:08][pdx_persistent_reader.cpp:268]: Error: "Unknown trigger type: ai_has_enact_weight_modifier_journal_entries, near line: 154" in file: "common/laws/00_internal_security.txt" near line: 154
[09:25:08][pdx_persistent_reader.cpp:268]: Error: "Unknown trigger type: ai_has_enact_weight_modifier_journal_entries, near line: 197" in file: "common/laws/00_internal_security.txt" near line: 197
[09:25:08][pdx_persistent_reader.cpp:268]: Error: "Unknown trigger type: ai_has_enact_weight_modifier_journal_entries, near line: 32" in file: "common/laws/00_navy_model.txt" near line: 32
[09:25:08][pdx_persistent_reader.cpp:268]: Error: "Unknown trigger type: ai_has_enact_weight_modifier_journal_entries, near line: 71" in file: "common/laws/00_navy_model.txt" near line: 71
[09:25:08][pdx_persistent_reader.cpp:268]: Error: "Unknown trigger type: ai_has_enact_weight_modifier_journal_entries, near line: 119" in file: "common/laws/00_navy_model.txt" near line: 119
[09:25:08][pdx_persistent_reader.cpp:268]: Error: "Unknown trigger type: ai_has_enact_weight_modifier_journal_entries, near line: 166" in file: "common/laws/00_navy_model.txt" near line: 166
[09:25:08][pdx_persistent_reader.cpp:268]: Error: "Unknown trigger type: ai_has_enact_weight_modifier_journal_entries, near line: 27" in file: "common/laws/01_colonial_affairs.txt" near line: 27
[09:25:08][pdx_persistent_reader.cpp:268]: Error: "Unknown trigger type: country_is_colonial_or_company, near line: 69" in file: "common/laws/01_colonial_affairs.txt" near line: 72
[09:25:08][pdx_persistent_reader.cpp:268]: Error: "Unknown trigger type: can_impose_law_default, near line: 112" in file: "common/laws/01_colonial_affairs.txt" near line: 113
[09:25:08][pdx_persistent_reader.cpp:268]: Error: "Unknown trigger type: ai_has_enact_weight_modifier_journal_entries, near line: 127" in file: "common/laws/01_colonial_affairs.txt" near line: 127
[09:25:08][pdx_persistent_reader.cpp:268]: Error: "Unknown trigger type: can_impose_law_default, near line: 202" in file: "common/laws/01_colonial_affairs.txt" near line: 203
[09:25:08][pdx_persistent_reader.cpp:268]: Error: "Unknown trigger type: ai_has_enact_weight_modifier_journal_entries, near line: 218" in file: "common/laws/01_colonial_affairs.txt" near line: 218
[09:25:08][pdx_persistent_reader.cpp:268]: Error: "Unknown trigger type: can_impose_law_default, near line: 309" in file: "common/laws/01_colonial_affairs.txt" near line: 310
[09:25:08][pdx_persistent_reader.cpp:268]: Error: "Unknown trigger type: ai_has_enact_weight_modifier_journal_entries, near line: 325" in file: "common/laws/01_colonial_affairs.txt" near line: 325
[09:25:08][pdx_persistent_reader.cpp:268]: Error: "Unknown trigger type: ai_has_enact_weight_modifier_journal_entries, near line: 51" in file: "common/laws/01_economic_system.txt" near line: 51
[09:25:08][pdx_persistent_reader.cpp:268]: Error: "Unknown trigger type: ai_has_enact_weight_modifier_journal_entries, near line: 91" in file: "common/laws/01_economic_system.txt" near line: 91
[09:25:08][pdx_persistent_reader.cpp:268]: Error: "Unknown trigger type: ai_has_enact_weight_modifier_journal_entries, near line: 175" in file: "common/laws/01_economic_system.txt" near line: 175
[09:25:08][pdx_persistent_reader.cpp:268]: Error: "Unknown trigger type: ai_has_enact_weight_modifier_journal_entries, near line: 324" in file: "common/laws/01_economic_system.txt" near line: 324
[09:25:08][pdx_persistent_reader.cpp:268]: Error: "Unknown trigger type: ai_has_enact_weight_modifier_journal_entries, near line: 429" in file: "common/laws/01_economic_system.txt" near line: 429
[09:25:08][pdx_persistent_reader.cpp:268]: Error: "Unknown trigger type: ai_has_enact_weight_modifier_journal_entries, near line: 474" in file: "common/laws/01_economic_system.txt" near line: 474
[09:25:08][pdx_persistent_reader.cpp:268]: Error: "Unknown trigger type: ai_has_enact_weight_modifier_journal_entries, near line: 545" in file: "common/laws/01_economic_system.txt" near line: 545
[09:25:08][pdx_persistent_reader.cpp:268]: Error: "Unknown trigger type: ai_has_enact_weight_modifier_journal_entries, near line: 653" in file: "common/laws/01_economic_system.txt" near line: 653
[09:25:08][pdx_persistent_reader.cpp:268]: Error: "Unknown trigger type: ai_has_enact_weight_modifier_journal_entries, near line: 30" in file: "common/laws/01_education_system.txt" near line: 30
[09:25:08][pdx_persistent_reader.cpp:268]: Error: "Unknown trigger type: can_impose_law_default, near line: 73" in file: "common/laws/01_education_system.txt" near line: 74
[09:25:08][pdx_persistent_reader.cpp:268]: Error: "Unknown trigger type: ai_has_enact_weight_modifier_journal_entries, near line: 81" in file: "common/laws/01_education_system.txt" near line: 81
[09:25:08][pdx_persistent_reader.cpp:268]: Error: "Unknown trigger type: can_impose_law_default, near line: 197" in file: "common/laws/01_education_system.txt" near line: 198
[09:25:08][pdx_persistent_reader.cpp:268]: Error: "Unknown trigger type: ai_has_enact_weight_modifier_journal_entries, near line: 205" in file: "common/laws/01_education_system.txt" near line: 205
[09:25:08][pdx_persistent_reader.cpp:268]: Error: "Unknown trigger type: can_impose_law_default, near line: 332" in file: "common/laws/01_education_system.txt" near line: 333
[09:25:08][pdx_persistent_reader.cpp:268]: Error: "Unknown trigger type: ai_has_enact_weight_modifier_journal_entries, near line: 340" in file: "common/laws/01_education_system.txt" near line: 340
[09:25:08][pdx_persistent_reader.cpp:268]: Error: "Unknown trigger type: ai_has_enact_weight_modifier_journal_entries, near line: 19" in file: "common/laws/01_health_system.txt" near line: 19
[09:25:08][pdx_persistent_reader.cpp:268]: Error: "Unknown trigger type: ai_has_enact_weight_modifier_journal_entries, near line: 59" in file: "common/laws/01_health_system.txt" near line: 59
[09:25:08][pdx_persistent_reader.cpp:268]: Error: "Unknown trigger type: ai_has_enact_weight_modifier_journal_entries, near line: 99" in file: "common/laws/01_health_system.txt" near line: 99
[09:25:08][pdx_persistent_reader.cpp:268]: Error: "Unknown trigger type: ai_has_enact_weight_modifier_journal_entries, near line: 126" in file: "common/laws/01_health_system.txt" near line: 126
[09:25:08][pdx_persistent_reader.cpp:268]: Error: "Unknown trigger type: ai_has_enact_weight_modifier_journal_entries, near line: 68" in file: "common/laws/01_land_reform.txt" near line: 68
[09:25:08][pdx_persistent_reader.cpp:268]: Error: "Unknown trigger type: ai_has_enact_weight_modifier_journal_entries, near line: 134" in file: "common/laws/01_land_reform.txt" near line: 134
[09:25:08][pdx_persistent_reader.cpp:268]: Error: "Unknown trigger type: ai_has_enact_weight_modifier_journal_entries, near line: 186" in file: "common/laws/01_land_reform.txt" near line: 186
[09:25:08][pdx_persistent_reader.cpp:268]: Error: "Unknown trigger type: ai_has_enact_weight_modifier_journal_entries, near line: 285" in file: "common/laws/01_land_reform.txt" near line: 285
[09:25:08][pdx_persistent_reader.cpp:268]: Error: "Unknown trigger type: ai_has_enact_weight_modifier_journal_entries, near line: 335" in file: "common/laws/01_land_reform.txt" near line: 335
[09:25:08][pdx_persistent_reader.cpp:268]: Error: "Unknown trigger type: ai_has_enact_weight_modifier_journal_entries, near line: 394" in file: "common/laws/01_land_reform.txt" near line: 394
[09:25:08][pdx_persistent_reader.cpp:268]: Error: "Unknown trigger type: country_is_colonial_or_company, near line: 431" in file: "common/laws/01_land_reform.txt" near line: 432
[09:25:08][pdx_persistent_reader.cpp:268]: Error: "Unknown trigger type: ai_has_enact_weight_modifier_journal_entries, near line: 482" in file: "common/laws/01_land_reform.txt" near line: 482
[09:25:08][pdx_persistent_reader.cpp:268]: Error: "Unknown trigger type: country_is_colonial_or_company, near line: 544" in file: "common/laws/01_land_reform.txt" near line: 547
[09:25:08][pdx_persistent_reader.cpp:268]: Error: "Unknown trigger type: ai_has_enact_weight_modifier_journal_entries, near line: 592" in file: "common/laws/01_land_reform.txt" near line: 592
[09:25:08][pdx_persistent_reader.cpp:268]: Error: "Unknown trigger type: ai_has_enact_weight_modifier_journal_entries, near line: 678" in file: "common/laws/01_land_reform.txt" near line: 678
[09:25:08][pdx_persistent_reader.cpp:268]: Error: "Unknown trigger type: ai_has_enact_weight_modifier_journal_entries, near line: 24" in file: "common/laws/01_policing.txt" near line: 24
[09:25:08][pdx_persistent_reader.cpp:268]: Error: "Unknown trigger type: can_impose_law_default, near line: 56" in file: "common/laws/01_policing.txt" near line: 57
[09:25:08][pdx_persistent_reader.cpp:268]: Error: "Unknown trigger type: ai_has_enact_weight_modifier_journal_entries, near line: 79" in file: "common/laws/01_policing.txt" near line: 79
[09:25:08][pdx_persistent_reader.cpp:268]: Error: "Unknown trigger type: can_impose_law_default, near line: 158" in file: "common/laws/01_policing.txt" near line: 159
[09:25:08][pdx_persistent_reader.cpp:268]: Error: "Unknown trigger type: ai_has_enact_weight_modifier_journal_entries, near line: 173" in file: "common/laws/01_policing.txt" near line: 173
[09:25:08][pdx_persistent_reader.cpp:268]: Error: "Unknown trigger type: can_impose_law_default, near line: 257" in file: "common/laws/01_policing.txt" near line: 258
[09:25:08][pdx_persistent_reader.cpp:268]: Error: "Unknown trigger type: ai_has_enact_weight_modifier_journal_entries, near line: 272" in file: "common/laws/01_policing.txt" near line: 272
[09:25:08][pdx_persistent_reader.cpp:268]: Error: "Unknown trigger type: ai_has_enact_weight_modifier_journal_entries, near line: 46" in file: "common/laws/01_taxation.txt" near line: 46
[09:25:08][pdx_persistent_reader.cpp:268]: Error: "Unknown trigger type: ai_has_enact_weight_modifier_journal_entries, near line: 93" in file: "common/laws/01_taxation.txt" near line: 93
[09:25:08][pdx_persistent_reader.cpp:268]: Error: "Unknown trigger type: ai_has_enact_weight_modifier_journal_entries, near line: 153" in file: "common/laws/01_taxation.txt" near line: 153
[09:25:08][pdx_persistent_reader.cpp:268]: Error: "Unknown trigger type: ai_has_enact_weight_modifier_journal_entries, near line: 236" in file: "common/laws/01_taxation.txt" near line: 236
[09:25:08][pdx_persistent_reader.cpp:268]: Error: "Unknown trigger type: ai_has_enact_weight_modifier_journal_entries, near line: 305" in file: "common/laws/01_taxation.txt" near line: 305
[09:25:08][pdx_persistent_reader.cpp:268]: Error: "Unknown trigger type: ai_has_enact_weight_modifier_journal_entries, near line: 38" in file: "common/laws/01_trade_policy.txt" near line: 38
[09:25:08][pdx_persistent_reader.cpp:268]: Error: "Unknown trigger type: ai_has_enact_weight_modifier_journal_entries, near line: 68" in file: "common/laws/01_trade_policy.txt" near line: 68
[09:25:08][pdx_persistent_reader.cpp:268]: Error: "Unknown trigger type: ai_has_enact_weight_modifier_journal_entries, near line: 128" in file: "common/laws/01_trade_policy.txt" near line: 128
[09:25:08][pdx_persistent_reader.cpp:268]: Error: "Unknown trigger type: ai_has_enact_weight_modifier_journal_entries, near line: 198" in file: "common/laws/01_trade_policy.txt" near line: 198
[09:25:08][pdx_persistent_reader.cpp:268]: Error: "Unknown trigger type: ai_has_enact_weight_modifier_journal_entries, near line: 259" in file: "common/laws/01_trade_policy.txt" near line: 259
[09:25:08][pdx_persistent_reader.cpp:268]: Error: "Unknown trigger type: ai_has_enact_weight_modifier_journal_entries, near line: 336" in file: "common/laws/01_trade_policy.txt" near line: 336
[09:25:08][pdx_persistent_reader.cpp:268]: Error: "Unknown trigger type: ai_has_enact_weight_modifier_journal_entries, near line: 32" in file: "common/laws/02_childrens_rights.txt" near line: 32
[09:25:08][pdx_persistent_reader.cpp:268]: Error: "Unknown trigger type: ai_has_enact_weight_modifier_journal_entries, near line: 75" in file: "common/laws/02_childrens_rights.txt" near line: 75
[09:25:08][pdx_persistent_reader.cpp:268]: Error: "Unknown trigger type: ai_has_enact_weight_modifier_journal_entries, near line: 105" in file: "common/laws/02_childrens_rights.txt" near line: 105
[09:25:08][pdx_persistent_reader.cpp:268]: Error: "Unknown trigger type: ai_has_enact_weight_modifier_journal_entries, near line: 28" in file: "common/laws/02_free_speech.txt" near line: 28
[09:25:08][pdx_persistent_reader.cpp:268]: Error: "Unknown trigger type: ai_has_enact_weight_modifier_journal_entries, near line: 57" in file: "common/laws/02_free_speech.txt" near line: 57
[09:25:08][pdx_persistent_reader.cpp:268]: Error: "Unknown trigger type: ai_has_enact_weight_modifier_journal_entries, near line: 80" in file: "common/laws/02_free_speech.txt" near line: 80
[09:25:08][pdx_persistent_reader.cpp:268]: Error: "Unknown trigger type: ai_has_enact_weight_modifier_journal_entries, near line: 121" in file: "common/laws/02_free_speech.txt" near line: 121
[09:25:08][pdx_persistent_reader.cpp:268]: Error: "Unknown trigger type: ai_has_enact_weight_modifier_journal_entries, near line: 18" in file: "common/laws/02_labor_rights.txt" near line: 18
[09:25:08][pdx_persistent_reader.cpp:268]: Error: "Unknown trigger type: ai_has_enact_weight_modifier_journal_entries, near line: 41" in file: "common/laws/02_labor_rights.txt" near line: 41
[09:25:08][pdx_persistent_reader.cpp:268]: Error: "Unknown trigger type: ai_has_enact_weight_modifier_journal_entries, near line: 67" in file: "common/laws/02_labor_rights.txt" near line: 67
[09:25:08][pdx_persistent_reader.cpp:268]: Error: "Unknown trigger type: ai_has_enact_weight_modifier_journal_entries, near line: 63" in file: "common/laws/02_labour_associations.txt" near line: 63
[09:25:08][pdx_persistent_reader.cpp:268]: Error: "Unknown trigger type: ai_has_enact_weight_modifier_journal_entries, near line: 116" in file: "common/laws/02_labour_associations.txt" near line: 116
[09:25:08][pdx_persistent_reader.cpp:268]: Error: "Unknown trigger type: ai_has_enact_weight_modifier_journal_entries, near line: 188" in file: "common/laws/02_labour_associations.txt" near line: 188
[09:25:08][pdx_persistent_reader.cpp:268]: Error: "Unknown trigger type: ai_has_enact_weight_modifier_journal_entries, near line: 263" in file: "common/laws/02_labour_associations.txt" near line: 263
[09:25:08][pdx_persistent_reader.cpp:268]: Error: "Unknown trigger type: ai_has_enact_weight_modifier_journal_entries, near line: 347" in file: "common/laws/02_labour_associations.txt" near line: 347
[09:25:08][pdx_persistent_reader.cpp:268]: Error: "Unknown trigger type: ai_has_enact_weight_modifier_journal_entries, near line: 417" in file: "common/laws/02_labour_associations.txt" near line: 417
[09:25:08][pdx_persistent_reader.cpp:268]: Error: "Unknown trigger type: ai_has_enact_weight_modifier_journal_entries, near line: 19" in file: "common/laws/02_migration.txt" near line: 19
[09:25:08][pdx_persistent_reader.cpp:268]: Error: "Unknown trigger type: ai_has_enact_weight_modifier_journal_entries, near line: 68" in file: "common/laws/02_migration.txt" near line: 68
[09:25:08][pdx_persistent_reader.cpp:268]: Error: "Unknown trigger type: ai_has_enact_weight_modifier_journal_entries, near line: 128" in file: "common/laws/02_migration.txt" near line: 128
[09:25:08][pdx_persistent_reader.cpp:268]: Error: "Unknown trigger type: ai_has_enact_weight_modifier_journal_entries, near line: 37" in file: "common/laws/02_rights_of_women.txt" near line: 37
[09:25:08][pdx_persistent_reader.cpp:268]: Error: "Unknown trigger type: ai_has_enact_weight_modifier_journal_entries, near line: 121" in file: "common/laws/02_rights_of_women.txt" near line: 121
[09:25:08][pdx_persistent_reader.cpp:268]: Error: "Unknown trigger type: ai_has_enact_weight_modifier_journal_entries, near line: 163" in file: "common/laws/02_rights_of_women.txt" near line: 163
[09:25:08][pdx_persistent_reader.cpp:268]: Error: "Unknown trigger type: ai_has_enact_weight_modifier_journal_entries, near line: 202" in file: "common/laws/02_rights_of_women.txt" near line: 202
[09:25:08][pdx_persistent_reader.cpp:268]: Error: "Unknown trigger type: ai_has_enact_weight_modifier_journal_entries, near line: 74" in file: "common/laws/02_slavery.txt" near line: 74
[09:25:08][pdx_persistent_reader.cpp:268]: Error: "Unknown trigger type: ai_has_enact_weight_modifier_journal_entries, near line: 217" in file: "common/laws/02_slavery.txt" near line: 217
[09:25:08][pdx_persistent_reader.cpp:268]: Error: "Unknown trigger type: ai_has_enact_weight_modifier_journal_entries, near line: 291" in file: "common/laws/02_slavery.txt" near line: 291
[09:25:08][pdx_persistent_reader.cpp:268]: Error: "Unknown trigger type: ai_has_enact_weight_modifier_journal_entries, near line: 384" in file: "common/laws/02_slavery.txt" near line: 384
[09:25:08][pdx_persistent_reader.cpp:268]: Error: "Unknown trigger type: ai_has_enact_weight_modifier_journal_entries, near line: 479" in file: "common/laws/02_slavery.txt" near line: 479
[09:25:08][pdx_persistent_reader.cpp:268]: Error: "Unknown trigger type: ai_has_enact_weight_modifier_journal_entries, near line: 23" in file: "common/laws/02_welfare.txt" near line: 23
[09:25:08][pdx_persistent_reader.cpp:268]: Error: "Unknown trigger type: ai_has_enact_weight_modifier_journal_entries, near line: 93" in file: "common/laws/02_welfare.txt" near line: 93
[09:25:08][pdx_persistent_reader.cpp:268]: Error: "Unknown trigger type: ai_has_enact_weight_modifier_journal_entries, near line: 119" in file: "common/laws/02_welfare.txt" near line: 119
[09:25:08][pdx_persistent_reader.cpp:268]: Error: "Unknown trigger type: ai_has_enact_weight_modifier_journal_entries, near line: 159" in file: "common/laws/02_welfare.txt" near line: 159
[09:25:08][pdx_persistent_reader.cpp:268]: Error: "Unknown trigger type: country_is_colonial_or_company, near line: 18" in file: "common/laws/98_toe_land_reform_compat.txt" near line: 19
[09:25:08][pdx_persistent_reader.cpp:268]: Error: "Unknown trigger type: ai_has_enact_weight_modifier_journal_entries, near line: 57" in file: "common/laws/98_toe_land_reform_compat.txt" near line: 57
[09:25:08][pdx_persistent_reader.cpp:268]: Error: "Unknown trigger type: interest_group_has_socialist_ideology, near line: 758" in file: "common/amendments/00_amendments_enactment_04.txt" near line: 759
[09:25:08][pdx_persistent_reader.cpp:268]: Error: "Unknown trigger type: interest_group_has_socialist_ideology, near line: 917
Unknown trigger type: interest_group_has_progressive_ideology, near line: 918" in file: "common/amendments/00_amendments_enactment_04.txt" near line: 919
[09:25:08][pdx_persistent_reader.cpp:268]: Error: "Unknown trigger type: country_has_voting_franchise, near line: 45" in file: "common/amendments/00_amendments_historical_04.txt" near line: 46
[09:25:08][pdx_persistent_reader.cpp:268]: Error: "Unknown trigger type: country_is_colonial_or_company, near line: 570" in file: "common/technology/technologies/30_society.txt" near line: 572
[09:25:08][gfx_dds_loader.cpp:442]: Block compressed texture 'gfx/interface/icons/invention_icons/naval_oil_propulsion.dds' does not have a height and width that are a multiple of 4, which will cause edge pixels to be incorrect. Either re-export the texture, or, for very small textures, change the format to uncompressed.
[09:25:09][pdx_persistent_reader.cpp:268]: Error: "Unknown trigger type: trade_center_construction_allowed, near line: 253" in file: "common/buildings/11_private_infrastructure.txt" near line: 254
[09:25:09][pdx_persistent_reader.cpp:268]: Error: "Unknown trigger type: trade_center_construction_allowed, near line: 257" in file: "common/buildings/11_private_infrastructure.txt" near line: 258
[09:25:09][pdx_persistent_reader.cpp:268]: Error: "Unknown trigger type: has_powerful_protectors, near line: 652" in file: "common/script_values/01_power_bloc_values.txt" near line: 655
[09:25:09][pdx_persistent_reader.cpp:268]: Error: "Unknown trigger type: has_powerful_protectors, near line: 1386" in file: "common/script_values/01_power_bloc_values.txt" near line: 1389
[09:25:09][pdx_persistent_reader.cpp:268]: Error: "Unknown trigger type: on_river, near line: 42" in file: "common/script_values/cultural_community_values.txt" near line: 43
[09:25:09][pdx_persistent_reader.cpp:268]: Error: "Unknown trigger type: country_has_emperor_in_power, near line: 212" in file: "common/script_values/ep2_japan_values.txt" near line: 213
[09:25:09][pdx_persistent_reader.cpp:268]: Error: "Unknown trigger type: company_is_zaibatsu, near line: 275" in file: "common/script_values/ep2_japan_values.txt" near line: 276
[09:25:09][pdx_persistent_reader.cpp:268]: Error: "Unknown trigger type: company_is_zaibatsu, near line: 280" in file: "common/script_values/ep2_japan_values.txt" near line: 281
[09:25:09][pdx_persistent_reader.cpp:268]: Error: "Unknown trigger type: is_princely_state, near line: 121" in file: "common/script_values/india_values.txt" near line: 123
[09:25:09][pdx_persistent_reader.cpp:268]: Error: "Unknown trigger type: is_princely_state, near line: 132" in file: "common/script_values/india_values.txt" near line: 136
[09:25:09][pdx_persistent_reader.cpp:268]: Error: "Unknown trigger type: is_princely_state, near line: 145" in file: "common/script_values/india_values.txt" near line: 149
[09:25:09][pdx_persistent_reader.cpp:268]: Error: "Unknown trigger type: has_conservative_ideology, near line: 36
Unknown trigger type: has_reactionary_ideology, near line: 37" in file: "common/script_values/ip4_je_values.txt" near line: 38
[09:25:09][pdx_persistent_reader.cpp:268]: Error: "Unknown trigger type: has_conservative_ideology, near line: 57
Unknown trigger type: has_reactionary_ideology, near line: 58" in file: "common/script_values/ip4_je_values.txt" near line: 59
[09:25:09][pdx_persistent_reader.cpp:268]: Error: "Unknown trigger type: has_liberal_ideology, near line: 74
Unknown trigger type: has_progressive_ideology, near line: 75" in file: "common/script_values/ip4_je_values.txt" near line: 76
[09:25:09][pdx_persistent_reader.cpp:268]: Error: "Unknown trigger type: has_liberal_ideology, near line: 93
Unknown trigger type: has_progressive_ideology, near line: 94" in file: "common/script_values/ip4_je_values.txt" near line: 95
[09:25:09][pdx_persistent_reader.cpp:268]: Error: "Unknown trigger type: has_liberal_ideology, near line: 115
Unknown trigger type: has_progressive_ideology, near line: 116" in file: "common/script_values/ip4_je_values.txt" near line: 117
[09:25:09][pdx_persistent_reader.cpp:268]: Error: "Unknown trigger type: has_liberal_ideology, near line: 128
Unknown trigger type: has_progressive_ideology, near line: 129" in file: "common/script_values/ip4_je_values.txt" near line: 130
[09:25:09][pdx_persistent_reader.cpp:268]: Error: "Unknown trigger type: has_liberal_ideology, near line: 144
Unknown trigger type: has_progressive_ideology, near line: 145" in file: "common/script_values/ip4_je_values.txt" near line: 146
[09:25:09][pdx_persistent_reader.cpp:268]: Error: "Unknown trigger type: has_liberal_ideology, near line: 157
Unknown trigger type: has_progressive_ideology, near line: 158" in file: "common/script_values/ip4_je_values.txt" near line: 159
[09:25:09][pdx_persistent_reader.cpp:268]: Error: "Unknown trigger type: movement_is_liberal, near line: 169" in file: "common/script_values/ip4_je_values.txt" near line: 170
[09:25:09][pdx_persistent_reader.cpp:268]: Error: "Unknown trigger type: movement_is_liberal, near line: 176" in file: "common/script_values/ip4_je_values.txt" near line: 177
[09:25:09][pdx_persistent_reader.cpp:268]: Error: "Unknown trigger type: has_liberal_ideology, near line: 214
Unknown trigger type: has_progressive_ideology, near line: 215" in file: "common/script_values/ip4_je_values.txt" near line: 216
[09:25:09][pdx_persistent_reader.cpp:268]: Error: "Unknown trigger type: has_liberal_ideology, near line: 235
Unknown trigger type: has_progressive_ideology, near line: 236" in file: "common/script_values/ip4_je_values.txt" near line: 237
[09:25:09][pdx_persistent_reader.cpp:268]: Error: "Unknown trigger type: has_conservative_ideology, near line: 252
Unknown trigger type: has_reactionary_ideology, near line: 253" in file: "common/script_values/ip4_je_values.txt" near line: 254
[09:25:09][pdx_persistent_reader.cpp:268]: Error: "Unknown trigger type: has_conservative_ideology, near line: 271
Unknown trigger type: has_reactionary_ideology, near line: 272" in file: "common/script_values/ip4_je_values.txt" near line: 273
[09:25:09][pdx_persistent_reader.cpp:268]: Error: "Unknown trigger type: has_reactionary_ideology, near line: 293
Unknown trigger type: has_conservative_ideology, near line: 294" in file: "common/script_values/ip4_je_values.txt" near line: 295
[09:25:09][pdx_persistent_reader.cpp:268]: Error: "Unknown trigger type: has_reactionary_ideology, near line: 306
Unknown trigger type: has_conservative_ideology, near line: 307" in file: "common/script_values/ip4_je_values.txt" near line: 308
[09:25:09][pdx_persistent_reader.cpp:268]: Error: "Unknown trigger type: has_reactionary_ideology, near line: 322
Unknown trigger type: has_conservative_ideology, near line: 323" in file: "common/script_values/ip4_je_values.txt" near line: 324
[09:25:09][pdx_persistent_reader.cpp:268]: Error: "Unknown trigger type: has_reactionary_ideology, near line: 335
Unknown trigger type: has_conservative_ideology, near line: 336" in file: "common/script_values/ip4_je_values.txt" near line: 337
[09:25:09][pdx_persistent_reader.cpp:268]: Error: "Unknown trigger type: movement_is_conservative, near line: 347" in file: "common/script_values/ip4_je_values.txt" near line: 348
[09:25:09][pdx_persistent_reader.cpp:268]: Error: "Unknown trigger type: movement_is_conservative, near line: 354" in file: "common/script_values/ip4_je_values.txt" near line: 355
[09:25:09][pdx_persistent_reader.cpp:268]: Error: "Unknown trigger type: interest_group_has_conservative_ideology, near line: 456
Unknown trigger type: interest_group_has_reactionary_ideology, near line: 457" in file: "common/script_values/ip4_je_values.txt" near line: 458
[09:25:09][pdx_persistent_reader.cpp:268]: Error: "Unknown trigger type: interest_group_has_liberal_ideology, near line: 479
Unknown trigger type: interest_group_has_progressive_ideology, near line: 480" in file: "common/script_values/ip4_je_values.txt" near line: 481
[09:25:09][pdx_persistent_reader.cpp:268]: Error: "Unknown trigger type: movement_is_liberal, near line: 207
Unknown trigger type: movement_is_socialist, near line: 208" in file: "common/script_values/je_values.txt" near line: 209
[09:25:09][pdx_persistent_reader.cpp:268]: Error: "Unknown trigger type: ig_counts_as_marginal, near line: 82" in file: "common/script_values/negotiation_values.txt" near line: 86
[09:25:09][pdx_persistent_reader.cpp:268]: Error: "Unknown trigger type: opposes_law, near line: 132" in file: "common/script_values/negotiation_values.txt" near line: 135
[09:25:09][pdx_persistent_reader.cpp:268]: Error: "Unknown trigger type: opposes_law, near line: 140" in file: "common/script_values/negotiation_values.txt" near line: 142
[09:25:09][pdx_persistent_reader.cpp:268]: Error: "Unknown trigger type: supports_law, near line: 208" in file: "common/script_values/negotiation_values.txt" near line: 211
[09:25:09][pdx_persistent_reader.cpp:268]: Error: "Unknown trigger type: supports_law, near line: 220" in file: "common/script_values/negotiation_values.txt" near line: 223
[09:25:09][pdx_persistent_reader.cpp:268]: Error: "Unknown trigger type: opposes_law, near line: 239" in file: "common/script_values/negotiation_values.txt" near line: 242
[09:25:09][pdx_persistent_reader.cpp:268]: Error: "Unknown trigger type: opposes_law, near line: 251" in file: "common/script_values/negotiation_values.txt" near line: 254
[09:25:09][pdx_persistent_reader.cpp:268]: Error: "Unknown trigger type: opposes_law, near line: 269" in file: "common/script_values/negotiation_values.txt" near line: 271
[09:25:09][pdx_persistent_reader.cpp:268]: Error: "Unknown trigger type: opposes_law, near line: 424" in file: "common/script_values/negotiation_values.txt" near line: 426
[09:25:09][pdx_persistent_reader.cpp:268]: Error: "Unknown trigger type: is_in_building_group, near line: 680" in file: "common/script_values/negotiation_values.txt" near line: 683
[09:25:09][jomini_effect.cpp:542]: Unknown effect every_state_in_africa at common/scripted_effects/0000_debug_effects.txt:16
[09:25:09][pdx_persistent_reader.cpp:268]: Error: "Unknown trigger type: country_is_islamic, near line: 24" in file: "common/scripted_effects/00_political_setup.txt" near line: 25
[09:25:09][pdx_persistent_reader.cpp:268]: Error: "Unknown trigger type: country_is_islamic, near line: 51" in file: "common/scripted_effects/00_political_setup.txt" near line: 52
[09:25:09][pdx_persistent_reader.cpp:268]: Error: "Unknown trigger type: country_is_islamic, near line: 77" in file: "common/scripted_effects/00_political_setup.txt" near line: 78
[09:25:09][pdx_persistent_reader.cpp:268]: Error: "Unknown trigger type: country_has_voting_franchise, near line: 277" in file: "common/scripted_effects/00_scripted_effects.txt" near line: 278
[09:25:09][pdx_persistent_reader.cpp:268]: Error: "Unknown trigger type: country_is_islamic, near line: 120" in file: "common/scripted_effects/00_political_setup.txt" near line: 121
[09:25:09][pdx_persistent_reader.cpp:268]: Error: "Unknown trigger type: country_has_voting_franchise, near line: 288" in file: "common/scripted_effects/00_scripted_effects.txt" near line: 289
[09:25:09][pdx_persistent_reader.cpp:268]: Error: "Unknown trigger type: agitator_supports_enaction, near line: 322" in file: "common/scripted_effects/00_scripted_effects.txt" near line: 323
[09:25:09][jomini_effect.cpp:542]: Unknown effect every_state_in_italy_old at common/scripted_effects/00_unification_effects.txt:2
[09:25:09][pdx_persistent_reader.cpp:268]: Error: "Unknown trigger type: ig_counts_as_marginal, near line: 1076" in file: "common/scripted_effects/00_victoria_adversarial_scripted_effects.txt" near line: 1077
[09:25:09][pdx_persistent_reader.cpp:268]: Error: "Unknown trigger type: ig_counts_as_marginal, near line: 2357" in file: "common/scripted_effects/00_victoria_adversarial_scripted_effects.txt" near line: 2358
[09:25:09][pdx_persistent_reader.cpp:268]: Error: "Unknown trigger type: agitator_opposes_enaction, near line: 363" in file: "common/scripted_effects/00_scripted_effects.txt" near line: 364
[09:25:09][jomini_effect.cpp:542]: Unknown effect every_state_in_lesser_germany at common/scripted_effects/00_unification_effects.txt:11
[09:25:09][pdx_persistent_reader.cpp:268]: Error: "Unknown trigger type: ig_counts_as_marginal, near line: 1089" in file: "common/scripted_effects/00_victoria_adversarial_scripted_effects.txt" near line: 1090
[09:25:09][pdx_persistent_reader.cpp:268]: Error: "Unknown trigger type: has_gov_regency, near line: 424" in file: "common/scripted_effects/00_scripted_effects.txt" near line: 425
[09:25:09][pdx_persistent_reader.cpp:268]: Error: "Unknown trigger type: ig_counts_as_marginal, near line: 18" in file: "common/scripted_effects/00_victoria_adversarial_scripted_effects.txt" near line: 19
[09:25:09][pdx_persistent_reader.cpp:268]: Error: "Unknown trigger type: ig_counts_as_marginal, near line: 1122" in file: "common/scripted_effects/00_victoria_adversarial_scripted_effects.txt" near line: 1123
[09:25:09][pdx_persistent_reader.cpp:268]: Error: "Unknown trigger type: ig_counts_as_marginal, near line: 1136" in file: "common/scripted_effects/00_victoria_adversarial_scripted_effects.txt" near line: 1137
[09:25:09][pdx_persistent_reader.cpp:268]: Error: "Unknown trigger type: je_danubian_federation_czech_button_visible, near line: 1148" in file: "common/scripted_effects/00_victoria_ip3_scripted_effects.txt" near line: 1153
[09:25:09][pdx_persistent_reader.cpp:268]: Error: "Unknown trigger type: has_gov_regency, near line: 816" in file: "common/scripted_effects/00_victoria_ip4_scripted_effects.txt" near line: 817
[09:25:09][pdx_persistent_reader.cpp:268]: Error: "Unknown trigger type: je_danubian_federation_slovak_button_visible, near line: 1160" in file: "common/scripted_effects/00_victoria_ip3_scripted_effects.txt" near line: 1165
[09:25:09][pdx_persistent_reader.cpp:268]: Error: "Unknown trigger type: ig_counts_as_marginal, near line: 1172" in file: "common/scripted_effects/00_victoria_adversarial_scripted_effects.txt" near line: 1173
[09:25:09][pdx_persistent_reader.cpp:268]: Error: "Unknown trigger type: ig_counts_as_marginal, near line: 2369" in file: "common/scripted_effects/00_victoria_adversarial_scripted_effects.txt" near line: 2370
[09:25:09][pdx_persistent_reader.cpp:268]: Error: "Unknown trigger type: has_gov_regency, near line: 407" in file: "common/scripted_effects/00_victoria_ip4_scripted_effects.txt" near line: 408
[09:25:09][pdx_persistent_reader.cpp:268]: Error: "Unknown trigger type: has_gov_regency, near line: 842" in file: "common/scripted_effects/00_victoria_ip4_scripted_effects.txt" near line: 843
[09:25:09][pdx_persistent_reader.cpp:268]: Error: "Unknown trigger type: has_gov_regency, near line: 1299" in file: "common/scripted_effects/00_victoria_ip4_scripted_effects.txt" near line: 1300
[09:25:09][pdx_persistent_reader.cpp:268]: Error: "Unknown trigger type: je_danubian_federation_polish_button_visible, near line: 1172" in file: "common/scripted_effects/00_victoria_ip3_scripted_effects.txt" near line: 1177
[09:25:09][pdx_persistent_reader.cpp:268]: Error: "Unknown trigger type: glorious_revolution_coup_trigger, near line: 409
Unknown trigger type: dynastic_coup_trigger, near line: 410" in file: "common/scripted_effects/00_victoria_ip4_scripted_effects.txt" near line: 411
[09:25:09][pdx_persistent_reader.cpp:268]: Error: "Unknown trigger type: ig_counts_as_marginal, near line: 1185" in file: "common/scripted_effects/00_victoria_adversarial_scripted_effects.txt" near line: 1186
[09:25:09][pdx_persistent_reader.cpp:268]: Error: "Unknown trigger type: has_gov_regency, near line: 415" in file: "common/scripted_effects/00_victoria_ip4_scripted_effects.txt" near line: 416
[09:25:09][pdx_persistent_reader.cpp:268]: Error: "Unknown trigger type: party_has_members, near line: 1623" in file: "common/scripted_effects/00_victoria_scripted_effects.txt" near line: 1625
[09:25:09][pdx_persistent_reader.cpp:268]: Error: "Unknown trigger type: ig_counts_as_marginal, near line: 99" in file: "common/scripted_effects/00_victoria_adversarial_scripted_effects.txt" near line: 100
[09:25:09][pdx_persistent_reader.cpp:268]: Error: "Unknown trigger type: character_has_carlist_ideology, near line: 470" in file: "common/scripted_effects/00_victoria_royal_successions.txt" near line: 471
[09:25:09][pdx_persistent_reader.cpp:268]: Error: "Unknown trigger type: country_has_voting_franchise, near line: 478" in file: "common/scripted_effects/00_victoria_ip4_scripted_effects.txt" near line: 480
[09:25:09][pdx_persistent_reader.cpp:268]: Error: "Unknown trigger type: ig_counts_as_marginal, near line: 1240" in file: "common/scripted_effects/00_victoria_adversarial_scripted_effects.txt" near line: 1241
[09:25:09][pdx_persistent_reader.cpp:268]: Error: "Unknown trigger type: character_has_carlist_ideology, near line: 477" in file: "common/scripted_effects/00_victoria_royal_successions.txt" near line: 478
[09:25:09][pdx_persistent_reader.cpp:268]: Error: "Unknown trigger type: ruler_is_bonapartist, near line: 2549" in file: "common/scripted_effects/00_victoria_scripted_effects.txt" near line: 2550
[09:25:09][pdx_persistent_reader.cpp:268]: Error: "Unknown trigger type: country_has_voting_franchise, near line: 852" in file: "common/scripted_effects/00_victoria_ip4_scripted_effects.txt" near line: 854
[09:25:09][pdx_persistent_reader.cpp:268]: Error: "Unknown trigger type: ig_counts_as_marginal, near line: 2412" in file: "common/scripted_effects/00_victoria_adversarial_scripted_effects.txt" near line: 2413
[09:25:09][pdx_persistent_reader.cpp:268]: Error: "Unknown trigger type: party_has_members, near line: 1661" in file: "common/scripted_effects/00_victoria_scripted_effects.txt" near line: 1663
[09:25:09][pdx_persistent_reader.cpp:268]: Error: "Unknown trigger type: has_gov_regency, near line: 1352" in file: "common/scripted_effects/00_victoria_ip4_scripted_effects.txt" near line: 1353
[09:25:09][pdx_persistent_reader.cpp:268]: Error: "Unknown trigger type: ig_counts_as_marginal, near line: 2426" in file: "common/scripted_effects/00_victoria_adversarial_scripted_effects.txt" near line: 2427
[09:25:09][pdx_persistent_reader.cpp:268]: Error: "Unknown trigger type: ig_counts_as_marginal, near line: 127" in file: "common/scripted_effects/00_victoria_adversarial_scripted_effects.txt" near line: 128
[09:25:09][pdx_persistent_reader.cpp:268]: Error: "Unknown trigger type: law_is_valid_for_ig_petition, near line: 519" in file: "common/scripted_effects/00_victoria_ip4_scripted_effects.txt" near line: 523
[09:25:09][pdx_persistent_reader.cpp:268]: Error: "Unknown trigger type: ig_counts_as_marginal, near line: 147" in file: "common/scripted_effects/00_victoria_adversarial_scripted_effects.txt" near line: 148
[09:25:09][pdx_persistent_reader.cpp:268]: Error: "Unknown trigger type: country_has_voting_franchise, near line: 2536" in file: "common/scripted_effects/00_victoria_ip4_scripted_effects.txt" near line: 2538
[09:25:09][pdx_persistent_reader.cpp:268]: Error: "Unknown trigger type: ruler_is_bonapartist, near line: 2211" in file: "common/scripted_effects/00_victoria_scripted_effects.txt" near line: 2212
[09:25:09][pdx_persistent_reader.cpp:268]: Error: "Unknown trigger type: ig_counts_as_marginal, near line: 164" in file: "common/scripted_effects/00_victoria_adversarial_scripted_effects.txt" near line: 165
[09:25:09][pdx_persistent_reader.cpp:268]: Error: "Unknown trigger type: je_danubian_federation_hungarian_button_visible, near line: 1184" in file: "common/scripted_effects/00_victoria_ip3_scripted_effects.txt" near line: 1189
[09:25:09][pdx_persistent_reader.cpp:268]: Error: "Unknown trigger type: party_has_members, near line: 1692" in file: "common/scripted_effects/00_victoria_scripted_effects.txt" near line: 1694
[09:25:09][pdx_persistent_reader.cpp:268]: Error: "Unknown trigger type: ruler_is_orleanist, near line: 2560" in file: "common/scripted_effects/00_victoria_scripted_effects.txt" near line: 2561
[09:25:09][pdx_persistent_reader.cpp:268]: Error: "Unknown trigger type: je_danubian_federation_hungarian_button_visible, near line: 1196" in file: "common/scripted_effects/00_victoria_ip3_scripted_effects.txt" near line: 1201
[09:25:09][pdx_persistent_reader.cpp:268]: Error: "Unknown trigger type: has_gov_regency, near line: 1046" in file: "common/scripted_effects/00_victoria_ip4_scripted_effects.txt" near line: 1047
[09:25:09][pdx_persistent_reader.cpp:268]: Error: "Unknown trigger type: je_danubian_federation_slovene_button_visible, near line: 1208" in file: "common/scripted_effects/00_victoria_ip3_scripted_effects.txt" near line: 1213
[09:25:09][pdx_persistent_reader.cpp:268]: Error: "Unknown trigger type: ruler_is_legitimist, near line: 2571" in file: "common/scripted_effects/00_victoria_scripted_effects.txt" near line: 2572
[09:25:09][pdx_persistent_reader.cpp:268]: Error: "Unknown trigger type: party_has_members, near line: 1723" in file: "common/scripted_effects/00_victoria_scripted_effects.txt" near line: 1725
[09:25:09][pdx_persistent_reader.cpp:268]: Error: "Unknown trigger type: ig_counts_as_marginal, near line: 1252" in file: "common/scripted_effects/00_victoria_adversarial_scripted_effects.txt" near line: 1253
[09:25:09][pdx_persistent_reader.cpp:268]: Error: "Unknown trigger type: character_has_miguelist_ideology, near line: 683" in file: "common/scripted_effects/00_victoria_royal_successions.txt" near line: 684
[09:25:09][pdx_persistent_reader.cpp:268]: Error: "Unknown trigger type: je_danubian_federation_croat_button_visible, near line: 1220" in file: "common/scripted_effects/00_victoria_ip3_scripted_effects.txt" near line: 1225
[09:25:09][pdx_persistent_reader.cpp:268]: Error: "Unknown trigger type: has_gov_regency, near line: 1111" in file: "common/scripted_effects/00_victoria_ip4_scripted_effects.txt" near line: 1112
[09:25:09][pdx_persistent_reader.cpp:268]: Error: "Unknown trigger type: country_has_voting_franchise, near line: 3196" in file: "common/scripted_effects/00_victoria_scripted_effects.txt" near line: 3198
[09:25:09][pdx_persistent_reader.cpp:268]: Error: "Unknown trigger type: has_gov_regency, near line: 1413" in file: "common/scripted_effects/00_victoria_ip4_scripted_effects.txt" near line: 1414
[09:25:09][pdx_persistent_reader.cpp:268]: Error: "Unknown trigger type: ruler_is_orleanist, near line: 2290" in file: "common/scripted_effects/00_victoria_scripted_effects.txt" near line: 2291
[09:25:09][pdx_persistent_reader.cpp:268]: Error: "Unknown trigger type: party_has_members, near line: 1757" in file: "common/scripted_effects/00_victoria_scripted_effects.txt" near line: 1759
[09:25:09][pdx_persistent_reader.cpp:268]: Error: "Unknown trigger type: law_is_valid_for_ig_petition, near line: 532" in file: "common/scripted_effects/00_victoria_ip4_scripted_effects.txt" near line: 536
[09:25:09][pdx_persistent_reader.cpp:268]: Error: "Unknown trigger type: ig_counts_as_marginal, near line: 183" in file: "common/scripted_effects/00_victoria_adversarial_scripted_effects.txt" near line: 184
[09:25:09][pdx_persistent_reader.cpp:268]: Error: "Unknown trigger type: character_has_miguelist_ideology, near line: 690" in file: "common/scripted_effects/00_victoria_royal_successions.txt" near line: 691
[09:25:09][pdx_persistent_reader.cpp:268]: Error: "Unknown trigger type: ig_counts_as_marginal, near line: 3294" in file: "common/scripted_effects/00_victoria_scripted_effects.txt" near line: 3295
[09:25:09][pdx_persistent_reader.cpp:268]: Error: "Unknown trigger type: ig_counts_as_marginal, near line: 2516" in file: "common/scripted_effects/00_victoria_adversarial_scripted_effects.txt" near line: 2517
[09:25:09][pdx_persistent_reader.cpp:268]: Error: "Unknown trigger type: pro_lobby_war_valid_check, near line: 3779" in file: "common/scripted_effects/00_victoria_scripted_effects.txt" near line: 3780
[09:25:09][pdx_persistent_reader.cpp:268]: Error: "Unknown trigger type: glorious_revolution_coup_trigger, near line: 552" in file: "common/scripted_effects/00_victoria_ip4_scripted_effects.txt" near line: 553
[09:25:09][pdx_persistent_reader.cpp:268]: Error: "Unknown trigger type: ideology_social_democrat_valid_trigger, near line: 323" in file: "common/scripted_effects/00_victoria_scripted_effects.txt" near line: 329
[09:25:09][pdx_persistent_reader.cpp:268]: Error: "Unknown trigger type: ig_counts_as_marginal, near line: 2535" in file: "common/scripted_effects/00_victoria_adversarial_scripted_effects.txt" near line: 2536
[09:25:09][pdx_persistent_reader.cpp:268]: Error: "Unknown trigger type: pro_lobby_leave_power_bloc_valid_check, near line: 3785" in file: "common/scripted_effects/00_victoria_scripted_effects.txt" near line: 3786
[09:25:09][pdx_persistent_reader.cpp:268]: Error: "Unknown trigger type: ig_counts_as_marginal, near line: 1284" in file: "common/scripted_effects/00_victoria_adversarial_scripted_effects.txt" near line: 1285
[09:25:09][pdx_persistent_reader.cpp:268]: Error: "Unknown trigger type: ruler_is_legitimist, near line: 2372" in file: "common/scripted_effects/00_victoria_scripted_effects.txt" near line: 2373
[09:25:09][pdx_persistent_reader.cpp:268]: Error: "Unknown trigger type: has_gov_regency, near line: 1464" in file: "common/scripted_effects/00_victoria_ip4_scripted_effects.txt" near line: 1465
[09:25:09][pdx_persistent_reader.cpp:268]: Error: "Unknown trigger type: has_gov_regency, near line: 2145" in file: "common/scripted_effects/00_victoria_ip4_scripted_effects.txt" near line: 2146
[09:25:09][pdx_persistent_reader.cpp:268]: Error: "Unknown trigger type: party_has_members, near line: 1792" in file: "common/scripted_effects/00_victoria_scripted_effects.txt" near line: 1794
[09:25:09][pdx_persistent_reader.cpp:268]: Error: "Unknown trigger type: je_danubian_federation_romanian_button_visible, near line: 1232" in file: "common/scripted_effects/00_victoria_ip3_scripted_effects.txt" near line: 1237
[09:25:09][pdx_persistent_reader.cpp:268]: Error: "Unknown trigger type: ideology_communist_valid_trigger, near line: 347" in file: "common/scripted_effects/00_victoria_scripted_effects.txt" near line: 353
[09:25:09][pdx_persistent_reader.cpp:268]: Error: "Unknown trigger type: ig_counts_as_marginal, near line: 337" in file: "common/scripted_effects/00_victoria_adversarial_scripted_effects.txt" near line: 338
[09:25:09][pdx_persistent_reader.cpp:268]: Error: "Unknown trigger type: ig_counts_as_marginal, near line: 2549" in file: "common/scripted_effects/00_victoria_adversarial_scripted_effects.txt" near line: 2550
[09:25:09][pdx_persistent_reader.cpp:268]: Error: "Unknown trigger type: ruler_is_bonapartist, near line: 2512" in file: "common/scripted_effects/00_victoria_scripted_effects.txt" near line: 2513
[09:25:09][pdx_persistent_reader.cpp:268]: Error: "Unknown trigger type: has_gov_regency, near line: 1527" in file: "common/scripted_effects/00_victoria_ip4_scripted_effects.txt" near line: 1528
[09:25:09][pdx_persistent_reader.cpp:268]: Error: "Unknown trigger type: anti_lobby_war_valid_check, near line: 4001" in file: "common/scripted_effects/00_victoria_scripted_effects.txt" near line: 4002
[09:25:09][pdx_persistent_reader.cpp:268]: Error: "Unknown trigger type: ig_counts_as_marginal, near line: 1297" in file: "common/scripted_effects/00_victoria_adversarial_scripted_effects.txt" near line: 1298
[09:25:09][pdx_persistent_reader.cpp:268]: Error: "Unknown trigger type: can_propose_difficult_law, near line: 87" in file: "common/scripted_effects/04_negotiation_scripted_effects.txt" near line: 88
[09:25:09][pdx_persistent_reader.cpp:268]: Error: "Unknown trigger type: building_can_be_promised, near line: 391" in file: "common/scripted_effects/04_negotiation_scripted_effects.txt" near line: 392
[09:25:09][pdx_persistent_reader.cpp:268]: Error: "Unknown trigger type: ideology_vanguardist_valid_trigger, near line: 403" in file: "common/scripted_effects/00_victoria_scripted_effects.txt" near line: 409
[09:25:09][pdx_persistent_reader.cpp:268]: Error: "Unknown trigger type: anti_lobby_leave_power_bloc_valid_check, near line: 4007" in file: "common/scripted_effects/00_victoria_scripted_effects.txt" near line: 4008
[09:25:09][pdx_persistent_reader.cpp:268]: Error: "Unknown trigger type: dynastic_coup_trigger, near line: 573" in file: "common/scripted_effects/00_victoria_ip4_scripted_effects.txt" near line: 574
[09:25:09][pdx_persistent_reader.cpp:268]: Error: "Unknown trigger type: je_danubian_federation_north_italian_button_visible, near line: 1244" in file: "common/scripted_effects/00_victoria_ip3_scripted_effects.txt" near line: 1249
[09:25:09][pdx_persistent_reader.cpp:268]: Error: "Unknown trigger type: ig_counts_as_marginal, near line: 414" in file: "common/scripted_effects/00_victoria_adversarial_scripted_effects.txt" near line: 415
[09:25:09][pdx_persistent_reader.cpp:268]: Error: "Unknown trigger type: ig_counts_as_marginal, near line: 2587" in file: "common/scripted_effects/00_victoria_adversarial_scripted_effects.txt" near line: 2588
[09:25:09][pdx_persistent_reader.cpp:268]: Error: "Unknown trigger type: ruler_is_orleanist, near line: 2523" in file: "common/scripted_effects/00_victoria_scripted_effects.txt" near line: 2524
[09:25:09][pdx_persistent_reader.cpp:268]: Error: "Unknown trigger type: has_gov_regency, near line: 1591" in file: "common/scripted_effects/00_victoria_ip4_scripted_effects.txt" near line: 1592
[09:25:09][pdx_persistent_reader.cpp:268]: Error: "Unknown trigger type: party_has_members, near line: 1823" in file: "common/scripted_effects/00_victoria_scripted_effects.txt" near line: 1825
[09:25:09][pdx_persistent_reader.cpp:268]: Error: "Unknown trigger type: building_can_be_promised, near line: 405" in file: "common/scripted_effects/04_negotiation_scripted_effects.txt" near line: 406
[09:25:09][pdx_persistent_reader.cpp:268]: Error: "Unknown trigger type: je_danubian_federation_serb_button_visible, near line: 1256" in file: "common/scripted_effects/00_victoria_ip3_scripted_effects.txt" near line: 1261
[09:25:09][pdx_persistent_reader.cpp:268]: Error: "Unknown trigger type: ruler_is_legitimist, near line: 2534" in file: "common/scripted_effects/00_victoria_scripted_effects.txt" near line: 2535
[09:25:09][pdx_persistent_reader.cpp:268]: Error: "Unknown trigger type: ig_counts_as_marginal, near line: 2603" in file: "common/scripted_effects/00_victoria_adversarial_scripted_effects.txt" near line: 2604
[09:25:09][pdx_persistent_reader.cpp:268]: Error: "Unknown trigger type: is_princely_state, near line: 2" in file: "common/scripted_lists/victoria_scripted_lists.txt" near line: 2
[09:25:09][pdx_persistent_reader.cpp:268]: Error: "Unknown trigger type: ig_counts_as_marginal, near line: 425" in file: "common/scripted_effects/00_victoria_adversarial_scripted_effects.txt" near line: 426
[09:25:09][pdx_persistent_reader.cpp:268]: Error: "Unknown trigger type: is_princely_state, near line: 2" in file: "common/scripted_lists/victoria_scripted_lists.txt" near line: 2
[09:25:09][pdx_persistent_reader.cpp:268]: Error: "Unknown trigger type: is_difficult_law, near line: 90
Unknown trigger type: neg_universal_law_checks, near line: 91" in file: "common/scripted_effects/04_negotiation_scripted_effects.txt" near line: 92
[09:25:09][pdx_persistent_reader.cpp:268]: Error: "Unknown trigger type: ig_counts_as_marginal, near line: 460" in file: "common/scripted_effects/00_victoria_adversarial_scripted_effects.txt" near line: 461
[09:25:09][pdx_persistent_reader.cpp:268]: Error: "Unknown trigger type: je_danubian_federation_ukrainian_button_visible, near line: 1268" in file: "common/scripted_effects/00_victoria_ip3_scripted_effects.txt" near line: 1273
[09:25:09][pdx_persistent_reader.cpp:268]: Error: "Unknown trigger type: state_is_homeland_of_indian_cultures, near line: 5076" in file: "common/scripted_effects/00_victoria_scripted_effects.txt" near line: 5077
[09:25:09][pdx_persistent_reader.cpp:268]: Error: "Unknown trigger type: can_propose_medium_law, near line: 96" in file: "common/scripted_effects/04_negotiation_scripted_effects.txt" near line: 97
[09:25:09][pdx_persistent_reader.cpp:268]: Error: "Unknown trigger type: ig_counts_as_marginal, near line: 1468" in file: "common/scripted_effects/00_victoria_adversarial_scripted_effects.txt" near line: 1469
[09:25:09][pdx_persistent_reader.cpp:268]: Error: "Unknown trigger type: building_can_be_promised, near line: 415" in file: "common/scripted_effects/04_negotiation_scripted_effects.txt" near line: 416
[09:25:09][pdx_persistent_reader.cpp:268]: Error: "Unknown trigger type: is_medium_law, near line: 99
Unknown trigger type: neg_universal_law_checks, near line: 100" in file: "common/scripted_effects/04_negotiation_scripted_effects.txt" near line: 101
[09:25:09][pdx_persistent_reader.cpp:268]: Error: "Unknown trigger type: ideology_anarchist_valid_trigger, near line: 459" in file: "common/scripted_effects/00_victoria_scripted_effects.txt" near line: 465
[09:25:09][pdx_persistent_reader.cpp:268]: Error: "Unknown trigger type: ig_counts_as_marginal, near line: 473" in file: "common/scripted_effects/00_victoria_adversarial_scripted_effects.txt" near line: 474
[09:25:09][pdx_persistent_reader.cpp:268]: Error: "Unknown trigger type: is_princely_state, near line: 2" in file: "common/scripted_lists/victoria_scripted_lists.txt" near line: 2
[09:25:09][pdx_persistent_reader.cpp:268]: Error: "Unknown trigger type: has_gov_regency, near line: 669" in file: "common/scripted_effects/00_victoria_ip4_scripted_effects.txt" near line: 670
[09:25:09][pdx_persistent_reader.cpp:268]: Error: "Unknown trigger type: building_can_be_promised, near line: 431" in file: "common/scripted_effects/04_negotiation_scripted_effects.txt" near line: 432
[09:25:09][pdx_persistent_reader.cpp:268]: Error: "Unknown trigger type: can_propose_easy_law, near line: 105" in file: "common/scripted_effects/04_negotiation_scripted_effects.txt" near line: 106
[09:25:09][pdx_persistent_reader.cpp:268]: Error: "Unknown trigger type: ideology_ethno_nationalist_valid_trigger, near line: 515" in file: "common/scripted_effects/00_victoria_scripted_effects.txt" near line: 521
[09:25:09][pdx_persistent_reader.cpp:268]: Error: "Unknown trigger type: is_easy_law, near line: 108
Unknown trigger type: neg_universal_law_checks, near line: 109" in file: "common/scripted_effects/04_negotiation_scripted_effects.txt" near line: 110
[09:25:09][pdx_persistent_reader.cpp:268]: Error: "Unknown trigger type: carlist_coup_trigger, near line: 683" in file: "common/scripted_effects/00_victoria_ip4_scripted_effects.txt" near line: 684
[09:25:09][pdx_persistent_reader.cpp:268]: Error: "Unknown trigger type: ig_counts_as_marginal, near line: 1507" in file: "common/scripted_effects/00_victoria_adversarial_scripted_effects.txt" near line: 1508
[09:25:09][pdx_persistent_reader.cpp:268]: Error: "Unknown trigger type: ig_counts_as_marginal, near line: 505" in file: "common/scripted_effects/00_victoria_adversarial_scripted_effects.txt" near line: 506
[09:25:09][pdx_persistent_reader.cpp:268]: Error: "Unknown trigger type: is_princely_state, near line: 2" in file: "common/scripted_lists/victoria_scripted_lists.txt" near line: 2
[09:25:09][pdx_persistent_reader.cpp:268]: Error: "Unknown trigger type: country_has_voting_franchise, near line: 688" in file: "common/scripted_effects/00_victoria_ip4_scripted_effects.txt" near line: 689
[09:25:09][pdx_persistent_reader.cpp:268]: Error: "Unknown trigger type: building_can_be_promised, near line: 449" in file: "common/scripted_effects/04_negotiation_scripted_effects.txt" near line: 450
[09:25:09][pdx_persistent_reader.cpp:268]: Error: "Unknown trigger type: ig_counts_as_marginal, near line: 519" in file: "common/scripted_effects/00_victoria_adversarial_scripted_effects.txt" near line: 520
[09:25:09][pdx_persistent_reader.cpp:268]: Error: "Unknown trigger type: ideology_nihilist_valid_trigger, near line: 610" in file: "common/scripted_effects/00_victoria_scripted_effects.txt" near line: 617
[09:25:09][pdx_persistent_reader.cpp:268]: Error: "Unknown trigger type: isabelline_coup_trigger, near line: 695" in file: "common/scripted_effects/00_victoria_ip4_scripted_effects.txt" near line: 696
[09:25:09][pdx_persistent_reader.cpp:268]: Error: "Unknown trigger type: ig_counts_as_marginal, near line: 1527" in file: "common/scripted_effects/00_victoria_adversarial_scripted_effects.txt" near line: 1528
[09:25:09][pdx_persistent_reader.cpp:268]: Error: "Unknown trigger type: amendment_banned_from_enactment, near line: 152
Unknown trigger type: amendment_is_valid_for_promise_quest_degree, near line: 153
Unknown trigger type: amendment_is_generic, near line: 155" in file: "common/scripted_effects/04_negotiation_scripted_effects.txt" near line: 159
[09:25:09][pdx_persistent_reader.cpp:268]: Error: "Unknown trigger type: building_can_be_promised, near line: 461" in file: "common/scripted_effects/04_negotiation_scripted_effects.txt" near line: 462
[09:25:09][pdx_persistent_reader.cpp:268]: Error: "Unknown trigger type: ig_counts_as_marginal, near line: 565" in file: "common/scripted_effects/00_victoria_adversarial_scripted_effects.txt" near line: 566
[09:25:09][pdx_persistent_reader.cpp:268]: Error: "Unknown trigger type: ideology_radical_valid_trigger, near line: 651" in file: "common/scripted_effects/00_victoria_scripted_effects.txt" near line: 657
[09:25:09][pdx_persistent_reader.cpp:268]: Error: "Unknown trigger type: miguelist_coup_trigger, near line: 701" in file: "common/scripted_effects/00_victoria_ip4_scripted_effects.txt" near line: 702
[09:25:09][pdx_persistent_reader.cpp:268]: Error: "Unknown trigger type: country_has_voting_franchise, near line: 706" in file: "common/scripted_effects/00_victoria_ip4_scripted_effects.txt" near line: 707
[09:25:09][pdx_persistent_reader.cpp:268]: Error: "Unknown trigger type: amendment_banned_from_enactment, near line: 168
Unknown trigger type: amendment_is_valid_for_promise_quest_degree, near line: 169
Unknown trigger type: amendment_is_generic, near line: 171" in file: "common/scripted_effects/04_negotiation_scripted_effects.txt" near line: 175
[09:25:09][pdx_persistent_reader.cpp:268]: Error: "Unknown trigger type: ideology_fascist_valid_trigger, near line: 699" in file: "common/scripted_effects/00_victoria_scripted_effects.txt" near line: 706
[09:25:09][pdx_persistent_reader.cpp:268]: Error: "Unknown trigger type: constitutional_portugal_coup_trigger, near line: 713" in file: "common/scripted_effects/00_victoria_ip4_scripted_effects.txt" near line: 714
[09:25:09][pdx_persistent_reader.cpp:268]: Error: "Unknown trigger type: ig_counts_as_marginal, near line: 49
Unknown trigger type: supports_law, near line: 50" in file: "common/scripted_effects/04_neg_event_options_scripted_effects.txt" near line: 51
[09:25:09][pdx_persistent_reader.cpp:268]: Error: "Unknown trigger type: amendment_banned_from_enactment, near line: 187
Unknown trigger type: amendment_is_valid_for_promise_quest_degree, near line: 188" in file: "common/scripted_effects/04_negotiation_scripted_effects.txt" near line: 193
[09:25:09][pdx_persistent_reader.cpp:268]: Error: "Unknown trigger type: ig_counts_as_marginal, near line: 1582" in file: "common/scripted_effects/00_victoria_adversarial_scripted_effects.txt" near line: 1583
[09:25:09][pdx_persistent_reader.cpp:268]: Error: "Unknown trigger type: building_can_be_promised, near line: 472" in file: "common/scripted_effects/04_negotiation_scripted_effects.txt" near line: 473
[09:25:09][pdx_persistent_reader.cpp:268]: Error: "Unknown trigger type: orleanist_coup_trigger, near line: 719" in file: "common/scripted_effects/00_victoria_ip4_scripted_effects.txt" near line: 720
[09:25:09][pdx_persistent_reader.cpp:268]: Error: "Unknown trigger type: ideology_market_liberal_valid_trigger, near line: 767" in file: "common/scripted_effects/00_victoria_scripted_effects.txt" near line: 773
[09:25:09][pdx_persistent_reader.cpp:268]: Error: "Unknown trigger type: ig_counts_as_marginal, near line: 60
Unknown trigger type: supports_law, near line: 61" in file: "common/scripted_effects/04_neg_event_options_scripted_effects.txt" near line: 62
[09:25:09][pdx_persistent_reader.cpp:268]: Error: "Unknown trigger type: ig_counts_as_marginal, near line: 614" in file: "common/scripted_effects/00_victoria_adversarial_scripted_effects.txt" near line: 615
[09:25:09][pdx_persistent_reader.cpp:268]: Error: "Unknown trigger type: has_enough_arable_land, near line: 228" in file: "common/scripted_effects/04_negotiation_scripted_effects.txt" near line: 229
[09:25:09][pdx_persistent_reader.cpp:268]: Error: "Unknown trigger type: ig_counts_as_marginal, near line: 1602" in file: "common/scripted_effects/00_victoria_adversarial_scripted_effects.txt" near line: 1603
[09:25:09][pdx_persistent_reader.cpp:268]: Error: "Unknown trigger type: bonapartist_coup_trigger, near line: 725" in file: "common/scripted_effects/00_victoria_ip4_scripted_effects.txt" near line: 726
[09:25:09][pdx_persistent_reader.cpp:268]: Error: "Unknown trigger type: ideology_luddite_valid_trigger, near line: 819" in file: "common/scripted_effects/00_victoria_scripted_effects.txt" near line: 826
[09:25:09][pdx_persistent_reader.cpp:268]: Error: "Unknown trigger type: ig_counts_as_marginal, near line: 654" in file: "common/scripted_effects/00_victoria_adversarial_scripted_effects.txt" near line: 655
[09:25:09][pdx_persistent_reader.cpp:268]: Error: "Unknown trigger type: neg_option_2_trigger, near line: 125" in file: "common/scripted_effects/04_neg_event_options_scripted_effects.txt" near line: 126
[09:25:09][pdx_persistent_reader.cpp:268]: Error: "Unknown trigger type: building_group_can_be_promised, near line: 245" in file: "common/scripted_effects/04_negotiation_scripted_effects.txt" near line: 246
[09:25:09][pdx_persistent_reader.cpp:268]: Error: "Unknown trigger type: neg_option_3_trigger, near line: 134" in file: "common/scripted_effects/04_neg_event_options_scripted_effects.txt" near line: 135
[09:25:09][pdx_persistent_reader.cpp:268]: Error: "Unknown trigger type: legitimist_coup_trigger, near line: 731" in file: "common/scripted_effects/00_victoria_ip4_scripted_effects.txt" near line: 732
[09:25:09][pdx_persistent_reader.cpp:268]: Error: "Unknown trigger type: building_group_can_be_promised, near line: 264" in file: "common/scripted_effects/04_negotiation_scripted_effects.txt" near line: 265
[09:25:09][pdx_persistent_reader.cpp:268]: Error: "Unknown trigger type: country_has_voting_franchise, near line: 736" in file: "common/scripted_effects/00_victoria_ip4_scripted_effects.txt" near line: 737
[09:25:09][pdx_persistent_reader.cpp:268]: Error: "Unknown trigger type: neg_option_4_trigger, near line: 144" in file: "common/scripted_effects/04_neg_event_options_scripted_effects.txt" near line: 145
[09:25:09][pdx_persistent_reader.cpp:268]: Error: "Unknown trigger type: ig_counts_as_marginal, near line: 708" in file: "common/scripted_effects/00_victoria_adversarial_scripted_effects.txt" near line: 709
[09:25:09][pdx_persistent_reader.cpp:268]: Error: "Unknown trigger type: building_can_be_promised, near line: 509" in file: "common/scripted_effects/04_negotiation_scripted_effects.txt" near line: 510
[09:25:09][pdx_persistent_reader.cpp:268]: Error: "Unknown trigger type: building_group_can_be_promised, near line: 282" in file: "common/scripted_effects/04_negotiation_scripted_effects.txt" near line: 283
[09:25:09][pdx_persistent_reader.cpp:268]: Error: "Unknown trigger type: neg_option_5_trigger, near line: 154" in file: "common/scripted_effects/04_neg_event_options_scripted_effects.txt" near line: 155
[09:25:09][pdx_persistent_reader.cpp:268]: Error: "Unknown trigger type: ig_counts_as_marginal, near line: 1676" in file: "common/scripted_effects/00_victoria_adversarial_scripted_effects.txt" near line: 1677
[09:25:09][pdx_persistent_reader.cpp:268]: Error: "Unknown trigger type: ig_counts_as_marginal, near line: 728" in file: "common/scripted_effects/00_victoria_adversarial_scripted_effects.txt" near line: 729
[09:25:09][pdx_persistent_reader.cpp:268]: Error: "Unknown trigger type: ideology_feminist_valid_trigger, near line: 909" in file: "common/scripted_effects/00_victoria_scripted_effects.txt" near line: 915
[09:25:09][pdx_persistent_reader.cpp:268]: Error: "Unknown trigger type: ig_counts_as_marginal, near line: 1702" in file: "common/scripted_effects/00_victoria_adversarial_scripted_effects.txt" near line: 1703
[09:25:09][pdx_persistent_reader.cpp:268]: Error: "Unknown trigger type: building_can_be_promised, near line: 549" in file: "common/scripted_effects/04_negotiation_scripted_effects.txt" near line: 550
[09:25:09][pdx_persistent_reader.cpp:268]: Error: "Unknown trigger type: neg_option_6_trigger, near line: 164" in file: "common/scripted_effects/04_neg_event_options_scripted_effects.txt" near line: 165
[09:25:09][pdx_persistent_reader.cpp:268]: Error: "Unknown trigger type: ideology_humanitarian_valid_trigger, near line: 933" in file: "common/scripted_effects/00_victoria_scripted_effects.txt" near line: 941
[09:25:09][pdx_persistent_reader.cpp:268]: Error: "Unknown trigger type: building_group_can_be_promised, near line: 300" in file: "common/scripted_effects/04_negotiation_scripted_effects.txt" near line: 301
[09:25:09][pdx_persistent_reader.cpp:268]: Error: "Unknown trigger type: ig_counts_as_marginal, near line: 757" in file: "common/scripted_effects/00_victoria_adversarial_scripted_effects.txt" near line: 758
[09:25:09][pdx_persistent_reader.cpp:268]: Error: "Unknown trigger type: ig_counts_as_marginal, near line: 1715" in file: "common/scripted_effects/00_victoria_adversarial_scripted_effects.txt" near line: 1716
[09:25:09][pdx_persistent_reader.cpp:268]: Error: "Unknown trigger type: ideology_traditionalist_valid_trigger, near line: 960" in file: "common/scripted_effects/00_victoria_scripted_effects.txt" near line: 964
[09:25:09][pdx_persistent_reader.cpp:268]: Error: "Unknown trigger type: ig_counts_as_marginal, near line: 777" in file: "common/scripted_effects/00_victoria_adversarial_scripted_effects.txt" near line: 778
[09:25:09][pdx_persistent_reader.cpp:268]: Error: "Unknown trigger type: building_can_be_promised, near line: 569" in file: "common/scripted_effects/04_negotiation_scripted_effects.txt" near line: 570
[09:25:09][pdx_persistent_reader.cpp:268]: Error: "Unknown trigger type: neg_option_7_trigger, near line: 174" in file: "common/scripted_effects/04_neg_event_options_scripted_effects.txt" near line: 175
[09:25:09][pdx_persistent_reader.cpp:268]: Error: "Unknown trigger type: neg_option_8_trigger, near line: 187" in file: "common/scripted_effects/04_neg_event_options_scripted_effects.txt" near line: 188
[09:25:09][pdx_persistent_reader.cpp:268]: Error: "Unknown trigger type: building_can_be_promised, near line: 588" in file: "common/scripted_effects/04_negotiation_scripted_effects.txt" near line: 589
[09:25:09][pdx_persistent_reader.cpp:268]: Error: "Unknown trigger type: ig_counts_as_marginal, near line: 818" in file: "common/scripted_effects/00_victoria_adversarial_scripted_effects.txt" near line: 819
[09:25:09][pdx_persistent_reader.cpp:268]: Error: "Unknown trigger type: building_group_can_be_promised, near line: 318" in file: "common/scripted_effects/04_negotiation_scripted_effects.txt" near line: 319
[09:25:09][pdx_persistent_reader.cpp:268]: Error: "Unknown trigger type: building_can_be_promised, near line: 599" in file: "common/scripted_effects/04_negotiation_scripted_effects.txt" near line: 600
[09:25:09][pdx_persistent_reader.cpp:268]: Error: "Unknown trigger type: ideology_republican_leader_valid_trigger, near line: 1041" in file: "common/scripted_effects/00_victoria_scripted_effects.txt" near line: 1045
[09:25:09][pdx_persistent_reader.cpp:268]: Error: "Unknown trigger type: ig_counts_as_marginal, near line: 1781" in file: "common/scripted_effects/00_victoria_adversarial_scripted_effects.txt" near line: 1782
[09:25:09][pdx_persistent_reader.cpp:268]: Error: "Unknown trigger type: neg_option_9_trigger, near line: 197" in file: "common/scripted_effects/04_neg_event_options_scripted_effects.txt" near line: 198
[09:25:09][pdx_persistent_reader.cpp:268]: Error: "Unknown trigger type: building_can_be_promised, near line: 610" in file: "common/scripted_effects/04_negotiation_scripted_effects.txt" near line: 611
[09:25:09][pdx_persistent_reader.cpp:268]: Error: "Unknown trigger type: building_group_can_be_promised, near line: 329" in file: "common/scripted_effects/04_negotiation_scripted_effects.txt" near line: 330
[09:25:09][pdx_persistent_reader.cpp:268]: Error: "Unknown trigger type: ig_counts_as_marginal, near line: 856" in file: "common/scripted_effects/00_victoria_adversarial_scripted_effects.txt" near line: 857
[09:25:09][pdx_persistent_reader.cpp:268]: Error: "Unknown trigger type: ideology_abolitionist_valid_trigger, near line: 1103" in file: "common/scripted_effects/00_victoria_scripted_effects.txt" near line: 1108
[09:25:09][pdx_persistent_reader.cpp:268]: Error: "Unknown trigger type: building_can_be_promised, near line: 621" in file: "common/scripted_effects/04_negotiation_scripted_effects.txt" near line: 622
[09:25:09][pdx_persistent_reader.cpp:268]: Error: "Unknown trigger type: ig_counts_as_marginal, near line: 1815" in file: "common/scripted_effects/00_victoria_adversarial_scripted_effects.txt" near line: 1816
[09:25:09][pdx_persistent_reader.cpp:268]: Error: "Unknown trigger type: ig_counts_as_marginal, near line: 876" in file: "common/scripted_effects/00_victoria_adversarial_scripted_effects.txt" near line: 877
[09:25:09][pdx_persistent_reader.cpp:268]: Error: "Unknown trigger type: neg_option_2_trigger, near line: 232" in file: "common/scripted_effects/04_neg_event_options_scripted_effects.txt" near line: 233
[09:25:09][pdx_persistent_reader.cpp:268]: Error: "Unknown trigger type: ideology_positivist_valid_trigger, near line: 1160" in file: "common/scripted_effects/00_victoria_scripted_effects.txt" near line: 1165
[09:25:09][pdx_persistent_reader.cpp:268]: Error: "Unknown trigger type: ig_counts_as_marginal, near line: 930" in file: "common/scripted_effects/00_victoria_adversarial_scripted_effects.txt" near line: 931
[09:25:09][pdx_persistent_reader.cpp:268]: Error: "Unknown trigger type: ig_counts_as_marginal, near line: 1878" in file: "common/scripted_effects/00_victoria_adversarial_scripted_effects.txt" near line: 1879
[09:25:09][pdx_persistent_reader.cpp:268]: Error: "Unknown trigger type: country_has_voting_franchise, near line: 1174" in file: "common/scripted_effects/00_victoria_scripted_effects.txt" near line: 1175
[09:25:09][pdx_persistent_reader.cpp:268]: Error: "Unknown trigger type: ig_counts_as_marginal, near line: 943" in file: "common/scripted_effects/00_victoria_adversarial_scripted_effects.txt" near line: 944
[09:25:09][pdx_persistent_reader.cpp:268]: Error: "Unknown trigger type: building_can_be_promised, near line: 643" in file: "common/scripted_effects/04_negotiation_scripted_effects.txt" near line: 644
[09:25:09][pdx_persistent_reader.cpp:268]: Error: "Unknown trigger type: neg_option_3_trigger, near line: 244" in file: "common/scripted_effects/04_neg_event_options_scripted_effects.txt" near line: 245
[09:25:09][pdx_persistent_reader.cpp:268]: Error: "Unknown trigger type: ig_counts_as_marginal, near line: 1915" in file: "common/scripted_effects/00_victoria_adversarial_scripted_effects.txt" near line: 1916
[09:25:09][pdx_persistent_reader.cpp:268]: Error: "Unknown trigger type: ig_counts_as_marginal, near line: 976" in file: "common/scripted_effects/00_victoria_adversarial_scripted_effects.txt" near line: 977
[09:25:09][pdx_persistent_reader.cpp:268]: Error: "Unknown trigger type: ig_counts_as_marginal, near line: 989" in file: "common/scripted_effects/00_victoria_adversarial_scripted_effects.txt" near line: 990
[09:25:09][pdx_persistent_reader.cpp:268]: Error: "Unknown trigger type: neg_option_4_trigger, near line: 257" in file: "common/scripted_effects/04_neg_event_options_scripted_effects.txt" near line: 258
[09:25:09][pdx_persistent_reader.cpp:268]: Error: "Unknown trigger type: ig_counts_as_marginal, near line: 1928" in file: "common/scripted_effects/00_victoria_adversarial_scripted_effects.txt" near line: 1929
[09:25:09][pdx_persistent_reader.cpp:268]: Error: "Unknown trigger type: ideology_humanitarian_royalist_valid_trigger, near line: 1200" in file: "common/scripted_effects/00_victoria_scripted_effects.txt" near line: 1208
[09:25:09][pdx_persistent_reader.cpp:268]: Error: "Unknown trigger type: building_can_be_promised, near line: 657" in file: "common/scripted_effects/04_negotiation_scripted_effects.txt" near line: 658
[09:25:09][pdx_persistent_reader.cpp:268]: Error: "Unknown trigger type: neg_option_5_trigger, near line: 270" in file: "common/scripted_effects/04_neg_event_options_scripted_effects.txt" near line: 271
[09:25:09][pdx_persistent_reader.cpp:268]: Error: "Unknown trigger type: ig_counts_as_marginal, near line: 1017" in file: "common/scripted_effects/00_victoria_adversarial_scripted_effects.txt" near line: 1018
[09:25:09][pdx_persistent_reader.cpp:268]: Error: "Unknown trigger type: ideology_corporatist_leader_valid_trigger, near line: 1227" in file: "common/scripted_effects/00_victoria_scripted_effects.txt" near line: 1234
[09:25:09][pdx_persistent_reader.cpp:268]: Error: "Unknown trigger type: ig_counts_as_marginal, near line: 1956" in file: "common/scripted_effects/00_victoria_adversarial_scripted_effects.txt" near line: 1957
[09:25:09][pdx_persistent_reader.cpp:268]: Error: "Unknown trigger type: ig_counts_as_marginal, near line: 1030" in file: "common/scripted_effects/00_victoria_adversarial_scripted_effects.txt" near line: 1031
[09:25:09][pdx_persistent_reader.cpp:268]: Error: "Unknown trigger type: neg_option_6_trigger, near line: 283" in file: "common/scripted_effects/04_neg_event_options_scripted_effects.txt" near line: 284
[09:25:09][pdx_persistent_reader.cpp:268]: Error: "Unknown trigger type: ideology_liberal_leader_valid_trigger, near line: 1255" in file: "common/scripted_effects/00_victoria_scripted_effects.txt" near line: 1262
[09:25:09][pdx_persistent_reader.cpp:268]: Error: "Unknown trigger type: country_has_voting_franchise, near line: 1271" in file: "common/scripted_effects/00_victoria_scripted_effects.txt" near line: 1272
[09:25:09][pdx_persistent_reader.cpp:268]: Error: "Unknown trigger type: ideology_land_reformer_valid_trigger, near line: 1281" in file: "common/scripted_effects/00_victoria_scripted_effects.txt" near line: 1288
[09:25:09][pdx_persistent_reader.cpp:268]: Error: "Unknown trigger type: neg_option_7_trigger, near line: 296" in file: "common/scripted_effects/04_neg_event_options_scripted_effects.txt" near line: 297
[09:25:09][pdx_persistent_reader.cpp:268]: Error: "Unknown trigger type: neg_option_8_trigger, near line: 312" in file: "common/scripted_effects/04_neg_event_options_scripted_effects.txt" near line: 313
[09:25:09][pdx_persistent_reader.cpp:268]: Error: "Unknown trigger type: ig_counts_as_marginal, near line: 2024" in file: "common/scripted_effects/00_victoria_adversarial_scripted_effects.txt" near line: 2025
[09:25:09][pdx_persistent_reader.cpp:268]: Error: "Unknown trigger type: ideology_utilitarian_leader_valid_trigger, near line: 1323" in file: "common/scripted_effects/00_victoria_scripted_effects.txt" near line: 1326
[09:25:09][pdx_persistent_reader.cpp:268]: Error: "Unknown trigger type: neg_option_9_trigger, near line: 325" in file: "common/scripted_effects/04_neg_event_options_scripted_effects.txt" near line: 326
[09:25:09][pdx_persistent_reader.cpp:268]: Error: "Unknown trigger type: ig_counts_as_marginal, near line: 2035" in file: "common/scripted_effects/00_victoria_adversarial_scripted_effects.txt" near line: 2036
[09:25:09][pdx_persistent_reader.cpp:268]: Error: "Unknown trigger type: neg_option_2_trigger, near line: 362" in file: "common/scripted_effects/04_neg_event_options_scripted_effects.txt" near line: 363
[09:25:09][pdx_persistent_reader.cpp:268]: Error: "Unknown trigger type: ig_counts_as_marginal, near line: 2057" in file: "common/scripted_effects/00_victoria_adversarial_scripted_effects.txt" near line: 2058
[09:25:09][pdx_persistent_reader.cpp:268]: Error: "Unknown trigger type: has_socialist_ideology, near line: 1446" in file: "common/scripted_effects/00_victoria_scripted_effects.txt" near line: 1447
[09:25:09][pdx_persistent_reader.cpp:268]: Error: "Unknown trigger type: neg_option_3_trigger, near line: 375" in file: "common/scripted_effects/04_neg_event_options_scripted_effects.txt" near line: 376
[09:25:09][pdx_persistent_reader.cpp:268]: Error: "Unknown trigger type: ig_counts_as_marginal, near line: 2070" in file: "common/scripted_effects/00_victoria_adversarial_scripted_effects.txt" near line: 2071
[09:25:09][pdx_persistent_reader.cpp:268]: Error: "Unknown trigger type: has_socialist_ideology, near line: 1451" in file: "common/scripted_effects/00_victoria_scripted_effects.txt" near line: 1452
[09:25:09][pdx_persistent_reader.cpp:268]: Error: "Unknown trigger type: neg_option_4_trigger, near line: 389" in file: "common/scripted_effects/04_neg_event_options_scripted_effects.txt" near line: 390
[09:25:09][pdx_persistent_reader.cpp:268]: Error: "Unknown trigger type: has_socialist_ideology, near line: 1460" in file: "common/scripted_effects/00_victoria_scripted_effects.txt" near line: 1461
[09:25:09][pdx_persistent_reader.cpp:268]: Error: "Unknown trigger type: neg_option_5_trigger, near line: 403" in file: "common/scripted_effects/04_neg_event_options_scripted_effects.txt" near line: 404
[09:25:09][pdx_persistent_reader.cpp:268]: Error: "Unknown trigger type: ig_counts_as_marginal, near line: 2100" in file: "common/scripted_effects/00_victoria_adversarial_scripted_effects.txt" near line: 2101
[09:25:09][pdx_persistent_reader.cpp:268]: Error: "Unknown trigger type: has_progressive_ideology, near line: 1470" in file: "common/scripted_effects/00_victoria_scripted_effects.txt" near line: 1471
[09:25:09][pdx_persistent_reader.cpp:268]: Error: "Unknown trigger type: ig_counts_as_marginal, near line: 2115" in file: "common/scripted_effects/00_victoria_adversarial_scripted_effects.txt" near line: 2116
[09:25:09][pdx_persistent_reader.cpp:268]: Error: "Unknown trigger type: has_progressive_ideology, near line: 1475" in file: "common/scripted_effects/00_victoria_scripted_effects.txt" near line: 1476
[09:25:09][pdx_persistent_reader.cpp:268]: Error: "Unknown trigger type: neg_option_6_trigger, near line: 417" in file: "common/scripted_effects/04_neg_event_options_scripted_effects.txt" near line: 418
[09:25:09][pdx_persistent_reader.cpp:268]: Error: "Unknown trigger type: has_progressive_ideology, near line: 1484" in file: "common/scripted_effects/00_victoria_scripted_effects.txt" near line: 1485
[09:25:09][pdx_persistent_reader.cpp:268]: Error: "Unknown trigger type: neg_option_7_trigger, near line: 431" in file: "common/scripted_effects/04_neg_event_options_scripted_effects.txt" near line: 432
[09:25:09][pdx_persistent_reader.cpp:268]: Error: "Unknown trigger type: has_liberal_ideology, near line: 1494" in file: "common/scripted_effects/00_victoria_scripted_effects.txt" near line: 1495
[09:25:09][pdx_persistent_reader.cpp:268]: Error: "Unknown trigger type: neg_option_8_trigger, near line: 448" in file: "common/scripted_effects/04_neg_event_options_scripted_effects.txt" near line: 449
[09:25:09][pdx_persistent_reader.cpp:268]: Error: "Unknown trigger type: ig_counts_as_marginal, near line: 2162" in file: "common/scripted_effects/00_victoria_adversarial_scripted_effects.txt" near line: 2163
[09:25:09][pdx_persistent_reader.cpp:268]: Error: "Unknown trigger type: has_liberal_ideology, near line: 1499" in file: "common/scripted_effects/00_victoria_scripted_effects.txt" near line: 1500
[09:25:09][pdx_persistent_reader.cpp:268]: Error: "Unknown trigger type: neg_option_9_trigger, near line: 462" in file: "common/scripted_effects/04_neg_event_options_scripted_effects.txt" near line: 463
[09:25:09][pdx_persistent_reader.cpp:268]: Error: "Unknown trigger type: ig_counts_as_marginal, near line: 2176" in file: "common/scripted_effects/00_victoria_adversarial_scripted_effects.txt" near line: 2177
[09:25:09][pdx_persistent_reader.cpp:268]: Error: "Unknown trigger type: has_liberal_ideology, near line: 1508" in file: "common/scripted_effects/00_victoria_scripted_effects.txt" near line: 1509
[09:25:09][pdx_persistent_reader.cpp:268]: Error: "Unknown trigger type: has_reactionary_ideology, near line: 1518" in file: "common/scripted_effects/00_victoria_scripted_effects.txt" near line: 1519
[09:25:09][pdx_persistent_reader.cpp:268]: Error: "Unknown trigger type: ig_counts_as_marginal, near line: 2210" in file: "common/scripted_effects/00_victoria_adversarial_scripted_effects.txt" near line: 2211
[09:25:09][pdx_persistent_reader.cpp:268]: Error: "Unknown trigger type: has_reactionary_ideology, near line: 1523" in file: "common/scripted_effects/00_victoria_scripted_effects.txt" near line: 1524
[09:25:09][pdx_persistent_reader.cpp:268]: Error: "Unknown trigger type: ig_counts_as_marginal, near line: 2224" in file: "common/scripted_effects/00_victoria_adversarial_scripted_effects.txt" near line: 2225
[09:25:09][pdx_persistent_reader.cpp:268]: Error: "Unknown trigger type: has_reactionary_ideology, near line: 1532" in file: "common/scripted_effects/00_victoria_scripted_effects.txt" near line: 1533
[09:25:09][pdx_persistent_reader.cpp:268]: Error: "Unknown trigger type: ig_counts_as_marginal, near line: 2257" in file: "common/scripted_effects/00_victoria_adversarial_scripted_effects.txt" near line: 2258
[09:25:09][pdx_persistent_reader.cpp:268]: Error: "Unknown trigger type: has_conservative_ideology, near line: 1542" in file: "common/scripted_effects/00_victoria_scripted_effects.txt" near line: 1543
[09:25:09][pdx_persistent_reader.cpp:268]: Error: "Unknown trigger type: has_conservative_ideology, near line: 1547" in file: "common/scripted_effects/00_victoria_scripted_effects.txt" near line: 1548
[09:25:09][pdx_persistent_reader.cpp:268]: Error: "Unknown trigger type: ig_counts_as_marginal, near line: 2270" in file: "common/scripted_effects/00_victoria_adversarial_scripted_effects.txt" near line: 2271
[09:25:09][pdx_persistent_reader.cpp:268]: Error: "Unknown trigger type: has_conservative_ideology, near line: 1556" in file: "common/scripted_effects/00_victoria_scripted_effects.txt" near line: 1557
[09:25:09][pdx_persistent_reader.cpp:268]: Error: "Unknown trigger type: party_has_members, near line: 1566" in file: "common/scripted_effects/00_victoria_scripted_effects.txt" near line: 1567
[09:25:09][pdx_persistent_reader.cpp:268]: Error: "Unknown trigger type: party_has_members, near line: 1581" in file: "common/scripted_effects/00_victoria_scripted_effects.txt" near line: 1583
[09:25:09][pdx_persistent_reader.cpp:268]: Error: "Unknown trigger type: has_ep2_soundtrack_dlc_trigger, near line: 10" in file: "music/dlc_ep2_music.txt" near line: 10
[09:25:09][pdx_persistent_reader.cpp:268]: Error: "Unknown trigger type: has_ep2_soundtrack_dlc_trigger, near line: 20" in file: "music/dlc_ep2_music.txt" near line: 20
[09:25:09][pdx_persistent_reader.cpp:268]: Error: "Unknown trigger type: has_ep2_soundtrack_dlc_trigger, near line: 30" in file: "music/dlc_ep2_music.txt" near line: 30
[09:25:09][pdx_persistent_reader.cpp:268]: Error: "Unknown trigger type: has_ep2_soundtrack_dlc_trigger, near line: 40" in file: "music/dlc_ep2_music.txt" near line: 40
[09:25:09][pdx_persistent_reader.cpp:268]: Error: "Unknown trigger type: has_ep2_soundtrack_dlc_trigger, near line: 50" in file: "music/dlc_ep2_music.txt" near line: 50
[09:25:09][pdx_persistent_reader.cpp:268]: Error: "Unknown trigger type: has_ep2_soundtrack_dlc_trigger, near line: 60" in file: "music/dlc_ep2_music.txt" near line: 60
[09:25:09][pdx_persistent_reader.cpp:268]: Error: "Unknown trigger type: has_ep2_soundtrack_dlc_trigger, near line: 70" in file: "music/dlc_ep2_music.txt" near line: 70
[09:25:09][pdx_persistent_reader.cpp:268]: Error: "Unknown trigger type: has_ep2_soundtrack_dlc_trigger, near line: 80" in file: "music/dlc_ep2_music.txt" near line: 80
[09:25:09][pdx_persistent_reader.cpp:268]: Error: "Unknown trigger type: has_mp1_soundtrack_dlc_trigger, near line: 11" in file: "music/dlc_mp1_music.txt" near line: 11
[09:25:09][pdx_persistent_reader.cpp:268]: Error: "Unknown trigger type: has_mp1_soundtrack_dlc_trigger, near line: 21" in file: "music/dlc_mp1_music.txt" near line: 21
[09:25:09][pdx_persistent_reader.cpp:268]: Error: "Unknown trigger type: has_mp1_soundtrack_dlc_trigger, near line: 31" in file: "music/dlc_mp1_music.txt" near line: 31
[09:25:09][pdx_persistent_reader.cpp:268]: Error: "Unknown trigger type: has_mp1_soundtrack_dlc_trigger, near line: 41" in file: "music/dlc_mp1_music.txt" near line: 41
[09:25:09][pdx_persistent_reader.cpp:268]: Error: "Unknown trigger type: has_mp1_soundtrack_dlc_trigger, near line: 51" in file: "music/dlc_mp1_music.txt" near line: 51
[09:25:09][pdx_persistent_reader.cpp:268]: Error: "Unknown trigger type: has_mp1_soundtrack_dlc_trigger, near line: 61" in file: "music/dlc_mp1_music.txt" near line: 61
[09:25:09][pdx_persistent_reader.cpp:268]: Error: "Unknown trigger type: has_mp1_soundtrack_dlc_trigger, near line: 71" in file: "music/dlc_mp1_music.txt" near line: 71
[09:25:09][pdx_persistent_reader.cpp:268]: Error: "Unknown trigger type: has_mp1_soundtrack_dlc_trigger, near line: 81" in file: "music/dlc_mp1_music.txt" near line: 81
[09:25:09][pdx_persistent_reader.cpp:268]: Error: "Unknown trigger type: has_mp1_soundtrack_dlc_trigger, near line: 91" in file: "music/dlc_mp1_music.txt" near line: 91
[09:25:09][pdx_persistent_reader.cpp:268]: Error: "Unknown trigger type: has_mp1_soundtrack_dlc_trigger, near line: 101" in file: "music/dlc_mp1_music.txt" near line: 101
[09:25:09][pdx_persistent_reader.cpp:268]: Error: "Unknown trigger type: has_mp1_soundtrack_dlc_trigger, near line: 111" in file: "music/dlc_mp1_music.txt" near line: 111
[09:25:09][pdx_persistent_reader.cpp:268]: Error: "Unknown trigger type: has_mp1_soundtrack_dlc_trigger, near line: 121" in file: "music/dlc_mp1_music.txt" near line: 121
[09:25:09][pdx_persistent_reader.cpp:268]: Error: "Unknown trigger type: has_mp1_soundtrack_dlc_trigger, near line: 131" in file: "music/dlc_mp1_music.txt" near line: 131
[09:25:09][pdx_persistent_reader.cpp:268]: Error: "Unknown trigger type: has_mp2_soundtrack_dlc_trigger, near line: 10" in file: "music/dlc_mp2_music.txt" near line: 10
[09:25:09][pdx_persistent_reader.cpp:268]: Error: "Unknown trigger type: has_mp2_soundtrack_dlc_trigger, near line: 20" in file: "music/dlc_mp2_music.txt" near line: 20
[09:25:09][pdx_persistent_reader.cpp:268]: Error: "Unknown trigger type: has_mp2_soundtrack_dlc_trigger, near line: 30" in file: "music/dlc_mp2_music.txt" near line: 30
[09:25:09][pdx_persistent_reader.cpp:268]: Error: "Unknown trigger type: has_mp2_soundtrack_dlc_trigger, near line: 40" in file: "music/dlc_mp2_music.txt" near line: 40
[09:25:09][pdx_persistent_reader.cpp:268]: Error: "Unknown trigger type: has_mp2_soundtrack_dlc_trigger, near line: 50" in file: "music/dlc_mp2_music.txt" near line: 50
[09:25:09][pdx_persistent_reader.cpp:268]: Error: "Unknown trigger type: has_mp2_soundtrack_dlc_trigger, near line: 60" in file: "music/dlc_mp2_music.txt" near line: 60
[09:25:09][pdx_persistent_reader.cpp:268]: Error: "Unknown trigger type: has_mp2_soundtrack_dlc_trigger, near line: 70" in file: "music/dlc_mp2_music.txt" near line: 70
[09:25:09][pdx_persistent_reader.cpp:268]: Error: "Unknown trigger type: has_mp2_soundtrack_dlc_trigger, near line: 80" in file: "music/dlc_mp2_music.txt" near line: 80
[09:25:09][pdx_persistent_reader.cpp:268]: Error: "Unknown trigger type: has_mp2_soundtrack_dlc_trigger, near line: 90" in file: "music/dlc_mp2_music.txt" near line: 90
[09:25:09][pdx_persistent_reader.cpp:268]: Error: "Unknown trigger type: has_mp2_soundtrack_dlc_trigger, near line: 100" in file: "music/dlc_mp2_music.txt" near line: 100
[09:25:09][pdx_persistent_reader.cpp:268]: Error: "Unknown trigger type: has_mp2_soundtrack_dlc_trigger, near line: 110" in file: "music/dlc_mp2_music.txt" near line: 110
[09:25:09][pdx_persistent_reader.cpp:268]: Error: "Unknown trigger type: has_v2_soundtrack_dlc_trigger, near line: 19" in file: "music/preorder_music.txt" near line: 19
[09:25:09][pdx_persistent_reader.cpp:268]: Error: "Unknown trigger type: has_v2_soundtrack_dlc_trigger, near line: 29" in file: "music/preorder_music.txt" near line: 29
[09:25:09][pdx_persistent_reader.cpp:268]: Error: "Unknown trigger type: has_v2_soundtrack_dlc_trigger, near line: 39" in file: "music/preorder_music.txt" near line: 39
[09:25:09][pdx_persistent_reader.cpp:268]: Error: "Unknown trigger type: has_v2_soundtrack_dlc_trigger, near line: 49" in file: "music/preorder_music.txt" near line: 49
[09:25:09][pdx_persistent_reader.cpp:268]: Error: "Unknown trigger type: has_v2_soundtrack_dlc_trigger, near line: 59" in file: "music/preorder_music.txt" near line: 59
[09:25:09][pdx_persistent_reader.cpp:268]: Error: "Unknown trigger type: has_v2_soundtrack_dlc_trigger, near line: 69" in file: "music/preorder_music.txt" near line: 69
[09:25:09][pdx_persistent_reader.cpp:268]: Error: "Unknown trigger type: has_v2_soundtrack_dlc_trigger, near line: 79" in file: "music/preorder_music.txt" near line: 79
[09:25:09][pdx_persistent_reader.cpp:268]: Error: "Unknown trigger type: has_v2_soundtrack_dlc_trigger, near line: 89" in file: "music/preorder_music.txt" near line: 89
[09:25:09][pdx_persistent_reader.cpp:268]: Error: "Unknown trigger type: has_v2_soundtrack_dlc_trigger, near line: 99" in file: "music/preorder_music.txt" near line: 99
[09:25:09][pdx_persistent_reader.cpp:268]: Error: "Unknown trigger type: has_v2_soundtrack_dlc_trigger, near line: 109" in file: "music/preorder_music.txt" near line: 109
[09:25:09][pdx_persistent_reader.cpp:268]: Error: "Unknown trigger type: has_v2_soundtrack_dlc_trigger, near line: 119" in file: "music/preorder_music.txt" near line: 119
[09:25:09][pdx_persistent_reader.cpp:268]: Error: "Unknown trigger type: has_v2_soundtrack_dlc_trigger, near line: 129" in file: "music/preorder_music.txt" near line: 129
[09:25:09][pdx_persistent_reader.cpp:268]: Error: "Unknown trigger type: has_v2_soundtrack_dlc_trigger, near line: 139" in file: "music/preorder_music.txt" near line: 139
[09:25:09][pdx_persistent_reader.cpp:268]: Error: "Unknown trigger type: has_v2_soundtrack_dlc_trigger, near line: 149" in file: "music/preorder_music.txt" near line: 149
[09:25:09][pdx_persistent_reader.cpp:268]: Error: "Unknown trigger type: has_v2_soundtrack_dlc_trigger, near line: 159" in file: "music/preorder_music.txt" near line: 159
[09:25:09][pdx_persistent_reader.cpp:268]: Error: "Unknown trigger type: has_v2_soundtrack_dlc_trigger, near line: 169" in file: "music/preorder_music.txt" near line: 169
[09:25:09][pdx_persistent_reader.cpp:268]: Error: "Unknown trigger type: has_v2_soundtrack_dlc_trigger, near line: 179" in file: "music/preorder_music.txt" near line: 179
[09:25:09][jomini_mapobject_database.cpp:916]: could not find entity [env_rough_water]. gfx/map/map_object_data/env_effects.txt:79
[09:25:09][jomini_mapobject_database.cpp:894]: could not find pdxmesh object with key [bottom_extension_mesh]. gfx/map/map_object_data/papermap_items.txt:7
[09:25:09][jomini_mapobject_database.cpp:894]: could not find pdxmesh object with key [line_horizontal_mesh]. gfx/map/map_object_data/papermap_items.txt:28
[09:25:09][jomini_mapobject_database.cpp:894]: could not find pdxmesh object with key [line_equator_mesh]. gfx/map/map_object_data/papermap_items.txt:46
[09:25:09][jomini_mapobject_database.cpp:894]: could not find pdxmesh object with key [paper_map_cigarbox_01_mesh]. gfx/map/map_object_data/papermap_items.txt:56
[09:25:09][jomini_mapobject_database.cpp:894]: could not find pdxmesh object with key [paper_map_inkspots_01_mesh]. gfx/map/map_object_data/papermap_items.txt:66
[09:25:09][jomini_mapobject_database.cpp:894]: could not find pdxmesh object with key [paper_map_inkspots_01_mesh]. gfx/map/map_object_data/papermap_items.txt:76
[09:25:09][jomini_mapobject_database.cpp:894]: could not find pdxmesh object with key [paper_map_object_compass_mesh]. gfx/map/map_object_data/papermap_items.txt:86
[09:25:09][jomini_mapobject_database.cpp:894]: could not find pdxmesh object with key [paper_map_object_divider_mesh]. gfx/map/map_object_data/papermap_items.txt:96
[09:25:09][jomini_mapobject_database.cpp:894]: could not find pdxmesh object with key [paper_map_object_fountain_pen_mesh]. gfx/map/map_object_data/papermap_items.txt:106
[09:25:09][jomini_mapobject_database.cpp:894]: could not find pdxmesh object with key [paper_map_sealed_stamp_letter_01_mesh]. gfx/map/map_object_data/papermap_items.txt:116
[09:25:09][jomini_mapobject_database.cpp:894]: could not find pdxmesh object with key [paper_map_table_bottom_mesh]. gfx/map/map_object_data/papermap_items.txt:126
[09:25:09][jomini_mapobject_database.cpp:894]: could not find pdxmesh object with key [paper_map_table_top_mesh]. gfx/map/map_object_data/papermap_items.txt:136
[09:25:09][jomini_mapobject_database.cpp:894]: could not find pdxmesh object with key [top_extension_mesh]. gfx/map/map_object_data/papermap_items.txt:159
[09:25:09][jomini_mapobject_database.cpp:894]: could not find pdxmesh object with key [line_vertical_mesh]. gfx/map/map_object_data/papermap_items.txt:168
[09:25:09][jomini_mapobject_database.cpp:894]: could not find pdxmesh object with key [african_province_farm_01_mesh]. gfx/map/map_object_data/generated/african_dynamic_farmland_objects_generator_1.txt:7
[09:25:09][jomini_mapobject_database.cpp:894]: could not find pdxmesh object with key [african_province_farm_01_mesh]. gfx/map/map_object_data/generated/african_dynamic_farmland_objects_generator_1.txt:16
[09:25:09][jomini_mapobject_database.cpp:894]: could not find pdxmesh object with key [african_province_subfarm_01_mesh]. gfx/map/map_object_data/generated/african_dynamic_farmland_objects_generator_1.txt:25
[09:25:09][jomini_mapobject_database.cpp:894]: could not find pdxmesh object with key [african_province_subfarm_02_mesh]. gfx/map/map_object_data/generated/african_dynamic_farmland_objects_generator_1.txt:34
[09:25:09][jomini_mapobject_database.cpp:388]: Could not add object with key [edgeofworld_papermap]. Key is already used. gfx/map/map_object_data/papermap_edge.txt:11
[09:25:09][jomini_mapobject_database.cpp:894]: could not find pdxmesh object with key [african_forestry_camp_01_mesh]. gfx/map/map_object_data/generated/african_dynamic_forestry_objects_generator_1.txt:7
[09:25:09][jomini_mapobject_database.cpp:388]: Could not add object with key [papermap_endofworld]. Key is already used. gfx/map/map_object_data/papermap_edge.txt:24
[09:25:09][jomini_mapobject_database.cpp:894]: could not find pdxmesh object with key [african_forestry_camp_02_mesh]. gfx/map/map_object_data/generated/african_dynamic_forestry_objects_generator_1.txt:16
[09:25:09][jomini_mapobject_database.cpp:894]: could not find pdxmesh object with key [arabic_province_farm_01_mesh]. gfx/map/map_object_data/generated/arabic_dynamic_farmland_objects_generator_1.txt:7
[09:25:09][jomini_mapobject_database.cpp:894]: could not find pdxmesh object with key [arabic_province_subfarm_01_mesh]. gfx/map/map_object_data/generated/arabic_dynamic_farmland_objects_generator_1.txt:16
[09:25:09][jomini_mapobject_database.cpp:894]: could not find pdxmesh object with key [arabic_province_subfarm_02_mesh]. gfx/map/map_object_data/generated/arabic_dynamic_farmland_objects_generator_1.txt:25
[09:25:09][jomini_mapobject_database.cpp:894]: could not find pdxmesh object with key [asian_province_farm_01_mesh]. gfx/map/map_object_data/generated/asian_dynamic_farmland_objects_generator_1.txt:7
[09:25:09][jomini_mapobject_database.cpp:894]: could not find pdxmesh object with key [asian_province_farm_02_mesh]. gfx/map/map_object_data/generated/asian_dynamic_farmland_objects_generator_1.txt:16
[09:25:09][jomini_mapobject_database.cpp:894]: could not find pdxmesh object with key [arabic_forestry_camp_01_mesh]. gfx/map/map_object_data/generated/arabic_dynamic_forestry_objects_generator_1.txt:7
[09:25:09][jomini_mapobject_database.cpp:894]: could not find pdxmesh object with key [arabic_forestry_camp_02_mesh]. gfx/map/map_object_data/generated/arabic_dynamic_forestry_objects_generator_1.txt:16
[09:25:09][jomini_mapobject_database.cpp:894]: could not find pdxmesh object with key [latin_province_farm_01_mesh]. gfx/map/map_object_data/generated/latin_dynamic_farmland_objects_generator_1.txt:7
[09:25:09][jomini_mapobject_database.cpp:894]: could not find pdxmesh object with key [latin_province_subfarm_01_mesh]. gfx/map/map_object_data/generated/latin_dynamic_farmland_objects_generator_1.txt:16
[09:25:09][jomini_mapobject_database.cpp:894]: could not find pdxmesh object with key [latin_province_subfarm_02_mesh]. gfx/map/map_object_data/generated/latin_dynamic_farmland_objects_generator_1.txt:25
[09:25:09][jomini_mapobject_database.cpp:894]: could not find pdxmesh object with key [european_province_subfarm_01_mesh]. gfx/map/map_object_data/generated/european_dynamic_farmland_objects_generator_1.txt:369
[09:25:09][jomini_mapobject_database.cpp:894]: could not find pdxmesh object with key [latin_forestry_camp_01_mesh]. gfx/map/map_object_data/generated/latin_dynamic_forestry_objects_generator_1.txt:7
[09:25:09][jomini_mapobject_database.cpp:894]: could not find pdxmesh object with key [latin_forestry_camp_02_mesh]. gfx/map/map_object_data/generated/latin_dynamic_forestry_objects_generator_1.txt:16
[09:25:09][jomini_mapobject_database.cpp:894]: could not find pdxmesh object with key [european_province_subfarm_02_mesh]. gfx/map/map_object_data/generated/european_dynamic_farmland_objects_generator_1.txt:549
[09:25:09][jomini_mapobject_database.cpp:1297]: map object "revolution_mapobject_generator_petty_bourgeoisie_2" has an invalid layer "revolution_dynamic_petty_bourgeoisie". gfx/map/map_object_data/generated/revolution_mapobject_generator_petty_bourgeoisie.txt
[09:25:09][jomini_mapobject_database.cpp:1297]: map object "revolution_mapobject_generator_intelligentsia_2" has an invalid layer "revolution_dynamic_intelligentsia". gfx/map/map_object_data/generated/revolution_mapobject_generator_intelligentsia.txt
[09:25:09][jomini_mapobject_database.cpp:1297]: map object "revolution_mapobject_generator_rural_folk_0" has an invalid layer "revolution_dynamic_rural_folk". gfx/map/map_object_data/generated/revolution_mapobject_generator_rural_folk.txt
[09:25:09][jomini_mapobject_database.cpp:1297]: map object "revolution_mapobject_generator_landowners_1" has an invalid layer "revolution_dynamic_landowners". gfx/map/map_object_data/generated/revolution_mapobject_generator_landowners.txt
[09:25:09][jomini_mapobject_database.cpp:1297]: map object "revolution_mapobject_generator_trade_unions_1" has an invalid layer "revolution_dynamic_trade_unions". gfx/map/map_object_data/generated/revolution_mapobject_generator_trade_unions.txt
[09:25:09][jomini_mapobject_database.cpp:1297]: map object "revolution_mapobject_generator_intelligentsia_1" has an invalid layer "revolution_dynamic_intelligentsia". gfx/map/map_object_data/generated/revolution_mapobject_generator_intelligentsia.txt
[09:25:09][jomini_mapobject_database.cpp:1297]: map object "revolution_mapobject_generator_landowners_2" has an invalid layer "revolution_dynamic_landowners". gfx/map/map_object_data/generated/revolution_mapobject_generator_landowners.txt
[09:25:09][jomini_mapobject_database.cpp:1297]: map object "revolution_mapobject_generator_armed_forces_1" has an invalid layer "revolution_dynamic_armed_forces". gfx/map/map_object_data/generated/revolution_mapobject_generator_armed_forces.txt
[09:25:09][jomini_mapobject_database.cpp:1297]: map object "revolution_mapobject_generator_armed_forces_0" has an invalid layer "revolution_dynamic_armed_forces". gfx/map/map_object_data/generated/revolution_mapobject_generator_armed_forces.txt
[09:25:09][jomini_mapobject_database.cpp:1297]: map object "revolution_mapobject_generator_rural_folk_2" has an invalid layer "revolution_dynamic_rural_folk". gfx/map/map_object_data/generated/revolution_mapobject_generator_rural_folk.txt
[09:25:09][jomini_mapobject_database.cpp:1297]: map object "revolution_mapobject_generator_petty_bourgeoisie_0" has an invalid layer "revolution_dynamic_petty_bourgeoisie". gfx/map/map_object_data/generated/revolution_mapobject_generator_petty_bourgeoisie.txt
[09:25:09][jomini_mapobject_database.cpp:1297]: map object "revolution_mapobject_generator_landowners_0" has an invalid layer "revolution_dynamic_landowners". gfx/map/map_object_data/generated/revolution_mapobject_generator_landowners.txt
[09:25:09][jomini_mapobject_database.cpp:1297]: map object "revolution_mapobject_generator_industrialists_1" has an invalid layer "revolution_dynamic_industrialists". gfx/map/map_object_data/generated/revolution_mapobject_generator_industrialists.txt
[09:25:09][jomini_mapobject_database.cpp:1297]: map object "revolution_mapobject_generator_intelligentsia_0" has an invalid layer "revolution_dynamic_intelligentsia". gfx/map/map_object_data/generated/revolution_mapobject_generator_intelligentsia.txt
[09:25:09][jomini_mapobject_database.cpp:1297]: map object "revolution_mapobject_generator_devout_2" has an invalid layer "revolution_dynamic_devout". gfx/map/map_object_data/generated/revolution_mapobject_generator_devout.txt
[09:25:09][jomini_mapobject_database.cpp:1297]: map object "revolution_mapobject_generator_devout_1" has an invalid layer "revolution_dynamic_devout". gfx/map/map_object_data/generated/revolution_mapobject_generator_devout.txt
[09:25:09][jomini_mapobject_database.cpp:1297]: map object "revolution_mapobject_generator_trade_unions_0" has an invalid layer "revolution_dynamic_trade_unions". gfx/map/map_object_data/generated/revolution_mapobject_generator_trade_unions.txt
[09:25:09][jomini_mapobject_database.cpp:1297]: map object "revolution_mapobject_generator_trade_unions_2" has an invalid layer "revolution_dynamic_trade_unions". gfx/map/map_object_data/generated/revolution_mapobject_generator_trade_unions.txt
[09:25:09][jomini_mapobject_database.cpp:1297]: map object "revolution_mapobject_generator_petty_bourgeoisie_1" has an invalid layer "revolution_dynamic_petty_bourgeoisie". gfx/map/map_object_data/generated/revolution_mapobject_generator_petty_bourgeoisie.txt
[09:25:09][jomini_mapobject_database.cpp:1297]: map object "revolution_mapobject_generator_armed_forces_2" has an invalid layer "revolution_dynamic_armed_forces". gfx/map/map_object_data/generated/revolution_mapobject_generator_armed_forces.txt
[09:25:09][jomini_mapobject_database.cpp:1297]: map object "revolution_mapobject_generator_industrialists_2" has an invalid layer "revolution_dynamic_industrialists". gfx/map/map_object_data/generated/revolution_mapobject_generator_industrialists.txt
[09:25:09][jomini_mapobject_database.cpp:1297]: map object "revolution_mapobject_generator_rural_folk_1" has an invalid layer "revolution_dynamic_rural_folk". gfx/map/map_object_data/generated/revolution_mapobject_generator_rural_folk.txt
[09:25:09][jomini_mapobject_database.cpp:1297]: map object "revolution_mapobject_generator_devout_0" has an invalid layer "revolution_dynamic_devout". gfx/map/map_object_data/generated/revolution_mapobject_generator_devout.txt
[09:25:09][jomini_mapobject_database.cpp:1297]: map object "revolution_mapobject_generator_industrialists_0" has an invalid layer "revolution_dynamic_industrialists". gfx/map/map_object_data/generated/revolution_mapobject_generator_industrialists.txt
[09:25:09][pdx_persistent_reader.cpp:268]: Error: "Unknown trigger type: coa_def_cross_trigger, near line: 70" in file: "common/coat_of_arms/template_lists/coa_templates.txt" near line: 71
[09:25:09][pdx_persistent_reader.cpp:268]: Error: "Unknown trigger type: coa_def_crescent_trigger, near line: 86
Unknown trigger type: coa_def_buddhist_trigger, near line: 87" in file: "common/coat_of_arms/template_lists/coa_templates.txt" near line: 89
[09:25:09][pdx_persistent_reader.cpp:268]: Error: "Unknown trigger type: coa_def_african_trigger, near line: 100" in file: "common/coat_of_arms/template_lists/coa_templates.txt" near line: 101
[09:25:09][pdx_persistent_reader.cpp:268]: Error: "Unknown trigger type: coa_def_west_african_trigger, near line: 110" in file: "common/coat_of_arms/template_lists/coa_templates.txt" near line: 111
[09:25:09][pdx_persistent_reader.cpp:268]: Error: "Unknown trigger type: coa_def_monarchy_flag_trigger, near line: 156" in file: "common/coat_of_arms/template_lists/coa_templates.txt" near line: 157
[09:25:09][pdx_persistent_reader.cpp:268]: Error: "Unknown trigger type: coa_republic_trigger, near line: 165" in file: "common/coat_of_arms/template_lists/coa_templates.txt" near line: 166
[09:25:09][pdx_persistent_reader.cpp:268]: Error: "Unknown trigger type: coa_def_italian_trigger, near line: 181
Unknown trigger type: coa_def_iberian_trigger, near line: 182" in file: "common/coat_of_arms/template_lists/coa_templates.txt" near line: 183
[09:25:09][pdx_persistent_reader.cpp:268]: Error: "Unknown trigger type: coa_def_native_american_trigger, near line: 202" in file: "common/coat_of_arms/template_lists/coa_templates.txt" near line: 203
[09:25:09][pdx_persistent_reader.cpp:268]: Error: "Unknown trigger type: coa_def_fascist_flag_trigger, near line: 313" in file: "common/coat_of_arms/template_lists/coa_templates.txt" near line: 314
[09:25:09][pdx_persistent_reader.cpp:268]: Error: "Unknown trigger type: coa_def_hispanic_american_trigger, near line: 386" in file: "common/coat_of_arms/template_lists/coa_templates.txt" near line: 387
[09:25:09][pdx_persistent_reader.cpp:268]: Error: "Unknown trigger type: coa_def_native_american_trigger, near line: 398" in file: "common/coat_of_arms/template_lists/coa_templates.txt" near line: 399
[09:25:09][pdx_persistent_reader.cpp:268]: Error: "Unknown trigger type: coa_def_african_trigger, near line: 14" in file: "common/coat_of_arms/template_lists/color_lists.txt" near line: 15
[09:25:09][pdx_persistent_reader.cpp:268]: Error: "Unknown trigger type: coa_def_oceanic_trigger, near line: 23" in file: "common/coat_of_arms/template_lists/color_lists.txt" near line: 24
[09:25:09][pdx_persistent_reader.cpp:268]: Error: "Unknown trigger type: coa_def_african_trigger, near line: 38" in file: "common/coat_of_arms/template_lists/color_lists.txt" near line: 39
[09:25:09][pdx_persistent_reader.cpp:268]: Error: "Unknown trigger type: coa_def_native_american_trigger, near line: 45" in file: "common/coat_of_arms/template_lists/color_lists.txt" near line: 46
[09:25:09][pdx_persistent_reader.cpp:268]: Error: "Unknown trigger type: coa_def_oceanic_trigger, near line: 120" in file: "common/coat_of_arms/template_lists/color_lists.txt" near line: 121
[09:25:09][pdx_persistent_reader.cpp:268]: Error: "Unknown trigger type: coa_def_african_trigger, near line: 126" in file: "common/coat_of_arms/template_lists/color_lists.txt" near line: 127
[09:25:09][pdx_persistent_reader.cpp:268]: Error: "Unknown trigger type: coa_def_native_american_trigger, near line: 133" in file: "common/coat_of_arms/template_lists/color_lists.txt" near line: 134
[09:25:09][pdx_persistent_reader.cpp:268]: Error: "Unknown trigger type: coa_def_crescent_trigger, near line: 139" in file: "common/coat_of_arms/template_lists/color_lists.txt" near line: 140
[09:25:09][pdx_persistent_reader.cpp:268]: Error: "Unknown trigger type: coa_def_cross_trigger, near line: 23" in file: "common/coat_of_arms/template_lists/colored_emblem_lists.txt" near line: 24
[09:25:09][pdx_persistent_reader.cpp:268]: Error: "Unknown trigger type: coa_def_cross_trigger, near line: 31
Unknown trigger type: coa_def_theocracy_flag_trigger, near line: 32" in file: "common/coat_of_arms/template_lists/colored_emblem_lists.txt" near line: 33
[09:25:09][pdx_persistent_reader.cpp:268]: Error: "Unknown trigger type: coa_def_native_american_trigger, near line: 46" in file: "common/coat_of_arms/template_lists/colored_emblem_lists.txt" near line: 47
[09:25:09][pdx_persistent_reader.cpp:268]: Error: "Unknown trigger type: coa_def_crescent_trigger, near line: 99" in file: "common/coat_of_arms/template_lists/colored_emblem_lists.txt" near line: 100
[09:25:09][pdx_persistent_reader.cpp:268]: Error: "Unknown trigger type: coa_def_buddhist_trigger, near line: 199" in file: "common/coat_of_arms/template_lists/colored_emblem_lists.txt" near line: 200
[09:25:09][pdx_persistent_reader.cpp:268]: Error: "Unknown trigger type: coa_def_buddhist_trigger, near line: 240
Unknown trigger type: coa_def_crescent_trigger, near line: 241" in file: "common/coat_of_arms/template_lists/colored_emblem_lists.txt" near line: 242
[09:25:09][pdx_persistent_reader.cpp:268]: Error: "Unknown trigger type: coa_def_communist_flag_trigger, near line: 310" in file: "common/coat_of_arms/template_lists/colored_emblem_lists.txt" near line: 311
[09:25:09][pdx_persistent_reader.cpp:268]: Error: "Unknown trigger type: coa_def_russian_ensign_trigger, near line: 324" in file: "common/coat_of_arms/template_lists/colored_emblem_lists.txt" near line: 325
[09:25:09][pdx_persistent_reader.cpp:268]: Error: "Unknown trigger type: coa_def_monarchy_flag_trigger, near line: 332" in file: "common/coat_of_arms/template_lists/colored_emblem_lists.txt" near line: 335
[09:25:09][pdx_persistent_reader.cpp:268]: Error: "Unknown trigger type: coa_def_oceanic_trigger, near line: 344" in file: "common/coat_of_arms/template_lists/colored_emblem_lists.txt" near line: 345
[09:25:09][pdx_persistent_reader.cpp:268]: Error: "Unknown trigger type: coa_def_african_trigger, near line: 366
Unknown trigger type: coa_def_crescent_trigger, near line: 367
Unknown trigger type: coa_def_cross_trigger, near line: 368" in file: "common/coat_of_arms/template_lists/colored_emblem_lists.txt" near line: 369
[09:25:09][pdx_persistent_reader.cpp:268]: Error: "Unknown trigger type: coa_def_german_trigger, near line: 423" in file: "common/coat_of_arms/template_lists/colored_emblem_lists.txt" near line: 424
[09:25:09][pdx_persistent_reader.cpp:268]: Error: "Unknown trigger type: coa_def_turkic_trigger, near line: 430" in file: "common/coat_of_arms/template_lists/colored_emblem_lists.txt" near line: 431
[09:25:09][pdx_persistent_reader.cpp:268]: Error: "Unknown trigger type: coa_def_cross_trigger, near line: 465" in file: "common/coat_of_arms/template_lists/colored_emblem_lists.txt" near line: 466
[09:25:09][pdx_persistent_reader.cpp:268]: Error: "Unknown trigger type: coa_def_cross_trigger, near line: 473
Unknown trigger type: coa_def_italian_trigger, near line: 474" in file: "common/coat_of_arms/template_lists/colored_emblem_lists.txt" near line: 475
[09:25:09][pdx_persistent_reader.cpp:268]: Error: "Unknown trigger type: coa_def_cross_trigger, near line: 480
Unknown trigger type: coa_def_hispanic_american_trigger, near line: 481" in file: "common/coat_of_arms/template_lists/colored_emblem_lists.txt" near line: 482
[09:25:09][pdx_persistent_reader.cpp:268]: Error: "Unknown trigger type: coa_def_nordic_cross_trigger, near line: 493" in file: "common/coat_of_arms/template_lists/colored_emblem_lists.txt" near line: 494
[09:25:09][pdx_persistent_reader.cpp:268]: Error: "Unknown trigger type: coa_def_african_trigger, near line: 502" in file: "common/coat_of_arms/template_lists/colored_emblem_lists.txt" near line: 503
[09:25:09][pdx_persistent_reader.cpp:268]: Error: "Unknown trigger type: coa_def_crescent_trigger, near line: 520" in file: "common/coat_of_arms/template_lists/colored_emblem_lists.txt" near line: 521
[09:25:09][pdx_persistent_reader.cpp:268]: Error: "Unknown trigger type: coa_def_native_american_trigger, near line: 528" in file: "common/coat_of_arms/template_lists/colored_emblem_lists.txt" near line: 529
[09:25:09][pdx_persistent_reader.cpp:268]: Error: "Unknown trigger type: coa_def_oceanic_trigger, near line: 534" in file: "common/coat_of_arms/template_lists/colored_emblem_lists.txt" near line: 535
[09:25:09][pdx_persistent_reader.cpp:268]: Error: "Unknown trigger type: coa_def_german_trigger, near line: 598" in file: "common/coat_of_arms/template_lists/colored_emblem_lists.txt" near line: 599
[09:25:09][pdx_persistent_reader.cpp:268]: Error: "Unknown trigger type: coa_def_german_trigger, near line: 613" in file: "common/coat_of_arms/template_lists/colored_emblem_lists.txt" near line: 614
[09:25:09][pdx_persistent_reader.cpp:268]: Error: "Unknown trigger type: coa_def_cross_trigger, near line: 643" in file: "common/coat_of_arms/template_lists/colored_emblem_lists.txt" near line: 644
[09:25:09][pdx_persistent_reader.cpp:268]: Error: "Unknown trigger type: coa_def_buddhist_trigger, near line: 675" in file: "common/coat_of_arms/template_lists/colored_emblem_lists.txt" near line: 676
[09:25:09][pdx_persistent_reader.cpp:268]: Error: "Unknown trigger type: coa_def_crescent_trigger, near line: 682" in file: "common/coat_of_arms/template_lists/colored_emblem_lists.txt" near line: 683
[09:25:09][pdx_persistent_reader.cpp:268]: Error: "Unknown trigger type: coa_def_crescent_trigger, near line: 693
Unknown trigger type: coa_def_theocracy_flag_trigger, near line: 694" in file: "common/coat_of_arms/template_lists/colored_emblem_lists.txt" near line: 695
[09:25:09][pdx_persistent_reader.cpp:268]: Error: "Unknown trigger type: coa_def_native_american_trigger, near line: 706" in file: "common/coat_of_arms/template_lists/colored_emblem_lists.txt" near line: 707
[09:25:09][pdx_persistent_reader.cpp:268]: Error: "Unknown trigger type: coa_def_native_american_trigger, near line: 719" in file: "common/coat_of_arms/template_lists/colored_emblem_lists.txt" near line: 720
[09:25:09][pdx_persistent_reader.cpp:268]: Error: "Unknown trigger type: coa_def_cross_trigger, near line: 770" in file: "common/coat_of_arms/template_lists/colored_emblem_lists.txt" near line: 771
[09:25:09][pdx_persistent_reader.cpp:268]: Error: "Unknown trigger type: coa_def_native_american_trigger, near line: 776" in file: "common/coat_of_arms/template_lists/colored_emblem_lists.txt" near line: 777
[09:25:09][pdx_persistent_reader.cpp:268]: Error: "Unknown trigger type: coa_def_crescent_trigger, near line: 784" in file: "common/coat_of_arms/template_lists/colored_emblem_lists.txt" near line: 785
[09:25:09][pdx_persistent_reader.cpp:268]: Error: "Unknown trigger type: coa_def_buddhist_trigger, near line: 851" in file: "common/coat_of_arms/template_lists/colored_emblem_lists.txt" near line: 852
[09:25:09][pdx_persistent_reader.cpp:268]: Error: "Unknown trigger type: coa_def_buddhist_trigger, near line: 878
Unknown trigger type: coa_def_crescent_trigger, near line: 879" in file: "common/coat_of_arms/template_lists/colored_emblem_lists.txt" near line: 880
[09:25:09][pdx_persistent_reader.cpp:268]: Error: "Unknown trigger type: coa_def_oceanic_trigger, near line: 902" in file: "common/coat_of_arms/template_lists/colored_emblem_lists.txt" near line: 903
[09:25:09][pdx_persistent_reader.cpp:268]: Error: "Unknown trigger type: coa_def_turkic_trigger, near line: 915" in file: "common/coat_of_arms/template_lists/colored_emblem_lists.txt" near line: 916
[09:25:09][pdx_persistent_reader.cpp:268]: Error: "Unknown trigger type: coa_def_russian_ensign_trigger, near line: 952" in file: "common/coat_of_arms/template_lists/colored_emblem_lists.txt" near line: 953
[09:25:09][pdx_persistent_reader.cpp:268]: Error: "Unknown trigger type: coa_def_american_ensign_trigger, near line: 960" in file: "common/coat_of_arms/template_lists/colored_emblem_lists.txt" near line: 961
[09:25:09][pdx_persistent_reader.cpp:268]: Error: "Unknown trigger type: coa_def_italian_trigger, near line: 967" in file: "common/coat_of_arms/template_lists/colored_emblem_lists.txt" near line: 968
[09:25:09][pdx_persistent_reader.cpp:268]: Error: "Unknown trigger type: coa_def_african_trigger, near line: 975" in file: "common/coat_of_arms/template_lists/colored_emblem_lists.txt" near line: 976
[09:25:09][pdx_persistent_reader.cpp:268]: Error: "Unknown trigger type: coa_def_crescent_trigger, near line: 989" in file: "common/coat_of_arms/template_lists/colored_emblem_lists.txt" near line: 990
[09:25:09][pdx_persistent_reader.cpp:268]: Error: "Unknown trigger type: coa_communist_trigger, near line: 1335" in file: "common/coat_of_arms/template_lists/colored_emblem_lists.txt" near line: 1336
[09:25:09][pdx_persistent_reader.cpp:268]: Error: "Unknown trigger type: coa_fascist_trigger, near line: 1358" in file: "common/coat_of_arms/template_lists/colored_emblem_lists.txt" near line: 1359
[09:25:09][pdx_persistent_reader.cpp:268]: Error: "Unknown trigger type: coa_def_crescent_trigger, near line: 16" in file: "common/coat_of_arms/template_lists/pattern_lists.txt" near line: 17
[09:25:09][pdx_persistent_reader.cpp:268]: Error: "Unknown trigger type: coa_def_west_african_trigger, near line: 23" in file: "common/coat_of_arms/template_lists/pattern_lists.txt" near line: 24
[09:25:09][pdx_persistent_reader.cpp:268]: Error: "Unknown trigger type: coa_def_crescent_trigger, near line: 52" in file: "common/coat_of_arms/template_lists/pattern_lists.txt" near line: 53
[09:25:09][pdx_persistent_reader.cpp:268]: Error: "Unknown trigger type: coa_def_crescent_trigger, near line: 64" in file: "common/coat_of_arms/template_lists/pattern_lists.txt" near line: 65
[09:25:09][pdx_persistent_reader.cpp:268]: Error: "Unknown trigger type: coa_def_native_american_trigger, near line: 70" in file: "common/coat_of_arms/template_lists/pattern_lists.txt" near line: 71
[09:25:09][pdx_persistent_reader.cpp:268]: Error: "Unknown trigger type: coa_def_monarchy_flag_trigger, near line: 18" in file: "common/coat_of_arms/template_lists/textured_emblem_lists.txt" near line: 19
[09:25:09][pdx_persistent_reader.cpp:268]: Error: "Unknown trigger type: coa_def_theocracy_flag_trigger, near line: 24" in file: "common/coat_of_arms/template_lists/textured_emblem_lists.txt" near line: 25
[09:25:09][pdx_persistent_reader.cpp:268]: Error: "Unknown trigger type: coa_def_buddhist_trigger, near line: 62" in file: "common/coat_of_arms/template_lists/textured_emblem_lists.txt" near line: 63
[09:25:09][pdx_persistent_reader.cpp:268]: Error: "Unknown trigger type: is_being_incorporated, near line: 68" in file: "common/tutorial_lessons/00_tutorial_lessons_incorporate_state.txt" near line: 69
[09:25:09][pdx_persistent_reader.cpp:268]: Error: "Unknown trigger type: is_being_incorporated, near line: 89" in file: "common/tutorial_lessons/00_tutorial_lessons_incorporate_state.txt" near line: 90
[09:25:09][lexer.cpp:285]: File 'common/country_definitions/99_toe_latest_log_country_compat.txt' should be in utf8-bom encoding (will try to use it anyways)
[09:25:09][pdx_persistent_reader.cpp:268]: Error: "Unknown trigger type: ideology_traditionalist_valid_trigger, near line: 174" in file: "common/ideologies/01_character_ideologies.txt" near line: 175
[09:25:09][pdx_persistent_reader.cpp:268]: Error: "Unknown trigger type: ideology_traditionalist_valid_trigger, near line: 188" in file: "common/ideologies/01_character_ideologies.txt" near line: 189
[09:25:09][pdx_persistent_reader.cpp:268]: Error: "Unknown trigger type: ideology_traditionalist_minoritarian_valid_trigger, near line: 374" in file: "common/ideologies/01_character_ideologies.txt" near line: 375
[09:25:09][pdx_persistent_reader.cpp:268]: Error: "Unknown trigger type: ideology_traditionalist_minoritarian_valid_trigger, near line: 392" in file: "common/ideologies/01_character_ideologies.txt" near line: 393
[09:25:09][pdx_persistent_reader.cpp:268]: Error: "Unknown trigger type: ideology_nihilist_valid_trigger, near line: 570" in file: "common/ideologies/01_character_ideologies.txt" near line: 571
[09:25:09][pdx_persistent_reader.cpp:268]: Error: "Unknown trigger type: country_has_monarchy_law, near line: 590" in file: "common/ideologies/01_character_ideologies.txt" near line: 591
[09:25:09][pdx_persistent_reader.cpp:268]: Error: "Unknown trigger type: ideology_nihilist_valid_trigger, near line: 598" in file: "common/ideologies/01_character_ideologies.txt" near line: 599
[09:25:09][pdx_persistent_reader.cpp:268]: Error: "Unknown trigger type: ideology_republican_leader_valid_trigger, near line: 874" in file: "common/ideologies/01_character_ideologies.txt" near line: 875
[09:25:09][pdx_persistent_reader.cpp:268]: Error: "Unknown trigger type: country_has_monarchy_law, near line: 893" in file: "common/ideologies/01_character_ideologies.txt" near line: 894
[09:25:09][pdx_persistent_reader.cpp:268]: Error: "Unknown trigger type: ideology_republican_leader_valid_trigger, near line: 901" in file: "common/ideologies/01_character_ideologies.txt" near line: 902
[09:25:09][pdx_persistent_reader.cpp:268]: Error: "Unknown trigger type: country_has_monarchy_law, near line: 939" in file: "common/ideologies/01_character_ideologies.txt" near line: 940
[09:25:09][pdx_persistent_reader.cpp:268]: Error: "Unknown trigger type: country_has_monarchy_law, near line: 1098" in file: "common/ideologies/01_character_ideologies.txt" near line: 1099
[09:25:09][pdx_persistent_reader.cpp:268]: Error: "Unknown trigger type: ideology_radical_valid_trigger, near line: 1261" in file: "common/ideologies/01_character_ideologies.txt" near line: 1262
[09:25:09][pdx_persistent_reader.cpp:268]: Error: "Unknown trigger type: country_has_monarchy_law, near line: 1282" in file: "common/ideologies/01_character_ideologies.txt" near line: 1283
[09:25:09][pdx_persistent_reader.cpp:268]: Error: "Unknown trigger type: ideology_radical_valid_trigger, near line: 1290" in file: "common/ideologies/01_character_ideologies.txt" near line: 1291
[09:25:09][pdx_persistent_reader.cpp:268]: Error: "Unknown trigger type: ideology_feminist_valid_trigger, near line: 1961" in file: "common/ideologies/01_character_ideologies.txt" near line: 1962
[09:25:09][pdx_persistent_reader.cpp:268]: Error: "Unknown trigger type: ideology_feminist_valid_trigger, near line: 1973" in file: "common/ideologies/01_character_ideologies.txt" near line: 1974
[09:25:09][pdx_persistent_reader.cpp:268]: Error: "Unknown trigger type: country_has_voting_franchise, near line: 1989" in file: "common/ideologies/01_character_ideologies.txt" near line: 1991
[09:25:09][pdx_persistent_reader.cpp:268]: Error: "Unknown trigger type: country_has_voting_franchise, near line: 2123" in file: "common/ideologies/01_character_ideologies.txt" near line: 2125
[09:25:09][pdx_persistent_reader.cpp:268]: Error: "Unknown trigger type: ideology_abolitionist_valid_trigger, near line: 2227" in file: "common/ideologies/01_character_ideologies.txt" near line: 2228
[09:25:09][pdx_persistent_reader.cpp:268]: Error: "Unknown trigger type: ideology_abolitionist_valid_trigger, near line: 2232" in file: "common/ideologies/01_character_ideologies.txt" near line: 2233
[09:25:09][pdx_persistent_reader.cpp:268]: Error: "Unknown trigger type: ideology_slaver_valid_trigger, near line: 2415" in file: "common/ideologies/01_character_ideologies.txt" near line: 2416
[09:25:09][pdx_persistent_reader.cpp:268]: Error: "Unknown trigger type: ideology_slaver_valid_trigger, near line: 2420" in file: "common/ideologies/01_character_ideologies.txt" near line: 2421
[09:25:09][pdx_persistent_reader.cpp:268]: Error: "Unknown trigger type: ideology_pacifist_valid_trigger, near line: 2578" in file: "common/ideologies/01_character_ideologies.txt" near line: 2579
[09:25:09][pdx_persistent_reader.cpp:268]: Error: "Unknown trigger type: ideology_jingoist_leader_valid_trigger, near line: 2837" in file: "common/ideologies/01_character_ideologies.txt" near line: 2838
[09:25:09][pdx_persistent_reader.cpp:268]: Error: "Unknown trigger type: ideology_jingoist_leader_valid_trigger, near line: 2850" in file: "common/ideologies/01_character_ideologies.txt" near line: 2851
[09:25:09][pdx_persistent_reader.cpp:268]: Error: "Unknown trigger type: ideology_royalist_valid_trigger, near line: 3114" in file: "common/ideologies/01_character_ideologies.txt" near line: 3115
[09:25:09][pdx_persistent_reader.cpp:268]: Error: "Unknown trigger type: country_has_monarchy_law, near line: 3122" in file: "common/ideologies/01_character_ideologies.txt" near line: 3123
[09:25:09][pdx_persistent_reader.cpp:268]: Error: "Unknown trigger type: ideology_royalist_valid_trigger, near line: 3126" in file: "common/ideologies/01_character_ideologies.txt" near line: 3127
[09:25:09][pdx_persistent_reader.cpp:268]: Error: "Unknown trigger type: country_has_monarchy_law, near line: 3151" in file: "common/ideologies/01_character_ideologies.txt" near line: 3151
[09:25:09][pdx_persistent_reader.cpp:268]: Error: "Unknown trigger type: country_has_monarchy_law, near line: 3164" in file: "common/ideologies/01_character_ideologies.txt" near line: 3165
[09:25:09][pdx_persistent_reader.cpp:268]: Error: "Unknown trigger type: country_has_monarchy_law, near line: 3239" in file: "common/ideologies/01_character_ideologies.txt" near line: 3239
[09:25:09][pdx_persistent_reader.cpp:268]: Error: "Unknown trigger type: country_has_monarchy_law, near line: 3249" in file: "common/ideologies/01_character_ideologies.txt" near line: 3250
[09:25:09][pdx_persistent_reader.cpp:268]: Error: "Unknown trigger type: ideology_social_democrat_valid_trigger, near line: 3339" in file: "common/ideologies/01_character_ideologies.txt" near line: 3340
[09:25:09][pdx_persistent_reader.cpp:268]: Error: "Unknown trigger type: ideology_social_democrat_valid_trigger, near line: 3354" in file: "common/ideologies/01_character_ideologies.txt" near line: 3355
[09:25:09][pdx_persistent_reader.cpp:268]: Error: "Unknown trigger type: ideology_communist_valid_trigger, near line: 3658" in file: "common/ideologies/01_character_ideologies.txt" near line: 3659
[09:25:09][pdx_persistent_reader.cpp:268]: Error: "Unknown trigger type: country_has_monarchy_law, near line: 3675" in file: "common/ideologies/01_character_ideologies.txt" near line: 3676
[09:25:09][pdx_persistent_reader.cpp:268]: Error: "Unknown trigger type: ideology_communist_valid_trigger, near line: 3683" in file: "common/ideologies/01_character_ideologies.txt" near line: 3684
[09:25:09][pdx_persistent_reader.cpp:268]: Error: "Unknown trigger type: ideology_vanguardist_valid_trigger, near line: 4077" in file: "common/ideologies/01_character_ideologies.txt" near line: 4078
[09:25:09][pdx_persistent_reader.cpp:268]: Error: "Unknown trigger type: country_has_monarchy_law, near line: 4095" in file: "common/ideologies/01_character_ideologies.txt" near line: 4096
[09:25:09][pdx_persistent_reader.cpp:268]: Error: "Unknown trigger type: ideology_vanguardist_valid_trigger, near line: 4103" in file: "common/ideologies/01_character_ideologies.txt" near line: 4104
[09:25:09][pdx_persistent_reader.cpp:268]: Error: "Unknown trigger type: ideology_fascist_valid_trigger, near line: 4646" in file: "common/ideologies/01_character_ideologies.txt" near line: 4647
[09:25:09][pdx_persistent_reader.cpp:268]: Error: "Unknown trigger type: ideology_fascist_valid_trigger, near line: 4661" in file: "common/ideologies/01_character_ideologies.txt" near line: 4662
[09:25:09][pdx_persistent_reader.cpp:268]: Error: "Unknown trigger type: ideology_anarchist_valid_trigger, near line: 5190" in file: "common/ideologies/01_character_ideologies.txt" near line: 5191
[09:25:09][pdx_persistent_reader.cpp:268]: Error: "Unknown trigger type: country_has_monarchy_law, near line: 5208" in file: "common/ideologies/01_character_ideologies.txt" near line: 5209
[09:25:09][pdx_persistent_reader.cpp:268]: Error: "Unknown trigger type: ideology_anarchist_valid_trigger, near line: 5216" in file: "common/ideologies/01_character_ideologies.txt" near line: 5217
[09:25:09][pdx_persistent_reader.cpp:268]: Error: "Unknown trigger type: ideology_ethno_nationalist_valid_trigger, near line: 5563" in file: "common/ideologies/01_character_ideologies.txt" near line: 5564
[09:25:09][pdx_persistent_reader.cpp:268]: Error: "Unknown trigger type: ideology_ethno_nationalist_valid_trigger, near line: 5576" in file: "common/ideologies/01_character_ideologies.txt" near line: 5577
[09:25:09][pdx_persistent_reader.cpp:268]: Error: "Unknown trigger type: ideology_theocrat_valid_trigger, near line: 5827" in file: "common/ideologies/01_character_ideologies.txt" near line: 5828
[09:25:09][pdx_persistent_reader.cpp:268]: Error: "Unknown trigger type: ideology_theocrat_valid_trigger, near line: 5840" in file: "common/ideologies/01_character_ideologies.txt" near line: 5841
[09:25:09][pdx_persistent_reader.cpp:268]: Error: "Unknown trigger type: country_has_monarchy_law, near line: 5864" in file: "common/ideologies/01_character_ideologies.txt" near line: 5865
[09:25:09][pdx_persistent_reader.cpp:268]: Error: "Unknown trigger type: country_has_monarchy_law, near line: 5949" in file: "common/ideologies/01_character_ideologies.txt" near line: 5950
[09:25:09][pdx_persistent_reader.cpp:268]: Error: "Unknown trigger type: ig_counts_as_marginal, near line: 6066" in file: "common/ideologies/01_character_ideologies.txt" near line: 6067
[09:25:09][pdx_persistent_reader.cpp:268]: Error: "Unknown trigger type: ideology_market_liberal_valid_trigger, near line: 6072" in file: "common/ideologies/01_character_ideologies.txt" near line: 6073
[09:25:09][pdx_persistent_reader.cpp:268]: Error: "Unknown trigger type: ideology_market_liberal_valid_trigger, near line: 6089" in file: "common/ideologies/01_character_ideologies.txt" near line: 6090
[09:25:09][pdx_persistent_reader.cpp:268]: Error: "Unknown trigger type: ideology_luddite_valid_trigger, near line: 6490" in file: "common/ideologies/01_character_ideologies.txt" near line: 6491
[09:25:09][pdx_persistent_reader.cpp:268]: Error: "Unknown trigger type: ideology_luddite_valid_trigger, near line: 6503" in file: "common/ideologies/01_character_ideologies.txt" near line: 6504
[09:25:09][pdx_persistent_reader.cpp:268]: Error: "Unknown trigger type: ideology_authoritarian_valid_trigger, near line: 6703" in file: "common/ideologies/01_character_ideologies.txt" near line: 6704
[09:25:09][pdx_persistent_reader.cpp:268]: Error: "Unknown trigger type: ideology_authoritarian_valid_trigger, near line: 6720" in file: "common/ideologies/01_character_ideologies.txt" near line: 6721
[09:25:09][pdx_persistent_reader.cpp:268]: Error: "Unknown trigger type: ig_counts_as_marginal, near line: 7025" in file: "common/ideologies/01_character_ideologies.txt" near line: 7026
[09:25:09][pdx_persistent_reader.cpp:268]: Error: "Unknown trigger type: ideology_protectionist_valid_trigger, near line: 7031" in file: "common/ideologies/01_character_ideologies.txt" near line: 7032
[09:25:09][pdx_persistent_reader.cpp:268]: Error: "Unknown trigger type: ideology_protectionist_valid_trigger, near line: 7044" in file: "common/ideologies/01_character_ideologies.txt" near line: 7045
[09:25:09][pdx_persistent_reader.cpp:268]: Error: "Unknown trigger type: ideology_humanitarian_valid_trigger, near line: 7340" in file: "common/ideologies/01_character_ideologies.txt" near line: 7341
[09:25:09][pdx_persistent_reader.cpp:268]: Error: "Unknown trigger type: ideology_humanitarian_valid_trigger, near line: 7355" in file: "common/ideologies/01_character_ideologies.txt" near line: 7356
[09:25:09][pdx_persistent_reader.cpp:268]: Error: "Unknown trigger type: ideology_jacksonian_democrat_valid_trigger, near line: 7641" in file: "common/ideologies/01_character_ideologies.txt" near line: 7642
[09:25:09][pdx_persistent_reader.cpp:268]: Error: "Unknown trigger type: ideology_jacksonian_democrat_valid_trigger, near line: 7656" in file: "common/ideologies/01_character_ideologies.txt" near line: 7657
[09:25:09][pdx_persistent_reader.cpp:268]: Error: "Unknown trigger type: ideology_positivist_valid_trigger, near line: 7751" in file: "common/ideologies/01_character_ideologies.txt" near line: 7752
[09:25:09][pdx_persistent_reader.cpp:268]: Error: "Unknown trigger type: country_has_monarchy_law, near line: 7768" in file: "common/ideologies/01_character_ideologies.txt" near line: 7769
[09:25:09][pdx_persistent_reader.cpp:268]: Error: "Unknown trigger type: ideology_positivist_valid_trigger, near line: 7776" in file: "common/ideologies/01_character_ideologies.txt" near line: 7777
[09:25:09][pdx_persistent_reader.cpp:268]: Error: "Unknown trigger type: country_has_monarchy_law, near line: 7846" in file: "common/ideologies/01_character_ideologies.txt" near line: 7852
[09:25:09][pdx_persistent_reader.cpp:268]: Error: "Unknown trigger type: country_has_monarchy_law, near line: 7989" in file: "common/ideologies/01_character_ideologies.txt" near line: 7995
[09:25:09][pdx_persistent_reader.cpp:268]: Error: "Unknown trigger type: ideology_land_reformer_valid_trigger, near line: 8063" in file: "common/ideologies/01_character_ideologies.txt" near line: 8064
[09:25:09][pdx_persistent_reader.cpp:268]: Error: "Unknown trigger type: ideology_land_reformer_valid_trigger, near line: 8081" in file: "common/ideologies/01_character_ideologies.txt" near line: 8082
[09:25:09][pdx_persistent_reader.cpp:268]: Error: "Unknown trigger type: ideology_integralist_valid_trigger, near line: 8383" in file: "common/ideologies/01_character_ideologies.txt" near line: 8384
[09:25:09][pdx_persistent_reader.cpp:268]: Error: "Unknown trigger type: ideology_integralist_valid_trigger, near line: 8398" in file: "common/ideologies/01_character_ideologies.txt" near line: 8399
[09:25:09][pdx_persistent_reader.cpp:268]: Error: "Unknown trigger type: country_has_monarchy_law, near line: 8942" in file: "common/ideologies/01_character_ideologies.txt" near line: 8944
[09:25:09][pdx_persistent_reader.cpp:268]: Error: "Unknown trigger type: country_has_monarchy_law, near line: 9087" in file: "common/ideologies/01_character_ideologies.txt" near line: 9089
[09:25:09][pdx_persistent_reader.cpp:268]: Error: "Unknown trigger type: ideology_humanitarian_royalist_valid_trigger, near line: 9468" in file: "common/ideologies/01_character_ideologies.txt" near line: 9469
[09:25:09][pdx_persistent_reader.cpp:268]: Error: "Unknown trigger type: ideology_humanitarian_royalist_valid_trigger, near line: 9483" in file: "common/ideologies/01_character_ideologies.txt" near line: 9484
[09:25:09][pdx_persistent_reader.cpp:268]: Error: "Unknown trigger type: country_has_monarchy_law, near line: 9508" in file: "common/ideologies/01_character_ideologies.txt" near line: 9509
[09:25:09][pdx_persistent_reader.cpp:268]: Error: "Unknown trigger type: country_has_monarchy_law, near line: 9653" in file: "common/ideologies/01_character_ideologies.txt" near line: 9654
[09:25:09][pdx_persistent_reader.cpp:268]: Error: "Unknown trigger type: ideology_despotic_utopian_valid_trigger, near line: 9803" in file: "common/ideologies/01_character_ideologies.txt" near line: 9804
[09:25:09][pdx_persistent_reader.cpp:268]: Error: "Unknown trigger type: ideology_despotic_utopian_valid_trigger, near line: 9809" in file: "common/ideologies/01_character_ideologies.txt" near line: 9810
[09:25:09][pdx_persistent_reader.cpp:268]: Error: "Unknown trigger type: ideology_utilitarian_leader_valid_trigger, near line: 10029" in file: "common/ideologies/01_character_ideologies.txt" near line: 10030
[09:25:09][pdx_persistent_reader.cpp:268]: Error: "Unknown trigger type: ideology_utilitarian_leader_valid_trigger, near line: 10047" in file: "common/ideologies/01_character_ideologies.txt" near line: 10048
[09:25:09][pdx_persistent_reader.cpp:268]: Error: "Unknown trigger type: country_is_colonial_or_company, near line: 10169" in file: "common/ideologies/01_character_ideologies.txt" near line: 10170
[09:25:09][pdx_persistent_reader.cpp:268]: Error: "Unknown trigger type: ideology_sovereignist_leader_valid_trigger, near line: 10173" in file: "common/ideologies/01_character_ideologies.txt" near line: 10174
[09:25:09][pdx_persistent_reader.cpp:268]: Error: "Unknown trigger type: ideology_sovereignist_leader_valid_trigger, near line: 10181" in file: "common/ideologies/01_character_ideologies.txt" near line: 10182
[09:25:09][pdx_persistent_reader.cpp:268]: Error: "Unknown trigger type: ideology_utopian_valid_trigger, near line: 10306" in file: "common/ideologies/01_character_ideologies.txt" near line: 10307
[09:25:09][pdx_persistent_reader.cpp:268]: Error: "Unknown trigger type: country_has_monarchy_law, near line: 10331" in file: "common/ideologies/01_character_ideologies.txt" near line: 10332
[09:25:09][pdx_persistent_reader.cpp:268]: Error: "Unknown trigger type: ideology_utopian_valid_trigger, near line: 10339" in file: "common/ideologies/01_character_ideologies.txt" near line: 10340
[09:25:09][pdx_persistent_reader.cpp:268]: Error: "Unknown trigger type: ideology_modernizer_leader_valid_trigger, near line: 10478" in file: "common/ideologies/01_character_ideologies.txt" near line: 10479
[09:25:09][pdx_persistent_reader.cpp:268]: Error: "Unknown trigger type: ideology_modernizer_leader_valid_trigger, near line: 10498" in file: "common/ideologies/01_character_ideologies.txt" near line: 10499
[09:25:09][pdx_persistent_reader.cpp:268]: Error: "Unknown trigger type: ideology_carlist_valid_trigger, near line: 10667" in file: "common/ideologies/01_character_ideologies.txt" near line: 10668
[09:25:09][pdx_persistent_reader.cpp:268]: Error: "Unknown trigger type: ideology_carlist_valid_trigger, near line: 10683" in file: "common/ideologies/01_character_ideologies.txt" near line: 10684
[09:25:09][pdx_persistent_reader.cpp:268]: Error: "Unknown trigger type: country_has_monarchy_law, near line: 10708" in file: "common/ideologies/01_character_ideologies.txt" near line: 10708
[09:25:09][pdx_persistent_reader.cpp:268]: Error: "Unknown trigger type: character_has_carlist_ideology, near line: 10737" in file: "common/ideologies/01_character_ideologies.txt" near line: 10737
[09:25:09][pdx_persistent_reader.cpp:268]: Error: "Unknown trigger type: character_has_carlist_ideology, near line: 10752" in file: "common/ideologies/01_character_ideologies.txt" near line: 10752
[09:25:09][pdx_persistent_reader.cpp:268]: Error: "Unknown trigger type: country_has_monarchy_law, near line: 10795" in file: "common/ideologies/01_character_ideologies.txt" near line: 10795
[09:25:09][pdx_persistent_reader.cpp:268]: Error: "Unknown trigger type: character_has_carlist_ideology, near line: 10818" in file: "common/ideologies/01_character_ideologies.txt" near line: 10818
[09:25:09][pdx_persistent_reader.cpp:268]: Error: "Unknown trigger type: character_has_carlist_ideology, near line: 10830" in file: "common/ideologies/01_character_ideologies.txt" near line: 10830
[09:25:09][pdx_persistent_reader.cpp:268]: Error: "Unknown trigger type: ideology_carlist_valid_trigger, near line: 10931" in file: "common/ideologies/01_character_ideologies.txt" near line: 10932
[09:25:09][pdx_persistent_reader.cpp:268]: Error: "Unknown trigger type: ideology_carlist_valid_trigger, near line: 10947" in file: "common/ideologies/01_character_ideologies.txt" near line: 10948
[09:25:09][pdx_persistent_reader.cpp:268]: Error: "Unknown trigger type: country_has_monarchy_law, near line: 10972" in file: "common/ideologies/01_character_ideologies.txt" near line: 10972
[09:25:09][pdx_persistent_reader.cpp:268]: Error: "Unknown trigger type: character_has_carlist_ideology, near line: 11001" in file: "common/ideologies/01_character_ideologies.txt" near line: 11001
[09:25:09][pdx_persistent_reader.cpp:268]: Error: "Unknown trigger type: character_has_carlist_ideology, near line: 11016" in file: "common/ideologies/01_character_ideologies.txt" near line: 11016
[09:25:09][pdx_persistent_reader.cpp:268]: Error: "Unknown trigger type: character_has_carlist_ideology, near line: 11082" in file: "common/ideologies/01_character_ideologies.txt" near line: 11082
[09:25:09][pdx_persistent_reader.cpp:268]: Error: "Unknown trigger type: character_has_carlist_ideology, near line: 11094" in file: "common/ideologies/01_character_ideologies.txt" near line: 11094
[09:25:09][pdx_persistent_reader.cpp:268]: Error: "Unknown trigger type: ideology_miguelist_valid_trigger, near line: 11194" in file: "common/ideologies/01_character_ideologies.txt" near line: 11195
[09:25:09][pdx_persistent_reader.cpp:268]: Error: "Unknown trigger type: ideology_miguelist_valid_trigger, near line: 11210" in file: "common/ideologies/01_character_ideologies.txt" near line: 11211
[09:25:09][pdx_persistent_reader.cpp:268]: Error: "Unknown trigger type: country_has_monarchy_law, near line: 11235" in file: "common/ideologies/01_character_ideologies.txt" near line: 11235
[09:25:09][pdx_persistent_reader.cpp:268]: Error: "Unknown trigger type: character_has_miguelist_ideology, near line: 11264" in file: "common/ideologies/01_character_ideologies.txt" near line: 11264
[09:25:09][pdx_persistent_reader.cpp:268]: Error: "Unknown trigger type: character_has_miguelist_ideology, near line: 11279" in file: "common/ideologies/01_character_ideologies.txt" near line: 11279
[09:25:09][pdx_persistent_reader.cpp:268]: Error: "Unknown trigger type: country_has_monarchy_law, near line: 11322" in file: "common/ideologies/01_character_ideologies.txt" near line: 11322
[09:25:09][pdx_persistent_reader.cpp:268]: Error: "Unknown trigger type: character_has_miguelist_ideology, near line: 11345" in file: "common/ideologies/01_character_ideologies.txt" near line: 11345
[09:25:09][pdx_persistent_reader.cpp:268]: Error: "Unknown trigger type: character_has_miguelist_ideology, near line: 11357" in file: "common/ideologies/01_character_ideologies.txt" near line: 11357
[09:25:09][pdx_persistent_reader.cpp:268]: Error: "Unknown trigger type: ideology_miguelist_valid_trigger, near line: 11454" in file: "common/ideologies/01_character_ideologies.txt" near line: 11455
[09:25:09][pdx_persistent_reader.cpp:268]: Error: "Unknown trigger type: ideology_miguelist_valid_trigger, near line: 11470" in file: "common/ideologies/01_character_ideologies.txt" near line: 11471
[09:25:09][pdx_persistent_reader.cpp:268]: Error: "Unknown trigger type: country_has_monarchy_law, near line: 11495" in file: "common/ideologies/01_character_ideologies.txt" near line: 11495
[09:25:09][pdx_persistent_reader.cpp:268]: Error: "Unknown trigger type: character_has_miguelist_ideology, near line: 11524" in file: "common/ideologies/01_character_ideologies.txt" near line: 11524
[09:25:09][pdx_persistent_reader.cpp:268]: Error: "Unknown trigger type: character_has_miguelist_ideology, near line: 11539" in file: "common/ideologies/01_character_ideologies.txt" near line: 11539
[09:25:09][pdx_persistent_reader.cpp:268]: Error: "Unknown trigger type: character_has_miguelist_ideology, near line: 11605" in file: "common/ideologies/01_character_ideologies.txt" near line: 11605
[09:25:09][pdx_persistent_reader.cpp:268]: Error: "Unknown trigger type: character_has_miguelist_ideology, near line: 11617" in file: "common/ideologies/01_character_ideologies.txt" near line: 11617
[09:25:09][pdx_persistent_reader.cpp:268]: Error: "Unknown trigger type: ideology_ilustrado_leader_valid_trigger, near line: 11689" in file: "common/ideologies/01_character_ideologies.txt" near line: 11690
[09:25:09][pdx_persistent_reader.cpp:268]: Error: "Unknown trigger type: ideology_ilustrado_leader_valid_trigger, near line: 11703" in file: "common/ideologies/01_character_ideologies.txt" near line: 11704
[09:25:09][pdx_persistent_reader.cpp:268]: Error: "Unknown trigger type: ideology_modernizer_leader_valid_trigger, near line: 11807" in file: "common/ideologies/01_character_ideologies.txt" near line: 11808
[09:25:09][pdx_persistent_reader.cpp:268]: Error: "Unknown trigger type: ideology_shojoi_leader_valid_trigger, near line: 11940" in file: "common/ideologies/01_character_ideologies.txt" near line: 11941
[09:25:09][pdx_persistent_reader.cpp:268]: Error: "Unknown trigger type: country_has_pending_meiji_restoration, near line: 11993" in file: "common/ideologies/01_character_ideologies.txt" near line: 11994
[09:25:09][pdx_persistent_reader.cpp:268]: Error: "Unknown trigger type: ideology_orleanist_valid_trigger, near line: 77" in file: "common/ideologies/02_character_french_flavored.txt" near line: 78
[09:25:09][pdx_persistent_reader.cpp:268]: Error: "Unknown trigger type: ideology_orleanist_valid_trigger, near line: 82" in file: "common/ideologies/02_character_french_flavored.txt" near line: 83
[09:25:09][pdx_persistent_reader.cpp:268]: Error: "Unknown trigger type: country_has_monarchy_law, near line: 106" in file: "common/ideologies/02_character_french_flavored.txt" near line: 106
[09:25:09][pdx_persistent_reader.cpp:268]: Error: "Unknown trigger type: country_has_monarchy_law, near line: 142" in file: "common/ideologies/02_character_french_flavored.txt" near line: 143
[09:25:09][pdx_persistent_reader.cpp:268]: Error: "Unknown trigger type: country_has_monarchy_law, near line: 157" in file: "common/ideologies/02_character_french_flavored.txt" near line: 157
[09:25:09][pdx_persistent_reader.cpp:268]: Error: "Unknown trigger type: country_has_monarchy_law, near line: 211" in file: "common/ideologies/02_character_french_flavored.txt" near line: 211
[09:25:09][pdx_persistent_reader.cpp:268]: Error: "Unknown trigger type: country_has_monarchy_law, near line: 242" in file: "common/ideologies/02_character_french_flavored.txt" near line: 243
[09:25:09][pdx_persistent_reader.cpp:268]: Error: "Unknown trigger type: country_has_monarchy_law, near line: 254" in file: "common/ideologies/02_character_french_flavored.txt" near line: 254
[09:25:09][pdx_persistent_reader.cpp:268]: Error: "Unknown trigger type: ideology_legitimist_valid_trigger, near line: 363" in file: "common/ideologies/02_character_french_flavored.txt" near line: 364
[09:25:09][pdx_persistent_reader.cpp:268]: Error: "Unknown trigger type: ideology_legitimist_valid_trigger, near line: 368" in file: "common/ideologies/02_character_french_flavored.txt" near line: 369
[09:25:09][pdx_persistent_reader.cpp:268]: Error: "Unknown trigger type: country_has_monarchy_law, near line: 392" in file: "common/ideologies/02_character_french_flavored.txt" near line: 392
[09:25:09][pdx_persistent_reader.cpp:268]: Error: "Unknown trigger type: country_has_monarchy_law, near line: 420" in file: "common/ideologies/02_character_french_flavored.txt" near line: 421
[09:25:09][pdx_persistent_reader.cpp:268]: Error: "Unknown trigger type: country_has_monarchy_law, near line: 435" in file: "common/ideologies/02_character_french_flavored.txt" near line: 435
[09:25:09][pdx_persistent_reader.cpp:268]: Error: "Unknown trigger type: country_has_monarchy_law, near line: 490" in file: "common/ideologies/02_character_french_flavored.txt" near line: 490
[09:25:09][pdx_persistent_reader.cpp:268]: Error: "Unknown trigger type: country_has_monarchy_law, near line: 512" in file: "common/ideologies/02_character_french_flavored.txt" near line: 513
[09:25:09][pdx_persistent_reader.cpp:268]: Error: "Unknown trigger type: country_has_monarchy_law, near line: 524" in file: "common/ideologies/02_character_french_flavored.txt" near line: 524
[09:25:09][pdx_persistent_reader.cpp:268]: Error: "Unknown trigger type: ideology_bonapartist_valid_trigger, near line: 649" in file: "common/ideologies/02_character_french_flavored.txt" near line: 650
[09:25:09][pdx_persistent_reader.cpp:268]: Error: "Unknown trigger type: ideology_bonapartist_valid_trigger, near line: 654" in file: "common/ideologies/02_character_french_flavored.txt" near line: 655
[09:25:09][pdx_persistent_reader.cpp:268]: Error: "Unknown trigger type: country_has_monarchy_law, near line: 678" in file: "common/ideologies/02_character_french_flavored.txt" near line: 678
[09:25:09][pdx_persistent_reader.cpp:268]: Error: "Unknown trigger type: country_has_monarchy_law, near line: 706" in file: "common/ideologies/02_character_french_flavored.txt" near line: 707
[09:25:09][pdx_persistent_reader.cpp:268]: Error: "Unknown trigger type: country_has_monarchy_law, near line: 721" in file: "common/ideologies/02_character_french_flavored.txt" near line: 721
[09:25:09][pdx_persistent_reader.cpp:268]: Error: "Unknown trigger type: country_has_monarchy_law, near line: 777" in file: "common/ideologies/02_character_french_flavored.txt" near line: 777
[09:25:09][pdx_persistent_reader.cpp:268]: Error: "Unknown trigger type: country_has_monarchy_law, near line: 811" in file: "common/ideologies/02_character_french_flavored.txt" near line: 812
[09:25:09][pdx_persistent_reader.cpp:268]: Error: "Unknown trigger type: country_has_monarchy_law, near line: 823" in file: "common/ideologies/02_character_french_flavored.txt" near line: 823
[09:25:09][pdx_persistent_reader.cpp:268]: Error: "Unknown trigger type: has_addiction, near line: 35" in file: "common/character_traits/condition_traits.txt" near line: 37
[09:25:09][pdx_persistent_reader.cpp:268]: Error: "Unknown trigger type: has_addiction, near line: 101" in file: "common/character_traits/condition_traits.txt" near line: 103
[09:25:09][pdx_persistent_reader.cpp:268]: Error: "Unknown trigger type: has_addiction, near line: 161" in file: "common/character_traits/condition_traits.txt" near line: 163
[09:25:09][pdx_persistent_reader.cpp:268]: Error: "Unknown trigger type: is_commander, near line: 455" in file: "common/character_traits/condition_traits.txt" near line: 456
[09:25:09][pdx_persistent_reader.cpp:268]: Error: "Unknown trigger type: is_commander, near line: 518" in file: "common/character_traits/condition_traits.txt" near line: 519
[09:25:09][pdx_persistent_reader.cpp:268]: Error: "Unknown trigger type: is_commander, near line: 538" in file: "common/character_traits/condition_traits.txt" near line: 539
[09:25:10][pdx_persistent_reader.cpp:268]: Error: "Unknown trigger type: has_colonial_growth, near line: 1332" in file: "common/character_traits/skill_traits.txt" near line: 1333
[09:25:10][pdx_persistent_reader.cpp:268]: Error: "Unknown trigger type: is_commander, near line: 1733" in file: "common/character_traits/skill_traits.txt" near line: 1736
[09:25:10][pdx_persistent_reader.cpp:268]: Error: "Unknown trigger type: is_commander, near line: 1744" in file: "common/character_traits/skill_traits.txt" near line: 1745
[09:25:10][pdx_persistent_reader.cpp:268]: Error: "Unknown trigger type: is_commander, near line: 1929" in file: "common/character_traits/skill_traits.txt" near line: 1932
[09:25:10][pdx_persistent_reader.cpp:268]: Error: "Unknown trigger type: country_is_taikunate, near line: 14" in file: "common/character_roles/01_appointment_roles.txt" near line: 15
[09:25:10][pdx_persistent_reader.cpp:268]: Error: "Unknown trigger type: ig_counts_as_marginal, near line: 764" in file: "common/interest_groups/00_devout.txt" near line: 765
[09:25:10][pdx_persistent_reader.cpp:268]: Error: "Unknown trigger type: ig_counts_as_marginal, near line: 833" in file: "common/interest_groups/00_devout.txt" near line: 834
[09:25:10][pdx_persistent_reader.cpp:268]: Error: "Unknown trigger type: ig_counts_as_marginal, near line: 415" in file: "common/interest_groups/00_industrialists.txt" near line: 416
[09:25:10][pdx_persistent_reader.cpp:268]: Error: "Unknown trigger type: ig_counts_as_marginal, near line: 486" in file: "common/interest_groups/00_industrialists.txt" near line: 487
[09:25:10][pdx_persistent_reader.cpp:268]: Error: "Unknown trigger type: ig_counts_as_marginal, near line: 483" in file: "common/interest_groups/00_intelligentsia.txt" near line: 484
[09:25:10][pdx_persistent_reader.cpp:268]: Error: "Unknown trigger type: ig_counts_as_marginal, near line: 540" in file: "common/interest_groups/00_intelligentsia.txt" near line: 541
[09:25:10][pdx_persistent_reader.cpp:268]: Error: "Unknown trigger type: ig_counts_as_marginal, near line: 562" in file: "common/interest_groups/00_landowners.txt" near line: 563
[09:25:10][pdx_persistent_reader.cpp:268]: Error: "Unknown trigger type: ig_counts_as_marginal, near line: 616" in file: "common/interest_groups/00_landowners.txt" near line: 617
[09:25:10][pdx_persistent_reader.cpp:268]: Error: "Unknown trigger type: pop_typically_counts_as_middle_strata, near line: 305" in file: "common/interest_groups/00_petty_bourgeoisie.txt" near line: 306
[09:25:10][pdx_persistent_reader.cpp:268]: Error: "Unknown trigger type: ig_counts_as_marginal, near line: 503" in file: "common/interest_groups/00_petty_bourgeoisie.txt" near line: 504
[09:25:10][pdx_persistent_reader.cpp:268]: Error: "Unknown trigger type: ig_counts_as_marginal, near line: 549" in file: "common/interest_groups/00_petty_bourgeoisie.txt" near line: 550
[09:25:10][pdx_persistent_reader.cpp:268]: Error: "Unknown trigger type: ig_counts_as_marginal, near line: 373" in file: "common/interest_groups/00_rural_folk.txt" near line: 374
[09:25:10][pdx_persistent_reader.cpp:268]: Error: "Unknown trigger type: ig_counts_as_marginal, near line: 419" in file: "common/interest_groups/00_rural_folk.txt" near line: 420
[09:25:10][pdx_persistent_reader.cpp:268]: Error: "Unknown trigger type: pop_typically_counts_as_middle_strata, near line: 150" in file: "common/interest_groups/00_trade_unions.txt" near line: 151
[09:25:10][pdx_persistent_reader.cpp:268]: Error: "Unknown trigger type: ig_counts_as_marginal, near line: 287" in file: "common/interest_groups/00_trade_unions.txt" near line: 288
[09:25:10][pdx_persistent_reader.cpp:268]: Error: "Unknown trigger type: ig_counts_as_marginal, near line: 333" in file: "common/interest_groups/00_trade_unions.txt" near line: 334
[09:25:10][pdx_persistent_reader.cpp:268]: Error: "Unknown trigger type: country_is_taikunate, near line: 159" in file: "common/parties/agrarian_party.txt" near line: 160
[09:25:10][pdx_persistent_reader.cpp:268]: Error: "Unknown trigger type: has_socialist_ideology, near line: 182" in file: "common/parties/agrarian_party.txt" near line: 184
[09:25:10][pdx_persistent_reader.cpp:268]: Error: "Unknown trigger type: has_socialist_ideology, near line: 203" in file: "common/parties/agrarian_party.txt" near line: 205
[09:25:10][pdx_persistent_reader.cpp:268]: Error: "Unknown trigger type: has_socialist_ideology, near line: 219" in file: "common/parties/agrarian_party.txt" near line: 221
[09:25:10][pdx_persistent_reader.cpp:268]: Error: "Unknown trigger type: country_has_voting_franchise, near line: 245" in file: "common/parties/agrarian_party.txt" near line: 248
[09:25:10][pdx_persistent_reader.cpp:268]: Error: "Unknown trigger type: ig_counts_as_marginal, near line: 251" in file: "common/parties/agrarian_party.txt" near line: 252
[09:25:10][pdx_persistent_reader.cpp:268]: Error: "Unknown trigger type: character_has_carlist_ideology, near line: 594
Unknown trigger type: character_has_miguelist_ideology, near line: 595" in file: "common/parties/agrarian_party.txt" near line: 596
[09:25:10][pdx_persistent_reader.cpp:268]: Error: "Unknown trigger type: ig_counts_as_marginal, near line: 618" in file: "common/parties/agrarian_party.txt" near line: 619
[09:25:10][pdx_persistent_reader.cpp:268]: Error: "Unknown trigger type: country_has_voting_franchise, near line: 84" in file: "common/parties/anarchist_party.txt" near line: 87
[09:25:10][pdx_persistent_reader.cpp:268]: Error: "Unknown trigger type: ig_counts_as_marginal, near line: 90" in file: "common/parties/anarchist_party.txt" near line: 93
[09:25:10][pdx_persistent_reader.cpp:268]: Error: "Unknown trigger type: ig_counts_as_marginal, near line: 174" in file: "common/parties/anarchist_party.txt" near line: 179
[09:25:10][pdx_persistent_reader.cpp:268]: Error: "Unknown trigger type: ig_counts_as_marginal, near line: 340" in file: "common/parties/anarchist_party.txt" near line: 341
[09:25:10][pdx_persistent_reader.cpp:268]: Error: "Unknown trigger type: country_has_voting_franchise, near line: 309" in file: "common/parties/communist_party.txt" near line: 312
[09:25:10][pdx_persistent_reader.cpp:268]: Error: "Unknown trigger type: character_has_carlist_ideology, near line: 336" in file: "common/parties/communist_party.txt" near line: 343
[09:25:10][pdx_persistent_reader.cpp:268]: Error: "Unknown trigger type: ig_counts_as_marginal, near line: 638" in file: "common/parties/communist_party.txt" near line: 639
[09:25:10][pdx_persistent_reader.cpp:268]: Error: "Unknown trigger type: has_gov_regency, near line: 198" in file: "common/parties/conservative_party.txt" near line: 199
[09:25:10][pdx_persistent_reader.cpp:268]: Error: "Unknown trigger type: has_gov_regency, near line: 208" in file: "common/parties/conservative_party.txt" near line: 209
[09:25:10][pdx_persistent_reader.cpp:268]: Error: "Unknown trigger type: country_is_taikunate, near line: 339" in file: "common/parties/conservative_party.txt" near line: 340
[09:25:10][pdx_persistent_reader.cpp:268]: Error: "Unknown trigger type: country_is_taikunate, near line: 357" in file: "common/parties/conservative_party.txt" near line: 358
[09:25:10][pdx_persistent_reader.cpp:268]: Error: "Unknown trigger type: country_has_voting_franchise, near line: 485" in file: "common/parties/conservative_party.txt" near line: 488
[09:25:10][pdx_persistent_reader.cpp:268]: Error: "Unknown trigger type: ig_counts_as_marginal, near line: 491" in file: "common/parties/conservative_party.txt" near line: 492
[09:25:10][pdx_persistent_reader.cpp:268]: Error: "Unknown trigger type: ig_counts_as_marginal, near line: 494" in file: "common/parties/conservative_party.txt" near line: 495
[09:25:10][pdx_persistent_reader.cpp:268]: Error: "Unknown trigger type: ig_counts_as_marginal, near line: 497" in file: "common/parties/conservative_party.txt" near line: 498
[09:25:10][pdx_persistent_reader.cpp:268]: Error: "Unknown trigger type: has_paternalist_ideology, near line: 574
Unknown trigger type: has_hierarchic_ideology, near line: 575" in file: "common/parties/conservative_party.txt" near line: 579
[09:25:10][pdx_persistent_reader.cpp:268]: Error: "Unknown trigger type: has_paternalist_ideology, near line: 672" in file: "common/parties/conservative_party.txt" near line: 673
[09:25:10][pdx_persistent_reader.cpp:268]: Error: "Unknown trigger type: has_hierarchic_ideology, near line: 687" in file: "common/parties/conservative_party.txt" near line: 688
[09:25:10][pdx_persistent_reader.cpp:268]: Error: "Unknown trigger type: ig_has_carlist_ideology, near line: 832" in file: "common/parties/conservative_party.txt" near line: 834
[09:25:10][pdx_persistent_reader.cpp:268]: Error: "Unknown trigger type: has_hierarchic_ideology, near line: 850" in file: "common/parties/conservative_party.txt" near line: 853
[09:25:10][pdx_persistent_reader.cpp:268]: Error: "Unknown trigger type: has_hierarchic_ideology, near line: 869" in file: "common/parties/conservative_party.txt" near line: 871
[09:25:10][pdx_persistent_reader.cpp:268]: Error: "Unknown trigger type: has_paternalist_ideology, near line: 887" in file: "common/parties/conservative_party.txt" near line: 890
[09:25:10][pdx_persistent_reader.cpp:268]: Error: "Unknown trigger type: interest_group_has_liberal_ideology, near line: 907
Unknown trigger type: interest_group_has_progressive_ideology, near line: 908
Unknown trigger type: interest_group_has_socialist_ideology, near line: 909" in file: "common/parties/conservative_party.txt" near line: 910
[09:25:10][pdx_persistent_reader.cpp:268]: Error: "Unknown trigger type: character_has_carlist_ideology, near line: 990
Unknown trigger type: character_has_miguelist_ideology, near line: 991" in file: "common/parties/conservative_party.txt" near line: 992
[09:25:10][pdx_persistent_reader.cpp:268]: Error: "Unknown trigger type: ig_counts_as_marginal, near line: 1015" in file: "common/parties/conservative_party.txt" near line: 1016
[09:25:10][pdx_persistent_reader.cpp:268]: Error: "Unknown trigger type: country_is_taikunate, near line: 294" in file: "common/parties/fascist_party.txt" near line: 298
[09:25:10][pdx_persistent_reader.cpp:268]: Error: "Unknown trigger type: country_is_taikunate, near line: 306" in file: "common/parties/fascist_party.txt" near line: 307
[09:25:10][pdx_persistent_reader.cpp:268]: Error: "Unknown trigger type: country_has_voting_franchise, near line: 354" in file: "common/parties/fascist_party.txt" near line: 357
[09:25:10][pdx_persistent_reader.cpp:268]: Error: "Unknown trigger type: has_paternalist_ideology, near line: 587" in file: "common/parties/fascist_party.txt" near line: 590
[09:25:10][pdx_persistent_reader.cpp:268]: Error: "Unknown trigger type: ig_counts_as_marginal, near line: 662" in file: "common/parties/fascist_party.txt" near line: 663
[09:25:10][pdx_persistent_reader.cpp:268]: Error: "Unknown trigger type: country_is_taikunate, near line: 37" in file: "common/parties/free_trade_party.txt" near line: 38
[09:25:10][pdx_persistent_reader.cpp:268]: Error: "Unknown trigger type: country_has_voting_franchise, near line: 194" in file: "common/parties/free_trade_party.txt" near line: 197
[09:25:10][pdx_persistent_reader.cpp:268]: Error: "Unknown trigger type: ig_counts_as_marginal, near line: 200" in file: "common/parties/free_trade_party.txt" near line: 205
[09:25:10][pdx_persistent_reader.cpp:268]: Error: "Unknown trigger type: has_hierarchic_ideology, near line: 385" in file: "common/parties/free_trade_party.txt" near line: 388
[09:25:10][pdx_persistent_reader.cpp:268]: Error: "Unknown trigger type: has_hierarchic_ideology, near line: 404" in file: "common/parties/free_trade_party.txt" near line: 406
[09:25:10][pdx_persistent_reader.cpp:268]: Error: "Unknown trigger type: ig_has_carlist_ideology, near line: 489" in file: "common/parties/free_trade_party.txt" near line: 493
[09:25:10][pdx_persistent_reader.cpp:268]: Error: "Unknown trigger type: has_hierarchic_ideology, near line: 531" in file: "common/parties/free_trade_party.txt" near line: 532
[09:25:10][pdx_persistent_reader.cpp:268]: Error: "Unknown trigger type: has_hierarchic_ideology, near line: 547" in file: "common/parties/free_trade_party.txt" near line: 548
[09:25:10][pdx_persistent_reader.cpp:268]: Error: "Unknown trigger type: ig_has_carlist_ideology, near line: 564" in file: "common/parties/free_trade_party.txt" near line: 571
[09:25:10][pdx_persistent_reader.cpp:268]: Error: "Unknown trigger type: ig_counts_as_marginal, near line: 654" in file: "common/parties/free_trade_party.txt" near line: 655
[09:25:10][pdx_persistent_reader.cpp:268]: Error: "Unknown trigger type: has_gov_regency, near line: 61" in file: "common/parties/liberal_party.txt" near line: 62
[09:25:10][pdx_persistent_reader.cpp:268]: Error: "Unknown trigger type: has_gov_regency, near line: 69" in file: "common/parties/liberal_party.txt" near line: 70
[09:25:10][pdx_persistent_reader.cpp:268]: Error: "Unknown trigger type: interest_group_has_conservative_ideology, near line: 319
Unknown trigger type: has_conservative_ideology, near line: 321" in file: "common/parties/liberal_party.txt" near line: 322
[09:25:10][pdx_persistent_reader.cpp:268]: Error: "Unknown trigger type: country_is_taikunate, near line: 338" in file: "common/parties/liberal_party.txt" near line: 339
[09:25:10][pdx_persistent_reader.cpp:268]: Error: "Unknown trigger type: country_is_taikunate, near line: 355
Unknown trigger type: researched_mass_politics, near line: 356" in file: "common/parties/liberal_party.txt" near line: 356
[09:25:10][pdx_persistent_reader.cpp:268]: Error: "Unknown trigger type: country_has_voting_franchise, near line: 400" in file: "common/parties/liberal_party.txt" near line: 403
[09:25:10][pdx_persistent_reader.cpp:268]: Error: "Unknown trigger type: ig_counts_as_marginal, near line: 406" in file: "common/parties/liberal_party.txt" near line: 407
[09:25:10][pdx_persistent_reader.cpp:268]: Error: "Unknown trigger type: ig_counts_as_marginal, near line: 409" in file: "common/parties/liberal_party.txt" near line: 410
[09:25:10][pdx_persistent_reader.cpp:268]: Error: "Unknown trigger type: ig_counts_as_marginal, near line: 412" in file: "common/parties/liberal_party.txt" near line: 413
[09:25:10][pdx_persistent_reader.cpp:268]: Error: "Unknown trigger type: character_has_carlist_ideology, near line: 528" in file: "common/parties/liberal_party.txt" near line: 536
[09:25:10][pdx_persistent_reader.cpp:268]: Error: "Unknown trigger type: has_reactionary_ideology, near line: 1120
Unknown trigger type: has_conservative_ideology, near line: 1121
Unknown trigger type: has_socialist_ideology, near line: 1122" in file: "common/parties/liberal_party.txt" near line: 1123
[09:25:10][pdx_persistent_reader.cpp:268]: Error: "Unknown trigger type: character_has_carlist_ideology, near line: 1175
Unknown trigger type: character_has_miguelist_ideology, near line: 1176" in file: "common/parties/liberal_party.txt" near line: 1177
[09:25:10][pdx_persistent_reader.cpp:268]: Error: "Unknown trigger type: ig_counts_as_marginal, near line: 1234" in file: "common/parties/liberal_party.txt" near line: 1235
[09:25:10][pdx_persistent_reader.cpp:268]: Error: "Unknown trigger type: country_is_taikunate, near line: 65" in file: "common/parties/military_party.txt" near line: 66
[09:25:10][pdx_persistent_reader.cpp:268]: Error: "Unknown trigger type: country_is_taikunate, near line: 82" in file: "common/parties/military_party.txt" near line: 83
[09:25:10][pdx_persistent_reader.cpp:268]: Error: "Unknown trigger type: country_has_voting_franchise, near line: 144" in file: "common/parties/military_party.txt" near line: 147
[09:25:10][pdx_persistent_reader.cpp:268]: Error: "Unknown trigger type: ig_counts_as_marginal, near line: 150" in file: "common/parties/military_party.txt" near line: 151
[09:25:10][pdx_persistent_reader.cpp:268]: Error: "Unknown trigger type: has_paternalist_ideology, near line: 257" in file: "common/parties/military_party.txt" near line: 260
[09:25:10][pdx_persistent_reader.cpp:268]: Error: "Unknown trigger type: character_has_carlist_ideology, near line: 395
Unknown trigger type: character_has_miguelist_ideology, near line: 396" in file: "common/parties/military_party.txt" near line: 397
[09:25:10][pdx_persistent_reader.cpp:268]: Error: "Unknown trigger type: ig_counts_as_marginal, near line: 419" in file: "common/parties/military_party.txt" near line: 420
[09:25:10][pdx_persistent_reader.cpp:268]: Error: "Unknown trigger type: country_is_taikunate, near line: 243" in file: "common/parties/radical_party.txt" near line: 244
[09:25:10][pdx_persistent_reader.cpp:268]: Error: "Unknown trigger type: country_is_taikunate, near line: 259" in file: "common/parties/radical_party.txt" near line: 260
[09:25:10][pdx_persistent_reader.cpp:268]: Error: "Unknown trigger type: country_has_voting_franchise, near line: 315" in file: "common/parties/radical_party.txt" near line: 318
[09:25:10][pdx_persistent_reader.cpp:268]: Error: "Unknown trigger type: ig_counts_as_marginal, near line: 321" in file: "common/parties/radical_party.txt" near line: 325
[09:25:10][pdx_persistent_reader.cpp:268]: Error: "Unknown trigger type: character_has_carlist_ideology, near line: 346" in file: "common/parties/radical_party.txt" near line: 353
[09:25:10][pdx_persistent_reader.cpp:268]: Error: "Unknown trigger type: ig_counts_as_marginal, near line: 742" in file: "common/parties/radical_party.txt" near line: 743
[09:25:10][pdx_persistent_reader.cpp:268]: Error: "Unknown trigger type: country_is_taikunate, near line: 164" in file: "common/parties/religious_party.txt" near line: 165
[09:25:10][pdx_persistent_reader.cpp:268]: Error: "Unknown trigger type: country_has_voting_franchise, near line: 264" in file: "common/parties/religious_party.txt" near line: 265
[09:25:10][pdx_persistent_reader.cpp:268]: Error: "Unknown trigger type: ig_counts_as_marginal, near line: 331" in file: "common/parties/religious_party.txt" near line: 332
[09:25:10][pdx_persistent_reader.cpp:268]: Error: "Unknown trigger type: character_has_carlist_ideology, near line: 410" in file: "common/parties/religious_party.txt" near line: 413
[09:25:10][pdx_persistent_reader.cpp:268]: Error: "Unknown trigger type: character_has_carlist_ideology, near line: 469
Unknown trigger type: character_has_miguelist_ideology, near line: 470" in file: "common/parties/religious_party.txt" near line: 471
[09:25:10][pdx_persistent_reader.cpp:268]: Error: "Unknown trigger type: ig_counts_as_marginal, near line: 496" in file: "common/parties/religious_party.txt" near line: 497
[09:25:10][pdx_persistent_reader.cpp:268]: Error: "Unknown trigger type: has_socialist_ideology, near line: 126" in file: "common/parties/social_democrats_party.txt" near line: 127
[09:25:10][pdx_persistent_reader.cpp:268]: Error: "Unknown trigger type: has_socialist_ideology, near line: 145" in file: "common/parties/social_democrats_party.txt" near line: 146
[09:25:10][pdx_persistent_reader.cpp:268]: Error: "Unknown trigger type: country_has_voting_franchise, near line: 270" in file: "common/parties/social_democrats_party.txt" near line: 273
[09:25:10][pdx_persistent_reader.cpp:268]: Error: "Unknown trigger type: ig_counts_as_marginal, near line: 276" in file: "common/parties/social_democrats_party.txt" near line: 279
[09:25:10][pdx_persistent_reader.cpp:268]: Error: "Unknown trigger type: ig_counts_as_marginal, near line: 282" in file: "common/parties/social_democrats_party.txt" near line: 283
[09:25:10][pdx_persistent_reader.cpp:268]: Error: "Unknown trigger type: character_has_carlist_ideology, near line: 296" in file: "common/parties/social_democrats_party.txt" near line: 302
[09:25:10][pdx_persistent_reader.cpp:268]: Error: "Unknown trigger type: ig_has_carlist_ideology, near line: 580" in file: "common/parties/social_democrats_party.txt" near line: 581
[09:25:10][pdx_persistent_reader.cpp:268]: Error: "Unknown trigger type: ig_counts_as_marginal, near line: 759" in file: "common/parties/social_democrats_party.txt" near line: 760
[09:25:10][pdx_persistent_reader.cpp:268]: Error: "Unknown trigger type: country_has_monarchy_law, near line: 162" in file: "common/government_types/01_colonial_administrations.txt" near line: 163
[09:25:10][pdx_persistent_reader.cpp:268]: Error: "Unknown trigger type: country_has_monarchy_law, near line: 189" in file: "common/government_types/01_colonial_administrations.txt" near line: 190
[09:25:10][pdx_persistent_reader.cpp:268]: Error: "Unknown trigger type: country_has_voting_franchise, near line: 237" in file: "common/government_types/01_colonial_administrations.txt" near line: 246
[09:25:10][pdx_persistent_reader.cpp:268]: Error: "Unknown trigger type: country_has_voting_franchise, near line: 268" in file: "common/government_types/01_colonial_administrations.txt" near line: 272
[09:25:10][pdx_persistent_reader.cpp:268]: Error: "Unknown trigger type: country_has_voting_franchise, near line: 292" in file: "common/government_types/01_colonial_administrations.txt" near line: 296
[09:25:10][pdx_persistent_reader.cpp:268]: Error: "Unknown trigger type: country_has_voting_franchise, near line: 315" in file: "common/government_types/01_colonial_administrations.txt" near line: 320
[09:25:10][pdx_persistent_reader.cpp:268]: Error: "Unknown trigger type: country_has_voting_franchise, near line: 390" in file: "common/government_types/01_monarchies.txt" near line: 396
[09:25:10][pdx_persistent_reader.cpp:268]: Error: "Unknown trigger type: country_has_voting_franchise, near line: 411" in file: "common/government_types/01_monarchies.txt" near line: 415
[09:25:10][pdx_persistent_reader.cpp:268]: Error: "Unknown trigger type: country_has_voting_franchise, near line: 431" in file: "common/government_types/01_monarchies.txt" near line: 435
[09:25:10][pdx_persistent_reader.cpp:268]: Error: "Unknown trigger type: country_has_voting_franchise, near line: 466" in file: "common/government_types/01_monarchies.txt" near line: 469
[09:25:10][pdx_persistent_reader.cpp:268]: Error: "Unknown trigger type: country_has_voting_franchise, near line: 483" in file: "common/government_types/01_monarchies.txt" near line: 485
[09:25:10][pdx_persistent_reader.cpp:268]: Error: "Unknown trigger type: country_has_voting_franchise, near line: 499" in file: "common/government_types/01_monarchies.txt" near line: 501
[09:25:10][pdx_persistent_reader.cpp:268]: Error: "Unknown trigger type: country_has_voting_franchise, near line: 536" in file: "common/government_types/01_monarchies.txt" near line: 539
[09:25:10][pdx_persistent_reader.cpp:268]: Error: "Unknown trigger type: country_has_voting_franchise, near line: 555" in file: "common/government_types/01_monarchies.txt" near line: 558
[09:25:10][pdx_persistent_reader.cpp:268]: Error: "Unknown trigger type: country_has_voting_franchise, near line: 594" in file: "common/government_types/01_monarchies.txt" near line: 596
[09:25:10][pdx_persistent_reader.cpp:268]: Error: "Unknown trigger type: country_has_voting_franchise, near line: 612" in file: "common/government_types/01_monarchies.txt" near line: 614
[09:25:10][pdx_persistent_reader.cpp:268]: Error: "Unknown trigger type: country_has_voting_franchise, near line: 645" in file: "common/government_types/01_monarchies.txt" near line: 648
[09:25:10][pdx_persistent_reader.cpp:268]: Error: "Unknown trigger type: country_has_voting_franchise, near line: 663" in file: "common/government_types/01_monarchies.txt" near line: 666
[09:25:10][pdx_persistent_reader.cpp:268]: Error: "Unknown trigger type: country_has_voting_franchise, near line: 697" in file: "common/government_types/01_monarchies.txt" near line: 699
[09:25:10][pdx_persistent_reader.cpp:268]: Error: "Unknown trigger type: country_has_voting_franchise, near line: 714" in file: "common/government_types/01_monarchies.txt" near line: 717
[09:25:10][pdx_persistent_reader.cpp:268]: Error: "Unknown trigger type: country_has_voting_franchise, near line: 747" in file: "common/government_types/01_monarchies.txt" near line: 749
[09:25:10][pdx_persistent_reader.cpp:268]: Error: "Unknown trigger type: country_has_voting_franchise, near line: 764" in file: "common/government_types/01_monarchies.txt" near line: 767
[09:25:10][pdx_persistent_reader.cpp:268]: Error: "Unknown trigger type: country_has_monarchy_law, near line: 12" in file: "common/government_types/01_regencies.txt" near line: 20
[09:25:10][pdx_persistent_reader.cpp:268]: Error: "Unknown trigger type: has_gov_regency, near line: 21" in file: "common/government_types/01_regencies.txt" near line: 22
[09:25:10][pdx_persistent_reader.cpp:268]: Error: "Unknown trigger type: country_has_monarchy_law, near line: 42" in file: "common/government_types/01_regencies.txt" near line: 44
[09:25:10][pdx_persistent_reader.cpp:268]: Error: "Unknown trigger type: has_gov_regency, near line: 50" in file: "common/government_types/01_regencies.txt" near line: 51
[09:25:10][pdx_persistent_reader.cpp:268]: Error: "Unknown trigger type: country_has_monarchy_law, near line: 71" in file: "common/government_types/01_regencies.txt" near line: 73
[09:25:10][pdx_persistent_reader.cpp:268]: Error: "Unknown trigger type: has_gov_regency, near line: 88" in file: "common/government_types/01_regencies.txt" near line: 89
[09:25:10][pdx_persistent_reader.cpp:268]: Error: "Unknown trigger type: country_has_monarchy_law, near line: 109" in file: "common/government_types/01_regencies.txt" near line: 111
[09:25:10][pdx_persistent_reader.cpp:268]: Error: "Unknown trigger type: has_gov_regency, near line: 119" in file: "common/government_types/01_regencies.txt" near line: 120
[09:25:10][pdx_persistent_reader.cpp:268]: Error: "Unknown trigger type: country_has_monarchy_law, near line: 140" in file: "common/government_types/01_regencies.txt" near line: 142
[09:25:10][pdx_persistent_reader.cpp:268]: Error: "Unknown trigger type: has_gov_regency, near line: 151" in file: "common/government_types/01_regencies.txt" near line: 152
[09:25:10][pdx_persistent_reader.cpp:268]: Error: "Unknown trigger type: country_has_monarchy_law, near line: 172" in file: "common/government_types/01_regencies.txt" near line: 174
[09:25:10][pdx_persistent_reader.cpp:268]: Error: "Unknown trigger type: has_gov_regency, near line: 180" in file: "common/government_types/01_regencies.txt" near line: 181
[09:25:10][pdx_persistent_reader.cpp:268]: Error: "Unknown trigger type: country_has_monarchy_law, near line: 201" in file: "common/government_types/01_regencies.txt" near line: 203
[09:25:10][pdx_persistent_reader.cpp:268]: Error: "Unknown trigger type: has_gov_regency, near line: 219" in file: "common/government_types/01_regencies.txt" near line: 220
[09:25:10][pdx_persistent_reader.cpp:268]: Error: "Unknown trigger type: country_has_monarchy_law, near line: 240" in file: "common/government_types/01_regencies.txt" near line: 242
[09:25:10][pdx_persistent_reader.cpp:268]: Error: "Unknown trigger type: has_gov_regency, near line: 252" in file: "common/government_types/01_regencies.txt" near line: 253
[09:25:10][pdx_persistent_reader.cpp:268]: Error: "Unknown trigger type: country_has_monarchy_law, near line: 273
Unknown trigger type: has_indian_primary_culture, near line: 274" in file: "common/government_types/01_regencies.txt" near line: 276
[09:25:10][pdx_persistent_reader.cpp:268]: Error: "Unknown trigger type: has_gov_regency, near line: 282" in file: "common/government_types/01_regencies.txt" near line: 283
[09:25:10][pdx_persistent_reader.cpp:268]: Error: "Unknown trigger type: country_has_monarchy_law, near line: 303
Unknown trigger type: has_indian_primary_culture, near line: 304" in file: "common/government_types/01_regencies.txt" near line: 306
[09:25:10][pdx_persistent_reader.cpp:268]: Error: "Unknown trigger type: has_gov_regency, near line: 316" in file: "common/government_types/01_regencies.txt" near line: 317
[09:25:10][pdx_persistent_reader.cpp:268]: Error: "Unknown trigger type: country_has_monarchy_law, near line: 337" in file: "common/government_types/01_regencies.txt" near line: 343
[09:25:10][pdx_persistent_reader.cpp:268]: Error: "Unknown trigger type: has_gov_regency, near line: 351" in file: "common/government_types/01_regencies.txt" near line: 352
[09:25:10][pdx_persistent_reader.cpp:268]: Error: "Unknown trigger type: country_has_monarchy_law, near line: 373" in file: "common/government_types/01_regencies.txt" near line: 375
[09:25:10][pdx_persistent_reader.cpp:268]: Error: "Unknown trigger type: has_gov_regency, near line: 376" in file: "common/government_types/01_regencies.txt" near line: 377
[09:25:10][pdx_persistent_reader.cpp:268]: Error: "Unknown trigger type: country_has_monarchy_law, near line: 399" in file: "common/government_types/01_regencies.txt" near line: 401
[09:25:10][pdx_persistent_reader.cpp:268]: Error: "Unknown trigger type: has_gov_regency, near line: 402" in file: "common/government_types/01_regencies.txt" near line: 403
[09:25:10][pdx_persistent_reader.cpp:268]: Error: "Unknown trigger type: country_has_monarchy_law, near line: 424" in file: "common/government_types/01_regencies.txt" near line: 427
[09:25:10][pdx_persistent_reader.cpp:268]: Error: "Unknown trigger type: has_gov_regency, near line: 428" in file: "common/government_types/01_regencies.txt" near line: 429
[09:25:10][pdx_persistent_reader.cpp:268]: Error: "Unknown trigger type: country_has_monarchy_law, near line: 450" in file: "common/government_types/01_regencies.txt" near line: 453
[09:25:10][pdx_persistent_reader.cpp:268]: Error: "Unknown trigger type: has_gov_regency, near line: 454" in file: "common/government_types/01_regencies.txt" near line: 455
[09:25:10][pdx_persistent_reader.cpp:268]: Error: "Unknown trigger type: country_has_monarchy_law, near line: 475" in file: "common/government_types/01_regencies.txt" near line: 481
[09:25:10][pdx_persistent_reader.cpp:268]: Error: "Unknown trigger type: has_gov_regency, near line: 484" in file: "common/government_types/01_regencies.txt" near line: 485
[09:25:10][pdx_persistent_reader.cpp:268]: Error: "Unknown trigger type: country_has_monarchy_law, near line: 505" in file: "common/government_types/01_regencies.txt" near line: 507
[09:25:10][pdx_persistent_reader.cpp:268]: Error: "Unknown trigger type: has_gov_regency, near line: 512" in file: "common/government_types/01_regencies.txt" near line: 513
[09:25:10][pdx_persistent_reader.cpp:268]: Error: "Unknown trigger type: country_has_monarchy_law, near line: 533" in file: "common/government_types/01_regencies.txt" near line: 535
[09:25:10][pdx_persistent_reader.cpp:268]: Error: "Unknown trigger type: has_gov_regency, near line: 547" in file: "common/government_types/01_regencies.txt" near line: 548
[09:25:10][pdx_persistent_reader.cpp:268]: Error: "Unknown trigger type: country_has_monarchy_law, near line: 568" in file: "common/government_types/01_regencies.txt" near line: 571
[09:25:10][pdx_persistent_reader.cpp:268]: Error: "Unknown trigger type: has_gov_regency, near line: 572" in file: "common/government_types/01_regencies.txt" near line: 573
[09:25:10][pdx_persistent_reader.cpp:268]: Error: "Unknown trigger type: country_has_monarchy_law, near line: 593" in file: "common/government_types/01_regencies.txt" near line: 595
[09:25:10][pdx_persistent_reader.cpp:268]: Error: "Unknown trigger type: has_gov_regency, near line: 596" in file: "common/government_types/01_regencies.txt" near line: 597
[09:25:10][pdx_persistent_reader.cpp:268]: Error: "Unknown trigger type: country_has_monarchy_law, near line: 617" in file: "common/government_types/01_regencies.txt" near line: 622
[09:25:10][pdx_persistent_reader.cpp:268]: Error: "Unknown trigger type: has_gov_regency, near line: 632" in file: "common/government_types/01_regencies.txt" near line: 633
[09:25:10][pdx_persistent_reader.cpp:268]: Error: "Unknown trigger type: country_has_monarchy_law, near line: 653" in file: "common/government_types/01_regencies.txt" near line: 654
[09:25:10][pdx_persistent_reader.cpp:268]: Error: "Unknown trigger type: has_gov_regency, near line: 657" in file: "common/government_types/01_regencies.txt" near line: 658
[09:25:10][pdx_persistent_reader.cpp:268]: Error: "Unknown trigger type: country_has_monarchy_law, near line: 678" in file: "common/government_types/01_regencies.txt" near line: 683
[09:25:10][pdx_persistent_reader.cpp:268]: Error: "Unknown trigger type: has_gov_regency, near line: 695" in file: "common/government_types/01_regencies.txt" near line: 696
[09:25:10][pdx_persistent_reader.cpp:268]: Error: "Unknown trigger type: country_has_monarchy_law, near line: 716" in file: "common/government_types/01_regencies.txt" near line: 720
[09:25:10][pdx_persistent_reader.cpp:268]: Error: "Unknown trigger type: has_gov_regency, near line: 723" in file: "common/government_types/01_regencies.txt" near line: 724
[09:25:10][pdx_persistent_reader.cpp:268]: Error: "Unknown trigger type: country_has_monarchy_law, near line: 744" in file: "common/government_types/01_regencies.txt" near line: 746
[09:25:10][pdx_persistent_reader.cpp:268]: Error: "Unknown trigger type: has_gov_regency, near line: 782" in file: "common/government_types/01_regencies.txt" near line: 783
[09:25:10][pdx_persistent_reader.cpp:268]: Error: "Unknown trigger type: country_has_monarchy_law, near line: 804" in file: "common/government_types/01_regencies.txt" near line: 807
[09:25:10][pdx_persistent_reader.cpp:268]: Error: "Unknown trigger type: has_gov_regency, near line: 808" in file: "common/government_types/01_regencies.txt" near line: 809
[09:25:10][pdx_persistent_reader.cpp:268]: Error: "Unknown trigger type: country_has_monarchy_law, near line: 830" in file: "common/government_types/01_regencies.txt" near line: 833
[09:25:10][pdx_persistent_reader.cpp:268]: Error: "Unknown trigger type: has_gov_regency, near line: 834" in file: "common/government_types/01_regencies.txt" near line: 835
[09:25:10][pdx_persistent_reader.cpp:268]: Error: "Unknown trigger type: country_has_monarchy_law, near line: 856" in file: "common/government_types/01_regencies.txt" near line: 858
[09:25:10][pdx_persistent_reader.cpp:268]: Error: "Unknown trigger type: has_gov_regency, near line: 862" in file: "common/government_types/01_regencies.txt" near line: 863
[09:25:10][pdx_persistent_reader.cpp:268]: Error: "Unknown trigger type: country_has_monarchy_law, near line: 883" in file: "common/government_types/01_regencies.txt" near line: 886
[09:25:10][pdx_persistent_reader.cpp:268]: Error: "Unknown trigger type: has_gov_regency, near line: 887" in file: "common/government_types/01_regencies.txt" near line: 888
[09:25:10][pdx_persistent_reader.cpp:268]: Error: "Unknown trigger type: country_has_monarchy_law, near line: 908" in file: "common/government_types/01_regencies.txt" near line: 911
[09:25:10][pdx_persistent_reader.cpp:268]: Error: "Unknown trigger type: has_gov_regency, near line: 912" in file: "common/government_types/01_regencies.txt" near line: 913
[09:25:10][pdx_persistent_reader.cpp:268]: Error: "Unknown trigger type: country_has_monarchy_law, near line: 933" in file: "common/government_types/01_regencies.txt" near line: 936
[09:25:10][pdx_persistent_reader.cpp:268]: Error: "Unknown trigger type: has_gov_regency, near line: 937" in file: "common/government_types/01_regencies.txt" near line: 938
[09:25:10][pdx_persistent_reader.cpp:268]: Error: "Unknown trigger type: country_has_monarchy_law, near line: 958" in file: "common/government_types/01_regencies.txt" near line: 961
[09:25:10][pdx_persistent_reader.cpp:268]: Error: "Unknown trigger type: has_gov_regency, near line: 962" in file: "common/government_types/01_regencies.txt" near line: 963
[09:25:10][pdx_persistent_reader.cpp:268]: Error: "Unknown trigger type: country_has_monarchy_law, near line: 983" in file: "common/government_types/01_regencies.txt" near line: 986
[09:25:10][pdx_persistent_reader.cpp:268]: Error: "Unknown trigger type: has_gov_regency, near line: 987" in file: "common/government_types/01_regencies.txt" near line: 988
[09:25:10][pdx_persistent_reader.cpp:268]: Error: "Unknown trigger type: country_has_monarchy_law, near line: 1008" in file: "common/government_types/01_regencies.txt" near line: 1011
[09:25:10][pdx_persistent_reader.cpp:268]: Error: "Unknown trigger type: has_gov_regency, near line: 1012" in file: "common/government_types/01_regencies.txt" near line: 1013
[09:25:10][pdx_persistent_reader.cpp:268]: Error: "Unknown trigger type: country_has_monarchy_law, near line: 1033" in file: "common/government_types/01_regencies.txt" near line: 1036
[09:25:10][pdx_persistent_reader.cpp:268]: Error: "Unknown trigger type: has_gov_regency, near line: 1037" in file: "common/government_types/01_regencies.txt" near line: 1038
[09:25:10][pdx_persistent_reader.cpp:268]: Error: "Unknown trigger type: country_has_monarchy_law, near line: 1058" in file: "common/government_types/01_regencies.txt" near line: 1061
[09:25:10][pdx_persistent_reader.cpp:268]: Error: "Unknown trigger type: has_gov_regency, near line: 1062" in file: "common/government_types/01_regencies.txt" near line: 1063
[09:25:10][pdx_persistent_reader.cpp:268]: Error: "Unknown trigger type: country_has_monarchy_law, near line: 1083" in file: "common/government_types/01_regencies.txt" near line: 1086
[09:25:10][pdx_persistent_reader.cpp:268]: Error: "Unknown trigger type: has_gov_regency, near line: 1087" in file: "common/government_types/01_regencies.txt" near line: 1088
[09:25:10][pdx_persistent_reader.cpp:268]: Error: "Unknown trigger type: country_has_monarchy_law, near line: 1108" in file: "common/government_types/01_regencies.txt" near line: 1110
[09:25:10][pdx_persistent_reader.cpp:268]: Error: "Unknown trigger type: has_gov_regency, near line: 1114" in file: "common/government_types/01_regencies.txt" near line: 1115
[09:25:10][pdx_persistent_reader.cpp:268]: Error: "Unknown trigger type: country_has_monarchy_law, near line: 1135" in file: "common/government_types/01_regencies.txt" near line: 1138
[09:25:10][pdx_persistent_reader.cpp:268]: Error: "Unknown trigger type: has_gov_regency, near line: 1139" in file: "common/government_types/01_regencies.txt" near line: 1140
[09:25:10][pdx_persistent_reader.cpp:268]: Error: "Unknown trigger type: country_has_monarchy_law, near line: 1164" in file: "common/government_types/01_regencies.txt" near line: 1168
[09:25:10][pdx_persistent_reader.cpp:268]: Error: "Unknown trigger type: has_gov_regency, near line: 1170" in file: "common/government_types/01_regencies.txt" near line: 1171
[09:25:10][pdx_persistent_reader.cpp:268]: Error: "Unknown trigger type: country_has_monarchy_law, near line: 1192" in file: "common/government_types/01_regencies.txt" near line: 1193
[09:25:10][pdx_persistent_reader.cpp:268]: Error: "Unknown trigger type: has_gov_regency, near line: 1194" in file: "common/government_types/01_regencies.txt" near line: 1195
[09:25:10][pdx_persistent_reader.cpp:268]: Error: "Unknown trigger type: country_has_monarchy_law, near line: 1215" in file: "common/government_types/01_regencies.txt" near line: 1217
[09:25:10][pdx_persistent_reader.cpp:268]: Error: "Unknown trigger type: has_gov_regency, near line: 1227" in file: "common/government_types/01_regencies.txt" near line: 1228
[09:25:10][pdx_persistent_reader.cpp:268]: Error: "Unknown trigger type: country_has_monarchy_law, near line: 1248" in file: "common/government_types/01_regencies.txt" near line: 1249
[09:25:10][pdx_persistent_reader.cpp:268]: Error: "Unknown trigger type: has_gov_regency, near line: 1251" in file: "common/government_types/01_regencies.txt" near line: 1252
[09:25:10][pdx_persistent_reader.cpp:268]: Error: "Unknown trigger type: country_has_monarchy_law, near line: 1272" in file: "common/government_types/01_regencies.txt" near line: 1274
[09:25:10][pdx_persistent_reader.cpp:268]: Error: "Unknown trigger type: has_gov_regency, near line: 1277" in file: "common/government_types/01_regencies.txt" near line: 1278
[09:25:10][pdx_persistent_reader.cpp:268]: Error: "Unknown trigger type: country_has_monarchy_law, near line: 1298" in file: "common/government_types/01_regencies.txt" near line: 1300
[09:25:10][pdx_persistent_reader.cpp:268]: Error: "Unknown trigger type: has_gov_regency, near line: 1304" in file: "common/government_types/01_regencies.txt" near line: 1305
[09:25:10][pdx_persistent_reader.cpp:268]: Error: "Unknown trigger type: country_has_monarchy_law, near line: 1326" in file: "common/government_types/01_regencies.txt" near line: 1328
[09:25:10][pdx_persistent_reader.cpp:268]: Error: "Unknown trigger type: has_gov_regency, near line: 1338" in file: "common/government_types/01_regencies.txt" near line: 1339
[09:25:10][pdx_persistent_reader.cpp:268]: Error: "Unknown trigger type: country_has_monarchy_law, near line: 1359" in file: "common/government_types/01_regencies.txt" near line: 1363
[09:25:10][pdx_persistent_reader.cpp:268]: Error: "Unknown trigger type: has_gov_regency, near line: 1366" in file: "common/government_types/01_regencies.txt" near line: 1367
[09:25:10][pdx_persistent_reader.cpp:268]: Error: "Unknown trigger type: country_has_monarchy_law, near line: 1388" in file: "common/government_types/01_regencies.txt" near line: 1390
[09:25:10][pdx_persistent_reader.cpp:268]: Error: "Unknown trigger type: has_gov_regency, near line: 1395" in file: "common/government_types/01_regencies.txt" near line: 1396
[09:25:10][pdx_persistent_reader.cpp:268]: Error: "Unknown trigger type: country_has_monarchy_law, near line: 1416" in file: "common/government_types/01_regencies.txt" near line: 1424
[09:25:10][pdx_persistent_reader.cpp:268]: Error: "Unknown trigger type: has_gov_regency, near line: 1426" in file: "common/government_types/01_regencies.txt" near line: 1427
[09:25:10][pdx_persistent_reader.cpp:268]: Error: "Unknown trigger type: country_has_monarchy_law, near line: 1447" in file: "common/government_types/01_regencies.txt" near line: 1452
[09:25:10][pdx_persistent_reader.cpp:268]: Error: "Unknown trigger type: has_gov_regency, near line: 1475" in file: "common/government_types/01_regencies.txt" near line: 1476
[09:25:10][pdx_persistent_reader.cpp:268]: Error: "Unknown trigger type: country_has_voting_franchise, near line: 1477" in file: "common/government_types/01_regencies.txt" near line: 1478
[09:25:10][pdx_persistent_reader.cpp:268]: Error: "Unknown trigger type: country_has_monarchy_law, near line: 1498" in file: "common/government_types/01_regencies.txt" near line: 1503
[09:25:10][pdx_persistent_reader.cpp:268]: Error: "Unknown trigger type: has_gov_regency, near line: 1508" in file: "common/government_types/01_regencies.txt" near line: 1509
[09:25:10][pdx_persistent_reader.cpp:268]: Error: "Unknown trigger type: country_has_voting_franchise, near line: 1511" in file: "common/government_types/01_regencies.txt" near line: 1512
[09:25:10][pdx_persistent_reader.cpp:268]: Error: "Unknown trigger type: country_has_monarchy_law, near line: 1532
Unknown trigger type: has_gov_regency, near line: 1534" in file: "common/government_types/01_regencies.txt" near line: 1536
[09:25:10][pdx_persistent_reader.cpp:268]: Error: "Unknown trigger type: country_has_voting_franchise, near line: 1537" in file: "common/government_types/01_regencies.txt" near line: 1538
[09:25:10][pdx_persistent_reader.cpp:268]: Error: "Unknown trigger type: country_has_monarchy_law, near line: 1558
Unknown trigger type: has_gov_regency, near line: 1560" in file: "common/government_types/01_regencies.txt" near line: 1562
[09:25:10][pdx_persistent_reader.cpp:268]: Error: "Unknown trigger type: country_has_voting_franchise, near line: 1563" in file: "common/government_types/01_regencies.txt" near line: 1564
[09:25:10][pdx_persistent_reader.cpp:268]: Error: "Unknown trigger type: country_has_monarchy_law, near line: 1583" in file: "common/government_types/01_regencies.txt" near line: 1589
[09:25:10][pdx_persistent_reader.cpp:268]: Error: "Unknown trigger type: country_has_voting_franchise, near line: 1607
Unknown trigger type: has_gov_regency, near line: 1608" in file: "common/government_types/01_regencies.txt" near line: 1609
[09:25:10][pdx_persistent_reader.cpp:268]: Error: "Unknown trigger type: country_has_monarchy_law, near line: 1629
Unknown trigger type: has_gov_regency, near line: 1632" in file: "common/government_types/01_regencies.txt" near line: 1633
[09:25:10][pdx_persistent_reader.cpp:268]: Error: "Unknown trigger type: country_has_voting_franchise, near line: 1634" in file: "common/government_types/01_regencies.txt" near line: 1635
[09:25:10][pdx_persistent_reader.cpp:268]: Error: "Unknown trigger type: country_has_monarchy_law, near line: 1655
Unknown trigger type: has_gov_regency, near line: 1657" in file: "common/government_types/01_regencies.txt" near line: 1658
[09:25:10][pdx_persistent_reader.cpp:268]: Error: "Unknown trigger type: country_has_voting_franchise, near line: 1659" in file: "common/government_types/01_regencies.txt" near line: 1660
[09:25:10][pdx_persistent_reader.cpp:268]: Error: "Unknown trigger type: country_has_monarchy_law, near line: 1680" in file: "common/government_types/01_regencies.txt" near line: 1685
[09:25:10][pdx_persistent_reader.cpp:268]: Error: "Unknown trigger type: has_gov_regency, near line: 1690
Unknown trigger type: country_has_voting_franchise, near line: 1691" in file: "common/government_types/01_regencies.txt" near line: 1692
[09:25:10][pdx_persistent_reader.cpp:268]: Error: "Unknown trigger type: country_has_monarchy_law, near line: 1712" in file: "common/government_types/01_regencies.txt" near line: 1717
[09:25:10][pdx_persistent_reader.cpp:268]: Error: "Unknown trigger type: has_gov_regency, near line: 1718
Unknown trigger type: country_has_voting_franchise, near line: 1719" in file: "common/government_types/01_regencies.txt" near line: 1720
[09:25:10][pdx_persistent_reader.cpp:268]: Error: "Unknown trigger type: country_has_monarchy_law, near line: 1741
Unknown trigger type: has_gov_regency, near line: 1743
Unknown trigger type: country_has_voting_franchise, near line: 1745" in file: "common/government_types/01_regencies.txt" near line: 1746
[09:25:10][pdx_persistent_reader.cpp:268]: Error: "Unknown trigger type: country_has_monarchy_law, near line: 1766
Unknown trigger type: has_gov_regency, near line: 1768
Unknown trigger type: country_has_voting_franchise, near line: 1770" in file: "common/government_types/01_regencies.txt" near line: 1771
[09:25:10][pdx_persistent_reader.cpp:268]: Error: "Unknown trigger type: country_has_monarchy_law, near line: 1790" in file: "common/government_types/01_regencies.txt" near line: 1796
[09:25:10][pdx_persistent_reader.cpp:268]: Error: "Unknown trigger type: country_has_voting_franchise, near line: 1813
Unknown trigger type: has_gov_regency, near line: 1814" in file: "common/government_types/01_regencies.txt" near line: 1815
[09:25:10][pdx_persistent_reader.cpp:268]: Error: "Unknown trigger type: country_has_monarchy_law, near line: 1835
Unknown trigger type: has_gov_regency, near line: 1838
Unknown trigger type: country_has_voting_franchise, near line: 1839" in file: "common/government_types/01_regencies.txt" near line: 1840
[09:25:10][pdx_persistent_reader.cpp:268]: Error: "Unknown trigger type: country_has_monarchy_law, near line: 1860
Unknown trigger type: has_gov_regency, near line: 1862
Unknown trigger type: country_has_voting_franchise, near line: 1863" in file: "common/government_types/01_regencies.txt" near line: 1864
[09:25:10][pdx_persistent_reader.cpp:268]: Error: "Unknown trigger type: country_has_monarchy_law, near line: 1885
Unknown trigger type: has_gov_regency, near line: 1886" in file: "common/government_types/01_regencies.txt" near line: 1888
[09:25:10][pdx_persistent_reader.cpp:268]: Error: "Unknown trigger type: has_gov_regency, near line: 14" in file: "common/government_types/01_social_monarchies.txt" near line: 15
[09:25:10][pdx_persistent_reader.cpp:268]: Error: "Unknown trigger type: coa_fascist_trigger, near line: 62
Unknown trigger type: coa_absolute_monarchy_trigger, near line: 63" in file: "common/government_types/01_social_monarchies.txt" near line: 71
[09:25:10][pdx_persistent_reader.cpp:268]: Error: "Unknown trigger type: has_gov_regency, near line: 72" in file: "common/government_types/01_social_monarchies.txt" near line: 73
[09:25:10][pdx_persistent_reader.cpp:268]: Error: "Unknown trigger type: coa_fascist_trigger, near line: 93
Unknown trigger type: coa_absolute_monarchy_trigger, near line: 94" in file: "common/government_types/01_social_monarchies.txt" near line: 96
[09:25:10][pdx_persistent_reader.cpp:268]: Error: "Unknown trigger type: has_gov_regency, near line: 102" in file: "common/government_types/01_social_monarchies.txt" near line: 103
[09:25:10][pdx_persistent_reader.cpp:268]: Error: "Unknown trigger type: coa_fascist_trigger, near line: 124
Unknown trigger type: coa_absolute_monarchy_trigger, near line: 125" in file: "common/government_types/01_social_monarchies.txt" near line: 127
[09:25:10][pdx_persistent_reader.cpp:268]: Error: "Unknown trigger type: has_gov_regency, near line: 142" in file: "common/government_types/01_social_monarchies.txt" near line: 143
[09:25:10][pdx_persistent_reader.cpp:268]: Error: "Unknown trigger type: coa_fascist_trigger, near line: 164
Unknown trigger type: coa_absolute_monarchy_trigger, near line: 165" in file: "common/government_types/01_social_monarchies.txt" near line: 167
[09:25:10][pdx_persistent_reader.cpp:268]: Error: "Unknown trigger type: has_gov_regency, near line: 175" in file: "common/government_types/01_social_monarchies.txt" near line: 176
[09:25:10][pdx_persistent_reader.cpp:268]: Error: "Unknown trigger type: coa_fascist_trigger, near line: 197
Unknown trigger type: coa_absolute_monarchy_trigger, near line: 198" in file: "common/government_types/01_social_monarchies.txt" near line: 200
[09:25:10][pdx_persistent_reader.cpp:268]: Error: "Unknown trigger type: has_gov_regency, near line: 209" in file: "common/government_types/01_social_monarchies.txt" near line: 210
[09:25:10][pdx_persistent_reader.cpp:268]: Error: "Unknown trigger type: coa_fascist_trigger, near line: 231
Unknown trigger type: coa_absolute_monarchy_trigger, near line: 232" in file: "common/government_types/01_social_monarchies.txt" near line: 234
[09:25:10][pdx_persistent_reader.cpp:268]: Error: "Unknown trigger type: has_gov_regency, near line: 240" in file: "common/government_types/01_social_monarchies.txt" near line: 241
[09:25:10][pdx_persistent_reader.cpp:268]: Error: "Unknown trigger type: coa_fascist_trigger, near line: 262
Unknown trigger type: coa_absolute_monarchy_trigger, near line: 263" in file: "common/government_types/01_social_monarchies.txt" near line: 265
[09:25:10][pdx_persistent_reader.cpp:268]: Error: "Unknown trigger type: has_gov_regency, near line: 281" in file: "common/government_types/01_social_monarchies.txt" near line: 282
[09:25:10][pdx_persistent_reader.cpp:268]: Error: "Unknown trigger type: coa_fascist_trigger, near line: 303
Unknown trigger type: coa_absolute_monarchy_trigger, near line: 304" in file: "common/government_types/01_social_monarchies.txt" near line: 306
[09:25:10][pdx_persistent_reader.cpp:268]: Error: "Unknown trigger type: has_gov_regency, near line: 316" in file: "common/government_types/01_social_monarchies.txt" near line: 317
[09:25:10][pdx_persistent_reader.cpp:268]: Error: "Unknown trigger type: coa_fascist_trigger, near line: 338
Unknown trigger type: coa_absolute_monarchy_trigger, near line: 339
Unknown trigger type: has_indian_primary_culture, near line: 340" in file: "common/government_types/01_social_monarchies.txt" near line: 342
[09:25:10][pdx_persistent_reader.cpp:268]: Error: "Unknown trigger type: has_gov_regency, near line: 348" in file: "common/government_types/01_social_monarchies.txt" near line: 349
[09:25:10][pdx_persistent_reader.cpp:268]: Error: "Unknown trigger type: coa_fascist_trigger, near line: 370
Unknown trigger type: coa_absolute_monarchy_trigger, near line: 371
Unknown trigger type: has_indian_primary_culture, near line: 372" in file: "common/government_types/01_social_monarchies.txt" near line: 374
[09:25:10][pdx_persistent_reader.cpp:268]: Error: "Unknown trigger type: has_gov_regency, near line: 384" in file: "common/government_types/01_social_monarchies.txt" near line: 385
[09:25:10][pdx_persistent_reader.cpp:268]: Error: "Unknown trigger type: coa_fascist_trigger, near line: 407
Unknown trigger type: coa_absolute_monarchy_trigger, near line: 408" in file: "common/government_types/01_social_monarchies.txt" near line: 413
[09:25:10][pdx_persistent_reader.cpp:268]: Error: "Unknown trigger type: has_gov_regency, near line: 421" in file: "common/government_types/01_social_monarchies.txt" near line: 422
[09:25:10][pdx_persistent_reader.cpp:268]: Error: "Unknown trigger type: coa_fascist_trigger, near line: 445
Unknown trigger type: coa_absolute_monarchy_trigger, near line: 446" in file: "common/government_types/01_social_monarchies.txt" near line: 447
[09:25:10][pdx_persistent_reader.cpp:268]: Error: "Unknown trigger type: has_gov_regency, near line: 449" in file: "common/government_types/01_social_monarchies.txt" near line: 450
[09:25:10][pdx_persistent_reader.cpp:268]: Error: "Unknown trigger type: coa_fascist_trigger, near line: 468
Unknown trigger type: coa_absolute_monarchy_trigger, near line: 469" in file: "common/government_types/01_social_monarchies.txt" near line: 473
[09:25:10][pdx_persistent_reader.cpp:268]: Error: "Unknown trigger type: has_gov_regency, near line: 474" in file: "common/government_types/01_social_monarchies.txt" near line: 475
[09:25:10][pdx_persistent_reader.cpp:268]: Error: "Unknown trigger type: coa_fascist_trigger, near line: 496
Unknown trigger type: coa_absolute_monarchy_trigger, near line: 497" in file: "common/government_types/01_social_monarchies.txt" near line: 501
[09:25:10][pdx_persistent_reader.cpp:268]: Error: "Unknown trigger type: has_gov_regency, near line: 502" in file: "common/government_types/01_social_monarchies.txt" near line: 503
[09:25:10][pdx_persistent_reader.cpp:268]: Error: "Unknown trigger type: coa_fascist_trigger, near line: 524
Unknown trigger type: coa_absolute_monarchy_trigger, near line: 525" in file: "common/government_types/01_social_monarchies.txt" near line: 529
[09:25:10][pdx_persistent_reader.cpp:268]: Error: "Unknown trigger type: has_gov_regency, near line: 530" in file: "common/government_types/01_social_monarchies.txt" near line: 531
[09:25:10][pdx_persistent_reader.cpp:268]: Error: "Unknown trigger type: coa_fascist_trigger, near line: 552
Unknown trigger type: coa_absolute_monarchy_trigger, near line: 553" in file: "common/government_types/01_social_monarchies.txt" near line: 559
[09:25:10][pdx_persistent_reader.cpp:268]: Error: "Unknown trigger type: has_gov_regency, near line: 562" in file: "common/government_types/01_social_monarchies.txt" near line: 563
[09:25:10][pdx_persistent_reader.cpp:268]: Error: "Unknown trigger type: coa_fascist_trigger, near line: 584
Unknown trigger type: coa_absolute_monarchy_trigger, near line: 585" in file: "common/government_types/01_social_monarchies.txt" near line: 587
[09:25:10][pdx_persistent_reader.cpp:268]: Error: "Unknown trigger type: has_gov_regency, near line: 592" in file: "common/government_types/01_social_monarchies.txt" near line: 593
[09:25:10][pdx_persistent_reader.cpp:268]: Error: "Unknown trigger type: coa_fascist_trigger, near line: 614
Unknown trigger type: coa_absolute_monarchy_trigger, near line: 615" in file: "common/government_types/01_social_monarchies.txt" near line: 617
[09:25:10][pdx_persistent_reader.cpp:268]: Error: "Unknown trigger type: has_gov_regency, near line: 629" in file: "common/government_types/01_social_monarchies.txt" near line: 630
[09:25:10][pdx_persistent_reader.cpp:268]: Error: "Unknown trigger type: coa_fascist_trigger, near line: 651
Unknown trigger type: coa_absolute_monarchy_trigger, near line: 652" in file: "common/government_types/01_social_monarchies.txt" near line: 655
[09:25:10][pdx_persistent_reader.cpp:268]: Error: "Unknown trigger type: has_gov_regency, near line: 656" in file: "common/government_types/01_social_monarchies.txt" near line: 657
[09:25:10][pdx_persistent_reader.cpp:268]: Error: "Unknown trigger type: coa_fascist_trigger, near line: 678
Unknown trigger type: coa_absolute_monarchy_trigger, near line: 679" in file: "common/government_types/01_social_monarchies.txt" near line: 681
[09:25:10][pdx_persistent_reader.cpp:268]: Error: "Unknown trigger type: has_gov_regency, near line: 682" in file: "common/government_types/01_social_monarchies.txt" near line: 683
[09:25:10][pdx_persistent_reader.cpp:268]: Error: "Unknown trigger type: coa_fascist_trigger, near line: 704
Unknown trigger type: coa_absolute_monarchy_trigger, near line: 705" in file: "common/government_types/01_social_monarchies.txt" near line: 710
[09:25:10][pdx_persistent_reader.cpp:268]: Error: "Unknown trigger type: has_gov_regency, near line: 720" in file: "common/government_types/01_social_monarchies.txt" near line: 721
[09:25:10][pdx_persistent_reader.cpp:268]: Error: "Unknown trigger type: coa_fascist_trigger, near line: 739
Unknown trigger type: coa_absolute_monarchy_trigger, near line: 740" in file: "common/government_types/01_social_monarchies.txt" near line: 741
[09:25:10][pdx_persistent_reader.cpp:268]: Error: "Unknown trigger type: has_gov_regency, near line: 744" in file: "common/government_types/01_social_monarchies.txt" near line: 745
[09:25:10][pdx_persistent_reader.cpp:268]: Error: "Unknown trigger type: coa_fascist_trigger, near line: 766
Unknown trigger type: coa_absolute_monarchy_trigger, near line: 767" in file: "common/government_types/01_social_monarchies.txt" near line: 772
[09:25:10][pdx_persistent_reader.cpp:268]: Error: "Unknown trigger type: has_gov_regency, near line: 784" in file: "common/government_types/01_social_monarchies.txt" near line: 785
[09:25:10][pdx_persistent_reader.cpp:268]: Error: "Unknown trigger type: coa_fascist_trigger, near line: 806
Unknown trigger type: coa_absolute_monarchy_trigger, near line: 807" in file: "common/government_types/01_social_monarchies.txt" near line: 811
[09:25:10][pdx_persistent_reader.cpp:268]: Error: "Unknown trigger type: has_gov_regency, near line: 814" in file: "common/government_types/01_social_monarchies.txt" near line: 815
[09:25:10][pdx_persistent_reader.cpp:268]: Error: "Unknown trigger type: coa_fascist_trigger, near line: 836
Unknown trigger type: coa_absolute_monarchy_trigger, near line: 837" in file: "common/government_types/01_social_monarchies.txt" near line: 839
[09:25:10][pdx_persistent_reader.cpp:268]: Error: "Unknown trigger type: has_gov_regency, near line: 875" in file: "common/government_types/01_social_monarchies.txt" near line: 876
[09:25:10][pdx_persistent_reader.cpp:268]: Error: "Unknown trigger type: coa_fascist_trigger, near line: 898
Unknown trigger type: coa_absolute_monarchy_trigger, near line: 899" in file: "common/government_types/01_social_monarchies.txt" near line: 902
[09:25:10][pdx_persistent_reader.cpp:268]: Error: "Unknown trigger type: has_gov_regency, near line: 903" in file: "common/government_types/01_social_monarchies.txt" near line: 904
[09:25:10][pdx_persistent_reader.cpp:268]: Error: "Unknown trigger type: coa_fascist_trigger, near line: 926
Unknown trigger type: coa_absolute_monarchy_trigger, near line: 927" in file: "common/government_types/01_social_monarchies.txt" near line: 930
[09:25:10][pdx_persistent_reader.cpp:268]: Error: "Unknown trigger type: has_gov_regency, near line: 931" in file: "common/government_types/01_social_monarchies.txt" near line: 932
[09:25:10][pdx_persistent_reader.cpp:268]: Error: "Unknown trigger type: coa_fascist_trigger, near line: 954
Unknown trigger type: coa_absolute_monarchy_trigger, near line: 955" in file: "common/government_types/01_social_monarchies.txt" near line: 957
[09:25:10][pdx_persistent_reader.cpp:268]: Error: "Unknown trigger type: has_gov_regency, near line: 961" in file: "common/government_types/01_social_monarchies.txt" near line: 962
[09:25:10][pdx_persistent_reader.cpp:268]: Error: "Unknown trigger type: coa_fascist_trigger, near line: 983
Unknown trigger type: coa_absolute_monarchy_trigger, near line: 984" in file: "common/government_types/01_social_monarchies.txt" near line: 987
[09:25:10][pdx_persistent_reader.cpp:268]: Error: "Unknown trigger type: has_gov_regency, near line: 988" in file: "common/government_types/01_social_monarchies.txt" near line: 989
[09:25:10][pdx_persistent_reader.cpp:268]: Error: "Unknown trigger type: coa_fascist_trigger, near line: 1010
Unknown trigger type: coa_absolute_monarchy_trigger, near line: 1011" in file: "common/government_types/01_social_monarchies.txt" near line: 1014
[09:25:10][pdx_persistent_reader.cpp:268]: Error: "Unknown trigger type: has_gov_regency, near line: 1015" in file: "common/government_types/01_social_monarchies.txt" near line: 1016
[09:25:10][pdx_persistent_reader.cpp:268]: Error: "Unknown trigger type: coa_fascist_trigger, near line: 1037
Unknown trigger type: coa_absolute_monarchy_trigger, near line: 1038" in file: "common/government_types/01_social_monarchies.txt" near line: 1041
[09:25:10][pdx_persistent_reader.cpp:268]: Error: "Unknown trigger type: has_gov_regency, near line: 1042" in file: "common/government_types/01_social_monarchies.txt" near line: 1043
[09:25:10][pdx_persistent_reader.cpp:268]: Error: "Unknown trigger type: coa_fascist_trigger, near line: 1064
Unknown trigger type: coa_absolute_monarchy_trigger, near line: 1065" in file: "common/government_types/01_social_monarchies.txt" near line: 1068
[09:25:10][pdx_persistent_reader.cpp:268]: Error: "Unknown trigger type: has_gov_regency, near line: 1069" in file: "common/government_types/01_social_monarchies.txt" near line: 1070
[09:25:10][pdx_persistent_reader.cpp:268]: Error: "Unknown trigger type: coa_fascist_trigger, near line: 1091
Unknown trigger type: coa_absolute_monarchy_trigger, near line: 1092" in file: "common/government_types/01_social_monarchies.txt" near line: 1095
[09:25:10][pdx_persistent_reader.cpp:268]: Error: "Unknown trigger type: has_gov_regency, near line: 1096" in file: "common/government_types/01_social_monarchies.txt" near line: 1097
[09:25:10][pdx_persistent_reader.cpp:268]: Error: "Unknown trigger type: coa_fascist_trigger, near line: 1118
Unknown trigger type: coa_absolute_monarchy_trigger, near line: 1119" in file: "common/government_types/01_social_monarchies.txt" near line: 1122
[09:25:10][pdx_persistent_reader.cpp:268]: Error: "Unknown trigger type: has_gov_regency, near line: 1123" in file: "common/government_types/01_social_monarchies.txt" near line: 1124
[09:25:10][pdx_persistent_reader.cpp:268]: Error: "Unknown trigger type: coa_fascist_trigger, near line: 1145
Unknown trigger type: coa_absolute_monarchy_trigger, near line: 1146" in file: "common/government_types/01_social_monarchies.txt" near line: 1149
[09:25:10][pdx_persistent_reader.cpp:268]: Error: "Unknown trigger type: has_gov_regency, near line: 1150" in file: "common/government_types/01_social_monarchies.txt" near line: 1151
[09:25:10][pdx_persistent_reader.cpp:268]: Error: "Unknown trigger type: coa_fascist_trigger, near line: 1172
Unknown trigger type: coa_absolute_monarchy_trigger, near line: 1173" in file: "common/government_types/01_social_monarchies.txt" near line: 1176
[09:25:10][pdx_persistent_reader.cpp:268]: Error: "Unknown trigger type: has_gov_regency, near line: 1177" in file: "common/government_types/01_social_monarchies.txt" near line: 1178
[09:25:10][pdx_persistent_reader.cpp:268]: Error: "Unknown trigger type: coa_fascist_trigger, near line: 1199
Unknown trigger type: coa_absolute_monarchy_trigger, near line: 1200" in file: "common/government_types/01_social_monarchies.txt" near line: 1205
[09:25:10][pdx_persistent_reader.cpp:268]: Error: "Unknown trigger type: has_gov_regency, near line: 1206" in file: "common/government_types/01_social_monarchies.txt" near line: 1207
[09:25:10][pdx_persistent_reader.cpp:268]: Error: "Unknown trigger type: coa_fascist_trigger, near line: 1228
Unknown trigger type: coa_absolute_monarchy_trigger, near line: 1229" in file: "common/government_types/01_social_monarchies.txt" near line: 1232
[09:25:10][pdx_persistent_reader.cpp:268]: Error: "Unknown trigger type: has_gov_regency, near line: 1233" in file: "common/government_types/01_social_monarchies.txt" near line: 1234
[09:25:10][pdx_persistent_reader.cpp:268]: Error: "Unknown trigger type: coa_fascist_trigger, near line: 1255
Unknown trigger type: coa_absolute_monarchy_trigger, near line: 1256" in file: "common/government_types/01_social_monarchies.txt" near line: 1258
[09:25:10][pdx_persistent_reader.cpp:268]: Error: "Unknown trigger type: has_gov_regency, near line: 1262" in file: "common/government_types/01_social_monarchies.txt" near line: 1263
[09:25:10][pdx_persistent_reader.cpp:268]: Error: "Unknown trigger type: coa_fascist_trigger, near line: 1284
Unknown trigger type: coa_absolute_monarchy_trigger, near line: 1285" in file: "common/government_types/01_social_monarchies.txt" near line: 1288
[09:25:10][pdx_persistent_reader.cpp:268]: Error: "Unknown trigger type: has_gov_regency, near line: 1289" in file: "common/government_types/01_social_monarchies.txt" near line: 1290
[09:25:10][pdx_persistent_reader.cpp:268]: Error: "Unknown trigger type: coa_fascist_trigger, near line: 1315
Unknown trigger type: coa_absolute_monarchy_trigger, near line: 1316" in file: "common/government_types/01_social_monarchies.txt" near line: 1320
[09:25:10][pdx_persistent_reader.cpp:268]: Error: "Unknown trigger type: has_gov_regency, near line: 1322" in file: "common/government_types/01_social_monarchies.txt" near line: 1323
[09:25:10][pdx_persistent_reader.cpp:268]: Error: "Unknown trigger type: coa_fascist_trigger, near line: 1345
Unknown trigger type: coa_absolute_monarchy_trigger, near line: 1346" in file: "common/government_types/01_social_monarchies.txt" near line: 1347
[09:25:10][pdx_persistent_reader.cpp:268]: Error: "Unknown trigger type: has_gov_regency, near line: 1348" in file: "common/government_types/01_social_monarchies.txt" near line: 1349
[09:25:10][pdx_persistent_reader.cpp:268]: Error: "Unknown trigger type: coa_fascist_trigger, near line: 1370
Unknown trigger type: coa_absolute_monarchy_trigger, near line: 1371" in file: "common/government_types/01_social_monarchies.txt" near line: 1373
[09:25:10][pdx_persistent_reader.cpp:268]: Error: "Unknown trigger type: has_gov_regency, near line: 1383" in file: "common/government_types/01_social_monarchies.txt" near line: 1384
[09:25:10][pdx_persistent_reader.cpp:268]: Error: "Unknown trigger type: coa_fascist_trigger, near line: 1405
Unknown trigger type: coa_absolute_monarchy_trigger, near line: 1406" in file: "common/government_types/01_social_monarchies.txt" near line: 1407
[09:25:10][pdx_persistent_reader.cpp:268]: Error: "Unknown trigger type: has_gov_regency, near line: 1409" in file: "common/government_types/01_social_monarchies.txt" near line: 1410
[09:25:10][pdx_persistent_reader.cpp:268]: Error: "Unknown trigger type: coa_fascist_trigger, near line: 1431
Unknown trigger type: coa_absolute_monarchy_trigger, near line: 1432" in file: "common/government_types/01_social_monarchies.txt" near line: 1434
[09:25:10][pdx_persistent_reader.cpp:268]: Error: "Unknown trigger type: has_gov_regency, near line: 1437" in file: "common/government_types/01_social_monarchies.txt" near line: 1438
[09:25:10][pdx_persistent_reader.cpp:268]: Error: "Unknown trigger type: coa_fascist_trigger, near line: 1459
Unknown trigger type: coa_absolute_monarchy_trigger, near line: 1460" in file: "common/government_types/01_social_monarchies.txt" near line: 1462
[09:25:10][pdx_persistent_reader.cpp:268]: Error: "Unknown trigger type: has_gov_regency, near line: 1466" in file: "common/government_types/01_social_monarchies.txt" near line: 1467
[09:25:10][pdx_persistent_reader.cpp:268]: Error: "Unknown trigger type: coa_fascist_trigger, near line: 1489
Unknown trigger type: coa_absolute_monarchy_trigger, near line: 1490" in file: "common/government_types/01_social_monarchies.txt" near line: 1492
[09:25:10][pdx_persistent_reader.cpp:268]: Error: "Unknown trigger type: has_gov_regency, near line: 1502" in file: "common/government_types/01_social_monarchies.txt" near line: 1503
[09:25:10][pdx_persistent_reader.cpp:268]: Error: "Unknown trigger type: coa_fascist_trigger, near line: 1524
Unknown trigger type: coa_absolute_monarchy_trigger, near line: 1525" in file: "common/government_types/01_social_monarchies.txt" near line: 1529
[09:25:10][pdx_persistent_reader.cpp:268]: Error: "Unknown trigger type: has_gov_regency, near line: 1532" in file: "common/government_types/01_social_monarchies.txt" near line: 1533
[09:25:10][pdx_persistent_reader.cpp:268]: Error: "Unknown trigger type: coa_fascist_trigger, near line: 1555
Unknown trigger type: coa_absolute_monarchy_trigger, near line: 1556" in file: "common/government_types/01_social_monarchies.txt" near line: 1558
[09:25:10][pdx_persistent_reader.cpp:268]: Error: "Unknown trigger type: has_gov_regency, near line: 1563" in file: "common/government_types/01_social_monarchies.txt" near line: 1564
[09:25:10][pdx_persistent_reader.cpp:268]: Error: "Unknown trigger type: coa_fascist_trigger, near line: 1585
Unknown trigger type: coa_absolute_monarchy_trigger, near line: 1586" in file: "common/government_types/01_social_monarchies.txt" near line: 1593
[09:25:10][pdx_persistent_reader.cpp:268]: Error: "Unknown trigger type: has_gov_regency, near line: 1595" in file: "common/government_types/01_social_monarchies.txt" near line: 1596
[09:25:10][pdx_persistent_reader.cpp:268]: Error: "Unknown trigger type: coa_fascist_trigger, near line: 1617
Unknown trigger type: coa_absolute_monarchy_trigger, near line: 1618" in file: "common/government_types/01_social_monarchies.txt" near line: 1623
[09:25:10][pdx_persistent_reader.cpp:268]: Error: "Unknown trigger type: has_gov_regency, near line: 1656" in file: "common/government_types/01_social_monarchies.txt" near line: 1657
[09:25:10][pdx_persistent_reader.cpp:268]: Error: "Unknown trigger type: coa_fascist_trigger, near line: 1678
Unknown trigger type: coa_absolute_monarchy_trigger, near line: 1679" in file: "common/government_types/01_social_monarchies.txt" near line: 1684
[09:25:10][pdx_persistent_reader.cpp:268]: Error: "Unknown trigger type: has_gov_regency, near line: 1689" in file: "common/government_types/01_social_monarchies.txt" near line: 1690
[09:25:10][pdx_persistent_reader.cpp:268]: Error: "Unknown trigger type: coa_fascist_trigger, near line: 1712
Unknown trigger type: coa_absolute_monarchy_trigger, near line: 1713
Unknown trigger type: has_gov_regency, near line: 1715" in file: "common/government_types/01_social_monarchies.txt" near line: 1717
[09:25:10][pdx_persistent_reader.cpp:268]: Error: "Unknown trigger type: coa_fascist_trigger, near line: 1738
Unknown trigger type: coa_absolute_monarchy_trigger, near line: 1739
Unknown trigger type: has_gov_regency, near line: 1741" in file: "common/government_types/01_social_monarchies.txt" near line: 1743
[09:25:10][pdx_persistent_reader.cpp:268]: Error: "Unknown trigger type: coa_fascist_trigger, near line: 1763
Unknown trigger type: coa_absolute_monarchy_trigger, near line: 1764" in file: "common/government_types/01_social_monarchies.txt" near line: 1770
[09:25:10][pdx_persistent_reader.cpp:268]: Error: "Unknown trigger type: has_gov_regency, near line: 1787" in file: "common/government_types/01_social_monarchies.txt" near line: 1788
[09:25:10][pdx_persistent_reader.cpp:268]: Error: "Unknown trigger type: coa_fascist_trigger, near line: 1809
Unknown trigger type: coa_absolute_monarchy_trigger, near line: 1810
Unknown trigger type: has_gov_regency, near line: 1813" in file: "common/government_types/01_social_monarchies.txt" near line: 1814
[09:25:10][pdx_persistent_reader.cpp:268]: Error: "Unknown trigger type: coa_fascist_trigger, near line: 1835
Unknown trigger type: coa_absolute_monarchy_trigger, near line: 1836
Unknown trigger type: coa_absolute_monarchy_trigger, near line: 1837
Unknown trigger type: has_gov_regency, near line: 1839" in file: "common/government_types/01_social_monarchies.txt" near line: 1840
[09:25:10][pdx_persistent_reader.cpp:268]: Error: "Unknown trigger type: coa_fascist_trigger, near line: 1858
Unknown trigger type: coa_absolute_monarchy_trigger, near line: 1859" in file: "common/government_types/01_social_monarchies.txt" near line: 1867
[09:25:10][pdx_persistent_reader.cpp:268]: Error: "Unknown trigger type: has_gov_regency, near line: 1868" in file: "common/government_types/01_social_monarchies.txt" near line: 1869
[09:25:10][pdx_persistent_reader.cpp:268]: Error: "Unknown trigger type: coa_fascist_trigger, near line: 1889
Unknown trigger type: coa_absolute_monarchy_trigger, near line: 1890" in file: "common/government_types/01_social_monarchies.txt" near line: 1892
[09:25:10][pdx_persistent_reader.cpp:268]: Error: "Unknown trigger type: has_gov_regency, near line: 1898" in file: "common/government_types/01_social_monarchies.txt" near line: 1899
[09:25:10][pdx_persistent_reader.cpp:268]: Error: "Unknown trigger type: coa_fascist_trigger, near line: 1920
Unknown trigger type: coa_absolute_monarchy_trigger, near line: 1921" in file: "common/government_types/01_social_monarchies.txt" near line: 1923
[09:25:10][pdx_persistent_reader.cpp:268]: Error: "Unknown trigger type: has_gov_regency, near line: 1938" in file: "common/government_types/01_social_monarchies.txt" near line: 1939
[09:25:10][pdx_persistent_reader.cpp:268]: Error: "Unknown trigger type: coa_fascist_trigger, near line: 1960
Unknown trigger type: coa_absolute_monarchy_trigger, near line: 1961" in file: "common/government_types/01_social_monarchies.txt" near line: 1963
[09:25:10][pdx_persistent_reader.cpp:268]: Error: "Unknown trigger type: has_gov_regency, near line: 1971" in file: "common/government_types/01_social_monarchies.txt" near line: 1972
[09:25:10][pdx_persistent_reader.cpp:268]: Error: "Unknown trigger type: coa_fascist_trigger, near line: 1993
Unknown trigger type: coa_absolute_monarchy_trigger, near line: 1994" in file: "common/government_types/01_social_monarchies.txt" near line: 1996
[09:25:10][pdx_persistent_reader.cpp:268]: Error: "Unknown trigger type: has_gov_regency, near line: 2005" in file: "common/government_types/01_social_monarchies.txt" near line: 2006
[09:25:10][pdx_persistent_reader.cpp:268]: Error: "Unknown trigger type: coa_fascist_trigger, near line: 2027
Unknown trigger type: coa_absolute_monarchy_trigger, near line: 2028" in file: "common/government_types/01_social_monarchies.txt" near line: 2030
[09:25:10][pdx_persistent_reader.cpp:268]: Error: "Unknown trigger type: has_gov_regency, near line: 2036" in file: "common/government_types/01_social_monarchies.txt" near line: 2037
[09:25:10][pdx_persistent_reader.cpp:268]: Error: "Unknown trigger type: coa_fascist_trigger, near line: 2058
Unknown trigger type: coa_absolute_monarchy_trigger, near line: 2059" in file: "common/government_types/01_social_monarchies.txt" near line: 2061
[09:25:10][pdx_persistent_reader.cpp:268]: Error: "Unknown trigger type: has_gov_regency, near line: 2077" in file: "common/government_types/01_social_monarchies.txt" near line: 2078
[09:25:10][pdx_persistent_reader.cpp:268]: Error: "Unknown trigger type: coa_fascist_trigger, near line: 2099
Unknown trigger type: coa_absolute_monarchy_trigger, near line: 2100" in file: "common/government_types/01_social_monarchies.txt" near line: 2102
[09:25:10][pdx_persistent_reader.cpp:268]: Error: "Unknown trigger type: has_gov_regency, near line: 2112" in file: "common/government_types/01_social_monarchies.txt" near line: 2113
[09:25:10][pdx_persistent_reader.cpp:268]: Error: "Unknown trigger type: coa_fascist_trigger, near line: 2134
Unknown trigger type: coa_absolute_monarchy_trigger, near line: 2135
Unknown trigger type: has_indian_primary_culture, near line: 2136" in file: "common/government_types/01_social_monarchies.txt" near line: 2138
[09:25:10][pdx_persistent_reader.cpp:268]: Error: "Unknown trigger type: has_gov_regency, near line: 2144" in file: "common/government_types/01_social_monarchies.txt" near line: 2145
[09:25:10][pdx_persistent_reader.cpp:268]: Error: "Unknown trigger type: coa_fascist_trigger, near line: 2166
Unknown trigger type: coa_absolute_monarchy_trigger, near line: 2167
Unknown trigger type: has_indian_primary_culture, near line: 2168" in file: "common/government_types/01_social_monarchies.txt" near line: 2170
[09:25:10][pdx_persistent_reader.cpp:268]: Error: "Unknown trigger type: has_gov_regency, near line: 2180" in file: "common/government_types/01_social_monarchies.txt" near line: 2181
[09:25:10][pdx_persistent_reader.cpp:268]: Error: "Unknown trigger type: coa_fascist_trigger, near line: 2203
Unknown trigger type: coa_absolute_monarchy_trigger, near line: 2204" in file: "common/government_types/01_social_monarchies.txt" near line: 2209
[09:25:10][pdx_persistent_reader.cpp:268]: Error: "Unknown trigger type: has_gov_regency, near line: 2217" in file: "common/government_types/01_social_monarchies.txt" near line: 2218
[09:25:10][pdx_persistent_reader.cpp:268]: Error: "Unknown trigger type: coa_fascist_trigger, near line: 2241
Unknown trigger type: coa_absolute_monarchy_trigger, near line: 2242" in file: "common/government_types/01_social_monarchies.txt" near line: 2243
[09:25:10][pdx_persistent_reader.cpp:268]: Error: "Unknown trigger type: has_gov_regency, near line: 2245" in file: "common/government_types/01_social_monarchies.txt" near line: 2246
[09:25:10][pdx_persistent_reader.cpp:268]: Error: "Unknown trigger type: coa_fascist_trigger, near line: 2264
Unknown trigger type: coa_absolute_monarchy_trigger, near line: 2265" in file: "common/government_types/01_social_monarchies.txt" near line: 2269
[09:25:10][pdx_persistent_reader.cpp:268]: Error: "Unknown trigger type: has_gov_regency, near line: 2270" in file: "common/government_types/01_social_monarchies.txt" near line: 2271
[09:25:10][pdx_persistent_reader.cpp:268]: Error: "Unknown trigger type: coa_fascist_trigger, near line: 2292
Unknown trigger type: coa_absolute_monarchy_trigger, near line: 2293" in file: "common/government_types/01_social_monarchies.txt" near line: 2297
[09:25:10][pdx_persistent_reader.cpp:268]: Error: "Unknown trigger type: has_gov_regency, near line: 2298" in file: "common/government_types/01_social_monarchies.txt" near line: 2299
[09:25:10][pdx_persistent_reader.cpp:268]: Error: "Unknown trigger type: coa_fascist_trigger, near line: 2320
Unknown trigger type: coa_absolute_monarchy_trigger, near line: 2321" in file: "common/government_types/01_social_monarchies.txt" near line: 2325
[09:25:10][pdx_persistent_reader.cpp:268]: Error: "Unknown trigger type: has_gov_regency, near line: 2326" in file: "common/government_types/01_social_monarchies.txt" near line: 2327
[09:25:10][pdx_persistent_reader.cpp:268]: Error: "Unknown trigger type: coa_fascist_trigger, near line: 2348
Unknown trigger type: coa_absolute_monarchy_trigger, near line: 2349" in file: "common/government_types/01_social_monarchies.txt" near line: 2355
[09:25:10][pdx_persistent_reader.cpp:268]: Error: "Unknown trigger type: has_gov_regency, near line: 2358" in file: "common/government_types/01_social_monarchies.txt" near line: 2359
[09:25:10][pdx_persistent_reader.cpp:268]: Error: "Unknown trigger type: coa_fascist_trigger, near line: 2380
Unknown trigger type: coa_absolute_monarchy_trigger, near line: 2381" in file: "common/government_types/01_social_monarchies.txt" near line: 2383
[09:25:10][pdx_persistent_reader.cpp:268]: Error: "Unknown trigger type: has_gov_regency, near line: 2388" in file: "common/government_types/01_social_monarchies.txt" near line: 2389
[09:25:10][pdx_persistent_reader.cpp:268]: Error: "Unknown trigger type: coa_fascist_trigger, near line: 2410
Unknown trigger type: coa_absolute_monarchy_trigger, near line: 2411" in file: "common/government_types/01_social_monarchies.txt" near line: 2413
[09:25:10][pdx_persistent_reader.cpp:268]: Error: "Unknown trigger type: has_gov_regency, near line: 2425" in file: "common/government_types/01_social_monarchies.txt" near line: 2426
[09:25:10][pdx_persistent_reader.cpp:268]: Error: "Unknown trigger type: coa_fascist_trigger, near line: 2447
Unknown trigger type: coa_absolute_monarchy_trigger, near line: 2448" in file: "common/government_types/01_social_monarchies.txt" near line: 2451
[09:25:10][pdx_persistent_reader.cpp:268]: Error: "Unknown trigger type: has_gov_regency, near line: 2452" in file: "common/government_types/01_social_monarchies.txt" near line: 2453
[09:25:10][pdx_persistent_reader.cpp:268]: Error: "Unknown trigger type: coa_fascist_trigger, near line: 2474
Unknown trigger type: coa_absolute_monarchy_trigger, near line: 2475" in file: "common/government_types/01_social_monarchies.txt" near line: 2477
[09:25:10][pdx_persistent_reader.cpp:268]: Error: "Unknown trigger type: has_gov_regency, near line: 2478" in file: "common/government_types/01_social_monarchies.txt" near line: 2479
[09:25:10][pdx_persistent_reader.cpp:268]: Error: "Unknown trigger type: coa_fascist_trigger, near line: 2500
Unknown trigger type: coa_absolute_monarchy_trigger, near line: 2501" in file: "common/government_types/01_social_monarchies.txt" near line: 2506
[09:25:10][pdx_persistent_reader.cpp:268]: Error: "Unknown trigger type: has_gov_regency, near line: 2516" in file: "common/government_types/01_social_monarchies.txt" near line: 2517
[09:25:10][pdx_persistent_reader.cpp:268]: Error: "Unknown trigger type: coa_fascist_trigger, near line: 2535
Unknown trigger type: coa_absolute_monarchy_trigger, near line: 2536" in file: "common/government_types/01_social_monarchies.txt" near line: 2537
[09:25:10][pdx_persistent_reader.cpp:268]: Error: "Unknown trigger type: has_gov_regency, near line: 2540" in file: "common/government_types/01_social_monarchies.txt" near line: 2541
[09:25:10][pdx_persistent_reader.cpp:268]: Error: "Unknown trigger type: coa_fascist_trigger, near line: 2562
Unknown trigger type: coa_absolute_monarchy_trigger, near line: 2563" in file: "common/government_types/01_social_monarchies.txt" near line: 2568
[09:25:10][pdx_persistent_reader.cpp:268]: Error: "Unknown trigger type: has_gov_regency, near line: 2580" in file: "common/government_types/01_social_monarchies.txt" near line: 2581
[09:25:10][pdx_persistent_reader.cpp:268]: Error: "Unknown trigger type: coa_fascist_trigger, near line: 2602
Unknown trigger type: coa_absolute_monarchy_trigger, near line: 2603" in file: "common/government_types/01_social_monarchies.txt" near line: 2607
[09:25:10][pdx_persistent_reader.cpp:268]: Error: "Unknown trigger type: has_gov_regency, near line: 2610" in file: "common/government_types/01_social_monarchies.txt" near line: 2611
[09:25:10][pdx_persistent_reader.cpp:268]: Error: "Unknown trigger type: coa_fascist_trigger, near line: 2632
Unknown trigger type: coa_absolute_monarchy_trigger, near line: 2633" in file: "common/government_types/01_social_monarchies.txt" near line: 2635
[09:25:10][pdx_persistent_reader.cpp:268]: Error: "Unknown trigger type: has_gov_regency, near line: 2671" in file: "common/government_types/01_social_monarchies.txt" near line: 2672
[09:25:10][pdx_persistent_reader.cpp:268]: Error: "Unknown trigger type: coa_fascist_trigger, near line: 2694
Unknown trigger type: coa_absolute_monarchy_trigger, near line: 2695" in file: "common/government_types/01_social_monarchies.txt" near line: 2698
[09:25:10][pdx_persistent_reader.cpp:268]: Error: "Unknown trigger type: has_gov_regency, near line: 2699" in file: "common/government_types/01_social_monarchies.txt" near line: 2700
[09:25:10][pdx_persistent_reader.cpp:268]: Error: "Unknown trigger type: coa_fascist_trigger, near line: 2722
Unknown trigger type: coa_absolute_monarchy_trigger, near line: 2723" in file: "common/government_types/01_social_monarchies.txt" near line: 2726
[09:25:10][pdx_persistent_reader.cpp:268]: Error: "Unknown trigger type: has_gov_regency, near line: 2727" in file: "common/government_types/01_social_monarchies.txt" near line: 2728
[09:25:10][pdx_persistent_reader.cpp:268]: Error: "Unknown trigger type: coa_fascist_trigger, near line: 2750
Unknown trigger type: coa_absolute_monarchy_trigger, near line: 2751" in file: "common/government_types/01_social_monarchies.txt" near line: 2753
[09:25:10][pdx_persistent_reader.cpp:268]: Error: "Unknown trigger type: has_gov_regency, near line: 2757" in file: "common/government_types/01_social_monarchies.txt" near line: 2758
[09:25:10][pdx_persistent_reader.cpp:268]: Error: "Unknown trigger type: coa_fascist_trigger, near line: 2779
Unknown trigger type: coa_absolute_monarchy_trigger, near line: 2780" in file: "common/government_types/01_social_monarchies.txt" near line: 2783
[09:25:10][pdx_persistent_reader.cpp:268]: Error: "Unknown trigger type: has_gov_regency, near line: 2784" in file: "common/government_types/01_social_monarchies.txt" near line: 2785
[09:25:10][pdx_persistent_reader.cpp:268]: Error: "Unknown trigger type: coa_fascist_trigger, near line: 2806
Unknown trigger type: coa_absolute_monarchy_trigger, near line: 2807" in file: "common/government_types/01_social_monarchies.txt" near line: 2810
[09:25:10][pdx_persistent_reader.cpp:268]: Error: "Unknown trigger type: has_gov_regency, near line: 2811" in file: "common/government_types/01_social_monarchies.txt" near line: 2812
[09:25:10][pdx_persistent_reader.cpp:268]: Error: "Unknown trigger type: coa_fascist_trigger, near line: 2833
Unknown trigger type: coa_absolute_monarchy_trigger, near line: 2834" in file: "common/government_types/01_social_monarchies.txt" near line: 2837
[09:25:10][pdx_persistent_reader.cpp:268]: Error: "Unknown trigger type: has_gov_regency, near line: 2838" in file: "common/government_types/01_social_monarchies.txt" near line: 2839
[09:25:10][pdx_persistent_reader.cpp:268]: Error: "Unknown trigger type: coa_fascist_trigger, near line: 2860
Unknown trigger type: coa_absolute_monarchy_trigger, near line: 2861" in file: "common/government_types/01_social_monarchies.txt" near line: 2864
[09:25:10][pdx_persistent_reader.cpp:268]: Error: "Unknown trigger type: has_gov_regency, near line: 2865" in file: "common/government_types/01_social_monarchies.txt" near line: 2866
[09:25:10][pdx_persistent_reader.cpp:268]: Error: "Unknown trigger type: coa_fascist_trigger, near line: 2887
Unknown trigger type: coa_absolute_monarchy_trigger, near line: 2888" in file: "common/government_types/01_social_monarchies.txt" near line: 2891
[09:25:10][pdx_persistent_reader.cpp:268]: Error: "Unknown trigger type: has_gov_regency, near line: 2892" in file: "common/government_types/01_social_monarchies.txt" near line: 2893
[09:25:10][pdx_persistent_reader.cpp:268]: Error: "Unknown trigger type: coa_fascist_trigger, near line: 2914
Unknown trigger type: coa_absolute_monarchy_trigger, near line: 2915" in file: "common/government_types/01_social_monarchies.txt" near line: 2918
[09:25:10][pdx_persistent_reader.cpp:268]: Error: "Unknown trigger type: has_gov_regency, near line: 2919" in file: "common/government_types/01_social_monarchies.txt" near line: 2920
[09:25:10][pdx_persistent_reader.cpp:268]: Error: "Unknown trigger type: coa_fascist_trigger, near line: 2941
Unknown trigger type: coa_absolute_monarchy_trigger, near line: 2942" in file: "common/government_types/01_social_monarchies.txt" near line: 2945
[09:25:10][pdx_persistent_reader.cpp:268]: Error: "Unknown trigger type: has_gov_regency, near line: 2946" in file: "common/government_types/01_social_monarchies.txt" near line: 2947
[09:25:10][pdx_persistent_reader.cpp:268]: Error: "Unknown trigger type: coa_fascist_trigger, near line: 2968
Unknown trigger type: coa_absolute_monarchy_trigger, near line: 2969" in file: "common/government_types/01_social_monarchies.txt" near line: 2972
[09:25:10][pdx_persistent_reader.cpp:268]: Error: "Unknown trigger type: has_gov_regency, near line: 2973" in file: "common/government_types/01_social_monarchies.txt" near line: 2974
[09:25:10][pdx_persistent_reader.cpp:268]: Error: "Unknown trigger type: coa_fascist_trigger, near line: 2995
Unknown trigger type: coa_absolute_monarchy_trigger, near line: 2996" in file: "common/government_types/01_social_monarchies.txt" near line: 3001
[09:25:10][pdx_persistent_reader.cpp:268]: Error: "Unknown trigger type: has_gov_regency, near line: 3002" in file: "common/government_types/01_social_monarchies.txt" near line: 3003
[09:25:10][pdx_persistent_reader.cpp:268]: Error: "Unknown trigger type: coa_fascist_trigger, near line: 3024
Unknown trigger type: coa_absolute_monarchy_trigger, near line: 3025" in file: "common/government_types/01_social_monarchies.txt" near line: 3028
[09:25:10][pdx_persistent_reader.cpp:268]: Error: "Unknown trigger type: has_gov_regency, near line: 3029" in file: "common/government_types/01_social_monarchies.txt" near line: 3030
[09:25:10][pdx_persistent_reader.cpp:268]: Error: "Unknown trigger type: coa_fascist_trigger, near line: 3051
Unknown trigger type: coa_absolute_monarchy_trigger, near line: 3052" in file: "common/government_types/01_social_monarchies.txt" near line: 3054
[09:25:10][pdx_persistent_reader.cpp:268]: Error: "Unknown trigger type: has_gov_regency, near line: 3058" in file: "common/government_types/01_social_monarchies.txt" near line: 3059
[09:25:10][pdx_persistent_reader.cpp:268]: Error: "Unknown trigger type: coa_fascist_trigger, near line: 3080
Unknown trigger type: coa_absolute_monarchy_trigger, near line: 3081" in file: "common/government_types/01_social_monarchies.txt" near line: 3084
[09:25:10][pdx_persistent_reader.cpp:268]: Error: "Unknown trigger type: has_gov_regency, near line: 3085" in file: "common/government_types/01_social_monarchies.txt" near line: 3086
[09:25:10][pdx_persistent_reader.cpp:268]: Error: "Unknown trigger type: coa_fascist_trigger, near line: 3111
Unknown trigger type: coa_absolute_monarchy_trigger, near line: 3112" in file: "common/government_types/01_social_monarchies.txt" near line: 3116
[09:25:10][pdx_persistent_reader.cpp:268]: Error: "Unknown trigger type: has_gov_regency, near line: 3118" in file: "common/government_types/01_social_monarchies.txt" near line: 3119
[09:25:10][pdx_persistent_reader.cpp:268]: Error: "Unknown trigger type: coa_fascist_trigger, near line: 3141
Unknown trigger type: coa_absolute_monarchy_trigger, near line: 3142" in file: "common/government_types/01_social_monarchies.txt" near line: 3143
[09:25:10][pdx_persistent_reader.cpp:268]: Error: "Unknown trigger type: has_gov_regency, near line: 3144" in file: "common/government_types/01_social_monarchies.txt" near line: 3145
[09:25:10][pdx_persistent_reader.cpp:268]: Error: "Unknown trigger type: coa_fascist_trigger, near line: 3166
Unknown trigger type: coa_absolute_monarchy_trigger, near line: 3167" in file: "common/government_types/01_social_monarchies.txt" near line: 3169
[09:25:10][pdx_persistent_reader.cpp:268]: Error: "Unknown trigger type: has_gov_regency, near line: 3179" in file: "common/government_types/01_social_monarchies.txt" near line: 3180
[09:25:10][pdx_persistent_reader.cpp:268]: Error: "Unknown trigger type: coa_fascist_trigger, near line: 3201
Unknown trigger type: coa_absolute_monarchy_trigger, near line: 3202" in file: "common/government_types/01_social_monarchies.txt" near line: 3203
[09:25:10][pdx_persistent_reader.cpp:268]: Error: "Unknown trigger type: has_gov_regency, near line: 3205" in file: "common/government_types/01_social_monarchies.txt" near line: 3206
[09:25:10][pdx_persistent_reader.cpp:268]: Error: "Unknown trigger type: coa_fascist_trigger, near line: 3227
Unknown trigger type: coa_absolute_monarchy_trigger, near line: 3228" in file: "common/government_types/01_social_monarchies.txt" near line: 3230
[09:25:10][pdx_persistent_reader.cpp:268]: Error: "Unknown trigger type: has_gov_regency, near line: 3233" in file: "common/government_types/01_social_monarchies.txt" near line: 3234
[09:25:10][pdx_persistent_reader.cpp:268]: Error: "Unknown trigger type: coa_fascist_trigger, near line: 3255
Unknown trigger type: coa_absolute_monarchy_trigger, near line: 3256" in file: "common/government_types/01_social_monarchies.txt" near line: 3258
[09:25:10][pdx_persistent_reader.cpp:268]: Error: "Unknown trigger type: has_gov_regency, near line: 3262" in file: "common/government_types/01_social_monarchies.txt" near line: 3263
[09:25:10][pdx_persistent_reader.cpp:268]: Error: "Unknown trigger type: coa_fascist_trigger, near line: 3285
Unknown trigger type: coa_absolute_monarchy_trigger, near line: 3286" in file: "common/government_types/01_social_monarchies.txt" near line: 3288
[09:25:10][pdx_persistent_reader.cpp:268]: Error: "Unknown trigger type: has_gov_regency, near line: 3298" in file: "common/government_types/01_social_monarchies.txt" near line: 3299
[09:25:10][pdx_persistent_reader.cpp:268]: Error: "Unknown trigger type: coa_fascist_trigger, near line: 3320
Unknown trigger type: coa_absolute_monarchy_trigger, near line: 3321" in file: "common/government_types/01_social_monarchies.txt" near line: 3325
[09:25:10][pdx_persistent_reader.cpp:268]: Error: "Unknown trigger type: has_gov_regency, near line: 3328" in file: "common/government_types/01_social_monarchies.txt" near line: 3329
[09:25:10][pdx_persistent_reader.cpp:268]: Error: "Unknown trigger type: coa_fascist_trigger, near line: 3351
Unknown trigger type: coa_absolute_monarchy_trigger, near line: 3352" in file: "common/government_types/01_social_monarchies.txt" near line: 3354
[09:25:10][pdx_persistent_reader.cpp:268]: Error: "Unknown trigger type: has_gov_regency, near line: 3359" in file: "common/government_types/01_social_monarchies.txt" near line: 3360
[09:25:10][pdx_persistent_reader.cpp:268]: Error: "Unknown trigger type: coa_fascist_trigger, near line: 3381
Unknown trigger type: coa_absolute_monarchy_trigger, near line: 3382" in file: "common/government_types/01_social_monarchies.txt" near line: 3389
[09:25:10][pdx_persistent_reader.cpp:268]: Error: "Unknown trigger type: has_gov_regency, near line: 3391" in file: "common/government_types/01_social_monarchies.txt" near line: 3392
[09:25:10][pdx_persistent_reader.cpp:268]: Error: "Unknown trigger type: coa_fascist_trigger, near line: 3413
Unknown trigger type: coa_absolute_monarchy_trigger, near line: 3414" in file: "common/government_types/01_social_monarchies.txt" near line: 3419
[09:25:10][pdx_persistent_reader.cpp:268]: Error: "Unknown trigger type: has_gov_regency, near line: 3442" in file: "common/government_types/01_social_monarchies.txt" near line: 3443
[09:25:10][pdx_persistent_reader.cpp:268]: Error: "Unknown trigger type: coa_fascist_trigger, near line: 3464
Unknown trigger type: coa_absolute_monarchy_trigger, near line: 3465" in file: "common/government_types/01_social_monarchies.txt" near line: 3470
[09:25:10][pdx_persistent_reader.cpp:268]: Error: "Unknown trigger type: has_gov_regency, near line: 3475" in file: "common/government_types/01_social_monarchies.txt" near line: 3476
[09:25:10][pdx_persistent_reader.cpp:268]: Error: "Unknown trigger type: coa_fascist_trigger, near line: 3498
Unknown trigger type: coa_absolute_monarchy_trigger, near line: 3499
Unknown trigger type: has_gov_regency, near line: 3501" in file: "common/government_types/01_social_monarchies.txt" near line: 3503
[09:25:10][pdx_persistent_reader.cpp:268]: Error: "Unknown trigger type: coa_fascist_trigger, near line: 3524
Unknown trigger type: coa_absolute_monarchy_trigger, near line: 3525
Unknown trigger type: has_gov_regency, near line: 3527" in file: "common/government_types/01_social_monarchies.txt" near line: 3529
[09:25:10][pdx_persistent_reader.cpp:268]: Error: "Unknown trigger type: coa_fascist_trigger, near line: 3549
Unknown trigger type: coa_absolute_monarchy_trigger, near line: 3550" in file: "common/government_types/01_social_monarchies.txt" near line: 3556
[09:25:10][pdx_persistent_reader.cpp:268]: Error: "Unknown trigger type: coa_fascist_trigger, near line: 3595
Unknown trigger type: coa_absolute_monarchy_trigger, near line: 3596
Unknown trigger type: has_gov_regency, near line: 3599" in file: "common/government_types/01_social_monarchies.txt" near line: 3600
[09:25:10][pdx_persistent_reader.cpp:268]: Error: "Unknown trigger type: coa_fascist_trigger, near line: 3621
Unknown trigger type: coa_absolute_monarchy_trigger, near line: 3622
Unknown trigger type: has_gov_regency, near line: 3624" in file: "common/government_types/01_social_monarchies.txt" near line: 3625
[09:25:10][pdx_persistent_reader.cpp:268]: Error: "Unknown trigger type: coa_absolute_monarchy_trigger, near line: 3643" in file: "common/government_types/01_social_monarchies.txt" near line: 3651
[09:25:10][pdx_persistent_reader.cpp:268]: Error: "Unknown trigger type: has_gov_regency, near line: 3652" in file: "common/government_types/01_social_monarchies.txt" near line: 3653
[09:25:10][pdx_persistent_reader.cpp:268]: Error: "Unknown trigger type: coa_absolute_monarchy_trigger, near line: 3674" in file: "common/government_types/01_social_monarchies.txt" near line: 3676
[09:25:10][pdx_persistent_reader.cpp:268]: Error: "Unknown trigger type: has_gov_regency, near line: 3682" in file: "common/government_types/01_social_monarchies.txt" near line: 3683
[09:25:10][pdx_persistent_reader.cpp:268]: Error: "Unknown trigger type: coa_absolute_monarchy_trigger, near line: 3704" in file: "common/government_types/01_social_monarchies.txt" near line: 3706
[09:25:10][pdx_persistent_reader.cpp:268]: Error: "Unknown trigger type: has_gov_regency, near line: 3721" in file: "common/government_types/01_social_monarchies.txt" near line: 3722
[09:25:10][pdx_persistent_reader.cpp:268]: Error: "Unknown trigger type: coa_absolute_monarchy_trigger, near line: 3743" in file: "common/government_types/01_social_monarchies.txt" near line: 3745
[09:25:10][pdx_persistent_reader.cpp:268]: Error: "Unknown trigger type: has_gov_regency, near line: 3753" in file: "common/government_types/01_social_monarchies.txt" near line: 3754
[09:25:10][pdx_persistent_reader.cpp:268]: Error: "Unknown trigger type: coa_absolute_monarchy_trigger, near line: 3775" in file: "common/government_types/01_social_monarchies.txt" near line: 3777
[09:25:10][pdx_persistent_reader.cpp:268]: Error: "Unknown trigger type: has_gov_regency, near line: 3786" in file: "common/government_types/01_social_monarchies.txt" near line: 3787
[09:25:10][pdx_persistent_reader.cpp:268]: Error: "Unknown trigger type: coa_absolute_monarchy_trigger, near line: 3808" in file: "common/government_types/01_social_monarchies.txt" near line: 3810
[09:25:10][pdx_persistent_reader.cpp:268]: Error: "Unknown trigger type: has_gov_regency, near line: 3816" in file: "common/government_types/01_social_monarchies.txt" near line: 3817
[09:25:10][pdx_persistent_reader.cpp:268]: Error: "Unknown trigger type: coa_absolute_monarchy_trigger, near line: 3838" in file: "common/government_types/01_social_monarchies.txt" near line: 3840
[09:25:10][pdx_persistent_reader.cpp:268]: Error: "Unknown trigger type: has_gov_regency, near line: 3856" in file: "common/government_types/01_social_monarchies.txt" near line: 3857
[09:25:10][pdx_persistent_reader.cpp:268]: Error: "Unknown trigger type: coa_absolute_monarchy_trigger, near line: 3878" in file: "common/government_types/01_social_monarchies.txt" near line: 3880
[09:25:10][pdx_persistent_reader.cpp:268]: Error: "Unknown trigger type: has_gov_regency, near line: 3890" in file: "common/government_types/01_social_monarchies.txt" near line: 3891
[09:25:10][pdx_persistent_reader.cpp:268]: Error: "Unknown trigger type: coa_absolute_monarchy_trigger, near line: 3912
Unknown trigger type: has_indian_primary_culture, near line: 3913" in file: "common/government_types/01_social_monarchies.txt" near line: 3915
[09:25:10][pdx_persistent_reader.cpp:268]: Error: "Unknown trigger type: has_gov_regency, near line: 3921" in file: "common/government_types/01_social_monarchies.txt" near line: 3922
[09:25:10][pdx_persistent_reader.cpp:268]: Error: "Unknown trigger type: coa_absolute_monarchy_trigger, near line: 3943
Unknown trigger type: has_indian_primary_culture, near line: 3944" in file: "common/government_types/01_social_monarchies.txt" near line: 3946
[09:25:10][pdx_persistent_reader.cpp:268]: Error: "Unknown trigger type: has_gov_regency, near line: 3956" in file: "common/government_types/01_social_monarchies.txt" near line: 3957
[09:25:10][pdx_persistent_reader.cpp:268]: Error: "Unknown trigger type: coa_absolute_monarchy_trigger, near line: 3979" in file: "common/government_types/01_social_monarchies.txt" near line: 3984
[09:25:10][pdx_persistent_reader.cpp:268]: Error: "Unknown trigger type: has_gov_regency, near line: 3992" in file: "common/government_types/01_social_monarchies.txt" near line: 3993
[09:25:10][pdx_persistent_reader.cpp:268]: Error: "Unknown trigger type: coa_absolute_monarchy_trigger, near line: 4016" in file: "common/government_types/01_social_monarchies.txt" near line: 4017
[09:25:10][pdx_persistent_reader.cpp:268]: Error: "Unknown trigger type: has_gov_regency, near line: 4019" in file: "common/government_types/01_social_monarchies.txt" near line: 4020
[09:25:10][pdx_persistent_reader.cpp:268]: Error: "Unknown trigger type: coa_absolute_monarchy_trigger, near line: 4038" in file: "common/government_types/01_social_monarchies.txt" near line: 4042
[09:25:10][pdx_persistent_reader.cpp:268]: Error: "Unknown trigger type: has_gov_regency, near line: 4043" in file: "common/government_types/01_social_monarchies.txt" near line: 4044
[09:25:10][pdx_persistent_reader.cpp:268]: Error: "Unknown trigger type: coa_absolute_monarchy_trigger, near line: 4065" in file: "common/government_types/01_social_monarchies.txt" near line: 4069
[09:25:10][pdx_persistent_reader.cpp:268]: Error: "Unknown trigger type: has_gov_regency, near line: 4070" in file: "common/government_types/01_social_monarchies.txt" near line: 4071
[09:25:10][pdx_persistent_reader.cpp:268]: Error: "Unknown trigger type: coa_absolute_monarchy_trigger, near line: 4092" in file: "common/government_types/01_social_monarchies.txt" near line: 4096
[09:25:10][pdx_persistent_reader.cpp:268]: Error: "Unknown trigger type: has_gov_regency, near line: 4097" in file: "common/government_types/01_social_monarchies.txt" near line: 4098
[09:25:10][pdx_persistent_reader.cpp:268]: Error: "Unknown trigger type: coa_absolute_monarchy_trigger, near line: 4119" in file: "common/government_types/01_social_monarchies.txt" near line: 4125
[09:25:10][pdx_persistent_reader.cpp:268]: Error: "Unknown trigger type: has_gov_regency, near line: 4128" in file: "common/government_types/01_social_monarchies.txt" near line: 4129
[09:25:10][pdx_persistent_reader.cpp:268]: Error: "Unknown trigger type: coa_absolute_monarchy_trigger, near line: 4150" in file: "common/government_types/01_social_monarchies.txt" near line: 4152
[09:25:10][pdx_persistent_reader.cpp:268]: Error: "Unknown trigger type: has_gov_regency, near line: 4157" in file: "common/government_types/01_social_monarchies.txt" near line: 4158
[09:25:10][pdx_persistent_reader.cpp:268]: Error: "Unknown trigger type: coa_absolute_monarchy_trigger, near line: 4179" in file: "common/government_types/01_social_monarchies.txt" near line: 4181
[09:25:10][pdx_persistent_reader.cpp:268]: Error: "Unknown trigger type: has_gov_regency, near line: 4193" in file: "common/government_types/01_social_monarchies.txt" near line: 4194
[09:25:10][pdx_persistent_reader.cpp:268]: Error: "Unknown trigger type: coa_absolute_monarchy_trigger, near line: 4215" in file: "common/government_types/01_social_monarchies.txt" near line: 4218
[09:25:10][pdx_persistent_reader.cpp:268]: Error: "Unknown trigger type: has_gov_regency, near line: 4219" in file: "common/government_types/01_social_monarchies.txt" near line: 4220
[09:25:10][pdx_persistent_reader.cpp:268]: Error: "Unknown trigger type: coa_absolute_monarchy_trigger, near line: 4241" in file: "common/government_types/01_social_monarchies.txt" near line: 4243
[09:25:10][pdx_persistent_reader.cpp:268]: Error: "Unknown trigger type: has_gov_regency, near line: 4244" in file: "common/government_types/01_social_monarchies.txt" near line: 4245
[09:25:10][pdx_persistent_reader.cpp:268]: Error: "Unknown trigger type: coa_absolute_monarchy_trigger, near line: 4266" in file: "common/government_types/01_social_monarchies.txt" near line: 4271
[09:25:10][pdx_persistent_reader.cpp:268]: Error: "Unknown trigger type: has_gov_regency, near line: 4281" in file: "common/government_types/01_social_monarchies.txt" near line: 4282
[09:25:10][pdx_persistent_reader.cpp:268]: Error: "Unknown trigger type: coa_absolute_monarchy_trigger, near line: 4300" in file: "common/government_types/01_social_monarchies.txt" near line: 4301
[09:25:10][pdx_persistent_reader.cpp:268]: Error: "Unknown trigger type: has_gov_regency, near line: 4304" in file: "common/government_types/01_social_monarchies.txt" near line: 4305
[09:25:10][pdx_persistent_reader.cpp:268]: Error: "Unknown trigger type: coa_absolute_monarchy_trigger, near line: 4326" in file: "common/government_types/01_social_monarchies.txt" near line: 4331
[09:25:10][pdx_persistent_reader.cpp:268]: Error: "Unknown trigger type: has_gov_regency, near line: 4343" in file: "common/government_types/01_social_monarchies.txt" near line: 4344
[09:25:10][pdx_persistent_reader.cpp:268]: Error: "Unknown trigger type: coa_absolute_monarchy_trigger, near line: 4365" in file: "common/government_types/01_social_monarchies.txt" near line: 4369
[09:25:10][pdx_persistent_reader.cpp:268]: Error: "Unknown trigger type: has_gov_regency, near line: 4372" in file: "common/government_types/01_social_monarchies.txt" near line: 4373
[09:25:10][pdx_persistent_reader.cpp:268]: Error: "Unknown trigger type: coa_absolute_monarchy_trigger, near line: 4394" in file: "common/government_types/01_social_monarchies.txt" near line: 4396
[09:25:10][pdx_persistent_reader.cpp:268]: Error: "Unknown trigger type: has_gov_regency, near line: 4432" in file: "common/government_types/01_social_monarchies.txt" near line: 4433
[09:25:10][pdx_persistent_reader.cpp:268]: Error: "Unknown trigger type: coa_absolute_monarchy_trigger, near line: 4455" in file: "common/government_types/01_social_monarchies.txt" near line: 4458
[09:25:10][pdx_persistent_reader.cpp:268]: Error: "Unknown trigger type: has_gov_regency, near line: 4459" in file: "common/government_types/01_social_monarchies.txt" near line: 4460
[09:25:10][pdx_persistent_reader.cpp:268]: Error: "Unknown trigger type: coa_absolute_monarchy_trigger, near line: 4482" in file: "common/government_types/01_social_monarchies.txt" near line: 4485
[09:25:10][pdx_persistent_reader.cpp:268]: Error: "Unknown trigger type: has_gov_regency, near line: 4486" in file: "common/government_types/01_social_monarchies.txt" near line: 4487
[09:25:10][pdx_persistent_reader.cpp:268]: Error: "Unknown trigger type: coa_absolute_monarchy_trigger, near line: 4509" in file: "common/government_types/01_social_monarchies.txt" near line: 4511
[09:25:10][pdx_persistent_reader.cpp:268]: Error: "Unknown trigger type: has_gov_regency, near line: 4515" in file: "common/government_types/01_social_monarchies.txt" near line: 4516
[09:25:10][pdx_persistent_reader.cpp:268]: Error: "Unknown trigger type: coa_absolute_monarchy_trigger, near line: 4537" in file: "common/government_types/01_social_monarchies.txt" near line: 4540
[09:25:10][pdx_persistent_reader.cpp:268]: Error: "Unknown trigger type: has_gov_regency, near line: 4541" in file: "common/government_types/01_social_monarchies.txt" near line: 4542
[09:25:10][pdx_persistent_reader.cpp:268]: Error: "Unknown trigger type: coa_absolute_monarchy_trigger, near line: 4563" in file: "common/government_types/01_social_monarchies.txt" near line: 4566
[09:25:10][pdx_persistent_reader.cpp:268]: Error: "Unknown trigger type: has_gov_regency, near line: 4567" in file: "common/government_types/01_social_monarchies.txt" near line: 4568
[09:25:10][pdx_persistent_reader.cpp:268]: Error: "Unknown trigger type: coa_absolute_monarchy_trigger, near line: 4589" in file: "common/government_types/01_social_monarchies.txt" near line: 4592
[09:25:10][pdx_persistent_reader.cpp:268]: Error: "Unknown trigger type: has_gov_regency, near line: 4593" in file: "common/government_types/01_social_monarchies.txt" near line: 4594
[09:25:10][pdx_persistent_reader.cpp:268]: Error: "Unknown trigger type: coa_absolute_monarchy_trigger, near line: 4615" in file: "common/government_types/01_social_monarchies.txt" near line: 4618
[09:25:10][pdx_persistent_reader.cpp:268]: Error: "Unknown trigger type: has_gov_regency, near line: 4619" in file: "common/government_types/01_social_monarchies.txt" near line: 4620
[09:25:10][pdx_persistent_reader.cpp:268]: Error: "Unknown trigger type: coa_absolute_monarchy_trigger, near line: 4641" in file: "common/government_types/01_social_monarchies.txt" near line: 4644
[09:25:10][pdx_persistent_reader.cpp:268]: Error: "Unknown trigger type: has_gov_regency, near line: 4645" in file: "common/government_types/01_social_monarchies.txt" near line: 4646
[09:25:10][pdx_persistent_reader.cpp:268]: Error: "Unknown trigger type: coa_absolute_monarchy_trigger, near line: 4667" in file: "common/government_types/01_social_monarchies.txt" near line: 4670
[09:25:10][pdx_persistent_reader.cpp:268]: Error: "Unknown trigger type: has_gov_regency, near line: 4671" in file: "common/government_types/01_social_monarchies.txt" near line: 4672
[09:25:10][pdx_persistent_reader.cpp:268]: Error: "Unknown trigger type: coa_absolute_monarchy_trigger, near line: 4693" in file: "common/government_types/01_social_monarchies.txt" near line: 4696
[09:25:10][pdx_persistent_reader.cpp:268]: Error: "Unknown trigger type: has_gov_regency, near line: 4697" in file: "common/government_types/01_social_monarchies.txt" near line: 4698
[09:25:10][pdx_persistent_reader.cpp:268]: Error: "Unknown trigger type: coa_absolute_monarchy_trigger, near line: 4719" in file: "common/government_types/01_social_monarchies.txt" near line: 4722
[09:25:10][pdx_persistent_reader.cpp:268]: Error: "Unknown trigger type: has_gov_regency, near line: 4723" in file: "common/government_types/01_social_monarchies.txt" near line: 4724
[09:25:10][pdx_persistent_reader.cpp:268]: Error: "Unknown trigger type: coa_absolute_monarchy_trigger, near line: 4745" in file: "common/government_types/01_social_monarchies.txt" near line: 4750
[09:25:10][pdx_persistent_reader.cpp:268]: Error: "Unknown trigger type: has_gov_regency, near line: 4751" in file: "common/government_types/01_social_monarchies.txt" near line: 4752
[09:25:10][pdx_persistent_reader.cpp:268]: Error: "Unknown trigger type: coa_absolute_monarchy_trigger, near line: 4773" in file: "common/government_types/01_social_monarchies.txt" near line: 4776
[09:25:10][pdx_persistent_reader.cpp:268]: Error: "Unknown trigger type: has_gov_regency, near line: 4777" in file: "common/government_types/01_social_monarchies.txt" near line: 4778
[09:25:10][pdx_persistent_reader.cpp:268]: Error: "Unknown trigger type: coa_absolute_monarchy_trigger, near line: 4799" in file: "common/government_types/01_social_monarchies.txt" near line: 4801
[09:25:10][pdx_persistent_reader.cpp:268]: Error: "Unknown trigger type: has_gov_regency, near line: 4805" in file: "common/government_types/01_social_monarchies.txt" near line: 4806
[09:25:10][pdx_persistent_reader.cpp:268]: Error: "Unknown trigger type: coa_absolute_monarchy_trigger, near line: 4827" in file: "common/government_types/01_social_monarchies.txt" near line: 4830
[09:25:10][pdx_persistent_reader.cpp:268]: Error: "Unknown trigger type: has_gov_regency, near line: 4831" in file: "common/government_types/01_social_monarchies.txt" near line: 4832
[09:25:10][pdx_persistent_reader.cpp:268]: Error: "Unknown trigger type: coa_absolute_monarchy_trigger, near line: 4857" in file: "common/government_types/01_social_monarchies.txt" near line: 4861
[09:25:10][pdx_persistent_reader.cpp:268]: Error: "Unknown trigger type: has_gov_regency, near line: 4863" in file: "common/government_types/01_social_monarchies.txt" near line: 4864
[09:25:10][pdx_persistent_reader.cpp:268]: Error: "Unknown trigger type: coa_absolute_monarchy_trigger, near line: 4886" in file: "common/government_types/01_social_monarchies.txt" near line: 4887
[09:25:10][pdx_persistent_reader.cpp:268]: Error: "Unknown trigger type: has_gov_regency, near line: 4888" in file: "common/government_types/01_social_monarchies.txt" near line: 4889
[09:25:10][pdx_persistent_reader.cpp:268]: Error: "Unknown trigger type: coa_absolute_monarchy_trigger, near line: 4910" in file: "common/government_types/01_social_monarchies.txt" near line: 4912
[09:25:10][pdx_persistent_reader.cpp:268]: Error: "Unknown trigger type: has_gov_regency, near line: 4922" in file: "common/government_types/01_social_monarchies.txt" near line: 4923
[09:25:10][pdx_persistent_reader.cpp:268]: Error: "Unknown trigger type: coa_absolute_monarchy_trigger, near line: 4944" in file: "common/government_types/01_social_monarchies.txt" near line: 4945
[09:25:10][pdx_persistent_reader.cpp:268]: Error: "Unknown trigger type: has_gov_regency, near line: 4947" in file: "common/government_types/01_social_monarchies.txt" near line: 4948
[09:25:10][pdx_persistent_reader.cpp:268]: Error: "Unknown trigger type: coa_absolute_monarchy_trigger, near line: 4969" in file: "common/government_types/01_social_monarchies.txt" near line: 4971
[09:25:10][pdx_persistent_reader.cpp:268]: Error: "Unknown trigger type: has_gov_regency, near line: 4974" in file: "common/government_types/01_social_monarchies.txt" near line: 4975
[09:25:10][pdx_persistent_reader.cpp:268]: Error: "Unknown trigger type: coa_absolute_monarchy_trigger, near line: 4996" in file: "common/government_types/01_social_monarchies.txt" near line: 4998
[09:25:10][pdx_persistent_reader.cpp:268]: Error: "Unknown trigger type: has_gov_regency, near line: 5002" in file: "common/government_types/01_social_monarchies.txt" near line: 5003
[09:25:10][pdx_persistent_reader.cpp:268]: Error: "Unknown trigger type: coa_absolute_monarchy_trigger, near line: 5025" in file: "common/government_types/01_social_monarchies.txt" near line: 5027
[09:25:10][pdx_persistent_reader.cpp:268]: Error: "Unknown trigger type: has_gov_regency, near line: 5037" in file: "common/government_types/01_social_monarchies.txt" near line: 5038
[09:25:10][pdx_persistent_reader.cpp:268]: Error: "Unknown trigger type: coa_absolute_monarchy_trigger, near line: 5059" in file: "common/government_types/01_social_monarchies.txt" near line: 5063
[09:25:10][pdx_persistent_reader.cpp:268]: Error: "Unknown trigger type: has_gov_regency, near line: 5066" in file: "common/government_types/01_social_monarchies.txt" near line: 5067
[09:25:10][pdx_persistent_reader.cpp:268]: Error: "Unknown trigger type: coa_absolute_monarchy_trigger, near line: 5089" in file: "common/government_types/01_social_monarchies.txt" near line: 5091
[09:25:10][pdx_persistent_reader.cpp:268]: Error: "Unknown trigger type: has_gov_regency, near line: 5096" in file: "common/government_types/01_social_monarchies.txt" near line: 5097
[09:25:10][pdx_persistent_reader.cpp:268]: Error: "Unknown trigger type: coa_absolute_monarchy_trigger, near line: 5118" in file: "common/government_types/01_social_monarchies.txt" near line: 5125
[09:25:10][pdx_persistent_reader.cpp:268]: Error: "Unknown trigger type: has_gov_regency, near line: 5127" in file: "common/government_types/01_social_monarchies.txt" near line: 5128
[09:25:10][pdx_persistent_reader.cpp:268]: Error: "Unknown trigger type: coa_absolute_monarchy_trigger, near line: 5149" in file: "common/government_types/01_social_monarchies.txt" near line: 5154
[09:25:10][pdx_persistent_reader.cpp:268]: Error: "Unknown trigger type: has_gov_regency, near line: 5177" in file: "common/government_types/01_social_monarchies.txt" near line: 5178
[09:25:10][pdx_persistent_reader.cpp:268]: Error: "Unknown trigger type: coa_absolute_monarchy_trigger, near line: 5199" in file: "common/government_types/01_social_monarchies.txt" near line: 5204
[09:25:10][pdx_persistent_reader.cpp:268]: Error: "Unknown trigger type: has_gov_regency, near line: 5209" in file: "common/government_types/01_social_monarchies.txt" near line: 5210
[09:25:10][pdx_persistent_reader.cpp:268]: Error: "Unknown trigger type: coa_absolute_monarchy_trigger, near line: 5232
Unknown trigger type: has_gov_regency, near line: 5234" in file: "common/government_types/01_social_monarchies.txt" near line: 5236
[09:25:10][pdx_persistent_reader.cpp:268]: Error: "Unknown trigger type: coa_absolute_monarchy_trigger, near line: 5257
Unknown trigger type: has_gov_regency, near line: 5259" in file: "common/government_types/01_social_monarchies.txt" near line: 5261
[09:25:10][pdx_persistent_reader.cpp:268]: Error: "Unknown trigger type: coa_absolute_monarchy_trigger, near line: 5281" in file: "common/government_types/01_social_monarchies.txt" near line: 5287
[09:25:10][pdx_persistent_reader.cpp:268]: Error: "Unknown trigger type: coa_absolute_monarchy_trigger, near line: 5326
Unknown trigger type: has_gov_regency, near line: 5329" in file: "common/government_types/01_social_monarchies.txt" near line: 5330
[09:25:10][pdx_persistent_reader.cpp:268]: Error: "Unknown trigger type: coa_absolute_monarchy_trigger, near line: 5351
Unknown trigger type: has_gov_regency, near line: 5353" in file: "common/government_types/01_social_monarchies.txt" near line: 5354
[09:25:10][pdx_persistent_reader.cpp:268]: Error: "Unknown trigger type: country_has_voting_franchise, near line: 9" in file: "common/government_types/02_presidential_republics.txt" near line: 12
[09:25:10][pdx_persistent_reader.cpp:268]: Error: "Unknown trigger type: country_has_voting_franchise, near line: 32" in file: "common/government_types/02_presidential_republics.txt" near line: 33
[09:25:10][pdx_persistent_reader.cpp:268]: Error: "Unknown trigger type: coa_fascist_trigger, near line: 68" in file: "common/government_types/02_presidential_republics.txt" near line: 69
[09:25:10][pdx_persistent_reader.cpp:268]: Error: "Unknown trigger type: country_has_voting_franchise, near line: 168" in file: "common/government_types/02_presidential_republics.txt" near line: 172
[09:25:10][pdx_persistent_reader.cpp:268]: Error: "Unknown trigger type: country_has_voting_franchise, near line: 184" in file: "common/government_types/02_presidential_republics.txt" near line: 185
[09:25:10][pdx_persistent_reader.cpp:268]: Error: "Unknown trigger type: country_has_voting_franchise, near line: 197" in file: "common/government_types/02_presidential_republics.txt" near line: 198
[09:25:10][pdx_persistent_reader.cpp:268]: Error: "Unknown trigger type: country_has_voting_franchise, near line: 21" in file: "common/government_types/03_parliamentary_republics.txt" near line: 22
[09:25:10][pdx_persistent_reader.cpp:268]: Error: "Unknown trigger type: country_has_voting_franchise, near line: 34" in file: "common/government_types/03_parliamentary_republics.txt" near line: 35
[09:25:10][pdx_persistent_reader.cpp:268]: Error: "Unknown trigger type: country_has_voting_franchise, near line: 137" in file: "common/government_types/04_theocracies.txt" near line: 138
[09:25:10][pdx_persistent_reader.cpp:268]: Error: "Unknown trigger type: country_has_voting_franchise, near line: 149" in file: "common/government_types/04_theocracies.txt" near line: 150
[09:25:10][pdx_persistent_reader.cpp:268]: Error: "Unknown trigger type: country_has_voting_franchise, near line: 70" in file: "common/government_types/05_council_republics.txt" near line: 71
[09:25:10][pdx_persistent_reader.cpp:268]: Error: "Unknown trigger type: country_has_voting_franchise, near line: 38" in file: "common/government_types/06_corporate_states.txt" near line: 39
[09:25:10][pdx_persistent_reader.cpp:268]: Error: "Unknown trigger type: country_has_voting_franchise, near line: 77" in file: "common/government_types/06_corporate_states.txt" near line: 80
[09:25:10][pdx_persistent_reader.cpp:268]: Error: "Unknown trigger type: country_has_voting_franchise, near line: 167" in file: "common/government_types/06_corporate_states.txt" near line: 170
[09:25:10][pdx_persistent_reader.cpp:268]: Error: "Unknown trigger type: country_is_colonial_or_company, near line: 1063" in file: "common/decrees/00_decree.txt" near line: 1064
[09:25:10][pdx_persistent_reader.cpp:268]: Error: "Unknown trigger type: agitator_opposes_enaction, near line: 25
Unknown trigger type: government_ig_ambivalent_enaction, near line: 26" in file: "events/agitators_events/agitator_law_events_2.txt" near line: 27
[09:25:10][pdx_persistent_reader.cpp:268]: Error: "Unknown trigger type: agitator_opposes_enaction, near line: 118
Unknown trigger type: government_ig_supports_enaction, near line: 119
Unknown trigger type: government_ig_opposes_enaction, near line: 120" in file: "events/agitators_events/agitator_law_events_2.txt" near line: 121
[09:25:10][pdx_persistent_reader.cpp:268]: Error: "Unknown trigger type: agitator_supports_enaction, near line: 236" in file: "events/agitators_events/agitator_law_events_2.txt" near line: 237
[09:25:10][pdx_persistent_reader.cpp:268]: Error: "Unknown trigger type: agitator_opposes_enaction, near line: 317
Unknown trigger type: government_ig_supports_enaction, near line: 318" in file: "events/agitators_events/agitator_law_events_2.txt" near line: 319
[09:25:10][pdx_persistent_reader.cpp:268]: Error: "Unknown trigger type: ig_counts_as_marginal, near line: 342" in file: "events/agitators_events/agitator_law_events_2.txt" near line: 347
[09:25:10][pdx_persistent_reader.cpp:268]: Error: "Unknown trigger type: agitator_opposes_enaction, near line: 453" in file: "events/agitators_events/agitator_law_events_2.txt" near line: 454
[09:25:10][pdx_persistent_reader.cpp:268]: Error: "Unknown trigger type: agitator_opposes_enaction, near line: 546
Unknown trigger type: government_ig_supports_enaction, near line: 548
Unknown trigger type: government_ig_ambivalent_enaction, near line: 549" in file: "events/agitators_events/agitator_law_events_2.txt" near line: 550
[09:25:10][pdx_persistent_reader.cpp:268]: Error: "Unknown trigger type: ig_counts_as_marginal, near line: 582" in file: "events/agitators_events/agitator_law_events_2.txt" near line: 584
[09:25:10][pdx_persistent_reader.cpp:268]: Error: "Unknown trigger type: government_ig_supports_enaction, near line: 696
Unknown trigger type: government_ig_ambivalent_enaction, near line: 697" in file: "events/agitators_events/agitator_law_events_2.txt" near line: 698
[09:25:10][pdx_persistent_reader.cpp:268]: Error: "Unknown trigger type: agitator_opposes_enaction, near line: 699" in file: "events/agitators_events/agitator_law_events_2.txt" near line: 700
[09:25:10][pdx_persistent_reader.cpp:268]: Error: "Unknown trigger type: agitator_supports_enaction, near line: 806" in file: "events/agitators_events/agitator_law_events_2.txt" near line: 811
[09:25:10][pdx_persistent_reader.cpp:268]: Error: "Unknown trigger type: ig_counts_as_marginal, near line: 812" in file: "events/agitators_events/agitator_law_events_2.txt" near line: 814
[09:25:10][pdx_persistent_reader.cpp:268]: Error: "Unknown trigger type: government_ig_supports_enaction, near line: 816
Unknown trigger type: government_ig_ambivalent_enaction, near line: 817" in file: "events/agitators_events/agitator_law_events_2.txt" near line: 818
[09:25:10][pdx_persistent_reader.cpp:268]: Error: "Unknown trigger type: ig_counts_as_marginal, near line: 846" in file: "events/agitators_events/agitator_law_events_2.txt" near line: 848
[09:25:10][pdx_persistent_reader.cpp:268]: Error: "Unknown trigger type: agitator_opposes_enaction, near line: 925
Unknown trigger type: government_ig_supports_enaction, near line: 927
Unknown trigger type: government_ig_ambivalent_enaction, near line: 928" in file: "events/agitators_events/agitator_law_events_2.txt" near line: 929
[09:25:10][pdx_persistent_reader.cpp:268]: Error: "Unknown trigger type: agitator_opposes_enaction, near line: 1032
Unknown trigger type: government_ig_supports_enaction, near line: 1034
Unknown trigger type: government_ig_ambivalent_enaction, near line: 1035" in file: "events/agitators_events/agitator_law_events_2.txt" near line: 1036
[09:25:10][pdx_persistent_reader.cpp:268]: Error: "Unknown trigger type: agitator_opposes_enaction, near line: 1148
Unknown trigger type: government_ig_supports_enaction, near line: 1149" in file: "events/agitators_events/agitator_law_events_2.txt" near line: 1150
[09:25:10][pdx_persistent_reader.cpp:268]: Error: "Unknown trigger type: ig_counts_as_marginal, near line: 1177" in file: "events/agitators_events/agitator_law_events_2.txt" near line: 1179
[09:25:10][pdx_persistent_reader.cpp:268]: Error: "Unknown trigger type: government_ig_supports_enaction, near line: 1230" in file: "events/agitators_events/agitator_law_events_2.txt" near line: 1236
[09:25:10][pdx_persistent_reader.cpp:268]: Error: "Unknown trigger type: ig_counts_as_marginal, near line: 1285" in file: "events/agitators_events/agitator_law_events_2.txt" near line: 1290
[09:25:10][pdx_persistent_reader.cpp:268]: Error: "Unknown trigger type: agitator_opposes_enaction, near line: 1508
Unknown trigger type: government_ig_supports_enaction, near line: 1510
Unknown trigger type: government_ig_ambivalent_enaction, near line: 1511" in file: "events/agitators_events/agitator_law_events_2.txt" near line: 1512
[09:25:10][pdx_persistent_reader.cpp:268]: Error: "Unknown trigger type: ig_counts_as_marginal, near line: 1536" in file: "events/agitators_events/agitator_law_events_2.txt" near line: 1541
[09:25:10][pdx_persistent_reader.cpp:268]: Error: "Unknown trigger type: agitator_opposes_enaction, near line: 1635
Unknown trigger type: government_ig_supports_enaction, near line: 1637
Unknown trigger type: government_ig_ambivalent_enaction, near line: 1638" in file: "events/agitators_events/agitator_law_events_2.txt" near line: 1639
[09:25:10][pdx_persistent_reader.cpp:268]: Error: "Unknown trigger type: ig_counts_as_marginal, near line: 1663" in file: "events/agitators_events/agitator_law_events_2.txt" near line: 1668
[09:25:10][pdx_persistent_reader.cpp:268]: Error: "Unknown trigger type: agitator_supports_enaction, near line: 1748
Unknown trigger type: government_ig_supports_enaction, near line: 1750
Unknown trigger type: government_ig_ambivalent_enaction, near line: 1751" in file: "events/agitators_events/agitator_law_events_2.txt" near line: 1752
[09:25:10][pdx_persistent_reader.cpp:268]: Error: "Unknown trigger type: ig_counts_as_marginal, near line: 1776" in file: "events/agitators_events/agitator_law_events_2.txt" near line: 1781
[09:25:10][pdx_persistent_reader.cpp:268]: Error: "Unknown trigger type: ig_counts_as_marginal, near line: 1858" in file: "events/agitators_events/agitator_law_events_2.txt" near line: 1861
[09:25:10][pdx_persistent_reader.cpp:268]: Error: "Unknown trigger type: agitator_opposes_enaction, near line: 1862" in file: "events/agitators_events/agitator_law_events_2.txt" near line: 1863
[09:25:10][pdx_persistent_reader.cpp:268]: Error: "Unknown trigger type: ig_counts_as_marginal, near line: 1886" in file: "events/agitators_events/agitator_law_events_2.txt" near line: 1888
[09:25:10][pdx_persistent_reader.cpp:268]: Error: "Unknown trigger type: ig_counts_as_marginal, near line: 1893" in file: "events/agitators_events/agitator_law_events_2.txt" near line: 1897
[09:25:10][pdx_persistent_reader.cpp:268]: Error: "Unknown trigger type: agitator_supports_enaction, near line: 1978" in file: "events/agitators_events/agitator_law_events_2.txt" near line: 1984
[09:25:10][pdx_persistent_reader.cpp:268]: Error: "Unknown trigger type: agitator_supports_enaction, near line: 2151
Unknown trigger type: ig_counts_as_marginal, near line: 2153" in file: "events/agitators_events/agitator_law_events_2.txt" near line: 2157
[09:25:10][pdx_persistent_reader.cpp:268]: Error: "Unknown trigger type: ig_counts_as_marginal, near line: 2183" in file: "events/agitators_events/agitator_law_events_2.txt" near line: 2187
[09:25:10][pdx_persistent_reader.cpp:268]: Error: "Unknown trigger type: ig_counts_as_marginal, near line: 2197" in file: "events/agitators_events/agitator_law_events_2.txt" near line: 2200
[09:25:10][pdx_persistent_reader.cpp:268]: Error: "Unknown trigger type: ig_counts_as_marginal, near line: 2283" in file: "events/agitators_events/agitator_law_events_2.txt" near line: 2287
[09:25:10][pdx_persistent_reader.cpp:268]: Error: "Unknown trigger type: agitator_supports_enaction, near line: 2290
Unknown trigger type: government_ig_supports_enaction, near line: 2292
Unknown trigger type: government_ig_ambivalent_enaction, near line: 2293" in file: "events/agitators_events/agitator_law_events_2.txt" near line: 2294
[09:25:10][pdx_persistent_reader.cpp:268]: Error: "Unknown trigger type: ig_counts_as_marginal, near line: 2318" in file: "events/agitators_events/agitator_law_events_2.txt" near line: 2322
[09:25:10][pdx_persistent_reader.cpp:268]: Error: "Unknown trigger type: ig_counts_as_marginal, near line: 2328" in file: "events/agitators_events/agitator_law_events_2.txt" near line: 2333
[09:25:10][pdx_persistent_reader.cpp:268]: Error: "Unknown trigger type: government_ig_supports_enaction, near line: 2423" in file: "events/agitators_events/agitator_law_events_2.txt" near line: 2424
[09:25:10][pdx_persistent_reader.cpp:268]: Error: "Unknown trigger type: ig_counts_as_marginal, near line: 2456" in file: "events/agitators_events/agitator_law_events_2.txt" near line: 2461
[09:25:10][pdx_persistent_reader.cpp:268]: Error: "Unknown trigger type: agitator_opposes_enaction, near line: 2524
Unknown trigger type: government_ig_supports_enaction, near line: 2526
Unknown trigger type: government_ig_ambivalent_enaction, near line: 2527" in file: "events/agitators_events/agitator_law_events_2.txt" near line: 2528
[09:25:10][pdx_persistent_reader.cpp:268]: Error: "Unknown trigger type: agitator_supports_enaction, near line: 2622
Unknown trigger type: government_ig_supports_enaction, near line: 2624
Unknown trigger type: government_ig_ambivalent_enaction, near line: 2625" in file: "events/agitators_events/agitator_law_events_2.txt" near line: 2626
[09:25:10][pdx_persistent_reader.cpp:268]: Error: "Unknown trigger type: agitator_opposes_enaction, near line: 2724
Unknown trigger type: government_ig_supports_enaction, near line: 2726
Unknown trigger type: government_ig_ambivalent_enaction, near line: 2727" in file: "events/agitators_events/agitator_law_events_2.txt" near line: 2728
[09:25:10][pdx_persistent_reader.cpp:268]: Error: "Unknown trigger type: agitator_opposes_enaction, near line: 2820
Unknown trigger type: government_ig_supports_enaction, near line: 2822
Unknown trigger type: government_ig_ambivalent_enaction, near line: 2823" in file: "events/agitators_events/agitator_law_events_2.txt" near line: 2824
[09:25:10][pdx_persistent_reader.cpp:268]: Error: "Unknown trigger type: agitator_opposes_enaction, near line: 2923" in file: "events/agitators_events/agitator_law_events_2.txt" near line: 2928
[09:25:10][pdx_persistent_reader.cpp:268]: Error: "Unknown trigger type: ig_counts_as_marginal, near line: 2929" in file: "events/agitators_events/agitator_law_events_2.txt" near line: 2931
[09:25:10][pdx_persistent_reader.cpp:268]: Error: "Unknown trigger type: government_ig_supports_enaction, near line: 2933
Unknown trigger type: government_ig_ambivalent_enaction, near line: 2934" in file: "events/agitators_events/agitator_law_events_2.txt" near line: 2935
[09:25:10][pdx_persistent_reader.cpp:268]: Error: "Unknown trigger type: agitator_supports_enaction, near line: 3027" in file: "events/agitators_events/agitator_law_events_2.txt" near line: 3032
[09:25:10][pdx_persistent_reader.cpp:268]: Error: "Unknown trigger type: ig_counts_as_marginal, near line: 3033" in file: "events/agitators_events/agitator_law_events_2.txt" near line: 3035
[09:25:10][pdx_persistent_reader.cpp:268]: Error: "Unknown trigger type: government_ig_supports_enaction, near line: 3037
Unknown trigger type: government_ig_ambivalent_enaction, near line: 3038" in file: "events/agitators_events/agitator_law_events_2.txt" near line: 3039
[09:25:10][pdx_persistent_reader.cpp:268]: Error: "Unknown trigger type: ig_counts_as_marginal, near line: 3073" in file: "events/agitators_events/agitator_law_events_2.txt" near line: 3078
[09:25:10][pdx_persistent_reader.cpp:268]: Error: "Unknown trigger type: ig_counts_as_marginal, near line: 3175" in file: "events/agitators_events/agitator_law_events_2.txt" near line: 3176
[09:25:10][pdx_persistent_reader.cpp:268]: Error: "Unknown trigger type: ig_counts_as_marginal, near line: 3182" in file: "events/agitators_events/agitator_law_events_2.txt" near line: 3183
[09:25:10][pdx_persistent_reader.cpp:268]: Error: "Unknown trigger type: agitator_supports_enaction, near line: 3184" in file: "events/agitators_events/agitator_law_events_2.txt" near line: 3185
[09:25:10][pdx_persistent_reader.cpp:268]: Error: "Unknown trigger type: ig_counts_as_marginal, near line: 3212" in file: "events/agitators_events/agitator_law_events_2.txt" near line: 3213
[09:25:10][pdx_persistent_reader.cpp:268]: Error: "Unknown trigger type: ig_counts_as_marginal, near line: 3222" in file: "events/agitators_events/agitator_law_events_2.txt" near line: 3225
[09:25:10][pdx_persistent_reader.cpp:268]: Error: "Unknown trigger type: agitator_supports_enaction, near line: 3294
Unknown trigger type: government_ig_supports_enaction, near line: 3296
Unknown trigger type: government_ig_ambivalent_enaction, near line: 3297" in file: "events/agitators_events/agitator_law_events_2.txt" near line: 3298
[09:25:10][pdx_persistent_reader.cpp:268]: Error: "Unknown trigger type: agitator_supports_enaction, near line: 3407
Unknown trigger type: government_ig_supports_enaction, near line: 3409
Unknown trigger type: government_ig_ambivalent_enaction, near line: 3410" in file: "events/agitators_events/agitator_law_events_2.txt" near line: 3411
[09:25:10][pdx_persistent_reader.cpp:268]: Error: "Unknown trigger type: has_socialist_ideology, near line: 115" in file: "events/agitators_events/agitators_election_events.txt" near line: 116
[09:25:10][pdx_persistent_reader.cpp:268]: Error: "Unknown trigger type: has_socialist_ideology, near line: 120" in file: "events/agitators_events/agitators_election_events.txt" near line: 121
[09:25:10][pdx_persistent_reader.cpp:268]: Error: "Unknown trigger type: has_progressive_ideology, near line: 128" in file: "events/agitators_events/agitators_election_events.txt" near line: 129
[09:25:10][pdx_persistent_reader.cpp:268]: Error: "Unknown trigger type: has_progressive_ideology, near line: 133" in file: "events/agitators_events/agitators_election_events.txt" near line: 134
[09:25:10][pdx_persistent_reader.cpp:268]: Error: "Unknown trigger type: has_liberal_ideology, near line: 141" in file: "events/agitators_events/agitators_election_events.txt" near line: 142
[09:25:10][pdx_persistent_reader.cpp:268]: Error: "Unknown trigger type: has_liberal_ideology, near line: 146" in file: "events/agitators_events/agitators_election_events.txt" near line: 147
[09:25:10][pdx_persistent_reader.cpp:268]: Error: "Unknown trigger type: has_reactionary_ideology, near line: 154" in file: "events/agitators_events/agitators_election_events.txt" near line: 155
[09:25:10][pdx_persistent_reader.cpp:268]: Error: "Unknown trigger type: has_reactionary_ideology, near line: 159" in file: "events/agitators_events/agitators_election_events.txt" near line: 160
[09:25:10][pdx_persistent_reader.cpp:268]: Error: "Unknown trigger type: has_conservative_ideology, near line: 167" in file: "events/agitators_events/agitators_election_events.txt" near line: 168
[09:25:10][pdx_persistent_reader.cpp:268]: Error: "Unknown trigger type: has_conservative_ideology, near line: 172" in file: "events/agitators_events/agitators_election_events.txt" near line: 173
[09:25:10][pdx_persistent_reader.cpp:268]: Error: "Unknown trigger type: has_socialist_ideology, near line: 191" in file: "events/agitators_events/agitators_election_events.txt" near line: 192
[09:25:10][pdx_persistent_reader.cpp:268]: Error: "Unknown trigger type: has_socialist_ideology, near line: 196" in file: "events/agitators_events/agitators_election_events.txt" near line: 197
[09:25:10][pdx_persistent_reader.cpp:268]: Error: "Unknown trigger type: has_progressive_ideology, near line: 204" in file: "events/agitators_events/agitators_election_events.txt" near line: 205
[09:25:10][pdx_persistent_reader.cpp:268]: Error: "Unknown trigger type: has_progressive_ideology, near line: 209" in file: "events/agitators_events/agitators_election_events.txt" near line: 210
[09:25:10][pdx_persistent_reader.cpp:268]: Error: "Unknown trigger type: has_liberal_ideology, near line: 217" in file: "events/agitators_events/agitators_election_events.txt" near line: 218
[09:25:10][pdx_persistent_reader.cpp:268]: Error: "Unknown trigger type: has_liberal_ideology, near line: 222" in file: "events/agitators_events/agitators_election_events.txt" near line: 223
[09:25:10][pdx_persistent_reader.cpp:268]: Error: "Unknown trigger type: has_reactionary_ideology, near line: 230" in file: "events/agitators_events/agitators_election_events.txt" near line: 231
[09:25:10][pdx_persistent_reader.cpp:268]: Error: "Unknown trigger type: has_reactionary_ideology, near line: 235" in file: "events/agitators_events/agitators_election_events.txt" near line: 236
[09:25:10][pdx_persistent_reader.cpp:268]: Error: "Unknown trigger type: has_conservative_ideology, near line: 243" in file: "events/agitators_events/agitators_election_events.txt" near line: 244
[09:25:10][pdx_persistent_reader.cpp:268]: Error: "Unknown trigger type: has_conservative_ideology, near line: 248" in file: "events/agitators_events/agitators_election_events.txt" near line: 249
[09:25:10][pdx_persistent_reader.cpp:268]: Error: "Unknown trigger type: has_socialist_ideology, near line: 305
Unknown trigger type: has_socialist_ideology, near line: 307" in file: "events/agitators_events/agitators_election_events.txt" near line: 308
[09:25:10][pdx_persistent_reader.cpp:268]: Error: "Unknown trigger type: has_progressive_ideology, near line: 311
Unknown trigger type: has_progressive_ideology, near line: 313" in file: "events/agitators_events/agitators_election_events.txt" near line: 314
[09:25:10][pdx_persistent_reader.cpp:268]: Error: "Unknown trigger type: has_liberal_ideology, near line: 317
Unknown trigger type: has_liberal_ideology, near line: 319" in file: "events/agitators_events/agitators_election_events.txt" near line: 320
[09:25:10][pdx_persistent_reader.cpp:268]: Error: "Unknown trigger type: has_reactionary_ideology, near line: 323
Unknown trigger type: has_reactionary_ideology, near line: 325" in file: "events/agitators_events/agitators_election_events.txt" near line: 326
[09:25:10][pdx_persistent_reader.cpp:268]: Error: "Unknown trigger type: has_conservative_ideology, near line: 329
Unknown trigger type: has_conservative_ideology, near line: 331" in file: "events/agitators_events/agitators_election_events.txt" near line: 332
[09:25:10][pdx_persistent_reader.cpp:268]: Error: "Unknown trigger type: has_socialist_ideology, near line: 342" in file: "events/agitators_events/agitators_election_events.txt" near line: 343
[09:25:10][pdx_persistent_reader.cpp:268]: Error: "Unknown trigger type: has_socialist_ideology, near line: 347" in file: "events/agitators_events/agitators_election_events.txt" near line: 348
[09:25:10][pdx_persistent_reader.cpp:268]: Error: "Unknown trigger type: has_socialist_ideology, near line: 359" in file: "events/agitators_events/agitators_election_events.txt" near line: 360
[09:25:10][pdx_persistent_reader.cpp:268]: Error: "Unknown trigger type: has_progressive_ideology, near line: 369" in file: "events/agitators_events/agitators_election_events.txt" near line: 370
[09:25:10][pdx_persistent_reader.cpp:268]: Error: "Unknown trigger type: has_progressive_ideology, near line: 374" in file: "events/agitators_events/agitators_election_events.txt" near line: 375
[09:25:10][pdx_persistent_reader.cpp:268]: Error: "Unknown trigger type: has_progressive_ideology, near line: 386" in file: "events/agitators_events/agitators_election_events.txt" near line: 387
[09:25:10][pdx_persistent_reader.cpp:268]: Error: "Unknown trigger type: has_liberal_ideology, near line: 396" in file: "events/agitators_events/agitators_election_events.txt" near line: 397
[09:25:10][pdx_persistent_reader.cpp:268]: Error: "Unknown trigger type: has_liberal_ideology, near line: 401" in file: "events/agitators_events/agitators_election_events.txt" near line: 402
[09:25:10][pdx_persistent_reader.cpp:268]: Error: "Unknown trigger type: has_liberal_ideology, near line: 413" in file: "events/agitators_events/agitators_election_events.txt" near line: 414
[09:25:10][pdx_persistent_reader.cpp:268]: Error: "Unknown trigger type: has_reactionary_ideology, near line: 423" in file: "events/agitators_events/agitators_election_events.txt" near line: 424
[09:25:10][pdx_persistent_reader.cpp:268]: Error: "Unknown trigger type: has_reactionary_ideology, near line: 428" in file: "events/agitators_events/agitators_election_events.txt" near line: 429
[09:25:10][pdx_persistent_reader.cpp:268]: Error: "Unknown trigger type: has_reactionary_ideology, near line: 440" in file: "events/agitators_events/agitators_election_events.txt" near line: 441
[09:25:10][pdx_persistent_reader.cpp:268]: Error: "Unknown trigger type: has_conservative_ideology, near line: 450" in file: "events/agitators_events/agitators_election_events.txt" near line: 451
[09:25:10][pdx_persistent_reader.cpp:268]: Error: "Unknown trigger type: has_conservative_ideology, near line: 455" in file: "events/agitators_events/agitators_election_events.txt" near line: 456
[09:25:10][pdx_persistent_reader.cpp:268]: Error: "Unknown trigger type: has_conservative_ideology, near line: 467" in file: "events/agitators_events/agitators_election_events.txt" near line: 468
[09:25:10][pdx_persistent_reader.cpp:268]: Error: "Unknown trigger type: has_socialist_ideology, near line: 535" in file: "events/agitators_events/agitators_election_events.txt" near line: 537
[09:25:10][pdx_persistent_reader.cpp:268]: Error: "Unknown trigger type: has_socialist_ideology, near line: 559" in file: "events/agitators_events/agitators_election_events.txt" near line: 561
[09:25:10][pdx_persistent_reader.cpp:268]: Error: "Unknown trigger type: party_has_members, near line: 588" in file: "events/agitators_events/agitators_election_events.txt" near line: 591
[09:25:10][pdx_persistent_reader.cpp:268]: Error: "Unknown trigger type: party_has_members, near line: 613" in file: "events/agitators_events/agitators_election_events.txt" near line: 616
[09:25:10][pdx_persistent_reader.cpp:268]: Error: "Unknown trigger type: party_has_members, near line: 629" in file: "events/agitators_events/agitators_election_events.txt" near line: 632
[09:25:10][pdx_persistent_reader.cpp:268]: Error: "Unknown trigger type: party_has_members, near line: 665" in file: "events/agitators_events/agitators_election_events.txt" near line: 667
[09:25:10][pdx_persistent_reader.cpp:268]: Error: "Unknown trigger type: party_has_members, near line: 669" in file: "events/agitators_events/agitators_election_events.txt" near line: 673
[09:25:10][pdx_persistent_reader.cpp:268]: Error: "Unknown trigger type: party_has_members, near line: 703" in file: "events/agitators_events/agitators_election_events.txt" near line: 707
[09:25:10][pdx_persistent_reader.cpp:268]: Error: "Unknown trigger type: has_socialist_ideology, near line: 1112
Unknown trigger type: has_socialist_ideology, near line: 1115" in file: "events/agitators_events/agitators_election_events.txt" near line: 1116
[09:25:10][pdx_persistent_reader.cpp:268]: Error: "Unknown trigger type: has_progressive_ideology, near line: 1120
Unknown trigger type: has_progressive_ideology, near line: 1123" in file: "events/agitators_events/agitators_election_events.txt" near line: 1124
[09:25:10][pdx_persistent_reader.cpp:268]: Error: "Unknown trigger type: has_liberal_ideology, near line: 1128
Unknown trigger type: has_liberal_ideology, near line: 1131" in file: "events/agitators_events/agitators_election_events.txt" near line: 1132
[09:25:10][pdx_persistent_reader.cpp:268]: Error: "Unknown trigger type: has_reactionary_ideology, near line: 1136
Unknown trigger type: has_reactionary_ideology, near line: 1139" in file: "events/agitators_events/agitators_election_events.txt" near line: 1140
[09:25:10][pdx_persistent_reader.cpp:268]: Error: "Unknown trigger type: has_conservative_ideology, near line: 1144
Unknown trigger type: has_conservative_ideology, near line: 1147" in file: "events/agitators_events/agitators_election_events.txt" near line: 1148
[09:25:10][pdx_persistent_reader.cpp:268]: Error: "Unknown trigger type: has_socialist_ideology, near line: 1175
Unknown trigger type: has_socialist_ideology, near line: 1177" in file: "events/agitators_events/agitators_election_events.txt" near line: 1178
[09:25:10][pdx_persistent_reader.cpp:268]: Error: "Unknown trigger type: has_progressive_ideology, near line: 1181
Unknown trigger type: has_progressive_ideology, near line: 1183" in file: "events/agitators_events/agitators_election_events.txt" near line: 1184
[09:25:10][pdx_persistent_reader.cpp:268]: Error: "Unknown trigger type: has_liberal_ideology, near line: 1187
Unknown trigger type: has_liberal_ideology, near line: 1189" in file: "events/agitators_events/agitators_election_events.txt" near line: 1190
[09:25:10][pdx_persistent_reader.cpp:268]: Error: "Unknown trigger type: has_conservative_ideology, near line: 1193
Unknown trigger type: has_conservative_ideology, near line: 1195" in file: "events/agitators_events/agitators_election_events.txt" near line: 1196
[09:25:10][pdx_persistent_reader.cpp:268]: Error: "Unknown trigger type: has_reactionary_ideology, near line: 1199
Unknown trigger type: has_reactionary_ideology, near line: 1201" in file: "events/agitators_events/agitators_election_events.txt" near line: 1202
[09:25:10][pdx_persistent_reader.cpp:268]: Error: "Unknown trigger type: party_has_members, near line: 1579" in file: "events/agitators_events/agitators_election_events.txt" near line: 1581
[09:25:10][pdx_persistent_reader.cpp:268]: Error: "Unknown trigger type: party_has_members, near line: 1655" in file: "events/agitators_events/agitators_election_events.txt" near line: 1657
[09:25:10][pdx_persistent_reader.cpp:268]: Error: "Unknown trigger type: party_has_members, near line: 1662" in file: "events/agitators_events/agitators_election_events.txt" near line: 1664
[09:25:10][pdx_persistent_reader.cpp:268]: Error: "Unknown trigger type: party_has_members, near line: 1751" in file: "events/agitators_events/agitators_election_events.txt" near line: 1753
[09:25:10][pdx_persistent_reader.cpp:268]: Error: "Unknown trigger type: party_has_members, near line: 1900" in file: "events/agitators_events/agitators_election_events.txt" near line: 1902
[09:25:10][pdx_persistent_reader.cpp:268]: Error: "Unknown trigger type: party_has_members, near line: 2045" in file: "events/agitators_events/agitators_election_events.txt" near line: 2047
[09:25:10][pdx_persistent_reader.cpp:268]: Error: "Unknown trigger type: party_has_members, near line: 2078" in file: "events/agitators_events/agitators_election_events.txt" near line: 2080
[09:25:10][pdx_persistent_reader.cpp:268]: Error: "Unknown trigger type: party_has_members, near line: 2143" in file: "events/agitators_events/agitators_election_events.txt" near line: 2145
[09:25:10][pdx_persistent_reader.cpp:268]: Error: "Unknown trigger type: party_has_members, near line: 2247" in file: "events/agitators_events/agitators_election_events.txt" near line: 2249
[09:25:10][pdx_persistent_reader.cpp:268]: Error: "Unknown trigger type: party_has_members, near line: 2251" in file: "events/agitators_events/agitators_election_events.txt" near line: 2253
[09:25:10][pdx_persistent_reader.cpp:268]: Error: "Unknown trigger type: party_has_members, near line: 2272" in file: "events/agitators_events/agitators_election_events.txt" near line: 2274
[09:25:10][pdx_persistent_reader.cpp:268]: Error: "Unknown trigger type: party_has_members, near line: 2391" in file: "events/agitators_events/agitators_election_events.txt" near line: 2393
[09:25:10][pdx_persistent_reader.cpp:268]: Error: "Unknown trigger type: party_has_members, near line: 2395" in file: "events/agitators_events/agitators_election_events.txt" near line: 2397
[09:25:10][pdx_persistent_reader.cpp:268]: Error: "Unknown trigger type: party_has_members, near line: 2416" in file: "events/agitators_events/agitators_election_events.txt" near line: 2418
[09:25:10][pdx_persistent_reader.cpp:268]: Error: "Unknown trigger type: character_is_valid_for_events, near line: 2482" in file: "events/agitators_events/agitators_election_events.txt" near line: 2483
[09:25:10][pdx_persistent_reader.cpp:268]: Error: "Unknown trigger type: party_has_members, near line: 2603" in file: "events/agitators_events/agitators_election_events.txt" near line: 2605
[09:25:10][pdx_persistent_reader.cpp:268]: Error: "Unknown trigger type: ig_counts_as_marginal, near line: 2607" in file: "events/agitators_events/agitators_election_events.txt" near line: 2608
[09:25:10][pdx_persistent_reader.cpp:268]: Error: "Unknown trigger type: party_has_members, near line: 2740" in file: "events/agitators_events/agitators_election_events.txt" near line: 2742
[09:25:10][pdx_persistent_reader.cpp:268]: Error: "Unknown trigger type: party_has_members, near line: 2773" in file: "events/agitators_events/agitators_election_events.txt" near line: 2775
[09:25:10][pdx_persistent_reader.cpp:268]: Error: "Unknown trigger type: party_has_members, near line: 2779" in file: "events/agitators_events/agitators_election_events.txt" near line: 2781
[09:25:10][pdx_persistent_reader.cpp:268]: Error: "Unknown trigger type: party_has_members, near line: 2798" in file: "events/agitators_events/agitators_election_events.txt" near line: 2802
[09:25:10][pdx_persistent_reader.cpp:268]: Error: "Unknown trigger type: party_has_members, near line: 2884" in file: "events/agitators_events/agitators_election_events.txt" near line: 2886
[09:25:10][pdx_persistent_reader.cpp:268]: Error: "Unknown trigger type: party_has_members, near line: 3041" in file: "events/agitators_events/agitators_election_events.txt" near line: 3043
[09:25:10][pdx_persistent_reader.cpp:268]: Error: "Unknown trigger type: party_has_members, near line: 3206" in file: "events/agitators_events/agitators_election_events.txt" near line: 3208
[09:25:10][pdx_persistent_reader.cpp:268]: Error: "Unknown trigger type: party_has_members, near line: 3296" in file: "events/agitators_events/agitators_election_events.txt" near line: 3298
[09:25:10][pdx_persistent_reader.cpp:268]: Error: "Unknown trigger type: party_has_members, near line: 3395" in file: "events/agitators_events/agitators_election_events.txt" near line: 3396
[09:25:10][pdx_persistent_reader.cpp:268]: Error: "Unknown trigger type: party_has_members, near line: 3518" in file: "events/agitators_events/agitators_election_events.txt" near line: 3519
[09:25:10][pdx_persistent_reader.cpp:268]: Error: "Unknown trigger type: party_has_members, near line: 3609" in file: "events/agitators_events/agitators_election_events.txt" near line: 3610
[09:25:10][pdx_persistent_reader.cpp:268]: Error: "Unknown trigger type: party_has_members, near line: 3734" in file: "events/agitators_events/agitators_election_events.txt" near line: 3735
[09:25:10][pdx_persistent_reader.cpp:268]: Error: "Unknown trigger type: party_has_members, near line: 3738" in file: "events/agitators_events/agitators_election_events.txt" near line: 3739
[09:25:10][pdx_persistent_reader.cpp:268]: Error: "Unknown trigger type: party_has_members, near line: 3758" in file: "events/agitators_events/agitators_election_events.txt" near line: 3760
[09:25:10][pdx_persistent_reader.cpp:268]: Error: "Unknown trigger type: party_has_members, near line: 3835" in file: "events/agitators_events/agitators_election_events.txt" near line: 3837
[09:25:10][pdx_persistent_reader.cpp:268]: Error: "Unknown trigger type: party_has_members, near line: 3952" in file: "events/agitators_events/agitators_election_events.txt" near line: 3954
[09:25:10][pdx_persistent_reader.cpp:268]: Error: "Unknown trigger type: ig_counts_as_marginal, near line: 3956" in file: "events/agitators_events/agitators_election_events.txt" near line: 3957
[09:25:10][pdx_persistent_reader.cpp:268]: Error: "Unknown trigger type: party_has_members, near line: 4052" in file: "events/agitators_events/agitators_election_events.txt" near line: 4054
[09:25:10][pdx_persistent_reader.cpp:268]: Error: "Unknown trigger type: party_has_members, near line: 4141" in file: "events/agitators_events/agitators_election_events.txt" near line: 4143
[09:25:10][pdx_persistent_reader.cpp:268]: Error: "Unknown trigger type: party_has_members, near line: 4237" in file: "events/agitators_events/agitators_election_events.txt" near line: 4239
[09:25:10][pdx_persistent_reader.cpp:268]: Error: "Unknown trigger type: party_has_members, near line: 4377" in file: "events/agitators_events/agitators_election_events.txt" near line: 4379
[09:25:10][pdx_persistent_reader.cpp:268]: Error: "Unknown trigger type: party_has_members, near line: 4514" in file: "events/agitators_events/agitators_election_events.txt" near line: 4516
[09:25:10][pdx_persistent_reader.cpp:268]: Error: "Unknown trigger type: party_has_members, near line: 4658" in file: "events/agitators_events/agitators_election_events.txt" near line: 4660
[09:25:10][pdx_persistent_reader.cpp:268]: Error: "Unknown trigger type: party_has_members, near line: 4683" in file: "events/agitators_events/agitators_election_events.txt" near line: 4685
[09:25:10][pdx_persistent_reader.cpp:268]: Error: "Unknown trigger type: party_has_members, near line: 4719" in file: "events/agitators_events/agitators_election_events.txt" near line: 4721
[09:25:10][pdx_persistent_reader.cpp:268]: Error: "Unknown trigger type: party_has_members, near line: 4775" in file: "events/agitators_events/agitators_election_events.txt" near line: 4777
[09:25:10][pdx_persistent_reader.cpp:268]: Error: "Unknown trigger type: party_has_members, near line: 4968" in file: "events/agitators_events/agitators_election_events.txt" near line: 4970
[09:25:10][pdx_persistent_reader.cpp:268]: Error: "Unknown trigger type: ig_counts_as_marginal, near line: 4976" in file: "events/agitators_events/agitators_election_events.txt" near line: 4977
[09:25:10][pdx_persistent_reader.cpp:268]: Error: "Unknown trigger type: party_has_members, near line: 5093" in file: "events/agitators_events/agitators_election_events.txt" near line: 5095
[09:25:10][pdx_persistent_reader.cpp:268]: Error: "Unknown trigger type: party_has_members, near line: 5254" in file: "events/agitators_events/agitators_election_events.txt" near line: 5259
[09:25:10][pdx_persistent_reader.cpp:268]: Error: "Unknown trigger type: party_has_members, near line: 5264" in file: "events/agitators_events/agitators_election_events.txt" near line: 5269
[09:25:10][pdx_persistent_reader.cpp:268]: Error: "Unknown trigger type: party_has_members, near line: 5341" in file: "events/agitators_events/agitators_election_events.txt" near line: 5343
[09:25:10][pdx_persistent_reader.cpp:268]: Error: "Unknown trigger type: party_has_members, near line: 5500" in file: "events/agitators_events/agitators_election_events.txt" near line: 5502
[09:25:10][pdx_persistent_reader.cpp:268]: Error: "Unknown trigger type: party_has_members, near line: 5562" in file: "events/agitators_events/agitators_election_events.txt" near line: 5564
[09:25:10][pdx_persistent_reader.cpp:268]: Error: "Unknown trigger type: party_has_members, near line: 5569" in file: "events/agitators_events/agitators_election_events.txt" near line: 5571
[09:25:10][pdx_persistent_reader.cpp:268]: Error: "Unknown trigger type: party_has_members, near line: 5624" in file: "events/agitators_events/agitators_election_events.txt" near line: 5626
[09:25:10][pdx_persistent_reader.cpp:268]: Error: "Unknown trigger type: party_has_members, near line: 5766" in file: "events/agitators_events/agitators_election_events.txt" near line: 5768
[09:25:10][pdx_persistent_reader.cpp:268]: Error: "Unknown trigger type: party_has_members, near line: 5899" in file: "events/agitators_events/agitators_election_events.txt" near line: 5901
[09:25:10][pdx_persistent_reader.cpp:268]: Error: "Unknown trigger type: party_has_members, near line: 6035" in file: "events/agitators_events/agitators_election_events.txt" near line: 6037
[09:25:10][pdx_persistent_reader.cpp:268]: Error: "Unknown trigger type: party_has_members, near line: 6204" in file: "events/agitators_events/agitators_election_events.txt" near line: 6206
[09:25:10][pdx_persistent_reader.cpp:268]: Error: "Unknown trigger type: party_has_members, near line: 6371" in file: "events/agitators_events/agitators_election_events.txt" near line: 6373
[09:25:10][pdx_persistent_reader.cpp:268]: Error: "Unknown trigger type: party_has_members, near line: 6498" in file: "events/agitators_events/agitators_election_events.txt" near line: 6500
[09:25:10][pdx_persistent_reader.cpp:268]: Error: "Unknown trigger type: party_has_members, near line: 6613" in file: "events/agitators_events/agitators_election_events.txt" near line: 6615
[09:25:10][pdx_persistent_reader.cpp:268]: Error: "Unknown trigger type: party_has_members, near line: 6752" in file: "events/agitators_events/agitators_election_events.txt" near line: 6754
[09:25:10][pdx_persistent_reader.cpp:268]: Error: "Unknown trigger type: ig_counts_as_marginal, near line: 6756" in file: "events/agitators_events/agitators_election_events.txt" near line: 6761
[09:25:10][pdx_persistent_reader.cpp:268]: Error: "Unknown trigger type: party_has_members, near line: 6895" in file: "events/agitators_events/agitators_election_events.txt" near line: 6897
[09:25:10][pdx_persistent_reader.cpp:268]: Error: "Unknown trigger type: ig_counts_as_marginal, near line: 6899" in file: "events/agitators_events/agitators_election_events.txt" near line: 6900
[09:25:10][pdx_persistent_reader.cpp:268]: Error: "Unknown trigger type: party_has_members, near line: 7011" in file: "events/agitators_events/agitators_election_events.txt" near line: 7013
[09:25:10][pdx_persistent_reader.cpp:268]: Error: "Unknown trigger type: ig_counts_as_marginal, near line: 7066" in file: "events/agitators_events/agitators_election_events.txt" near line: 7067
[09:25:10][pdx_persistent_reader.cpp:268]: Error: "Unknown trigger type: movement_supports_enaction, near line: 27
Unknown trigger type: agitator_supports_enaction, near line: 28
Unknown trigger type: government_ig_opposes_enaction, near line: 29" in file: "events/agitators_events/agitators_law_events.txt" near line: 30
[09:25:10][pdx_persistent_reader.cpp:268]: Error: "Unknown trigger type: ig_counts_as_marginal, near line: 56" in file: "events/agitators_events/agitators_law_events.txt" near line: 61
[09:25:10][pdx_persistent_reader.cpp:268]: Error: "Unknown trigger type: movement_supports_enaction, near line: 144
Unknown trigger type: agitator_supports_enaction, near line: 145" in file: "events/agitators_events/agitators_law_events.txt" near line: 149
[09:25:10][pdx_persistent_reader.cpp:268]: Error: "Unknown trigger type: agitator_supports_enaction, near line: 257" in file: "events/agitators_events/agitators_law_events.txt" near line: 263
[09:25:10][pdx_persistent_reader.cpp:268]: Error: "Unknown trigger type: has_hierarchic_ideology, near line: 309" in file: "events/agitators_events/agitators_law_events.txt" near line: 312
[09:25:10][pdx_persistent_reader.cpp:268]: Error: "Unknown trigger type: has_hierarchic_ideology, near line: 346" in file: "events/agitators_events/agitators_law_events.txt" near line: 349
[09:25:10][pdx_persistent_reader.cpp:268]: Error: "Unknown trigger type: agitator_supports_enaction, near line: 384
Unknown trigger type: movement_supports_enaction, near line: 385
Unknown trigger type: government_ig_opposes_enaction, near line: 387
Unknown trigger type: government_ig_ambivalent_enaction, near line: 388" in file: "events/agitators_events/agitators_law_events.txt" near line: 389
[09:25:10][pdx_persistent_reader.cpp:268]: Error: "Unknown trigger type: ig_counts_as_marginal, near line: 416" in file: "events/agitators_events/agitators_law_events.txt" near line: 421
[09:25:10][pdx_persistent_reader.cpp:268]: Error: "Unknown trigger type: agitator_supports_enaction, near line: 484
Unknown trigger type: movement_supports_enaction, near line: 485" in file: "events/agitators_events/agitators_law_events.txt" near line: 486
[09:25:10][pdx_persistent_reader.cpp:268]: Error: "Unknown trigger type: agitator_opposes_enaction, near line: 610
Unknown trigger type: movement_opposes_enaction, near line: 611" in file: "events/agitators_events/agitators_law_events.txt" near line: 612
[09:25:10][pdx_persistent_reader.cpp:268]: Error: "Unknown trigger type: agitator_opposes_enaction, near line: 697
Unknown trigger type: movement_opposes_enaction, near line: 698
Unknown trigger type: government_ig_ambivalent_enaction, near line: 699" in file: "events/agitators_events/agitators_law_events.txt" near line: 700
[09:25:10][pdx_persistent_reader.cpp:268]: Error: "Unknown trigger type: ig_counts_as_marginal, near line: 726" in file: "events/agitators_events/agitators_law_events.txt" near line: 731
[09:25:10][pdx_persistent_reader.cpp:268]: Error: "Unknown trigger type: agitator_opposes_enaction, near line: 793
Unknown trigger type: movement_opposes_enaction, near line: 794
Unknown trigger type: government_ig_supports_enaction, near line: 795" in file: "events/agitators_events/agitators_law_events.txt" near line: 796
[09:25:10][pdx_persistent_reader.cpp:268]: Error: "Unknown trigger type: ig_counts_as_marginal, near line: 822" in file: "events/agitators_events/agitators_law_events.txt" near line: 827
[09:25:10][pdx_persistent_reader.cpp:268]: Error: "Unknown trigger type: agitator_opposes_enaction, near line: 946
Unknown trigger type: movement_opposes_enaction, near line: 947" in file: "events/agitators_events/agitators_law_events.txt" near line: 948
[09:25:10][pdx_persistent_reader.cpp:268]: Error: "Unknown trigger type: ig_counts_as_marginal, near line: 974" in file: "events/agitators_events/agitators_law_events.txt" near line: 979
[09:25:10][pdx_persistent_reader.cpp:268]: Error: "Unknown trigger type: agitator_opposes_enaction, near line: 1043
Unknown trigger type: movement_opposes_enaction, near line: 1044" in file: "events/agitators_events/agitators_law_events.txt" near line: 1049
[09:25:10][pdx_persistent_reader.cpp:268]: Error: "Unknown trigger type: agitator_supports_enaction, near line: 1166" in file: "events/agitators_events/agitators_law_events.txt" near line: 1167
[09:25:10][pdx_persistent_reader.cpp:268]: Error: "Unknown trigger type: agitator_supports_enaction, near line: 1241" in file: "events/agitators_events/agitators_law_events.txt" near line: 1246
[09:25:10][pdx_persistent_reader.cpp:268]: Error: "Unknown trigger type: ig_counts_as_marginal, near line: 1247" in file: "events/agitators_events/agitators_law_events.txt" near line: 1248
[09:25:10][pdx_persistent_reader.cpp:268]: Error: "Unknown trigger type: ig_counts_as_marginal, near line: 1276" in file: "events/agitators_events/agitators_law_events.txt" near line: 1277
[09:25:10][pdx_persistent_reader.cpp:268]: Error: "Unknown trigger type: agitator_supports_enaction, near line: 1336
Unknown trigger type: ig_counts_as_marginal, near line: 1338" in file: "events/agitators_events/agitators_law_events.txt" near line: 1339
[09:25:10][pdx_persistent_reader.cpp:268]: Error: "Unknown trigger type: agitator_supports_enaction, near line: 1475" in file: "events/agitators_events/agitators_law_events.txt" near line: 1476
[09:25:10][pdx_persistent_reader.cpp:268]: Error: "Unknown trigger type: agitator_supports_enaction, near line: 1566" in file: "events/agitators_events/agitators_law_events.txt" near line: 1571
[09:25:10][pdx_persistent_reader.cpp:268]: Error: "Unknown trigger type: ig_counts_as_marginal, near line: 1572" in file: "events/agitators_events/agitators_law_events.txt" near line: 1573
[09:25:10][pdx_persistent_reader.cpp:268]: Error: "Unknown trigger type: ig_counts_as_marginal, near line: 1607" in file: "events/agitators_events/agitators_law_events.txt" near line: 1608
[09:25:10][pdx_persistent_reader.cpp:268]: Error: "Unknown trigger type: movement_opposes_enaction, near line: 1661
Unknown trigger type: agitator_opposes_enaction, near line: 1662" in file: "events/agitators_events/agitators_law_events.txt" near line: 1663
[09:25:10][pdx_persistent_reader.cpp:268]: Error: "Unknown trigger type: movement_opposes_enaction, near line: 1729
Unknown trigger type: agitator_opposes_enaction, near line: 1730" in file: "events/agitators_events/agitators_law_events.txt" near line: 1731
[09:25:10][pdx_persistent_reader.cpp:268]: Error: "Unknown trigger type: movement_opposes_enaction, near line: 1805
Unknown trigger type: agitator_opposes_enaction, near line: 1806" in file: "events/agitators_events/agitators_law_events.txt" near line: 1809
[09:25:10][pdx_persistent_reader.cpp:268]: Error: "Unknown trigger type: movement_opposes_enaction, near line: 1896
Unknown trigger type: agitator_opposes_enaction, near line: 1897" in file: "events/agitators_events/agitators_law_events.txt" near line: 1900
[09:25:10][pdx_persistent_reader.cpp:268]: Error: "Unknown trigger type: government_ig_supports_enaction, near line: 1901" in file: "events/agitators_events/agitators_law_events.txt" near line: 1902
[09:25:10][pdx_persistent_reader.cpp:268]: Error: "Unknown trigger type: movement_opposes_enaction, near line: 2041
Unknown trigger type: agitator_opposes_enaction, near line: 2042" in file: "events/agitators_events/agitators_law_events.txt" near line: 2043
[09:25:10][pdx_persistent_reader.cpp:268]: Error: "Unknown trigger type: agitator_supports_enaction, near line: 2114" in file: "events/agitators_events/agitators_law_events.txt" near line: 2119
[09:25:10][pdx_persistent_reader.cpp:268]: Error: "Unknown trigger type: ig_counts_as_marginal, near line: 2143" in file: "events/agitators_events/agitators_law_events.txt" near line: 2148
[09:25:10][pdx_persistent_reader.cpp:268]: Error: "Unknown trigger type: agitator_supports_enaction, near line: 2204" in file: "events/agitators_events/agitators_law_events.txt" near line: 2208
[09:25:10][pdx_persistent_reader.cpp:268]: Error: "Unknown trigger type: ig_counts_as_marginal, near line: 2236" in file: "events/agitators_events/agitators_law_events.txt" near line: 2241
[09:25:10][pdx_persistent_reader.cpp:268]: Error: "Unknown trigger type: agitator_supports_enaction, near line: 2318" in file: "events/agitators_events/agitators_law_events.txt" near line: 2323
[09:25:10][pdx_persistent_reader.cpp:268]: Error: "Unknown trigger type: agitator_supports_enaction, near line: 2435" in file: "events/agitators_events/agitators_law_events.txt" near line: 2440
[09:25:10][pdx_persistent_reader.cpp:268]: Error: "Unknown trigger type: agitator_supports_enaction, near line: 2576" in file: "events/agitators_events/agitators_law_events.txt" near line: 2577
[09:25:10][pdx_persistent_reader.cpp:268]: Error: "Unknown trigger type: agitator_supports_enaction, near line: 2658" in file: "events/agitators_events/agitators_law_events.txt" near line: 2659
[09:25:10][pdx_persistent_reader.cpp:268]: Error: "Unknown trigger type: agitator_supports_enaction, near line: 2775" in file: "events/agitators_events/agitators_law_events.txt" near line: 2776
[09:25:10][pdx_persistent_reader.cpp:268]: Error: "Unknown trigger type: agitator_supports_enaction, near line: 2852" in file: "events/agitators_events/agitators_law_events.txt" near line: 2853
[09:25:10][pdx_persistent_reader.cpp:268]: Error: "Unknown trigger type: agitator_supports_enaction, near line: 2941" in file: "events/agitators_events/agitators_law_events.txt" near line: 2942
[09:25:10][pdx_persistent_reader.cpp:268]: Error: "Unknown trigger type: agitator_supports_enaction, near line: 3017" in file: "events/agitators_events/agitators_law_events.txt" near line: 3022
[09:25:10][pdx_persistent_reader.cpp:268]: Error: "Unknown trigger type: ig_counts_as_marginal, near line: 3023" in file: "events/agitators_events/agitators_law_events.txt" near line: 3024
[09:25:10][pdx_persistent_reader.cpp:268]: Error: "Unknown trigger type: ig_counts_as_marginal, near line: 3052" in file: "events/agitators_events/agitators_law_events.txt" near line: 3053
[09:25:10][pdx_persistent_reader.cpp:268]: Error: "Unknown trigger type: character_is_valid_for_events, near line: 32" in file: "events/agitators_events/coup_events.txt" near line: 35
[09:25:10][pdx_persistent_reader.cpp:268]: Error: "Unknown trigger type: character_is_valid_for_events, near line: 45" in file: "events/agitators_events/coup_events.txt" near line: 48
[09:25:10][pdx_persistent_reader.cpp:268]: Error: "Unknown trigger type: ig_counts_as_marginal, near line: 237" in file: "events/agitators_events/coup_events.txt" near line: 238
[09:25:10][pdx_persistent_reader.cpp:268]: Error: "Unknown trigger type: ig_counts_as_marginal, near line: 247" in file: "events/agitators_events/coup_events.txt" near line: 248
[09:25:10][pdx_persistent_reader.cpp:268]: Error: "Unknown trigger type: ig_counts_as_marginal, near line: 331" in file: "events/agitators_events/coup_events.txt" near line: 332
[09:25:10][pdx_persistent_reader.cpp:268]: Error: "Unknown trigger type: ig_counts_as_marginal, near line: 428" in file: "events/agitators_events/coup_events.txt" near line: 429
[09:25:10][pdx_persistent_reader.cpp:268]: Error: "Unknown trigger type: ig_counts_as_marginal, near line: 437" in file: "events/agitators_events/coup_events.txt" near line: 438
[09:25:10][pdx_persistent_reader.cpp:268]: Error: "Unknown trigger type: country_has_voting_franchise, near line: 496" in file: "events/agitators_events/coup_events.txt" near line: 499
[09:25:10][pdx_persistent_reader.cpp:268]: Error: "Unknown trigger type: ig_counts_as_marginal, near line: 585" in file: "events/agitators_events/coup_events.txt" near line: 586
[09:25:10][pdx_persistent_reader.cpp:268]: Error: "Unknown trigger type: ig_counts_as_marginal, near line: 599" in file: "events/agitators_events/coup_events.txt" near line: 600
[09:25:10][pdx_persistent_reader.cpp:268]: Error: "Unknown trigger type: ig_counts_as_marginal, near line: 678" in file: "events/agitators_events/coup_events.txt" near line: 679
[09:25:10][pdx_persistent_reader.cpp:268]: Error: "Unknown trigger type: ig_counts_as_marginal, near line: 702" in file: "events/agitators_events/coup_events.txt" near line: 703
[09:25:10][pdx_persistent_reader.cpp:268]: Error: "Unknown trigger type: country_has_voting_franchise, near line: 931" in file: "events/agitators_events/coup_events.txt" near line: 936
[09:25:10][pdx_persistent_reader.cpp:268]: Error: "Unknown trigger type: ig_counts_as_marginal, near line: 938" in file: "events/agitators_events/coup_events.txt" near line: 939
[09:25:10][pdx_persistent_reader.cpp:268]: Error: "Unknown trigger type: ig_counts_as_marginal, near line: 955" in file: "events/agitators_events/coup_events.txt" near line: 956
[09:25:10][pdx_persistent_reader.cpp:268]: Error: "Unknown trigger type: ig_counts_as_marginal, near line: 1050" in file: "events/agitators_events/coup_events.txt" near line: 1051
[09:25:10][pdx_persistent_reader.cpp:268]: Error: "Unknown trigger type: ig_counts_as_marginal, near line: 1058" in file: "events/agitators_events/coup_events.txt" near line: 1059
[09:25:10][pdx_persistent_reader.cpp:268]: Error: "Unknown trigger type: ig_counts_as_marginal, near line: 1142" in file: "events/agitators_events/coup_events.txt" near line: 1143
[09:25:10][pdx_persistent_reader.cpp:268]: Error: "Unknown trigger type: ig_counts_as_marginal, near line: 1205" in file: "events/agitators_events/coup_events.txt" near line: 1206
[09:25:10][pdx_persistent_reader.cpp:268]: Error: "Unknown trigger type: ig_counts_as_marginal, near line: 1245" in file: "events/agitators_events/coup_events.txt" near line: 1246
[09:25:10][pdx_persistent_reader.cpp:268]: Error: "Unknown trigger type: character_is_valid_for_events, near line: 163" in file: "events/agitators_events/exiles_events.txt" near line: 167
[09:25:10][pdx_persistent_reader.cpp:268]: Error: "Unknown trigger type: character_is_valid_for_events, near line: 198" in file: "events/agitators_events/exiles_events.txt" near line: 202
[09:25:10][pdx_persistent_reader.cpp:268]: Error: "Unknown trigger type: ig_type_matches_former, near line: 34" in file: "events/agitators_events/exiles_events_02.txt" near line: 35
[09:25:10][pdx_persistent_reader.cpp:268]: Error: "Unknown trigger type: ig_type_matches_former, near line: 48" in file: "events/agitators_events/exiles_events_02.txt" near line: 49
[09:25:10][pdx_persistent_reader.cpp:268]: Error: "Unknown trigger type: ig_type_matches_former, near line: 163" in file: "events/agitators_events/exiles_events_02.txt" near line: 167
[09:25:10][pdx_persistent_reader.cpp:268]: Error: "Unknown trigger type: ig_type_matches_former, near line: 185" in file: "events/agitators_events/exiles_events_02.txt" near line: 189
[09:25:10][pdx_persistent_reader.cpp:268]: Error: "Unknown trigger type: ig_type_matches_former, near line: 248" in file: "events/agitators_events/exiles_events_02.txt" near line: 249
[09:25:10][pdx_persistent_reader.cpp:268]: Error: "Unknown trigger type: has_liberal_ideology, near line: 323" in file: "events/agitators_events/exiles_events_02.txt" near line: 323
[09:25:10][pdx_persistent_reader.cpp:268]: Error: "Unknown trigger type: has_liberal_ideology, near line: 324" in file: "events/agitators_events/exiles_events_02.txt" near line: 324
[09:25:10][pdx_persistent_reader.cpp:268]: Error: "Unknown trigger type: has_progressive_ideology, near line: 327" in file: "events/agitators_events/exiles_events_02.txt" near line: 327
[09:25:10][pdx_persistent_reader.cpp:268]: Error: "Unknown trigger type: has_progressive_ideology, near line: 328" in file: "events/agitators_events/exiles_events_02.txt" near line: 328
[09:25:10][pdx_persistent_reader.cpp:268]: Error: "Unknown trigger type: has_socialist_ideology, near line: 331" in file: "events/agitators_events/exiles_events_02.txt" near line: 331
[09:25:10][pdx_persistent_reader.cpp:268]: Error: "Unknown trigger type: has_socialist_ideology, near line: 332" in file: "events/agitators_events/exiles_events_02.txt" near line: 332
[09:25:10][pdx_persistent_reader.cpp:268]: Error: "Unknown trigger type: has_reactionary_ideology, near line: 335" in file: "events/agitators_events/exiles_events_02.txt" near line: 335
[09:25:10][pdx_persistent_reader.cpp:268]: Error: "Unknown trigger type: has_reactionary_ideology, near line: 336" in file: "events/agitators_events/exiles_events_02.txt" near line: 336
[09:25:10][pdx_persistent_reader.cpp:268]: Error: "Unknown trigger type: has_conservative_ideology, near line: 339" in file: "events/agitators_events/exiles_events_02.txt" near line: 339
[09:25:10][pdx_persistent_reader.cpp:268]: Error: "Unknown trigger type: has_conservative_ideology, near line: 340" in file: "events/agitators_events/exiles_events_02.txt" near line: 340
[09:25:10][pdx_persistent_reader.cpp:268]: Error: "Unknown trigger type: is_major_unifier, near line: 559" in file: "events/agitators_events/exiles_events_02.txt" near line: 561
[09:25:10][pdx_persistent_reader.cpp:268]: Error: "Unknown trigger type: has_liberal_ideology, near line: 613" in file: "events/agitators_events/exiles_events_02.txt" near line: 613
[09:25:10][pdx_persistent_reader.cpp:268]: Error: "Unknown trigger type: has_liberal_ideology, near line: 617" in file: "events/agitators_events/exiles_events_02.txt" near line: 617
[09:25:10][pdx_persistent_reader.cpp:268]: Error: "Unknown trigger type: has_progressive_ideology, near line: 628" in file: "events/agitators_events/exiles_events_02.txt" near line: 628
[09:25:10][pdx_persistent_reader.cpp:268]: Error: "Unknown trigger type: has_progressive_ideology, near line: 632" in file: "events/agitators_events/exiles_events_02.txt" near line: 632
[09:25:10][pdx_persistent_reader.cpp:268]: Error: "Unknown trigger type: has_socialist_ideology, near line: 643" in file: "events/agitators_events/exiles_events_02.txt" near line: 643
[09:25:10][pdx_persistent_reader.cpp:268]: Error: "Unknown trigger type: has_socialist_ideology, near line: 647" in file: "events/agitators_events/exiles_events_02.txt" near line: 647
[09:25:10][pdx_persistent_reader.cpp:268]: Error: "Unknown trigger type: has_reactionary_ideology, near line: 658" in file: "events/agitators_events/exiles_events_02.txt" near line: 658
[09:25:10][pdx_persistent_reader.cpp:268]: Error: "Unknown trigger type: has_reactionary_ideology, near line: 662" in file: "events/agitators_events/exiles_events_02.txt" near line: 662
[09:25:10][pdx_persistent_reader.cpp:268]: Error: "Unknown trigger type: has_conservative_ideology, near line: 673" in file: "events/agitators_events/exiles_events_02.txt" near line: 673
[09:25:10][pdx_persistent_reader.cpp:268]: Error: "Unknown trigger type: has_conservative_ideology, near line: 677" in file: "events/agitators_events/exiles_events_02.txt" near line: 677
[09:25:10][pdx_persistent_reader.cpp:268]: Error: "Unknown trigger type: has_liberal_ideology, near line: 692" in file: "events/agitators_events/exiles_events_02.txt" near line: 692
[09:25:10][pdx_persistent_reader.cpp:268]: Error: "Unknown trigger type: has_liberal_ideology, near line: 696" in file: "events/agitators_events/exiles_events_02.txt" near line: 696
[09:25:10][pdx_persistent_reader.cpp:268]: Error: "Unknown trigger type: has_progressive_ideology, near line: 707" in file: "events/agitators_events/exiles_events_02.txt" near line: 707
[09:25:10][pdx_persistent_reader.cpp:268]: Error: "Unknown trigger type: has_progressive_ideology, near line: 711" in file: "events/agitators_events/exiles_events_02.txt" near line: 711
[09:25:10][pdx_persistent_reader.cpp:268]: Error: "Unknown trigger type: has_socialist_ideology, near line: 722" in file: "events/agitators_events/exiles_events_02.txt" near line: 722
[09:25:10][pdx_persistent_reader.cpp:268]: Error: "Unknown trigger type: has_socialist_ideology, near line: 726" in file: "events/agitators_events/exiles_events_02.txt" near line: 726
[09:25:10][pdx_persistent_reader.cpp:268]: Error: "Unknown trigger type: has_reactionary_ideology, near line: 737" in file: "events/agitators_events/exiles_events_02.txt" near line: 737
[09:25:10][pdx_persistent_reader.cpp:268]: Error: "Unknown trigger type: has_reactionary_ideology, near line: 741" in file: "events/agitators_events/exiles_events_02.txt" near line: 741
[09:25:10][pdx_persistent_reader.cpp:268]: Error: "Unknown trigger type: has_conservative_ideology, near line: 752" in file: "events/agitators_events/exiles_events_02.txt" near line: 752
[09:25:10][pdx_persistent_reader.cpp:268]: Error: "Unknown trigger type: has_conservative_ideology, near line: 756" in file: "events/agitators_events/exiles_events_02.txt" near line: 756
[09:25:10][pdx_persistent_reader.cpp:268]: Error: "Unknown trigger type: ig_type_matches_former, near line: 987" in file: "events/agitators_events/exiles_events_02.txt" near line: 989
[09:25:10][pdx_persistent_reader.cpp:268]: Error: "Unknown trigger type: ig_type_matches_former, near line: 1017" in file: "events/agitators_events/exiles_events_02.txt" near line: 1019
[09:25:10][pdx_persistent_reader.cpp:268]: Error: "Unknown trigger type: ig_type_matches_former, near line: 1306" in file: "events/agitators_events/exiles_events_02.txt" near line: 1308
[09:25:10][pdx_persistent_reader.cpp:268]: Error: "Unknown trigger type: ig_type_matches_former, near line: 1321" in file: "events/agitators_events/exiles_events_02.txt" near line: 1323
[09:25:10][pdx_persistent_reader.cpp:268]: Error: "Unknown trigger type: any_revolution_ongoing, near line: 1527" in file: "events/agitators_events/exiles_events_02.txt" near line: 1533
[09:25:10][pdx_persistent_reader.cpp:268]: Error: "Unknown trigger type: ig_counts_as_marginal, near line: 91
Unknown trigger type: law_is_valid_for_ig_petition, near line: 93" in file: "events/agitators_events/government_petition_events.txt" near line: 94
[09:25:10][pdx_persistent_reader.cpp:268]: Error: "Unknown trigger type: law_is_valid_for_ig_petition, near line: 99" in file: "events/agitators_events/government_petition_events.txt" near line: 100
[09:25:10][pdx_persistent_reader.cpp:268]: Error: "Unknown trigger type: law_is_valid_for_ig_petition, near line: 108" in file: "events/agitators_events/government_petition_events.txt" near line: 111
[09:25:10][pdx_persistent_reader.cpp:268]: Error: "Unknown trigger type: ig_counts_as_marginal, near line: 39" in file: "events/agitators_events/land_ownership_law_events.txt" near line: 43
[09:25:10][pdx_persistent_reader.cpp:268]: Error: "Unknown trigger type: ig_counts_as_marginal, near line: 187" in file: "events/agitators_events/land_ownership_law_events.txt" near line: 188
[09:25:10][pdx_persistent_reader.cpp:268]: Error: "Unknown trigger type: ig_counts_as_marginal, near line: 190" in file: "events/agitators_events/land_ownership_law_events.txt" near line: 191
[09:25:10][pdx_persistent_reader.cpp:268]: Error: "Unknown trigger type: ig_counts_as_marginal, near line: 193" in file: "events/agitators_events/land_ownership_law_events.txt" near line: 194
[09:25:10][pdx_persistent_reader.cpp:268]: Error: "Unknown trigger type: ig_counts_as_marginal, near line: 293" in file: "events/agitators_events/land_ownership_law_events.txt" near line: 298
[09:25:10][pdx_persistent_reader.cpp:268]: Error: "Unknown trigger type: ig_counts_as_marginal, near line: 479" in file: "events/agitators_events/land_ownership_law_events.txt" near line: 480
[09:25:10][pdx_persistent_reader.cpp:268]: Error: "Unknown trigger type: ig_counts_as_marginal, near line: 483" in file: "events/agitators_events/land_ownership_law_events.txt" near line: 484
[09:25:10][pdx_persistent_reader.cpp:268]: Error: "Unknown trigger type: ig_counts_as_marginal, near line: 486" in file: "events/agitators_events/land_ownership_law_events.txt" near line: 487
[09:25:10][pdx_persistent_reader.cpp:268]: Error: "Unknown trigger type: ig_counts_as_marginal, near line: 557" in file: "events/agitators_events/land_ownership_law_events.txt" near line: 558
[09:25:10][pdx_persistent_reader.cpp:268]: Error: "Unknown trigger type: ig_counts_as_marginal, near line: 587" in file: "events/agitators_events/land_ownership_law_events.txt" near line: 588
[09:25:10][pdx_persistent_reader.cpp:268]: Error: "Unknown trigger type: ig_counts_as_marginal, near line: 721" in file: "events/agitators_events/land_ownership_law_events.txt" near line: 722
[09:25:10][pdx_persistent_reader.cpp:268]: Error: "Unknown trigger type: ig_counts_as_marginal, near line: 809" in file: "events/agitators_events/land_ownership_law_events.txt" near line: 813
[09:25:10][pdx_persistent_reader.cpp:268]: Error: "Unknown trigger type: ig_counts_as_marginal, near line: 984" in file: "events/agitators_events/land_ownership_law_events.txt" near line: 985
[09:25:10][pdx_persistent_reader.cpp:268]: Error: "Unknown trigger type: ig_counts_as_marginal, near line: 1066" in file: "events/agitators_events/land_ownership_law_events.txt" near line: 1067
[09:25:10][pdx_persistent_reader.cpp:268]: Error: "Unknown trigger type: ig_counts_as_marginal, near line: 1104" in file: "events/agitators_events/land_ownership_law_events.txt" near line: 1105
[09:25:10][pdx_persistent_reader.cpp:268]: Error: "Unknown trigger type: ig_counts_as_marginal, near line: 1107" in file: "events/agitators_events/land_ownership_law_events.txt" near line: 1111
[09:25:10][pdx_persistent_reader.cpp:268]: Error: "Unknown trigger type: ig_counts_as_marginal, near line: 1151" in file: "events/agitators_events/land_ownership_law_events.txt" near line: 1155
[09:25:10][pdx_persistent_reader.cpp:268]: Error: "Unknown trigger type: ig_counts_as_marginal, near line: 1182" in file: "events/agitators_events/land_ownership_law_events.txt" near line: 1186
[09:25:10][pdx_persistent_reader.cpp:268]: Error: "Unknown trigger type: ig_counts_as_marginal, near line: 1231" in file: "events/agitators_events/land_ownership_law_events.txt" near line: 1235
[09:25:10][pdx_persistent_reader.cpp:268]: Error: "Unknown trigger type: ig_counts_as_marginal, near line: 1238" in file: "events/agitators_events/land_ownership_law_events.txt" near line: 1242
[09:25:10][pdx_persistent_reader.cpp:268]: Error: "Unknown trigger type: ig_counts_as_marginal, near line: 1272" in file: "events/agitators_events/land_ownership_law_events.txt" near line: 1273
[09:25:10][pdx_persistent_reader.cpp:268]: Error: "Unknown trigger type: ig_counts_as_marginal, near line: 1383" in file: "events/agitators_events/land_ownership_law_events.txt" near line: 1385
[09:25:10][pdx_persistent_reader.cpp:268]: Error: "Unknown trigger type: ig_counts_as_marginal, near line: 59" in file: "events/agitators_events/luddite_law_events.txt" near line: 63
[09:25:10][pdx_persistent_reader.cpp:268]: Error: "Unknown trigger type: ig_counts_as_marginal, near line: 104" in file: "events/agitators_events/luddite_law_events.txt" near line: 107
[09:25:10][pdx_persistent_reader.cpp:268]: Error: "Unknown trigger type: ig_counts_as_marginal, near line: 136" in file: "events/agitators_events/luddite_law_events.txt" near line: 139
[09:25:10][pdx_persistent_reader.cpp:268]: Error: "Unknown trigger type: ig_counts_as_marginal, near line: 286" in file: "events/agitators_events/luddite_law_events.txt" near line: 287
[09:25:10][pdx_persistent_reader.cpp:268]: Error: "Unknown trigger type: ig_counts_as_marginal, near line: 387" in file: "events/agitators_events/luddite_law_events.txt" near line: 388
[09:25:10][pdx_persistent_reader.cpp:268]: Error: "Unknown trigger type: ig_counts_as_marginal, near line: 465
Unknown trigger type: ig_is_socialist, near line: 467" in file: "events/agitators_events/luddite_law_events.txt" near line: 468
[09:25:10][pdx_persistent_reader.cpp:268]: Error: "Unknown trigger type: ig_counts_as_marginal, near line: 471" in file: "events/agitators_events/luddite_law_events.txt" near line: 472
[09:25:10][pdx_persistent_reader.cpp:268]: Error: "Unknown trigger type: civil_war_progress_low, near line: 27" in file: "events/agitators_events/revolution_events_01.txt" near line: 29
[09:25:10][pdx_persistent_reader.cpp:268]: Error: "Unknown trigger type: any_revolution_ongoing, near line: 37" in file: "events/agitators_events/revolution_events_01.txt" near line: 37
[09:25:10][pdx_persistent_reader.cpp:268]: Error: "Unknown trigger type: civil_war_progress_low, near line: 43" in file: "events/agitators_events/revolution_events_01.txt" near line: 45
[09:25:10][pdx_persistent_reader.cpp:268]: Error: "Unknown trigger type: any_insurrection_ongoing, near line: 160" in file: "events/agitators_events/revolution_events_01.txt" near line: 161
[09:25:10][pdx_persistent_reader.cpp:268]: Error: "Unknown trigger type: any_insurrection_ongoing, near line: 165" in file: "events/agitators_events/revolution_events_01.txt" near line: 166
[09:25:10][pdx_persistent_reader.cpp:268]: Error: "Unknown trigger type: civil_war_progress_low, near line: 281" in file: "events/agitators_events/revolution_events_01.txt" near line: 283
[09:25:10][pdx_persistent_reader.cpp:268]: Error: "Unknown trigger type: any_revolution_ongoing, near line: 290" in file: "events/agitators_events/revolution_events_01.txt" near line: 290
[09:25:10][pdx_persistent_reader.cpp:268]: Error: "Unknown trigger type: civil_war_progress_low, near line: 296" in file: "events/agitators_events/revolution_events_01.txt" near line: 298
[09:25:10][pdx_persistent_reader.cpp:268]: Error: "Unknown trigger type: civil_war_progress_medium, near line: 395" in file: "events/agitators_events/revolution_events_01.txt" near line: 397
[09:25:10][pdx_persistent_reader.cpp:268]: Error: "Unknown trigger type: any_revolution_ongoing, near line: 404" in file: "events/agitators_events/revolution_events_01.txt" near line: 404
[09:25:10][pdx_persistent_reader.cpp:268]: Error: "Unknown trigger type: civil_war_progress_medium, near line: 410" in file: "events/agitators_events/revolution_events_01.txt" near line: 412
[09:25:10][pdx_persistent_reader.cpp:268]: Error: "Unknown trigger type: any_revolution_ongoing, near line: 500" in file: "events/agitators_events/revolution_events_01.txt" near line: 501
[09:25:10][pdx_persistent_reader.cpp:268]: Error: "Unknown trigger type: any_revolution_ongoing, near line: 504" in file: "events/agitators_events/revolution_events_01.txt" near line: 504
[09:25:10][pdx_persistent_reader.cpp:268]: Error: "Unknown trigger type: civil_war_progress_low, near line: 593" in file: "events/agitators_events/revolution_events_01.txt" near line: 594
[09:25:10][pdx_persistent_reader.cpp:268]: Error: "Unknown trigger type: any_revolution_ongoing, near line: 600
Unknown trigger type: any_secession_ongoing, near line: 601" in file: "events/agitators_events/revolution_events_01.txt" near line: 602
[09:25:10][pdx_persistent_reader.cpp:268]: Error: "Unknown trigger type: civil_war_progress_low, near line: 608" in file: "events/agitators_events/revolution_events_01.txt" near line: 609
[09:25:10][pdx_persistent_reader.cpp:268]: Error: "Unknown trigger type: any_revolution_ongoing, near line: 680" in file: "events/agitators_events/revolution_events_01.txt" near line: 685
[09:25:10][pdx_persistent_reader.cpp:268]: Error: "Unknown trigger type: any_revolution_ongoing, near line: 698" in file: "events/agitators_events/revolution_events_01.txt" near line: 698
[09:25:10][pdx_persistent_reader.cpp:268]: Error: "Unknown trigger type: any_revolution_ongoing, near line: 837" in file: "events/agitators_events/revolution_events_01.txt" near line: 842
[09:25:10][pdx_persistent_reader.cpp:268]: Error: "Unknown trigger type: any_revolution_ongoing, near line: 849" in file: "events/agitators_events/revolution_events_01.txt" near line: 849
[09:25:10][pdx_persistent_reader.cpp:268]: Error: "Unknown trigger type: any_revolution_ongoing, near line: 927" in file: "events/agitators_events/revolution_events_01.txt" near line: 931
[09:25:10][pdx_persistent_reader.cpp:268]: Error: "Unknown trigger type: any_revolution_ongoing, near line: 942" in file: "events/agitators_events/revolution_events_01.txt" near line: 942
[09:25:10][pdx_persistent_reader.cpp:268]: Error: "Unknown trigger type: civil_war_progress_high, near line: 1043" in file: "events/agitators_events/revolution_events_01.txt" near line: 1045
[09:25:10][pdx_persistent_reader.cpp:268]: Error: "Unknown trigger type: any_revolution_ongoing, near line: 1046" in file: "events/agitators_events/revolution_events_01.txt" near line: 1050
[09:25:10][pdx_persistent_reader.cpp:268]: Error: "Unknown trigger type: any_revolution_ongoing, near line: 1061" in file: "events/agitators_events/revolution_events_01.txt" near line: 1061
[09:25:10][pdx_persistent_reader.cpp:268]: Error: "Unknown trigger type: civil_war_progress_high, near line: 1067" in file: "events/agitators_events/revolution_events_01.txt" near line: 1069
[09:25:10][pdx_persistent_reader.cpp:268]: Error: "Unknown trigger type: civil_war_progress_low, near line: 1172
Unknown trigger type: civil_war_progress_medium, near line: 1173" in file: "events/agitators_events/revolution_events_01.txt" near line: 1174
[09:25:10][pdx_persistent_reader.cpp:268]: Error: "Unknown trigger type: civil_war_progress_low, near line: 1189
Unknown trigger type: civil_war_progress_medium, near line: 1190" in file: "events/agitators_events/revolution_events_01.txt" near line: 1191
[09:25:10][pdx_persistent_reader.cpp:268]: Error: "Unknown trigger type: civil_war_progress_low, near line: 1200
Unknown trigger type: civil_war_progress_medium, near line: 1201" in file: "events/agitators_events/revolution_events_01.txt" near line: 1202
[09:25:10][pdx_persistent_reader.cpp:268]: Error: "Unknown trigger type: any_revolution_ongoing, near line: 1284
Unknown trigger type: any_secession_ongoing, near line: 1285" in file: "events/agitators_events/revolution_events_01.txt" near line: 1286
[09:25:10][pdx_persistent_reader.cpp:268]: Error: "Unknown trigger type: any_revolution_ongoing, near line: 1300
Unknown trigger type: any_secession_ongoing, near line: 1301" in file: "events/agitators_events/revolution_events_01.txt" near line: 1302
[09:25:10][pdx_persistent_reader.cpp:268]: Error: "Unknown trigger type: any_revolution_ongoing, near line: 1451
Unknown trigger type: any_secession_ongoing, near line: 1452" in file: "events/agitators_events/revolution_events_01.txt" near line: 1453
[09:25:10][pdx_persistent_reader.cpp:268]: Error: "Unknown trigger type: any_revolution_ongoing, near line: 1571
Unknown trigger type: any_secession_ongoing, near line: 1572" in file: "events/agitators_events/revolution_events_01.txt" near line: 1573
[09:25:10][pdx_persistent_reader.cpp:268]: Error: "Unknown trigger type: any_revolution_ongoing, near line: 1653
Unknown trigger type: any_secession_ongoing, near line: 1654" in file: "events/agitators_events/revolution_events_01.txt" near line: 1655
[09:25:10][pdx_persistent_reader.cpp:268]: Error: "Unknown trigger type: any_secession_ongoing, near line: 1666
Unknown trigger type: any_revolution_ongoing, near line: 1667" in file: "events/agitators_events/revolution_events_01.txt" near line: 1668
[09:25:10][pdx_persistent_reader.cpp:268]: Error: "Unknown trigger type: any_revolution_ongoing, near line: 1762
Unknown trigger type: any_secession_ongoing, near line: 1763" in file: "events/agitators_events/revolution_events_01.txt" near line: 1764
[09:25:10][pdx_persistent_reader.cpp:268]: Error: "Unknown trigger type: any_secession_ongoing, near line: 1772
Unknown trigger type: any_revolution_ongoing, near line: 1773" in file: "events/agitators_events/revolution_events_01.txt" near line: 1774
[09:25:10][pdx_persistent_reader.cpp:268]: Error: "Unknown trigger type: any_revolution_ongoing, near line: 1855
Unknown trigger type: any_secession_ongoing, near line: 1856" in file: "events/agitators_events/revolution_events_01.txt" near line: 1857
[09:25:10][pdx_persistent_reader.cpp:268]: Error: "Unknown trigger type: any_revolution_ongoing, near line: 1869
Unknown trigger type: any_secession_ongoing, near line: 1870" in file: "events/agitators_events/revolution_events_01.txt" near line: 1871
[09:25:10][pdx_persistent_reader.cpp:268]: Error: "Unknown trigger type: any_revolution_ongoing, near line: 2005
Unknown trigger type: any_secession_ongoing, near line: 2006" in file: "events/agitators_events/revolution_events_01.txt" near line: 2007
[09:25:10][pdx_persistent_reader.cpp:268]: Error: "Unknown trigger type: any_revolution_ongoing, near line: 2019
Unknown trigger type: any_secession_ongoing, near line: 2020" in file: "events/agitators_events/revolution_events_01.txt" near line: 2021
[09:25:10][pdx_persistent_reader.cpp:268]: Error: "Unknown trigger type: any_revolution_ongoing, near line: 2159
Unknown trigger type: any_secession_ongoing, near line: 2160" in file: "events/agitators_events/revolution_events_01.txt" near line: 2161
[09:25:10][pdx_persistent_reader.cpp:268]: Error: "Unknown trigger type: any_revolution_ongoing, near line: 2169
Unknown trigger type: any_secession_ongoing, near line: 2170" in file: "events/agitators_events/revolution_events_01.txt" near line: 2171
[09:25:10][pdx_persistent_reader.cpp:268]: Error: "Unknown trigger type: civil_war_progress_medium, near line: 28
Unknown trigger type: civil_war_is_reactionary_revolution, near line: 29" in file: "events/agitators_events/revolution_events_02.txt" near line: 30
[09:25:10][pdx_persistent_reader.cpp:268]: Error: "Unknown trigger type: ig_counts_as_marginal, near line: 37" in file: "events/agitators_events/revolution_events_02.txt" near line: 38
[09:25:10][pdx_persistent_reader.cpp:268]: Error: "Unknown trigger type: civil_war_progress_medium, near line: 57
Unknown trigger type: civil_war_is_reactionary_revolution, near line: 58" in file: "events/agitators_events/revolution_events_02.txt" near line: 59
[09:25:10][pdx_persistent_reader.cpp:268]: Error: "Unknown trigger type: civil_war_progress_medium, near line: 66
Unknown trigger type: civil_war_is_reactionary_revolution, near line: 67" in file: "events/agitators_events/revolution_events_02.txt" near line: 68
[09:25:10][pdx_persistent_reader.cpp:268]: Error: "Unknown trigger type: civil_war_progress_low, near line: 234" in file: "events/agitators_events/revolution_events_02.txt" near line: 235
[09:25:10][pdx_persistent_reader.cpp:268]: Error: "Unknown trigger type: any_revolution_ongoing, near line: 236" in file: "events/agitators_events/revolution_events_02.txt" near line: 240
[09:25:10][pdx_persistent_reader.cpp:268]: Error: "Unknown trigger type: any_revolution_ongoing, near line: 254" in file: "events/agitators_events/revolution_events_02.txt" near line: 254
[09:25:10][pdx_persistent_reader.cpp:268]: Error: "Unknown trigger type: civil_war_progress_low, near line: 264" in file: "events/agitators_events/revolution_events_02.txt" near line: 265
[09:25:10][pdx_persistent_reader.cpp:268]: Error: "Unknown trigger type: ig_counts_as_marginal, near line: 379
Unknown trigger type: ig_is_socialist, near line: 380" in file: "events/agitators_events/revolution_events_02.txt" near line: 384
[09:25:10][pdx_persistent_reader.cpp:268]: Error: "Unknown trigger type: ig_counts_as_marginal, near line: 394
Unknown trigger type: ig_is_socialist, near line: 395" in file: "events/agitators_events/revolution_events_02.txt" near line: 398
[09:25:10][pdx_persistent_reader.cpp:268]: Error: "Unknown trigger type: civil_war_progress_medium, near line: 421
Unknown trigger type: civil_war_is_socialist_revolution, near line: 422" in file: "events/agitators_events/revolution_events_02.txt" near line: 423
[09:25:10][pdx_persistent_reader.cpp:268]: Error: "Unknown trigger type: ig_counts_as_marginal, near line: 426
Unknown trigger type: ig_is_socialist, near line: 427" in file: "events/agitators_events/revolution_events_02.txt" near line: 428
[09:25:10][pdx_persistent_reader.cpp:268]: Error: "Unknown trigger type: civil_war_progress_medium, near line: 441
Unknown trigger type: civil_war_is_socialist_revolution, near line: 442" in file: "events/agitators_events/revolution_events_02.txt" near line: 443
[09:25:10][pdx_persistent_reader.cpp:268]: Error: "Unknown trigger type: civil_war_progress_medium, near line: 450
Unknown trigger type: civil_war_is_socialist_revolution, near line: 451" in file: "events/agitators_events/revolution_events_02.txt" near line: 452
[09:25:10][pdx_persistent_reader.cpp:268]: Error: "Unknown trigger type: ig_counts_as_marginal, near line: 459
Unknown trigger type: ig_is_socialist, near line: 460" in file: "events/agitators_events/revolution_events_02.txt" near line: 463
[09:25:10][pdx_persistent_reader.cpp:268]: Error: "Unknown trigger type: ig_counts_as_marginal, near line: 469
Unknown trigger type: ig_is_socialist, near line: 470" in file: "events/agitators_events/revolution_events_02.txt" near line: 473
[09:25:10][pdx_persistent_reader.cpp:268]: Error: "Unknown trigger type: ig_counts_as_marginal, near line: 488
Unknown trigger type: ig_is_socialist, near line: 489" in file: "events/agitators_events/revolution_events_02.txt" near line: 490
[09:25:10][pdx_persistent_reader.cpp:268]: Error: "Unknown trigger type: ig_counts_as_marginal, near line: 562" in file: "events/agitators_events/revolution_events_02.txt" near line: 563
[09:25:10][pdx_persistent_reader.cpp:268]: Error: "Unknown trigger type: any_revolution_ongoing, near line: 608
Unknown trigger type: ig_counts_as_marginal, near line: 610" in file: "events/agitators_events/revolution_events_02.txt" near line: 611
[09:25:10][pdx_persistent_reader.cpp:268]: Error: "Unknown trigger type: civil_war_progress_low, near line: 621" in file: "events/agitators_events/revolution_events_02.txt" near line: 622
[09:25:10][pdx_persistent_reader.cpp:268]: Error: "Unknown trigger type: any_revolution_ongoing, near line: 626" in file: "events/agitators_events/revolution_events_02.txt" near line: 626
[09:25:10][pdx_persistent_reader.cpp:268]: Error: "Unknown trigger type: civil_war_progress_low, near line: 633" in file: "events/agitators_events/revolution_events_02.txt" near line: 634
[09:25:10][pdx_persistent_reader.cpp:268]: Error: "Unknown trigger type: civil_war_is_socialist_revolution, near line: 724
Unknown trigger type: civil_war_progress_high, near line: 725" in file: "events/agitators_events/revolution_events_02.txt" near line: 726
[09:25:10][pdx_persistent_reader.cpp:268]: Error: "Unknown trigger type: ig_counts_as_marginal, near line: 728" in file: "events/agitators_events/revolution_events_02.txt" near line: 730
[09:25:10][pdx_persistent_reader.cpp:268]: Error: "Unknown trigger type: ig_counts_as_marginal, near line: 732" in file: "events/agitators_events/revolution_events_02.txt" near line: 734
[09:25:10][pdx_persistent_reader.cpp:268]: Error: "Unknown trigger type: civil_war_is_socialist_revolution, near line: 746
Unknown trigger type: civil_war_progress_high, near line: 747" in file: "events/agitators_events/revolution_events_02.txt" near line: 748
[09:25:10][pdx_persistent_reader.cpp:268]: Error: "Unknown trigger type: civil_war_is_socialist_revolution, near line: 755
Unknown trigger type: civil_war_progress_high, near line: 756" in file: "events/agitators_events/revolution_events_02.txt" near line: 757
[09:25:10][pdx_persistent_reader.cpp:268]: Error: "Unknown trigger type: civil_war_progress_high, near line: 844" in file: "events/agitators_events/revolution_events_02.txt" near line: 845
[09:25:10][pdx_persistent_reader.cpp:268]: Error: "Unknown trigger type: ig_counts_as_marginal, near line: 847" in file: "events/agitators_events/revolution_events_02.txt" near line: 848
[09:25:10][pdx_persistent_reader.cpp:268]: Error: "Unknown trigger type: civil_war_progress_high, near line: 879" in file: "events/agitators_events/revolution_events_02.txt" near line: 880
[09:25:10][pdx_persistent_reader.cpp:268]: Error: "Unknown trigger type: civil_war_progress_high, near line: 888" in file: "events/agitators_events/revolution_events_02.txt" near line: 889
[09:25:10][pdx_persistent_reader.cpp:268]: Error: "Unknown trigger type: civil_war_progress_medium, near line: 1016" in file: "events/agitators_events/revolution_events_02.txt" near line: 1017
[09:25:10][pdx_persistent_reader.cpp:268]: Error: "Unknown trigger type: civil_war_progress_medium, near line: 1024" in file: "events/agitators_events/revolution_events_02.txt" near line: 1025
[09:25:10][pdx_persistent_reader.cpp:268]: Error: "Unknown trigger type: civil_war_progress_medium, near line: 1033" in file: "events/agitators_events/revolution_events_02.txt" near line: 1034
[09:25:10][pdx_persistent_reader.cpp:268]: Error: "Unknown trigger type: civil_war_is_socialist_revolution, near line: 1102" in file: "events/agitators_events/revolution_events_02.txt" near line: 1103
[09:25:10][pdx_persistent_reader.cpp:268]: Error: "Unknown trigger type: civil_war_is_liberal_revolution, near line: 1112" in file: "events/agitators_events/revolution_events_02.txt" near line: 1113
[09:25:10][pdx_persistent_reader.cpp:268]: Error: "Unknown trigger type: civil_war_is_reactionary_revolution, near line: 1122" in file: "events/agitators_events/revolution_events_02.txt" near line: 1123
[09:25:10][pdx_persistent_reader.cpp:268]: Error: "Unknown trigger type: civil_war_is_liberal_revolution, near line: 1204
Unknown trigger type: civil_war_is_socialist_revolution, near line: 1205" in file: "events/agitators_events/revolution_events_02.txt" near line: 1206
[09:25:10][pdx_persistent_reader.cpp:268]: Error: "Unknown trigger type: civil_war_progress_low, near line: 1208
Unknown trigger type: civil_war_progress_medium, near line: 1209" in file: "events/agitators_events/revolution_events_02.txt" near line: 1210
[09:25:10][pdx_persistent_reader.cpp:268]: Error: "Unknown trigger type: civil_war_is_liberal_revolution, near line: 1218
Unknown trigger type: civil_war_is_socialist_revolution, near line: 1219" in file: "events/agitators_events/revolution_events_02.txt" near line: 1220
[09:25:10][pdx_persistent_reader.cpp:268]: Error: "Unknown trigger type: civil_war_progress_low, near line: 1222
Unknown trigger type: civil_war_progress_medium, near line: 1223" in file: "events/agitators_events/revolution_events_02.txt" near line: 1224
[09:25:10][pdx_persistent_reader.cpp:268]: Error: "Unknown trigger type: civil_war_is_liberal_revolution, near line: 1233
Unknown trigger type: civil_war_is_socialist_revolution, near line: 1234" in file: "events/agitators_events/revolution_events_02.txt" near line: 1235
[09:25:10][pdx_persistent_reader.cpp:268]: Error: "Unknown trigger type: civil_war_progress_low, near line: 1237
Unknown trigger type: civil_war_progress_medium, near line: 1238" in file: "events/agitators_events/revolution_events_02.txt" near line: 1239
[09:25:10][pdx_persistent_reader.cpp:268]: Error: "Unknown trigger type: civil_war_progress_low, near line: 1349" in file: "events/agitators_events/revolution_events_02.txt" near line: 1350
[09:25:10][pdx_persistent_reader.cpp:268]: Error: "Unknown trigger type: ig_counts_as_marginal, near line: 1353" in file: "events/agitators_events/revolution_events_02.txt" near line: 1354
[09:25:10][pdx_persistent_reader.cpp:268]: Error: "Unknown trigger type: civil_war_progress_low, near line: 1366" in file: "events/agitators_events/revolution_events_02.txt" near line: 1367
[09:25:10][pdx_persistent_reader.cpp:268]: Error: "Unknown trigger type: civil_war_progress_low, near line: 1374" in file: "events/agitators_events/revolution_events_02.txt" near line: 1375
[09:25:10][pdx_persistent_reader.cpp:268]: Error: "Unknown trigger type: civil_war_is_liberal_revolution, near line: 1483
Unknown trigger type: civil_war_is_socialist_revolution, near line: 1484" in file: "events/agitators_events/revolution_events_02.txt" near line: 1485
[09:25:10][pdx_persistent_reader.cpp:268]: Error: "Unknown trigger type: civil_war_progress_high, near line: 1486" in file: "events/agitators_events/revolution_events_02.txt" near line: 1489
[09:25:10][pdx_persistent_reader.cpp:268]: Error: "Unknown trigger type: civil_war_is_liberal_revolution, near line: 1497
Unknown trigger type: civil_war_is_socialist_revolution, near line: 1498" in file: "events/agitators_events/revolution_events_02.txt" near line: 1499
[09:25:10][pdx_persistent_reader.cpp:268]: Error: "Unknown trigger type: civil_war_progress_high, near line: 1500" in file: "events/agitators_events/revolution_events_02.txt" near line: 1503
[09:25:10][pdx_persistent_reader.cpp:268]: Error: "Unknown trigger type: civil_war_is_liberal_revolution, near line: 1512
Unknown trigger type: civil_war_is_socialist_revolution, near line: 1513" in file: "events/agitators_events/revolution_events_02.txt" near line: 1514
[09:25:10][pdx_persistent_reader.cpp:268]: Error: "Unknown trigger type: civil_war_progress_high, near line: 1515" in file: "events/agitators_events/revolution_events_02.txt" near line: 1518
[09:25:10][pdx_persistent_reader.cpp:268]: Error: "Unknown trigger type: civil_war_progress_low, near line: 1637" in file: "events/agitators_events/revolution_events_02.txt" near line: 1638
[09:25:10][pdx_persistent_reader.cpp:268]: Error: "Unknown trigger type: ig_counts_as_marginal, near line: 1640" in file: "events/agitators_events/revolution_events_02.txt" near line: 1642
[09:25:10][pdx_persistent_reader.cpp:268]: Error: "Unknown trigger type: civil_war_progress_low, near line: 1654" in file: "events/agitators_events/revolution_events_02.txt" near line: 1655
[09:25:10][pdx_persistent_reader.cpp:268]: Error: "Unknown trigger type: civil_war_progress_low, near line: 1663" in file: "events/agitators_events/revolution_events_02.txt" near line: 1664
[09:25:10][pdx_persistent_reader.cpp:268]: Error: "Unknown trigger type: civil_war_is_socialist_revolution, near line: 1767
Unknown trigger type: civil_war_progress_low, near line: 1768" in file: "events/agitators_events/revolution_events_02.txt" near line: 1769
[09:25:10][pdx_persistent_reader.cpp:268]: Error: "Unknown trigger type: country_has_voting_franchise, near line: 1771
Unknown trigger type: has_socialist_ideology, near line: 1774" in file: "events/agitators_events/revolution_events_02.txt" near line: 1775
[09:25:10][pdx_persistent_reader.cpp:268]: Error: "Unknown trigger type: has_socialist_ideology, near line: 1778" in file: "events/agitators_events/revolution_events_02.txt" near line: 1779
[09:25:10][pdx_persistent_reader.cpp:268]: Error: "Unknown trigger type: civil_war_is_socialist_revolution, near line: 1794
Unknown trigger type: civil_war_progress_low, near line: 1795" in file: "events/agitators_events/revolution_events_02.txt" near line: 1796
[09:25:10][pdx_persistent_reader.cpp:268]: Error: "Unknown trigger type: civil_war_is_socialist_revolution, near line: 1803
Unknown trigger type: civil_war_progress_low, near line: 1804" in file: "events/agitators_events/revolution_events_02.txt" near line: 1805
[09:25:10][pdx_persistent_reader.cpp:268]: Error: "Unknown trigger type: has_socialist_ideology, near line: 1811" in file: "events/agitators_events/revolution_events_02.txt" near line: 1812
[09:25:10][pdx_persistent_reader.cpp:268]: Error: "Unknown trigger type: civil_war_is_socialist_revolution, near line: 1921
Unknown trigger type: civil_war_progress_medium, near line: 1922" in file: "events/agitators_events/revolution_events_02.txt" near line: 1923
[09:25:10][pdx_persistent_reader.cpp:268]: Error: "Unknown trigger type: country_has_voting_franchise, near line: 1924
Unknown trigger type: ig_counts_as_marginal, near line: 1926" in file: "events/agitators_events/revolution_events_02.txt" near line: 1927
[09:25:10][pdx_persistent_reader.cpp:268]: Error: "Unknown trigger type: ig_counts_as_marginal, near line: 1934
Unknown trigger type: ig_is_socialist, near line: 1935" in file: "events/agitators_events/revolution_events_02.txt" near line: 1936
[09:25:10][pdx_persistent_reader.cpp:268]: Error: "Unknown trigger type: civil_war_is_socialist_revolution, near line: 1942
Unknown trigger type: civil_war_progress_medium, near line: 1943" in file: "events/agitators_events/revolution_events_02.txt" near line: 1944
[09:25:10][pdx_persistent_reader.cpp:268]: Error: "Unknown trigger type: civil_war_is_socialist_revolution, near line: 1951
Unknown trigger type: civil_war_progress_low, near line: 1952" in file: "events/agitators_events/revolution_events_02.txt" near line: 1953
[09:25:10][pdx_persistent_reader.cpp:268]: Error: "Unknown trigger type: ig_counts_as_marginal, near line: 1959
Unknown trigger type: ig_is_socialist, near line: 1960" in file: "events/agitators_events/revolution_events_02.txt" near line: 1961
[09:25:10][pdx_persistent_reader.cpp:268]: Error: "Unknown trigger type: has_socialist_ideology, near line: 1977" in file: "events/agitators_events/revolution_events_02.txt" near line: 1978
[09:25:10][pdx_persistent_reader.cpp:268]: Error: "Unknown trigger type: has_socialist_ideology, near line: 2057" in file: "events/agitators_events/revolution_events_02.txt" near line: 2058
[09:25:10][pdx_persistent_reader.cpp:268]: Error: "Unknown trigger type: civil_war_is_liberal_revolution, near line: 2140
Unknown trigger type: civil_war_is_socialist_revolution, near line: 2141" in file: "events/agitators_events/revolution_events_02.txt" near line: 2142
[09:25:10][pdx_persistent_reader.cpp:268]: Error: "Unknown trigger type: civil_war_progress_low, near line: 2143" in file: "events/agitators_events/revolution_events_02.txt" near line: 2144
[09:25:10][pdx_persistent_reader.cpp:268]: Error: "Unknown trigger type: ig_counts_as_marginal, near line: 2150" in file: "events/agitators_events/revolution_events_02.txt" near line: 2152
[09:25:10][pdx_persistent_reader.cpp:268]: Error: "Unknown trigger type: civil_war_is_liberal_revolution, near line: 2161
Unknown trigger type: civil_war_is_socialist_revolution, near line: 2162" in file: "events/agitators_events/revolution_events_02.txt" near line: 2163
[09:25:10][pdx_persistent_reader.cpp:268]: Error: "Unknown trigger type: civil_war_progress_low, near line: 2164" in file: "events/agitators_events/revolution_events_02.txt" near line: 2165
[09:25:10][pdx_persistent_reader.cpp:268]: Error: "Unknown trigger type: civil_war_is_liberal_revolution, near line: 2173
Unknown trigger type: civil_war_is_socialist_revolution, near line: 2174" in file: "events/agitators_events/revolution_events_02.txt" near line: 2175
[09:25:10][pdx_persistent_reader.cpp:268]: Error: "Unknown trigger type: civil_war_progress_low, near line: 2176" in file: "events/agitators_events/revolution_events_02.txt" near line: 2177
[09:25:10][pdx_persistent_reader.cpp:268]: Error: "Unknown trigger type: ig_counts_as_marginal, near line: 2186" in file: "events/agitators_events/revolution_events_02.txt" near line: 2188
[09:25:10][pdx_persistent_reader.cpp:268]: Error: "Unknown trigger type: civil_war_is_liberal_revolution, near line: 2287
Unknown trigger type: civil_war_is_socialist_revolution, near line: 2288" in file: "events/agitators_events/revolution_events_02.txt" near line: 2289
[09:25:10][pdx_persistent_reader.cpp:268]: Error: "Unknown trigger type: civil_war_progress_low, near line: 2291
Unknown trigger type: civil_war_progress_medium, near line: 2292" in file: "events/agitators_events/revolution_events_02.txt" near line: 2293
[09:25:10][pdx_persistent_reader.cpp:268]: Error: "Unknown trigger type: civil_war_is_liberal_revolution, near line: 2303
Unknown trigger type: civil_war_is_socialist_revolution, near line: 2304" in file: "events/agitators_events/revolution_events_02.txt" near line: 2305
[09:25:10][pdx_persistent_reader.cpp:268]: Error: "Unknown trigger type: civil_war_progress_low, near line: 2307
Unknown trigger type: civil_war_progress_medium, near line: 2308" in file: "events/agitators_events/revolution_events_02.txt" near line: 2309
[09:25:10][pdx_persistent_reader.cpp:268]: Error: "Unknown trigger type: civil_war_is_liberal_revolution, near line: 2318
Unknown trigger type: civil_war_is_socialist_revolution, near line: 2319" in file: "events/agitators_events/revolution_events_02.txt" near line: 2320
[09:25:10][pdx_persistent_reader.cpp:268]: Error: "Unknown trigger type: civil_war_progress_low, near line: 2322
Unknown trigger type: civil_war_progress_medium, near line: 2323" in file: "events/agitators_events/revolution_events_02.txt" near line: 2324
[09:25:10][pdx_persistent_reader.cpp:268]: Error: "Unknown trigger type: civil_war_is_liberal_revolution, near line: 2379" in file: "events/agitators_events/revolution_events_02.txt" near line: 2380
[09:25:10][pdx_persistent_reader.cpp:268]: Error: "Unknown trigger type: ig_is_reactionary, near line: 2394" in file: "events/agitators_events/revolution_events_02.txt" near line: 2395
[09:25:10][pdx_persistent_reader.cpp:268]: Error: "Unknown trigger type: ig_is_reactionary, near line: 2420" in file: "events/agitators_events/revolution_events_02.txt" near line: 2421
[09:25:10][pdx_persistent_reader.cpp:268]: Error: "Unknown trigger type: civil_war_is_socialist_revolution, near line: 2464
Unknown trigger type: civil_war_progress_medium, near line: 2465" in file: "events/agitators_events/revolution_events_02.txt" near line: 2466
[09:25:10][pdx_persistent_reader.cpp:268]: Error: "Unknown trigger type: civil_war_is_socialist_revolution, near line: 2474
Unknown trigger type: civil_war_progress_medium, near line: 2475" in file: "events/agitators_events/revolution_events_02.txt" near line: 2476
[09:25:10][pdx_persistent_reader.cpp:268]: Error: "Unknown trigger type: civil_war_is_socialist_revolution, near line: 2483
Unknown trigger type: civil_war_progress_medium, near line: 2484" in file: "events/agitators_events/revolution_events_02.txt" near line: 2485
[09:25:10][pdx_persistent_reader.cpp:268]: Error: "Unknown trigger type: civil_war_is_liberal_revolution, near line: 2563
Unknown trigger type: civil_war_is_socialist_revolution, near line: 2564" in file: "events/agitators_events/revolution_events_02.txt" near line: 2565
[09:25:10][pdx_persistent_reader.cpp:268]: Error: "Unknown trigger type: civil_war_progress_medium, near line: 2566" in file: "events/agitators_events/revolution_events_02.txt" near line: 2567
[09:25:10][pdx_persistent_reader.cpp:268]: Error: "Unknown trigger type: civil_war_is_liberal_revolution, near line: 2576
Unknown trigger type: civil_war_is_socialist_revolution, near line: 2577" in file: "events/agitators_events/revolution_events_02.txt" near line: 2578
[09:25:10][pdx_persistent_reader.cpp:268]: Error: "Unknown trigger type: civil_war_is_liberal_revolution, near line: 2587
Unknown trigger type: civil_war_is_socialist_revolution, near line: 2588" in file: "events/agitators_events/revolution_events_02.txt" near line: 2589
[09:25:10][pdx_persistent_reader.cpp:268]: Error: "Unknown trigger type: civil_war_progress_medium, near line: 2590" in file: "events/agitators_events/revolution_events_02.txt" near line: 2591
[09:25:10][pdx_persistent_reader.cpp:268]: Error: "Unknown trigger type: civil_war_is_socialist_revolution, near line: 2774
Unknown trigger type: civil_war_progress_medium, near line: 2775" in file: "events/agitators_events/revolution_events_02.txt" near line: 2776
[09:25:10][pdx_persistent_reader.cpp:268]: Error: "Unknown trigger type: ig_counts_as_marginal, near line: 2782
Unknown trigger type: ig_is_socialist, near line: 2783" in file: "events/agitators_events/revolution_events_02.txt" near line: 2784
[09:25:10][pdx_persistent_reader.cpp:268]: Error: "Unknown trigger type: civil_war_is_socialist_revolution, near line: 2790
Unknown trigger type: civil_war_progress_medium, near line: 2791" in file: "events/agitators_events/revolution_events_02.txt" near line: 2792
[09:25:10][pdx_persistent_reader.cpp:268]: Error: "Unknown trigger type: civil_war_is_socialist_revolution, near line: 2799
Unknown trigger type: civil_war_progress_medium, near line: 2800" in file: "events/agitators_events/revolution_events_02.txt" near line: 2801
[09:25:10][pdx_persistent_reader.cpp:268]: Error: "Unknown trigger type: ig_counts_as_marginal, near line: 2850
Unknown trigger type: ig_is_socialist, near line: 2851" in file: "events/agitators_events/revolution_events_02.txt" near line: 2852
[09:25:10][pdx_persistent_reader.cpp:268]: Error: "Unknown trigger type: civil_war_is_socialist_revolution, near line: 2965
Unknown trigger type: civil_war_progress_high, near line: 2966" in file: "events/agitators_events/revolution_events_02.txt" near line: 2967
[09:25:10][pdx_persistent_reader.cpp:268]: Error: "Unknown trigger type: civil_war_is_socialist_revolution, near line: 2976" in file: "events/agitators_events/revolution_events_02.txt" near line: 2977
[09:25:10][pdx_persistent_reader.cpp:268]: Error: "Unknown trigger type: civil_war_is_socialist_revolution, near line: 2984" in file: "events/agitators_events/revolution_events_02.txt" near line: 2985
[09:25:10][pdx_persistent_reader.cpp:268]: Error: "Unknown trigger type: civil_war_is_liberal_revolution, near line: 3174
Unknown trigger type: civil_war_is_socialist_revolution, near line: 3175" in file: "events/agitators_events/revolution_events_02.txt" near line: 3176
[09:25:10][pdx_persistent_reader.cpp:268]: Error: "Unknown trigger type: civil_war_progress_high, near line: 3177" in file: "events/agitators_events/revolution_events_02.txt" near line: 3178
[09:25:10][pdx_persistent_reader.cpp:268]: Error: "Unknown trigger type: civil_war_is_liberal_revolution, near line: 3188
Unknown trigger type: civil_war_is_socialist_revolution, near line: 3189" in file: "events/agitators_events/revolution_events_02.txt" near line: 3190
[09:25:10][pdx_persistent_reader.cpp:268]: Error: "Unknown trigger type: civil_war_is_liberal_revolution, near line: 3199
Unknown trigger type: civil_war_is_socialist_revolution, near line: 3200" in file: "events/agitators_events/revolution_events_02.txt" near line: 3201
[09:25:10][pdx_persistent_reader.cpp:268]: Error: "Unknown trigger type: civil_war_is_liberal_revolution, near line: 3312
Unknown trigger type: civil_war_is_socialist_revolution, near line: 3313" in file: "events/agitators_events/revolution_events_02.txt" near line: 3314
[09:25:10][pdx_persistent_reader.cpp:268]: Error: "Unknown trigger type: civil_war_progress_medium, near line: 3316
Unknown trigger type: civil_war_progress_high, near line: 3317" in file: "events/agitators_events/revolution_events_02.txt" near line: 3318
[09:25:10][pdx_persistent_reader.cpp:268]: Error: "Unknown trigger type: ig_counts_as_marginal, near line: 3321" in file: "events/agitators_events/revolution_events_02.txt" near line: 3326
[09:25:10][pdx_persistent_reader.cpp:268]: Error: "Unknown trigger type: civil_war_is_liberal_revolution, near line: 3339
Unknown trigger type: civil_war_is_socialist_revolution, near line: 3340" in file: "events/agitators_events/revolution_events_02.txt" near line: 3341
[09:25:10][pdx_persistent_reader.cpp:268]: Error: "Unknown trigger type: civil_war_progress_medium, near line: 3343
Unknown trigger type: civil_war_progress_high, near line: 3344" in file: "events/agitators_events/revolution_events_02.txt" near line: 3345
[09:25:10][pdx_persistent_reader.cpp:268]: Error: "Unknown trigger type: civil_war_is_liberal_revolution, near line: 3354
Unknown trigger type: civil_war_is_socialist_revolution, near line: 3355" in file: "events/agitators_events/revolution_events_02.txt" near line: 3356
[09:25:10][pdx_persistent_reader.cpp:268]: Error: "Unknown trigger type: civil_war_progress_medium, near line: 3358
Unknown trigger type: civil_war_progress_high, near line: 3359" in file: "events/agitators_events/revolution_events_02.txt" near line: 3360
[09:25:10][pdx_persistent_reader.cpp:268]: Error: "Unknown trigger type: civil_war_is_liberal_revolution, near line: 3453
Unknown trigger type: civil_war_is_socialist_revolution, near line: 3454" in file: "events/agitators_events/revolution_events_02.txt" near line: 3455
[09:25:10][pdx_persistent_reader.cpp:268]: Error: "Unknown trigger type: civil_war_progress_medium, near line: 3457
Unknown trigger type: civil_war_progress_high, near line: 3458" in file: "events/agitators_events/revolution_events_02.txt" near line: 3459
[09:25:10][pdx_persistent_reader.cpp:268]: Error: "Unknown trigger type: ig_counts_as_marginal, near line: 3462" in file: "events/agitators_events/revolution_events_02.txt" near line: 3467
[09:25:10][pdx_persistent_reader.cpp:268]: Error: "Unknown trigger type: civil_war_is_liberal_revolution, near line: 3483
Unknown trigger type: civil_war_is_socialist_revolution, near line: 3484" in file: "events/agitators_events/revolution_events_02.txt" near line: 3485
[09:25:10][pdx_persistent_reader.cpp:268]: Error: "Unknown trigger type: civil_war_progress_medium, near line: 3487
Unknown trigger type: civil_war_progress_high, near line: 3488" in file: "events/agitators_events/revolution_events_02.txt" near line: 3489
[09:25:10][pdx_persistent_reader.cpp:268]: Error: "Unknown trigger type: civil_war_is_liberal_revolution, near line: 3498
Unknown trigger type: civil_war_is_socialist_revolution, near line: 3499" in file: "events/agitators_events/revolution_events_02.txt" near line: 3500
[09:25:10][pdx_persistent_reader.cpp:268]: Error: "Unknown trigger type: civil_war_progress_medium, near line: 3502
Unknown trigger type: civil_war_progress_high, near line: 3503" in file: "events/agitators_events/revolution_events_02.txt" near line: 3504
[09:25:10][pdx_persistent_reader.cpp:268]: Error: "Unknown trigger type: ig_counts_as_marginal, near line: 3541" in file: "events/agitators_events/revolution_events_02.txt" near line: 3546
[09:25:10][pdx_persistent_reader.cpp:268]: Error: "Unknown trigger type: civil_war_is_liberal_revolution, near line: 3643
Unknown trigger type: civil_war_is_socialist_revolution, near line: 3644" in file: "events/agitators_events/revolution_events_02.txt" near line: 3645
[09:25:10][pdx_persistent_reader.cpp:268]: Error: "Unknown trigger type: civil_war_progress_low, near line: 3647
Unknown trigger type: civil_war_progress_medium, near line: 3648" in file: "events/agitators_events/revolution_events_02.txt" near line: 3649
[09:25:10][pdx_persistent_reader.cpp:268]: Error: "Unknown trigger type: ig_counts_as_marginal, near line: 3652" in file: "events/agitators_events/revolution_events_02.txt" near line: 3657
[09:25:10][pdx_persistent_reader.cpp:268]: Error: "Unknown trigger type: civil_war_is_liberal_revolution, near line: 3670
Unknown trigger type: civil_war_is_socialist_revolution, near line: 3671" in file: "events/agitators_events/revolution_events_02.txt" near line: 3672
[09:25:10][pdx_persistent_reader.cpp:268]: Error: "Unknown trigger type: civil_war_progress_low, near line: 3674
Unknown trigger type: civil_war_progress_medium, near line: 3675" in file: "events/agitators_events/revolution_events_02.txt" near line: 3676
[09:25:10][pdx_persistent_reader.cpp:268]: Error: "Unknown trigger type: civil_war_is_liberal_revolution, near line: 3685
Unknown trigger type: civil_war_is_socialist_revolution, near line: 3686" in file: "events/agitators_events/revolution_events_02.txt" near line: 3687
[09:25:10][pdx_persistent_reader.cpp:268]: Error: "Unknown trigger type: civil_war_progress_low, near line: 3689
Unknown trigger type: civil_war_progress_medium, near line: 3690" in file: "events/agitators_events/revolution_events_02.txt" near line: 3691
[09:25:10][pdx_persistent_reader.cpp:268]: Error: "Unknown trigger type: civil_war_is_liberal_revolution, near line: 3769
Unknown trigger type: civil_war_is_socialist_revolution, near line: 3770" in file: "events/agitators_events/revolution_events_02.txt" near line: 3771
[09:25:10][pdx_persistent_reader.cpp:268]: Error: "Unknown trigger type: civil_war_progress_high, near line: 3772" in file: "events/agitators_events/revolution_events_02.txt" near line: 3773
[09:25:10][pdx_persistent_reader.cpp:268]: Error: "Unknown trigger type: ig_counts_as_marginal, near line: 3775" in file: "events/agitators_events/revolution_events_02.txt" near line: 3780
[09:25:10][pdx_persistent_reader.cpp:268]: Error: "Unknown trigger type: civil_war_is_liberal_revolution, near line: 3789
Unknown trigger type: civil_war_is_socialist_revolution, near line: 3790" in file: "events/agitators_events/revolution_events_02.txt" near line: 3791
[09:25:10][pdx_persistent_reader.cpp:268]: Error: "Unknown trigger type: civil_war_progress_high, near line: 3792" in file: "events/agitators_events/revolution_events_02.txt" near line: 3793
[09:25:10][pdx_persistent_reader.cpp:268]: Error: "Unknown trigger type: civil_war_is_liberal_revolution, near line: 3801
Unknown trigger type: civil_war_is_socialist_revolution, near line: 3802" in file: "events/agitators_events/revolution_events_02.txt" near line: 3803
[09:25:10][pdx_persistent_reader.cpp:268]: Error: "Unknown trigger type: civil_war_progress_high, near line: 3804" in file: "events/agitators_events/revolution_events_02.txt" near line: 3805
[09:25:10][pdx_persistent_reader.cpp:268]: Error: "Unknown trigger type: ig_counts_as_marginal, near line: 3917" in file: "events/agitators_events/revolution_events_02.txt" near line: 3922
[09:25:10][pdx_persistent_reader.cpp:268]: Error: "Unknown trigger type: civil_war_is_liberal_revolution, near line: 3962
Unknown trigger type: civil_war_is_socialist_revolution, near line: 3963" in file: "events/agitators_events/revolution_events_02.txt" near line: 3964
[09:25:10][pdx_persistent_reader.cpp:268]: Error: "Unknown trigger type: civil_war_progress_high, near line: 3965" in file: "events/agitators_events/revolution_events_02.txt" near line: 3966
[09:25:10][pdx_persistent_reader.cpp:268]: Error: "Unknown trigger type: ig_counts_as_marginal, near line: 3968" in file: "events/agitators_events/revolution_events_02.txt" near line: 3973
[09:25:10][pdx_persistent_reader.cpp:268]: Error: "Unknown trigger type: civil_war_is_liberal_revolution, near line: 3988
Unknown trigger type: civil_war_is_socialist_revolution, near line: 3989" in file: "events/agitators_events/revolution_events_02.txt" near line: 3990
[09:25:10][pdx_persistent_reader.cpp:268]: Error: "Unknown trigger type: civil_war_progress_high, near line: 3991" in file: "events/agitators_events/revolution_events_02.txt" near line: 3992
[09:25:10][pdx_persistent_reader.cpp:268]: Error: "Unknown trigger type: civil_war_is_liberal_revolution, near line: 4000
Unknown trigger type: civil_war_is_socialist_revolution, near line: 4001" in file: "events/agitators_events/revolution_events_02.txt" near line: 4002
[09:25:10][pdx_persistent_reader.cpp:268]: Error: "Unknown trigger type: civil_war_progress_high, near line: 4003" in file: "events/agitators_events/revolution_events_02.txt" near line: 4004
[09:25:10][pdx_persistent_reader.cpp:268]: Error: "Unknown trigger type: ig_counts_as_marginal, near line: 4368" in file: "events/agitators_events/revolution_events_02.txt" near line: 4373
[09:25:10][pdx_persistent_reader.cpp:268]: Error: "Unknown trigger type: civil_war_progress_medium, near line: 4379" in file: "events/agitators_events/revolution_events_02.txt" near line: 4380
[09:25:10][pdx_persistent_reader.cpp:268]: Error: "Unknown trigger type: civil_war_progress_medium, near line: 4386" in file: "events/agitators_events/revolution_events_02.txt" near line: 4387
[09:25:10][pdx_persistent_reader.cpp:268]: Error: "Unknown trigger type: civil_war_progress_medium, near line: 4394" in file: "events/agitators_events/revolution_events_02.txt" near line: 4395
[09:25:10][pdx_persistent_reader.cpp:268]: Error: "Unknown trigger type: ig_counts_as_marginal, near line: 4461" in file: "events/agitators_events/revolution_events_02.txt" near line: 4466
[09:25:10][pdx_persistent_reader.cpp:268]: Error: "Unknown trigger type: civil_war_progress_medium, near line: 4470
Unknown trigger type: civil_war_progress_high, near line: 4471" in file: "events/agitators_events/revolution_events_02.txt" near line: 4472
[09:25:10][pdx_persistent_reader.cpp:268]: Error: "Unknown trigger type: civil_war_progress_medium, near line: 4487
Unknown trigger type: civil_war_progress_high, near line: 4488" in file: "events/agitators_events/revolution_events_02.txt" near line: 4489
[09:25:10][pdx_persistent_reader.cpp:268]: Error: "Unknown trigger type: civil_war_progress_medium, near line: 4498
Unknown trigger type: civil_war_progress_high, near line: 4499" in file: "events/agitators_events/revolution_events_02.txt" near line: 4500
[09:25:10][pdx_persistent_reader.cpp:268]: Error: "Unknown trigger type: civil_war_is_reactionary_revolution, near line: 4580
Unknown trigger type: civil_war_progress_medium, near line: 4581" in file: "events/agitators_events/revolution_events_02.txt" near line: 4582
[09:25:10][pdx_persistent_reader.cpp:268]: Error: "Unknown trigger type: civil_war_is_reactionary_revolution, near line: 4595" in file: "events/agitators_events/revolution_events_02.txt" near line: 4596
[09:25:10][pdx_persistent_reader.cpp:268]: Error: "Unknown trigger type: civil_war_is_reactionary_revolution, near line: 4603" in file: "events/agitators_events/revolution_events_02.txt" near line: 4604
[09:25:10][pdx_persistent_reader.cpp:268]: Error: "Unknown trigger type: ig_counts_as_marginal, near line: 4738" in file: "events/agitators_events/revolution_events_02.txt" near line: 4743
[09:25:10][pdx_persistent_reader.cpp:268]: Error: "Unknown trigger type: civil_war_progress_low, near line: 4747
Unknown trigger type: civil_war_progress_medium, near line: 4748" in file: "events/agitators_events/revolution_events_02.txt" near line: 4749
[09:25:10][pdx_persistent_reader.cpp:268]: Error: "Unknown trigger type: civil_war_progress_low, near line: 4760
Unknown trigger type: civil_war_progress_medium, near line: 4761" in file: "events/agitators_events/revolution_events_02.txt" near line: 4762
[09:25:10][pdx_persistent_reader.cpp:268]: Error: "Unknown trigger type: civil_war_progress_low, near line: 4771
Unknown trigger type: civil_war_progress_medium, near line: 4772" in file: "events/agitators_events/revolution_events_02.txt" near line: 4773
[09:25:10][pdx_persistent_reader.cpp:268]: Error: "Unknown trigger type: civil_war_progress_medium, near line: 4818" in file: "events/agitators_events/revolution_events_02.txt" near line: 4819
[09:25:10][pdx_persistent_reader.cpp:268]: Error: "Unknown trigger type: civil_war_is_reactionary_revolution, near line: 4853" in file: "events/agitators_events/revolution_events_02.txt" near line: 4863
[09:25:10][pdx_persistent_reader.cpp:268]: Error: "Unknown trigger type: civil_war_progress_medium, near line: 4874
Unknown trigger type: civil_war_progress_high, near line: 4875" in file: "events/agitators_events/revolution_events_02.txt" near line: 4876
[09:25:10][pdx_persistent_reader.cpp:268]: Error: "Unknown trigger type: has_progressive_ideology, near line: 4884
Unknown trigger type: has_socialist_ideology, near line: 4885" in file: "events/agitators_events/revolution_events_02.txt" near line: 4886
[09:25:10][pdx_persistent_reader.cpp:268]: Error: "Unknown trigger type: civil_war_is_reactionary_revolution, near line: 4895" in file: "events/agitators_events/revolution_events_02.txt" near line: 4905
[09:25:10][pdx_persistent_reader.cpp:268]: Error: "Unknown trigger type: civil_war_progress_medium, near line: 4916
Unknown trigger type: civil_war_progress_high, near line: 4917" in file: "events/agitators_events/revolution_events_02.txt" near line: 4918
[09:25:10][pdx_persistent_reader.cpp:268]: Error: "Unknown trigger type: civil_war_is_reactionary_revolution, near line: 4927" in file: "events/agitators_events/revolution_events_02.txt" near line: 4937
[09:25:10][pdx_persistent_reader.cpp:268]: Error: "Unknown trigger type: civil_war_progress_medium, near line: 4948
Unknown trigger type: civil_war_progress_high, near line: 4949" in file: "events/agitators_events/revolution_events_02.txt" near line: 4950
[09:25:10][pdx_persistent_reader.cpp:268]: Error: "Unknown trigger type: has_progressive_ideology, near line: 4964
Unknown trigger type: has_socialist_ideology, near line: 4965" in file: "events/agitators_events/revolution_events_02.txt" near line: 4966
[09:25:10][pdx_persistent_reader.cpp:268]: Error: "Unknown trigger type: civil_war_progress_high, near line: 5044" in file: "events/agitators_events/revolution_events_02.txt" near line: 5045
[09:25:10][pdx_persistent_reader.cpp:268]: Error: "Unknown trigger type: civil_war_progress_high, near line: 5072" in file: "events/agitators_events/revolution_events_02.txt" near line: 5073
[09:25:10][pdx_persistent_reader.cpp:268]: Error: "Unknown trigger type: civil_war_progress_high, near line: 5082" in file: "events/agitators_events/revolution_events_02.txt" near line: 5083
[09:25:10][pdx_persistent_reader.cpp:268]: Error: "Unknown trigger type: civil_war_progress_high, near line: 5189" in file: "events/agitators_events/revolution_events_02.txt" near line: 5190
[09:25:10][pdx_persistent_reader.cpp:268]: Error: "Unknown trigger type: civil_war_progress_high, near line: 5222" in file: "events/agitators_events/revolution_events_02.txt" near line: 5223
[09:25:10][pdx_persistent_reader.cpp:268]: Error: "Unknown trigger type: civil_war_progress_high, near line: 5232" in file: "events/agitators_events/revolution_events_02.txt" near line: 5233
[09:25:10][pdx_persistent_reader.cpp:268]: Error: "Unknown trigger type: civil_war_progress_high, near line: 5353" in file: "events/agitators_events/revolution_events_02.txt" near line: 5354
[09:25:10][pdx_persistent_reader.cpp:268]: Error: "Unknown trigger type: civil_war_progress_high, near line: 5386" in file: "events/agitators_events/revolution_events_02.txt" near line: 5387
[09:25:10][pdx_persistent_reader.cpp:268]: Error: "Unknown trigger type: civil_war_progress_high, near line: 5396" in file: "events/agitators_events/revolution_events_02.txt" near line: 5397
[09:25:10][pdx_persistent_reader.cpp:268]: Error: "Unknown trigger type: civil_war_progress_high, near line: 5520" in file: "events/agitators_events/revolution_events_02.txt" near line: 5521
[09:25:10][pdx_persistent_reader.cpp:268]: Error: "Unknown trigger type: civil_war_progress_high, near line: 5548" in file: "events/agitators_events/revolution_events_02.txt" near line: 5549
[09:25:10][pdx_persistent_reader.cpp:268]: Error: "Unknown trigger type: civil_war_progress_high, near line: 5558" in file: "events/agitators_events/revolution_events_02.txt" near line: 5559
[09:25:10][pdx_persistent_reader.cpp:268]: Error: "Unknown trigger type: civil_war_progress_high, near line: 5664" in file: "events/agitators_events/revolution_events_02.txt" near line: 5665
[09:25:10][pdx_persistent_reader.cpp:268]: Error: "Unknown trigger type: civil_war_progress_high, near line: 5691" in file: "events/agitators_events/revolution_events_02.txt" near line: 5692
[09:25:10][pdx_persistent_reader.cpp:268]: Error: "Unknown trigger type: civil_war_progress_high, near line: 5701" in file: "events/agitators_events/revolution_events_02.txt" near line: 5702
[09:25:10][pdx_persistent_reader.cpp:268]: Error: "Unknown trigger type: civil_war_progress_high, near line: 5798" in file: "events/agitators_events/revolution_events_02.txt" near line: 5799
[09:25:10][pdx_persistent_reader.cpp:268]: Error: "Unknown trigger type: civil_war_progress_high, near line: 5825" in file: "events/agitators_events/revolution_events_02.txt" near line: 5826
[09:25:10][pdx_persistent_reader.cpp:268]: Error: "Unknown trigger type: civil_war_progress_high, near line: 5835" in file: "events/agitators_events/revolution_events_02.txt" near line: 5836
[09:25:10][pdx_persistent_reader.cpp:268]: Error: "Unknown trigger type: civil_war_progress_high, near line: 5922" in file: "events/agitators_events/revolution_events_02.txt" near line: 5923
[09:25:10][pdx_persistent_reader.cpp:268]: Error: "Unknown trigger type: civil_war_progress_high, near line: 5954" in file: "events/agitators_events/revolution_events_02.txt" near line: 5955
[09:25:10][pdx_persistent_reader.cpp:268]: Error: "Unknown trigger type: civil_war_progress_high, near line: 5964" in file: "events/agitators_events/revolution_events_02.txt" near line: 5965
[09:25:10][pdx_persistent_reader.cpp:268]: Error: "Unknown trigger type: civil_war_progress_high, near line: 6072" in file: "events/agitators_events/revolution_events_02.txt" near line: 6073
[09:25:10][pdx_persistent_reader.cpp:268]: Error: "Unknown trigger type: civil_war_progress_high, near line: 6100" in file: "events/agitators_events/revolution_events_02.txt" near line: 6101
[09:25:10][pdx_persistent_reader.cpp:268]: Error: "Unknown trigger type: civil_war_progress_high, near line: 6110" in file: "events/agitators_events/revolution_events_02.txt" near line: 6111
[09:25:10][pdx_persistent_reader.cpp:268]: Error: "Unknown trigger type: ig_counts_as_marginal, near line: 6246" in file: "events/agitators_events/revolution_events_02.txt" near line: 6248
[09:25:10][pdx_persistent_reader.cpp:268]: Error: "Unknown trigger type: any_revolution_ongoing, near line: 6254" in file: "events/agitators_events/revolution_events_02.txt" near line: 6254
[09:25:10][pdx_persistent_reader.cpp:268]: Error: "Unknown trigger type: ig_counts_as_marginal, near line: 6275" in file: "events/agitators_events/revolution_events_02.txt" near line: 6277
[09:25:10][pdx_persistent_reader.cpp:268]: Error: "Unknown trigger type: any_revolution_ongoing, near line: 6346
Unknown trigger type: ig_counts_as_marginal, near line: 6349" in file: "events/agitators_events/revolution_events_02.txt" near line: 6351
[09:25:10][pdx_persistent_reader.cpp:268]: Error: "Unknown trigger type: any_revolution_ongoing, near line: 6365" in file: "events/agitators_events/revolution_events_02.txt" near line: 6365
[09:25:10][pdx_persistent_reader.cpp:268]: Error: "Unknown trigger type: ig_counts_as_marginal, near line: 6388" in file: "events/agitators_events/revolution_events_02.txt" near line: 6390
[09:25:10][pdx_persistent_reader.cpp:268]: Error: "Unknown trigger type: civil_war_is_reactionary_revolution, near line: 28
Unknown trigger type: civil_war_progress_low, near line: 29" in file: "events/agitators_events/revolution_events_03.txt" near line: 30
[09:25:10][pdx_persistent_reader.cpp:268]: Error: "Unknown trigger type: ig_counts_as_marginal, near line: 33" in file: "events/agitators_events/revolution_events_03.txt" near line: 36
[09:25:10][pdx_persistent_reader.cpp:268]: Error: "Unknown trigger type: civil_war_is_reactionary_revolution, near line: 51
Unknown trigger type: civil_war_progress_low, near line: 52" in file: "events/agitators_events/revolution_events_03.txt" near line: 53
[09:25:10][pdx_persistent_reader.cpp:268]: Error: "Unknown trigger type: civil_war_is_reactionary_revolution, near line: 60
Unknown trigger type: civil_war_progress_low, near line: 61" in file: "events/agitators_events/revolution_events_03.txt" near line: 62
[09:25:10][pdx_persistent_reader.cpp:268]: Error: "Unknown trigger type: ig_counts_as_marginal, near line: 68" in file: "events/agitators_events/revolution_events_03.txt" near line: 71
[09:25:10][pdx_persistent_reader.cpp:268]: Error: "Unknown trigger type: civil_war_is_reactionary_revolution, near line: 195" in file: "events/agitators_events/revolution_events_03.txt" near line: 196
[09:25:10][pdx_persistent_reader.cpp:268]: Error: "Unknown trigger type: civil_war_is_reactionary_revolution, near line: 200" in file: "events/agitators_events/revolution_events_03.txt" near line: 201
[09:25:10][pdx_persistent_reader.cpp:268]: Error: "Unknown trigger type: civil_war_is_socialist_revolution, near line: 359
Unknown trigger type: civil_war_is_liberal_revolution, near line: 360" in file: "events/agitators_events/revolution_events_03.txt" near line: 361
[09:25:10][pdx_persistent_reader.cpp:268]: Error: "Unknown trigger type: civil_war_progress_low, near line: 363
Unknown trigger type: civil_war_progress_high, near line: 364" in file: "events/agitators_events/revolution_events_03.txt" near line: 365
[09:25:10][pdx_persistent_reader.cpp:268]: Error: "Unknown trigger type: is_industry_building, near line: 372
Unknown trigger type: is_heavy_industry_building, near line: 373" in file: "events/agitators_events/revolution_events_03.txt" near line: 374
[09:25:10][pdx_persistent_reader.cpp:268]: Error: "Unknown trigger type: civil_war_is_socialist_revolution, near line: 403
Unknown trigger type: civil_war_is_liberal_revolution, near line: 404" in file: "events/agitators_events/revolution_events_03.txt" near line: 405
[09:25:10][pdx_persistent_reader.cpp:268]: Error: "Unknown trigger type: civil_war_progress_low, near line: 407
Unknown trigger type: civil_war_progress_high, near line: 408" in file: "events/agitators_events/revolution_events_03.txt" near line: 409
[09:25:10][pdx_persistent_reader.cpp:268]: Error: "Unknown trigger type: civil_war_is_socialist_revolution, near line: 418
Unknown trigger type: civil_war_is_liberal_revolution, near line: 419" in file: "events/agitators_events/revolution_events_03.txt" near line: 420
[09:25:10][pdx_persistent_reader.cpp:268]: Error: "Unknown trigger type: civil_war_progress_low, near line: 422
Unknown trigger type: civil_war_progress_high, near line: 423" in file: "events/agitators_events/revolution_events_03.txt" near line: 424
[09:25:10][pdx_persistent_reader.cpp:268]: Error: "Unknown trigger type: is_industry_building, near line: 433
Unknown trigger type: is_heavy_industry_building, near line: 434" in file: "events/agitators_events/revolution_events_03.txt" near line: 435
[09:25:10][pdx_persistent_reader.cpp:268]: Error: "Unknown trigger type: is_industry_building, near line: 462
Unknown trigger type: is_heavy_industry_building, near line: 463" in file: "events/agitators_events/revolution_events_03.txt" near line: 464
[09:25:10][pdx_persistent_reader.cpp:268]: Error: "Unknown trigger type: civil_war_is_socialist_revolution, near line: 586
Unknown trigger type: civil_war_is_liberal_revolution, near line: 587" in file: "events/agitators_events/revolution_events_03.txt" near line: 588
[09:25:10][pdx_persistent_reader.cpp:268]: Error: "Unknown trigger type: civil_war_progress_low, near line: 589" in file: "events/agitators_events/revolution_events_03.txt" near line: 590
[09:25:10][pdx_persistent_reader.cpp:268]: Error: "Unknown trigger type: is_industry_building, near line: 596
Unknown trigger type: is_heavy_industry_building, near line: 597
Unknown trigger type: is_raw_industries_building, near line: 598" in file: "events/agitators_events/revolution_events_03.txt" near line: 599
[09:25:10][pdx_persistent_reader.cpp:268]: Error: "Unknown trigger type: ig_counts_as_marginal, near line: 605" in file: "events/agitators_events/revolution_events_03.txt" near line: 606
[09:25:10][pdx_persistent_reader.cpp:268]: Error: "Unknown trigger type: civil_war_is_socialist_revolution, near line: 613
Unknown trigger type: civil_war_is_liberal_revolution, near line: 614" in file: "events/agitators_events/revolution_events_03.txt" near line: 615
[09:25:10][pdx_persistent_reader.cpp:268]: Error: "Unknown trigger type: civil_war_progress_low, near line: 616" in file: "events/agitators_events/revolution_events_03.txt" near line: 617
[09:25:10][pdx_persistent_reader.cpp:268]: Error: "Unknown trigger type: is_industry_building, near line: 626
Unknown trigger type: is_heavy_industry_building, near line: 627
Unknown trigger type: is_raw_industries_building, near line: 628" in file: "events/agitators_events/revolution_events_03.txt" near line: 629
[09:25:10][pdx_persistent_reader.cpp:268]: Error: "Unknown trigger type: is_industry_building, near line: 637
Unknown trigger type: is_heavy_industry_building, near line: 638
Unknown trigger type: is_raw_industries_building, near line: 639" in file: "events/agitators_events/revolution_events_03.txt" near line: 640
[09:25:10][pdx_persistent_reader.cpp:268]: Error: "Unknown trigger type: civil_war_is_socialist_revolution, near line: 655
Unknown trigger type: civil_war_is_liberal_revolution, near line: 656" in file: "events/agitators_events/revolution_events_03.txt" near line: 657
[09:25:10][pdx_persistent_reader.cpp:268]: Error: "Unknown trigger type: civil_war_progress_low, near line: 658" in file: "events/agitators_events/revolution_events_03.txt" near line: 659
[09:25:10][pdx_persistent_reader.cpp:268]: Error: "Unknown trigger type: civil_war_progress_medium, near line: 746
Unknown trigger type: civil_war_progress_high, near line: 747" in file: "events/agitators_events/revolution_events_03.txt" near line: 748
[09:25:10][pdx_persistent_reader.cpp:268]: Error: "Unknown trigger type: civil_war_progress_medium, near line: 771
Unknown trigger type: civil_war_progress_high, near line: 772" in file: "events/agitators_events/revolution_events_03.txt" near line: 773
[09:25:10][pdx_persistent_reader.cpp:268]: Error: "Unknown trigger type: civil_war_progress_medium, near line: 782
Unknown trigger type: civil_war_progress_high, near line: 783" in file: "events/agitators_events/revolution_events_03.txt" near line: 784
[09:25:10][pdx_persistent_reader.cpp:268]: Error: "Unknown trigger type: civil_war_is_socialist_revolution, near line: 888
Unknown trigger type: civil_war_is_liberal_revolution, near line: 889" in file: "events/agitators_events/revolution_events_03.txt" near line: 890
[09:25:10][pdx_persistent_reader.cpp:268]: Error: "Unknown trigger type: civil_war_progress_low, near line: 891" in file: "events/agitators_events/revolution_events_03.txt" near line: 892
[09:25:10][pdx_persistent_reader.cpp:268]: Error: "Unknown trigger type: civil_war_is_socialist_revolution, near line: 910
Unknown trigger type: civil_war_is_liberal_revolution, near line: 911" in file: "events/agitators_events/revolution_events_03.txt" near line: 912
[09:25:10][pdx_persistent_reader.cpp:268]: Error: "Unknown trigger type: civil_war_progress_low, near line: 913" in file: "events/agitators_events/revolution_events_03.txt" near line: 914
[09:25:10][pdx_persistent_reader.cpp:268]: Error: "Unknown trigger type: civil_war_is_socialist_revolution, near line: 922
Unknown trigger type: civil_war_is_liberal_revolution, near line: 923" in file: "events/agitators_events/revolution_events_03.txt" near line: 924
[09:25:10][pdx_persistent_reader.cpp:268]: Error: "Unknown trigger type: civil_war_progress_low, near line: 925" in file: "events/agitators_events/revolution_events_03.txt" near line: 926
[09:25:10][pdx_persistent_reader.cpp:268]: Error: "Unknown trigger type: any_revolution_ongoing, near line: 1033" in file: "events/agitators_events/revolution_events_03.txt" near line: 1033
[09:25:10][pdx_persistent_reader.cpp:268]: Error: "Unknown trigger type: civil_war_progress_medium, near line: 1135
Unknown trigger type: civil_war_progress_high, near line: 1136" in file: "events/agitators_events/revolution_events_03.txt" near line: 1137
[09:25:10][pdx_persistent_reader.cpp:268]: Error: "Unknown trigger type: civil_war_progress_medium, near line: 1160
Unknown trigger type: civil_war_progress_high, near line: 1161" in file: "events/agitators_events/revolution_events_03.txt" near line: 1162
[09:25:10][pdx_persistent_reader.cpp:268]: Error: "Unknown trigger type: civil_war_progress_medium, near line: 1172
Unknown trigger type: civil_war_progress_high, near line: 1173" in file: "events/agitators_events/revolution_events_03.txt" near line: 1174
[09:25:10][pdx_persistent_reader.cpp:268]: Error: "Unknown trigger type: civil_war_progress_high, near line: 1265" in file: "events/agitators_events/revolution_events_03.txt" near line: 1266
[09:25:10][pdx_persistent_reader.cpp:268]: Error: "Unknown trigger type: civil_war_progress_high, near line: 1285" in file: "events/agitators_events/revolution_events_03.txt" near line: 1286
[09:25:10][pdx_persistent_reader.cpp:268]: Error: "Unknown trigger type: civil_war_progress_high, near line: 1294" in file: "events/agitators_events/revolution_events_03.txt" near line: 1295
[09:25:10][pdx_persistent_reader.cpp:268]: Error: "Unknown trigger type: ig_has_carlist_ideology, near line: 91
Unknown trigger type: has_reactionary_ideology, near line: 94" in file: "events/american_civil_war/00_fsa_events.txt" near line: 95
[09:25:10][jomini_effect.cpp:542]: Unknown effect random_state_in_europe at events/balkans_events/hungry_forties.txt:22
[09:25:10][pdx_persistent_reader.cpp:268]: Error: "Unknown trigger type: is_abolishing_subjecthood, near line: 48" in file: "events/balkans_events/subjecthood_events.txt" near line: 51
[09:25:10][pdx_persistent_reader.cpp:268]: Error: "Unknown trigger type: is_abolishing_subjecthood, near line: 204" in file: "events/balkans_events/subjecthood_events.txt" near line: 207
[09:25:10][pdx_persistent_reader.cpp:268]: Error: "Unknown trigger type: is_abolishing_subjecthood, near line: 337
Unknown trigger type: has_reactionary_ideology, near line: 341" in file: "events/balkans_events/subjecthood_events.txt" near line: 343
[09:25:10][pdx_persistent_reader.cpp:268]: Error: "Unknown trigger type: is_abolishing_subjecthood, near line: 486" in file: "events/balkans_events/subjecthood_events.txt" near line: 489
[09:25:10][pdx_persistent_reader.cpp:268]: Error: "Unknown trigger type: is_abolishing_subjecthood, near line: 626" in file: "events/balkans_events/subjecthood_events.txt" near line: 630
[09:25:10][pdx_persistent_reader.cpp:268]: Error: "Unknown trigger type: has_hierarchic_ideology, near line: 633" in file: "events/balkans_events/subjecthood_events.txt" near line: 642
[09:25:10][pdx_persistent_reader.cpp:268]: Error: "Unknown trigger type: has_socialist_ideology, near line: 705" in file: "events/balkans_events/subjecthood_events.txt" near line: 706
[09:25:10][pdx_persistent_reader.cpp:268]: Error: "Unknown trigger type: ig_counts_as_marginal, near line: 707" in file: "events/brazil/positivism.txt" near line: 708
[09:25:10][pdx_persistent_reader.cpp:268]: Error: "Unknown trigger type: ig_counts_as_marginal, near line: 815" in file: "events/brazil/positivism.txt" near line: 816
[09:25:10][pdx_persistent_reader.cpp:268]: Error: "Unknown trigger type: party_has_members, near line: 208" in file: "events/election_events/communist_fascist_election_events.txt" near line: 210
[09:25:10][pdx_persistent_reader.cpp:268]: Error: "Unknown trigger type: party_has_members, near line: 228" in file: "events/election_events/communist_fascist_election_events.txt" near line: 229
[09:25:10][pdx_persistent_reader.cpp:268]: Error: "Unknown trigger type: ig_counts_as_marginal, near line: 332" in file: "events/election_events/communist_fascist_election_events.txt" near line: 338
[09:25:10][pdx_persistent_reader.cpp:268]: Error: "Unknown trigger type: party_has_members, near line: 343" in file: "events/election_events/communist_fascist_election_events.txt" near line: 348
[09:25:10][pdx_persistent_reader.cpp:268]: Error: "Unknown trigger type: ig_counts_as_marginal, near line: 378" in file: "events/election_events/communist_fascist_election_events.txt" near line: 384
[09:25:10][pdx_persistent_reader.cpp:268]: Error: "Unknown trigger type: ig_counts_as_marginal, near line: 391" in file: "events/election_events/communist_fascist_election_events.txt" near line: 397
[09:25:10][pdx_persistent_reader.cpp:268]: Error: "Unknown trigger type: party_has_members, near line: 612" in file: "events/election_events/communist_fascist_election_events.txt" near line: 613
[09:25:10][pdx_persistent_reader.cpp:268]: Error: "Unknown trigger type: party_has_members, near line: 647" in file: "events/election_events/communist_fascist_election_events.txt" near line: 648
[09:25:10][pdx_persistent_reader.cpp:268]: Error: "Unknown trigger type: party_has_members, near line: 696" in file: "events/election_events/communist_fascist_election_events.txt" near line: 697
[09:25:10][pdx_persistent_reader.cpp:268]: Error: "Unknown trigger type: party_has_members, near line: 30" in file: "events/election_events/election_conservative_events.txt" near line: 32
[09:25:10][pdx_persistent_reader.cpp:268]: Error: "Unknown trigger type: party_has_members, near line: 59" in file: "events/election_events/election_conservative_events.txt" near line: 61
[09:25:10][pdx_persistent_reader.cpp:268]: Error: "Unknown trigger type: party_has_members, near line: 140" in file: "events/election_events/election_conservative_events.txt" near line: 142
[09:25:10][pdx_persistent_reader.cpp:268]: Error: "Unknown trigger type: party_has_members, near line: 155" in file: "events/election_events/election_conservative_events.txt" near line: 157
[09:25:10][pdx_persistent_reader.cpp:268]: Error: "Unknown trigger type: party_has_members, near line: 218" in file: "events/election_events/election_conservative_events.txt" near line: 220
[09:25:10][pdx_persistent_reader.cpp:268]: Error: "Unknown trigger type: party_has_members, near line: 247" in file: "events/election_events/election_conservative_events.txt" near line: 249
[09:25:10][pdx_persistent_reader.cpp:268]: Error: "Unknown trigger type: party_has_members, near line: 317" in file: "events/election_events/election_conservative_events.txt" near line: 321
[09:25:10][pdx_persistent_reader.cpp:268]: Error: "Unknown trigger type: party_has_members, near line: 29" in file: "events/election_events/election_generic_events.txt" near line: 31
[09:25:10][pdx_persistent_reader.cpp:268]: Error: "Unknown trigger type: party_has_members, near line: 41" in file: "events/election_events/election_generic_events.txt" near line: 42
[09:25:10][pdx_persistent_reader.cpp:268]: Error: "Unknown trigger type: party_has_members, near line: 47" in file: "events/election_events/election_generic_events.txt" near line: 50
[09:25:10][pdx_persistent_reader.cpp:268]: Error: "Unknown trigger type: party_has_members, near line: 56" in file: "events/election_events/election_generic_events.txt" near line: 60
[09:25:10][pdx_persistent_reader.cpp:268]: Error: "Unknown trigger type: party_has_members, near line: 66" in file: "events/election_events/election_generic_events.txt" near line: 71
[09:25:10][pdx_persistent_reader.cpp:268]: Error: "Unknown trigger type: party_has_members, near line: 146" in file: "events/election_events/election_generic_events.txt" near line: 148
[09:25:10][pdx_persistent_reader.cpp:268]: Error: "Unknown trigger type: party_has_members, near line: 158" in file: "events/election_events/election_generic_events.txt" near line: 159
[09:25:10][pdx_persistent_reader.cpp:268]: Error: "Unknown trigger type: party_has_members, near line: 170" in file: "events/election_events/election_generic_events.txt" near line: 173
[09:25:10][pdx_persistent_reader.cpp:268]: Error: "Unknown trigger type: party_has_members, near line: 185" in file: "events/election_events/election_generic_events.txt" near line: 189
[09:25:10][pdx_persistent_reader.cpp:268]: Error: "Unknown trigger type: party_has_members, near line: 201" in file: "events/election_events/election_generic_events.txt" near line: 206
[09:25:10][pdx_persistent_reader.cpp:268]: Error: "Unknown trigger type: party_has_members, near line: 30" in file: "events/election_events/election_liberal_events.txt" near line: 32
[09:25:10][pdx_persistent_reader.cpp:268]: Error: "Unknown trigger type: party_has_members, near line: 62" in file: "events/election_events/election_liberal_events.txt" near line: 64
[09:25:10][pdx_persistent_reader.cpp:268]: Error: "Unknown trigger type: party_has_members, near line: 140" in file: "events/election_events/election_liberal_events.txt" near line: 142
[09:25:10][pdx_persistent_reader.cpp:268]: Error: "Unknown trigger type: party_has_members, near line: 144" in file: "events/election_events/election_liberal_events.txt" near line: 146
[09:25:10][pdx_persistent_reader.cpp:268]: Error: "Unknown trigger type: party_has_members, near line: 156" in file: "events/election_events/election_liberal_events.txt" near line: 158
[09:25:10][pdx_persistent_reader.cpp:268]: Error: "Unknown trigger type: party_has_members, near line: 163" in file: "events/election_events/election_liberal_events.txt" near line: 165
[09:25:10][pdx_persistent_reader.cpp:268]: Error: "Unknown trigger type: party_has_members, near line: 237" in file: "events/election_events/election_liberal_events.txt" near line: 239
[09:25:10][pdx_persistent_reader.cpp:268]: Error: "Unknown trigger type: party_has_members, near line: 311" in file: "events/election_events/election_liberal_events.txt" near line: 315
[09:25:10][pdx_persistent_reader.cpp:268]: Error: "Unknown trigger type: party_has_members, near line: 30" in file: "events/election_events/election_moderate_events.txt" near line: 34
[09:25:10][pdx_persistent_reader.cpp:268]: Error: "Unknown trigger type: party_has_members, near line: 37" in file: "events/election_events/election_moderate_events.txt" near line: 39
[09:25:10][pdx_persistent_reader.cpp:268]: Error: "Unknown trigger type: party_has_members, near line: 41" in file: "events/election_events/election_moderate_events.txt" near line: 43
[09:25:10][pdx_persistent_reader.cpp:268]: Error: "Unknown trigger type: party_has_members, near line: 53" in file: "events/election_events/election_moderate_events.txt" near line: 57
[09:25:10][pdx_persistent_reader.cpp:268]: Error: "Unknown trigger type: party_has_members, near line: 127" in file: "events/election_events/election_moderate_events.txt" near line: 131
[09:25:10][pdx_persistent_reader.cpp:268]: Error: "Unknown trigger type: party_has_members, near line: 134" in file: "events/election_events/election_moderate_events.txt" near line: 138
[09:25:10][pdx_persistent_reader.cpp:268]: Error: "Unknown trigger type: party_has_members, near line: 160" in file: "events/election_events/election_moderate_events.txt" near line: 164
[09:25:10][pdx_persistent_reader.cpp:268]: Error: "Unknown trigger type: party_has_members, near line: 170" in file: "events/election_events/election_moderate_events.txt" near line: 174
[09:25:10][pdx_persistent_reader.cpp:268]: Error: "Unknown trigger type: party_has_members, near line: 29" in file: "events/election_events/election_neutral_events.txt" near line: 32
[09:25:10][pdx_persistent_reader.cpp:268]: Error: "Unknown trigger type: party_has_members, near line: 55" in file: "events/election_events/election_neutral_events.txt" near line: 58
[09:25:10][pdx_persistent_reader.cpp:268]: Error: "Unknown trigger type: character_is_valid_for_events, near line: 176" in file: "events/election_events/election_neutral_events.txt" near line: 179
[09:25:10][pdx_persistent_reader.cpp:268]: Error: "Unknown trigger type: character_is_valid_for_events, near line: 195" in file: "events/election_events/election_neutral_events.txt" near line: 198
[09:25:10][pdx_persistent_reader.cpp:268]: Error: "Unknown trigger type: party_has_members, near line: 501" in file: "events/election_events/election_neutral_events.txt" near line: 503
[09:25:10][pdx_persistent_reader.cpp:268]: Error: "Unknown trigger type: party_has_members, near line: 30" in file: "events/election_events/election_other_parties_events.txt" near line: 32
[09:25:10][pdx_persistent_reader.cpp:268]: Error: "Unknown trigger type: is_industry_building, near line: 36" in file: "events/election_events/election_other_parties_events.txt" near line: 38
[09:25:10][pdx_persistent_reader.cpp:268]: Error: "Unknown trigger type: is_heavy_industry_building, near line: 40" in file: "events/election_events/election_other_parties_events.txt" near line: 42
[09:25:10][pdx_persistent_reader.cpp:268]: Error: "Unknown trigger type: ig_counts_as_marginal, near line: 46" in file: "events/election_events/election_other_parties_events.txt" near line: 47
[09:25:10][pdx_persistent_reader.cpp:268]: Error: "Unknown trigger type: party_has_members, near line: 58" in file: "events/election_events/election_other_parties_events.txt" near line: 60
[09:25:10][pdx_persistent_reader.cpp:268]: Error: "Unknown trigger type: is_industry_building, near line: 67
Unknown trigger type: is_heavy_industry_building, near line: 68" in file: "events/election_events/election_other_parties_events.txt" near line: 69
[09:25:10][pdx_persistent_reader.cpp:268]: Error: "Unknown trigger type: party_has_members, near line: 240" in file: "events/election_events/election_other_parties_events.txt" near line: 241
[09:25:10][pdx_persistent_reader.cpp:268]: Error: "Unknown trigger type: party_has_members, near line: 246" in file: "events/election_events/election_other_parties_events.txt" near line: 247
[09:25:10][pdx_persistent_reader.cpp:268]: Error: "Unknown trigger type: party_has_members, near line: 317" in file: "events/election_events/election_other_parties_events.txt" near line: 319
[09:25:10][pdx_persistent_reader.cpp:268]: Error: "Unknown trigger type: party_has_members, near line: 330" in file: "events/election_events/election_other_parties_events.txt" near line: 332
[09:25:10][pdx_persistent_reader.cpp:268]: Error: "Unknown trigger type: party_has_members, near line: 425" in file: "events/election_events/election_other_parties_events.txt" near line: 427
[09:25:10][pdx_persistent_reader.cpp:268]: Error: "Unknown trigger type: party_has_members, near line: 430" in file: "events/election_events/election_other_parties_events.txt" near line: 432
[09:25:10][pdx_persistent_reader.cpp:268]: Error: "Unknown trigger type: party_has_members, near line: 434" in file: "events/election_events/election_other_parties_events.txt" near line: 436
[09:25:10][pdx_persistent_reader.cpp:268]: Error: "Unknown trigger type: party_has_members, near line: 438" in file: "events/election_events/election_other_parties_events.txt" near line: 440
[09:25:10][pdx_persistent_reader.cpp:268]: Error: "Unknown trigger type: party_has_members, near line: 451" in file: "events/election_events/election_other_parties_events.txt" near line: 453
[09:25:10][pdx_persistent_reader.cpp:268]: Error: "Unknown trigger type: party_has_members, near line: 459" in file: "events/election_events/election_other_parties_events.txt" near line: 461
[09:25:10][pdx_persistent_reader.cpp:268]: Error: "Unknown trigger type: party_has_members, near line: 465" in file: "events/election_events/election_other_parties_events.txt" near line: 467
[09:25:10][pdx_persistent_reader.cpp:268]: Error: "Unknown trigger type: party_has_members, near line: 474" in file: "events/election_events/election_other_parties_events.txt" near line: 476
[09:25:10][pdx_persistent_reader.cpp:268]: Error: "Unknown trigger type: party_has_members, near line: 480" in file: "events/election_events/election_other_parties_events.txt" near line: 482
[09:25:10][pdx_persistent_reader.cpp:268]: Error: "Unknown trigger type: party_has_members, near line: 489" in file: "events/election_events/election_other_parties_events.txt" near line: 491
[09:25:10][pdx_persistent_reader.cpp:268]: Error: "Unknown trigger type: party_has_members, near line: 495" in file: "events/election_events/election_other_parties_events.txt" near line: 497
[09:25:10][pdx_persistent_reader.cpp:268]: Error: "Unknown trigger type: party_has_members, near line: 550" in file: "events/election_events/election_other_parties_events.txt" near line: 552
[09:25:10][pdx_persistent_reader.cpp:268]: Error: "Unknown trigger type: party_has_members, near line: 562" in file: "events/election_events/election_other_parties_events.txt" near line: 564
[09:25:10][pdx_persistent_reader.cpp:268]: Error: "Unknown trigger type: character_is_valid_for_events, near line: 56" in file: "events/expedition_events/antarctic_expedition_events.txt" near line: 57
[09:25:10][pdx_persistent_reader.cpp:268]: Error: "Unknown trigger type: character_is_valid_for_events, near line: 65" in file: "events/expedition_events/antarctic_expedition_events.txt" near line: 70
[09:25:10][pdx_persistent_reader.cpp:268]: Error: "Unknown trigger type: character_is_valid_for_events, near line: 77" in file: "events/expedition_events/antarctic_expedition_events.txt" near line: 82
[09:25:10][pdx_persistent_reader.cpp:268]: Error: "Unknown trigger type: character_is_valid_for_events, near line: 92" in file: "events/expedition_events/antarctic_expedition_events.txt" near line: 96
[09:25:10][pdx_persistent_reader.cpp:268]: Error: "Unknown trigger type: character_is_valid_for_events, near line: 105" in file: "events/expedition_events/antarctic_expedition_events.txt" near line: 110
[09:25:10][pdx_persistent_reader.cpp:268]: Error: "Unknown trigger type: character_is_valid_for_events, near line: 118" in file: "events/expedition_events/antarctic_expedition_events.txt" near line: 124
[09:25:10][pdx_persistent_reader.cpp:268]: Error: "Unknown trigger type: character_is_valid_for_events, near line: 60" in file: "events/expedition_events/central_africa_expedition_events.txt" near line: 64
[09:25:10][pdx_persistent_reader.cpp:268]: Error: "Unknown trigger type: character_is_valid_for_events, near line: 71" in file: "events/expedition_events/central_africa_expedition_events.txt" near line: 75
[09:25:10][pdx_persistent_reader.cpp:268]: Error: "Unknown trigger type: character_is_valid_for_events, near line: 85" in file: "events/expedition_events/central_africa_expedition_events.txt" near line: 89
[09:25:10][pdx_persistent_reader.cpp:268]: Error: "Unknown trigger type: character_is_valid_for_events, near line: 57" in file: "events/expedition_events/congo_river_expedition_events.txt" near line: 59
[09:25:10][pdx_persistent_reader.cpp:268]: Error: "Unknown trigger type: character_is_valid_for_events, near line: 68" in file: "events/expedition_events/congo_river_expedition_events.txt" near line: 72
[09:25:10][pdx_persistent_reader.cpp:268]: Error: "Unknown trigger type: character_is_valid_for_events, near line: 81" in file: "events/expedition_events/congo_river_expedition_events.txt" near line: 85
[09:25:10][pdx_persistent_reader.cpp:268]: Error: "Unknown trigger type: character_is_valid_for_events, near line: 95" in file: "events/expedition_events/congo_river_expedition_events.txt" near line: 99
[09:25:10][pdx_persistent_reader.cpp:268]: Error: "Unknown trigger type: character_is_valid_for_events, near line: 113" in file: "events/expedition_events/congo_river_expedition_events.txt" near line: 117
[09:25:10][pdx_persistent_reader.cpp:268]: Error: "Unknown trigger type: character_is_valid_for_events, near line: 62" in file: "events/expedition_events/niger_river_expedition_events.txt" near line: 66
[09:25:10][pdx_persistent_reader.cpp:268]: Error: "Unknown trigger type: character_is_valid_for_events, near line: 74" in file: "events/expedition_events/niger_river_expedition_events.txt" near line: 78
[09:25:10][pdx_persistent_reader.cpp:268]: Error: "Unknown trigger type: character_is_valid_for_events, near line: 90" in file: "events/expedition_events/niger_river_expedition_events.txt" near line: 94
[09:25:10][pdx_persistent_reader.cpp:268]: Error: "Unknown trigger type: character_is_valid_for_events, near line: 62" in file: "events/expedition_events/west_america_expedition_events.txt" near line: 66
[09:25:10][pdx_persistent_reader.cpp:268]: Error: "Unknown trigger type: character_is_valid_for_events, near line: 75" in file: "events/expedition_events/west_america_expedition_events.txt" near line: 79
[09:25:10][pdx_persistent_reader.cpp:268]: Error: "Unknown trigger type: character_is_valid_for_events, near line: 91" in file: "events/expedition_events/west_america_expedition_events.txt" near line: 95
[09:25:10][pdx_persistent_reader.cpp:268]: Error: "Unknown trigger type: party_has_members, near line: 66" in file: "events/iberia_events/after_revolution_technical.txt" near line: 70
[09:25:10][pdx_persistent_reader.cpp:268]: Error: "Unknown trigger type: character_has_valid_reason_for_coup, near line: 77" in file: "events/iberia_events/ip4_coup_events.txt" near line: 78
[09:25:10][pdx_persistent_reader.cpp:268]: Error: "Unknown trigger type: character_has_valid_reason_for_coup, near line: 110" in file: "events/iberia_events/ip4_coup_events.txt" near line: 111
[09:25:10][pdx_persistent_reader.cpp:268]: Error: "Unknown trigger type: law_is_valid_for_ig_petition, near line: 419" in file: "events/iberia_events/ip4_coup_events.txt" near line: 423
[09:25:10][pdx_persistent_reader.cpp:268]: Error: "Unknown trigger type: movement_is_socialist, near line: 125
Unknown trigger type: movement_is_liberal, near line: 126" in file: "events/iberia_events/ip4_portuguese_political_events.txt" near line: 127
[09:25:10][pdx_persistent_reader.cpp:268]: Error: "Unknown trigger type: movement_is_socialist, near line: 245
Unknown trigger type: movement_is_liberal, near line: 246" in file: "events/iberia_events/ip4_portuguese_political_events.txt" near line: 247
[09:25:10][pdx_persistent_reader.cpp:268]: Error: "Unknown trigger type: movement_is_socialist, near line: 298
Unknown trigger type: movement_is_liberal, near line: 299" in file: "events/iberia_events/ip4_portuguese_political_events.txt" near line: 300
[09:25:10][pdx_persistent_reader.cpp:268]: Error: "Unknown trigger type: movement_is_socialist, near line: 339
Unknown trigger type: movement_is_liberal, near line: 340" in file: "events/iberia_events/ip4_portuguese_political_events.txt" near line: 341
[09:25:10][pdx_persistent_reader.cpp:268]: Error: "Unknown trigger type: movement_is_socialist, near line: 351
Unknown trigger type: movement_is_liberal, near line: 352" in file: "events/iberia_events/ip4_portuguese_political_events.txt" near line: 353
[09:25:10][pdx_persistent_reader.cpp:268]: Error: "Unknown trigger type: movement_is_socialist, near line: 363
Unknown trigger type: movement_is_liberal, near line: 364" in file: "events/iberia_events/ip4_portuguese_political_events.txt" near line: 365
[09:25:10][pdx_persistent_reader.cpp:268]: Error: "Unknown trigger type: movement_is_socialist, near line: 386
Unknown trigger type: movement_is_liberal, near line: 387" in file: "events/iberia_events/ip4_portuguese_political_events.txt" near line: 388
[09:25:10][pdx_persistent_reader.cpp:268]: Error: "Unknown trigger type: movement_is_socialist, near line: 444
Unknown trigger type: movement_is_liberal, near line: 445" in file: "events/iberia_events/ip4_portuguese_political_events.txt" near line: 446
[09:25:10][pdx_persistent_reader.cpp:268]: Error: "Unknown trigger type: movement_is_socialist, near line: 492
Unknown trigger type: movement_is_liberal, near line: 493" in file: "events/iberia_events/ip4_portuguese_political_events.txt" near line: 494
[09:25:10][pdx_persistent_reader.cpp:268]: Error: "Unknown trigger type: movement_is_socialist, near line: 504
Unknown trigger type: movement_is_liberal, near line: 505" in file: "events/iberia_events/ip4_portuguese_political_events.txt" near line: 506
[09:25:10][pdx_persistent_reader.cpp:268]: Error: "Unknown trigger type: movement_is_socialist, near line: 516
Unknown trigger type: movement_is_liberal, near line: 517" in file: "events/iberia_events/ip4_portuguese_political_events.txt" near line: 518
[09:25:10][pdx_persistent_reader.cpp:268]: Error: "Unknown trigger type: country_has_voting_franchise, near line: 768" in file: "events/iberia_events/ip4_portuguese_political_events.txt" near line: 769
[09:25:10][pdx_persistent_reader.cpp:268]: Error: "Unknown trigger type: amendment_banned_from_enactment, near line: 250" in file: "events/iberia_events/negotiation_events.txt" near line: 251
[09:25:10][pdx_persistent_reader.cpp:268]: Error: "Unknown trigger type: law_is_valid_for_ig_petition, near line: 464" in file: "events/iberia_events/negotiation_events.txt" near line: 465
[09:25:10][pdx_persistent_reader.cpp:268]: Error: "Unknown trigger type: law_is_valid_for_ig_petition, near line: 472" in file: "events/iberia_events/negotiation_events.txt" near line: 474
[09:25:10][pdx_persistent_reader.cpp:268]: Error: "Unknown trigger type: law_is_valid_for_ig_petition, near line: 484" in file: "events/iberia_events/negotiation_events.txt" near line: 486
[09:25:10][pdx_persistent_reader.cpp:268]: Error: "Unknown trigger type: company_is_zaibatsu, near line: 34" in file: "events/japan_events/ep2_zaibatsu_events.txt" near line: 35
[09:25:10][pdx_persistent_reader.cpp:268]: Error: "Unknown trigger type: company_is_zaibatsu, near line: 169" in file: "events/japan_events/ep2_zaibatsu_events.txt" near line: 170
[09:25:10][pdx_persistent_reader.cpp:268]: Error: "Unknown trigger type: country_has_voting_franchise, near line: 219" in file: "events/japan_events/ep2_zaibatsu_events.txt" near line: 220
[09:25:10][pdx_persistent_reader.cpp:268]: Error: "Unknown trigger type: ig_has_carlist_ideology, near line: 34" in file: "events/law_events/anarchy_law.txt" near line: 36
[09:25:10][pdx_persistent_reader.cpp:268]: Error: "Unknown trigger type: ig_counts_as_marginal, near line: 37" in file: "events/law_events/anarchy_law.txt" near line: 41
[09:25:10][pdx_persistent_reader.cpp:268]: Error: "Unknown trigger type: ig_has_carlist_ideology, near line: 55" in file: "events/law_events/anarchy_law.txt" near line: 57
[09:25:10][pdx_persistent_reader.cpp:268]: Error: "Unknown trigger type: ig_counts_as_marginal, near line: 58" in file: "events/law_events/anarchy_law.txt" near line: 62
[09:25:10][pdx_persistent_reader.cpp:268]: Error: "Unknown trigger type: ig_counts_as_marginal, near line: 207" in file: "events/law_events/anarchy_law.txt" near line: 211
[09:25:10][pdx_persistent_reader.cpp:268]: Error: "Unknown trigger type: ig_counts_as_marginal, near line: 247" in file: "events/law_events/anarchy_law.txt" near line: 251
[09:25:10][pdx_persistent_reader.cpp:268]: Error: "Unknown trigger type: ig_counts_as_marginal, near line: 286" in file: "events/law_events/anarchy_law.txt" near line: 290
[09:25:10][pdx_persistent_reader.cpp:268]: Error: "Unknown trigger type: ig_counts_as_marginal, near line: 342" in file: "events/law_events/anarchy_law.txt" near line: 347
[09:25:10][pdx_persistent_reader.cpp:268]: Error: "Unknown trigger type: ideology_nihilist_valid_trigger, near line: 61
Unknown trigger type: coa_republic_trigger, near line: 64" in file: "events/law_events/anti_state_religion_law_events.txt" near line: 64
[09:25:10][pdx_persistent_reader.cpp:268]: Error: "Unknown trigger type: coa_republic_trigger, near line: 87" in file: "events/law_events/anti_state_religion_law_events.txt" near line: 87
[09:25:10][pdx_persistent_reader.cpp:268]: Error: "Unknown trigger type: ig_counts_as_marginal, near line: 130" in file: "events/law_events/anti_state_religion_law_events.txt" near line: 135
[09:25:10][pdx_persistent_reader.cpp:268]: Error: "Unknown trigger type: ig_counts_as_marginal, near line: 156" in file: "events/law_events/anti_state_religion_law_events.txt" near line: 161
[09:25:10][pdx_persistent_reader.cpp:268]: Error: "Unknown trigger type: ig_counts_as_marginal, near line: 39" in file: "events/law_events/children_rights_events.txt" near line: 43
[09:25:10][pdx_persistent_reader.cpp:268]: Error: "Unknown trigger type: ig_counts_as_marginal, near line: 54" in file: "events/law_events/children_rights_events.txt" near line: 58
[09:25:10][pdx_persistent_reader.cpp:268]: Error: "Unknown trigger type: ig_counts_as_marginal, near line: 135" in file: "events/law_events/children_rights_events.txt" near line: 139
[09:25:10][pdx_persistent_reader.cpp:268]: Error: "Unknown trigger type: ig_counts_as_marginal, near line: 142" in file: "events/law_events/children_rights_events.txt" near line: 146
[09:25:10][pdx_persistent_reader.cpp:268]: Error: "Unknown trigger type: ig_counts_as_marginal, near line: 160" in file: "events/law_events/children_rights_events.txt" near line: 164
[09:25:10][pdx_persistent_reader.cpp:268]: Error: "Unknown trigger type: ig_counts_as_marginal, near line: 170" in file: "events/law_events/children_rights_events.txt" near line: 174
[09:25:10][pdx_persistent_reader.cpp:268]: Error: "Unknown trigger type: ig_counts_as_marginal, near line: 360" in file: "events/law_events/children_rights_events.txt" near line: 361
[09:25:10][pdx_persistent_reader.cpp:268]: Error: "Unknown trigger type: ig_counts_as_marginal, near line: 363" in file: "events/law_events/children_rights_events.txt" near line: 364
[09:25:10][pdx_persistent_reader.cpp:268]: Error: "Unknown trigger type: ig_counts_as_marginal, near line: 562" in file: "events/law_events/children_rights_events.txt" near line: 568
[09:25:10][pdx_persistent_reader.cpp:268]: Error: "Unknown trigger type: ig_counts_as_marginal, near line: 625" in file: "events/law_events/children_rights_events.txt" near line: 631
[09:25:10][pdx_persistent_reader.cpp:268]: Error: "Unknown trigger type: will_be_accepted_culture, near line: 150" in file: "events/law_events/citizenship_laws.txt" near line: 151
[09:25:10][pdx_persistent_reader.cpp:268]: Error: "Unknown trigger type: ig_counts_as_marginal, near line: 154" in file: "events/law_events/citizenship_laws.txt" near line: 158
[09:25:10][pdx_persistent_reader.cpp:268]: Error: "Unknown trigger type: will_be_accepted_culture, near line: 183" in file: "events/law_events/citizenship_laws.txt" near line: 184
[09:25:10][pdx_persistent_reader.cpp:268]: Error: "Unknown trigger type: will_be_accepted_culture, near line: 195" in file: "events/law_events/citizenship_laws.txt" near line: 196
[09:25:10][pdx_persistent_reader.cpp:268]: Error: "Unknown trigger type: ig_counts_as_marginal, near line: 202" in file: "events/law_events/citizenship_laws.txt" near line: 206
[09:25:10][pdx_persistent_reader.cpp:268]: Error: "Unknown trigger type: will_be_accepted_culture, near line: 297" in file: "events/law_events/citizenship_laws.txt" near line: 298
[09:25:10][pdx_persistent_reader.cpp:268]: Error: "Unknown trigger type: will_be_accepted_culture, near line: 315" in file: "events/law_events/citizenship_laws.txt" near line: 316
[09:25:10][pdx_persistent_reader.cpp:268]: Error: "Unknown trigger type: will_be_accepted_culture, near line: 399" in file: "events/law_events/citizenship_laws.txt" near line: 400
[09:25:10][pdx_persistent_reader.cpp:268]: Error: "Unknown trigger type: will_be_accepted_culture, near line: 426" in file: "events/law_events/citizenship_laws.txt" near line: 427
[09:25:10][pdx_persistent_reader.cpp:268]: Error: "Unknown trigger type: will_be_accepted_culture, near line: 529" in file: "events/law_events/citizenship_laws.txt" near line: 531
[09:25:10][pdx_persistent_reader.cpp:268]: Error: "Unknown trigger type: will_be_accepted_culture, near line: 558" in file: "events/law_events/citizenship_laws.txt" near line: 559
[09:25:10][pdx_persistent_reader.cpp:268]: Error: "Unknown trigger type: will_be_accepted_culture, near line: 664" in file: "events/law_events/citizenship_laws.txt" near line: 665
[09:25:10][pdx_persistent_reader.cpp:268]: Error: "Unknown trigger type: will_be_accepted_culture, near line: 687" in file: "events/law_events/citizenship_laws.txt" near line: 688
[09:25:10][pdx_persistent_reader.cpp:268]: Error: "Unknown trigger type: country_is_colonial_or_company, near line: 29" in file: "events/law_events/colonization_laws.txt" near line: 30
[09:25:10][pdx_persistent_reader.cpp:268]: Error: "Unknown trigger type: country_is_colonial_or_company, near line: 44" in file: "events/law_events/colonization_laws.txt" near line: 45
[09:25:10][pdx_persistent_reader.cpp:268]: Error: "Unknown trigger type: ig_counts_as_marginal, near line: 203" in file: "events/law_events/conscription_laws.txt" near line: 208
[09:25:10][pdx_persistent_reader.cpp:268]: Error: "Unknown trigger type: ig_counts_as_marginal, near line: 223" in file: "events/law_events/conscription_laws.txt" near line: 228
[09:25:10][pdx_persistent_reader.cpp:268]: Error: "Unknown trigger type: ig_counts_as_marginal, near line: 57" in file: "events/law_events/corporate_state_events.txt" near line: 59
[09:25:10][pdx_persistent_reader.cpp:268]: Error: "Unknown trigger type: ig_counts_as_marginal, near line: 741" in file: "events/law_events/corporate_state_events.txt" near line: 742
[09:25:10][pdx_persistent_reader.cpp:268]: Error: "Unknown trigger type: ig_counts_as_marginal, near line: 757" in file: "events/law_events/corporate_state_events.txt" near line: 758
[09:25:10][pdx_persistent_reader.cpp:268]: Error: "Unknown trigger type: character_is_valid_for_events, near line: 566" in file: "events/law_events/distribution_of_power_laws.txt" near line: 567
[09:25:10][pdx_persistent_reader.cpp:268]: Error: "Unknown trigger type: character_is_valid_for_events, near line: 587" in file: "events/law_events/distribution_of_power_laws.txt" near line: 588
[09:25:10][pdx_persistent_reader.cpp:268]: Error: "Unknown trigger type: ig_counts_as_marginal, near line: 760" in file: "events/law_events/distribution_of_power_laws.txt" near line: 764
[09:25:10][pdx_persistent_reader.cpp:268]: Error: "Unknown trigger type: ig_counts_as_marginal, near line: 768" in file: "events/law_events/distribution_of_power_laws.txt" near line: 771
[09:25:10][pdx_persistent_reader.cpp:268]: Error: "Unknown trigger type: ig_counts_as_marginal, near line: 797" in file: "events/law_events/distribution_of_power_laws.txt" near line: 801
[09:25:10][pdx_persistent_reader.cpp:268]: Error: "Unknown trigger type: ig_counts_as_marginal, near line: 807" in file: "events/law_events/distribution_of_power_laws.txt" near line: 810
[09:25:10][pdx_persistent_reader.cpp:268]: Error: "Unknown trigger type: ig_counts_as_marginal, near line: 1148" in file: "events/law_events/distribution_of_power_laws.txt" near line: 1149
[09:25:10][pdx_persistent_reader.cpp:268]: Error: "Unknown trigger type: ig_counts_as_marginal, near line: 342" in file: "events/law_events/economy_laws.txt" near line: 346
[09:25:10][pdx_persistent_reader.cpp:268]: Error: "Unknown trigger type: ig_counts_as_marginal, near line: 354" in file: "events/law_events/economy_laws.txt" near line: 358
[09:25:10][pdx_persistent_reader.cpp:268]: Error: "Unknown trigger type: has_industry_building, near line: 442
Unknown trigger type: has_heavy_industry_building, near line: 445" in file: "events/law_events/economy_laws.txt" near line: 446
[09:25:10][pdx_persistent_reader.cpp:268]: Error: "Unknown trigger type: has_industry_building, near line: 453
Unknown trigger type: has_heavy_industry_building, near line: 456" in file: "events/law_events/economy_laws.txt" near line: 457
[09:25:10][pdx_persistent_reader.cpp:268]: Error: "Unknown trigger type: ig_counts_as_marginal, near line: 129" in file: "events/law_events/free_speech_laws.txt" near line: 133
[09:25:10][pdx_persistent_reader.cpp:268]: Error: "Unknown trigger type: ig_counts_as_marginal, near line: 143" in file: "events/law_events/free_speech_laws.txt" near line: 147
[09:25:10][pdx_persistent_reader.cpp:268]: Error: "Unknown trigger type: ig_counts_as_marginal, near line: 212" in file: "events/law_events/free_speech_laws.txt" near line: 216
[09:25:10][pdx_persistent_reader.cpp:268]: Error: "Unknown trigger type: ig_counts_as_marginal, near line: 226" in file: "events/law_events/free_speech_laws.txt" near line: 230
[09:25:10][pdx_persistent_reader.cpp:268]: Error: "Unknown trigger type: ig_counts_as_marginal, near line: 301" in file: "events/law_events/free_speech_laws.txt" near line: 305
[09:25:10][pdx_persistent_reader.cpp:268]: Error: "Unknown trigger type: ig_counts_as_marginal, near line: 315" in file: "events/law_events/free_speech_laws.txt" near line: 319
[09:25:10][pdx_persistent_reader.cpp:268]: Error: "Unknown trigger type: ig_counts_as_marginal, near line: 391" in file: "events/law_events/free_speech_laws.txt" near line: 395
[09:25:10][pdx_persistent_reader.cpp:268]: Error: "Unknown trigger type: ig_counts_as_marginal, near line: 477" in file: "events/law_events/free_speech_laws.txt" near line: 481
[09:25:10][pdx_persistent_reader.cpp:268]: Error: "Unknown trigger type: ig_counts_as_marginal, near line: 484" in file: "events/law_events/free_speech_laws.txt" near line: 488
[09:25:10][pdx_persistent_reader.cpp:268]: Error: "Unknown trigger type: ig_counts_as_marginal, near line: 498" in file: "events/law_events/free_speech_laws.txt" near line: 502
[09:25:10][pdx_persistent_reader.cpp:268]: Error: "Unknown trigger type: ig_counts_as_marginal, near line: 375" in file: "events/law_events/healthcare_laws.txt" near line: 379
[09:25:10][pdx_persistent_reader.cpp:268]: Error: "Unknown trigger type: ig_counts_as_marginal, near line: 397" in file: "events/law_events/healthcare_laws.txt" near line: 401
[09:25:10][pdx_persistent_reader.cpp:268]: Error: "Unknown trigger type: ig_counts_as_marginal, near line: 27" in file: "events/law_events/internal_security_events.txt" near line: 28
[09:25:10][pdx_persistent_reader.cpp:268]: Error: "Unknown trigger type: ig_counts_as_marginal, near line: 129" in file: "events/law_events/internal_security_events.txt" near line: 130
[09:25:10][pdx_persistent_reader.cpp:268]: Error: "Unknown trigger type: ig_counts_as_marginal, near line: 224" in file: "events/law_events/internal_security_events.txt" near line: 225
[09:25:10][pdx_persistent_reader.cpp:268]: Error: "Unknown trigger type: ig_counts_as_marginal, near line: 421" in file: "events/law_events/internal_security_events.txt" near line: 422
[09:25:10][pdx_persistent_reader.cpp:268]: Error: "Unknown trigger type: country_is_colonial_or_company, near line: 41" in file: "events/law_events/isolationism_law.txt" near line: 42
[09:25:10][pdx_persistent_reader.cpp:268]: Error: "Unknown trigger type: country_is_colonial_or_company, near line: 62" in file: "events/law_events/isolationism_law.txt" near line: 63
[09:25:10][pdx_persistent_reader.cpp:268]: Error: "Unknown trigger type: country_is_colonial_or_company, near line: 156" in file: "events/law_events/isolationism_law.txt" near line: 157
[09:25:10][pdx_persistent_reader.cpp:268]: Error: "Unknown trigger type: country_is_colonial_or_company, near line: 181" in file: "events/law_events/isolationism_law.txt" near line: 182
[09:25:10][pdx_persistent_reader.cpp:268]: Error: "Unknown trigger type: ig_counts_as_marginal, near line: 30" in file: "events/law_events/law_events.txt" near line: 34
[09:25:10][pdx_persistent_reader.cpp:268]: Error: "Unknown trigger type: ig_counts_as_marginal, near line: 37" in file: "events/law_events/law_events.txt" near line: 41
[09:25:10][pdx_persistent_reader.cpp:268]: Error: "Unknown trigger type: ig_counts_as_marginal, near line: 55" in file: "events/law_events/law_events.txt" near line: 59
[09:25:10][pdx_persistent_reader.cpp:268]: Error: "Unknown trigger type: ig_counts_as_marginal, near line: 65" in file: "events/law_events/law_events.txt" near line: 69
[09:25:10][pdx_persistent_reader.cpp:268]: Error: "Unknown trigger type: ig_counts_as_marginal, near line: 147" in file: "events/law_events/law_events.txt" near line: 148
[09:25:10][pdx_persistent_reader.cpp:268]: Error: "Unknown trigger type: ig_counts_as_marginal, near line: 248" in file: "events/law_events/law_events.txt" near line: 249
[09:25:10][pdx_persistent_reader.cpp:268]: Error: "Unknown trigger type: ig_counts_as_marginal, near line: 29" in file: "events/law_events/law_events_01.txt" near line: 33
[09:25:10][pdx_persistent_reader.cpp:268]: Error: "Unknown trigger type: ig_counts_as_marginal, near line: 42" in file: "events/law_events/law_events_01.txt" near line: 46
[09:25:10][pdx_persistent_reader.cpp:268]: Error: "Unknown trigger type: ig_counts_as_marginal, near line: 221" in file: "events/law_events/law_events_01.txt" near line: 225
[09:25:10][pdx_persistent_reader.cpp:268]: Error: "Unknown trigger type: ig_counts_as_marginal, near line: 228" in file: "events/law_events/law_events_01.txt" near line: 232
[09:25:10][pdx_persistent_reader.cpp:268]: Error: "Unknown trigger type: ig_counts_as_marginal, near line: 241" in file: "events/law_events/law_events_01.txt" near line: 245
[09:25:10][pdx_persistent_reader.cpp:268]: Error: "Unknown trigger type: ig_counts_as_marginal, near line: 251" in file: "events/law_events/law_events_01.txt" near line: 255
[09:25:10][pdx_persistent_reader.cpp:268]: Error: "Unknown trigger type: ig_counts_as_marginal, near line: 353" in file: "events/law_events/law_events_01.txt" near line: 357
[09:25:10][pdx_persistent_reader.cpp:268]: Error: "Unknown trigger type: ig_counts_as_marginal, near line: 377" in file: "events/law_events/law_events_01.txt" near line: 381
[09:25:10][pdx_persistent_reader.cpp:268]: Error: "Unknown trigger type: ig_counts_as_marginal, near line: 557" in file: "events/law_events/law_events_01.txt" near line: 562
[09:25:10][pdx_persistent_reader.cpp:268]: Error: "Unknown trigger type: ig_counts_as_marginal, near line: 591" in file: "events/law_events/law_events_01.txt" near line: 596
[09:25:10][pdx_persistent_reader.cpp:268]: Error: "Unknown trigger type: ig_counts_as_marginal, near line: 650" in file: "events/law_events/law_events_01.txt" near line: 654
[09:25:10][pdx_persistent_reader.cpp:268]: Error: "Unknown trigger type: ig_counts_as_marginal, near line: 673" in file: "events/law_events/law_events_01.txt" near line: 677
[09:25:10][pdx_persistent_reader.cpp:268]: Error: "Unknown trigger type: ig_counts_as_marginal, near line: 766" in file: "events/law_events/law_events_01.txt" near line: 770
[09:25:10][pdx_persistent_reader.cpp:268]: Error: "Unknown trigger type: ig_counts_as_marginal, near line: 783" in file: "events/law_events/law_events_01.txt" near line: 787
[09:25:10][pdx_persistent_reader.cpp:268]: Error: "Unknown trigger type: law_can_hurt_minorities, near line: 876
Unknown trigger type: ig_counts_as_marginal, near line: 878" in file: "events/law_events/law_events_01.txt" near line: 882
[09:25:10][pdx_persistent_reader.cpp:268]: Error: "Unknown trigger type: ig_counts_as_marginal, near line: 900" in file: "events/law_events/law_events_01.txt" near line: 904
[09:25:10][pdx_persistent_reader.cpp:268]: Error: "Unknown trigger type: ig_counts_as_marginal, near line: 1002" in file: "events/law_events/law_events_01.txt" near line: 1006
[09:25:10][pdx_persistent_reader.cpp:268]: Error: "Unknown trigger type: ig_counts_as_marginal, near line: 1009" in file: "events/law_events/law_events_01.txt" near line: 1013
[09:25:10][pdx_persistent_reader.cpp:268]: Error: "Unknown trigger type: ig_counts_as_marginal, near line: 1023" in file: "events/law_events/law_events_01.txt" near line: 1027
[09:25:10][pdx_persistent_reader.cpp:268]: Error: "Unknown trigger type: ig_counts_as_marginal, near line: 1033" in file: "events/law_events/law_events_01.txt" near line: 1037
[09:25:10][pdx_persistent_reader.cpp:268]: Error: "Unknown trigger type: ig_counts_as_marginal, near line: 1108" in file: "events/law_events/law_events_01.txt" near line: 1112
[09:25:10][pdx_persistent_reader.cpp:268]: Error: "Unknown trigger type: ig_counts_as_marginal, near line: 1121" in file: "events/law_events/law_events_01.txt" near line: 1125
[09:25:10][pdx_persistent_reader.cpp:268]: Error: "Unknown trigger type: ig_counts_as_marginal, near line: 1211" in file: "events/law_events/law_events_01.txt" near line: 1215
[09:25:10][pdx_persistent_reader.cpp:268]: Error: "Unknown trigger type: ig_counts_as_marginal, near line: 1218" in file: "events/law_events/law_events_01.txt" near line: 1222
[09:25:10][pdx_persistent_reader.cpp:268]: Error: "Unknown trigger type: ig_counts_as_marginal, near line: 1232" in file: "events/law_events/law_events_01.txt" near line: 1236
[09:25:10][pdx_persistent_reader.cpp:268]: Error: "Unknown trigger type: ig_counts_as_marginal, near line: 1242" in file: "events/law_events/law_events_01.txt" near line: 1246
[09:25:10][pdx_persistent_reader.cpp:268]: Error: "Unknown trigger type: ig_counts_as_marginal, near line: 29" in file: "events/law_events/laws.txt" near line: 33
[09:25:10][pdx_persistent_reader.cpp:268]: Error: "Unknown trigger type: ig_counts_as_marginal, near line: 44" in file: "events/law_events/laws.txt" near line: 48
[09:25:10][pdx_persistent_reader.cpp:268]: Error: "Unknown trigger type: ig_counts_as_marginal, near line: 34" in file: "events/law_events/laws_police.txt" near line: 38
[09:25:10][pdx_persistent_reader.cpp:268]: Error: "Unknown trigger type: ig_counts_as_marginal, near line: 55" in file: "events/law_events/laws_police.txt" near line: 59
[09:25:10][pdx_persistent_reader.cpp:268]: Error: "Unknown trigger type: ig_counts_as_marginal, near line: 206" in file: "events/law_events/laws_police.txt" near line: 207
[09:25:10][pdx_persistent_reader.cpp:268]: Error: "Unknown trigger type: ig_counts_as_marginal, near line: 228" in file: "events/law_events/laws_police.txt" near line: 229
[09:25:10][pdx_persistent_reader.cpp:268]: Error: "Unknown trigger type: country_has_isolationism_or_sakoku, near line: 400" in file: "events/law_events/migration_laws.txt" near line: 401
[09:25:10][pdx_persistent_reader.cpp:268]: Error: "Unknown trigger type: ig_counts_as_marginal, near line: 404" in file: "events/law_events/migration_laws.txt" near line: 408
[09:25:10][pdx_persistent_reader.cpp:268]: Error: "Unknown trigger type: ig_counts_as_marginal, near line: 423" in file: "events/law_events/migration_laws.txt" near line: 427
[09:25:10][pdx_persistent_reader.cpp:268]: Error: "Unknown trigger type: ig_counts_as_marginal, near line: 36" in file: "events/law_events/monarchy_laws.txt" near line: 40
[09:25:10][pdx_persistent_reader.cpp:268]: Error: "Unknown trigger type: ig_counts_as_marginal, near line: 50" in file: "events/law_events/monarchy_laws.txt" near line: 54
[09:25:10][pdx_persistent_reader.cpp:268]: Error: "Unknown trigger type: ig_counts_as_marginal, near line: 123" in file: "events/law_events/monarchy_laws.txt" near line: 127
[09:25:10][pdx_persistent_reader.cpp:268]: Error: "Unknown trigger type: ig_counts_as_marginal, near line: 140" in file: "events/law_events/monarchy_laws.txt" near line: 144
[09:25:10][pdx_persistent_reader.cpp:268]: Error: "Unknown trigger type: ig_counts_as_marginal, near line: 216" in file: "events/law_events/monarchy_laws.txt" near line: 220
[09:25:10][pdx_persistent_reader.cpp:268]: Error: "Unknown trigger type: ig_counts_as_marginal, near line: 304" in file: "events/law_events/monarchy_laws.txt" near line: 308
[09:25:10][pdx_persistent_reader.cpp:268]: Error: "Unknown trigger type: ig_counts_as_marginal, near line: 322" in file: "events/law_events/monarchy_laws.txt" near line: 326
[09:25:10][pdx_persistent_reader.cpp:268]: Error: "Unknown trigger type: ig_counts_as_marginal, near line: 120" in file: "events/law_events/republic_laws.txt" near line: 124
[09:25:10][pdx_persistent_reader.cpp:268]: Error: "Unknown trigger type: ig_counts_as_marginal, near line: 134" in file: "events/law_events/republic_laws.txt" near line: 138
[09:25:10][pdx_persistent_reader.cpp:268]: Error: "Unknown trigger type: ig_counts_as_marginal, near line: 206" in file: "events/law_events/republic_laws.txt" near line: 210
[09:25:10][pdx_persistent_reader.cpp:268]: Error: "Unknown trigger type: ig_counts_as_marginal, near line: 221" in file: "events/law_events/republic_laws.txt" near line: 225
[09:25:10][pdx_persistent_reader.cpp:268]: Error: "Unknown trigger type: ig_counts_as_marginal, near line: 230" in file: "events/law_events/republic_laws.txt" near line: 234
[09:25:10][pdx_persistent_reader.cpp:268]: Error: "Unknown trigger type: ig_counts_as_marginal, near line: 241" in file: "events/law_events/republic_laws.txt" near line: 245
[09:25:10][pdx_persistent_reader.cpp:268]: Error: "Unknown trigger type: ig_counts_as_marginal, near line: 265" in file: "events/law_events/republic_laws.txt" near line: 269
[09:25:10][pdx_persistent_reader.cpp:268]: Error: "Unknown trigger type: ig_counts_as_marginal, near line: 302" in file: "events/law_events/republic_laws.txt" near line: 306
[09:25:10][pdx_persistent_reader.cpp:268]: Error: "Unknown trigger type: ig_counts_as_marginal, near line: 27" in file: "events/law_events/rights_of_women_laws.txt" near line: 31
[09:25:10][pdx_persistent_reader.cpp:268]: Error: "Unknown trigger type: ig_counts_as_marginal, near line: 55" in file: "events/law_events/rights_of_women_laws.txt" near line: 59
[09:25:10][pdx_persistent_reader.cpp:268]: Error: "Unknown trigger type: ig_counts_as_marginal, near line: 115" in file: "events/law_events/rights_of_women_laws.txt" near line: 119
[09:25:10][pdx_persistent_reader.cpp:268]: Error: "Unknown trigger type: ig_counts_as_marginal, near line: 144" in file: "events/law_events/rights_of_women_laws.txt" near line: 148
[09:25:10][pdx_persistent_reader.cpp:268]: Error: "Unknown trigger type: ig_counts_as_marginal, near line: 218" in file: "events/law_events/rights_of_women_laws.txt" near line: 222
[09:25:10][pdx_persistent_reader.cpp:268]: Error: "Unknown trigger type: ig_counts_as_marginal, near line: 442" in file: "events/law_events/rights_of_women_laws.txt" near line: 446
[09:25:10][pdx_persistent_reader.cpp:268]: Error: "Unknown trigger type: ig_counts_as_marginal, near line: 504" in file: "events/law_events/rights_of_women_laws.txt" near line: 508
[09:25:10][pdx_persistent_reader.cpp:268]: Error: "Unknown trigger type: has_socialist_ideology, near line: 45" in file: "events/law_events/single_party_state_laws.txt" near line: 46
[09:25:10][pdx_persistent_reader.cpp:268]: Error: "Unknown trigger type: has_socialist_ideology, near line: 50" in file: "events/law_events/single_party_state_laws.txt" near line: 51
[09:25:10][pdx_persistent_reader.cpp:268]: Error: "Unknown trigger type: has_socialist_ideology, near line: 89" in file: "events/law_events/single_party_state_laws.txt" near line: 90
[09:25:10][pdx_persistent_reader.cpp:268]: Error: "Unknown trigger type: has_socialist_ideology, near line: 94" in file: "events/law_events/single_party_state_laws.txt" near line: 95
[09:25:10][pdx_persistent_reader.cpp:268]: Error: "Unknown trigger type: has_socialist_ideology, near line: 368" in file: "events/law_events/single_party_state_laws.txt" near line: 369
[09:25:10][pdx_persistent_reader.cpp:268]: Error: "Unknown trigger type: has_socialist_ideology, near line: 371" in file: "events/law_events/single_party_state_laws.txt" near line: 372
[09:25:10][pdx_persistent_reader.cpp:268]: Error: "Unknown trigger type: has_socialist_ideology, near line: 474" in file: "events/law_events/single_party_state_laws.txt" near line: 475
[09:25:10][pdx_persistent_reader.cpp:268]: Error: "Unknown trigger type: has_socialist_ideology, near line: 495" in file: "events/law_events/single_party_state_laws.txt" near line: 496
[09:25:10][pdx_persistent_reader.cpp:268]: Error: "Unknown trigger type: has_socialist_ideology, near line: 519" in file: "events/law_events/single_party_state_laws.txt" near line: 520
[09:25:10][pdx_persistent_reader.cpp:268]: Error: "Unknown trigger type: has_socialist_ideology, near line: 564" in file: "events/law_events/single_party_state_laws.txt" near line: 565
[09:25:10][pdx_persistent_reader.cpp:268]: Error: "Unknown trigger type: has_socialist_ideology, near line: 567" in file: "events/law_events/single_party_state_laws.txt" near line: 568
[09:25:10][pdx_persistent_reader.cpp:268]: Error: "Unknown trigger type: has_socialist_ideology, near line: 755" in file: "events/law_events/single_party_state_laws.txt" near line: 756
[09:25:10][pdx_persistent_reader.cpp:268]: Error: "Unknown trigger type: ig_counts_as_marginal, near line: 267" in file: "events/law_events/state_atheism.txt" near line: 269
[09:25:10][pdx_persistent_reader.cpp:268]: Error: "Unknown trigger type: ig_counts_as_marginal, near line: 329" in file: "events/law_events/state_atheism.txt" near line: 333
[09:25:10][pdx_persistent_reader.cpp:268]: Error: "Unknown trigger type: ig_counts_as_marginal, near line: 352" in file: "events/law_events/state_atheism.txt" near line: 356
[09:25:10][pdx_persistent_reader.cpp:268]: Error: "Unknown trigger type: ig_counts_as_marginal, near line: 564" in file: "events/law_events/state_atheism.txt" near line: 572
[09:25:10][pdx_persistent_reader.cpp:268]: Error: "Unknown trigger type: ig_counts_as_marginal, near line: 746" in file: "events/law_events/state_atheism.txt" near line: 747
[09:25:10][pdx_persistent_reader.cpp:268]: Error: "Unknown trigger type: ig_counts_as_marginal, near line: 29" in file: "events/law_events/technocracy_law.txt" near line: 33
[09:25:10][pdx_persistent_reader.cpp:268]: Error: "Unknown trigger type: ig_counts_as_marginal, near line: 53" in file: "events/law_events/technocracy_law.txt" near line: 57
[09:25:10][pdx_persistent_reader.cpp:268]: Error: "Unknown trigger type: has_reactionary_ideology, near line: 32
Unknown trigger type: has_conservative_ideology, near line: 33
Unknown trigger type: has_monarchist_ideology, near line: 34" in file: "events/soi_events/00_lobbies_events_01.txt" near line: 35
[09:25:10][pdx_persistent_reader.cpp:268]: Error: "Unknown trigger type: has_reactionary_ideology, near line: 74
Unknown trigger type: has_conservative_ideology, near line: 75
Unknown trigger type: has_monarchist_ideology, near line: 76" in file: "events/soi_events/00_lobbies_events_01.txt" near line: 77
[09:25:10][pdx_persistent_reader.cpp:268]: Error: "Unknown trigger type: country_has_voting_franchise, near line: 218" in file: "events/soi_events/00_lobbies_events_01.txt" near line: 220
[09:25:10][pdx_persistent_reader.cpp:268]: Error: "Unknown trigger type: has_desirable_character_traits, near line: 494" in file: "events/soi_events/00_lobbies_events_01.txt" near line: 495
[09:25:10][pdx_persistent_reader.cpp:268]: Error: "Unknown trigger type: has_desirable_character_traits, near line: 526" in file: "events/soi_events/00_lobbies_events_01.txt" near line: 527
[09:25:10][pdx_persistent_reader.cpp:268]: Error: "Unknown trigger type: has_desirable_character_traits, near line: 563" in file: "events/soi_events/00_lobbies_events_01.txt" near line: 564
[09:25:10][pdx_persistent_reader.cpp:268]: Error: "Unknown trigger type: has_desirable_character_traits, near line: 598" in file: "events/soi_events/00_lobbies_events_01.txt" near line: 599
[09:25:10][pdx_persistent_reader.cpp:268]: Error: "Unknown trigger type: has_desirable_character_traits, near line: 639" in file: "events/soi_events/00_lobbies_events_01.txt" near line: 640
[09:25:10][pdx_persistent_reader.cpp:268]: Error: "Unknown trigger type: country_has_voting_franchise, near line: 1151" in file: "events/soi_events/00_lobbies_events_01.txt" near line: 1156
[09:25:10][pdx_persistent_reader.cpp:268]: Error: "Unknown trigger type: country_has_voting_franchise, near line: 1181" in file: "events/soi_events/00_lobbies_events_01.txt" near line: 1186
[09:25:10][pdx_persistent_reader.cpp:268]: Error: "Unknown trigger type: country_has_voting_franchise, near line: 1275" in file: "events/soi_events/00_lobbies_events_01.txt" near line: 1278
[09:25:10][pdx_persistent_reader.cpp:268]: Error: "Unknown trigger type: country_has_voting_franchise, near line: 1298" in file: "events/soi_events/00_lobbies_events_01.txt" near line: 1301
[09:25:10][pdx_persistent_reader.cpp:268]: Error: "Unknown trigger type: country_has_voting_franchise, near line: 1366" in file: "events/soi_events/00_lobbies_events_01.txt" near line: 1368
[09:25:10][pdx_persistent_reader.cpp:268]: Error: "Unknown trigger type: country_has_voting_franchise, near line: 1390" in file: "events/soi_events/00_lobbies_events_01.txt" near line: 1392
[09:25:10][pdx_persistent_reader.cpp:268]: Error: "Unknown trigger type: has_progressive_ideology, near line: 222
Unknown trigger type: has_liberal_ideology, near line: 223
Unknown trigger type: has_socialist_ideology, near line: 224" in file: "events/soi_events/00_lobbies_events_03.txt" near line: 225
[09:25:10][pdx_persistent_reader.cpp:268]: Error: "Unknown trigger type: has_conservative_ideology, near line: 234
Unknown trigger type: has_reactionary_ideology, near line: 235
Unknown trigger type: has_monarchist_ideology, near line: 236" in file: "events/soi_events/00_lobbies_events_03.txt" near line: 237
[09:25:10][pdx_persistent_reader.cpp:268]: Error: "Unknown trigger type: has_conservative_ideology, near line: 247
Unknown trigger type: has_reactionary_ideology, near line: 248
Unknown trigger type: has_monarchist_ideology, near line: 249" in file: "events/soi_events/00_lobbies_events_03.txt" near line: 250
[09:25:10][pdx_persistent_reader.cpp:268]: Error: "Unknown trigger type: has_progressive_ideology, near line: 259
Unknown trigger type: has_liberal_ideology, near line: 260
Unknown trigger type: has_socialist_ideology, near line: 261" in file: "events/soi_events/00_lobbies_events_03.txt" near line: 262
[09:25:10][pdx_persistent_reader.cpp:268]: Error: "Unknown trigger type: has_progressive_ideology, near line: 277
Unknown trigger type: has_liberal_ideology, near line: 278
Unknown trigger type: has_socialist_ideology, near line: 279" in file: "events/soi_events/00_lobbies_events_03.txt" near line: 280
[09:25:10][pdx_persistent_reader.cpp:268]: Error: "Unknown trigger type: has_conservative_ideology, near line: 289
Unknown trigger type: has_reactionary_ideology, near line: 290
Unknown trigger type: has_monarchist_ideology, near line: 291" in file: "events/soi_events/00_lobbies_events_03.txt" near line: 292
[09:25:10][pdx_persistent_reader.cpp:268]: Error: "Unknown trigger type: has_progressive_ideology, near line: 302
Unknown trigger type: has_liberal_ideology, near line: 303
Unknown trigger type: has_socialist_ideology, near line: 304" in file: "events/soi_events/00_lobbies_events_03.txt" near line: 305
[09:25:10][pdx_persistent_reader.cpp:268]: Error: "Unknown trigger type: has_conservative_ideology, near line: 320
Unknown trigger type: has_reactionary_ideology, near line: 321
Unknown trigger type: has_monarchist_ideology, near line: 322" in file: "events/soi_events/00_lobbies_events_03.txt" near line: 323
[09:25:10][pdx_persistent_reader.cpp:268]: Error: "Unknown trigger type: has_conservative_ideology, near line: 331
Unknown trigger type: has_reactionary_ideology, near line: 332
Unknown trigger type: has_monarchist_ideology, near line: 333" in file: "events/soi_events/00_lobbies_events_03.txt" near line: 334
[09:25:10][pdx_persistent_reader.cpp:268]: Error: "Unknown trigger type: has_conservative_ideology, near line: 351
Unknown trigger type: has_reactionary_ideology, near line: 352
Unknown trigger type: has_monarchist_ideology, near line: 353" in file: "events/soi_events/00_lobbies_events_03.txt" near line: 354
[09:25:10][pdx_persistent_reader.cpp:268]: Error: "Unknown trigger type: has_progressive_ideology, near line: 363
Unknown trigger type: has_liberal_ideology, near line: 364
Unknown trigger type: has_socialist_ideology, near line: 365" in file: "events/soi_events/00_lobbies_events_03.txt" near line: 366
[09:25:10][pdx_persistent_reader.cpp:268]: Error: "Unknown trigger type: has_conservative_ideology, near line: 376
Unknown trigger type: has_reactionary_ideology, near line: 377
Unknown trigger type: has_monarchist_ideology, near line: 378" in file: "events/soi_events/00_lobbies_events_03.txt" near line: 379
[09:25:10][pdx_persistent_reader.cpp:268]: Error: "Unknown trigger type: has_progressive_ideology, near line: 394
Unknown trigger type: has_liberal_ideology, near line: 395
Unknown trigger type: has_socialist_ideology, near line: 396" in file: "events/soi_events/00_lobbies_events_03.txt" near line: 397
[09:25:10][pdx_persistent_reader.cpp:268]: Error: "Unknown trigger type: has_progressive_ideology, near line: 405
Unknown trigger type: has_liberal_ideology, near line: 406
Unknown trigger type: has_socialist_ideology, near line: 407" in file: "events/soi_events/00_lobbies_events_03.txt" near line: 408
[09:25:10][pdx_persistent_reader.cpp:268]: Error: "Unknown trigger type: ig_counts_as_marginal, near line: 488
Unknown trigger type: has_conservative_ideology, near line: 491
Unknown trigger type: has_reactionary_ideology, near line: 492" in file: "events/soi_events/00_lobbies_events_03.txt" near line: 493
[09:25:10][pdx_persistent_reader.cpp:268]: Error: "Unknown trigger type: has_conservative_ideology, near line: 505
Unknown trigger type: has_reactionary_ideology, near line: 506" in file: "events/soi_events/00_lobbies_events_03.txt" near line: 507
[09:25:10][pdx_persistent_reader.cpp:268]: Error: "Unknown trigger type: ig_counts_as_marginal, near line: 517
Unknown trigger type: has_conservative_ideology, near line: 520
Unknown trigger type: has_reactionary_ideology, near line: 521" in file: "events/soi_events/00_lobbies_events_03.txt" near line: 522
[09:25:10][pdx_persistent_reader.cpp:268]: Error: "Unknown trigger type: has_conservative_ideology, near line: 537
Unknown trigger type: has_reactionary_ideology, near line: 538" in file: "events/soi_events/00_lobbies_events_03.txt" near line: 539
[09:25:10][pdx_persistent_reader.cpp:268]: Error: "Unknown trigger type: ig_counts_as_marginal, near line: 624" in file: "events/soi_events/00_lobbies_events_03.txt" near line: 626
[09:25:10][pdx_persistent_reader.cpp:268]: Error: "Unknown trigger type: ig_counts_as_marginal, near line: 638" in file: "events/soi_events/00_lobbies_events_03.txt" near line: 640
[09:25:10][pdx_persistent_reader.cpp:268]: Error: "Unknown trigger type: ig_counts_as_marginal, near line: 645" in file: "events/soi_events/00_lobbies_events_03.txt" near line: 646
[09:25:10][pdx_persistent_reader.cpp:268]: Error: "Unknown trigger type: ig_counts_as_marginal, near line: 651" in file: "events/soi_events/00_lobbies_events_03.txt" near line: 652
[09:25:10][pdx_persistent_reader.cpp:268]: Error: "Unknown trigger type: ig_counts_as_marginal, near line: 743
Unknown trigger type: has_progressive_ideology, near line: 746
Unknown trigger type: has_liberal_ideology, near line: 747" in file: "events/soi_events/00_lobbies_events_03.txt" near line: 748
[09:25:10][pdx_persistent_reader.cpp:268]: Error: "Unknown trigger type: has_progressive_ideology, near line: 760
Unknown trigger type: has_liberal_ideology, near line: 761" in file: "events/soi_events/00_lobbies_events_03.txt" near line: 762
[09:25:10][pdx_persistent_reader.cpp:268]: Error: "Unknown trigger type: has_progressive_ideology, near line: 781
Unknown trigger type: has_liberal_ideology, near line: 782" in file: "events/soi_events/00_lobbies_events_03.txt" near line: 783
[09:25:10][pdx_persistent_reader.cpp:268]: Error: "Unknown trigger type: ig_counts_as_marginal, near line: 795
Unknown trigger type: has_progressive_ideology, near line: 798
Unknown trigger type: has_liberal_ideology, near line: 799" in file: "events/soi_events/00_lobbies_events_03.txt" near line: 800
[09:25:10][pdx_persistent_reader.cpp:268]: Error: "Unknown trigger type: has_conservative_ideology, near line: 860
Unknown trigger type: has_reactionary_ideology, near line: 861" in file: "events/soi_events/00_lobbies_events_03.txt" near line: 862
[09:25:10][pdx_persistent_reader.cpp:268]: Error: "Unknown trigger type: has_progressive_ideology, near line: 878
Unknown trigger type: has_liberal_ideology, near line: 879" in file: "events/soi_events/00_lobbies_events_03.txt" near line: 880
[09:25:10][pdx_persistent_reader.cpp:268]: Error: "Unknown trigger type: has_conservative_ideology, near line: 892
Unknown trigger type: has_reactionary_ideology, near line: 893" in file: "events/soi_events/00_lobbies_events_03.txt" near line: 894
[09:25:10][pdx_persistent_reader.cpp:268]: Error: "Unknown trigger type: has_progressive_ideology, near line: 914
Unknown trigger type: has_liberal_ideology, near line: 915" in file: "events/soi_events/00_lobbies_events_03.txt" near line: 916
[09:25:10][pdx_persistent_reader.cpp:268]: Error: "Unknown trigger type: ig_counts_as_marginal, near line: 1918" in file: "events/soi_events/00_lobbies_events_03.txt" near line: 1920
[09:25:10][pdx_persistent_reader.cpp:268]: Error: "Unknown trigger type: ig_counts_as_marginal, near line: 1935" in file: "events/soi_events/00_lobbies_events_03.txt" near line: 1936
[09:25:10][pdx_persistent_reader.cpp:268]: Error: "Unknown trigger type: ig_counts_as_marginal, near line: 1944" in file: "events/soi_events/00_lobbies_events_03.txt" near line: 1945
[09:25:10][pdx_persistent_reader.cpp:268]: Error: "Unknown trigger type: ig_counts_as_marginal, near line: 2017" in file: "events/soi_events/00_lobbies_events_03.txt" near line: 2018
[09:25:10][pdx_persistent_reader.cpp:268]: Error: "Unknown trigger type: ig_counts_as_marginal, near line: 2034" in file: "events/soi_events/00_lobbies_events_03.txt" near line: 2035
[09:25:10][pdx_persistent_reader.cpp:268]: Error: "Unknown trigger type: ig_counts_as_marginal, near line: 2419" in file: "events/soi_events/00_lobbies_events_03.txt" near line: 2420
[09:25:10][pdx_persistent_reader.cpp:268]: Error: "Unknown trigger type: ig_counts_as_marginal, near line: 2434" in file: "events/soi_events/00_lobbies_events_03.txt" near line: 2435
[09:25:10][pdx_persistent_reader.cpp:268]: Error: "Unknown trigger type: character_is_valid_for_events, near line: 500" in file: "events/tech_events/production_tech_events.txt" near line: 501
[09:25:10][pdx_persistent_reader.cpp:268]: Error: "Unknown trigger type: character_is_valid_for_events, near line: 532" in file: "events/tech_events/production_tech_events.txt" near line: 533
[09:25:10][pdx_persistent_reader.cpp:268]: Error: "Unknown trigger type: ig_counts_as_marginal, near line: 114" in file: "common/character_templates/country_bol.txt" near line: 116
[09:25:10][pdx_persistent_reader.cpp:268]: Error: "Unknown trigger type: ig_counts_as_marginal, near line: 155" in file: "common/character_templates/country_bol.txt" near line: 159
[09:25:10][pdx_persistent_reader.cpp:268]: Error: "Unknown trigger type: ig_counts_as_marginal, near line: 198" in file: "common/character_templates/country_bol.txt" near line: 200
[09:25:10][pdx_persistent_reader.cpp:268]: Error: "Unknown trigger type: ig_counts_as_marginal, near line: 238" in file: "common/character_templates/country_bol.txt" near line: 240
[09:25:10][pdx_persistent_reader.cpp:268]: Error: "Unknown trigger type: ig_counts_as_marginal, near line: 281" in file: "common/character_templates/country_bol.txt" near line: 283
[09:25:10][pdx_persistent_reader.cpp:268]: Error: "Unknown trigger type: ig_counts_as_marginal, near line: 321" in file: "common/character_templates/country_bol.txt" near line: 323
[09:25:10][pdx_persistent_reader.cpp:268]: Error: "Unknown trigger type: ig_counts_as_marginal, near line: 359" in file: "common/character_templates/country_bol.txt" near line: 361
[09:25:10][pdx_persistent_reader.cpp:268]: Error: "Unknown trigger type: ig_counts_as_marginal, near line: 400" in file: "common/character_templates/country_bol.txt" near line: 402
[09:25:10][pdx_persistent_reader.cpp:268]: Error: "Unknown trigger type: ig_counts_as_marginal, near line: 440" in file: "common/character_templates/country_bol.txt" near line: 442
[09:25:10][pdx_persistent_reader.cpp:268]: Error: "Unknown trigger type: ig_counts_as_marginal, near line: 479" in file: "common/character_templates/country_bol.txt" near line: 481
[09:25:10][pdx_persistent_reader.cpp:268]: Error: "Unknown trigger type: ig_counts_as_marginal, near line: 518" in file: "common/character_templates/country_bol.txt" near line: 520
[09:25:10][pdx_persistent_reader.cpp:268]: Error: "Unknown trigger type: ig_counts_as_marginal, near line: 557" in file: "common/character_templates/country_bol.txt" near line: 559
[09:25:10][pdx_persistent_reader.cpp:268]: Error: "Unknown trigger type: ig_counts_as_marginal, near line: 87" in file: "common/character_templates/country_bul.txt" near line: 89
[09:25:10][pdx_persistent_reader.cpp:268]: Error: "Unknown trigger type: ig_counts_as_marginal, near line: 293" in file: "common/character_templates/country_gre.txt" near line: 297
[09:25:10][pdx_persistent_reader.cpp:268]: Error: "Unknown trigger type: ig_counts_as_marginal, near line: 87" in file: "common/character_templates/country_per.txt" near line: 89
[09:25:10][pdx_persistent_reader.cpp:268]: Error: "Unknown trigger type: ig_counts_as_marginal, near line: 122" in file: "common/character_templates/country_per.txt" near line: 124
[09:25:10][pdx_persistent_reader.cpp:268]: Error: "Unknown trigger type: ig_counts_as_marginal, near line: 136" in file: "common/character_templates/country_per.txt" near line: 140
[09:25:10][pdx_persistent_reader.cpp:268]: Error: "Unknown trigger type: ig_counts_as_marginal, near line: 174" in file: "common/character_templates/country_per.txt" near line: 179
[09:25:10][pdx_persistent_reader.cpp:268]: Error: "Unknown trigger type: country_has_monarchy_law, near line: 30" in file: "common/character_templates/country_pru.txt" near line: 34
[09:25:10][pdx_persistent_reader.cpp:268]: Error: "Unknown trigger type: ig_counts_as_marginal, near line: 83" in file: "common/character_templates/country_saf.txt" near line: 88
[09:25:10][pdx_persistent_reader.cpp:268]: Error: "Unknown trigger type: ig_counts_as_marginal, near line: 230" in file: "common/character_templates/country_saf.txt" near line: 235
[09:25:10][pdx_persistent_reader.cpp:268]: Error: "Unknown trigger type: ig_counts_as_marginal, near line: 339" in file: "common/character_templates/country_saf.txt" near line: 344
[09:25:10][pdx_persistent_reader.cpp:268]: Error: "Unknown trigger type: ig_counts_as_marginal, near line: 754" in file: "common/character_templates/country_saf.txt" near line: 758
[09:25:10][pdx_persistent_reader.cpp:268]: Error: "Unknown trigger type: ig_counts_as_marginal, near line: 115" in file: "common/character_templates/country_trs.txt" near line: 120
[09:25:10][pdx_persistent_reader.cpp:268]: Error: "Unknown trigger type: ig_counts_as_marginal, near line: 137" in file: "common/character_templates/country_trs.txt" near line: 142
[09:25:10][pdx_persistent_reader.cpp:268]: Error: "Unknown trigger type: ig_counts_as_marginal, near line: 185" in file: "common/character_templates/country_trs.txt" near line: 187
[09:25:10][pdx_persistent_reader.cpp:268]: Error: "Unknown trigger type: country_has_voting_franchise, near line: 879" in file: "common/character_templates/country_uru.txt" near line: 880
[09:25:10][pdx_persistent_reader.cpp:268]: Error: "Unknown trigger type: ig_counts_as_marginal, near line: 258" in file: "common/character_templates/country_usa.txt" near line: 262
[09:25:10][pdx_persistent_reader.cpp:268]: Error: "Unknown trigger type: ig_counts_as_marginal, near line: 301" in file: "common/character_templates/country_usa.txt" near line: 306
[09:25:10][pdx_persistent_reader.cpp:268]: Error: "Unknown trigger type: ig_counts_as_marginal, near line: 343" in file: "common/character_templates/country_usa.txt" near line: 345
[09:25:10][pdx_persistent_reader.cpp:268]: Error: "Unknown trigger type: ig_counts_as_marginal, near line: 389" in file: "common/character_templates/country_usa.txt" near line: 391
[09:25:10][pdx_persistent_reader.cpp:268]: Error: "Unknown trigger type: ig_counts_as_marginal, near line: 433" in file: "common/character_templates/country_usa.txt" near line: 435
[09:25:10][pdx_persistent_reader.cpp:268]: Error: "Unknown trigger type: ig_counts_as_marginal, near line: 493" in file: "common/character_templates/country_usa.txt" near line: 495
[09:25:10][pdx_persistent_reader.cpp:268]: Error: "Unknown trigger type: ig_counts_as_marginal, near line: 566" in file: "common/character_templates/country_usa.txt" near line: 571
[09:25:10][pdx_persistent_reader.cpp:268]: Error: "Unknown trigger type: ig_counts_as_marginal, near line: 587" in file: "common/character_templates/country_usa.txt" near line: 589
[09:25:10][pdx_persistent_reader.cpp:268]: Error: "Unknown trigger type: ig_counts_as_marginal, near line: 634" in file: "common/character_templates/country_usa.txt" near line: 642
[09:25:10][pdx_persistent_reader.cpp:268]: Error: "Unknown trigger type: ig_counts_as_marginal, near line: 347" in file: "common/character_templates/country_zan.txt" near line: 351
[09:25:10][pdx_persistent_reader.cpp:268]: Error: "Unknown trigger type: ig_counts_as_marginal, near line: 28" in file: "common/character_templates/historical_agitators.txt" near line: 32
[09:25:10][pdx_persistent_reader.cpp:268]: Error: "Unknown trigger type: ig_counts_as_marginal, near line: 66" in file: "common/character_templates/historical_agitators.txt" near line: 70
[09:25:10][pdx_persistent_reader.cpp:268]: Error: "Unknown trigger type: ig_counts_as_marginal, near line: 101" in file: "common/character_templates/historical_agitators.txt" near line: 103
[09:25:10][pdx_persistent_reader.cpp:268]: Error: "Unknown trigger type: ig_counts_as_marginal, near line: 136" in file: "common/character_templates/historical_agitators.txt" near line: 140
[09:25:10][pdx_persistent_reader.cpp:268]: Error: "Unknown trigger type: ig_counts_as_marginal, near line: 179" in file: "common/character_templates/historical_agitators.txt" near line: 183
[09:25:10][pdx_persistent_reader.cpp:268]: Error: "Unknown trigger type: ig_counts_as_marginal, near line: 224" in file: "common/character_templates/historical_agitators.txt" near line: 226
[09:25:10][pdx_persistent_reader.cpp:268]: Error: "Unknown trigger type: ig_counts_as_marginal, near line: 256" in file: "common/character_templates/historical_agitators.txt" near line: 258
[09:25:10][pdx_persistent_reader.cpp:268]: Error: "Unknown trigger type: ig_counts_as_marginal, near line: 288" in file: "common/character_templates/historical_agitators.txt" near line: 290
[09:25:10][pdx_persistent_reader.cpp:268]: Error: "Unknown trigger type: ig_counts_as_marginal, near line: 323" in file: "common/character_templates/historical_agitators.txt" near line: 325
[09:25:10][pdx_persistent_reader.cpp:268]: Error: "Unknown trigger type: ig_counts_as_marginal, near line: 354" in file: "common/character_templates/historical_agitators.txt" near line: 356
[09:25:10][pdx_persistent_reader.cpp:268]: Error: "Unknown trigger type: ig_counts_as_marginal, near line: 386" in file: "common/character_templates/historical_agitators.txt" near line: 388
[09:25:10][pdx_persistent_reader.cpp:268]: Error: "Unknown trigger type: ig_counts_as_marginal, near line: 398" in file: "common/character_templates/historical_agitators.txt" near line: 400
[09:25:10][pdx_persistent_reader.cpp:268]: Error: "Unknown trigger type: ig_counts_as_marginal, near line: 437" in file: "common/character_templates/historical_agitators.txt" near line: 439
[09:25:10][pdx_persistent_reader.cpp:268]: Error: "Unknown trigger type: ig_counts_as_marginal, near line: 477" in file: "common/character_templates/historical_agitators.txt" near line: 481
[09:25:10][pdx_persistent_reader.cpp:268]: Error: "Unknown trigger type: ig_counts_as_marginal, near line: 521" in file: "common/character_templates/historical_agitators.txt" near line: 525
[09:25:10][pdx_persistent_reader.cpp:268]: Error: "Unknown trigger type: ig_counts_as_marginal, near line: 574" in file: "common/character_templates/historical_agitators.txt" near line: 576
[09:25:10][pdx_persistent_reader.cpp:268]: Error: "Unknown trigger type: ig_counts_as_marginal, near line: 609" in file: "common/character_templates/historical_agitators.txt" near line: 614
[09:25:10][pdx_persistent_reader.cpp:268]: Error: "Unknown trigger type: ig_counts_as_marginal, near line: 647" in file: "common/character_templates/historical_agitators.txt" near line: 651
[09:25:10][pdx_persistent_reader.cpp:268]: Error: "Unknown trigger type: ig_counts_as_marginal, near line: 684" in file: "common/character_templates/historical_agitators.txt" near line: 689
[09:25:10][pdx_persistent_reader.cpp:268]: Error: "Unknown trigger type: country_has_monarchy_law, near line: 718" in file: "common/character_templates/historical_agitators.txt" near line: 719
[09:25:10][pdx_persistent_reader.cpp:268]: Error: "Unknown trigger type: ig_counts_as_marginal, near line: 721" in file: "common/character_templates/historical_agitators.txt" near line: 725
[09:25:10][pdx_persistent_reader.cpp:268]: Error: "Unknown trigger type: ig_counts_as_marginal, near line: 756" in file: "common/character_templates/historical_agitators.txt" near line: 760
[09:25:10][pdx_persistent_reader.cpp:268]: Error: "Unknown trigger type: ig_counts_as_marginal, near line: 800" in file: "common/character_templates/historical_agitators.txt" near line: 805
[09:25:10][pdx_persistent_reader.cpp:268]: Error: "Unknown trigger type: ig_counts_as_marginal, near line: 843" in file: "common/character_templates/historical_agitators.txt" near line: 847
[09:25:10][pdx_persistent_reader.cpp:268]: Error: "Unknown trigger type: ig_counts_as_marginal, near line: 880" in file: "common/character_templates/historical_agitators.txt" near line: 884
[09:25:10][pdx_persistent_reader.cpp:268]: Error: "Unknown trigger type: ig_counts_as_marginal, near line: 917" in file: "common/character_templates/historical_agitators.txt" near line: 921
[09:25:10][pdx_persistent_reader.cpp:268]: Error: "Unknown trigger type: ig_counts_as_marginal, near line: 952" in file: "common/character_templates/historical_agitators.txt" near line: 956
[09:25:10][pdx_persistent_reader.cpp:268]: Error: "Unknown trigger type: ig_counts_as_marginal, near line: 991" in file: "common/character_templates/historical_agitators.txt" near line: 995
[09:25:10][pdx_persistent_reader.cpp:268]: Error: "Unknown trigger type: ig_counts_as_marginal, near line: 1030" in file: "common/character_templates/historical_agitators.txt" near line: 1034
[09:25:10][pdx_persistent_reader.cpp:268]: Error: "Unknown trigger type: ig_counts_as_marginal, near line: 1068" in file: "common/character_templates/historical_agitators.txt" near line: 1072
[09:25:10][pdx_persistent_reader.cpp:268]: Error: "Unknown trigger type: ig_counts_as_marginal, near line: 1103" in file: "common/character_templates/historical_agitators.txt" near line: 1107
[09:25:10][pdx_persistent_reader.cpp:268]: Error: "Unknown trigger type: ig_counts_as_marginal, near line: 1137" in file: "common/character_templates/historical_agitators.txt" near line: 1141
[09:25:10][pdx_persistent_reader.cpp:268]: Error: "Unknown trigger type: ig_counts_as_marginal, near line: 1174" in file: "common/character_templates/historical_agitators.txt" near line: 1178
[09:25:10][pdx_persistent_reader.cpp:268]: Error: "Unknown trigger type: ig_counts_as_marginal, near line: 1219" in file: "common/character_templates/historical_agitators.txt" near line: 1223
[09:25:10][pdx_persistent_reader.cpp:268]: Error: "Unknown trigger type: ig_counts_as_marginal, near line: 1257" in file: "common/character_templates/historical_agitators.txt" near line: 1259
[09:25:10][pdx_persistent_reader.cpp:268]: Error: "Unknown trigger type: ig_counts_as_marginal, near line: 1292" in file: "common/character_templates/historical_agitators.txt" near line: 1294
[09:25:10][pdx_persistent_reader.cpp:268]: Error: "Unknown trigger type: ig_counts_as_marginal, near line: 1327" in file: "common/character_templates/historical_agitators.txt" near line: 1329
[09:25:10][pdx_persistent_reader.cpp:268]: Error: "Unknown trigger type: ig_counts_as_marginal, near line: 1665" in file: "common/character_templates/historical_agitators.txt" near line: 1667
[09:25:10][pdx_persistent_reader.cpp:268]: Error: "Unknown trigger type: ig_counts_as_marginal, near line: 1712" in file: "common/character_templates/historical_agitators.txt" near line: 1714
[09:25:10][pdx_persistent_reader.cpp:268]: Error: "Unknown trigger type: ig_counts_as_marginal, near line: 1747" in file: "common/character_templates/historical_agitators.txt" near line: 1749
[09:25:10][pdx_persistent_reader.cpp:268]: Error: "Unknown trigger type: country_has_monarchy_law, near line: 22" in file: "common/character_templates/historical_commanders_europe.txt" near line: 22
[09:25:10][pdx_persistent_reader.cpp:268]: Error: "Unknown trigger type: country_has_monarchy_law, near line: 807" in file: "common/character_templates/historical_commanders_europe.txt" near line: 807
[09:25:10][pdx_persistent_reader.cpp:268]: Error: "Unknown trigger type: country_has_monarchy_law, near line: 814" in file: "common/character_templates/historical_commanders_europe.txt" near line: 814
[09:25:10][pdx_persistent_reader.cpp:268]: Error: "Unknown trigger type: country_has_voting_franchise, near line: 41" in file: "common/on_actions/00_code_on_actions.txt" near line: 42
[09:25:10][jomini_effect.cpp:542]: Unknown effect every_country_in_german_confederation at common/on_actions/00_code_on_actions.txt:203
[09:25:10][pdx_persistent_reader.cpp:268]: Error: "Unknown trigger type: any_state_in_europe, near line: 232" in file: "common/on_actions/00_code_on_actions.txt" near line: 238
[09:25:10][pdx_persistent_reader.cpp:268]: Error: "Unknown trigger type: any_state_in_africa, near line: 352" in file: "common/on_actions/00_code_on_actions.txt" near line: 361
[09:25:10][jomini_eventmanager.cpp:118]: 'communism.8' does not have a valid namespace
[09:25:10][jomini_onaction.cpp:290]: Invalid event id communism.8 At: common/on_actions/00_code_on_actions.txt:477
[09:25:10][jomini_eventmanager.cpp:118]: 'opium_wars.1' does not have a valid namespace
[09:25:10][jomini_onaction.cpp:290]: Invalid event id opium_wars.1 At: common/on_actions/00_code_on_actions.txt:478
[09:25:10][jomini_eventmanager.cpp:118]: 'native_resettlement.1' does not have a valid namespace
[09:25:10][jomini_onaction.cpp:290]: Invalid event id native_resettlement.1 At: common/on_actions/00_code_on_actions.txt:479
[09:25:10][jomini_eventmanager.cpp:118]: 'bic_breakup.1' does not have a valid namespace
[09:25:10][jomini_onaction.cpp:290]: Invalid event id bic_breakup.1 At: common/on_actions/00_code_on_actions.txt:480
[09:25:10][jomini_eventmanager.cpp:118]: 'dreyfus.1' does not have a valid namespace
[09:25:10][jomini_onaction.cpp:290]: Invalid event id dreyfus.1 At: common/on_actions/00_code_on_actions.txt:481
[09:25:10][jomini_eventmanager.cpp:118]: 'dei_breakup.1' does not have a valid namespace
[09:25:10][jomini_onaction.cpp:290]: Invalid event id dei_breakup.1 At: common/on_actions/00_code_on_actions.txt:482
[09:25:10][jomini_eventmanager.cpp:118]: 'alk_breakup.1' does not have a valid namespace
[09:25:10][jomini_onaction.cpp:290]: Invalid event id alk_breakup.1 At: common/on_actions/00_code_on_actions.txt:483
[09:25:10][jomini_eventmanager.cpp:118]: 'poland_events.3' does not have a valid namespace
[09:25:10][jomini_onaction.cpp:290]: Invalid event id poland_events.3 At: common/on_actions/00_code_on_actions.txt:484
[09:25:10][jomini_eventmanager.cpp:118]: 'colonial_administration_events.2' does not have a valid namespace
[09:25:10][jomini_onaction.cpp:290]: Invalid event id colonial_administration_events.2 At: common/on_actions/00_code_on_actions.txt:485
[09:25:10][jomini_eventmanager.cpp:118]: 'caudillo.1' does not have a valid namespace
[09:25:10][jomini_onaction.cpp:290]: Invalid event id caudillo.1 At: common/on_actions/00_code_on_actions.txt:486
[09:25:10][jomini_eventmanager.cpp:118]: 'sa_migration.5' does not have a valid namespace
[09:25:10][jomini_onaction.cpp:290]: Invalid event id sa_migration.5 At: common/on_actions/00_code_on_actions.txt:487
[09:25:10][jomini_eventmanager.cpp:118]: 'amazonas.1' does not have a valid namespace
[09:25:10][jomini_onaction.cpp:290]: Invalid event id amazonas.1 At: common/on_actions/00_code_on_actions.txt:488
[09:25:10][jomini_eventmanager.cpp:118]: 'paraguay.11' does not have a valid namespace
[09:25:10][jomini_onaction.cpp:290]: Invalid event id paraguay.11 At: common/on_actions/00_code_on_actions.txt:489
[09:25:10][jomini_eventmanager.cpp:118]: 'acw_events.9' does not have a valid namespace
[09:25:10][jomini_onaction.cpp:290]: Invalid event id acw_events.9 At: common/on_actions/00_code_on_actions.txt:490
[09:25:10][jomini_eventmanager.cpp:118]: 'persia_events.5' does not have a valid namespace
[09:25:10][jomini_onaction.cpp:290]: Invalid event id persia_events.5 At: common/on_actions/00_code_on_actions.txt:491
[09:25:10][jomini_eventmanager.cpp:118]: 'treaty_of_london_events.1' does not have a valid namespace
[09:25:10][jomini_onaction.cpp:290]: Invalid event id treaty_of_london_events.1 At: common/on_actions/00_code_on_actions.txt:492
[09:25:10][jomini_eventmanager.cpp:118]: 'dominican_events.4' does not have a valid namespace
[09:25:10][jomini_onaction.cpp:290]: Invalid event id dominican_events.4 At: common/on_actions/00_code_on_actions.txt:493
[09:25:10][jomini_eventmanager.cpp:118]: 'anarchism_events.4' does not have a valid namespace
[09:25:10][jomini_onaction.cpp:290]: Invalid event id anarchism_events.4 At: common/on_actions/00_code_on_actions.txt:494
[09:25:10][jomini_eventmanager.cpp:118]: 'caucasuswar.5' does not have a valid namespace
[09:25:10][jomini_onaction.cpp:290]: Invalid event id caucasuswar.5 At: common/on_actions/00_code_on_actions.txt:505
[09:25:10][jomini_eventmanager.cpp:118]: 'india_events.8' does not have a valid namespace
[09:25:10][jomini_onaction.cpp:290]: Invalid event id india_events.8 At: common/on_actions/00_code_on_actions.txt:508
[09:25:10][jomini_eventmanager.cpp:118]: 'princely_state_creation.1' does not have a valid namespace
[09:25:10][jomini_onaction.cpp:290]: Invalid event id princely_state_creation.1 At: common/on_actions/00_code_on_actions.txt:511
[09:25:10][jomini_eventmanager.cpp:118]: 'princely_state_creation.2' does not have a valid namespace
[09:25:10][jomini_onaction.cpp:290]: Invalid event id princely_state_creation.2 At: common/on_actions/00_code_on_actions.txt:512
[09:25:10][jomini_eventmanager.cpp:118]: 'princely_state_creation.3' does not have a valid namespace
[09:25:10][jomini_onaction.cpp:290]: Invalid event id princely_state_creation.3 At: common/on_actions/00_code_on_actions.txt:513
[09:25:10][jomini_eventmanager.cpp:118]: 'princely_state_creation.4' does not have a valid namespace
[09:25:10][jomini_onaction.cpp:290]: Invalid event id princely_state_creation.4 At: common/on_actions/00_code_on_actions.txt:514
[09:25:10][jomini_eventmanager.cpp:118]: 'princely_state_creation.5' does not have a valid namespace
[09:25:10][jomini_onaction.cpp:290]: Invalid event id princely_state_creation.5 At: common/on_actions/00_code_on_actions.txt:515
[09:25:10][jomini_eventmanager.cpp:118]: 'set_hierarchy_event.1' does not have a valid namespace
[09:25:10][jomini_onaction.cpp:290]: Invalid event id set_hierarchy_event.1 At: common/on_actions/00_code_on_actions.txt:518
[09:25:10][jomini_eventmanager.cpp:118]: 'set_hierarchy_event.2' does not have a valid namespace
[09:25:10][jomini_onaction.cpp:290]: Invalid event id set_hierarchy_event.2 At: common/on_actions/00_code_on_actions.txt:519
[09:25:10][jomini_eventmanager.cpp:118]: 'hungary_events.11' does not have a valid namespace
[09:25:10][jomini_onaction.cpp:290]: Invalid event id hungary_events.11 At: common/on_actions/00_code_on_actions.txt:522
[09:25:10][jomini_eventmanager.cpp:118]: 'hungary_events.13' does not have a valid namespace
[09:25:10][jomini_onaction.cpp:290]: Invalid event id hungary_events.13 At: common/on_actions/00_code_on_actions.txt:523
[09:25:10][jomini_eventmanager.cpp:118]: 'eastern_question_austria.1' does not have a valid namespace
[09:25:10][jomini_onaction.cpp:290]: Invalid event id eastern_question_austria.1 At: common/on_actions/00_code_on_actions.txt:526
[09:25:10][jomini_eventmanager.cpp:118]: 'regency.3' does not have a valid namespace
[09:25:10][jomini_onaction.cpp:290]: Invalid event id regency.3 At: common/on_actions/00_code_on_actions.txt:529
[09:25:10][jomini_eventmanager.cpp:118]: 'pedro.3' does not have a valid namespace
[09:25:10][jomini_onaction.cpp:290]: Invalid event id pedro.3 At: common/on_actions/00_code_on_actions.txt:532
[09:25:10][jomini_eventmanager.cpp:118]: 'philippines.7' does not have a valid namespace
[09:25:10][jomini_onaction.cpp:290]: Invalid event id philippines.7 At: common/on_actions/00_code_on_actions.txt:535
[09:25:10][jomini_eventmanager.cpp:118]: 'spanish_new_world_events.1' does not have a valid namespace
[09:25:10][jomini_onaction.cpp:290]: Invalid event id spanish_new_world_events.1 At: common/on_actions/00_code_on_actions.txt:538
[09:25:10][jomini_eventmanager.cpp:118]: 'portuguese_monarchs.1' does not have a valid namespace
[09:25:10][jomini_onaction.cpp:290]: Invalid event id portuguese_monarchs.1 At: common/on_actions/00_code_on_actions.txt:541
[09:25:10][jomini_eventmanager.cpp:118]: 'portuguese_monarchs.2' does not have a valid namespace
[09:25:10][jomini_onaction.cpp:290]: Invalid event id portuguese_monarchs.2 At: common/on_actions/00_code_on_actions.txt:542
[09:25:10][jomini_eventmanager.cpp:118]: 'peru_bolivia_events.8' does not have a valid namespace
[09:25:10][jomini_onaction.cpp:290]: Invalid event id peru_bolivia_events.8 At: common/on_actions/00_code_on_actions.txt:545
[09:25:10][jomini_eventmanager.cpp:118]: 'peru_bolivia_events.9' does not have a valid namespace
[09:25:10][jomini_onaction.cpp:290]: Invalid event id peru_bolivia_events.9 At: common/on_actions/00_code_on_actions.txt:546
[09:25:10][jomini_eventmanager.cpp:118]: 'spanish_africa.5' does not have a valid namespace
[09:25:10][jomini_onaction.cpp:290]: Invalid event id spanish_africa.5 At: common/on_actions/00_code_on_actions.txt:550
[09:25:10][jomini_eventmanager.cpp:118]: 'iberia.1' does not have a valid namespace
[09:25:10][jomini_onaction.cpp:290]: Invalid event id iberia.1 At: common/on_actions/00_code_on_actions.txt:553
[09:25:10][jomini_eventmanager.cpp:118]: 'sweden_monarchy.2' does not have a valid namespace
[09:25:10][jomini_onaction.cpp:290]: Invalid event id sweden_monarchy.2 At: common/on_actions/00_code_on_actions.txt:556
[09:25:10][jomini_eventmanager.cpp:118]: 'sweden_monarchy.3' does not have a valid namespace
[09:25:10][jomini_onaction.cpp:290]: Invalid event id sweden_monarchy.3 At: common/on_actions/00_code_on_actions.txt:557
[09:25:10][jomini_eventmanager.cpp:118]: 'japan_monarchy.5' does not have a valid namespace
[09:25:10][jomini_onaction.cpp:290]: Invalid event id japan_monarchy.5 At: common/on_actions/00_code_on_actions.txt:560
[09:25:10][jomini_eventmanager.cpp:118]: 'ezo_republic.2' does not have a valid namespace
[09:25:10][jomini_onaction.cpp:290]: Invalid event id ezo_republic.2 At: common/on_actions/00_code_on_actions.txt:563
[09:25:10][pdx_persistent_reader.cpp:268]: Error: "Unknown trigger type: country_has_springtime_revolution, near line: 840" in file: "common/on_actions/00_code_on_actions.txt" near line: 843
[09:25:10][jomini_effect.cpp:542]: Unknown effect every_country_in_europe at common/on_actions/00_code_on_actions.txt:857
[09:25:10][jomini_effect.cpp:542]: Unknown effect every_country_in_europe at common/on_actions/00_code_on_actions.txt:872
[09:25:10][pdx_persistent_reader.cpp:268]: Error: "Unknown trigger type: japanese_character_is_marked_for_death_chance, near line: 1013" in file: "common/on_actions/00_code_on_actions.txt" near line: 1014
[09:25:10][pdx_persistent_reader.cpp:268]: Error: "Unknown trigger type: japanese_character_is_marked_for_death_chance, near line: 1018" in file: "common/on_actions/00_code_on_actions.txt" near line: 1019
[09:25:10][pdx_persistent_reader.cpp:268]: Error: "Unknown trigger type: can_generate_scripted_heirs, near line: 1076" in file: "common/on_actions/00_code_on_actions.txt" near line: 1077
[09:25:10][pdx_persistent_reader.cpp:268]: Error: "Unknown trigger type: can_generate_scripted_heirs, near line: 1085" in file: "common/on_actions/00_code_on_actions.txt" near line: 1086
[09:25:10][pdx_persistent_reader.cpp:268]: Error: "Unknown trigger type: can_generate_scripted_heirs, near line: 1094" in file: "common/on_actions/00_code_on_actions.txt" near line: 1095
[09:25:10][pdx_persistent_reader.cpp:268]: Error: "Unknown trigger type: can_generate_scripted_heirs, near line: 1103" in file: "common/on_actions/00_code_on_actions.txt" near line: 1104
[09:25:10][pdx_persistent_reader.cpp:268]: Error: "Unknown trigger type: can_generate_scripted_heirs, near line: 1112" in file: "common/on_actions/00_code_on_actions.txt" near line: 1113
[09:25:10][pdx_persistent_reader.cpp:268]: Error: "Unknown trigger type: country_is_taikunate, near line: 1213" in file: "common/on_actions/00_code_on_actions.txt" near line: 1219
[09:25:10][pdx_persistent_reader.cpp:268]: Error: "Unknown trigger type: country_has_voting_franchise, near line: 1542" in file: "common/on_actions/00_code_on_actions.txt" near line: 1545
[09:25:10][jomini_eventmanager.cpp:118]: 'utopian.2' does not have a valid namespace
[09:25:10][jomini_onaction.cpp:290]: Invalid event id utopian.2 At: common/on_actions/00_code_on_actions.txt:1577
[09:25:10][jomini_eventmanager.cpp:118]: 'austria_events.40' does not have a valid namespace
[09:25:10][jomini_onaction.cpp:290]: Invalid event id austria_events.40 At: common/on_actions/00_code_on_actions.txt:1578
[09:25:10][jomini_eventmanager.cpp:118]: 'portuguese_monarchs.4' does not have a valid namespace
[09:25:10][jomini_onaction.cpp:290]: Invalid event id portuguese_monarchs.4 At: common/on_actions/00_code_on_actions.txt:1579
[09:25:10][jomini_eventmanager.cpp:118]: 'spanish_africa.2' does not have a valid namespace
[09:25:10][jomini_onaction.cpp:290]: Invalid event id spanish_africa.2 At: common/on_actions/00_code_on_actions.txt:1580
[09:25:10][jomini_eventmanager.cpp:118]: 'spanish_africa.3' does not have a valid namespace
[09:25:10][jomini_onaction.cpp:290]: Invalid event id spanish_africa.3 At: common/on_actions/00_code_on_actions.txt:1581
[09:25:10][jomini_eventmanager.cpp:118]: 'spanish_africa.4' does not have a valid namespace
[09:25:10][jomini_onaction.cpp:290]: Invalid event id spanish_africa.4 At: common/on_actions/00_code_on_actions.txt:1582
[09:25:10][jomini_eventmanager.cpp:118]: 'spain_politics.2' does not have a valid namespace
[09:25:10][jomini_onaction.cpp:290]: Invalid event id spain_politics.2 At: common/on_actions/00_code_on_actions.txt:1583
[09:25:10][jomini_eventmanager.cpp:118]: 'japan_politics.1' does not have a valid namespace
[09:25:10][jomini_onaction.cpp:290]: Invalid event id japan_politics.1 At: common/on_actions/00_code_on_actions.txt:1584
[09:25:10][jomini_eventmanager.cpp:118]: 'japan_politics.2' does not have a valid namespace
[09:25:10][jomini_onaction.cpp:290]: Invalid event id japan_politics.2 At: common/on_actions/00_code_on_actions.txt:1585
[09:25:10][jomini_eventmanager.cpp:118]: 'japan_politics.3' does not have a valid namespace
[09:25:10][jomini_onaction.cpp:290]: Invalid event id japan_politics.3 At: common/on_actions/00_code_on_actions.txt:1586
[09:25:10][pdx_persistent_reader.cpp:268]: Error: "Unknown trigger type: ig_desires_laws_for_petition, near line: 1638" in file: "common/on_actions/00_code_on_actions.txt" near line: 1639
[09:25:10][pdx_persistent_reader.cpp:268]: Error: "Unknown trigger type: ig_counts_as_marginal, near line: 1649
Unknown trigger type: law_is_valid_for_ig_petition, near line: 1651" in file: "common/on_actions/00_code_on_actions.txt" near line: 1652
[09:25:10][pdx_persistent_reader.cpp:268]: Error: "Unknown trigger type: ig_counts_as_marginal, near line: 1671
Unknown trigger type: law_is_valid_for_ig_petition, near line: 1673" in file: "common/on_actions/00_code_on_actions.txt" near line: 1674
[09:25:10][jomini_eventmanager.cpp:118]: 'generals.1' does not have a valid namespace
[09:25:10][jomini_onaction.cpp:290]: Invalid event id generals.1 At: common/on_actions/00_code_on_actions.txt:1911
[09:25:10][jomini_eventmanager.cpp:118]: 'plague.1' does not have a valid namespace
[09:25:10][jomini_onaction.cpp:180]: OnAction on_decade_pulse_country is trying to add unknown random event with ID [plague.1] at: common/on_actions/00_code_on_actions.txt:1919
[09:25:10][pdx_persistent_reader.cpp:268]: Error: "Unknown trigger type: has_gov_regency, near line: 2004" in file: "common/on_actions/00_code_on_actions.txt" near line: 2005
[09:25:10][jomini_eventmanager.cpp:118]: 'paralegal_discrimination.1' does not have a valid namespace
[09:25:10][jomini_onaction.cpp:180]: OnAction on_half_yearly_pulse_state is trying to add unknown random event with ID [paralegal_discrimination.1] at: common/on_actions/00_code_on_actions.txt:2065
[09:25:10][jomini_eventmanager.cpp:118]: 'oil_rush.3' does not have a valid namespace
[09:25:10][jomini_onaction.cpp:180]: OnAction on_yearly_pulse_state is trying to add unknown random event with ID [oil_rush.3] at: common/on_actions/00_code_on_actions.txt:2072
[09:25:10][jomini_eventmanager.cpp:118]: 'oil_rush.4' does not have a valid namespace
[09:25:10][jomini_onaction.cpp:180]: OnAction on_yearly_pulse_state is trying to add unknown random event with ID [oil_rush.4] at: common/on_actions/00_code_on_actions.txt:2073
[09:25:10][jomini_eventmanager.cpp:118]: 'goldrush.5' does not have a valid namespace
[09:25:10][jomini_onaction.cpp:180]: OnAction on_yearly_pulse_state is trying to add unknown random event with ID [goldrush.5] at: common/on_actions/00_code_on_actions.txt:2074
[09:25:10][jomini_eventmanager.cpp:118]: 'texan_war_of_independence.3' does not have a valid namespace
[09:25:10][jomini_onaction.cpp:290]: Invalid event id texan_war_of_independence.3 At: common/on_actions/00_code_on_actions.txt:2110
[09:25:10][jomini_eventmanager.cpp:118]: 'culture_brazil.1' does not have a valid namespace
[09:25:10][jomini_onaction.cpp:180]: OnAction on_battle_won is trying to add unknown random event with ID [culture_brazil.1] at: common/on_actions/00_code_on_actions.txt:2117
[09:25:10][jomini_eventmanager.cpp:118]: 'culture_brazil.1' does not have a valid namespace
[09:25:10][jomini_onaction.cpp:180]: OnAction on_naval_battle_won is trying to add unknown random event with ID [culture_brazil.1] at: common/on_actions/00_code_on_actions.txt:2164
[09:25:10][jomini_eventmanager.cpp:118]: 'historical_events.1' does not have a valid namespace
[09:25:10][jomini_onaction.cpp:290]: Invalid event id historical_events.1 At: common/on_actions/00_code_on_actions.txt:2467
[09:25:10][jomini_eventmanager.cpp:118]: 'marx_events.1' does not have a valid namespace
[09:25:10][jomini_onaction.cpp:290]: Invalid event id marx_events.1 At: common/on_actions/00_code_on_actions.txt:2468
[09:25:10][pdx_persistent_reader.cpp:268]: Error: "Unknown trigger type: ig_counts_as_marginal, near line: 2689" in file: "common/on_actions/00_code_on_actions.txt" near line: 2690
[09:25:10][pdx_persistent_reader.cpp:268]: Error: "Unknown trigger type: country_has_voting_franchise, near line: 2693" in file: "common/on_actions/00_code_on_actions.txt" near line: 2697
[09:25:10][pdx_persistent_reader.cpp:268]: Error: "Unknown trigger type: country_has_monarchy_law, near line: 2813
Unknown trigger type: country_has_non_monarchy_law, near line: 2814" in file: "common/on_actions/00_code_on_actions.txt" near line: 2815
[09:25:10][pdx_persistent_reader.cpp:268]: Error: "Unknown trigger type: has_gov_regency, near line: 2833" in file: "common/on_actions/00_code_on_actions.txt" near line: 2834
[09:25:10][pdx_persistent_reader.cpp:268]: Error: "Unknown trigger type: country_is_taikunate, near line: 2860" in file: "common/on_actions/00_code_on_actions.txt" near line: 2861
[09:25:10][pdx_persistent_reader.cpp:268]: Error: "Unknown trigger type: has_gov_regency, near line: 2897" in file: "common/on_actions/00_code_on_actions.txt" near line: 2898
[09:25:10][pdx_persistent_reader.cpp:268]: Error: "Unknown trigger type: has_gov_regency, near line: 2926" in file: "common/on_actions/00_code_on_actions.txt" near line: 2927
[09:25:10][pdx_persistent_reader.cpp:268]: Error: "Unknown trigger type: country_has_monarchy_law, near line: 2978
Unknown trigger type: country_has_non_monarchy_law, near line: 2979" in file: "common/on_actions/00_code_on_actions.txt" near line: 2980
[09:25:10][jomini_eventmanager.cpp:118]: 'goldrush.1' does not have a valid namespace
[09:25:10][jomini_onaction.cpp:290]: Invalid event id goldrush.1 At: common/on_actions/00_code_on_actions.txt:4158
[09:25:10][jomini_eventmanager.cpp:118]: 'goldrush.6' does not have a valid namespace
[09:25:10][jomini_onaction.cpp:290]: Invalid event id goldrush.6 At: common/on_actions/00_code_on_actions.txt:4159
[09:25:10][jomini_eventmanager.cpp:118]: 'oil_rush.1' does not have a valid namespace
[09:25:10][jomini_onaction.cpp:290]: Invalid event id oil_rush.1 At: common/on_actions/00_code_on_actions.txt:4160
[09:25:10][jomini_eventmanager.cpp:118]: 'oil_rush.6' does not have a valid namespace
[09:25:10][jomini_onaction.cpp:290]: Invalid event id oil_rush.6 At: common/on_actions/00_code_on_actions.txt:4161
[09:25:10][jomini_eventmanager.cpp:118]: 'goldrush.2' does not have a valid namespace
[09:25:10][jomini_onaction.cpp:290]: Invalid event id goldrush.2 At: common/on_actions/00_code_on_actions.txt:4175
[09:25:10][jomini_eventmanager.cpp:118]: 'goldrush.7' does not have a valid namespace
[09:25:10][jomini_onaction.cpp:290]: Invalid event id goldrush.7 At: common/on_actions/00_code_on_actions.txt:4176
[09:25:10][pdx_persistent_reader.cpp:268]: Error: "Unknown trigger type: ig_counts_as_marginal, near line: 4507" in file: "common/on_actions/00_code_on_actions.txt" near line: 4509
[09:25:10][jomini_eventmanager.cpp:118]: 'labor_rights.1' does not have a valid namespace
[09:25:10][jomini_onaction.cpp:180]: OnAction on_law_checkpoint_advance is trying to add unknown random event with ID [labor_rights.1] at: common/on_actions/00_code_on_actions.txt:4538
[09:25:10][jomini_eventmanager.cpp:118]: 'labor_rights.4' does not have a valid namespace
[09:25:10][jomini_onaction.cpp:180]: OnAction on_law_checkpoint_advance is trying to add unknown random event with ID [labor_rights.4] at: common/on_actions/00_code_on_actions.txt:4539
[09:25:10][jomini_eventmanager.cpp:118]: 'slavery_law_events.1' does not have a valid namespace
[09:25:10][jomini_onaction.cpp:180]: OnAction on_law_checkpoint_advance is trying to add unknown random event with ID [slavery_law_events.1] at: common/on_actions/00_code_on_actions.txt:4552
[09:25:10][jomini_eventmanager.cpp:118]: 'slavery_law_events.4' does not have a valid namespace
[09:25:10][jomini_onaction.cpp:180]: OnAction on_law_checkpoint_advance is trying to add unknown random event with ID [slavery_law_events.4] at: common/on_actions/00_code_on_actions.txt:4553
[09:25:10][jomini_eventmanager.cpp:118]: '1848.1' does not have a valid namespace
[09:25:10][jomini_onaction.cpp:180]: OnAction on_law_checkpoint_advance is trying to add unknown random event with ID [1848.1] at: common/on_actions/00_code_on_actions.txt:4561
[09:25:10][jomini_eventmanager.cpp:118]: '1848.3' does not have a valid namespace
[09:25:10][jomini_onaction.cpp:180]: OnAction on_law_checkpoint_advance is trying to add unknown random event with ID [1848.3] at: common/on_actions/00_code_on_actions.txt:4562
[09:25:10][jomini_eventmanager.cpp:118]: 'meiji.4' does not have a valid namespace
[09:25:10][jomini_onaction.cpp:180]: OnAction on_law_checkpoint_advance is trying to add unknown random event with ID [meiji.4] at: common/on_actions/00_code_on_actions.txt:4572
[09:25:10][jomini_eventmanager.cpp:118]: 'meiji.5' does not have a valid namespace
[09:25:10][jomini_onaction.cpp:180]: OnAction on_law_checkpoint_advance is trying to add unknown random event with ID [meiji.5] at: common/on_actions/00_code_on_actions.txt:4573
[09:25:10][jomini_eventmanager.cpp:118]: 'meiji.6' does not have a valid namespace
[09:25:10][jomini_onaction.cpp:180]: OnAction on_law_checkpoint_advance is trying to add unknown random event with ID [meiji.6] at: common/on_actions/00_code_on_actions.txt:4574
[09:25:10][jomini_eventmanager.cpp:118]: 'ig_petitions.4' does not have a valid namespace
[09:25:10][jomini_onaction.cpp:180]: OnAction on_law_checkpoint_advance is trying to add unknown random event with ID [ig_petitions.4] at: common/on_actions/00_code_on_actions.txt:4606
[09:25:10][jomini_eventmanager.cpp:118]: 'ig_petitions.7' does not have a valid namespace
[09:25:10][jomini_onaction.cpp:180]: OnAction on_law_checkpoint_advance is trying to add unknown random event with ID [ig_petitions.7] at: common/on_actions/00_code_on_actions.txt:4607
[09:25:10][jomini_eventmanager.cpp:118]: 'ig_petitions.19' does not have a valid namespace
[09:25:10][jomini_onaction.cpp:180]: OnAction on_law_checkpoint_advance is trying to add unknown random event with ID [ig_petitions.19] at: common/on_actions/00_code_on_actions.txt:4608
[09:25:10][jomini_eventmanager.cpp:118]: 'ig_petitions.22' does not have a valid namespace
[09:25:10][jomini_onaction.cpp:180]: OnAction on_law_checkpoint_advance is trying to add unknown random event with ID [ig_petitions.22] at: common/on_actions/00_code_on_actions.txt:4609
[09:25:10][jomini_eventmanager.cpp:118]: 'nihilism.13' does not have a valid namespace
[09:25:10][jomini_onaction.cpp:180]: OnAction on_law_checkpoint_advance is trying to add unknown random event with ID [nihilism.13] at: common/on_actions/00_code_on_actions.txt:4632
[09:25:10][jomini_eventmanager.cpp:118]: 'utilitarian.8' does not have a valid namespace
[09:25:10][jomini_onaction.cpp:180]: OnAction on_law_checkpoint_advance is trying to add unknown random event with ID [utilitarian.8] at: common/on_actions/00_code_on_actions.txt:4635
[09:25:10][jomini_eventmanager.cpp:118]: 'labour_associations_events.2' does not have a valid namespace
[09:25:10][jomini_onaction.cpp:180]: OnAction on_law_checkpoint_advance is trying to add unknown random event with ID [labour_associations_events.2] at: common/on_actions/00_code_on_actions.txt:4636
[09:25:10][jomini_eventmanager.cpp:118]: 'labour_associations_events.8' does not have a valid namespace
[09:25:10][jomini_onaction.cpp:180]: OnAction on_law_checkpoint_advance is trying to add unknown random event with ID [labour_associations_events.8] at: common/on_actions/00_code_on_actions.txt:4637
[09:25:10][jomini_eventmanager.cpp:118]: 'labour_associations_events.9' does not have a valid namespace
[09:25:10][jomini_onaction.cpp:180]: OnAction on_law_checkpoint_advance is trying to add unknown random event with ID [labour_associations_events.9] at: common/on_actions/00_code_on_actions.txt:4638
[09:25:10][jomini_eventmanager.cpp:118]: 'labor_rights.2' does not have a valid namespace
[09:25:10][jomini_onaction.cpp:180]: OnAction on_law_checkpoint_debate is trying to add unknown random event with ID [labor_rights.2] at: common/on_actions/00_code_on_actions.txt:4649
[09:25:10][jomini_eventmanager.cpp:118]: 'labor_rights.5' does not have a valid namespace
[09:25:10][jomini_onaction.cpp:180]: OnAction on_law_checkpoint_debate is trying to add unknown random event with ID [labor_rights.5] at: common/on_actions/00_code_on_actions.txt:4650
[09:25:10][jomini_eventmanager.cpp:118]: 'slavery_law_events.2' does not have a valid namespace
