[09:24:50][jominiapplication.cpp:698]: DLC:
Voice of the People Preorder|dlc/dlc006_voice_of_the_people_preorder/dlc006.dlc
Pivot of Empire|dlc/dlc011_ip2/dlc011_ip2.dlc
Victoria 2 Remastered Soundtrack|dlc/dlc001_preorder/dlc001.dlc
National Awakening|dlc/dlc014_ip3/dlc014_ip3.dlc
The Great Wave|dlc/dlc018_ep2/dlc018_ep2.dlc
Songs of the Homeland|dlc/dlc015_songs_of_the_homeland/dlc015.dlc
Region Pack 1|dlc/dlc008_rp1/dlc008_rp1.dlc
Free Trains Pack|dlc/dlc009_trains_pack/dlc009_trains_pack.dlc
Sphere of Influence|dlc/dlc010_ep1/dlc010_ep1.dlc
Dawn of Wonder|dlc/dlc007_ap1/dlc007_ap1.dlc
Warships Bonus Pack|dlc/dlc017_warships_bonus_pack/dlc017_warships_bonus_pack.dlc
Trade Ships Bonus Pack|dlc/dlc012_trade_ships_bonus_pack/dlc012_trade_ships_bonus_pack.dlc
Charters of Commerce|dlc/dlc013_mp1/dlc013_mp1.dlc
Voice of the People|dlc/dlc004_voice_of_the_people/dlc004.dlc
American Buildings Pack|dlc/dlc002_american_buildings/dlc002.dlc
Melodies for the Masses|dlc/dlc003_melodies_for_the_masses/dlc003.dlc
Iberian Twilight|dlc/dlc016_ip4/dlc016_ip4.dlc
Mod:
Twilight of Empires|C:\Users\yutay\Documents\Paradox Interactive\Victoria 3\mod\Twilight of Empires

[09:24:50][virtualfilesystem_physfs.cpp:460]: Mounted Data: C:/Program Files (x86)/Steam/steamapps/common/Victoria 3/game/dlc/dlc017_warships_bonus_pack
[09:24:50][virtualfilesystem_physfs.cpp:460]: Mounted Data: C:/Program Files (x86)/Steam/steamapps/common/Victoria 3/game/dlc/dlc006_voice_of_the_people_preorder
[09:24:50][virtualfilesystem_physfs.cpp:460]: Mounted Data: C:/Program Files (x86)/Steam/steamapps/common/Victoria 3/game/dlc/dlc004_voice_of_the_people
[09:24:50][virtualfilesystem_physfs.cpp:460]: Mounted Data: C:/Program Files (x86)/Steam/steamapps/common/Victoria 3/game/dlc/dlc001_preorder
[09:24:50][virtualfilesystem_physfs.cpp:460]: Mounted Data: C:/Program Files (x86)/Steam/steamapps/common/Victoria 3/game/dlc/dlc012_trade_ships_bonus_pack
[09:24:50][virtualfilesystem_physfs.cpp:460]: Mounted Data: C:/Program Files (x86)/Steam/steamapps/common/Victoria 3/game/dlc/dlc018_ep2
[09:24:50][virtualfilesystem_physfs.cpp:460]: Mounted Data: C:/Program Files (x86)/Steam/steamapps/common/Victoria 3/game/dlc/dlc010_ep1
[09:24:50][virtualfilesystem_physfs.cpp:460]: Mounted Data: C:/Program Files (x86)/Steam/steamapps/common/Victoria 3/game/dlc/dlc015_songs_of_the_homeland
[09:24:50][virtualfilesystem_physfs.cpp:460]: Mounted Data: C:/Program Files (x86)/Steam/steamapps/common/Victoria 3/game/dlc/dlc008_rp1
[09:24:50][virtualfilesystem_physfs.cpp:460]: Mounted Data: C:/Program Files (x86)/Steam/steamapps/common/Victoria 3/game/dlc/dlc011_ip2
[09:24:50][virtualfilesystem_physfs.cpp:460]: Mounted Data: C:/Program Files (x86)/Steam/steamapps/common/Victoria 3/game/dlc/dlc014_ip3
[09:24:50][virtualfilesystem_physfs.cpp:460]: Mounted Data: C:/Program Files (x86)/Steam/steamapps/common/Victoria 3/game/dlc/dlc003_melodies_for_the_masses
[09:24:50][virtualfilesystem_physfs.cpp:460]: Mounted Data: C:/Program Files (x86)/Steam/steamapps/common/Victoria 3/game/dlc/dlc016_ip4
[09:24:50][virtualfilesystem_physfs.cpp:460]: Mounted Data: C:/Program Files (x86)/Steam/steamapps/common/Victoria 3/game/dlc/dlc009_trains_pack
[09:24:50][virtualfilesystem_physfs.cpp:460]: Mounted Data: C:/Program Files (x86)/Steam/steamapps/common/Victoria 3/game/dlc/dlc007_ap1
[09:24:50][virtualfilesystem_physfs.cpp:460]: Mounted Data: C:/Program Files (x86)/Steam/steamapps/common/Victoria 3/game/dlc/dlc013_mp1
[09:24:50][virtualfilesystem_physfs.cpp:460]: Mounted Data: C:/Program Files (x86)/Steam/steamapps/common/Victoria 3/game/dlc/dlc002_american_buildings
[09:24:50][virtualfilesystem_physfs.cpp:460]: Mounted Data: C:/Users/yutay/Documents/Paradox Interactive/Victoria 3/mod/Twilight of Empires
[09:24:50][dlc.cpp:748]: Mod Twilight of Empires () version 1.13.* successfully matched game version 1.13.11.
[09:24:50][pdx_matchmaking.cpp:70]: Matchmaking Interface: Nakama
[09:24:50][defines.cpp:230]: Define 'MIN_COMBAT_UNITS_FOR_MULTIPLE_COMMANDERS_ABSOLUTE' defined in 'common/defines/00_ai.txt' not specified. Maybe a define macro is missing
[09:24:50][defines.cpp:230]: Define 'MIN_COMBAT_UNITS_FOR_MULTIPLE_COMMANDERS_RELATIVE' defined in 'common/defines/00_ai.txt' not specified. Maybe a define macro is missing
[09:24:50][defines.cpp:230]: Define 'RETIRE_COMMANDER_INTERACTION_KEY' defined in 'common/defines/00_ai.txt' not specified. Maybe a define macro is missing
[09:24:50][defines.cpp:230]: Define 'COMMANDER_DESIRED_RANK_DISPARITY_IN_ARMY' defined in 'common/defines/00_ai.txt' not specified. Maybe a define macro is missing
[09:24:50][defines.cpp:230]: Define 'COMMANDER_DESIRED_RANK_DISPARITY_IN_FLEET' defined in 'common/defines/00_ai.txt' not specified. Maybe a define macro is missing
[09:24:50][defines.cpp:230]: Define 'name' defined in 'common/defines/00_audio_persistent_objects.txt' not specified. Maybe a define macro is missing
[09:24:50][defines.cpp:230]: Define 'scope' defined in 'common/defines/00_audio_persistent_objects.txt' not specified. Maybe a define macro is missing
[09:24:50][defines.cpp:230]: Define 'CIVIL_WAR_UPRISING_STATE_EXCESSIVE_ARMY_FRACTION' defined in 'common/defines/00_defines.txt' not specified. Maybe a define macro is missing
[09:24:50][defines.cpp:230]: Define 'BUILDING_MAX_PROFIT_TO_PAUSE_HIRES' defined in 'common/defines/00_defines.txt' not specified. Maybe a define macro is missing
[09:24:50][defines.cpp:230]: Define 'WORLD_MARKET_MONOPOLY_MIN_SHARE' defined in 'common/defines/00_defines.txt' not specified. Maybe a define macro is missing
[09:24:50][defines.cpp:230]: Define 'HIGH_POP_THRESHOLD' defined in 'common/defines/00_defines.txt' not specified. Maybe a define macro is missing
[09:24:50][defines.cpp:230]: Define 'ROLE_RULER' defined in 'common/defines/00_defines.txt' not specified. Maybe a define macro is missing
[09:24:50][defines.cpp:230]: Define 'ROLE_HEIR' defined in 'common/defines/00_defines.txt' not specified. Maybe a define macro is missing
[09:24:50][defines.cpp:230]: Define 'TARGET_NUM_POOL_POLITICIANS_POWERFUL_IG' defined in 'common/defines/00_defines.txt' not specified. Maybe a define macro is missing
[09:24:50][defines.cpp:230]: Define 'TARGET_NUM_POOL_POLITICIANS_INFLUENTIAL_IG' defined in 'common/defines/00_defines.txt' not specified. Maybe a define macro is missing
[09:24:50][defines.cpp:230]: Define 'TARGET_NUM_POOL_POLITICIANS_MARGINAL_IG' defined in 'common/defines/00_defines.txt' not specified. Maybe a define macro is missing
[09:24:50][defines.cpp:230]: Define 'FLAGSHIP_DECORATION_LOCATOR' defined in 'common/defines/00_graphics.txt' not specified. Maybe a define macro is missing
[09:24:51][virtualfilesystem.cpp:420]: Starting pre-enumerating 'gfx/models'(.asset, , -1)
[09:24:51][virtualfilesystem.cpp:420]: Starting pre-enumerating 'fonts'(.font, , -1)
[09:24:51][virtualfilesystem.cpp:420]: Starting pre-enumerating 'gui'(.gui, , -1)
[09:24:51][application.cpp:925]: Starting checksum calculation
[09:24:51][application.cpp:975]: Feeding into checksum: BLOCK_MP_AND_IRONMAN
[09:24:51][virtualfilesystem.cpp:420]: Starting pre-enumerating 'gfx/loadingscreens'(.dds, , 0)
[09:24:51][application.cpp:983]: Feeding game version into checksum: 1.13.11
[09:24:51][virtualfilesystem.cpp:420]: Starting pre-enumerating 'gfx/frontend/interface/frontend/startscreen.dds'(.dds, , 0)
[09:24:51][virtualfilesystem.cpp:420]: Starting pre-enumerating 'common/script_values'(.txt, , 0)
[09:24:51][virtualfilesystem.cpp:420]: Starting pre-enumerating 'common/scripted_effects'(.txt, , 0)
[09:24:51][virtualfilesystem.cpp:420]: Starting pre-enumerating 'common/scripted_triggers'(.txt, , 0)
[09:24:51][virtualfilesystem.cpp:420]: Starting pre-enumerating 'common/scripted_modifiers'(.txt, , 0)
[09:24:51][virtualfilesystem.cpp:420]: Starting pre-enumerating 'common/scripted_lists'(.txt, , 0)
[09:24:51][virtualfilesystem.cpp:420]: Starting pre-enumerating 'common/scripted_guis'(.txt, , 0)
[09:24:51][virtualfilesystem.cpp:388]: Done enumerating 'common/scripted_effects'(.txt, , 0) in 0.001 seconds
[09:24:51][virtualfilesystem.cpp:388]: Done enumerating 'gfx/frontend/interface/frontend/startscreen.dds'(.dds, , 0) in 0.001 seconds
[09:24:51][virtualfilesystem.cpp:420]: Starting pre-enumerating 'common/scripted_rules'(.txt, , 0)
[09:24:51][virtualfilesystem.cpp:420]: Starting pre-enumerating 'common/customizable_localization'(.txt, , 0)
[09:24:51][virtualfilesystem.cpp:420]: Starting pre-enumerating 'common/named_colors'(.txt, , 0)
[09:24:51][virtualfilesystem.cpp:420]: Starting pre-enumerating 'common/coat_of_arms/coat_of_arms'(.txt, , 0)
[09:24:51][virtualfilesystem.cpp:388]: Done enumerating 'common/scripted_modifiers'(.txt, , 0) in 0.001 seconds
[09:24:51][virtualfilesystem.cpp:388]: Done enumerating 'common/script_values'(.txt, , 0) in 0.002 seconds
[09:24:51][virtualfilesystem.cpp:420]: Starting pre-enumerating 'common/coat_of_arms/template_lists'(.txt, , 0)
[09:24:51][virtualfilesystem.cpp:388]: Done enumerating 'common/scripted_lists'(.txt, , 0) in 0.001 seconds
[09:24:51][virtualfilesystem.cpp:420]: Starting pre-enumerating 'common/ethnicities'(.txt, , 0)
[09:24:51][virtualfilesystem.cpp:388]: Done enumerating 'common/scripted_guis'(.txt, , 0) in 0.001 seconds
[09:24:51][virtualfilesystem.cpp:388]: Done enumerating 'gfx/loadingscreens'(.dds, , 0) in 0.003 seconds
[09:24:51][virtualfilesystem.cpp:420]: Starting pre-enumerating 'common/genes'(.txt, , 0)
[09:24:51][virtualfilesystem.cpp:388]: Done enumerating 'common/scripted_rules'(.txt, , 0) in 0.001 seconds
[09:24:51][virtualfilesystem.cpp:420]: Starting pre-enumerating 'gfx/portraits/accessory_variations'(.txt, , 0)
[09:24:51][virtualfilesystem.cpp:420]: Starting pre-enumerating 'gfx/portraits/accessories'(.txt, , 0)
[09:24:51][virtualfilesystem.cpp:388]: Done enumerating 'common/coat_of_arms/template_lists'(.txt, , 0) in 0.001 seconds
[09:24:51][virtualfilesystem.cpp:388]: Done enumerating 'common/named_colors'(.txt, , 0) in 0.001 seconds
[09:24:51][virtualfilesystem.cpp:420]: Starting pre-enumerating 'gfx/portraits/portrait_animations'(.txt, , 0)
[09:24:51][virtualfilesystem.cpp:420]: Starting pre-enumerating 'gfx/portraits/cameras/'(.txt, , 0)
[09:24:51][virtualfilesystem.cpp:388]: Done enumerating 'common/ethnicities'(.txt, , 0) in 0.001 seconds
[09:24:51][virtualfilesystem.cpp:388]: Done enumerating 'common/genes'(.txt, , 0) in 0.001 seconds
[09:24:51][virtualfilesystem.cpp:420]: Starting pre-enumerating 'gfx/portraits/environments/'(.txt, , 0)
[09:24:51][virtualfilesystem.cpp:420]: Starting pre-enumerating 'gfx/portraits/portrait_modifiers'(.txt, , 0)
[09:24:51][virtualfilesystem.cpp:420]: Starting pre-enumerating 'common/game_concepts'(.txt, , 0)
[09:24:51][virtualfilesystem.cpp:420]: Starting pre-enumerating 'common/ai_strategies'(.txt, , 0)
[09:24:51][virtualfilesystem.cpp:388]: Done enumerating 'gfx/portraits/accessories'(.txt, , 0) in 0.001 seconds
[09:24:51][virtualfilesystem.cpp:420]: Starting pre-enumerating 'common/alert_types'(.txt, , 0)
[09:24:51][virtualfilesystem.cpp:388]: Done enumerating 'gfx/portraits/accessory_variations'(.txt, , 0) in 0.001 seconds
[09:24:51][virtualfilesystem.cpp:388]: Done enumerating 'gfx/portraits/portrait_animations'(.txt, , 0) in 0.001 seconds
[09:24:51][virtualfilesystem.cpp:388]: Done enumerating 'common/coat_of_arms/coat_of_arms'(.txt, , 0) in 0.003 seconds
[09:24:51][virtualfilesystem.cpp:420]: Starting pre-enumerating 'common/buildings'(.txt, , 0)
[09:24:51][virtualfilesystem.cpp:388]: Done enumerating 'gfx/portraits/environments/'(.txt, , 0) in 0.001 seconds
[09:24:51][virtualfilesystem.cpp:420]: Starting pre-enumerating 'common/building_groups'(.txt, , 0)
[09:24:51][virtualfilesystem.cpp:388]: Done enumerating 'gfx/portraits/cameras/'(.txt, , 0) in 0.001 seconds
[09:24:51][virtualfilesystem.cpp:420]: Starting pre-enumerating 'common/buy_packages'(.txt, , 0)
[09:24:51][virtualfilesystem.cpp:420]: Starting pre-enumerating 'common/pop_needs'(.txt, , 0)
[09:24:51][virtualfilesystem.cpp:420]: Starting pre-enumerating 'common/cultures'(.txt, , 0)
[09:24:51][virtualfilesystem.cpp:388]: Done enumerating 'gfx/portraits/portrait_modifiers'(.txt, , 0) in 0.001 seconds
[09:24:51][virtualfilesystem.cpp:420]: Starting pre-enumerating 'common/country_types'(.txt, , 0)
[09:24:51][virtualfilesystem.cpp:420]: Starting pre-enumerating 'common/country_ranks'(.txt, , 0)
[09:24:51][virtualfilesystem.cpp:420]: Starting pre-enumerating 'common/diplomatic_actions'(.txt, , 0)
[09:24:51][virtualfilesystem.cpp:420]: Starting pre-enumerating 'common/diplomatic_plays'(.txt, , 0)
[09:24:51][virtualfilesystem.cpp:420]: Starting pre-enumerating 'common/dynamic_country_names'(.txt, , 0)
[09:24:51][virtualfilesystem.cpp:420]: Starting pre-enumerating 'common/game_rules'(.txt, , 0)
[09:24:51][virtualfilesystem.cpp:420]: Starting pre-enumerating 'common/goods'(.txt, , 0)
[09:24:51][virtualfilesystem.cpp:388]: Done enumerating 'common/game_concepts'(.txt, , 0) in 0.001 seconds
[09:24:51][virtualfilesystem.cpp:388]: Done enumerating 'common/alert_types'(.txt, , 0) in 0.000 seconds
[09:24:51][virtualfilesystem.cpp:420]: Starting pre-enumerating 'common/ideologies'(.txt, , 0)
[09:24:51][virtualfilesystem.cpp:420]: Starting pre-enumerating 'common/interest_groups'(.txt, , 0)
[09:24:51][virtualfilesystem.cpp:420]: Starting pre-enumerating 'common/interest_group_traits'(.txt, , 0)
[09:24:51][virtualfilesystem.cpp:420]: Starting pre-enumerating 'common/government_types'(.txt, , 0)
[09:24:51][virtualfilesystem.cpp:388]: Done enumerating 'common/building_groups'(.txt, , 0) in 0.000 seconds
[09:24:51][virtualfilesystem.cpp:388]: Done enumerating 'common/ai_strategies'(.txt, , 0) in 0.001 seconds
[09:24:51][virtualfilesystem.cpp:420]: Starting pre-enumerating 'common/on_actions'(.txt, , 0)
[09:24:51][virtualfilesystem.cpp:420]: Starting pre-enumerating 'common/objectives'(.txt, , 0)
[09:24:51][virtualfilesystem.cpp:420]: Starting pre-enumerating 'common/objective_subgoals'(.txt, , 0)
[09:24:51][virtualfilesystem.cpp:388]: Done enumerating 'common/buy_packages'(.txt, , 0) in 0.000 seconds
[09:24:51][virtualfilesystem.cpp:388]: Done enumerating 'common/buildings'(.txt, , 0) in 0.001 seconds
[09:24:51][virtualfilesystem.cpp:420]: Starting pre-enumerating 'common/objective_subgoal_categories'(.txt, , 0)
[09:24:51][virtualfilesystem.cpp:388]: Done enumerating 'common/country_types'(.txt, , 0) in 0.000 seconds
[09:24:51][virtualfilesystem.cpp:388]: Done enumerating 'common/cultures'(.txt, , 0) in 0.001 seconds
[09:24:51][virtualfilesystem.cpp:388]: Done enumerating 'common/pop_needs'(.txt, , 0) in 0.001 seconds
[09:24:51][virtualfilesystem.cpp:388]: Done enumerating 'common/country_ranks'(.txt, , 0) in 0.000 seconds
[09:24:51][virtualfilesystem.cpp:388]: Done enumerating 'common/diplomatic_actions'(.txt, , 0) in 0.001 seconds
[09:24:51][virtualfilesystem.cpp:420]: Starting pre-enumerating 'common/proposal_types'(.txt, , 0)
[09:24:51][virtualfilesystem.cpp:388]: Done enumerating 'common/customizable_localization'(.txt, , 0) in 0.008 seconds
[09:24:51][virtualfilesystem.cpp:388]: Done enumerating 'common/game_rules'(.txt, , 0) in 0.001 seconds
[09:24:51][virtualfilesystem.cpp:388]: Done enumerating 'common/dynamic_country_names'(.txt, , 0) in 0.001 seconds
[09:24:51][virtualfilesystem.cpp:388]: Done enumerating 'common/diplomatic_plays'(.txt, , 0) in 0.001 seconds
[09:24:51][virtualfilesystem.cpp:420]: Starting pre-enumerating 'common/laws'(.txt, , 0)
[09:24:51][virtualfilesystem.cpp:388]: Done enumerating 'common/goods'(.txt, , 0) in 0.001 seconds
[09:24:51][virtualfilesystem.cpp:388]: Done enumerating 'common/ideologies'(.txt, , 0) in 0.001 seconds
[09:24:51][virtualfilesystem.cpp:420]: Starting pre-enumerating 'common/institutions'(.txt, , 0)
[09:24:51][virtualfilesystem.cpp:420]: Starting pre-enumerating 'common/journal_entries'(.txt, , 0)
[09:24:51][virtualfilesystem.cpp:388]: Done enumerating 'common/interest_groups'(.txt, , 0) in 0.001 seconds
[09:24:51][virtualfilesystem.cpp:388]: Done enumerating 'common/government_types'(.txt, , 0) in 0.001 seconds
[09:24:51][virtualfilesystem.cpp:420]: Starting pre-enumerating 'common/law_groups'(.txt, , 0)
[09:24:51][virtualfilesystem.cpp:388]: Done enumerating 'common/interest_group_traits'(.txt, , 0) in 0.001 seconds
[09:24:51][virtualfilesystem.cpp:420]: Starting pre-enumerating 'common/pop_types'(.txt, , 0)
[09:24:51][virtualfilesystem.cpp:388]: Done enumerating 'common/on_actions'(.txt, , 0) in 0.001 seconds
[09:24:51][virtualfilesystem.cpp:388]: Done enumerating 'common/objective_subgoals'(.txt, , 0) in 0.001 seconds
[09:24:51][virtualfilesystem.cpp:388]: Done enumerating 'common/objectives'(.txt, , 0) in 0.001 seconds
[09:24:51][virtualfilesystem.cpp:388]: Done enumerating 'common/objective_subgoal_categories'(.txt, , 0) in 0.001 seconds
[09:24:51][virtualfilesystem.cpp:388]: Done enumerating 'common/proposal_types'(.txt, , 0) in 0.000 seconds
[09:24:51][virtualfilesystem.cpp:388]: Done enumerating 'common/laws'(.txt, , 0) in 0.000 seconds
[09:24:51][virtualfilesystem.cpp:388]: Done enumerating 'fonts'(.font, , -1) in 0.013 seconds
[09:24:51][virtualfilesystem.cpp:388]: Done enumerating 'common/institutions'(.txt, , 0) in 0.000 seconds
[09:24:51][virtualfilesystem.cpp:388]: Done enumerating 'common/law_groups'(.txt, , 0) in 0.000 seconds
[09:24:51][virtualfilesystem.cpp:388]: Done enumerating 'common/pop_types'(.txt, , 0) in 0.000 seconds
[09:24:51][virtualfilesystem.cpp:420]: Starting pre-enumerating 'common/religions'(.txt, , 0)
[09:24:51][virtualfilesystem.cpp:388]: Done enumerating 'common/religions'(.txt, , 0) in 0.000 seconds
[09:24:51][virtualfilesystem.cpp:420]: Starting pre-enumerating 'common/subject_types'(.txt, , 0)
[09:24:51][virtualfilesystem.cpp:420]: Starting pre-enumerating 'common/state_traits'(.txt, , 0)
[09:24:51][virtualfilesystem.cpp:420]: Starting pre-enumerating 'common/strategic_regions'(.txt, , 0)
[09:24:51][virtualfilesystem.cpp:420]: Starting pre-enumerating 'common/technology/eras'(.txt, , 0)
[09:24:51][virtualfilesystem.cpp:388]: Done enumerating 'common/technology/eras'(.txt, , 0) in 0.001 seconds
[09:24:51][virtualfilesystem.cpp:420]: Starting pre-enumerating 'common/character_traits'(.txt, , 0)
[09:24:51][virtualfilesystem.cpp:420]: Starting pre-enumerating 'common/character_templates'(.txt, , 0)
[09:24:51][virtualfilesystem.cpp:388]: Done enumerating 'common/subject_types'(.txt, , 0) in 0.001 seconds
[09:24:51][virtualfilesystem.cpp:388]: Done enumerating 'common/character_traits'(.txt, , 0) in 0.000 seconds
[09:24:51][virtualfilesystem.cpp:388]: Done enumerating 'common/state_traits'(.txt, , 0) in 0.001 seconds
[09:24:51][virtualfilesystem.cpp:420]: Starting pre-enumerating 'common/country_definitions'(.txt, , 0)
[09:24:51][virtualfilesystem.cpp:420]: Starting pre-enumerating 'common/country_formation'(.txt, , 0)
[09:24:51][virtualfilesystem.cpp:420]: Starting pre-enumerating 'common/country_creation'(.txt, , 0)
[09:24:51][virtualfilesystem.cpp:420]: Starting pre-enumerating 'common/terrain'(.txt, , 0)
[09:24:51][virtualfilesystem.cpp:420]: Starting pre-enumerating 'events'(.txt, , 0)
[09:24:51][virtualfilesystem.cpp:420]: Starting pre-enumerating 'map_data/state_regions'(.txt, , 0)
[09:24:51][virtualfilesystem.cpp:388]: Done enumerating 'common/country_formation'(.txt, , 0) in 0.001 seconds
[09:24:51][virtualfilesystem.cpp:420]: Starting pre-enumerating 'gfx/map/city_data/city_types'(.txt, , 0)
[09:24:51][virtualfilesystem.cpp:420]: Starting pre-enumerating 'gfx/map/spline_network/route_graphics'(.txt, , 0)
[09:24:51][virtualfilesystem.cpp:388]: Done enumerating 'common/scripted_triggers'(.txt, , 0) in 0.016 seconds
[09:24:51][virtualfilesystem.cpp:420]: Starting pre-enumerating 'gfx/map/spline_network/military_route_graphics'(.txt, , 0)
[09:24:51][virtualfilesystem.cpp:420]: Starting pre-enumerating 'common/achievements'(.txt, , 0)
[09:24:51][virtualfilesystem.cpp:388]: Done enumerating 'common/character_templates'(.txt, , 0) in 0.002 seconds
[09:24:51][virtualfilesystem.cpp:420]: Starting pre-enumerating 'gfx/map/gradient_border_settings'(.txt, , 0)
[09:24:51][virtualfilesystem.cpp:388]: Done enumerating 'common/terrain'(.txt, , 0) in 0.001 seconds
[09:24:51][virtualfilesystem.cpp:388]: Done enumerating 'common/country_creation'(.txt, , 0) in 0.001 seconds
[09:24:51][virtualfilesystem.cpp:420]: Starting pre-enumerating 'gfx/map/map_modes'(.txt, , 0)
[09:24:51][virtualfilesystem.cpp:420]: Starting pre-enumerating 'common/map_interaction_types'(.txt, , 0)
[09:24:51][virtualfilesystem.cpp:420]: Starting pre-enumerating 'common/company_charter_types'(.txt, , 0)
[09:24:51][virtualfilesystem.cpp:388]: Done enumerating 'common/strategic_regions'(.txt, , 0) in 0.004 seconds
[09:24:51][virtualfilesystem.cpp:388]: Done enumerating 'gfx/map/city_data/city_types'(.txt, , 0) in 0.002 seconds
[09:24:51][virtualfilesystem.cpp:388]: Done enumerating 'gfx/map/spline_network/route_graphics'(.txt, , 0) in 0.001 seconds
[09:24:51][virtualfilesystem.cpp:388]: Done enumerating 'common/country_definitions'(.txt, , 0) in 0.004 seconds
[09:24:51][virtualfilesystem.cpp:388]: Done enumerating 'gfx/map/spline_network/military_route_graphics'(.txt, , 0) in 0.001 seconds
[09:24:51][virtualfilesystem.cpp:388]: Done enumerating 'gfx/map/gradient_border_settings'(.txt, , 0) in 0.000 seconds
[09:24:51][virtualfilesystem.cpp:388]: Done enumerating 'gfx/map/map_modes'(.txt, , 0) in 0.000 seconds
[09:24:51][virtualfilesystem.cpp:388]: Done enumerating 'common/map_interaction_types'(.txt, , 0) in 0.000 seconds
[09:24:51][virtualfilesystem.cpp:388]: Done enumerating 'common/company_charter_types'(.txt, , 0) in 0.000 seconds
[09:24:51][virtualfilesystem.cpp:388]: Done enumerating 'common/achievements'(.txt, , 0) in 0.001 seconds
[09:24:51][virtualfilesystem.cpp:388]: Done enumerating 'gui'(.gui, , -1) in 0.021 seconds
[09:24:51][virtualfilesystem.cpp:388]: Done enumerating 'map_data/state_regions'(.txt, , 0) in 0.007 seconds
[09:24:51][virtualfilesystem.cpp:388]: Done enumerating 'common/journal_entries'(.txt, , 0) in 0.013 seconds
[09:24:51][virtualfilesystem.cpp:388]: Done enumerating 'events'(.txt, , 0) in 0.029 seconds
[09:24:51][virtualfilesystem.cpp:388]: Done enumerating 'gfx/models'(.asset, , -1) in 0.612 seconds
[09:24:51][pdx_localize.cpp:231]: Key 'sunni' defined in multiple files: 'localization/japanese/religion_l_japanese.yml', 'localization/japanese/replace/99_toe_religion_names_l_japanese.yml'
[09:24:51][pdx_localize.cpp:231]: Key 'shiite' defined in multiple files: 'localization/japanese/religion_l_japanese.yml', 'localization/japanese/replace/99_toe_religion_names_l_japanese.yml'
[09:24:51][pdx_localize.cpp:231]: Key 'ibadi' defined in multiple files: 'localization/japanese/religion_l_japanese.yml', 'localization/japanese/replace/99_toe_religion_names_l_japanese.yml'
[09:24:51][pdx_localize.cpp:231]: Key 'computer' defined in multiple files: 'localization/japanese/replace/MR_goods_l_japanese.yml', 'localization/japanese/replace/MR_inventions_l_japanese.yml'
[09:24:51][pdx_localize.cpp:231]: Key 'decolonization' defined in multiple files: 'localization/japanese/content_1_l_japanese.yml', 'localization/japanese/replace/MR_inventions_l_japanese.yml'
[09:24:51][pdx_localize.cpp:231]: Key 'curtiss_modern_aviation_tech' defined in multiple files: 'localization/japanese/replace/MR2_inventions_l_japanese.yml', 'localization/japanese/replace/MR_inventions_l_japanese.yml'
[09:24:51][pdx_localize.cpp:231]: Key 'curtiss_modern_aviation_tech_desc' defined in multiple files: 'localization/japanese/replace/MR2_inventions_l_japanese.yml', 'localization/japanese/replace/MR_inventions_l_japanese.yml'
[09:24:51][pdx_localize.cpp:231]: Key 'verrier_chemistry_tech_desc' defined in multiple files: 'localization/japanese/replace/MR2_inventions_l_japanese.yml', 'localization/japanese/replace/MR_inventions_l_japanese.yml'
[09:24:51][pdx_localize.cpp:231]: Key 'curtiss_early_aviation_tech' defined in multiple files: 'localization/japanese/replace/MR2_inventions_l_japanese.yml', 'localization/japanese/replace/MR_inventions_l_japanese.yml'
[09:24:51][pdx_localize.cpp:231]: Key 'curtiss_early_aviation_tech_desc' defined in multiple files: 'localization/japanese/replace/MR2_inventions_l_japanese.yml', 'localization/japanese/replace/MR_inventions_l_japanese.yml'
[09:24:51][pdx_localize.cpp:231]: Key 'curtiss_seaplanes_tech' defined in multiple files: 'localization/japanese/replace/MR2_inventions_l_japanese.yml', 'localization/japanese/replace/MR_inventions_l_japanese.yml'
[09:24:51][pdx_localize.cpp:231]: Key 'curtiss_seaplanes_tech_desc' defined in multiple files: 'localization/japanese/replace/MR2_inventions_l_japanese.yml', 'localization/japanese/replace/MR_inventions_l_japanese.yml'
[09:24:51][pdx_localize.cpp:231]: Key 'curtiss_tourism_tech' defined in multiple files: 'localization/japanese/replace/MR2_inventions_l_japanese.yml', 'localization/japanese/replace/MR_inventions_l_japanese.yml'
[09:24:51][pdx_localize.cpp:231]: Key 'curtiss_tourism_tech_desc' defined in multiple files: 'localization/japanese/replace/MR2_inventions_l_japanese.yml', 'localization/japanese/replace/MR_inventions_l_japanese.yml'
[09:24:51][pdx_localize.cpp:231]: Key 'agassiz_sounding_tech' defined in multiple files: 'localization/japanese/replace/MR2_inventions_l_japanese.yml', 'localization/japanese/replace/MR_inventions_l_japanese.yml'
[09:24:51][pdx_localize.cpp:231]: Key 'agassiz_sounding_tech_desc' defined in multiple files: 'localization/japanese/replace/MR2_inventions_l_japanese.yml', 'localization/japanese/replace/MR_inventions_l_japanese.yml'
[09:24:51][pdx_localize.cpp:231]: Key 'theiler_microbiology_tech' defined in multiple files: 'localization/japanese/replace/MR2_inventions_l_japanese.yml', 'localization/japanese/replace/MR_inventions_l_japanese.yml'
[09:24:51][pdx_localize.cpp:231]: Key 'theiler_microbiology_tech_desc' defined in multiple files: 'localization/japanese/replace/MR2_inventions_l_japanese.yml', 'localization/japanese/replace/MR_inventions_l_japanese.yml'
[09:24:51][pdx_localize.cpp:231]: Key 'panum_vaccination_tech' defined in multiple files: 'localization/japanese/replace/MR2_inventions_l_japanese.yml', 'localization/japanese/replace/MR_inventions_l_japanese.yml'
[09:24:51][pdx_localize.cpp:231]: Key 'panum_vaccination_tech_desc' defined in multiple files: 'localization/japanese/replace/MR2_inventions_l_japanese.yml', 'localization/japanese/replace/MR_inventions_l_japanese.yml'
[09:24:51][pdx_localize.cpp:231]: Key 'mendelejew_synthetic_fuel_tech' defined in multiple files: 'localization/japanese/replace/MR2_inventions_l_japanese.yml', 'localization/japanese/replace/MR_inventions_l_japanese.yml'
[09:24:51][pdx_localize.cpp:231]: Key 'mendelejew_synthetic_fuel_tech_desc' defined in multiple files: 'localization/japanese/replace/MR2_inventions_l_japanese.yml', 'localization/japanese/replace/MR_inventions_l_japanese.yml'
[09:24:51][pdx_localize.cpp:231]: Key 'mendelejew_synthetic_rubber_tech' defined in multiple files: 'localization/japanese/replace/MR2_inventions_l_japanese.yml', 'localization/japanese/replace/MR_inventions_l_japanese.yml'
[09:24:51][pdx_localize.cpp:231]: Key 'mendelejew_synthetic_rubber_tech_desc' defined in multiple files: 'localization/japanese/replace/MR2_inventions_l_japanese.yml', 'localization/japanese/replace/MR_inventions_l_japanese.yml'
[09:24:51][pdx_localize.cpp:231]: Key 'vikelas_international_sports_tech' defined in multiple files: 'localization/japanese/replace/MR2_inventions_l_japanese.yml', 'localization/japanese/replace/MR_inventions_l_japanese.yml'
[09:24:51][pdx_localize.cpp:231]: Key 'vikelas_international_sports_tech_desc' defined in multiple files: 'localization/japanese/replace/MR2_inventions_l_japanese.yml', 'localization/japanese/replace/MR_inventions_l_japanese.yml'
[09:24:51][pdx_localize.cpp:231]: Key 'BUILDING_TYPE_OWNED_BY_COMPANY_DESC' defined in multiple files: 'localization/japanese/interfaces_l_japanese.yml', 'localization/japanese/replace/MR_production_methods_l_japanese.yml'
[09:24:51][pdx_localize.cpp:231]: Key 'company_ludwig_moser_and_sons' defined in multiple files: 'localization/japanese/companies_l_japanese.yml', 'localization/japanese/replace/mr_company_l_japanese.yml'
[09:24:51][pdx_localize.cpp:231]: Key 'company_rheinmetall' defined in multiple files: 'localization/japanese/companies_l_japanese.yml', 'localization/japanese/replace/mr_company_l_japanese.yml'
[09:24:51][pdx_localize.cpp:231]: Key 'company_ilva' defined in multiple files: 'localization/japanese/companies_l_japanese.yml', 'localization/japanese/replace/mr_company_l_japanese.yml'
[09:24:51][pdx_localize.cpp:231]: Key 'company_hispano_suiza' defined in multiple files: 'localization/japanese/companies_l_japanese.yml', 'localization/japanese/replace/mr_company_l_japanese.yml'
[09:24:51][pdx_localize.cpp:231]: Key 'company_sumitomo' defined in multiple files: 'localization/japanese/companies_l_japanese.yml', 'localization/japanese/replace/mr_company_l_japanese.yml'
[09:24:51][pdx_localize.cpp:231]: Key 'GDP_TOOLTIP' defined in multiple files: 'localization/japanese/interfaces_l_japanese.yml', 'localization/japanese/replace/mr_gdp_l_japanese.yml'
[09:24:51][pdx_localize.cpp:231]: Key 'sick_man.2.f' defined in multiple files: 'localization/japanese/content_1_l_japanese.yml', 'localization/japanese/replace/mr_journal_event_l_japanese.yml'
[09:24:51][pdx_localize.cpp:231]: Key 'goods_output_fruit_mult' defined in multiple files: 'localization/japanese/modifiers_l_japanese.yml', 'localization/japanese/replace/mr_modifier_l_japanese.yml'
[09:24:51][pdx_localize.cpp:231]: Key 'goods_output_fruit_mult_desc' defined in multiple files: 'localization/japanese/modifiers_l_japanese.yml', 'localization/japanese/replace/mr_modifier_l_japanese.yml'
[09:24:51][pdx_localize.cpp:231]: Key 'state_trait_bengal_delta' defined in multiple files: 'localization/japanese/map/state_traits_l_japanese.yml', 'localization/japanese/replace/mr_state_traits_l_japanese.yml'
[09:24:51][pdx_localize.cpp:231]: Key 'state_trait_po_river' defined in multiple files: 'localization/japanese/map/state_traits_l_japanese.yml', 'localization/japanese/replace/mr_state_traits_l_japanese.yml'
[09:24:51][pdx_localize.cpp:231]: Key 'state_trait_terra_rossa' defined in multiple files: 'localization/japanese/map/state_traits_l_japanese.yml', 'localization/japanese/replace/mr_state_traits_l_japanese.yml'
[09:24:51][pdx_localize.cpp:231]: Key 'state_trait_bosporus' defined in multiple files: 'localization/japanese/map/state_traits_l_japanese.yml', 'localization/japanese/replace/mr_state_traits_l_japanese.yml'
[09:24:51][pdx_localize.cpp:231]: Key 'company_basic_pc' defined in multiple files: 'localization/japanese/replace/mr_company_l_japanese.yml', 'localization/japanese/replace/nsm_companies_l_japanese.yml'
[09:24:51][pdx_localize.cpp:231]: Key 'company_basic_pc_dynamic_name_tag_singular' defined in multiple files: 'localization/japanese/replace/mr_company_l_japanese.yml', 'localization/japanese/replace/nsm_companies_l_japanese.yml'
[09:24:51][pdx_localize.cpp:231]: Key 'company_basic_pc_dynamic_name_tag_plural' defined in multiple files: 'localization/japanese/replace/mr_company_l_japanese.yml', 'localization/japanese/replace/nsm_companies_l_japanese.yml'
[09:24:51][pdx_localize.cpp:231]: Key 'BRN' defined in multiple files: 'localization/japanese/countries_l_japanese.yml', 'localization/japanese/replace/nsm_countries_l_japanese.yml'
[09:24:51][pdx_localize.cpp:231]: Key 'BRN_ADJ' defined in multiple files: 'localization/japanese/countries_l_japanese.yml', 'localization/japanese/replace/nsm_countries_l_japanese.yml'
[09:24:51][pdx_localize.cpp:231]: Key 'CAN' defined in multiple files: 'localization/japanese/countries_l_japanese.yml', 'localization/japanese/replace/nsm_countries_l_japanese.yml'
[09:24:51][pdx_localize.cpp:231]: Key 'CAN_ADJ' defined in multiple files: 'localization/japanese/countries_l_japanese.yml', 'localization/japanese/replace/nsm_countries_l_japanese.yml'
[09:24:51][pdx_localize.cpp:231]: Key 'Aurel' defined in multiple files: 'localization/japanese/names_l_japanese.yml', 'localization/japanese/replace/nsm_countries_l_japanese.yml'
[09:24:51][pdx_localize.cpp:231]: Key 'MNG' defined in multiple files: 'localization/japanese/countries_l_japanese.yml', 'localization/japanese/replace/nsm_countries_l_japanese.yml'
[09:24:51][pdx_localize.cpp:231]: Key 'MNG_ADJ' defined in multiple files: 'localization/japanese/countries_l_japanese.yml', 'localization/japanese/replace/nsm_countries_l_japanese.yml'
[09:24:51][pdx_localize.cpp:231]: Key 'BRI' defined in multiple files: 'localization/japanese/countries_l_japanese.yml', 'localization/japanese/replace/nsm_countries_l_japanese.yml'
[09:24:51][pdx_localize.cpp:231]: Key 'BRI_ADJ' defined in multiple files: 'localization/japanese/countries_l_japanese.yml', 'localization/japanese/replace/nsm_countries_l_japanese.yml'
[09:24:51][pdx_localize.cpp:231]: Key 'heritage_trilia' defined in multiple files: 'localization/japanese/replace/nsm_cultural_traits_l_japanese.yml', 'localization/japanese/replace/nsm_culture_lineages_l_japanese.yml'
[09:24:51][pdx_localize.cpp:231]: Key 'heritage_fushion' defined in multiple files: 'localization/japanese/replace/nsm_cultural_traits_l_japanese.yml', 'localization/japanese/replace/nsm_culture_lineages_l_japanese.yml'
[09:24:51][pdx_localize.cpp:231]: Key 'NAL' defined in multiple files: 'localization/japanese/countries_l_japanese.yml', 'localization/japanese/replace/nsm_formables_l_japanese.yml'
[09:24:51][pdx_localize.cpp:231]: Key 'NAL_ADJ' defined in multiple files: 'localization/japanese/countries_l_japanese.yml', 'localization/japanese/replace/nsm_formables_l_japanese.yml'
[09:24:51][pdx_localize.cpp:231]: Key 'catholic' defined in multiple files: 'localization/japanese/religion_l_japanese.yml', 'localization/japanese/replace/nsm_map_religions_l_japanese.yml'
[09:24:51][pdx_localize.cpp:231]: Key 'protestant' defined in multiple files: 'localization/japanese/religion_l_japanese.yml', 'localization/japanese/replace/nsm_map_religions_l_japanese.yml'
[09:24:51][pdx_localize.cpp:231]: Key 'orthodox' defined in multiple files: 'localization/japanese/religion_l_japanese.yml', 'localization/japanese/replace/nsm_map_religions_l_japanese.yml'
[09:24:51][pdx_localize.cpp:231]: Key 'oriental_orthodox' defined in multiple files: 'localization/japanese/religion_l_japanese.yml', 'localization/japanese/replace/nsm_map_religions_l_japanese.yml'
[09:24:51][pdx_localize.cpp:231]: Key 'confucian' defined in multiple files: 'localization/japanese/religion_l_japanese.yml', 'localization/japanese/replace/nsm_map_religions_l_japanese.yml'
[09:24:51][pdx_localize.cpp:231]: Key 'shinto' defined in multiple files: 'localization/japanese/religion_l_japanese.yml', 'localization/japanese/replace/nsm_map_religions_l_japanese.yml'
[09:24:51][pdx_localize.cpp:231]: Key 'state_trait_nile_river' defined in multiple files: 'localization/japanese/map/state_traits_l_japanese.yml', 'localization/japanese/replace/nsm_state_traits_l_japanese.yml'
[09:24:51][pdx_localize.cpp:231]: Key 'je_great_game_control' defined in multiple files: 'localization/japanese/sphere_of_influence_lobbies_great_game_l_japanese.yml', 'localization/japanese/replace/toe_great_game_l_japanese.yml'
[09:24:51][pdx_localize.cpp:231]: Key 'je_great_game_control_reason' defined in multiple files: 'localization/japanese/sphere_of_influence_lobbies_great_game_l_japanese.yml', 'localization/japanese/replace/toe_great_game_l_japanese.yml'
[09:24:51][pdx_localize.cpp:231]: Key 'great_game_core_progress_bar_name' defined in multiple files: 'localization/japanese/sphere_of_influence_lobbies_great_game_l_japanese.yml', 'localization/japanese/replace/toe_great_game_l_japanese.yml'
[09:24:51][pdx_localize.cpp:231]: Key 'toe_gg_ilvone_score_victory_tt' defined in multiple files: 'localization/japanese/replace/toe_great_game_l_japanese.yml', 'localization/japanese/replace/toe_great_game_status_l_japanese.yml'
[09:24:51][pdx_localize.cpp:231]: Key 'toe_gg_tegar_score_victory_tt' defined in multiple files: 'localization/japanese/replace/toe_great_game_l_japanese.yml', 'localization/japanese/replace/toe_great_game_status_l_japanese.yml'
[09:24:51][pdx_localize.cpp:231]: Key 'je_great_game_control' defined in multiple files: 'localization/japanese/replace/toe_great_game_l_japanese.yml', 'localization/japanese/replace/toe_great_game_subjournals_l_japanese.yml'
[09:24:51][pdx_localize.cpp:231]: Key 'je_great_game_control_name' defined in multiple files: 'localization/japanese/replace/toe_great_game_l_japanese.yml', 'localization/japanese/replace/toe_great_game_subjournals_l_japanese.yml'
[09:24:51][pdx_localize.cpp:231]: Key 'je_great_game_control_reason' defined in multiple files: 'localization/japanese/replace/toe_great_game_l_japanese.yml', 'localization/japanese/replace/toe_great_game_subjournals_l_japanese.yml'
[09:24:51][pdx_localize.cpp:231]: Key 'je_toe_gg_steppe_name' defined in multiple files: 'localization/japanese/replace/toe_great_game_l_japanese.yml', 'localization/japanese/replace/toe_great_game_subjournals_l_japanese.yml'
[09:24:51][pdx_localize.cpp:231]: Key 'je_toe_gg_steppe_desc' defined in multiple files: 'localization/japanese/replace/toe_great_game_l_japanese.yml', 'localization/japanese/replace/toe_great_game_subjournals_l_japanese.yml'
[09:24:51][pdx_localize.cpp:231]: Key 'je_toe_gg_sosilia_name' defined in multiple files: 'localization/japanese/replace/toe_great_game_l_japanese.yml', 'localization/japanese/replace/toe_great_game_subjournals_l_japanese.yml'
[09:24:51][pdx_localize.cpp:231]: Key 'je_toe_gg_sosilia_desc' defined in multiple files: 'localization/japanese/replace/toe_great_game_l_japanese.yml', 'localization/japanese/replace/toe_great_game_subjournals_l_japanese.yml'
[09:24:51][pdx_localize.cpp:231]: Key 'je_toe_gg_plains_name' defined in multiple files: 'localization/japanese/replace/toe_great_game_l_japanese.yml', 'localization/japanese/replace/toe_great_game_subjournals_l_japanese.yml'
[09:24:51][pdx_localize.cpp:231]: Key 'je_toe_gg_plains_desc' defined in multiple files: 'localization/japanese/replace/toe_great_game_l_japanese.yml', 'localization/japanese/replace/toe_great_game_subjournals_l_japanese.yml'
[09:24:51][pdx_localize.cpp:231]: Key 'je_toe_gg_route_name' defined in multiple files: 'localization/japanese/replace/toe_great_game_l_japanese.yml', 'localization/japanese/replace/toe_great_game_subjournals_l_japanese.yml'
[09:24:51][pdx_localize.cpp:231]: Key 'je_toe_gg_route_desc' defined in multiple files: 'localization/japanese/replace/toe_great_game_l_japanese.yml', 'localization/japanese/replace/toe_great_game_subjournals_l_japanese.yml'
[09:24:51][pdx_localize.cpp:231]: Key 'je_toe_gg_tegar_ria_name' defined in multiple files: 'localization/japanese/replace/toe_great_game_l_japanese.yml', 'localization/japanese/replace/toe_great_game_subjournals_l_japanese.yml'
[09:24:51][pdx_localize.cpp:231]: Key 'je_toe_gg_tegar_ria_desc' defined in multiple files: 'localization/japanese/replace/toe_great_game_l_japanese.yml', 'localization/japanese/replace/toe_great_game_subjournals_l_japanese.yml'
[09:24:51][pdx_localize.cpp:231]: Key 'je_toe_gg_expel_tegar_ria_name' defined in multiple files: 'localization/japanese/replace/toe_great_game_l_japanese.yml', 'localization/japanese/replace/toe_great_game_subjournals_l_japanese.yml'
[09:24:51][pdx_localize.cpp:231]: Key 'je_toe_gg_expel_tegar_ria_desc' defined in multiple files: 'localization/japanese/replace/toe_great_game_l_japanese.yml', 'localization/japanese/replace/toe_great_game_subjournals_l_japanese.yml'
[09:24:51][pdx_localize.cpp:231]: Key 'je_toe_gg_tortal_name' defined in multiple files: 'localization/japanese/replace/toe_great_game_l_japanese.yml', 'localization/japanese/replace/toe_great_game_subjournals_l_japanese.yml'
[09:24:51][pdx_localize.cpp:231]: Key 'je_toe_gg_tortal_desc' defined in multiple files: 'localization/japanese/replace/toe_great_game_l_japanese.yml', 'localization/japanese/replace/toe_great_game_subjournals_l_japanese.yml'
[09:24:51][pdx_localize.cpp:231]: Key 'je_toe_gg_south_lefria_name' defined in multiple files: 'localization/japanese/replace/toe_great_game_l_japanese.yml', 'localization/japanese/replace/toe_great_game_subjournals_l_japanese.yml'
[09:24:51][pdx_localize.cpp:231]: Key 'je_toe_gg_south_lefria_desc' defined in multiple files: 'localization/japanese/replace/toe_great_game_l_japanese.yml', 'localization/japanese/replace/toe_great_game_subjournals_l_japanese.yml'
[09:24:51][pdx_localize.cpp:231]: Key 'toe_great_game_victory' defined in multiple files: 'localization/japanese/replace/toe_great_game_l_japanese.yml', 'localization/japanese/replace/toe_nomad_and_journals_l_japanese.yml'
[09:24:51][pdx_localize.cpp:231]: Key 'toe_great_game_victory_desc' defined in multiple files: 'localization/japanese/replace/toe_great_game_l_japanese.yml', 'localization/japanese/replace/toe_nomad_and_journals_l_japanese.yml'
[09:24:51][pdx_localize.cpp:231]: Key 'objective_toe_beginner' defined in multiple files: 'localization/japanese/replace/toe_beginner_countries_fix_l_japanese.yml', 'localization/japanese/replace/toe_objective_cards_l_japanese.yml'
[09:24:51][pdx_localize.cpp:231]: Key 'objective_toe_beginner_name' defined in multiple files: 'localization/japanese/replace/toe_beginner_countries_fix_l_japanese.yml', 'localization/japanese/replace/toe_objective_cards_l_japanese.yml'
[09:24:51][pdx_localize.cpp:231]: Key 'objective_toe_beginner_desc' defined in multiple files: 'localization/japanese/replace/toe_beginner_countries_fix_l_japanese.yml', 'localization/japanese/replace/toe_objective_cards_l_japanese.yml'
[09:24:51][pdx_localize.cpp:231]: Key 'divided_monarchists_orleanist_progress_bar' defined in multiple files: 'localization/japanese/agitators_1_l_japanese.yml', 'localization/japanese/replace/toe_paido_force_replace_l_japanese.yml'
[09:24:51][pdx_localize.cpp:231]: Key 'divided_monarchists_orleanist_progress_bar_desc' defined in multiple files: 'localization/japanese/agitators_1_l_japanese.yml', 'localization/japanese/replace/toe_paido_force_replace_l_japanese.yml'
[09:24:51][pdx_localize.cpp:231]: Key 'divided_monarchists_legitimist_progress_bar' defined in multiple files: 'localization/japanese/agitators_1_l_japanese.yml', 'localization/japanese/replace/toe_paido_force_replace_l_japanese.yml'
[09:24:51][pdx_localize.cpp:231]: Key 'divided_monarchists_legitimist_progress_bar_desc' defined in multiple files: 'localization/japanese/agitators_1_l_japanese.yml', 'localization/japanese/replace/toe_paido_force_replace_l_japanese.yml'
[09:24:51][pdx_localize.cpp:231]: Key 'je_toe_paido_cultural_integration' defined in multiple files: 'localization/japanese/replace/toe_paido_force_replace_l_japanese.yml', 'localization/japanese/replace/toe_paido_integration_l_japanese.yml'
[09:24:51][pdx_localize.cpp:231]: Key 'je_toe_paido_cultural_integration_reason' defined in multiple files: 'localization/japanese/replace/toe_paido_force_replace_l_japanese.yml', 'localization/japanese/replace/toe_paido_integration_l_japanese.yml'
[09:24:51][pdx_localize.cpp:231]: Key 'je_toe_paido_monarchist_rivalry' defined in multiple files: 'localization/japanese/replace/toe_paido_force_replace_l_japanese.yml', 'localization/japanese/replace/toe_paido_integration_l_japanese.yml'
[09:24:51][pdx_localize.cpp:231]: Key 'je_toe_paido_monarchist_rivalry_reason' defined in multiple files: 'localization/japanese/replace/toe_paido_force_replace_l_japanese.yml', 'localization/japanese/replace/toe_paido_integration_l_japanese.yml'
[09:24:51][pdx_localize.cpp:231]: Key 'toe_paido_rival_monarchs' defined in multiple files: 'localization/japanese/replace/toe_paido_force_replace_l_japanese.yml', 'localization/japanese/replace/toe_paido_integration_l_japanese.yml'
[09:24:51][pdx_localize.cpp:231]: Key 'toe_paido_rival_monarchs_desc' defined in multiple files: 'localization/japanese/replace/toe_paido_force_replace_l_japanese.yml', 'localization/japanese/replace/toe_paido_integration_l_japanese.yml'
[09:24:51][pdx_localize.cpp:231]: Key 'divided_monarchists_orleanist_progress_bar' defined in multiple files: 'localization/japanese/replace/toe_paido_force_replace_l_japanese.yml', 'localization/japanese/replace/toe_paido_integration_l_japanese.yml'
[09:24:51][pdx_localize.cpp:231]: Key 'divided_monarchists_orleanist_progress_bar_name' defined in multiple files: 'localization/japanese/replace/toe_paido_force_replace_l_japanese.yml', 'localization/japanese/replace/toe_paido_integration_l_japanese.yml'
[09:24:51][pdx_localize.cpp:231]: Key 'divided_monarchists_orleanist_progress_bar_desc' defined in multiple files: 'localization/japanese/replace/toe_paido_force_replace_l_japanese.yml', 'localization/japanese/replace/toe_paido_integration_l_japanese.yml'
[09:24:51][pdx_localize.cpp:231]: Key 'divided_monarchists_legitimist_progress_bar' defined in multiple files: 'localization/japanese/replace/toe_paido_force_replace_l_japanese.yml', 'localization/japanese/replace/toe_paido_integration_l_japanese.yml'
[09:24:51][pdx_localize.cpp:231]: Key 'divided_monarchists_legitimist_progress_bar_name' defined in multiple files: 'localization/japanese/replace/toe_paido_force_replace_l_japanese.yml', 'localization/japanese/replace/toe_paido_integration_l_japanese.yml'
[09:24:51][pdx_localize.cpp:231]: Key 'divided_monarchists_legitimist_progress_bar_desc' defined in multiple files: 'localization/japanese/replace/toe_paido_force_replace_l_japanese.yml', 'localization/japanese/replace/toe_paido_integration_l_japanese.yml'
[09:24:51][pdx_localize.cpp:231]: Key 'tradition_paido' defined in multiple files: 'localization/japanese/replace/nsm_cultural_traits_l_japanese.yml', 'localization/japanese/replace/toe_paido_integration_l_japanese.yml'
[09:24:51][pdx_localize.cpp:231]: Key 'je_toe_paido_cultural_integration_name' defined in multiple files: 'localization/japanese/replace/toe_paido_force_replace_l_japanese.yml', 'localization/japanese/replace/toe_paido_integration_l_japanese.yml'
[09:24:51][pdx_localize.cpp:231]: Key 'je_toe_paido_monarchist_rivalry_name' defined in multiple files: 'localization/japanese/replace/toe_paido_force_replace_l_japanese.yml', 'localization/japanese/replace/toe_paido_integration_l_japanese.yml'
[09:24:51][pdx_localize.cpp:231]: Key 'prestige_good_MB_BR_coal' defined in multiple files: 'localization/japanese/replace/mr_company_l_japanese.yml', 'localization/japanese/replace/toe_prestige_goods_complete_l_japanese.yml'
[09:24:51][pdx_localize.cpp:231]: Key 'prestige_good_MB_DR_gold' defined in multiple files: 'localization/japanese/replace/mr_company_l_japanese.yml', 'localization/japanese/replace/toe_prestige_goods_complete_l_japanese.yml'
[09:24:51][pdx_localize.cpp:231]: Key 'prestige_good_MB_JPcar' defined in multiple files: 'localization/japanese/replace/mr_company_l_japanese.yml', 'localization/japanese/replace/toe_prestige_goods_complete_l_japanese.yml'
[09:24:51][pdx_localize.cpp:231]: Key 'prestige_good_MB_PR_transportation' defined in multiple files: 'localization/japanese/replace/mr_company_l_japanese.yml', 'localization/japanese/replace/toe_prestige_goods_complete_l_japanese.yml'
[09:24:51][pdx_localize.cpp:231]: Key 'prestige_good_MB_electricity' defined in multiple files: 'localization/japanese/replace/mr_company_l_japanese.yml', 'localization/japanese/replace/toe_prestige_goods_complete_l_japanese.yml'
[09:24:51][pdx_localize.cpp:231]: Key 'prestige_good_MB_god_engines' defined in multiple files: 'localization/japanese/replace/mr_company_l_japanese.yml', 'localization/japanese/replace/toe_prestige_goods_complete_l_japanese.yml'
[09:24:51][pdx_localize.cpp:231]: Key 'prestige_good_MR_JP2600' defined in multiple files: 'localization/japanese/replace/mr_company_l_japanese.yml', 'localization/japanese/replace/toe_prestige_goods_complete_l_japanese.yml'
[09:24:51][pdx_localize.cpp:231]: Key 'prestige_good_MR_RH_coal' defined in multiple files: 'localization/japanese/replace/mr_company_l_japanese.yml', 'localization/japanese/replace/toe_prestige_goods_complete_l_japanese.yml'
[09:24:51][pdx_localize.cpp:231]: Key 'prestige_good_MR_bscopper' defined in multiple files: 'localization/japanese/replace/mr_company_l_japanese.yml', 'localization/japanese/replace/toe_prestige_goods_complete_l_japanese.yml'
[09:24:51][pdx_localize.cpp:231]: Key 'prestige_good_MR_coke' defined in multiple files: 'localization/japanese/replace/mr_company_l_japanese.yml', 'localization/japanese/replace/toe_prestige_goods_complete_l_japanese.yml'
[09:24:51][pdx_localize.cpp:231]: Key 'prestige_good_MR_munition' defined in multiple files: 'localization/japanese/replace/mr_company_l_japanese.yml', 'localization/japanese/replace/toe_prestige_goods_complete_l_japanese.yml'
[09:24:51][pdx_localize.cpp:231]: Key 'prestige_good_MR_rubber' defined in multiple files: 'localization/japanese/replace/mr_company_l_japanese.yml', 'localization/japanese/replace/toe_prestige_goods_complete_l_japanese.yml'
[09:24:51][pdx_localize.cpp:231]: Key 'prestige_good_MR_sg_glass' defined in multiple files: 'localization/japanese/replace/mr_company_l_japanese.yml', 'localization/japanese/replace/toe_prestige_goods_complete_l_japanese.yml'
[09:24:51][pdx_localize.cpp:231]: Key 'prestige_good_Semolina_pasta' defined in multiple files: 'localization/japanese/replace/mr_company_l_japanese.yml', 'localization/japanese/replace/toe_prestige_goods_complete_l_japanese.yml'
[09:24:51][pdx_localize.cpp:231]: Key 'prestige_good_apple_iphones' defined in multiple files: 'localization/japanese/replace/mr_company_l_japanese.yml', 'localization/japanese/replace/toe_prestige_goods_complete_l_japanese.yml'
[09:24:51][pdx_localize.cpp:231]: Key 'prestige_good_asml_euv_lithography_machines' defined in multiple files: 'localization/japanese/replace/mr_company_l_japanese.yml', 'localization/japanese/replace/toe_prestige_goods_complete_l_japanese.yml'
[09:24:51][pdx_localize.cpp:231]: Key 'prestige_good_gazprom_natural_gas' defined in multiple files: 'localization/japanese/replace/mr_company_l_japanese.yml', 'localization/japanese/replace/toe_prestige_goods_complete_l_japanese.yml'
[09:24:51][pdx_localize.cpp:231]: Key 'prestige_good_gpu' defined in multiple files: 'localization/japanese/replace/mr_company_l_japanese.yml', 'localization/japanese/replace/toe_prestige_goods_complete_l_japanese.yml'
[09:24:51][pdx_localize.cpp:231]: Key 'prestige_good_intel_processors' defined in multiple files: 'localization/japanese/replace/mr_company_l_japanese.yml', 'localization/japanese/replace/toe_prestige_goods_complete_l_japanese.yml'
[09:24:51][pdx_localize.cpp:231]: Key 'prestige_good_nsm_ikafry' defined in multiple files: 'localization/japanese/replace/nsm_companies_l_japanese.yml', 'localization/japanese/replace/toe_prestige_goods_complete_l_japanese.yml'
[09:24:51][pdx_localize.cpp:231]: Key 'prestige_good_nsm_machida_tools' defined in multiple files: 'localization/japanese/replace/nsm_companies_l_japanese.yml', 'localization/japanese/replace/toe_prestige_goods_complete_l_japanese.yml'
[09:24:51][pdx_localize.cpp:231]: Key 'prestige_good_nsm_premium_cotton' defined in multiple files: 'localization/japanese/replace/nsm_companies_l_japanese.yml', 'localization/japanese/replace/toe_prestige_goods_complete_l_japanese.yml'
[09:24:51][pdx_localize.cpp:231]: Key 'prestige_good_nsm_premium_grain' defined in multiple files: 'localization/japanese/replace/nsm_companies_l_japanese.yml', 'localization/japanese/replace/toe_prestige_goods_complete_l_japanese.yml'
[09:24:51][pdx_localize.cpp:231]: Key 'prestige_good_nsm_premium_merchant_ship' defined in multiple files: 'localization/japanese/replace/nsm_companies_l_japanese.yml', 'localization/japanese/replace/toe_prestige_goods_complete_l_japanese.yml'
[09:24:51][pdx_localize.cpp:231]: Key 'prestige_good_nsm_premium_ship' defined in multiple files: 'localization/japanese/replace/nsm_companies_l_japanese.yml', 'localization/japanese/replace/toe_prestige_goods_complete_l_japanese.yml'
[09:24:51][pdx_localize.cpp:231]: Key 'prestige_good_nsm_premium_sulfur' defined in multiple files: 'localization/japanese/replace/nsm_companies_l_japanese.yml', 'localization/japanese/replace/toe_prestige_goods_complete_l_japanese.yml'
[09:24:51][pdx_localize.cpp:231]: Key 'prestige_good_olivetti_teleprinters' defined in multiple files: 'localization/japanese/replace/mr_company_l_japanese.yml', 'localization/japanese/replace/toe_prestige_goods_complete_l_japanese.yml'
[09:24:51][pdx_localize.cpp:231]: Key 'prestige_good_samusung_phone' defined in multiple files: 'localization/japanese/replace/mr_company_l_japanese.yml', 'localization/japanese/replace/toe_prestige_goods_complete_l_japanese.yml'
[09:24:51][pdx_localize.cpp:231]: Key 'prestige_good_saudi_aramco_oil' defined in multiple files: 'localization/japanese/replace/mr_company_l_japanese.yml', 'localization/japanese/replace/toe_prestige_goods_complete_l_japanese.yml'
[09:24:51][pdx_localize.cpp:231]: Key 'prestige_good_tsmc_wafers' defined in multiple files: 'localization/japanese/replace/mr_company_l_japanese.yml', 'localization/japanese/replace/toe_prestige_goods_complete_l_japanese.yml'
[09:24:51][pdx_localize.cpp:231]: Key 'TOE_TREATY_RIA_REPUBLIC_ILVONE_DEFENSE' defined in multiple files: 'localization/japanese/replace/99_toe_ria_ilvone_treaties_l_japanese.yml', 'localization/japanese/replace/toe_treaties_l_japanese.yml'
[09:24:51][pdx_localize.cpp:231]: Key 'TOE_TREATY_RIA_SOCIAL_ILVONE_DEFENSE' defined in multiple files: 'localization/japanese/replace/99_toe_ria_ilvone_treaties_l_japanese.yml', 'localization/japanese/replace/toe_treaties_l_japanese.yml'
[09:24:51][pdx_localize.cpp:231]: Key 'je_group_tanzimat' defined in multiple files: 'localization/japanese/journal_entries_l_japanese.yml', 'localization/japanese/replace/zzz_toe_gorton_tanzimat_l_japanese.yml'
[09:24:51][pdx_localize.cpp:231]: Key 'je_sick_man_main' defined in multiple files: 'localization/japanese/content_1_l_japanese.yml', 'localization/japanese/replace/zzz_toe_gorton_tanzimat_l_japanese.yml'
[09:24:51][pdx_localize.cpp:231]: Key 'je_sick_man_main_reason' defined in multiple files: 'localization/japanese/content_1_l_japanese.yml', 'localization/japanese/replace/zzz_toe_gorton_tanzimat_l_japanese.yml'
[09:24:51][pdx_localize.cpp:231]: Key 'je_sick_man_syria' defined in multiple files: 'localization/japanese/content_1_l_japanese.yml', 'localization/japanese/replace/zzz_toe_gorton_tanzimat_l_japanese.yml'
[09:24:51][pdx_localize.cpp:231]: Key 'je_sick_man_syria_reason' defined in multiple files: 'localization/japanese/content_1_l_japanese.yml', 'localization/japanese/replace/zzz_toe_gorton_tanzimat_l_japanese.yml'
[09:24:51][pdx_localize.cpp:231]: Key 'je_sick_man_egypt' defined in multiple files: 'localization/japanese/content_1_l_japanese.yml', 'localization/japanese/replace/zzz_toe_gorton_tanzimat_l_japanese.yml'
[09:24:51][pdx_localize.cpp:231]: Key 'je_sick_man_egypt_reason' defined in multiple files: 'localization/japanese/content_1_l_japanese.yml', 'localization/japanese/replace/zzz_toe_gorton_tanzimat_l_japanese.yml'
[09:24:51][pdx_localize.cpp:231]: Key 'je_sick_man_economy' defined in multiple files: 'localization/japanese/content_1_l_japanese.yml', 'localization/japanese/replace/zzz_toe_gorton_tanzimat_l_japanese.yml'
[09:24:51][pdx_localize.cpp:231]: Key 'je_sick_man_economy_reason' defined in multiple files: 'localization/japanese/content_1_l_japanese.yml', 'localization/japanese/replace/zzz_toe_gorton_tanzimat_l_japanese.yml'
[09:24:51][pdx_localize.cpp:231]: Key 'je_sick_man_education' defined in multiple files: 'localization/japanese/content_1_l_japanese.yml', 'localization/japanese/replace/zzz_toe_gorton_tanzimat_l_japanese.yml'
[09:24:51][pdx_localize.cpp:231]: Key 'je_sick_man_education_reason' defined in multiple files: 'localization/japanese/content_1_l_japanese.yml', 'localization/japanese/replace/zzz_toe_gorton_tanzimat_l_japanese.yml'
[09:24:51][pdx_localize.cpp:231]: Key 'je_sick_man_separatism' defined in multiple files: 'localization/japanese/content_1_l_japanese.yml', 'localization/japanese/replace/zzz_toe_gorton_tanzimat_l_japanese.yml'
[09:24:51][pdx_localize.cpp:231]: Key 'je_sick_man_separatism_reason' defined in multiple files: 'localization/japanese/content_1_l_japanese.yml', 'localization/japanese/replace/zzz_toe_gorton_tanzimat_l_japanese.yml'
[09:24:51][pdx_localize.cpp:231]: Key 'je_sick_man_army' defined in multiple files: 'localization/japanese/content_1_l_japanese.yml', 'localization/japanese/replace/zzz_toe_gorton_tanzimat_l_japanese.yml'
[09:24:51][pdx_localize.cpp:231]: Key 'je_sick_man_army_reason' defined in multiple files: 'localization/japanese/content_1_l_japanese.yml', 'localization/japanese/replace/zzz_toe_gorton_tanzimat_l_japanese.yml'
[09:24:51][pdx_localize.cpp:231]: Key 'je_sick_man_bureaucracy' defined in multiple files: 'localization/japanese/content_3_l_japanese.yml', 'localization/japanese/replace/zzz_toe_gorton_tanzimat_l_japanese.yml'
[09:24:51][pdx_localize.cpp:231]: Key 'je_sick_man_bureaucracy_reason' defined in multiple files: 'localization/japanese/content_3_l_japanese.yml', 'localization/japanese/replace/zzz_toe_gorton_tanzimat_l_japanese.yml'
[09:24:51][pdx_localize.cpp:231]: Key 'je_sick_man_advance' defined in multiple files: 'localization/japanese/content_1_l_japanese.yml', 'localization/japanese/replace/zzz_toe_gorton_tanzimat_l_japanese.yml'
[09:24:51][pdx_localize.cpp:231]: Key 'finished_sick_man_tt' defined in multiple files: 'localization/japanese/content_1_l_japanese.yml', 'localization/japanese/replace/zzz_toe_gorton_tanzimat_l_japanese.yml'
[09:24:51][pdx_localize.cpp:231]: Key 'tanzimat_events.5.t' defined in multiple files: 'localization/japanese/content_3_l_japanese.yml', 'localization/japanese/replace/zzz_toe_gorton_tanzimat_l_japanese.yml'
[09:24:51][pdx_localize.cpp:231]: Key 'tanzimat_events.5.d' defined in multiple files: 'localization/japanese/content_3_l_japanese.yml', 'localization/japanese/replace/zzz_toe_gorton_tanzimat_l_japanese.yml'
[09:24:51][pdx_localize.cpp:231]: Key 'tanzimat_events.5.f' defined in multiple files: 'localization/japanese/content_3_l_japanese.yml', 'localization/japanese/replace/zzz_toe_gorton_tanzimat_l_japanese.yml'
[09:24:51][pdx_localize.cpp:231]: Key 'tanzimat_events.5.a' defined in multiple files: 'localization/japanese/content_3_l_japanese.yml', 'localization/japanese/replace/zzz_toe_gorton_tanzimat_l_japanese.yml'
[09:24:51][pdx_localize.cpp:231]: Key 'tanzimat_events.5.b' defined in multiple files: 'localization/japanese/content_3_l_japanese.yml', 'localization/japanese/replace/zzz_toe_gorton_tanzimat_l_japanese.yml'
[09:24:51][pdx_localize.cpp:231]: Key 'tanzimat.5.tt1' defined in multiple files: 'localization/japanese/content_3_l_japanese.yml', 'localization/japanese/replace/zzz_toe_gorton_tanzimat_l_japanese.yml'
[09:24:51][pdx_localize.cpp:231]: Key 'tanzimat_events.9.t' defined in multiple files: 'localization/japanese/content_3_l_japanese.yml', 'localization/japanese/replace/zzz_toe_gorton_tanzimat_l_japanese.yml'
[09:24:51][pdx_localize.cpp:231]: Key 'tanzimat_events.9.d' defined in multiple files: 'localization/japanese/content_3_l_japanese.yml', 'localization/japanese/replace/zzz_toe_gorton_tanzimat_l_japanese.yml'
[09:24:51][pdx_localize.cpp:231]: Key 'tanzimat_events.9.f' defined in multiple files: 'localization/japanese/content_3_l_japanese.yml', 'localization/japanese/replace/zzz_toe_gorton_tanzimat_l_japanese.yml'
[09:24:51][pdx_localize.cpp:231]: Key 'tanzimat_events.9.a' defined in multiple files: 'localization/japanese/content_3_l_japanese.yml', 'localization/japanese/replace/zzz_toe_gorton_tanzimat_l_japanese.yml'
[09:24:51][pdx_localize.cpp:231]: Key 'tanzimat_events.9.b' defined in multiple files: 'localization/japanese/content_3_l_japanese.yml', 'localization/japanese/replace/zzz_toe_gorton_tanzimat_l_japanese.yml'
[09:24:51][pdx_localize.cpp:231]: Key 'tanzimat_events.9.c' defined in multiple files: 'localization/japanese/content_3_l_japanese.yml', 'localization/japanese/replace/zzz_toe_gorton_tanzimat_l_japanese.yml'
[09:24:51][pdx_localize.cpp:231]: Key 'tanzimat_events.10.t' defined in multiple files: 'localization/japanese/content_3_l_japanese.yml', 'localization/japanese/replace/zzz_toe_gorton_tanzimat_l_japanese.yml'
[09:24:51][pdx_localize.cpp:231]: Key 'tanzimat_events.10.d' defined in multiple files: 'localization/japanese/content_3_l_japanese.yml', 'localization/japanese/replace/zzz_toe_gorton_tanzimat_l_japanese.yml'
[09:24:51][pdx_localize.cpp:231]: Key 'tanzimat_events.10.f' defined in multiple files: 'localization/japanese/content_3_l_japanese.yml', 'localization/japanese/replace/zzz_toe_gorton_tanzimat_l_japanese.yml'
[09:24:51][pdx_localize.cpp:231]: Key 'tanzimat_events.10.a' defined in multiple files: 'localization/japanese/content_3_l_japanese.yml', 'localization/japanese/replace/zzz_toe_gorton_tanzimat_l_japanese.yml'
[09:24:51][pdx_localize.cpp:231]: Key 'tanzimat_events.10.b' defined in multiple files: 'localization/japanese/content_3_l_japanese.yml', 'localization/japanese/replace/zzz_toe_gorton_tanzimat_l_japanese.yml'
[09:24:51][pdx_localize.cpp:231]: Key 'draft_exemption_tax' defined in multiple files: 'localization/japanese/content_3_l_japanese.yml', 'localization/japanese/replace/zzz_toe_gorton_tanzimat_l_japanese.yml'
[09:24:52][pdxassetutil.cpp:304]: ThreadedInitTextureLookup: gfx/models
[09:24:52][pdxassetutil.cpp:313]: ThreadedInitTextureLookup found 5608 files
[09:24:52][pdx_json_settings.cpp:325]: [SPdxJsonSettingsIO] "pdx_settings.json" file lacks "disabled_categories" setting in "Audio" category.
[09:24:52][pdx_json_settings.cpp:325]: [SPdxJsonSettingsIO] "pdx_settings.json" file lacks "disabled_tracks" setting in "Audio" category.
[09:24:53][pdx_json_settings.cpp:325]: [SPdxJsonSettingsIO] "pdx_settings.json" file lacks "volume.vca:/AMBIENT" setting in "Audio" category.
[09:24:53][pdx_json_settings.cpp:325]: [SPdxJsonSettingsIO] "pdx_settings.json" file lacks "volume.vca:/MUSIC_STINGERS" setting in "Audio" category.
[09:24:53][pdx_json_settings.cpp:325]: [SPdxJsonSettingsIO] "pdx_settings.json" file lacks "volume.vca:/SOUNDTRACK" setting in "Audio" category.
[09:24:53][pdx_json_settings.cpp:325]: [SPdxJsonSettingsIO] "pdx_settings.json" file lacks "volume.vca:/UI" setting in "Audio" category.
[09:24:53][pdx_json_settings.cpp:325]: [SPdxJsonSettingsIO] "pdx_settings.json" file lacks "volume.vca:/SFX" setting in "Audio" category.
[09:24:53][pdx_json_settings.cpp:325]: [SPdxJsonSettingsIO] "pdx_settings.json" file lacks "volume.vca:/Master" setting in "Audio" category.
[09:24:53][pdx_json_settings.cpp:325]: [SPdxJsonSettingsIO] "pdx_settings.json" file lacks "volume.bus:/" setting in "Audio" category.
[09:24:53][pdx_json_settings.cpp:425]: [SPdxJsonSettingsIO] Category:"System" Setting:"common" won't be written 
[09:24:53][jomini_social.cpp:20]: Created Jomini Social
[09:24:54][pdx_gui_localize.cpp:182]: Unlocalized text '#v [State.GetName]#!' at gui/custom_tooltip.gui:8801, either localize it or use the raw_text property instead of text
[09:24:55][pdx_gui_localize.cpp:182]: Unlocalized text 'INTEREST_TIER_MARKER_STRATEGIC_REGION' at gui/map_markers.gui:1008, either localize it or use the raw_text property instead of text
[09:24:55][pdx_gui_localize.cpp:182]: Unlocalized text 'FLEET_NO_INTERCEPT_TARGETS' at gui/military_formation_panel.gui:2286, either localize it or use the raw_text property instead of text
[09:25:06][pdx_3dtypes.cpp:217]: Total time "powerbloc_pedestal_04_mesh" in 676 ms
[09:25:06][pdx_3dtypes.cpp:217]: Total time "powerbloc_pedestal_05_mesh" in 573 ms
[09:25:06][pdx_3dtypes.cpp:217]: Total time "monument_observatorygreenwich_mesh" in 446 ms
[09:25:06][pdx_3dtypes.cpp:217]: Total time "diorama_battle_squad_ground_01_mesh" in 397 ms
[09:25:06][pdx_3dtypes.cpp:217]: Total time "wonder_pena_palace_post_restored_mesh" in 314 ms
[09:25:06][pdx_3dtypes.cpp:217]: Total time "female_head_mesh" in 304 ms
[09:25:06][pdx_3dtypes.cpp:217]: Total time "japan_port_centerpiece_02_mesh" in 276 ms
[09:25:06][pdx_3dtypes.cpp:217]: Total time "wonder_atocha_railway_station_mesh" in 274 ms
[09:25:06][pdx_3dtypes.cpp:217]: Total time "military_navy_skin_mikasa_mesh" in 262 ms
[09:25:06][pdx_3dtypes.cpp:217]: Total time "wonder_taj_mahal_01_mesh" in 258 ms
[09:25:06][pdx_3dtypes.cpp:217]: Total time "predreadnought_base_mesh" in 248 ms
[09:25:06][pdx_3dtypes.cpp:217]: Total time "tree_savanna_001_mesh" in 243 ms
[09:25:06][pdx_3dtypes.cpp:217]: Total time "military_navy_destroyer_generic_mesh" in 234 ms
[09:25:06][pdx_3dtypes.cpp:217]: Total time "asian_urban_residential_rich_03_mesh" in 231 ms
[09:25:06][pdx_3dtypes.cpp:217]: Total time "indian_port_centerpiece_02_mesh" in 226 ms
[09:25:06][pdx_3dtypes.cpp:217]: Total time "multi_test_object_mesh" in 221 ms
[09:25:06][pdx_3dtypes.cpp:217]: Total time "arabic_forestry_loggingcamp_02_mesh" in 214 ms
[09:25:06][pdx_3dtypes.cpp:217]: Total time "european_train_locomotive_01_mesh" in 211 ms
[09:25:06][pdx_3dtypes.cpp:217]: Total time "wonder_white_house_01_mesh" in 211 ms
[09:25:06][pdx_3dtypes.cpp:217]: Total time "latin_city_financialdistrict_01_mesh" in 211 ms
[09:25:06][pdx_3dtypes.cpp:217]: Total time "balkan_port_centerpiece_02_mesh" in 210 ms
[09:25:06][pdx_3dtypes.cpp:217]: Total time "generic_trench_infantry_mesh" in 208 ms
[09:25:06][pdx_3dtypes.cpp:217]: Total time "french_city_factory_textilemill_01_mesh" in 207 ms
[09:25:06][pdx_3dtypes.cpp:217]: Total time "balkan_port_navaladmin_01_mesh" in 207 ms
[09:25:06][pdx_3dtypes.cpp:217]: Total time "hull_protectedcruiser_light_mesh" in 205 ms
[09:25:06][pdx_3dtypes.cpp:217]: Total time "latin_urban_city_residential_mid_03_mesh" in 205 ms
[09:25:06][pdx_3dtypes.cpp:217]: Total time "ship_cuttysark_01_mesh" in 203 ms
[09:25:06][pdx_3dtypes.cpp:217]: Total time "ship_marmara_01_mesh" in 203 ms
[09:25:06][pdx_3dtypes.cpp:217]: Total time "latin_lighthouse_01_mesh" in 199 ms
[09:25:06][pdx_3dtypes.cpp:217]: Total time "balkan_port_fishingwharf_02_mesh" in 192 ms
[09:25:06][pdx_3dtypes.cpp:217]: Total time "wonder_hagia_sophia_02_mesh" in 190 ms
[09:25:06][pdx_3dtypes.cpp:217]: Total time "revolution_barricade_large_trade_unions_mesh" in 186 ms
[09:25:06][pdx_3dtypes.cpp:217]: Total time "asian_urban_port_fishingwharf_01_mesh" in 181 ms
[09:25:06][pdx_3dtypes.cpp:217]: Total time "wonder_chhatrapati_shivaji_terminus_mesh" in 180 ms
[09:25:06][pdx_3dtypes.cpp:217]: Total time "military_infantry_european_t2_mesh" in 177 ms
[09:25:06][pdx_3dtypes.cpp:217]: Total time "canal_kiel_mesh" in 177 ms
[09:25:06][pdx_3dtypes.cpp:217]: Total time "indian_port_docks_01_mesh" in 175 ms
[09:25:06][pdx_3dtypes.cpp:217]: Total time "male_head_mesh" in 175 ms
[09:25:06][pdx_3dtypes.cpp:217]: Total time "generic_aerial_bleriotxi_modern_01_mesh" in 173 ms
[09:25:06][pdx_3dtypes.cpp:217]: Total time "military_navy_skin_borodino_mesh" in 173 ms
[09:25:06][pdx_3dtypes.cpp:217]: Total time "shader_test_mesh" in 170 ms
[09:25:06][pdx_3dtypes.cpp:217]: Total time "military_navy_dreadnought_generic_mesh" in 168 ms
[09:25:06][pdx_3dtypes.cpp:217]: Total time "military_infantry_arabic_t3_mesh" in 165 ms
[09:25:06][pdx_3dtypes.cpp:217]: Total time "female_body_mesh" in 157 ms
[09:25:06][pdx_3dtypes.cpp:217]: Total time "troopship_sails_mesh" in 150 ms
[09:25:06][pdx_3dtypes.cpp:217]: Total time "european_port_fishingwharf_01_mesh" in 150 ms
[09:25:06][pdx_3dtypes.cpp:217]: Total time "french_port_shipyard_01_mesh" in 149 ms
[09:25:06][pdx_3dtypes.cpp:217]: Total time "japan_urban_residential_mid_02_mesh" in 148 ms
[09:25:06][pdx_3dtypes.cpp:217]: Total time "japan_farm_manorhouse_01_mesh" in 146 ms
[09:25:06][pdx_3dtypes.cpp:217]: Total time "indian_mining_oil_01_mesh" in 144 ms
[09:25:06][pdx_3dtypes.cpp:217]: Total time "latin_rural_manorhouse_01_mesh" in 143 ms
[09:25:06][pdx_3dtypes.cpp:217]: Total time "military_transport_railroad_infantrycart_generic_mesh" in 141 ms
[09:25:06][pdx_3dtypes.cpp:217]: Total time "latin_port_navalbase_01_mesh" in 140 ms
[09:25:06][pdx_3dtypes.cpp:217]: Total time "latin_rural_residential_poor_02_mesh" in 139 ms
[09:25:06][pdx_3dtypes.cpp:217]: Total time "wonder_the_kaiserforum_stage2_mesh" in 138 ms
[09:25:06][pdx_3dtypes.cpp:217]: Total time "european_rural_manorhouse_01_mesh" in 138 ms
[09:25:06][pdx_3dtypes.cpp:217]: Total time "indian_logisticscenter_01_mesh" in 132 ms
[09:25:06][pdx_3dtypes.cpp:217]: Total time "arabic_urban_city_residential_poor_02_mesh" in 130 ms
[09:25:06][pdx_3dtypes.cpp:217]: Total time "papermap_pipe_mesh" in 130 ms
[09:25:06][pdx_3dtypes.cpp:217]: Total time "generic_worldmarket_01_mesh" in 129 ms
[09:25:06][pdx_3dtypes.cpp:217]: Total time "african_city_centerpiece_01_mesh" in 128 ms
[09:25:06][pdx_3dtypes.cpp:217]: Total time "african_farm_centerpiece_01_mesh" in 127 ms
[09:25:06][pdx_3dtypes.cpp:217]: Total time "male_body_mesh" in 127 ms
[09:25:06][pdx_3dtypes.cpp:217]: Total time "french_farm_farmstead_02_mesh" in 126 ms
[09:25:06][pdx_3dtypes.cpp:217]: Total time "indian_urban_residential_rich_02_mesh" in 124 ms
[09:25:06][pdx_3dtypes.cpp:217]: Total time "aircraftcarrier_modern_base_mesh" in 121 ms
[09:25:06][pdx_3dtypes.cpp:217]: Total time "european_forestry_centerpiece_01_mesh" in 121 ms
[09:25:06][pdx_3dtypes.cpp:217]: Total time "arabic_city_financialdistrict_01_mesh" in 121 ms
[09:25:06][pdx_3dtypes.cpp:217]: Total time "japan_forestry_transportation_02_mesh" in 120 ms
[09:25:06][pdx_3dtypes.cpp:217]: Total time "japan_rural_residential_mid_02_mesh" in 118 ms
[09:25:06][pdx_3dtypes.cpp:217]: Total time "wild_west_town_mesh" in 118 ms
[09:25:06][pdx_3dtypes.cpp:217]: Total time "road_car_rollsroycesilverghost_mesh" in 117 ms
[09:25:06][pdx_3dtypes.cpp:217]: Total time "military_basecamp_generic_mesh" in 117 ms
[09:25:06][pdx_3dtypes.cpp:217]: Total time "monument_martandsuntemple_mesh" in 116 ms
[09:25:06][pdx_3dtypes.cpp:217]: Total time "military_navy_frigate_generic_mesh" in 116 ms
[09:25:06][pdx_3dtypes.cpp:217]: Total time "generic_forestry_loggingcamp_mixwoodpiles_02_mesh" in 115 ms
[09:25:06][pdx_3dtypes.cpp:217]: Total time "balkan_rural_manorhouse_01_mesh" in 115 ms
[09:25:06][pdx_3dtypes.cpp:217]: Total time "european_port_01_0s_0d_1f_mesh" in 115 ms
[09:25:06][pdx_3dtypes.cpp:217]: Total time "military_medical_firstaid_mesh" in 115 ms
[09:25:06][pdx_3dtypes.cpp:217]: Total time "balkan_farm_centerpiece_01_mesh" in 115 ms
[09:25:06][pdx_3dtypes.cpp:217]: Total time "papermap_table_top_ap1_mesh" in 114 ms
[09:25:06][pdx_3dtypes.cpp:217]: Total time "tree_rainforest_004_mesh" in 114 ms
[09:25:06][pdx_3dtypes.cpp:217]: Total time "french_mining_coaldepot_01_mesh" in 114 ms
[09:25:06][pdx_3dtypes.cpp:217]: Total time "hull_frigate_light_mesh" in 113 ms
[09:25:06][pdx_3dtypes.cpp:217]: Total time "tree_palm_01_mesh" in 113 ms
[09:25:06][pdx_3dtypes.cpp:217]: Total time "wonder_big_ben_01_mesh" in 113 ms
[09:25:06][pdx_3dtypes.cpp:217]: Total time "military_tank_heavy_generic_mesh" in 113 ms
[09:25:06][pdx_3dtypes.cpp:217]: Total time "european_province_farm_02_nobillboards_mesh" in 112 ms
[09:25:06][pdx_3dtypes.cpp:217]: Total time "dango_mesh" in 112 ms
[09:25:06][pdx_3dtypes.cpp:217]: Total time "revolution_barricade_large_armed_forces_mesh" in 111 ms
[09:25:06][pdx_3dtypes.cpp:217]: Total time "african_city_tradecenter_01_mesh" in 110 ms
[09:25:06][pdx_3dtypes.cpp:217]: Total time "funnel_tiny_none_01_mesh" in 110 ms
[09:25:06][pdx_3dtypes.cpp:217]: Total time "french_companyhq_01_mesh" in 110 ms
[09:25:06][pdx_3dtypes.cpp:217]: Total time "gun_sidecannon_medium_01_mesh" in 109 ms
[09:25:06][pdx_3dtypes.cpp:217]: Total time "horse_cart_religiouscongregation_01_mesh" in 109 ms
[09:25:06][pdx_3dtypes.cpp:217]: Total time "japan_farm_ranch_01_mesh" in 109 ms
[09:25:06][pdx_3dtypes.cpp:217]: Total time "railroad_bridge_01_large_mesh" in 108 ms
[09:25:06][pdx_3dtypes.cpp:217]: Total time "military_infantry_southasian_t2_mesh" in 107 ms
[09:25:06][pdx_3dtypes.cpp:217]: Total time "generic_forestry_lumberpile_02_mesh" in 107 ms
[09:25:06][pdx_3dtypes.cpp:217]: Total time "french_farm_ranch_01_mesh" in 106 ms
[09:25:06][pdx_3dtypes.cpp:217]: Total time "male_belt_greatcoat_02_mesh" in 106 ms
[09:25:06][pdx_3dtypes.cpp:217]: Total time "iceberg_03_mesh" in 106 ms
[09:25:06][pdx_3dtypes.cpp:217]: Total time "ship_dhow_01_mesh" in 106 ms
[09:25:06][pdx_3dtypes.cpp:217]: Total time "japan_rural_residential_mid_01_mesh" in 105 ms
[09:25:06][pdx_3dtypes.cpp:217]: Total time "powerbloc_statue_hero_armillary_mesh" in 105 ms
[09:25:06][pdx_3dtypes.cpp:217]: Total time "military_support_hotairballoon_ep1_mesh" in 104 ms
[09:25:06][pdx_3dtypes.cpp:217]: Total time "tree_bush_04_mesh" in 104 ms
[09:25:06][pdx_3dtypes.cpp:217]: Total time "canyon_01_mesh" in 103 ms
[09:25:06][pdx_3dtypes.cpp:217]: Total time "strait_fortification_tower_european_mesh" in 103 ms
[09:25:06][pdx_3dtypes.cpp:217]: Total time "military_props_artillery_siege_01_mesh" in 102 ms
[09:25:06][pdx_3dtypes.cpp:217]: Total time "prop_parasol_mesh" in 102 ms
[09:25:06][pdx_3dtypes.cpp:217]: Total time "japan_urban_residential_poor_02_mesh" in 102 ms
[09:25:06][pdx_3dtypes.cpp:217]: Total time "revolution_barricade_large_devout_mesh" in 102 ms
[09:25:06][pdx_3dtypes.cpp:217]: Total time "arabic_port_centerpiece_02_mesh" in 101 ms
[09:25:06][pdx_3dtypes.cpp:217]: Total time "wonder_wallofchina_01_mesh" in 101 ms
[09:25:06][pdx_3dtypes.cpp:217]: Total time "rock_granite_01_mesh" in 101 ms
[09:25:06][pdx_3dtypes.cpp:217]: Total time "balkan_factory_construction_01_mesh" in 100 ms
[09:25:06][pdx_3dtypes.cpp:217]: Total time "latin_mining_coaldepo_01_mesh" in 100 ms
[09:25:06][pdx_3dtypes.cpp:217]: Total time "female_headgear_european_royal_01_mesh" in 100 ms
[09:25:06][pdx_3dtypes.cpp:217]: Total time "revolution_barricade_large_intelligentsia_mesh" in 100 ms
[09:25:06][pdx_3dtypes.cpp:217]: Total time "balkan_city_centerpiece_01_mesh" in 100 ms
[09:25:06][pdx_3dtypes.cpp:217]: Total time "military_infantry_carlists_mesh" in 100 ms
[09:25:06][pdx_3dtypes.cpp:217]: Total time "french_port_docks_01_mesh" in 100 ms
[09:25:06][pdx_3dtypes.cpp:217]: Total time "japan_port_docks_02_mesh" in 100 ms
[09:25:06][pdx_3dtypes.cpp:217]: Total time "revolution_barricade_large_petty_bourgeoisie_mesh" in 100 ms
[09:25:06][pdx_3dtypes.cpp:217]: Total time "military_artillery_siege_generic_mesh" in 98 ms
[09:25:06][pdx_3dtypes.cpp:217]: Total time "female_hair_european_01_headgear_mesh" in 98 ms
[09:25:06][pdx_3dtypes.cpp:217]: Total time "monitor_funnel_smokebox_mesh" in 97 ms
[09:25:06][pdx_3dtypes.cpp:217]: Total time "revolution_barricade_small_landowners_mesh" in 97 ms
[09:25:06][pdx_3dtypes.cpp:217]: Total time "revolution_barricade_large_rural_folk_mesh" in 96 ms
[09:25:06][pdx_3dtypes.cpp:217]: Total time "seagull_port_frame_mesh" in 95 ms
[09:25:06][pdx_3dtypes.cpp:217]: Total time "african_port_docks_01_mesh" in 95 ms
[09:25:06][pdx_3dtypes.cpp:217]: Total time "military_infantry_eastasian_general_mesh" in 95 ms
[09:25:06][pdx_3dtypes.cpp:217]: Total time "military_infantry_arabic_general_mesh" in 95 ms
[09:25:06][pdx_3dtypes.cpp:217]: Total time "male_top_layers_indian_scarf_01_mesh" in 94 ms
[09:25:06][pdx_3dtypes.cpp:217]: Total time "male_top_layer_south_american_gaucho_01_mesh" in 94 ms
[09:25:06][pdx_3dtypes.cpp:217]: Total time "male_coat_european_military_01_soldier_mesh" in 93 ms
[09:25:06][pdx_3dtypes.cpp:217]: Total time "male_outfit_arabic_royal_02_mesh" in 93 ms
[09:25:06][pdx_3dtypes.cpp:217]: Total time "japan_port_fishingwharf_03_mesh" in 93 ms
[09:25:06][pdx_3dtypes.cpp:217]: Total time "african_mining_coaldepo_01_mesh" in 93 ms
[09:25:06][pdx_3dtypes.cpp:217]: Total time "revolution_barricade_small_mesh" in 93 ms
[09:25:06][pdx_3dtypes.cpp:217]: Total time "revolution_barricade_mid_devout_mesh" in 93 ms
[09:25:06][pdx_3dtypes.cpp:217]: Total time "test_lake_mesh" in 93 ms
[09:25:06][pdx_3dtypes.cpp:217]: Total time "arabic_forestry_scatter_01_mesh" in 93 ms
[09:25:06][pdx_3dtypes.cpp:217]: Total time "male_top_layer_greek_01_bs_thick_mesh" in 92 ms
[09:25:06][pdx_3dtypes.cpp:217]: Total time "male_outfit_ethiopian_common_01_mesh" in 92 ms
[09:25:06][pdx_3dtypes.cpp:217]: Total time "male_headgear_tatya_tope_mesh" in 92 ms
[09:25:06][pdx_3dtypes.cpp:217]: Total time "generic_rural_forestry_camp_02_mesh" in 92 ms
[09:25:06][pdx_3dtypes.cpp:217]: Total time "revolution_barricade_small_armed_forces_mesh" in 91 ms
[09:25:06][pdx_3dtypes.cpp:217]: Total time "military_infantry_african_general_mesh" in 91 ms
[09:25:06][pdx_3dtypes.cpp:217]: Total time "male_hair_european_08_mesh" in 90 ms
[09:25:06][pdx_3dtypes.cpp:217]: Total time "oak_tree_dense_01_mesh" in 90 ms
[09:25:06][pdx_3dtypes.cpp:217]: Total time "military_infantry_carlists_general_mesh" in 90 ms
[09:25:06][pdx_3dtypes.cpp:217]: Total time "military_infantry_european_t1_mesh" in 90 ms
[09:25:06][pdx_3dtypes.cpp:217]: Total time "generic_forestry_lumberdepo_02_mesh" in 89 ms
[09:25:06][pdx_3dtypes.cpp:217]: Total time "revolution_barricade_small_industrialists_mesh" in 89 ms
[09:25:06][pdx_3dtypes.cpp:217]: Total time "military_occupation_flag_mesh" in 88 ms
[09:25:06][pdx_3dtypes.cpp:217]: Total time "military_infantry_african_t3_mesh" in 88 ms
[09:25:06][pdx_3dtypes.cpp:217]: Total time "revolution_barricade_mid_petty_bourgeoisie_mesh" in 88 ms
[09:25:06][pdx_3dtypes.cpp:217]: Total time "military_infantry_arabic_t2_mesh" in 88 ms
[09:25:06][pdx_3dtypes.cpp:217]: Total time "military_infantry_southasian_general_mesh" in 87 ms
[09:25:06][pdx_3dtypes.cpp:217]: Total time "revolution_barricade_large_industrialists_mesh" in 87 ms
[09:25:06][pdx_3dtypes.cpp:217]: Total time "military_infantry_southasian_t1_mesh" in 86 ms
[09:25:06][pdx_3dtypes.cpp:217]: Total time "french_mining_centerpiece_01_mesh" in 86 ms
[09:25:06][pdx_3dtypes.cpp:217]: Total time "naval_order_base_mesh" in 85 ms
[09:25:06][pdx_3dtypes.cpp:217]: Total time "european_port_02_mesh" in 85 ms
[09:25:06][pdx_3dtypes.cpp:217]: Total time "balkan_port_docks_01_mesh" in 85 ms
[09:25:06][pdx_3dtypes.cpp:217]: Total time "military_transport_naval_rowboat_generic_mesh" in 85 ms
[09:25:06][pdx_3dtypes.cpp:217]: Total time "revolution_barricade_mid_trade_unions_mesh" in 85 ms
[09:25:06][pdx_3dtypes.cpp:217]: Total time "revolution_barricade_mid_rural_folk_mesh" in 84 ms
[09:25:06][pdx_3dtypes.cpp:217]: Total time "military_infantry_nativeamerican_t1_mesh" in 84 ms
[09:25:06][pdx_3dtypes.cpp:217]: Total time "military_infantry_arabic_t1_mesh" in 83 ms
[09:25:06][pdx_3dtypes.cpp:217]: Total time "canal_panamacanal_01_mesh" in 83 ms
[09:25:06][pdx_3dtypes.cpp:217]: Total time "military_infantry_eastasian_t1_mesh" in 83 ms
[09:25:06][pdx_3dtypes.cpp:217]: Total time "european_port_01_mesh" in 83 ms
[09:25:06][pdx_3dtypes.cpp:217]: Total time "multi_test_object_roughness_mesh" in 83 ms
[09:25:06][pdx_3dtypes.cpp:217]: Total time "horse_cart_01_mesh" in 82 ms
[09:25:06][pdx_3dtypes.cpp:217]: Total time "military_infantry_african_t2_mesh" in 82 ms
[09:25:06][pdx_3dtypes.cpp:217]: Total time "military_infantry_european_general_mesh" in 81 ms
[09:25:06][pdx_3dtypes.cpp:217]: Total time "generic_battleship_mesh" in 81 ms
[09:25:06][pdx_3dtypes.cpp:217]: Total time "wind_trail_02_mesh" in 80 ms
[09:25:06][pdx_3dtypes.cpp:217]: Total time "military_infantry_african_t1_mesh" in 80 ms
[09:25:06][pdx_3dtypes.cpp:217]: Total time "male_belt_greek_01_bs_fat_mesh" in 79 ms
[09:25:06][pdx_3dtypes.cpp:217]: Total time "edgeofworld_papermap_mesh" in 79 ms
[09:25:06][pdx_3dtypes.cpp:217]: Total time "revolution_barricade_mid_intelligentsia_mesh" in 79 ms
[09:25:06][pdx_3dtypes.cpp:217]: Total time "powerbloc_pedestal_02_mesh" in 78 ms
[09:25:06][pdx_3dtypes.cpp:217]: Total time "military_infantry_eastasian_t3_mesh" in 78 ms
[09:25:06][pdx_3dtypes.cpp:217]: Total time "male_hair_european_04_pope_cap1_mesh" in 78 ms
[09:25:06][pdx_3dtypes.cpp:217]: Total time "french_port_centerpiece_01_mesh" in 78 ms
[09:25:06][pdx_3dtypes.cpp:217]: Total time "tree_bush_01_mesh" in 78 ms
[09:25:06][pdx_3dtypes.cpp:217]: Total time "military_infantry_european_t3_mesh" in 77 ms
[09:25:06][pdx_3dtypes.cpp:217]: Total time "train_cargo_log_02_mesh" in 76 ms
[09:25:06][pdx_3dtypes.cpp:217]: Total time "revolution_barricade_mid_industrialists_mesh" in 76 ms
[09:25:06][pdx_3dtypes.cpp:217]: Total time "prop_bundleofflowers_mesh" in 76 ms
[09:25:06][pdx_3dtypes.cpp:217]: Total time "halloween_castledracula_mesh" in 76 ms
[09:25:06][pdx_3dtypes.cpp:217]: Total time "naval_order_raiding_mesh" in 75 ms
[09:25:06][pdx_3dtypes.cpp:217]: Total time "scaffolding_02_mesh" in 74 ms
[09:25:06][pdx_3dtypes.cpp:217]: Total time "military_infantry_eastasian_t2_mesh" in 74 ms
[09:25:06][pdx_3dtypes.cpp:217]: Total time "protectedcruiser_base_mesh" in 73 ms
[09:25:06][pdx_3dtypes.cpp:217]: Total time "military_infantry_southasian_t3_mesh" in 73 ms
[09:25:06][pdx_3dtypes.cpp:217]: Total time "latin_rural_farm_centerpiece_01_mesh" in 72 ms
[09:25:06][pdx_3dtypes.cpp:217]: Total time "edgeofworld_mesh" in 72 ms
[09:25:06][pdx_3dtypes.cpp:217]: Total time "french_rural_manorhouse_01_mesh" in 72 ms
[09:25:06][pdx_3dtypes.cpp:217]: Total time "wonder_sagradafamilia_02_mesh" in 72 ms
[09:25:06][pdx_3dtypes.cpp:217]: Total time "generic_ship_of_the_line_mesh" in 69 ms
[09:25:06][pdx_3dtypes.cpp:217]: Total time "japan_farm_rice_01_mesh" in 69 ms
[09:25:06][pdx_3dtypes.cpp:217]: Total time "male_mustache_rudolf_prince_of_austria_mesh" in 67 ms
[09:25:06][pdx_3dtypes.cpp:217]: Total time "military_navy_skin_dingyuan_mesh" in 67 ms
[09:25:06][pdx_3dtypes.cpp:217]: Total time "female_teeth_mesh" in 64 ms
[09:25:06][pdx_3dtypes.cpp:217]: Total time "powerbloc_pedestal_01_mesh" in 64 ms
[09:25:06][pdx_3dtypes.cpp:217]: Total time "funnel_small_none_01_mesh" in 63 ms
[09:25:06][pdx_3dtypes.cpp:217]: Total time "ui_flag_01_mesh" in 63 ms
[09:25:06][pdx_3dtypes.cpp:217]: Total time "japan_urban_residential_rich_01_mesh" in 61 ms
[09:25:06][pdx_3dtypes.cpp:217]: Total time "african_rural_residential_rich_01_mesh" in 61 ms
[09:25:06][pdx_3dtypes.cpp:217]: Total time "simple_plane_mesh" in 60 ms
[09:25:06][pdx_3dtypes.cpp:217]: Total time "japan_city_barracks_01_mesh" in 60 ms
[09:25:06][pdx_3dtypes.cpp:217]: Total time "japan_urban_residential_rich_03_mesh" in 60 ms
[09:25:06][pdx_3dtypes.cpp:217]: Total time "african_city_centerpiece_skyscraper_01_mesh" in 60 ms
[09:25:06][pdx_3dtypes.cpp:217]: Total time "male_necklace_chinese_01_high_mesh" in 59 ms
[09:25:06][pdx_3dtypes.cpp:217]: Total time "male_necklace_african_zulu_dingane_01_mesh" in 59 ms
[09:25:06][pdx_3dtypes.cpp:217]: Total time "southern_plantation_mesh" in 59 ms
[09:25:06][pdx_3dtypes.cpp:217]: Total time "seaplanetender_signalflags_01_mesh" in 58 ms
[09:25:06][pdx_3dtypes.cpp:217]: Total time "prop_holyscripture_mesh" in 57 ms
[09:25:06][pdx_3dtypes.cpp:217]: Total time "arabic_city_govadmin_01_mesh" in 57 ms
[09:25:06][pdx_3dtypes.cpp:217]: Total time "wonder_the_kaiserforum_alt_mesh" in 56 ms
[09:25:06][pdx_3dtypes.cpp:217]: Total time "japan_port_worldmarket_01_mesh" in 56 ms
[09:25:06][pdx_3dtypes.cpp:217]: Total time "balkan_city_barracks_01_mesh" in 54 ms
[09:25:06][pdx_3dtypes.cpp:217]: Total time "french_city_barracks_01_mesh" in 54 ms
[09:25:06][pdx_3dtypes.cpp:217]: Total time "female_eyes_mesh" in 53 ms
[09:25:06][pdx_3dtypes.cpp:217]: Total time "balkan_city_tradecenter_01_mesh" in 53 ms
[09:25:06][pdx_3dtypes.cpp:217]: Total time "generic_siege_artillery_mesh" in 52 ms
[09:25:06][pdx_3dtypes.cpp:217]: Total time "diorama_battle_trench_ground_01_mesh" in 52 ms
[09:25:06][pdx_3dtypes.cpp:217]: Total time "wonder_sagradafamilia_03_mesh" in 52 ms
[09:25:06][pdx_3dtypes.cpp:217]: Total time "wonder_vatican_city_01_mesh" in 52 ms
[09:25:06][pdx_3dtypes.cpp:217]: Total time "asian_city_tradecenter_01_mesh" in 52 ms
[09:25:06][pdx_3dtypes.cpp:217]: Total time "japan_factory_steel_01_mesh" in 51 ms
[09:25:06][pdx_3dtypes.cpp:217]: Total time "vfx_ui_plane_battle_progressbar_mesh" in 51 ms
[09:25:06][pdx_3dtypes.cpp:217]: Total time "japan_forestry_centerpiece_03_mesh" in 51 ms
[09:25:06][pdx_3dtypes.cpp:217]: Total time "ship_viewer_water_mesh" in 51 ms
[09:25:06][pdx_3dtypes.cpp:217]: Total time "japan_city_university_01_mesh" in 51 ms
[09:25:06][pdx_3dtypes.cpp:217]: Total time "japan_urban_residential_poor_01_mesh" in 51 ms
[09:25:06][pdx_3dtypes.cpp:217]: Total time "diorama_battle_skirmish_ground_01_mesh" in 51 ms
[09:25:06][pdx_3dtypes.cpp:217]: Total time "french_forestry_camp_02_mesh" in 50 ms
[09:25:06][pdx_3dtypes.cpp:217]: Total time "european_city_university_01_mesh" in 50 ms
[09:25:06][pdx_3dtypes.cpp:217]: Total time "asian_rural_manorhouse_01_mesh" in 49 ms
[09:25:06][pdx_3dtypes.cpp:217]: Total time "african_rural_manorhouse_01_mesh" in 49 ms
[09:25:06][pdx_3dtypes.cpp:217]: Total time "military_navy_scoutcruiser_generic_mesh" in 49 ms
[09:25:06][pdx_3dtypes.cpp:217]: Total time "latin_urban_city_centerpiece_01_mesh" in 49 ms
[09:25:06][pdx_3dtypes.cpp:217]: Total time "powerbloc_pedestal_06_mesh" in 49 ms
[09:25:06][pdx_3dtypes.cpp:217]: Total time "shader_test_simple_mesh" in 49 ms
[09:25:06][pdx_3dtypes.cpp:217]: Total time "french_mining_processing_lead_01_mesh" in 48 ms
[09:25:06][pdx_3dtypes.cpp:217]: Total time "papermap_candle_mesh" in 48 ms
[09:25:06][pdx_3dtypes.cpp:217]: Total time "french_farm_farmhouse_02_mesh" in 48 ms
[09:25:06][pdx_3dtypes.cpp:217]: Total time "european_city_financialdistrict_01_mesh" in 48 ms
[09:25:06][pdx_3dtypes.cpp:217]: Total time "japan_farm_silkplantation_01_mesh" in 48 ms
[09:25:06][pdx_3dtypes.cpp:217]: Total time "generic_forestry_centerpiece_02_mesh" in 48 ms
[09:25:06][pdx_3dtypes.cpp:217]: Total time "japan_farm_centerpiece_01_mesh" in 47 ms
[09:25:06][pdx_3dtypes.cpp:217]: Total time "arabic_rural_farm_centerpiece_01_mesh" in 47 ms
[09:25:06][pdx_3dtypes.cpp:217]: Total time "french_logisticscenter_01_mesh" in 47 ms
[09:25:06][pdx_3dtypes.cpp:217]: Total time "ironfrigate_base_mesh" in 47 ms
[09:25:06][pdx_3dtypes.cpp:217]: Total time "military_props_artillery_cannon_02_mesh" in 46 ms
[09:25:06][pdx_3dtypes.cpp:217]: Total time "balkan_rural_residential_poor_01_mesh" in 46 ms
[09:25:06][pdx_3dtypes.cpp:217]: Total time "african_city_financialdistrict_01_mesh" in 46 ms
[09:25:06][pdx_3dtypes.cpp:217]: Total time "french_rural_residential_mid_01_mesh" in 46 ms
[09:25:06][pdx_3dtypes.cpp:217]: Total time "european_city_tradecenter_01_mesh" in 46 ms
[09:25:06][pdx_3dtypes.cpp:217]: Total time "arabic_urban_city_residential_rich_03_mesh" in 46 ms
[09:25:06][pdx_3dtypes.cpp:217]: Total time "french_city_centerpiece_01_mesh" in 46 ms
[09:25:06][pdx_3dtypes.cpp:217]: Total time "wonder_wallofchinatower_01_mesh" in 45 ms
[09:25:06][pdx_3dtypes.cpp:217]: Total time "african_rural_residential_poor_03_mesh" in 45 ms
[09:25:06][pdx_3dtypes.cpp:217]: Total time "asian_irregular_infantry_mesh" in 45 ms
[09:25:06][pdx_3dtypes.cpp:217]: Total time "french_urban_residential_mid_01_mesh" in 45 ms
[09:25:06][pdx_3dtypes.cpp:217]: Total time "french_city_factory_tools_01_mesh" in 45 ms
[09:25:06][pdx_3dtypes.cpp:217]: Total time "wonder_capitol_building_mesh" in 45 ms
[09:25:06][pdx_3dtypes.cpp:217]: Total time "generic_mining_oil_01_mesh" in 44 ms
[09:25:06][pdx_3dtypes.cpp:217]: Total time "european_line_infantry_mesh" in 44 ms
[09:25:06][pdx_3dtypes.cpp:217]: Total time "military_navy_torpedo_generic_mesh" in 44 ms
[09:25:06][pdx_3dtypes.cpp:217]: Total time "indian_city_skyscraper_mesh" in 44 ms
[09:25:06][pdx_3dtypes.cpp:217]: Total time "wonders_central_park_mesh" in 44 ms
[09:25:06][pdx_3dtypes.cpp:217]: Total time "military_battle_sword_mesh" in 44 ms
[09:25:06][pdx_3dtypes.cpp:217]: Total time "balkan_city_academy_01_mesh" in 44 ms
[09:25:06][pdx_3dtypes.cpp:217]: Total time "african_rural_residential_poor_02_mesh" in 44 ms
[09:25:06][pdx_3dtypes.cpp:217]: Total time "french_city_university_01_mesh" in 44 ms
[09:25:06][pdx_3dtypes.cpp:217]: Total time "african_mobile_artillery_mesh" in 43 ms
[09:25:06][pdx_3dtypes.cpp:217]: Total time "indian_urban_residential_poor_03_mesh" in 43 ms
[09:25:06][pdx_3dtypes.cpp:217]: Total time "arabic_city_university_01_mesh" in 43 ms
[09:25:06][pdx_3dtypes.cpp:217]: Total time "japan_rural_residential_poor_04_mesh" in 43 ms
[09:25:06][pdx_3dtypes.cpp:217]: Total time "destroyer_base_mesh" in 43 ms
[09:25:06][pdx_3dtypes.cpp:217]: Total time "french_farm_centerpiece_01_mesh" in 42 ms
[09:25:06][pdx_3dtypes.cpp:217]: Total time "arabic_urban_city_townsquare_skyscraper_01_mesh" in 42 ms
[09:25:06][pdx_3dtypes.cpp:217]: Total time "balkan_rural_residential_mid_02_mesh" in 42 ms
[09:25:06][pdx_3dtypes.cpp:217]: Total time "arabic_city_academy_01_mesh" in 42 ms
[09:25:06][pdx_3dtypes.cpp:217]: Total time "balkan_urban_residential_rich_03_mesh" in 42 ms
[09:25:06][pdx_3dtypes.cpp:217]: Total time "generic_forestry_centerpiece_03_mesh" in 42 ms
[09:25:06][pdx_3dtypes.cpp:217]: Total time "powerbloc_statue_attachment_academyhat_mesh" in 41 ms
[09:25:06][pdx_3dtypes.cpp:217]: Total time "latin_rural_residential_rich_03_mesh" in 41 ms
[09:25:06][pdx_3dtypes.cpp:217]: Total time "asian_city_centerpiece_skyscraper_01_mesh" in 41 ms
[09:25:06][pdx_3dtypes.cpp:217]: Total time "coastaldefense_base_mesh" in 41 ms
[09:25:06][pdx_3dtypes.cpp:217]: Total time "japan_logisticscenter_01_mesh" in 41 ms
[09:25:06][pdx_3dtypes.cpp:217]: Total time "lightcruiser_base_mesh" in 41 ms
[09:25:06][pdx_3dtypes.cpp:217]: Total time "wonder_sagradafamilia_01_mesh" in 41 ms
[09:25:06][pdx_3dtypes.cpp:217]: Total time "asian_line_infantry_mesh" in 41 ms
[09:25:06][pdx_3dtypes.cpp:217]: Total time "asian_urban_residential_rich_02_mesh" in 41 ms
[09:25:06][pdx_3dtypes.cpp:217]: Total time "african_city_academy_01_mesh" in 41 ms
[09:25:06][pdx_3dtypes.cpp:217]: Total time "indian_city_academy_mesh" in 41 ms
[09:25:06][pdx_3dtypes.cpp:217]: Total time "latin_farm_scatter_01_mesh" in 41 ms
[09:25:06][pdx_3dtypes.cpp:217]: Total time "african_rural_residential_mid_02_mesh" in 41 ms
[09:25:06][pdx_3dtypes.cpp:217]: Total time "japan_city_govadmin_01_mesh" in 41 ms
[09:25:06][pdx_3dtypes.cpp:217]: Total time "indian_farm_ranch_01_mesh" in 41 ms
[09:25:06][pdx_3dtypes.cpp:217]: Total time "french_farm_plantation_01_mesh" in 41 ms
[09:25:06][pdx_3dtypes.cpp:217]: Total time "aircraftcarrier_base_mesh" in 40 ms
[09:25:06][pdx_3dtypes.cpp:217]: Total time "french_forestry_camp_01_mesh" in 40 ms
[09:25:06][pdx_3dtypes.cpp:217]: Total time "french_urban_residential_poor_04_mesh" in 40 ms
[09:25:06][pdx_3dtypes.cpp:217]: Total time "japan_mining_iron_01_mesh" in 40 ms
[09:25:06][pdx_3dtypes.cpp:217]: Total time "vfx_ui_plane_gameover_mesh" in 40 ms
[09:25:06][pdx_3dtypes.cpp:217]: Total time "japan_factory_tech_01_mesh" in 40 ms
[09:25:06][pdx_3dtypes.cpp:217]: Total time "japan_city_financialdistrict_01_mesh" in 40 ms
[09:25:06][pdx_3dtypes.cpp:217]: Total time "indian_urban_residential_mid_03_mesh" in 40 ms
[09:25:06][pdx_3dtypes.cpp:217]: Total time "arabic_forestry_centerpiece_01_mesh" in 40 ms
[09:25:06][pdx_3dtypes.cpp:217]: Total time "latin_urban_city_townsquare_skyscraper_01_mesh" in 40 ms
[09:25:06][pdx_3dtypes.cpp:217]: Total time "balkan_city_govadmin_01_mesh" in 40 ms
[09:25:06][pdx_3dtypes.cpp:217]: Total time "frigate_base_mesh" in 40 ms
[09:25:06][pdx_3dtypes.cpp:217]: Total time "generic_ship_cargo_01_mesh" in 39 ms
[09:25:06][pdx_3dtypes.cpp:217]: Total time "asian_city_financialdistrict_01_mesh" in 39 ms
[09:25:06][pdx_3dtypes.cpp:217]: Total time "indian_forestry_loggingcamp_01_mesh" in 39 ms
[09:25:06][pdx_3dtypes.cpp:217]: Total time "latin_city_tradecenter_01_mesh" in 39 ms
[09:25:06][pdx_3dtypes.cpp:217]: Total time "wonder_forbidden_city_01_mesh" in 39 ms
[09:25:06][pdx_3dtypes.cpp:217]: Total time "indian_rural_residential_mid_01_mesh" in 39 ms
[09:25:06][pdx_3dtypes.cpp:217]: Total time "asian_city_academy_01_mesh" in 39 ms
[09:25:06][pdx_3dtypes.cpp:217]: Total time "japan_rural_residential_rich_03_mesh" in 39 ms
[09:25:06][pdx_3dtypes.cpp:217]: Total time "balkan_factory_warmachine_01_mesh" in 39 ms
[09:25:06][pdx_3dtypes.cpp:217]: Total time "asian_port_navalbase_01_mesh" in 39 ms
[09:25:06][pdx_3dtypes.cpp:217]: Total time "papermap_coffeecup_mesh" in 39 ms
[09:25:06][pdx_3dtypes.cpp:217]: Total time "armouredcruiser_base_mesh" in 39 ms
[09:25:06][pdx_3dtypes.cpp:217]: Total time "revolution_barricade_large_landowners_mesh" in 39 ms
[09:25:06][pdx_3dtypes.cpp:217]: Total time "european_urban_residential_mid_02_mesh" in 38 ms
[09:25:06][pdx_3dtypes.cpp:217]: Total time "french_regionalcompanyhq_01_mesh" in 38 ms
[09:25:06][pdx_3dtypes.cpp:217]: Total time "male_headgear_european_common_02_mesh" in 38 ms
[09:25:06][pdx_3dtypes.cpp:217]: Total time "generic_ironclad_ship_mesh" in 38 ms
[09:25:06][pdx_3dtypes.cpp:217]: Total time "balkan_urban_residential_mid_02_mesh" in 38 ms
[09:25:06][pdx_3dtypes.cpp:217]: Total time "arabic_urban_city_townsquare_01_mesh" in 38 ms
[09:25:06][pdx_3dtypes.cpp:217]: Total time "african_forestry_scatter_01_mesh" in 38 ms
[09:25:06][pdx_3dtypes.cpp:217]: Total time "french_farm_farmhouse_01_mesh" in 38 ms
[09:25:06][pdx_3dtypes.cpp:217]: Total time "japan_rural_residential_poor_02_mesh" in 38 ms
[09:25:06][pdx_3dtypes.cpp:217]: Total time "french_forestry_centerpiece_01_mesh" in 38 ms
[09:25:06][pdx_3dtypes.cpp:217]: Total time "latin_city_university_01_mesh" in 38 ms
[09:25:06][pdx_3dtypes.cpp:217]: Total time "arabic_city_barracks_01_mesh" in 37 ms
[09:25:06][pdx_3dtypes.cpp:217]: Total time "japan_city_centerpiece_01_mesh" in 37 ms
[09:25:06][pdx_3dtypes.cpp:217]: Total time "french_mining_sulfurdepot_01_mesh" in 37 ms
[09:25:06][pdx_3dtypes.cpp:217]: Total time "japan_mining_oil_01_mesh" in 37 ms
[09:25:06][pdx_3dtypes.cpp:217]: Total time "balkan_factory_textilemill_01_mesh" in 37 ms
[09:25:06][pdx_3dtypes.cpp:217]: Total time "diorama_battle_line_ground_01_mesh" in 37 ms
[09:25:06][pdx_3dtypes.cpp:217]: Total time "balkan_factory_tech_01_mesh" in 37 ms
[09:25:06][pdx_3dtypes.cpp:217]: Total time "generic_forestry_centerpiece_01_mesh" in 37 ms
[09:25:06][pdx_3dtypes.cpp:217]: Total time "indian_urban_residential_rich_01_mesh" in 37 ms
[09:25:06][pdx_3dtypes.cpp:217]: Total time "wonder_angkorwat_01_mesh" in 37 ms
[09:25:06][pdx_3dtypes.cpp:217]: Total time "balkan_farm_vineyard_01_mesh" in 37 ms
[09:25:06][pdx_3dtypes.cpp:217]: Total time "generic_irregular_infantry_mesh" in 37 ms
[09:25:06][pdx_3dtypes.cpp:217]: Total time "arabic_city_tradecenter_01_mesh" in 37 ms
[09:25:06][pdx_3dtypes.cpp:217]: Total time "african_city_university_01_mesh" in 36 ms
[09:25:06][pdx_3dtypes.cpp:217]: Total time "hull_armouredcruiser_heavy_mesh" in 36 ms
[09:25:06][pdx_3dtypes.cpp:217]: Total time "generic_flatmap_unit_mesh" in 36 ms
[09:25:06][pdx_3dtypes.cpp:217]: Total time "hull_aircraftcarrier_modern_medium_mesh" in 36 ms
[09:25:06][pdx_3dtypes.cpp:217]: Total time "generic_armored_division_mesh" in 36 ms
[09:25:06][pdx_3dtypes.cpp:217]: Total time "african_line_infantry_mesh" in 36 ms
[09:25:06][pdx_3dtypes.cpp:217]: Total time "shipoftheline_base_mesh" in 36 ms
[09:25:06][pdx_3dtypes.cpp:217]: Total time "papermap_letter_mesh" in 36 ms
[09:25:06][pdx_3dtypes.cpp:217]: Total time "french_revolutioncamp_placeholder_mesh" in 35 ms
[09:25:06][pdx_3dtypes.cpp:217]: Total time "french_city_centerpiece_skyscraper_01_mesh" in 35 ms
[09:25:06][pdx_3dtypes.cpp:217]: Total time "balkan_mining_coal_01_mesh" in 35 ms
[09:25:06][pdx_3dtypes.cpp:217]: Total time "wonder_great_mosque_of_djenne_01_mesh" in 35 ms
[09:25:06][pdx_3dtypes.cpp:217]: Total time "military_cavalry_horse_brown_01_mesh" in 35 ms
[09:25:06][pdx_3dtypes.cpp:217]: Total time "arabic_rural_manorhouse_01_mesh" in 35 ms
[09:25:06][pdx_3dtypes.cpp:217]: Total time "war_machines_manufactory_01_mesh" in 35 ms
[09:25:06][pdx_3dtypes.cpp:217]: Total time "arabic_urban_city_residential_poor_03_mesh" in 35 ms
[09:25:06][pdx_3dtypes.cpp:217]: Total time "diorama_battle_mechanized_ground_01_mesh" in 35 ms
[09:25:06][pdx_3dtypes.cpp:217]: Total time "japan_rural_residential_mid_03_mesh" in 35 ms
[09:25:06][pdx_3dtypes.cpp:217]: Total time "balkan_farm_ranch_01_mesh" in 35 ms
[09:25:06][pdx_3dtypes.cpp:217]: Total time "arabic_urban_city_residential_mid_02_mesh" in 34 ms
[09:25:06][pdx_3dtypes.cpp:217]: Total time "hull_protectedcruiser_heavy_mesh" in 34 ms
[09:25:06][pdx_3dtypes.cpp:217]: Total time "indian_city_financialdistrict_mesh" in 34 ms
[09:25:06][pdx_3dtypes.cpp:217]: Total time "arabic_line_infantry_mesh" in 34 ms
[09:25:06][pdx_3dtypes.cpp:217]: Total time "french_city_govadmin_01_mesh" in 34 ms
[09:25:06][pdx_3dtypes.cpp:217]: Total time "wonder_gran_teatro_de_la_habana_mesh" in 34 ms
[09:25:06][pdx_3dtypes.cpp:217]: Total time "african_urban_city_residential_rich_01_mesh" in 34 ms
[09:25:06][pdx_3dtypes.cpp:217]: Total time "bonsai_tree_mesh" in 34 ms
[09:25:06][pdx_3dtypes.cpp:217]: Total time "japan_factory_furniture_01_mesh" in 34 ms
[09:25:06][pdx_3dtypes.cpp:217]: Total time "earlyironclad_base_mesh" in 34 ms
[09:25:06][pdx_3dtypes.cpp:217]: Total time "hull_aircraftcarrier_medium_mesh" in 34 ms
[09:25:06][pdx_3dtypes.cpp:217]: Total time "asian_city_govadmin_01_mesh" in 34 ms
[09:25:06][pdx_3dtypes.cpp:217]: Total time "powerbloc_pedestal_07_mesh" in 34 ms
[09:25:06][pdx_3dtypes.cpp:217]: Total time "arabic_urban_city_residential_rich_01_mesh" in 34 ms
[09:25:06][pdx_3dtypes.cpp:217]: Total time "balkan_logisticscenter_01_mesh" in 34 ms
[09:25:06][pdx_3dtypes.cpp:217]: Total time "french_port_navalbase_01_mesh" in 34 ms
[09:25:06][pdx_3dtypes.cpp:217]: Total time "generic_logisticscenter_01_mesh" in 34 ms
[09:25:06][pdx_3dtypes.cpp:217]: Total time "latin_colonial_manufactory_03_mesh" in 33 ms
[09:25:06][pdx_3dtypes.cpp:217]: Total time "french_city_tradecenter_01_mesh" in 33 ms
[09:25:06][pdx_3dtypes.cpp:217]: Total time "naval_dagger_mesh" in 33 ms
[09:25:06][pdx_3dtypes.cpp:217]: Total time "arabic_port_navalbase_01_mesh" in 33 ms
[09:25:06][pdx_3dtypes.cpp:217]: Total time "carlist_beret_mesh" in 33 ms
[09:25:06][pdx_3dtypes.cpp:217]: Total time "latin_urban_city_residential_mid_02_mesh" in 33 ms
[09:25:06][pdx_3dtypes.cpp:217]: Total time "african_urban_city_residential_mid_02_mesh" in 33 ms
[09:25:06][pdx_3dtypes.cpp:217]: Total time "balkan_city_regionalcompanyhq_01_mesh" in 33 ms
[09:25:06][pdx_3dtypes.cpp:217]: Total time "military_artillery_shrapnel_generic_mesh" in 33 ms
[09:25:06][pdx_3dtypes.cpp:217]: Total time "african_farm_scatter_02_mesh" in 33 ms
[09:25:06][pdx_3dtypes.cpp:217]: Total time "indian_farm_centerpiece_01_mesh" in 33 ms
[09:25:06][pdx_3dtypes.cpp:217]: Total time "indian_factory_glass_01_mesh" in 33 ms
[09:25:06][pdx_3dtypes.cpp:217]: Total time "generic_companyhq_01_mesh" in 33 ms
[09:25:06][pdx_3dtypes.cpp:217]: Total time "rubber_lodge_01_mesh" in 33 ms
[09:25:06][pdx_3dtypes.cpp:217]: Total time "wonder_manilacathedral_03_mesh" in 33 ms
[09:25:06][pdx_3dtypes.cpp:217]: Total time "arabic_urban_city_residential_mid_03_mesh" in 33 ms
[09:25:06][pdx_3dtypes.cpp:217]: Total time "indian_factory_warmachine_01_mesh" in 32 ms
[09:25:06][pdx_3dtypes.cpp:217]: Total time "french_city_factory_steel_01_mesh" in 32 ms
[09:25:06][pdx_3dtypes.cpp:217]: Total time "japan_city_regionalcompanyhq_01_mesh" in 32 ms
[09:25:06][pdx_3dtypes.cpp:217]: Total time "french_urban_residential_poor_03_mesh" in 32 ms
[09:25:06][pdx_3dtypes.cpp:217]: Total time "french_urban_residential_mid_03_mesh" in 32 ms
[09:25:06][pdx_3dtypes.cpp:217]: Total time "wonder_saint_basils_cathedral_01_mesh" in 32 ms
[09:25:06][pdx_3dtypes.cpp:217]: Total time "french_city_factory_chemical_01_mesh" in 32 ms
[09:25:06][pdx_3dtypes.cpp:217]: Total time "generic_mining_lead_01_mesh" in 32 ms
[09:25:06][pdx_3dtypes.cpp:217]: Total time "japan_mining_lead_01_mesh" in 31 ms
[09:25:06][pdx_3dtypes.cpp:217]: Total time "male_coat_ceo_02_bs_old_mesh" in 31 ms
[09:25:06][pdx_3dtypes.cpp:217]: Total time "french_urban_residential_poor_01_mesh" in 31 ms
[09:25:06][pdx_3dtypes.cpp:217]: Total time "asian_colonial_manufactory_01_mesh" in 31 ms
[09:25:06][pdx_3dtypes.cpp:217]: Total time "latin_urban_city_residential_poor_02_mesh" in 31 ms
[09:25:06][pdx_3dtypes.cpp:217]: Total time "hull_armouredcruiser_light_mesh" in 31 ms
[09:25:06][pdx_3dtypes.cpp:217]: Total time "seaplanetender_base_mesh" in 31 ms
[09:25:06][pdx_3dtypes.cpp:217]: Total time "hull_ironfrigate_medium_mesh" in 31 ms
[09:25:06][pdx_3dtypes.cpp:217]: Total time "wonder_the_kaiserforum_mesh" in 31 ms
[09:25:06][pdx_3dtypes.cpp:217]: Total time "ship_chinesejunk_01_mesh" in 31 ms
[09:25:06][pdx_3dtypes.cpp:217]: Total time "generic_factory_glass_01_mesh" in 31 ms
[09:25:06][pdx_3dtypes.cpp:217]: Total time "european_port_naval_base_01_mesh" in 31 ms
[09:25:06][pdx_3dtypes.cpp:217]: Total time "indian_farm_cotton_01_mesh" in 31 ms
[09:25:06][pdx_3dtypes.cpp:217]: Total time "indian_forestry_loggingcamp_02_mesh" in 30 ms
[09:25:06][pdx_3dtypes.cpp:217]: Total time "latin_farm_plantation_01_mesh" in 30 ms
[09:25:06][pdx_3dtypes.cpp:217]: Total time "female_hair_korean_emperess_01_mesh" in 30 ms
[09:25:06][pdx_3dtypes.cpp:217]: Total time "french_urban_residential_poor_02_mesh" in 30 ms
[09:25:06][pdx_3dtypes.cpp:217]: Total time "japan_city_navaladmin_01_mesh" in 30 ms
[09:25:06][pdx_3dtypes.cpp:217]: Total time "hull_armouredcruiser_medium_mesh" in 30 ms
[09:25:06][pdx_3dtypes.cpp:217]: Total time "balkan_city_skyscraper_01_mesh" in 30 ms
[09:25:06][pdx_3dtypes.cpp:217]: Total time "powerbloc_pedestal_03_mesh" in 30 ms
[09:25:06][pdx_3dtypes.cpp:217]: Total time "military_cavalry_horse_white_01_mesh" in 30 ms
[09:25:06][pdx_3dtypes.cpp:217]: Total time "balkan_rural_residential_rich_01_mesh" in 30 ms
[09:25:06][pdx_3dtypes.cpp:217]: Total time "asian_forestry_centerpiece_01_mesh" in 30 ms
[09:25:06][pdx_3dtypes.cpp:217]: Total time "asian_rural_residential_mid_03_mesh" in 30 ms
[09:25:06][pdx_3dtypes.cpp:217]: Total time "french_rural_residential_rich_01_mesh" in 30 ms
[09:25:06][pdx_3dtypes.cpp:217]: Total time "asian_rural_farm_centerpiece_01_mesh" in 30 ms
[09:25:06][pdx_3dtypes.cpp:217]: Total time "french_rural_residential_rich_02_mesh" in 30 ms
[09:25:06][pdx_3dtypes.cpp:217]: Total time "african_rural_residential_rich_02_mesh" in 30 ms
[09:25:06][pdx_3dtypes.cpp:217]: Total time "indian_mining_sulfur_01_mesh" in 30 ms
[09:25:06][pdx_3dtypes.cpp:217]: Total time "french_mining_processing_iron_01_mesh" in 30 ms
[09:25:06][pdx_3dtypes.cpp:217]: Total time "balkan_urban_residential_mid_03_mesh" in 30 ms
[09:25:06][pdx_3dtypes.cpp:217]: Total time "military_cavalry_horse_beige_01_mesh" in 30 ms
[09:25:06][pdx_3dtypes.cpp:217]: Total time "indian_urban_residential_rich_03_mesh" in 30 ms
[09:25:06][pdx_3dtypes.cpp:217]: Total time "latin_city_barracks_01_mesh" in 29 ms
[09:25:06][pdx_3dtypes.cpp:217]: Total time "cliff_canyon_08_mesh" in 29 ms
[09:25:06][pdx_3dtypes.cpp:217]: Total time "african_urban_city_residential_poor_01_mesh" in 29 ms
[09:25:06][pdx_3dtypes.cpp:217]: Total time "hull_lightcruiser_light_mesh" in 29 ms
[09:25:06][pdx_3dtypes.cpp:217]: Total time "male_headgear_indian_royalty_02_mesh" in 29 ms
[09:25:06][pdx_3dtypes.cpp:217]: Total time "male_coat_vested_tailcoat_01_mesh" in 29 ms
[09:25:06][pdx_3dtypes.cpp:217]: Total time "wonder_giza_necropolis_01_mesh" in 29 ms
[09:25:06][pdx_3dtypes.cpp:217]: Total time "indian_companyhq_01_mesh" in 29 ms
[09:25:06][pdx_3dtypes.cpp:217]: Total time "french_city_financialdistrict_01_mesh" in 29 ms
[09:25:06][pdx_3dtypes.cpp:217]: Total time "european_mobile_artillery_mesh" in 29 ms
[09:25:06][pdx_3dtypes.cpp:217]: Total time "latin_urban_city_townsquare_01_mesh" in 29 ms
[09:25:06][pdx_3dtypes.cpp:217]: Total time "wonder_statue_of_liberty_01_mesh" in 29 ms
[09:25:06][pdx_3dtypes.cpp:217]: Total time "indian_city_govadmin_mesh" in 29 ms
[09:25:06][pdx_3dtypes.cpp:217]: Total time "hull_aircraftcarrier_light_mesh" in 29 ms
[09:25:06][pdx_3dtypes.cpp:217]: Total time "monument_templeofposeidon_mesh" in 29 ms
[09:25:06][pdx_3dtypes.cpp:217]: Total time "military_cavalry_horse_black_01_mesh" in 29 ms
[09:25:06][pdx_3dtypes.cpp:217]: Total time "canal_suezcanal_under_construction_01_mesh" in 29 ms
[09:25:06][pdx_3dtypes.cpp:217]: Total time "asian_city_university_01_mesh" in 29 ms
[09:25:06][pdx_3dtypes.cpp:217]: Total time "monument_watarun_mesh" in 29 ms
[09:25:06][pdx_3dtypes.cpp:217]: Total time "japan_rural_residential_mid_04_mesh" in 29 ms
[09:25:06][pdx_3dtypes.cpp:217]: Total time "arabic_rural_residential_mid_01_mesh" in 29 ms
[09:25:06][pdx_3dtypes.cpp:217]: Total time "latin_rural_residential_rich_02_mesh" in 29 ms
[09:25:06][pdx_3dtypes.cpp:217]: Total time "balkan_urban_residential_poor_01_mesh" in 28 ms
[09:25:06][pdx_3dtypes.cpp:217]: Total time "arabic_farm_ranch_01_mesh" in 28 ms
[09:25:06][pdx_3dtypes.cpp:217]: Total time "indian_urban_residential_poor_01_mesh" in 28 ms
[09:25:06][pdx_3dtypes.cpp:217]: Total time "japan_rural_residential_rich_02_mesh" in 28 ms
[09:25:06][pdx_3dtypes.cpp:217]: Total time "wonder_christ_the_redeemer_01_mesh" in 28 ms
[09:25:06][pdx_3dtypes.cpp:217]: Total time "military_navy_carrier_generic_mesh" in 28 ms
[09:25:06][pdx_3dtypes.cpp:217]: Total time "french_rural_residential_mid_03_mesh" in 28 ms
[09:25:06][pdx_3dtypes.cpp:217]: Total time "arabic_rural_residential_rich_01_mesh" in 28 ms
[09:25:06][pdx_3dtypes.cpp:217]: Total time "african_urban_city_residential_poor_03_mesh" in 28 ms
[09:25:06][pdx_3dtypes.cpp:217]: Total time "hull_earlyironclad_light_mesh" in 28 ms
[09:25:06][pdx_3dtypes.cpp:217]: Total time "wonder_the_kaiserforum_stage1_mesh" in 28 ms
[09:25:06][pdx_3dtypes.cpp:217]: Total time "asian_city_barracks_01_mesh" in 28 ms
[09:25:06][pdx_3dtypes.cpp:217]: Total time "french_city_factory_warmachine_01_mesh" in 28 ms
[09:25:06][pdx_3dtypes.cpp:217]: Total time "wonder_eiffel_tower_01_mesh" in 28 ms
[09:25:06][pdx_3dtypes.cpp:217]: Total time "balkan_farm_wheat_01_mesh" in 28 ms
[09:25:06][pdx_3dtypes.cpp:217]: Total time "balkan_forestry_centerpiece_03_mesh" in 28 ms
[09:25:06][pdx_3dtypes.cpp:217]: Total time "hull_seaplanetender_medium_mesh" in 28 ms
[09:25:06][pdx_3dtypes.cpp:217]: Total time "african_rural_residential_rich_03_mesh" in 28 ms
[09:25:06][pdx_3dtypes.cpp:217]: Total time "european_urban_residential_poor_02_mesh" in 28 ms
[09:25:06][pdx_3dtypes.cpp:217]: Total time "male_belt_greatcoat_01_mesh" in 28 ms
[09:25:06][pdx_3dtypes.cpp:217]: Total time "european_rural_building_rich_01_mesh" in 28 ms
[09:25:06][pdx_3dtypes.cpp:217]: Total time "japan_forestry_centerpiece_02_mesh" in 28 ms
[09:25:06][pdx_3dtypes.cpp:217]: Total time "asian_rural_residential_mid_02_mesh" in 28 ms
[09:25:06][pdx_3dtypes.cpp:217]: Total time "papermap_cloth_01_mesh" in 27 ms
[09:25:06][pdx_3dtypes.cpp:217]: Total time "male_coat_vested_tailcoat_02_mesh" in 27 ms
[09:25:06][pdx_3dtypes.cpp:217]: Total time "asian_rural_ranch_01_mesh" in 27 ms
[09:25:06][pdx_3dtypes.cpp:217]: Total time "balkan_city_financialdistrict_01_mesh" in 27 ms
[09:25:06][pdx_3dtypes.cpp:217]: Total time "african_urban_city_residential_poor_02_mesh" in 27 ms
[09:25:06][pdx_3dtypes.cpp:217]: Total time "male_headgear_balkan_fur_01_mesh" in 27 ms
[09:25:06][pdx_3dtypes.cpp:217]: Total time "asian_port_centerpiece_01_mesh" in 27 ms
[09:25:06][pdx_3dtypes.cpp:217]: Total time "indian_factory_powerplant_01_mesh" in 27 ms
[09:25:06][pdx_3dtypes.cpp:217]: Total time "african_rural_residential_mid_01_mesh" in 27 ms
[09:25:06][pdx_3dtypes.cpp:217]: Total time "japan_city_tradecenter_01_mesh" in 27 ms
[09:25:06][pdx_3dtypes.cpp:217]: Total time "balkan_city_university_01_mesh" in 27 ms
[09:25:06][pdx_3dtypes.cpp:217]: Total time "japan_factory_food_01_mesh" in 27 ms
[09:25:06][pdx_3dtypes.cpp:217]: Total time "male_coat_european_fancy_single_breasted_01_mesh" in 27 ms
[09:25:06][pdx_3dtypes.cpp:217]: Total time "european_city_centerpiece_01_mesh" in 27 ms
[09:25:06][pdx_3dtypes.cpp:217]: Total time "generic_oil_drill_01_mesh" in 27 ms
[09:25:06][pdx_3dtypes.cpp:217]: Total time "hull_lightcruiser_medium_mesh" in 27 ms
[09:25:06][pdx_3dtypes.cpp:217]: Total time "balkan_rural_residential_mid_03_mesh" in 27 ms
[09:25:06][pdx_3dtypes.cpp:217]: Total time "african_farm_plantation_01_mesh" in 27 ms
[09:25:06][pdx_3dtypes.cpp:217]: Total time "asian_farm_farmstead_02_mesh" in 27 ms
[09:25:06][pdx_3dtypes.cpp:217]: Total time "hull_ironfrigate_heavy_mesh" in 27 ms
[09:25:06][pdx_3dtypes.cpp:217]: Total time "indian_urban_residential_mid_02_mesh" in 27 ms
[09:25:06][pdx_3dtypes.cpp:217]: Total time "female_hair_chinese_01_mesh" in 27 ms
[09:25:06][pdx_3dtypes.cpp:217]: Total time "military_navy_monitor_generic_mesh" in 27 ms
[09:25:06][pdx_3dtypes.cpp:217]: Total time "generic_mining_gold_01_mesh" in 27 ms
[09:25:06][pdx_3dtypes.cpp:217]: Total time "hull_submarine_heavy_mesh" in 27 ms
[09:25:06][pdx_3dtypes.cpp:217]: Total time "diorama_battle_irregular_ground_01_mesh" in 27 ms
[09:25:06][pdx_3dtypes.cpp:217]: Total time "asian_rural_residential_rich_02_mesh" in 27 ms
[09:25:06][pdx_3dtypes.cpp:217]: Total time "hull_seaplanetender_heavy_mesh" in 27 ms
[09:25:06][pdx_3dtypes.cpp:217]: Total time "indian_city_centerpiece_mesh" in 27 ms
[09:25:06][pdx_3dtypes.cpp:217]: Total time "wonder_argebam_01_mesh" in 27 ms
[09:25:06][pdx_3dtypes.cpp:217]: Total time "african_port_navalbase_01_mesh" in 26 ms
[09:25:06][pdx_3dtypes.cpp:217]: Total time "french_urban_residential_rich_01_mesh" in 26 ms
[09:25:06][pdx_3dtypes.cpp:217]: Total time "arabic_rural_residential_rich_03_mesh" in 26 ms
[09:25:06][pdx_3dtypes.cpp:217]: Total time "arabic_irregular_infantry_mesh" in 26 ms
[09:25:06][pdx_3dtypes.cpp:217]: Total time "latin_urban_city_residential_rich_03_mesh" in 26 ms
[09:25:06][pdx_3dtypes.cpp:217]: Total time "latin_city_academy_01_mesh" in 26 ms
[09:25:06][pdx_3dtypes.cpp:217]: Total time "female_hair_queen_victoria_mesh" in 26 ms
[09:25:06][pdx_3dtypes.cpp:217]: Total time "indian_factory_chemical_01_mesh" in 26 ms
[09:25:06][pdx_3dtypes.cpp:217]: Total time "french_urban_residential_rich_02_mesh" in 26 ms
[09:25:06][pdx_3dtypes.cpp:217]: Total time "cliff_canyon_01_mesh" in 26 ms
[09:25:06][pdx_3dtypes.cpp:217]: Total time "torpedoboatdestroyer_base_mesh" in 26 ms
[09:25:06][pdx_3dtypes.cpp:217]: Total time "female_outfit_polynesian_01_high_mesh" in 26 ms
[09:25:06][pdx_3dtypes.cpp:217]: Total time "latin_farm_scatter_02_mesh" in 26 ms
[09:25:06][pdx_3dtypes.cpp:217]: Total time "cliff_canyon_09_mesh" in 26 ms
[09:25:06][pdx_3dtypes.cpp:217]: Total time "african_city_govadmin_01_mesh" in 26 ms
[09:25:06][pdx_3dtypes.cpp:217]: Total time "female_hair_japanese_01_mesh" in 26 ms
[09:25:06][pdx_3dtypes.cpp:217]: Total time "male_outfit_greek_fustanella_01_mesh" in 26 ms
[09:25:06][pdx_3dtypes.cpp:217]: Total time "generic_factory_steel_01_mesh" in 26 ms
[09:25:06][pdx_3dtypes.cpp:217]: Total time "ui_flag_01_aimated_mesh" in 26 ms
[09:25:06][pdx_3dtypes.cpp:217]: Total time "wonder_hagia_sophia_01_mesh" in 26 ms
[09:25:06][pdx_3dtypes.cpp:217]: Total time "japan_urban_residential_poor_03_mesh" in 26 ms
[09:25:06][pdx_3dtypes.cpp:217]: Total time "french_rural_residential_rich_03_mesh" in 26 ms
[09:25:06][pdx_3dtypes.cpp:217]: Total time "asian_rural_residential_mid_01_mesh" in 26 ms
[09:25:06][pdx_3dtypes.cpp:217]: Total time "indian_rural_residential_rich_01_mesh" in 26 ms
[09:25:06][pdx_3dtypes.cpp:217]: Total time "generic_mobile_artillery_mesh" in 26 ms
[09:25:06][pdx_3dtypes.cpp:217]: Total time "wonder_khaju_bridge_01_mesh" in 25 ms
[09:25:06][pdx_3dtypes.cpp:217]: Total time "african_irregular_infantry_mesh" in 25 ms
[09:25:06][pdx_3dtypes.cpp:217]: Total time "japan_city_academy_01_mesh" in 25 ms
[09:25:06][pdx_3dtypes.cpp:217]: Total time "african_rural_residential_mid_03_mesh" in 25 ms
[09:25:06][pdx_3dtypes.cpp:217]: Total time "cliff_canyon_16_mesh" in 25 ms
[09:25:06][pdx_3dtypes.cpp:217]: Total time "european_rural_ranch_01_mesh" in 25 ms
[09:25:06][pdx_3dtypes.cpp:217]: Total time "african_city_barracks_01_mesh" in 25 ms
[09:25:06][pdx_3dtypes.cpp:217]: Total time "balkan_rural_residential_poor_03_mesh" in 25 ms
[09:25:06][pdx_3dtypes.cpp:217]: Total time "hull_predreadnought_medium_mesh" in 25 ms
[09:25:06][pdx_3dtypes.cpp:217]: Total time "balkan_port_navalbase_02_mesh" in 25 ms
[09:25:06][pdx_3dtypes.cpp:217]: Total time "arabic_rural_residential_poor_01_mesh" in 25 ms
[09:25:06][pdx_3dtypes.cpp:217]: Total time "european_city_barracks_01_mesh" in 25 ms
[09:25:06][pdx_3dtypes.cpp:217]: Total time "japan_urban_residential_poor_04_mesh" in 25 ms
[09:25:06][pdx_3dtypes.cpp:217]: Total time "japan_forestry_centerpiece_01_mesh" in 25 ms
[09:25:06][pdx_3dtypes.cpp:217]: Total time "french_forestry_scatter_01_mesh" in 25 ms
[09:25:06][pdx_3dtypes.cpp:217]: Total time "european_city_academy_01_mesh" in 25 ms
[09:25:06][pdx_3dtypes.cpp:217]: Total time "generic_line_infantry_mesh" in 25 ms
[09:25:06][pdx_3dtypes.cpp:217]: Total time "french_city_factory_arms_01_mesh" in 25 ms
[09:25:06][pdx_3dtypes.cpp:217]: Total time "male_coat_european_gb_01_mesh" in 25 ms
[09:25:06][pdx_3dtypes.cpp:217]: Total time "indian_rural_manorhouse_01_mesh" in 25 ms
[09:25:06][pdx_3dtypes.cpp:217]: Total time "latin_rural_residential_mid_03_mesh" in 25 ms
[09:25:06][pdx_3dtypes.cpp:217]: Total time "generic_forestry_transportation_03_mesh" in 25 ms
[09:25:06][pdx_3dtypes.cpp:217]: Total time "latin_urban_city_residential_poor_03_mesh" in 25 ms
[09:25:06][pdx_3dtypes.cpp:217]: Total time "papermap_cigarbox_01_mesh" in 25 ms
[09:25:06][pdx_3dtypes.cpp:217]: Total time "superdreadnought_base_mesh" in 25 ms
[09:25:06][pdx_3dtypes.cpp:217]: Total time "african_farm_ranch_01_mesh" in 25 ms
[09:25:06][pdx_3dtypes.cpp:217]: Total time "indian_rural_residential_poor_02_mesh" in 25 ms
[09:25:06][pdx_3dtypes.cpp:217]: Total time "french_city_factory_food_01_mesh" in 25 ms
[09:25:06][pdx_3dtypes.cpp:217]: Total time "asian_rural_residential_rich_01_mesh" in 24 ms
[09:25:06][pdx_3dtypes.cpp:217]: Total time "generic_aerial_bleriotxi_01_mesh" in 24 ms
[09:25:06][pdx_3dtypes.cpp:217]: Total time "cliff_canyon_03_mesh" in 24 ms
[09:25:06][pdx_3dtypes.cpp:217]: Total time "male_outfits_naval_01_mesh" in 24 ms
[09:25:06][pdx_3dtypes.cpp:217]: Total time "european_city_government_administration_01_mesh" in 24 ms
[09:25:06][pdx_3dtypes.cpp:217]: Total time "military_artillery_cannon_generic_mesh" in 24 ms
[09:25:06][pdx_3dtypes.cpp:217]: Total time "indian_city_barracks_mesh" in 24 ms
[09:25:06][pdx_3dtypes.cpp:217]: Total time "male_coat_vested_tailcoat_03_mesh" in 24 ms
[09:25:06][pdx_3dtypes.cpp:217]: Total time "wonder_manilacathedral_02_mesh" in 24 ms
[09:25:06][pdx_3dtypes.cpp:217]: Total time "balkan_mining_centerpiece_01_mesh" in 24 ms
[09:25:06][pdx_3dtypes.cpp:217]: Total time "papermap_netturpetti_mesh" in 24 ms
[09:25:06][pdx_3dtypes.cpp:217]: Total time "european_rural_plantation_01_mesh" in 24 ms
[09:25:06][pdx_3dtypes.cpp:217]: Total time "hull_troopship_light_mesh" in 24 ms
[09:25:06][pdx_3dtypes.cpp:217]: Total time "latin_port_centerpiece_02_mesh" in 24 ms
[09:25:06][pdx_3dtypes.cpp:217]: Total time "male_top_layer_south_american_bandit_lampiao_01_mesh" in 24 ms
[09:25:06][pdx_3dtypes.cpp:217]: Total time "arabic_rural_residential_poor_03_mesh" in 24 ms
[09:25:06][pdx_3dtypes.cpp:217]: Total time "african_mininghub_centerpiece_01_mesh" in 24 ms
[09:25:06][pdx_3dtypes.cpp:217]: Total time "hull_lightcruiser_heavy_mesh" in 24 ms
[09:25:06][pdx_3dtypes.cpp:217]: Total time "european_urban_residential_mid_01_mesh" in 24 ms
[09:25:06][pdx_3dtypes.cpp:217]: Total time "european_rural_building_rich_02_mesh" in 24 ms
[09:25:06][pdx_3dtypes.cpp:217]: Total time "military_navy_blockade_generic_mesh" in 24 ms
[09:25:06][pdx_3dtypes.cpp:217]: Total time "papermap_homemade_bomb_mesh" in 24 ms
[09:25:06][pdx_3dtypes.cpp:217]: Total time "military_artillery_mobile_generic_mesh" in 23 ms
[09:25:06][pdx_3dtypes.cpp:217]: Total time "tree_cypress_002_mesh" in 23 ms
[09:25:06][pdx_3dtypes.cpp:217]: Total time "female_hair_african_01_mesh" in 23 ms
[09:25:06][pdx_3dtypes.cpp:217]: Total time "european_urban_residential_mid_03_mesh" in 23 ms
[09:25:06][pdx_3dtypes.cpp:217]: Total time "steam_transport_ship_01_mesh" in 23 ms
[09:25:06][pdx_3dtypes.cpp:217]: Total time "military_tank_light_generic_mesh" in 23 ms
[09:25:06][pdx_3dtypes.cpp:217]: Total time "arabic_rural_residential_poor_02_mesh" in 23 ms
[09:25:06][pdx_3dtypes.cpp:217]: Total time "male_top_layer_greek_01_mesh" in 23 ms
[09:25:06][pdx_3dtypes.cpp:217]: Total time "hull_destroyer_medium_mesh" in 23 ms
[09:25:06][pdx_3dtypes.cpp:217]: Total time "male_legwear_south_american_01_low_mesh" in 23 ms
[09:25:06][pdx_3dtypes.cpp:217]: Total time "indian_urban_residential_poor_02_mesh" in 23 ms
[09:25:06][pdx_3dtypes.cpp:217]: Total time "japan_urban_residential_mid_01_mesh" in 23 ms
[09:25:06][pdx_3dtypes.cpp:217]: Total time "french_rural_residential_mid_02_mesh" in 23 ms
[09:25:06][pdx_3dtypes.cpp:217]: Total time "indian_farm_rice_01_mesh" in 23 ms
[09:25:06][pdx_3dtypes.cpp:217]: Total time "female_headgear_european_agitator_02_mesh" in 23 ms
[09:25:06][pdx_3dtypes.cpp:217]: Total time "balkan_factory_chemical_01_mesh" in 23 ms
[09:25:06][pdx_3dtypes.cpp:217]: Total time "hull_seaplanetender_light_mesh" in 23 ms
[09:25:06][pdx_3dtypes.cpp:217]: Total time "japan_forestry_trees_01_mesh" in 23 ms
[09:25:06][pdx_3dtypes.cpp:217]: Total time "male_headgear_shako_hat_01_mesh" in 23 ms
[09:25:06][pdx_3dtypes.cpp:217]: Total time "latin_urban_city_residential_rich_02_mesh" in 23 ms
[09:25:06][pdx_3dtypes.cpp:217]: Total time "european_farm_farmhouse_01_mesh" in 23 ms
[09:25:06][pdx_3dtypes.cpp:217]: Total time "french_rural_residential_poor_02_mesh" in 23 ms
[09:25:06][pdx_3dtypes.cpp:217]: Total time "female_necklace_power_bloc_trade_01_mesh" in 23 ms
[09:25:06][pdx_3dtypes.cpp:217]: Total time "african_farm_farmstead_01_mesh" in 23 ms
[09:25:06][pdx_3dtypes.cpp:217]: Total time "japan_factory_construction_01_mesh" in 23 ms
[09:25:06][pdx_3dtypes.cpp:217]: Total time "female_headgear_portuguese_01_mesh" in 22 ms
[09:25:06][pdx_3dtypes.cpp:217]: Total time "horse_cart_ap1_03_mesh" in 22 ms
[09:25:06][pdx_3dtypes.cpp:217]: Total time "latin_rural_residential_rich_01_mesh" in 22 ms
[09:25:06][pdx_3dtypes.cpp:217]: Total time "french_rural_residential_poor_03_mesh" in 22 ms
[09:25:06][pdx_3dtypes.cpp:217]: Total time "generic_factory_chemical_01_mesh" in 22 ms
[09:25:06][pdx_3dtypes.cpp:217]: Total time "french_city_factory_papermill_01_mesh" in 22 ms
[09:25:06][pdx_3dtypes.cpp:217]: Total time "french_urban_residential_rich_03_mesh" in 22 ms
[09:25:06][pdx_3dtypes.cpp:217]: Total time "latin_urban_city_residential_mid_01_mesh" in 22 ms
[09:25:06][pdx_3dtypes.cpp:217]: Total time "african_colonial_manufactory_02_mesh" in 22 ms
[09:25:06][pdx_3dtypes.cpp:217]: Total time "latin_rural_residential_poor_01_mesh" in 22 ms
[09:25:06][pdx_3dtypes.cpp:217]: Total time "male_shirt_indian_maharaja_singh_01_mesh" in 22 ms
[09:25:06][pdx_3dtypes.cpp:217]: Total time "strait_fortification_tower_asian_mesh" in 22 ms
[09:25:06][pdx_3dtypes.cpp:217]: Total time "japan_rural_residential_poor_01_mesh" in 22 ms
[09:25:06][pdx_3dtypes.cpp:217]: Total time "indian_factory_tools_01_mesh" in 22 ms
[09:25:06][pdx_3dtypes.cpp:217]: Total time "military_transport_naval_landingcraft_generic_mesh" in 22 ms
[09:25:06][pdx_3dtypes.cpp:217]: Total time "latin_farm_farmstead_01_mesh" in 22 ms
[09:25:06][pdx_3dtypes.cpp:217]: Total time "indian_regionalcompanyhq_01_mesh" in 22 ms
[09:25:06][pdx_3dtypes.cpp:217]: Total time "male_coat_late_military_greatcoat_01_mesh" in 22 ms
[09:25:06][pdx_3dtypes.cpp:217]: Total time "male_outfit_arabic_common_02_mesh" in 22 ms
[09:25:06][pdx_3dtypes.cpp:217]: Total time "arabic_rural_residential_mid_03_mesh" in 22 ms
[09:25:06][pdx_3dtypes.cpp:217]: Total time "asian_province_subfarm_02_mesh" in 22 ms
[09:25:06][pdx_3dtypes.cpp:217]: Total time "french_rural_residential_poor_01_mesh" in 22 ms
[09:25:06][pdx_3dtypes.cpp:217]: Total time "wonder_petra_01_mesh" in 22 ms
[09:25:06][pdx_3dtypes.cpp:217]: Total time "wonder_machu_picchu_mesh" in 22 ms
[09:25:06][pdx_3dtypes.cpp:217]: Total time "indian_rural_residential_rich_03_mesh" in 22 ms
[09:25:06][pdx_3dtypes.cpp:217]: Total time "hull_shipoftheline_heavy_mesh" in 22 ms
[09:25:06][pdx_3dtypes.cpp:217]: Total time "african_lighthouse_01_mesh" in 22 ms
[09:25:06][pdx_3dtypes.cpp:217]: Total time "european_urban_residential_poor_03_mesh" in 22 ms
[09:25:06][pdx_3dtypes.cpp:217]: Total time "hull_troopship_heavy_mesh" in 22 ms
[09:25:06][pdx_3dtypes.cpp:217]: Total time "european_province_farm_02_mesh" in 22 ms
[09:25:06][pdx_3dtypes.cpp:217]: Total time "asian_province_subfarm_01_mesh" in 22 ms
[09:25:06][pdx_3dtypes.cpp:217]: Total time "female_top_layers_power_bloc_01_mesh" in 22 ms
[09:25:06][pdx_3dtypes.cpp:217]: Total time "japan_urban_residential_rich_02_mesh" in 22 ms
[09:25:06][pdx_3dtypes.cpp:217]: Total time "balkan_rural_residential_mid_01_mesh" in 22 ms
[09:25:06][pdx_3dtypes.cpp:217]: Total time "arabic_urban_city_residential_mid_01_mesh" in 22 ms
[09:25:06][pdx_3dtypes.cpp:217]: Total time "european_rural_building_rich_04_mesh" in 22 ms
[09:25:06][pdx_3dtypes.cpp:217]: Total time "asian_rural_residential_poor_01_mesh" in 22 ms
[09:25:06][pdx_3dtypes.cpp:217]: Total time "hull_aircraftcarrier_heavy_mesh" in 22 ms
[09:25:06][pdx_3dtypes.cpp:217]: Total time "latin_rural_residential_mid_01_mesh" in 22 ms
[09:25:06][pdx_3dtypes.cpp:217]: Total time "arabic_farm_scatter_01_mesh" in 21 ms
[09:25:06][pdx_3dtypes.cpp:217]: Total time "asian_urban_residential_poor_02_mesh" in 21 ms
[09:25:06][pdx_3dtypes.cpp:217]: Total time "papermap_object_compass_mesh" in 21 ms
[09:25:06][pdx_3dtypes.cpp:217]: Total time "african_port_centerpiece_01_mesh" in 21 ms
[09:25:06][pdx_3dtypes.cpp:217]: Total time "latin_farm_ranch_01_mesh" in 21 ms
[09:25:06][pdx_3dtypes.cpp:217]: Total time "arabic_mobile_artillery_mesh" in 21 ms
[09:25:06][pdx_3dtypes.cpp:217]: Total time "arabic_rural_residential_rich_02_mesh" in 21 ms
[09:25:06][pdx_3dtypes.cpp:217]: Total time "french_city_factory_tech_01_mesh" in 21 ms
[09:25:06][pdx_3dtypes.cpp:217]: Total time "japan_factory_powerplant_01_mesh" in 21 ms
[09:25:06][pdx_3dtypes.cpp:217]: Total time "hull_modernironclad_light_mesh" in 21 ms
[09:25:06][pdx_3dtypes.cpp:217]: Total time "male_mustache_bahadur_shah_zafar_mesh" in 21 ms
[09:25:06][pdx_3dtypes.cpp:217]: Total time "male_legwear_african_zulu_dingane_01_mesh" in 21 ms
[09:25:06][pdx_3dtypes.cpp:217]: Total time "male_coat_european_civil_dress_uniform_01_mesh" in 21 ms
[09:25:06][pdx_3dtypes.cpp:217]: Total time "horses_01_mesh" in 21 ms
[09:25:06][pdx_3dtypes.cpp:217]: Total time "balkan_urban_residential_poor_02_mesh" in 21 ms
[09:25:06][pdx_3dtypes.cpp:217]: Total time "balkan_urban_residential_rich_02_mesh" in 21 ms
[09:25:06][pdx_3dtypes.cpp:217]: Total time "male_coat_historical_dracula_mesh" in 21 ms
[09:25:06][pdx_3dtypes.cpp:217]: Total time "latin_urban_city_residential_poor_01_mesh" in 21 ms
[09:25:06][pdx_3dtypes.cpp:217]: Total time "generic_factory_textilemill_01_mesh" in 21 ms
[09:25:06][pdx_3dtypes.cpp:217]: Total time "japan_rural_residential_poor_03_mesh" in 21 ms
[09:25:06][pdx_3dtypes.cpp:217]: Total time "european_irregular_infantry_mesh" in 21 ms
[09:25:06][pdx_3dtypes.cpp:217]: Total time "african_urban_city_residential_mid_01_mesh" in 21 ms
[09:25:06][pdx_3dtypes.cpp:217]: Total time "male_headgear_european_common_01_mesh" in 21 ms
[09:25:06][pdx_3dtypes.cpp:217]: Total time "hull_ironfrigate_light_mesh" in 21 ms
[09:25:06][pdx_3dtypes.cpp:217]: Total time "wonder_manilacathedral_01_mesh" in 21 ms
[09:25:06][pdx_3dtypes.cpp:217]: Total time "female_coat_european_greatcoat_01_mesh" in 21 ms
[09:25:06][pdx_3dtypes.cpp:217]: Total time "japan_factory_glass_01_mesh" in 21 ms
[09:25:06][pdx_3dtypes.cpp:217]: Total time "indian_factory_arms_01_mesh" in 21 ms
[09:25:06][pdx_3dtypes.cpp:217]: Total time "asian_urban_residential_mid_03_mesh" in 21 ms
[09:25:06][pdx_3dtypes.cpp:217]: Total time "french_city_factory_glass_01_mesh" in 20 ms
[09:25:06][pdx_3dtypes.cpp:217]: Total time "european_farm_farmhouse_02_mesh" in 20 ms
[09:25:06][pdx_3dtypes.cpp:217]: Total time "french_city_academy_01_mesh" in 20 ms
[09:25:06][pdx_3dtypes.cpp:217]: Total time "asian_urban_residential_rich_01_mesh" in 20 ms
[09:25:06][pdx_3dtypes.cpp:217]: Total time "balkan_urban_residential_poor_03_mesh" in 20 ms
[09:25:06][pdx_3dtypes.cpp:217]: Total time "male_headgear_maharaja_singh_01_mesh" in 20 ms
[09:25:06][pdx_3dtypes.cpp:217]: Total time "japan_mining_coal_01_mesh" in 20 ms
[09:25:06][pdx_3dtypes.cpp:217]: Total time "papermap_kolbasz_mesh" in 20 ms
[09:25:06][pdx_3dtypes.cpp:217]: Total time "balkan_forestry_transportation_03_mesh" in 20 ms
[09:25:06][pdx_3dtypes.cpp:217]: Total time "female_outfit_european_royal_01_mesh" in 20 ms
[09:25:06][pdx_3dtypes.cpp:217]: Total time "modernironclad_base_mesh" in 20 ms
[09:25:06][pdx_3dtypes.cpp:217]: Total time "papermap_bugbearflask_mesh" in 20 ms
[09:25:06][pdx_3dtypes.cpp:217]: Total time "balkan_port_whalingstation_01_mesh" in 20 ms
[09:25:06][pdx_3dtypes.cpp:217]: Total time "hull_frigate_medium_mesh" in 20 ms
[09:25:06][pdx_3dtypes.cpp:217]: Total time "french_farm_farmstead_01_mesh" in 20 ms
[09:25:06][pdx_3dtypes.cpp:217]: Total time "female_headgear_central_asian_01_low_mesh" in 20 ms
[09:25:06][pdx_3dtypes.cpp:217]: Total time "asian_urban_residential_poor_01_mesh" in 20 ms
[09:25:06][pdx_3dtypes.cpp:217]: Total time "hull_aircraftcarrier_modern_heavy_mesh" in 20 ms
[09:25:06][pdx_3dtypes.cpp:217]: Total time "hull_protectedcruiser_medium_mesh" in 20 ms
[09:25:06][pdx_3dtypes.cpp:217]: Total time "male_hair_art_test_01_mesh" in 20 ms
[09:25:06][pdx_3dtypes.cpp:217]: Total time "tractor_01_mesh" in 20 ms
[09:25:06][pdx_3dtypes.cpp:217]: Total time "japan_forestry_trees_03_mesh" in 20 ms
[09:25:06][pdx_3dtypes.cpp:217]: Total time "female_outfit_working_class_01_mesh" in 20 ms
[09:25:06][pdx_3dtypes.cpp:217]: Total time "male_headgear_beret_hat_01_mesh" in 20 ms
[09:25:06][pdx_3dtypes.cpp:217]: Total time "arabic_forestry_loggingcamp_01_mesh" in 20 ms
[09:25:06][pdx_3dtypes.cpp:217]: Total time "hull_superdreadnought_medium_mesh" in 20 ms
[09:25:06][pdx_3dtypes.cpp:217]: Total time "japan_urban_residential_mid_03_mesh" in 20 ms
[09:25:06][pdx_3dtypes.cpp:217]: Total time "asian_urban_residential_mid_01_mesh" in 19 ms
[09:25:06][pdx_3dtypes.cpp:217]: Total time "indian_rural_residential_mid_03_mesh" in 19 ms
[09:25:06][pdx_3dtypes.cpp:217]: Total time "french_mining_quarry_03_mesh" in 19 ms
[09:25:06][pdx_3dtypes.cpp:217]: Total time "hull_torpedoboatdestroyer_light_mesh" in 19 ms
[09:25:06][pdx_3dtypes.cpp:217]: Total time "male_beard_victor_emmanuel_mesh" in 19 ms
[09:25:06][pdx_3dtypes.cpp:217]: Total time "strait_fortification_tower_african_mesh" in 19 ms
[09:25:06][pdx_3dtypes.cpp:217]: Total time "flatbed_truck_01_mesh" in 19 ms
[09:25:06][pdx_3dtypes.cpp:217]: Total time "japan_rural_residential_rich_01_mesh" in 19 ms
[09:25:06][pdx_3dtypes.cpp:217]: Total time "indian_mining_centerpiece_01_mesh" in 19 ms
[09:25:06][pdx_3dtypes.cpp:217]: Total time "european_urban_residential_rich_02_mesh" in 19 ms
[09:25:06][pdx_3dtypes.cpp:217]: Total time "hull_shipoftheline_light_mesh" in 19 ms
[09:25:06][pdx_3dtypes.cpp:217]: Total time "female_hair_european_short_haircut_01_mesh" in 19 ms
[09:25:06][pdx_3dtypes.cpp:217]: Total time "indian_city_university_mesh" in 19 ms
[09:25:06][pdx_3dtypes.cpp:217]: Total time "submarine_base_mesh" in 19 ms
[09:25:06][pdx_3dtypes.cpp:217]: Total time "hull_destroyer_light_mesh" in 19 ms
[09:25:06][pdx_3dtypes.cpp:217]: Total time "balkan_urban_residential_poor_04_mesh" in 19 ms
[09:25:06][pdx_3dtypes.cpp:217]: Total time "generic_factory_munition_01_mesh" in 19 ms
[09:25:06][pdx_3dtypes.cpp:217]: Total time "balkan_rural_residential_rich_02_mesh" in 19 ms
[09:25:06][pdx_3dtypes.cpp:217]: Total time "asian_mobile_artillery_mesh" in 19 ms
[09:25:06][pdx_3dtypes.cpp:217]: Total time "male_coat_historical_john_brown_01_mesh" in 19 ms
[09:25:06][pdx_3dtypes.cpp:217]: Total time "dreadnought_base_mesh" in 19 ms
[09:25:06][pdx_3dtypes.cpp:217]: Total time "male_belt_generic_01_mesh" in 19 ms
[09:25:06][pdx_3dtypes.cpp:217]: Total time "female_belt_lakshmibai_01_mesh" in 19 ms
[09:25:06][pdx_3dtypes.cpp:217]: Total time "male_outfit_european_carnaval_pierrot_01_mesh" in 19 ms
[09:25:06][pdx_3dtypes.cpp:217]: Total time "latin_rural_residential_mid_02_mesh" in 19 ms
[09:25:06][pdx_3dtypes.cpp:217]: Total time "balkan_factory_papermill_01_mesh" in 19 ms
[09:25:06][pdx_3dtypes.cpp:217]: Total time "arabic_urban_city_residential_rich_02_mesh" in 19 ms
[09:25:06][pdx_3dtypes.cpp:217]: Total time "male_legwear_navy_01_mesh" in 19 ms
[09:25:06][pdx_3dtypes.cpp:217]: Total time "generic_factory_papermill_01_mesh" in 19 ms
[09:25:06][pdx_3dtypes.cpp:217]: Total time "papermap_cubancigar_mesh" in 19 ms
[09:25:06][pdx_3dtypes.cpp:217]: Total time "french_city_factory_munition_01_mesh" in 18 ms
[09:25:06][pdx_3dtypes.cpp:217]: Total time "male_hair_african_04_mesh" in 18 ms
[09:25:06][pdx_3dtypes.cpp:217]: Total time "african_manufactory_01_mesh" in 18 ms
[09:25:06][pdx_3dtypes.cpp:217]: Total time "female_hair_african_02_mesh" in 18 ms
[09:25:06][pdx_3dtypes.cpp:217]: Total time "male_hair_indian_01_mesh" in 18 ms
[09:25:06][pdx_3dtypes.cpp:217]: Total time "european_urban_residential_poor_01_mesh" in 18 ms
[09:25:06][pdx_3dtypes.cpp:217]: Total time "latin_colonial_manufactory_02_mesh" in 18 ms
[09:25:06][pdx_3dtypes.cpp:217]: Total time "male_beard_indian_akbar_shah_ii_mesh" in 18 ms
[09:25:06][pdx_3dtypes.cpp:217]: Total time "male_coat_european_cossack_01_mesh" in 18 ms
[09:25:06][pdx_3dtypes.cpp:217]: Total time "balkan_city_companyhq_01_mesh" in 18 ms
[09:25:06][pdx_3dtypes.cpp:217]: Total time "male_headgear_native_american_01_high_mesh" in 18 ms
[09:25:06][pdx_3dtypes.cpp:217]: Total time "male_headgear_historical_muhammad_ali_jinnah_mesh" in 18 ms
[09:25:06][pdx_3dtypes.cpp:217]: Total time "prop_umbrella_mesh" in 18 ms
[09:25:06][pdx_3dtypes.cpp:217]: Total time "female_top_layer_japanese_raincoat_01_mesh" in 18 ms
[09:25:06][pdx_3dtypes.cpp:217]: Total time "male_legwear_slavic_01_high_mesh" in 18 ms
[09:25:06][pdx_3dtypes.cpp:217]: Total time "papermap_table_top_ip3_mesh" in 18 ms
[09:25:06][pdx_3dtypes.cpp:217]: Total time "hull_dreadnought_heavy_mesh" in 18 ms
[09:25:06][pdx_3dtypes.cpp:217]: Total time "french_city_factory_powerplant_01_mesh" in 18 ms
[09:25:06][pdx_3dtypes.cpp:217]: Total time "japan_factory_tools_01_mesh" in 18 ms
[09:25:06][pdx_3dtypes.cpp:217]: Total time "arabic_rural_residential_mid_02_mesh" in 18 ms
[09:25:06][pdx_3dtypes.cpp:217]: Total time "generic_factory_arms_01_mesh" in 18 ms
[09:25:06][pdx_3dtypes.cpp:217]: Total time "female_necklace_indian_02_mesh" in 18 ms
[09:25:06][pdx_3dtypes.cpp:217]: Total time "prop_saber_mesh" in 18 ms
[09:25:06][pdx_3dtypes.cpp:217]: Total time "hull_troopship_medium_mesh" in 18 ms
[09:25:06][pdx_3dtypes.cpp:217]: Total time "latin_urban_city_residential_rich_01_mesh" in 18 ms
[09:25:06][pdx_3dtypes.cpp:217]: Total time "male_coat_alexis_de_tocqueville_01_mesh" in 18 ms
[09:25:06][pdx_3dtypes.cpp:217]: Total time "wonder_eye_of_sahara_01_mesh" in 18 ms
[09:25:06][pdx_3dtypes.cpp:217]: Total time "indian_factory_papermill_01_mesh" in 18 ms
[09:25:06][pdx_3dtypes.cpp:217]: Total time "hull_dreadnought_light_mesh" in 18 ms
[09:25:06][pdx_3dtypes.cpp:217]: Total time "latin_forestry_loggingcamp_02_mesh" in 18 ms
[09:25:06][pdx_3dtypes.cpp:217]: Total time "male_beard_frankenstein_scars_mesh" in 18 ms
[09:25:06][pdx_3dtypes.cpp:217]: Total time "asian_farm_farmstead_01_mesh" in 18 ms
[09:25:06][pdx_3dtypes.cpp:217]: Total time "balkan_factory_glass_01_mesh" in 18 ms
[09:25:06][pdx_3dtypes.cpp:217]: Total time "male_beard_indian_01_mesh" in 18 ms
[09:25:06][pdx_3dtypes.cpp:217]: Total time "female_prop_apron_mesh" in 18 ms
[09:25:06][pdx_3dtypes.cpp:217]: Total time "male_headgear_arabic_military_01_mesh" in 18 ms
[09:25:06][pdx_3dtypes.cpp:217]: Total time "male_outfit_siamese_common_01_mesh" in 18 ms
[09:25:06][pdx_3dtypes.cpp:217]: Total time "female_outfit_japanese_01_mid_mesh" in 18 ms
[09:25:06][pdx_3dtypes.cpp:217]: Total time "generic_factory_construction_01_mesh" in 18 ms
[09:25:06][pdx_3dtypes.cpp:217]: Total time "japan_factory_arms_01_mesh" in 18 ms
[09:25:06][pdx_3dtypes.cpp:217]: Total time "european_rural_building_mid_01_mesh" in 18 ms
[09:25:06][pdx_3dtypes.cpp:217]: Total time "male_shirt_european_01_mesh" in 17 ms
[09:25:06][pdx_3dtypes.cpp:217]: Total time "male_outfit_central_asian_01_high_mesh" in 17 ms
[09:25:06][pdx_3dtypes.cpp:217]: Total time "balkan_urban_residential_rich_01_mesh" in 17 ms
[09:25:06][pdx_3dtypes.cpp:217]: Total time "female_top_layer_japanese_common_01_mesh" in 17 ms
[09:25:06][pdx_3dtypes.cpp:217]: Total time "male_beard_european_07_mesh" in 17 ms
[09:25:06][pdx_3dtypes.cpp:217]: Total time "hull_modernironclad_medium_mesh" in 17 ms
[09:25:06][pdx_3dtypes.cpp:217]: Total time "indian_port_navalbase_mesh" in 17 ms
[09:25:06][pdx_3dtypes.cpp:217]: Total time "male_headgear_european_gb_01_mesh" in 17 ms
[09:25:06][pdx_3dtypes.cpp:217]: Total time "male_coat_european_01_mesh" in 17 ms
[09:25:06][pdx_3dtypes.cpp:217]: Total time "male_legwear_european_military_01_mesh" in 17 ms
[09:25:06][pdx_3dtypes.cpp:217]: Total time "european_city_centerpiece_skyscraper_01_mesh" in 17 ms
[09:25:06][pdx_3dtypes.cpp:217]: Total time "hull_destroyer_heavy_mesh" in 17 ms
[09:25:06][pdx_3dtypes.cpp:217]: Total time "military_arms_lance_mesh" in 17 ms
[09:25:06][pdx_3dtypes.cpp:217]: Total time "female_coat_vivandiere_01_mesh" in 17 ms
[09:25:06][pdx_3dtypes.cpp:217]: Total time "african_urban_city_residential_rich_03_mesh" in 17 ms
[09:25:06][pdx_3dtypes.cpp:217]: Total time "sail_transport_ship_01_mesh" in 17 ms
[09:25:06][pdx_3dtypes.cpp:217]: Total time "bird_seagull_01_mesh" in 17 ms
[09:25:06][pdx_3dtypes.cpp:217]: Total time "arabic_factory_colonial_02_mesh" in 17 ms
[09:25:06][pdx_3dtypes.cpp:217]: Total time "papermap_yali_01_mesh" in 17 ms
[09:25:06][pdx_3dtypes.cpp:217]: Total time "male_necklace_power_bloc_ideological_01_mesh" in 17 ms
[09:25:06][pdx_3dtypes.cpp:217]: Total time "strait_fortification_tower_arabic_mesh" in 17 ms
[09:25:06][pdx_3dtypes.cpp:217]: Total time "male_top_layer_cuirass_01_mesh" in 17 ms
[09:25:06][pdx_3dtypes.cpp:217]: Total time "prop_wrench_mesh" in 17 ms
[09:25:06][pdx_3dtypes.cpp:217]: Total time "male_hair_european_15_mesh" in 17 ms
[09:25:06][pdx_3dtypes.cpp:217]: Total time "hull_frigate_heavy_mesh" in 17 ms
[09:25:06][pdx_3dtypes.cpp:217]: Total time "male_hair_historical_robert_grant_mesh" in 17 ms
[09:25:06][pdx_3dtypes.cpp:217]: Total time "hull_earlyironclad_medium_mesh" in 17 ms
[09:25:06][pdx_3dtypes.cpp:217]: Total time "male_headgear_jankoji_rao_scindia_ii_mesh" in 17 ms
[09:25:06][pdx_3dtypes.cpp:217]: Total time "hull_superdreadnought_heavy_mesh" in 17 ms
[09:25:06][pdx_3dtypes.cpp:217]: Total time "african_rural_residential_poor_01_mesh" in 17 ms
[09:25:06][pdx_3dtypes.cpp:217]: Total time "african_farm_scatter_01_mesh" in 17 ms
[09:25:06][pdx_3dtypes.cpp:217]: Total time "arabic_farm_plantation_01_mesh" in 17 ms
[09:25:06][pdx_3dtypes.cpp:217]: Total time "hull_modernironclad_heavy_mesh" in 17 ms
[09:25:06][pdx_3dtypes.cpp:217]: Total time "female_outfit_central_asian_01_low_mesh" in 17 ms
[09:25:06][pdx_3dtypes.cpp:217]: Total time "female_headgear_japanese_common_01_mesh" in 17 ms
[09:25:06][pdx_3dtypes.cpp:217]: Total time "female_headgear_arabic_common_02_mesh" in 17 ms
[09:25:06][pdx_3dtypes.cpp:217]: Total time "male_belt_japanese_01_mesh" in 17 ms
[09:25:06][pdx_3dtypes.cpp:217]: Total time "african_colonial_manufactory_01_mesh" in 17 ms
[09:25:06][pdx_3dtypes.cpp:217]: Total time "latin_manufactory_01_mesh" in 17 ms
[09:25:06][pdx_3dtypes.cpp:217]: Total time "balkan_factory_arms_01_mesh" in 17 ms
[09:25:06][pdx_3dtypes.cpp:217]: Total time "female_outfit_korean_common_01_mesh" in 17 ms
[09:25:06][pdx_3dtypes.cpp:217]: Total time "hull_submarine_light_mesh" in 17 ms
[09:25:06][pdx_3dtypes.cpp:217]: Total time "female_headgear_european_common_02_mesh" in 17 ms
[09:25:06][pdx_3dtypes.cpp:217]: Total time "male_headgear_austrian_military_cap_02_mesh" in 17 ms
[09:25:06][pdx_3dtypes.cpp:217]: Total time "male_headgear_indian_common_01_mesh" in 17 ms
[09:25:06][pdx_3dtypes.cpp:217]: Total time "indian_mining_gold_01_mesh" in 17 ms
[09:25:06][pdx_3dtypes.cpp:217]: Total time "balkan_factory_munition_01_mesh" in 17 ms
[09:25:06][pdx_3dtypes.cpp:217]: Total time "male_belts_cossack_01_mesh" in 17 ms
[09:25:06][pdx_3dtypes.cpp:217]: Total time "male_beard_asian_01_mesh" in 17 ms
[09:25:06][pdx_3dtypes.cpp:217]: Total time "male_headgear_japanese_common_04_mesh" in 17 ms
[09:25:06][pdx_3dtypes.cpp:217]: Total time "japan_forestry_trees_02_mesh" in 17 ms
[09:25:06][pdx_3dtypes.cpp:217]: Total time "train_locomotive_crampton_01_mesh" in 16 ms
[09:25:06][pdx_3dtypes.cpp:217]: Total time "hull_superdreadnought_light_mesh" in 16 ms
[09:25:06][pdx_3dtypes.cpp:217]: Total time "female_top_layer_indian_common_01_mesh" in 16 ms
[09:25:06][pdx_3dtypes.cpp:217]: Total time "female_outfit_slavic_01_mid_mesh" in 16 ms
[09:25:06][pdx_3dtypes.cpp:217]: Total time "male_beard_mihailo_obrenovic_mesh" in 16 ms
[09:25:06][pdx_3dtypes.cpp:217]: Total time "male_hair_frankenstein_01_mesh" in 16 ms
[09:25:06][pdx_3dtypes.cpp:217]: Total time "asian_furniture_manufactory_01_mesh" in 16 ms
[09:25:06][pdx_3dtypes.cpp:217]: Total time "prop_shackles_mesh" in 16 ms
[09:25:06][pdx_3dtypes.cpp:217]: Total time "indian_rural_residential_rich_02_mesh" in 16 ms
[09:25:06][pdx_3dtypes.cpp:217]: Total time "male_headgear_russian_military_01_mesh" in 16 ms
[09:25:06][pdx_3dtypes.cpp:217]: Total time "torpedoboat_base_mesh" in 16 ms
[09:25:06][pdx_3dtypes.cpp:217]: Total time "female_outfit_circumpolar_01_low_mesh" in 16 ms
[09:25:06][pdx_3dtypes.cpp:217]: Total time "male_outfit_christian_priest_01_mesh" in 16 ms
[09:25:06][pdx_3dtypes.cpp:217]: Total time "train_electric_01_mesh" in 16 ms
[09:25:06][pdx_3dtypes.cpp:217]: Total time "european_car_01_mesh" in 16 ms
[09:25:06][pdx_3dtypes.cpp:217]: Total time "generic_forestry_equipment_03_mesh" in 16 ms
[09:25:06][pdx_3dtypes.cpp:217]: Total time "male_hair_european_04_cap1_mesh" in 16 ms
[09:25:06][pdx_3dtypes.cpp:217]: Total time "male_headgear_japanese_nirayamagasa_mesh" in 16 ms
[09:25:06][pdx_3dtypes.cpp:217]: Total time "hull_monitor_medium_mesh" in 16 ms
[09:25:06][pdx_3dtypes.cpp:217]: Total time "male_mustache_napoleon_03_mesh" in 16 ms
[09:25:06][pdx_3dtypes.cpp:217]: Total time "female_outfit_japanese_01_low_mesh" in 16 ms
[09:25:06][pdx_3dtypes.cpp:217]: Total time "hull_coastaldefense_light_mesh" in 16 ms
[09:25:06][pdx_3dtypes.cpp:217]: Total time "arabic_lighthouse_01_mesh" in 16 ms
[09:25:06][pdx_3dtypes.cpp:217]: Total time "male_mustache_african_03_mesh" in 16 ms
[09:25:06][pdx_3dtypes.cpp:217]: Total time "arabic_factory_colonial_03_mesh" in 16 ms
[09:25:06][pdx_3dtypes.cpp:217]: Total time "female_outfit_central_asian_01_high_mesh" in 16 ms
[09:25:06][pdx_3dtypes.cpp:217]: Total time "male_headgear_african_common_02_mesh" in 16 ms
[09:25:06][pdx_3dtypes.cpp:217]: Total time "indian_urban_residential_poor_04_mesh" in 16 ms
[09:25:06][pdx_3dtypes.cpp:217]: Total time "generic_mining_centerpiece_01_mesh" in 16 ms
[09:25:06][pdx_3dtypes.cpp:217]: Total time "strait_fortification_tower_latin_mesh" in 16 ms
[09:25:06][pdx_3dtypes.cpp:217]: Total time "male_shirts_balkan_hajduk_01_mesh" in 16 ms
[09:25:06][pdx_3dtypes.cpp:217]: Total time "asian_rural_residential_poor_02_mesh" in 16 ms
[09:25:06][pdx_3dtypes.cpp:217]: Total time "indian_city_tradecenter_mesh" in 16 ms
[09:25:06][pdx_3dtypes.cpp:217]: Total time "balkan_mining_oil_01_mesh" in 16 ms
[09:25:06][pdx_3dtypes.cpp:217]: Total time "japan_factory_munition_01_mesh" in 16 ms
[09:25:06][pdx_3dtypes.cpp:217]: Total time "indian_rural_residential_poor_03_mesh" in 16 ms
[09:25:06][pdx_3dtypes.cpp:217]: Total time "male_top_layer_european_royal_01_mesh" in 16 ms
[09:25:06][pdx_3dtypes.cpp:217]: Total time "male_outfit_korean_imperial_01_mesh" in 16 ms
[09:25:06][pdx_3dtypes.cpp:217]: Total time "indian_factory_tech_01_mesh" in 16 ms
[09:25:06][pdx_3dtypes.cpp:217]: Total time "male_outfit_japanese_imperial_01_mesh" in 16 ms
[09:25:06][pdx_3dtypes.cpp:217]: Total time "hull_shipoftheline_medium_mesh" in 16 ms
[09:25:06][pdx_3dtypes.cpp:217]: Total time "male_coat_ceo_02_mesh" in 16 ms
[09:25:06][pdx_3dtypes.cpp:217]: Total time "female_outfit_indian_high_01_mesh" in 16 ms
[09:25:06][pdx_3dtypes.cpp:217]: Total time "zeppelin_02_alt01_mesh" in 16 ms
[09:25:06][pdx_3dtypes.cpp:217]: Total time "male_headgear_european_agitator_01_mesh" in 16 ms
[09:25:06][pdx_3dtypes.cpp:217]: Total time "powerbloc_statue_hero_obeliskethiopia_mesh" in 16 ms
[09:25:06][pdx_3dtypes.cpp:217]: Total time "male_outfit_indian_tatya_tope_mesh" in 16 ms
[09:25:06][pdx_3dtypes.cpp:217]: Total time "asian_city_centerpiece_01_mesh" in 16 ms
[09:25:06][pdx_3dtypes.cpp:217]: Total time "hull_torpedoboatdestroyer_medium_mesh" in 16 ms
[09:25:06][pdx_3dtypes.cpp:217]: Total time "hull_monitor_heavy_mesh" in 16 ms
[09:25:06][pdx_3dtypes.cpp:217]: Total time "male_hair_emperor_tewodros_02_mesh" in 16 ms
[09:25:06][pdx_3dtypes.cpp:217]: Total time "european_lighthouse_01_mesh" in 16 ms
[09:25:06][pdx_3dtypes.cpp:217]: Total time "african_urban_city_residential_rich_02_mesh" in 16 ms
[09:25:06][pdx_3dtypes.cpp:217]: Total time "male_headgear_chinese_imperial_01_mesh" in 16 ms
[09:25:06][pdx_3dtypes.cpp:217]: Total time "hull_torpedoboat_heavy_mesh" in 16 ms
[09:25:06][pdx_3dtypes.cpp:217]: Total time "hull_aircraftcarrier_modern_light_mesh" in 16 ms
[09:25:06][pdx_3dtypes.cpp:217]: Total time "hull_torpedoboat_light_mesh" in 16 ms
[09:25:06][pdx_3dtypes.cpp:217]: Total time "asian_rural_residential_poor_03_mesh" in 15 ms
[09:25:06][pdx_3dtypes.cpp:217]: Total time "male_civilian_coat_european_01_mesh" in 15 ms
[09:25:06][pdx_3dtypes.cpp:217]: Total time "female_outfit_south_american_01_high_mesh" in 15 ms
[09:25:06][pdx_3dtypes.cpp:217]: Total time "balkan_urban_residential_mid_01_mesh" in 15 ms
[09:25:06][pdx_3dtypes.cpp:217]: Total time "male_medals_generic_01_ip4_02_mesh" in 15 ms
[09:25:06][pdx_3dtypes.cpp:217]: Total time "female_outfit_slavic_midsummer_01_mesh" in 15 ms
[09:25:06][pdx_3dtypes.cpp:217]: Total time "male_hair_european_12_cap1_mesh" in 15 ms
[09:25:06][pdx_3dtypes.cpp:217]: Total time "male_beard_european_06_mesh" in 15 ms
[09:25:06][pdx_3dtypes.cpp:217]: Total time "male_mustache_indian_pratap_singh_mesh" in 15 ms
[09:25:06][pdx_3dtypes.cpp:217]: Total time "male_necklace_historical_dracula_mesh" in 15 ms
[09:25:06][pdx_3dtypes.cpp:217]: Total time "male_outfit_parka_01_mesh" in 15 ms
[09:25:06][pdx_3dtypes.cpp:217]: Total time "european_rural_building_rich_03_mesh" in 15 ms
[09:25:06][pdx_3dtypes.cpp:217]: Total time "prop_pitchfork_mesh" in 15 ms
[09:25:06][pdx_3dtypes.cpp:217]: Total time "balkan_forestry_centerpiece_02_mesh" in 15 ms
[09:25:06][pdx_3dtypes.cpp:217]: Total time "male_eyelashes_mesh" in 15 ms
[09:25:06][pdx_3dtypes.cpp:217]: Total time "male_hair_african_01_cap1_mesh" in 15 ms
[09:25:06][pdx_3dtypes.cpp:217]: Total time "male_waistcoat_european_02_mesh" in 15 ms
[09:25:06][pdx_3dtypes.cpp:217]: Total time "female_hair_european_02_mesh" in 15 ms
[09:25:06][pdx_3dtypes.cpp:217]: Total time "hull_coastaldefense_medium_mesh" in 15 ms
[09:25:06][pdx_3dtypes.cpp:217]: Total time "male_coat_gilded_tailcoat_mesh" in 15 ms
[09:25:06][pdx_3dtypes.cpp:217]: Total time "papermap_table_bottom_mesh" in 15 ms
[09:25:06][pdx_3dtypes.cpp:217]: Total time "military_transport_road_truck_generic_mesh" in 15 ms
[09:25:06][pdx_3dtypes.cpp:217]: Total time "female_outfit_african_common_01_mesh" in 15 ms
[09:25:06][pdx_3dtypes.cpp:217]: Total time "female_sash_south_american_agitator_01_mesh" in 15 ms
[09:25:06][pdx_3dtypes.cpp:217]: Total time "arabic_urban_city_residential_poor_01_mesh" in 15 ms
[09:25:06][pdx_3dtypes.cpp:217]: Total time "male_top_layer_african_zulu_dingane_01_mesh" in 15 ms
[09:25:06][pdx_3dtypes.cpp:217]: Total time "male_outfit_circumpolar_01_low_mesh" in 15 ms
[09:25:06][pdx_3dtypes.cpp:217]: Total time "male_belt_military_01_mesh" in 15 ms
[09:25:06][pdx_3dtypes.cpp:217]: Total time "male_outfit_japanese_common_01_mesh" in 15 ms
[09:25:06][pdx_3dtypes.cpp:217]: Total time "male_outfit_slavic_01_low_mesh" in 15 ms
[09:25:06][pdx_3dtypes.cpp:217]: Total time "wonder_chichen_itza_01_mesh" in 15 ms
[09:25:06][pdx_3dtypes.cpp:217]: Total time "male_mustache_asian_01_mesh" in 15 ms
[09:25:06][pdx_3dtypes.cpp:217]: Total time "male_outfit_chinese_agitator_01_mesh" in 15 ms
[09:25:06][pdx_3dtypes.cpp:217]: Total time "indian_factory_textilemill_01_mesh" in 15 ms
[09:25:06][pdx_3dtypes.cpp:217]: Total time "male_headgear_japanese_common_01_mesh" in 15 ms
[09:25:06][pdx_3dtypes.cpp:217]: Total time "japan_mining_sulfur_01_mesh" in 15 ms
[09:25:06][pdx_3dtypes.cpp:217]: Total time "male_necklace_power_bloc_sovereign_01_mesh" in 15 ms
[09:25:06][pdx_3dtypes.cpp:217]: Total time "male_legwear_peasants_01_mesh" in 15 ms
[09:25:06][pdx_3dtypes.cpp:217]: Total time "male_outfit_indian_common_02_mesh" in 15 ms
[09:25:06][pdx_3dtypes.cpp:217]: Total time "female_headgear_slavic_kokoshnik_01_mesh" in 15 ms
[09:25:06][pdx_3dtypes.cpp:217]: Total time "male_beard_indian_04_mesh" in 15 ms
[09:25:06][pdx_3dtypes.cpp:217]: Total time "male_top_layer_japanese_raincoat_01_mesh" in 15 ms
[09:25:06][pdx_3dtypes.cpp:217]: Total time "european_rural_building_poor_03_mesh" in 15 ms
[09:25:06][pdx_3dtypes.cpp:217]: Total time "male_headgear_european_military_03_mesh" in 15 ms
[09:25:06][pdx_3dtypes.cpp:217]: Total time "male_sashes_indian_maharaja_singh_01_mesh" in 15 ms
[09:25:06][pdx_3dtypes.cpp:217]: Total time "train_locomotive_jupiter_01_mesh" in 15 ms
[09:25:06][pdx_3dtypes.cpp:217]: Total time "female_hair_lakshmibai_01_mesh" in 15 ms
[09:25:06][pdx_3dtypes.cpp:217]: Total time "indian_mining_iron_01_mesh" in 15 ms
[09:25:06][pdx_3dtypes.cpp:217]: Total time "asian_rural_plantation_01_mesh" in 15 ms
[09:25:06][pdx_3dtypes.cpp:217]: Total time "european_urban_residential_rich_01_mesh" in 15 ms
[09:25:06][pdx_3dtypes.cpp:217]: Total time "military_tank_mechinfantry_generic_mesh" in 15 ms
[09:25:06][pdx_3dtypes.cpp:217]: Total time "balkan_factory_powerplant_01_mesh" in 15 ms
[09:25:06][pdx_3dtypes.cpp:217]: Total time "rockformation_08_mesh" in 15 ms
[09:25:06][pdx_3dtypes.cpp:217]: Total time "male_headgear_japanese_jingasa_mesh" in 15 ms
[09:25:06][pdx_3dtypes.cpp:217]: Total time "female_legwear_european_military_02_mesh" in 15 ms
[09:25:06][pdx_3dtypes.cpp:217]: Total time "male_sashes_austrian_01_mesh" in 15 ms
[09:25:06][pdx_3dtypes.cpp:217]: Total time "male_necklace_power_bloc_trade_01_mesh" in 15 ms
[09:25:06][pdx_3dtypes.cpp:217]: Total time "male_headgear_japanese_imperial_01_mesh" in 15 ms
[09:25:06][pdx_3dtypes.cpp:217]: Total time "male_coat_european_11_mesh" in 15 ms
[09:25:06][pdx_3dtypes.cpp:217]: Total time "hammer_anvil_animations_mesh" in 15 ms
[09:25:06][pdx_3dtypes.cpp:217]: Total time "french_forestry_lumberdepo_01_mesh" in 15 ms
[09:25:06][pdx_3dtypes.cpp:217]: Total time "military_navy_submarine_generic_mesh" in 15 ms
[09:25:06][pdx_3dtypes.cpp:217]: Total time "female_outfit_south_american_01_low_mesh" in 15 ms
[09:25:06][pdx_3dtypes.cpp:217]: Total time "hull_torpedoboatdestroyer_heavy_mesh" in 15 ms
[09:25:06][pdx_3dtypes.cpp:217]: Total time "hull_predreadnought_heavy_mesh" in 15 ms
[09:25:06][pdx_3dtypes.cpp:217]: Total time "male_headgear_european_military_08_mesh" in 15 ms
[09:25:06][pdx_3dtypes.cpp:217]: Total time "male_headgear_indian_common_puneri_pagadi_mesh" in 15 ms
[09:25:06][pdx_3dtypes.cpp:217]: Total time "female_headgear_slavic_midsummer_01_mesh" in 15 ms
[09:25:06][pdx_3dtypes.cpp:217]: Total time "indian_rural_residential_poor_01_mesh" in 15 ms
[09:25:06][pdx_3dtypes.cpp:217]: Total time "female_headgear_arabic_common_01_mesh" in 15 ms
[09:25:06][pdx_3dtypes.cpp:217]: Total time "male_outfit_indian_common_01_mesh" in 15 ms
[09:25:06][pdx_3dtypes.cpp:217]: Total time "arabic_farm_farmstead_01_mesh" in 15 ms
[09:25:06][pdx_3dtypes.cpp:217]: Total time "male_outfit_native_american_01_low_mesh" in 15 ms
[09:25:06][pdx_3dtypes.cpp:217]: Total time "hull_predreadnought_light_mesh" in 15 ms
[09:25:06][pdx_3dtypes.cpp:217]: Total time "male_legwear_japanese_common_01_mesh" in 15 ms
[09:25:06][pdx_3dtypes.cpp:217]: Total time "indian_factory_furniture_01_mesh" in 15 ms
[09:25:06][pdx_3dtypes.cpp:217]: Total time "male_mustache_european_01_mesh" in 15 ms
[09:25:06][pdx_3dtypes.cpp:217]: Total time "african_forestry_loggingcamp_02_mesh" in 15 ms
[09:25:06][pdx_3dtypes.cpp:217]: Total time "generic_manufactory_01_mesh" in 15 ms
[09:25:06][pdx_3dtypes.cpp:217]: Total time "arabic_farm_scatter_02_mesh" in 15 ms
[09:25:06][pdx_3dtypes.cpp:217]: Total time "train_locomotive_g_01_mesh" in 15 ms
[09:25:06][pdx_3dtypes.cpp:217]: Total time "male_belt_generic_03_mesh" in 15 ms
[09:25:06][pdx_3dtypes.cpp:217]: Total time "prop_japanese_gunbai_mesh" in 15 ms
[09:25:06][pdx_3dtypes.cpp:217]: Total time "female_legwear_european_military_01_mesh" in 15 ms
[09:25:06][pdx_3dtypes.cpp:217]: Total time "hull_submarine_medium_mesh" in 14 ms
[09:25:06][pdx_3dtypes.cpp:217]: Total time "hull_monitor_light_mesh" in 14 ms
[09:25:06][pdx_3dtypes.cpp:217]: Total time "rockformation_sandstone_06_mesh" in 14 ms
[09:25:06][pdx_3dtypes.cpp:217]: Total time "male_mustache_indian_02_mesh" in 14 ms
[09:25:06][pdx_3dtypes.cpp:217]: Total time "male_outfit_arabic_common_01_mesh" in 14 ms
[09:25:06][pdx_3dtypes.cpp:217]: Total time "hull_dreadnought_medium_mesh" in 14 ms
[09:25:06][pdx_3dtypes.cpp:217]: Total time "male_headgear_central_asian_01_low_mesh" in 14 ms
[09:25:06][pdx_3dtypes.cpp:217]: Total time "train_diesel_01_mesh" in 14 ms
[09:25:06][pdx_3dtypes.cpp:217]: Total time "male_headgear_european_military_02_mesh" in 14 ms
[09:25:06][pdx_3dtypes.cpp:217]: Total time "male_necklace_power_bloc_religious_01_mesh" in 14 ms
[09:25:06][pdx_3dtypes.cpp:217]: Total time "male_headgear_slavic_agitator_lenin_mesh" in 14 ms
[09:25:06][pdx_3dtypes.cpp:217]: Total time "female_outfit_korean_high_01_mesh" in 14 ms
[09:25:06][pdx_3dtypes.cpp:217]: Total time "male_mustache_historical_clemenceau_mesh" in 14 ms
[09:25:06][pdx_3dtypes.cpp:217]: Total time "latin_colonial_manufactory_01_mesh" in 14 ms
[09:25:06][pdx_3dtypes.cpp:217]: Total time "female_outfit_native_american_01_mid_mesh" in 14 ms
[09:25:06][pdx_3dtypes.cpp:217]: Total time "male_headgear_arabic_mohammad_khan_01_mesh" in 14 ms
[09:25:06][pdx_3dtypes.cpp:217]: Total time "female_headgear_european_agitator_01_mesh" in 14 ms
[09:25:06][pdx_3dtypes.cpp:217]: Total time "powerbloc_statue_hero_prancinghorse_01_mesh" in 14 ms
[09:25:06][pdx_3dtypes.cpp:217]: Total time "bird_eagle_02_mesh" in 14 ms
[09:25:06][pdx_3dtypes.cpp:217]: Total time "male_coat_balkan_01_mesh" in 14 ms
[09:25:06][pdx_3dtypes.cpp:217]: Total time "male_coat_european_06_mesh" in 14 ms
[09:25:06][pdx_3dtypes.cpp:217]: Total time "powerbloc_statue_hero_dragon_mesh" in 14 ms
[09:25:06][pdx_3dtypes.cpp:217]: Total time "papermap_table_bottom_ip2_mesh" in 14 ms
[09:25:06][pdx_3dtypes.cpp:217]: Total time "male_top_layer_zulu_impi_01_mesh" in 14 ms
[09:25:06][pdx_3dtypes.cpp:217]: Total time "female_outfit_korean_low_01_mesh" in 14 ms
[09:25:06][pdx_3dtypes.cpp:217]: Total time "male_headgear_european_carnaval_pierrot_01_mesh" in 14 ms
[09:25:06][pdx_3dtypes.cpp:217]: Total time "male_mustache_european_07_mesh" in 14 ms
[09:25:06][pdx_3dtypes.cpp:217]: Total time "female_headgear_power_blocks_01_mesh" in 14 ms
[09:25:06][pdx_3dtypes.cpp:217]: Total time "male_glasses_mesh" in 14 ms
[09:25:06][pdx_3dtypes.cpp:217]: Total time "male_civilian_coat_arabic_01_mesh" in 14 ms
[09:25:06][pdx_3dtypes.cpp:217]: Total time "male_belt_generic_02_mesh" in 14 ms
[09:25:06][pdx_3dtypes.cpp:217]: Total time "african_forestry_centerpiece_01_mesh" in 14 ms
[09:25:06][pdx_3dtypes.cpp:217]: Total time "female_necklace_power_bloc_cape_01_mesh" in 14 ms
[09:25:06][pdx_3dtypes.cpp:217]: Total time "european_train_passenger_wagon_03_mesh" in 14 ms
[09:25:06][pdx_3dtypes.cpp:217]: Total time "indian_forestry_centerpiece_01_mesh" in 14 ms
[09:25:06][pdx_3dtypes.cpp:217]: Total time "military_transport_road_horsecart_generic_mesh" in 14 ms
[09:25:06][pdx_3dtypes.cpp:217]: Total time "prop_caliper_mesh" in 14 ms
[09:25:06][pdx_3dtypes.cpp:217]: Total time "male_headgear_european_military_04_mesh" in 14 ms
[09:25:06][pdx_3dtypes.cpp:217]: Total time "female_coat_european_military_01_mesh" in 14 ms
[09:25:06][pdx_3dtypes.cpp:217]: Total time "male_beard_asian_02_mesh" in 14 ms
[09:25:06][pdx_3dtypes.cpp:217]: Total time "female_legwear_vivandiere_01_mesh" in 14 ms
[09:25:06][pdx_3dtypes.cpp:217]: Total time "powerbloc_statue_hero_wavingman_mesh" in 14 ms
[09:25:06][pdx_3dtypes.cpp:217]: Total time "male_outfit_japanese_01_low_mesh" in 14 ms
[09:25:06][pdx_3dtypes.cpp:217]: Total time "male_legwear_slavic_01_low_mesh" in 14 ms
[09:25:06][pdx_3dtypes.cpp:217]: Total time "male_outfit_polynesian_01_high_mesh" in 14 ms
[09:25:06][pdx_3dtypes.cpp:217]: Total time "powerbloc_statue_hero_dancinglady_mesh" in 14 ms
[09:25:06][pdx_3dtypes.cpp:217]: Total time "male_belts_sash_power_bloc_02_mesh" in 14 ms
[09:25:06][pdx_3dtypes.cpp:217]: Total time "train_locomotive_saxonia_01_mesh" in 14 ms
[09:25:06][pdx_3dtypes.cpp:217]: Total time "male_headgear_military_helmet_brodie_mesh" in 14 ms
[09:25:06][pdx_3dtypes.cpp:217]: Total time "female_outfit_slavic_kokoshnik_01_mesh" in 14 ms
[09:25:06][pdx_3dtypes.cpp:217]: Total time "female_outfit_slavic_01_low_mesh" in 14 ms
[09:25:06][pdx_3dtypes.cpp:217]: Total time "japan_factory_warmachine_01_mesh" in 14 ms
[09:25:06][pdx_3dtypes.cpp:217]: Total time "tree_baobab_04_mesh" in 14 ms
[09:25:06][pdx_3dtypes.cpp:217]: Total time "military_diorama_flag_mesh" in 14 ms
[09:25:06][pdx_3dtypes.cpp:217]: Total time "male_coat_historical_mazzini_01_mesh" in 14 ms
[09:25:06][pdx_3dtypes.cpp:217]: Total time "male_hair_rudolf_prince_of_austria_mesh" in 14 ms
[09:25:06][pdx_3dtypes.cpp:217]: Total time "male_belt_suspenders_01_mesh" in 14 ms
[09:25:06][pdx_3dtypes.cpp:217]: Total time "female_hair_european_01_mesh" in 14 ms
[09:25:06][pdx_3dtypes.cpp:217]: Total time "male_necklace_persian_royal_jewelry_mesh" in 14 ms
[09:25:06][pdx_3dtypes.cpp:217]: Total time "indian_urban_residential_mid_01_mesh" in 14 ms
[09:25:06][pdx_3dtypes.cpp:217]: Total time "french_mining_quarry_01_mesh" in 14 ms
[09:25:06][pdx_3dtypes.cpp:217]: Total time "european_rural_center_piece_01_mesh" in 14 ms
[09:25:06][pdx_3dtypes.cpp:217]: Total time "female_headgear_european_common_01_mesh" in 14 ms
[09:25:06][pdx_3dtypes.cpp:217]: Total time "male_legwear_peasants_02_mesh" in 14 ms
[09:25:06][pdx_3dtypes.cpp:217]: Total time "male_shirt_greek_01_mesh" in 14 ms
[09:25:06][pdx_3dtypes.cpp:217]: Total time "bellbuoy_01_mesh" in 14 ms
[09:25:06][pdx_3dtypes.cpp:217]: Total time "male_headgear_japanese_common_02_mesh" in 14 ms
[09:25:06][pdx_3dtypes.cpp:217]: Total time "french_urban_residential_mid_02_mesh" in 14 ms
[09:25:06][pdx_3dtypes.cpp:217]: Total time "indian_port_centerpiece_01_mesh" in 14 ms
[09:25:06][pdx_3dtypes.cpp:217]: Total time "female_top_layer_native_american_01_mesh" in 14 ms
[09:25:06][pdx_3dtypes.cpp:217]: Total time "papermap_grapes_mesh" in 14 ms
[09:25:06][pdx_3dtypes.cpp:217]: Total time "male_top_layers_gandhi_stole_01_mesh" in 14 ms
[09:25:06][pdx_3dtypes.cpp:217]: Total time "female_hair_european_04_mesh" in 14 ms
[09:25:06][pdx_3dtypes.cpp:217]: Total time "male_headgear_african_common_01_mesh" in 14 ms
[09:25:06][pdx_3dtypes.cpp:217]: Total time "male_top_layer_historical_napoleon_03_mesh" in 14 ms
[09:25:06][pdx_3dtypes.cpp:217]: Total time "male_teeth_mesh" in 14 ms
[09:25:06][pdx_3dtypes.cpp:217]: Total time "male_outfit_slavic_01_high_mesh" in 14 ms
[09:25:06][pdx_3dtypes.cpp:217]: Total time "male_beard_european_05_mesh" in 14 ms
[09:25:06][pdx_3dtypes.cpp:217]: Total time "male_coat_ceo_01_mesh" in 14 ms
[09:25:06][pdx_3dtypes.cpp:217]: Total time "male_waistcoat_european_03_mesh" in 14 ms
[09:25:06][pdx_3dtypes.cpp:217]: Total time "male_legwear_polynesian_01_high_mesh" in 14 ms
[09:25:06][pdx_3dtypes.cpp:217]: Total time "zeppelin_02_mesh" in 14 ms
[09:25:06][pdx_3dtypes.cpp:217]: Total time "female_headgear_arabic_low_tier_01_mesh" in 14 ms
[09:25:06][pdx_3dtypes.cpp:217]: Total time "male_necklace_african_01_mesh" in 14 ms
[09:25:06][pdx_3dtypes.cpp:217]: Total time "male_sash_african_agitator_01_mesh" in 14 ms
[09:25:06][pdx_3dtypes.cpp:217]: Total time "military_medical_fieldhospitals_mesh" in 14 ms
[09:25:06][pdx_3dtypes.cpp:217]: Total time "zeppelin_01_mesh" in 14 ms
[09:25:06][pdx_3dtypes.cpp:217]: Total time "female_headgear_african_common_01_mesh" in 14 ms
[09:25:06][pdx_3dtypes.cpp:217]: Total time "powerbloc_statue_hero_elephant_mesh" in 14 ms
[09:25:06][pdx_3dtypes.cpp:217]: Total time "asian_colonial_manufactory_02_mesh" in 14 ms
[09:25:06][pdx_3dtypes.cpp:217]: Total time "female_necklace_indian_01_mesh" in 14 ms
[09:25:06][pdx_3dtypes.cpp:217]: Total time "male_headgear_ethiopian_royal_01_mesh" in 14 ms
[09:25:06][pdx_3dtypes.cpp:217]: Total time "male_outfit_african_common_02_mesh" in 14 ms
[09:25:06][pdx_3dtypes.cpp:217]: Total time "african_tools_manufactory_01_mesh" in 14 ms
[09:25:06][pdx_3dtypes.cpp:217]: Total time "male_outfit_european_agitator_01_mesh" in 14 ms
[09:25:06][pdx_3dtypes.cpp:217]: Total time "female_outfit_native_american_01_high_mesh" in 14 ms
[09:25:06][pdx_3dtypes.cpp:217]: Total time "female_necklace_power_bloc_ideological_01_mesh" in 14 ms
[09:25:06][pdx_3dtypes.cpp:217]: Total time "male_headgear_chinese_common_01_mesh" in 14 ms
[09:25:06][pdx_3dtypes.cpp:217]: Total time "military_support_chemical_warfare_mesh" in 14 ms
[09:25:06][pdx_3dtypes.cpp:217]: Total time "male_outfit_central_asian_01_low_mesh" in 14 ms
[09:25:06][pdx_3dtypes.cpp:217]: Total time "hull_earlyironclad_heavy_mesh" in 14 ms
[09:25:06][pdx_3dtypes.cpp:217]: Total time "male_headgear_boater_hat_01_mesh" in 13 ms
[09:25:06][pdx_3dtypes.cpp:217]: Total time "male_coat_historical_maurras_01_mesh" in 13 ms
[09:25:06][pdx_3dtypes.cpp:217]: Total time "balkan_rural_residential_rich_03_mesh" in 13 ms
[09:25:06][pdx_3dtypes.cpp:217]: Total time "female_outfit_slavic_01_high_mesh" in 13 ms
[09:25:06][pdx_3dtypes.cpp:217]: Total time "powerbloc_supportelement_picklehelmet_01_mesh" in 13 ms
[09:25:06][pdx_3dtypes.cpp:217]: Total time "male_headgear_ghandi_topi_01_mesh" in 13 ms
[09:25:06][pdx_3dtypes.cpp:217]: Total time "male_beard_african_04_mesh" in 13 ms
[09:25:06][pdx_3dtypes.cpp:217]: Total time "arabic_forestry_scatter_02_mesh" in 13 ms
[09:25:06][pdx_3dtypes.cpp:217]: Total time "male_headgear_central_asian_01_high_mesh" in 13 ms
[09:25:06][pdx_3dtypes.cpp:217]: Total time "powerbloc_supportelement_banner_01_mesh" in 13 ms
[09:25:06][pdx_3dtypes.cpp:217]: Total time "male_legwear_zulu_impi_01_mesh" in 13 ms
[09:25:06][pdx_3dtypes.cpp:217]: Total time "male_epaulettes_military_01_mesh" in 13 ms
[09:25:06][pdx_3dtypes.cpp:217]: Total time "male_headgear_zulu_impi_01_mesh" in 13 ms
[09:25:06][pdx_3dtypes.cpp:217]: Total time "asian_rural_residential_rich_03_mesh" in 13 ms
[09:25:06][pdx_3dtypes.cpp:217]: Total time "papermap_indian_knife_mesh" in 13 ms
[09:25:06][pdx_3dtypes.cpp:217]: Total time "female_outfit_arabic_common_01_mesh" in 13 ms
[09:25:06][pdx_3dtypes.cpp:217]: Total time "female_outfit_chinese_01_mid_mesh" in 13 ms
[09:25:06][pdx_3dtypes.cpp:217]: Total time "european_rural_building_poor_02_mesh" in 13 ms
[09:25:06][pdx_3dtypes.cpp:217]: Total time "male_beard_african_02_mesh" in 13 ms
[09:25:06][pdx_3dtypes.cpp:217]: Total time "male_hair_indian_02_mesh" in 13 ms
[09:25:06][pdx_3dtypes.cpp:217]: Total time "female_outfit_european_agitator_01_mesh" in 13 ms
[09:25:06][pdx_3dtypes.cpp:217]: Total time "male_headgear_european_military_01_grey_mesh" in 13 ms
[09:25:06][pdx_3dtypes.cpp:217]: Total time "male_outfit_african_common_03_mesh" in 13 ms
[09:25:06][pdx_3dtypes.cpp:217]: Total time "male_belt_gb_admiral_mesh" in 13 ms
[09:25:06][pdx_3dtypes.cpp:217]: Total time "male_top_layer_south_american_agitator_01_mesh" in 13 ms
[09:25:06][pdx_3dtypes.cpp:217]: Total time "male_beard_european_22_mesh" in 13 ms
[09:25:06][pdx_3dtypes.cpp:217]: Total time "male_coat_historical_blanqui_01_mesh" in 13 ms
[09:25:06][pdx_3dtypes.cpp:217]: Total time "male_coat_japanese_meiji_court_01_mesh" in 13 ms
[09:25:06][pdx_3dtypes.cpp:217]: Total time "male_top_layer_japanese_common_01_mesh" in 13 ms
[09:25:06][pdx_3dtypes.cpp:217]: Total time "male_sash_army_bedroll_02_mesh" in 13 ms
[09:25:06][pdx_3dtypes.cpp:217]: Total time "male_hair_european_01_mesh" in 13 ms
[09:25:06][pdx_3dtypes.cpp:217]: Total time "generic_forestry_trees_03_mesh" in 13 ms
[09:25:06][pdx_3dtypes.cpp:217]: Total time "male_beard_historical_marx_mesh" in 13 ms
[09:25:06][pdx_3dtypes.cpp:217]: Total time "prop_butcherknife_mesh" in 13 ms
[09:25:06][pdx_3dtypes.cpp:217]: Total time "papermap_table_bottom_ep2_mesh" in 13 ms
[09:25:06][pdx_3dtypes.cpp:217]: Total time "prop_monocle_mesh" in 13 ms
[09:25:06][pdx_3dtypes.cpp:217]: Total time "male_outfit_arabic_common_03_mesh" in 13 ms
[09:25:06][pdx_3dtypes.cpp:217]: Total time "male_mustache_european_13_mesh" in 13 ms
[09:25:06][pdx_3dtypes.cpp:217]: Total time "female_top_layer_indian_high_01_mesh" in 13 ms
[09:25:06][pdx_3dtypes.cpp:217]: Total time "balkan_forestry_centerpiece_01_mesh" in 13 ms
[09:25:06][pdx_3dtypes.cpp:217]: Total time "japan_urban_residential_mid_04_mesh" in 13 ms
[09:25:06][pdx_3dtypes.cpp:217]: Total time "powerbloc_statue_hero_guardian_mesh" in 13 ms
[09:25:06][pdx_3dtypes.cpp:217]: Total time "figurehead_shield_mesh" in 13 ms
[09:25:06][pdx_3dtypes.cpp:217]: Total time "male_mustache_john_maynard_keynes_mesh" in 13 ms
[09:25:06][pdx_3dtypes.cpp:217]: Total time "female_outfit_parka_01_mesh" in 13 ms
[09:25:06][pdx_3dtypes.cpp:217]: Total time "powerbloc_statue_hero_pointingman_mesh" in 13 ms
[09:25:06][pdx_3dtypes.cpp:217]: Total time "generic_factory_tech_01_mesh" in 13 ms
[09:25:06][pdx_3dtypes.cpp:217]: Total time "male_belt_gaucho_01_mesh" in 13 ms
[09:25:06][pdx_3dtypes.cpp:217]: Total time "male_legwear_native_american_01_mesh" in 13 ms
[09:25:06][pdx_3dtypes.cpp:217]: Total time "female_headgear_japanese_common_02_mesh" in 13 ms
[09:25:06][pdx_3dtypes.cpp:217]: Total time "male_civilian_coat_european_02_mesh" in 13 ms
[09:25:06][pdx_3dtypes.cpp:217]: Total time "powerbloc_statue_hero_sun_mesh" in 13 ms
[09:25:06][pdx_3dtypes.cpp:217]: Total time "generic_rural_mining_processing_sandstone_01_mesh" in 13 ms
[09:25:06][pdx_3dtypes.cpp:217]: Total time "wonder_wallofchina_06_mesh" in 13 ms
[09:25:06][pdx_3dtypes.cpp:217]: Total time "powerbloc_statue_hero_angel_mesh" in 13 ms
[09:25:06][pdx_3dtypes.cpp:217]: Total time "balkan_mining_gold_01_mesh" in 13 ms
[09:25:06][pdx_3dtypes.cpp:217]: Total time "male_headgear_indian_royal_01_mesh" in 13 ms
[09:25:06][pdx_3dtypes.cpp:217]: Total time "male_outfit_siamese_royal_01_mesh" in 13 ms
[09:25:06][pdx_3dtypes.cpp:217]: Total time "male_headgear_japanese_ashigaru_jingasa_mesh" in 13 ms
[09:25:06][pdx_3dtypes.cpp:217]: Total time "hull_torpedoboat_medium_mesh" in 13 ms
[09:25:06][pdx_3dtypes.cpp:217]: Total time "male_headgear_late_military_cap_navy_straps_mesh" in 13 ms
[09:25:06][pdx_3dtypes.cpp:217]: Total time "latin_port_shipyard_01_mesh" in 13 ms
[09:25:06][pdx_3dtypes.cpp:217]: Total time "female_outfit_chinese_01_low_mesh" in 13 ms
[09:25:06][pdx_3dtypes.cpp:217]: Total time "male_beard_european_13_mesh" in 13 ms
[09:25:06][pdx_3dtypes.cpp:217]: Total time "powerbloc_statue_hero_obeliskegypt_mesh" in 13 ms
[09:25:06][pdx_3dtypes.cpp:217]: Total time "female_coat_vivandiere_02_mesh" in 13 ms
[09:25:06][pdx_3dtypes.cpp:217]: Total time "female_outfit_japanese_01_high_mesh" in 13 ms
[09:25:06][pdx_3dtypes.cpp:217]: Total time "male_top_layer_ethiopian_royal_01_mesh" in 13 ms
[09:25:06][pdx_3dtypes.cpp:217]: Total time "male_shirt_working_class_01_mesh" in 13 ms
[09:25:06][pdx_3dtypes.cpp:217]: Total time "male_hair_european_10_mesh" in 13 ms
[09:25:06][pdx_3dtypes.cpp:217]: Total time "female_legwear_circumpolar_01_mesh" in 13 ms
[09:25:06][pdx_3dtypes.cpp:217]: Total time "male_belt_austrian_01_mesh" in 13 ms
[09:25:06][pdx_3dtypes.cpp:217]: Total time "generic_factory_furniture_01_mesh" in 13 ms
[09:25:06][pdx_3dtypes.cpp:217]: Total time "wonder_easter_island_heads_01_mesh" in 13 ms
[09:25:06][pdx_3dtypes.cpp:217]: Total time "female_sash_slavic_agitator_01_mesh" in 13 ms
[09:25:06][pdx_3dtypes.cpp:217]: Total time "male_outfit_chinese_court_01_mesh" in 13 ms
[09:25:06][pdx_3dtypes.cpp:217]: Total time "japan_mining_gold_01_mesh" in 13 ms
[09:25:06][pdx_3dtypes.cpp:217]: Total time "male_belt_greek_01_mesh" in 13 ms
[09:25:06][pdx_3dtypes.cpp:217]: Total time "papermap_extension_top_ap1_mesh" in 13 ms
[09:25:06][pdx_3dtypes.cpp:217]: Total time "male_aiguillettes_01_mesh" in 13 ms
[09:25:06][pdx_3dtypes.cpp:217]: Total time "japan_forestry_transportation_03_mesh" in 13 ms
[09:25:06][pdx_3dtypes.cpp:217]: Total time "female_headgear_power_blocks_earings_01_mesh" in 13 ms
[09:25:06][pdx_3dtypes.cpp:217]: Total time "military_transport_railroad_armoredcart_generic_mesh" in 13 ms
[09:25:06][pdx_3dtypes.cpp:217]: Total time "male_headgear_european_religious_catholic_01_mesh" in 13 ms
[09:25:06][pdx_3dtypes.cpp:217]: Total time "male_beard_european_16_mesh" in 13 ms
[09:25:06][pdx_3dtypes.cpp:217]: Total time "balkan_forestry_trees_03_mesh" in 13 ms
[09:25:06][pdx_3dtypes.cpp:217]: Total time "balkan_factory_tools_01_mesh" in 13 ms
[09:25:06][pdx_3dtypes.cpp:217]: Total time "papermap_extension_top_mesh" in 13 ms
[09:25:06][pdx_3dtypes.cpp:217]: Total time "male_headgear_south_american_gaucho_hat_01_mesh" in 13 ms
[09:25:06][pdx_3dtypes.cpp:217]: Total time "japan_port_shipyard_01_mesh" in 13 ms
[09:25:06][pdx_3dtypes.cpp:217]: Total time "male_coat_european_military_01_pocketless_mesh" in 13 ms
[09:25:06][pdx_3dtypes.cpp:217]: Total time "arabic_factory_tools_01_mesh" in 13 ms
[09:25:06][pdx_3dtypes.cpp:217]: Total time "male_outfit_peasant_common_01_mesh" in 13 ms
[09:25:06][pdx_3dtypes.cpp:217]: Total time "female_headgear_south_american_gaucho_01_mesh" in 13 ms
[09:25:06][pdx_3dtypes.cpp:217]: Total time "female_headgear_indian_high_01_mesh" in 13 ms
[09:25:06][pdx_3dtypes.cpp:217]: Total time "grid_mesh" in 13 ms
[09:25:06][pdx_3dtypes.cpp:217]: Total time "hull_coastaldefense_heavy_mesh" in 13 ms
[09:25:06][pdx_3dtypes.cpp:217]: Total time "balkan_port_navalbase_01_mesh" in 13 ms
[09:25:06][pdx_3dtypes.cpp:217]: Total time "balkan_port_shipyard_02_mesh" in 13 ms
[09:25:06][pdx_3dtypes.cpp:217]: Total time "male_headgear_european_military_10_mesh" in 13 ms
[09:25:06][pdx_3dtypes.cpp:217]: Total time "male_beard_asian_03_mesh" in 13 ms
[09:25:06][pdx_3dtypes.cpp:217]: Total time "female_headgear_vivandiere_01_mesh" in 13 ms
[09:25:06][pdx_3dtypes.cpp:217]: Total time "male_coat_late_winter_greatcoat_mesh" in 13 ms
[09:25:06][pdx_3dtypes.cpp:217]: Total time "male_mustache_art_test_01_mesh" in 13 ms
[09:25:06][pdx_3dtypes.cpp:217]: Total time "female_outfit_polynesian_01_low_mesh" in 12 ms
[09:25:06][pdx_3dtypes.cpp:217]: Total time "male_medals_prussian_01_03_mesh" in 12 ms
[09:25:06][pdx_3dtypes.cpp:217]: Total time "male_headgear_arabic_agitator_01_mesh" in 12 ms
[09:25:06][pdx_3dtypes.cpp:217]: Total time "male_beard_european_09_mesh" in 12 ms
[09:25:06][pdx_3dtypes.cpp:217]: Total time "balkan_forestry_loggingcamp_03_mesh" in 12 ms
[09:25:06][pdx_3dtypes.cpp:217]: Total time "tree_fir_004_mesh" in 12 ms
[09:25:06][pdx_3dtypes.cpp:217]: Total time "whale_white_mesh" in 12 ms
[09:25:06][pdx_3dtypes.cpp:217]: Total time "arabic_factory_02_mesh" in 12 ms
[09:25:06][pdx_3dtypes.cpp:217]: Total time "male_hair_european_06_mesh" in 12 ms
[09:25:06][pdx_3dtypes.cpp:217]: Total time "african_mining_processing_01_mesh" in 12 ms
[09:25:06][pdx_3dtypes.cpp:217]: Total time "female_outfit_african_common_02_mesh" in 12 ms
[09:25:06][pdx_3dtypes.cpp:217]: Total time "male_mustache_bal_gangadhar_tilak_mesh" in 12 ms
[09:25:06][pdx_3dtypes.cpp:217]: Total time "papermap_walthamwatch_mesh" in 12 ms
[09:25:06][pdx_3dtypes.cpp:217]: Total time "powerbloc_statue_attachment_romanhelmet_mesh" in 12 ms
[09:25:06][pdx_3dtypes.cpp:217]: Total time "male_mustache_gopal_krishna_01_mesh" in 12 ms
[09:25:06][pdx_3dtypes.cpp:217]: Total time "male_prop_nudity_accessory_mesh" in 12 ms
[09:25:06][pdx_3dtypes.cpp:217]: Total time "male_beard_european_10_mesh" in 12 ms
[09:25:06][pdx_3dtypes.cpp:217]: Total time "train_locomotive_planet_01_mesh" in 12 ms
[09:25:06][pdx_3dtypes.cpp:217]: Total time "male_necklace_indian_01_mesh" in 12 ms
[09:25:06][pdx_3dtypes.cpp:217]: Total time "train_locomotive_gnrstirling_01_mesh" in 12 ms
[09:25:06][pdx_3dtypes.cpp:217]: Total time "female_headgear_central_asian_01_high_mesh" in 12 ms
[09:25:06][pdx_3dtypes.cpp:217]: Total time "male_coat_russian_military_01_mesh" in 12 ms
[09:25:06][pdx_3dtypes.cpp:217]: Total time "male_coat_european_10_mesh" in 12 ms
[09:25:06][pdx_3dtypes.cpp:217]: Total time "indian_rural_residential_mid_02_mesh" in 12 ms
[09:25:06][pdx_3dtypes.cpp:217]: Total time "male_beard_art_test_01_mesh" in 12 ms
[09:25:06][pdx_3dtypes.cpp:217]: Total time "male_belt_arabic_royal_01_mesh" in 12 ms
[09:25:06][pdx_3dtypes.cpp:217]: Total time "male_mustache_alexander_karadordevic_mesh" in 12 ms
[09:25:06][pdx_3dtypes.cpp:217]: Total time "male_epaulettes_cossack_01_mesh" in 12 ms
[09:25:06][pdx_3dtypes.cpp:217]: Total time "female_headgear_japanese_common_04_mesh" in 12 ms
[09:25:06][pdx_3dtypes.cpp:217]: Total time "male_headgear_european_military_06_mesh" in 12 ms
[09:25:06][pdx_3dtypes.cpp:217]: Total time "latin_forestry_loggingcamp_01_mesh" in 12 ms
[09:25:06][pdx_3dtypes.cpp:217]: Total time "male_coat_rayadillo_uniform_mesh" in 12 ms
[09:25:06][pdx_3dtypes.cpp:217]: Total time "male_hair_japanese_01_mesh" in 12 ms
[09:25:06][pdx_3dtypes.cpp:217]: Total time "latin_mininghub_centerpiece_01_mesh" in 12 ms
[09:25:06][pdx_3dtypes.cpp:217]: Total time "male_headgear_serbian_01_mesh" in 12 ms
[09:25:06][pdx_3dtypes.cpp:217]: Total time "balkan_mining_sulfur_01_mesh" in 12 ms
[09:25:06][pdx_3dtypes.cpp:217]: Total time "female_coat_lakshmibai_01_mesh" in 12 ms
[09:25:06][pdx_3dtypes.cpp:217]: Total time "male_headgear_colonial_helmet_01_mesh" in 12 ms
[09:25:06][pdx_3dtypes.cpp:217]: Total time "male_mustache_european_05_mesh" in 12 ms
[09:25:06][pdx_3dtypes.cpp:217]: Total time "balkan_rural_residential_poor_02_mesh" in 12 ms
[09:25:06][pdx_3dtypes.cpp:217]: Total time "female_eyelashes_mesh" in 12 ms
[09:25:06][pdx_3dtypes.cpp:217]: Total time "portuguesesardines_mesh" in 12 ms
[09:25:06][pdx_3dtypes.cpp:217]: Total time "props_glasses_02_mesh" in 12 ms
[09:25:06][pdx_3dtypes.cpp:217]: Total time "female_outfit_native_american_01_low_mesh" in 12 ms
[09:25:06][pdx_3dtypes.cpp:217]: Total time "female_necklace_power_bloc_sovereign_01_mesh" in 12 ms
[09:25:06][pdx_3dtypes.cpp:217]: Total time "male_headgear_petar_ii_petrovic_njegos_mesh" in 12 ms
[09:25:06][pdx_3dtypes.cpp:217]: Total time "prop_ledger_mesh" in 12 ms
[09:25:06][pdx_3dtypes.cpp:217]: Total time "billboard_placeholder_mesh" in 12 ms
[09:25:06][pdx_3dtypes.cpp:217]: Total time "male_mustache_arabic_01_mesh" in 12 ms
[09:25:06][pdx_3dtypes.cpp:217]: Total time "female_top_layer_religious_cape_mesh" in 12 ms
[09:25:06][pdx_3dtypes.cpp:217]: Total time "male_epaulettes_01_mesh" in 12 ms
[09:25:06][pdx_3dtypes.cpp:217]: Total time "japan_mining_centerpiece_01_mesh" in 12 ms
[09:25:06][pdx_3dtypes.cpp:217]: Total time "powerbloc_statue_hero_lion_mesh" in 12 ms
[09:25:06][pdx_3dtypes.cpp:217]: Total time "female_prop_vivandiere_01_mesh" in 12 ms
[09:25:06][pdx_3dtypes.cpp:217]: Total time "male_sash_european_civilian_03_mesh" in 12 ms
[09:25:06][pdx_3dtypes.cpp:217]: Total time "male_headgear_indian_dwarkanath_tagore_mesh" in 12 ms
[09:25:06][pdx_3dtypes.cpp:217]: Total time "male_outfit_circumpolar_01_high_mesh" in 12 ms
[09:25:06][pdx_3dtypes.cpp:217]: Total time "female_outfit_european_common_01_mesh" in 12 ms
[09:25:06][pdx_3dtypes.cpp:217]: Total time "male_hair_historical_friedrich_engels_mesh" in 12 ms
[09:25:06][pdx_3dtypes.cpp:217]: Total time "male_top_layer_native_american_01_mesh" in 12 ms
[09:25:06][pdx_3dtypes.cpp:217]: Total time "male_headgear_indian_royalty_03_mesh" in 12 ms
[09:25:06][pdx_3dtypes.cpp:217]: Total time "female_headgear_agitator_pankhurst_mesh" in 12 ms
[09:25:06][pdx_3dtypes.cpp:217]: Total time "prop_basket_mesh" in 12 ms
[09:25:06][pdx_3dtypes.cpp:217]: Total time "prop_japanese_wagasa_mesh" in 12 ms
[09:25:06][pdx_3dtypes.cpp:217]: Total time "male_prop_dark_hat_mesh" in 12 ms
[09:25:06][pdx_3dtypes.cpp:217]: Total time "male_necklace_power_bloc_cape_01_mesh" in 12 ms
[09:25:06][pdx_3dtypes.cpp:217]: Total time "european_province_farm_01_nobillborads_mesh" in 12 ms
[09:25:06][pdx_3dtypes.cpp:217]: Total time "indian_factory_munition_01_mesh" in 12 ms
[09:25:06][pdx_3dtypes.cpp:217]: Total time "props_glasses_02_dracula_mesh" in 12 ms
[09:25:06][pdx_3dtypes.cpp:217]: Total time "male_hair_historical_john_maynard_keynes_mesh" in 12 ms
[09:25:06][pdx_3dtypes.cpp:217]: Total time "male_headgear_austrian_military_cap_01_mesh" in 12 ms
[09:25:06][pdx_3dtypes.cpp:217]: Total time "male_epaulettes_08_mesh" in 12 ms
[09:25:06][pdx_3dtypes.cpp:217]: Total time "asian_lighthouse_01_mesh" in 12 ms
[09:25:06][pdx_3dtypes.cpp:217]: Total time "wonder_pena_palace_pre_restored_mesh" in 12 ms
[09:25:06][pdx_3dtypes.cpp:217]: Total time "female_outfit_indian_diwali_01_mesh" in 12 ms
[09:25:06][pdx_3dtypes.cpp:217]: Total time "european_train_locomotive_04_mesh" in 12 ms
[09:25:06][pdx_3dtypes.cpp:217]: Total time "female_sash_african_agitator_01_mesh" in 12 ms
[09:25:06][pdx_3dtypes.cpp:217]: Total time "male_belt_aggressive_expansion_01_mesh" in 12 ms
[09:25:06][pdx_3dtypes.cpp:217]: Total time "female_headgear_arabic_middle_tier_01_mesh" in 12 ms
[09:25:06][pdx_3dtypes.cpp:217]: Total time "male_outfit_native_american_01_mid_mesh" in 12 ms
[09:25:06][pdx_3dtypes.cpp:217]: Total time "male_belts_gandhi_watch_01_mesh" in 12 ms
[09:25:06][pdx_3dtypes.cpp:217]: Total time "male_headgear_japanese_agitator_01_mesh" in 12 ms
[09:25:06][pdx_3dtypes.cpp:217]: Total time "female_outfit_indian_low_01_mesh" in 12 ms
[09:25:06][pdx_3dtypes.cpp:217]: Total time "male_headgear_european_military_09_mesh" in 12 ms
[09:25:06][pdx_3dtypes.cpp:217]: Total time "male_headgear_european_military_cap_01_mesh" in 12 ms
[09:25:06][pdx_3dtypes.cpp:217]: Total time "prop_rifle_mesh" in 12 ms
[09:25:06][pdx_3dtypes.cpp:217]: Total time "african_forestry_loggingcamp_01_mesh" in 12 ms
[09:25:06][pdx_3dtypes.cpp:217]: Total time "female_necklace_south_american_01_low_mesh" in 12 ms
[09:25:06][pdx_3dtypes.cpp:217]: Total time "powerbloc_statue_hero_gazelle_mesh" in 12 ms
[09:25:06][pdx_3dtypes.cpp:217]: Total time "sandstone_monument_01_mesh" in 12 ms
[09:25:06][pdx_3dtypes.cpp:217]: Total time "female_outfit_african_common_03_mesh" in 12 ms
[09:25:06][pdx_3dtypes.cpp:217]: Total time "male_belts_sash_power_bloc_01_mesh" in 12 ms
[09:25:06][pdx_3dtypes.cpp:217]: Total time "male_coat_indian_maharaja_singh_01_mesh" in 12 ms
[09:25:06][pdx_3dtypes.cpp:217]: Total time "balkan_forestry_trees_02_mesh" in 12 ms
[09:25:06][pdx_3dtypes.cpp:217]: Total time "male_outfit_polynesian_01_low_mesh" in 12 ms
[09:25:06][pdx_3dtypes.cpp:217]: Total time "male_outfit_korean_01_low_mesh" in 12 ms
[09:25:06][pdx_3dtypes.cpp:217]: Total time "male_beard_african_03_mesh" in 12 ms
[09:25:06][pdx_3dtypes.cpp:217]: Total time "canal_suezcanal_01_mesh" in 12 ms
[09:25:06][pdx_3dtypes.cpp:217]: Total time "female_outfit_chinese_01_high_mesh" in 12 ms
[09:25:06][pdx_3dtypes.cpp:217]: Total time "female_outfit_circumpolar_01_high_mesh" in 11 ms
[09:25:06][pdx_3dtypes.cpp:217]: Total time "male_coat_european_08_mesh" in 11 ms
[09:25:06][pdx_3dtypes.cpp:217]: Total time "male_sash_european_02_mesh" in 11 ms
[09:25:06][pdx_3dtypes.cpp:217]: Total time "train_locomotive_jupitertender_01_mesh" in 11 ms
[09:25:06][pdx_3dtypes.cpp:217]: Total time "male_legwear_austrian_01_mesh" in 11 ms
[09:25:06][pdx_3dtypes.cpp:217]: Total time "male_headgear_japanese_common_03_mesh" in 11 ms
[09:25:06][pdx_3dtypes.cpp:217]: Total time "balkan_forestry_transportation_01_mesh" in 11 ms
[09:25:06][pdx_3dtypes.cpp:217]: Total time "male_beard_indian_03_mesh" in 11 ms
[09:25:06][pdx_3dtypes.cpp:217]: Total time "male_headgear_arabic_common_01_mesh" in 11 ms
[09:25:06][pdx_3dtypes.cpp:217]: Total time "indian_mining_coal_01_mesh" in 11 ms
[09:25:06][pdx_3dtypes.cpp:217]: Total time "male_sashes_tricolor_mesh" in 11 ms
[09:25:06][pdx_3dtypes.cpp:217]: Total time "male_mustache_asian_04_mesh" in 11 ms
[09:25:06][pdx_3dtypes.cpp:217]: Total time "male_outfit_african_common_01_mesh" in 11 ms
[09:25:06][pdx_3dtypes.cpp:217]: Total time "male_belts_cuirass_01_mesh" in 11 ms
[09:25:06][pdx_3dtypes.cpp:217]: Total time "male_outfit_native_american_01_high_mesh" in 11 ms
[09:25:06][pdx_3dtypes.cpp:217]: Total time "indian_mining_lead_01_mesh" in 11 ms
[09:25:06][pdx_3dtypes.cpp:217]: Total time "color_reference_mesh" in 11 ms
[09:25:06][pdx_3dtypes.cpp:217]: Total time "japan_factory_chemical_01_mesh" in 11 ms
[09:25:06][pdx_3dtypes.cpp:217]: Total time "female_sash_chinese_agitator_01_mesh" in 11 ms
[09:25:06][pdx_3dtypes.cpp:217]: Total time "papermap_revolutionary_cockade_mesh" in 11 ms
[09:25:06][pdx_3dtypes.cpp:217]: Total time "male_waistcoat_south_american_01_high_mesh" in 11 ms
[09:25:06][pdx_3dtypes.cpp:217]: Total time "asian_urban_residential_mid_02_mesh" in 11 ms
[09:25:06][pdx_3dtypes.cpp:217]: Total time "male_mustache_european_08_mesh" in 11 ms
[09:25:06][pdx_3dtypes.cpp:217]: Total time "european_train_locomotive_03_mesh" in 11 ms
[09:25:06][pdx_3dtypes.cpp:217]: Total time "papermap_indian_hairbrooch_mesh" in 11 ms
[09:25:06][pdx_3dtypes.cpp:217]: Total time "powerbloc_statue_hero_sittingman_mesh" in 11 ms
[09:25:06][pdx_3dtypes.cpp:217]: Total time "academic_cap_mesh" in 11 ms
[09:25:06][pdx_3dtypes.cpp:217]: Total time "male_necklace_indian_headgear_01_mesh" in 11 ms
[09:25:06][pdx_3dtypes.cpp:217]: Total time "male_hair_african_02_mesh" in 11 ms
[09:25:06][pdx_3dtypes.cpp:217]: Total time "arabic_urban_port_dockyard_01_mesh" in 11 ms
[09:25:06][pdx_3dtypes.cpp:217]: Total time "male_necklace_tatya_tope_mesh" in 11 ms
[09:25:06][pdx_3dtypes.cpp:217]: Total time "balkan_forestry_transportation_02_mesh" in 11 ms
[09:25:06][pdx_3dtypes.cpp:217]: Total time "male_sashes_cuirass_01_mesh" in 11 ms
[09:25:06][pdx_3dtypes.cpp:217]: Total time "male_mustache_asian_03_mesh" in 11 ms
[09:25:06][pdx_3dtypes.cpp:217]: Total time "male_headgear_native_american_common_01_mesh" in 11 ms
[09:25:06][pdx_3dtypes.cpp:217]: Total time "male_mustache_european_04_mesh" in 11 ms
[09:25:06][pdx_3dtypes.cpp:217]: Total time "latin_rural_residential_poor_03_mesh" in 11 ms
[09:25:06][pdx_3dtypes.cpp:217]: Total time "male_hair_european_05_mesh" in 11 ms
[09:25:06][pdx_3dtypes.cpp:217]: Total time "female_belt_shashes_04_mesh" in 11 ms
[09:25:06][pdx_3dtypes.cpp:217]: Total time "male_legwear_south_american_bandit_lampiao_01_mesh" in 11 ms
[09:25:06][pdx_3dtypes.cpp:217]: Total time "military_barricade_mechanized_01_mesh" in 11 ms
[09:25:06][pdx_3dtypes.cpp:217]: Total time "horse_cart_sovereignempire_mesh" in 11 ms
[09:25:06][pdx_3dtypes.cpp:217]: Total time "male_legwear_european_01_mesh" in 11 ms
[09:25:06][pdx_3dtypes.cpp:217]: Total time "female_headdot_01_mesh" in 11 ms
[09:25:06][pdx_3dtypes.cpp:217]: Total time "male_top_layer_japanese_kataginu_01_mesh" in 11 ms
[09:25:06][pdx_3dtypes.cpp:217]: Total time "male_mustache_indian_01_mesh" in 11 ms
[09:25:06][pdx_3dtypes.cpp:217]: Total time "female_necklace_power_bloc_religious_01_mesh" in 11 ms
[09:25:06][pdx_3dtypes.cpp:217]: Total time "balkan_forestry_trees_01_mesh" in 11 ms
[09:25:06][pdx_3dtypes.cpp:217]: Total time "female_legwear_lakshmibai_01_mesh" in 11 ms
[09:25:06][pdx_3dtypes.cpp:217]: Total time "african_furniture_manufactory_01_mesh" in 11 ms
[09:25:06][pdx_3dtypes.cpp:217]: Total time "male_coat_historical_lenin_01_mesh" in 11 ms
[09:25:06][pdx_3dtypes.cpp:217]: Total time "powerbloc_statue_hero_globe_mesh" in 11 ms
[09:25:06][pdx_3dtypes.cpp:217]: Total time "male_epaulettes_04_mesh" in 11 ms
[09:25:06][pdx_3dtypes.cpp:217]: Total time "arabic_factory_01_mesh" in 11 ms
[09:25:06][pdx_3dtypes.cpp:217]: Total time "male_legwear_balkan_hajduk_01_mesh" in 11 ms
[09:25:06][pdx_3dtypes.cpp:217]: Total time "female_hair_european_03_mesh" in 11 ms
[09:25:06][pdx_3dtypes.cpp:217]: Total time "male_coat_european_09_mesh" in 11 ms
[09:25:06][pdx_3dtypes.cpp:217]: Total time "male_headgear_late_military_cap_japanese_soldier_straps_mesh" in 11 ms
[09:25:06][pdx_3dtypes.cpp:217]: Total time "male_outfit_chinese_imperial_01_mesh" in 11 ms
[09:25:06][pdx_3dtypes.cpp:217]: Total time "male_outfit_children_royal_01_mesh" in 11 ms
[09:25:06][pdx_3dtypes.cpp:217]: Total time "female_necklace_polynesian_01_low_mesh" in 11 ms
[09:25:06][pdx_3dtypes.cpp:217]: Total time "prop_large_sack_mesh" in 11 ms
[09:25:06][pdx_3dtypes.cpp:217]: Total time "male_beard_african_01_mesh" in 11 ms
[09:25:06][pdx_3dtypes.cpp:217]: Total time "generic_forestry_trees_02_mesh" in 11 ms
[09:25:06][pdx_3dtypes.cpp:217]: Total time "male_headgear_arabic_royal_01_mesh" in 11 ms
[09:25:06][pdx_3dtypes.cpp:217]: Total time "papermap_extension_bottom_votp_mesh" in 11 ms
[09:25:06][pdx_3dtypes.cpp:217]: Total time "female_outfit_indian_common_01_mesh" in 11 ms
[09:25:06][pdx_3dtypes.cpp:217]: Total time "prop_japanese_shibuuchiwa_mesh" in 11 ms
[09:25:06][pdx_3dtypes.cpp:217]: Total time "male_mustache_african_01_mesh" in 11 ms
[09:25:06][pdx_3dtypes.cpp:217]: Total time "male_epaulettes_02_mesh" in 11 ms
[09:25:06][pdx_3dtypes.cpp:217]: Total time "male_headgear_greek_01_mesh" in 11 ms
[09:25:06][pdx_3dtypes.cpp:217]: Total time "asian_manufactory_01_mesh" in 11 ms
[09:25:06][pdx_3dtypes.cpp:217]: Total time "male_necklace_power_bloc_military_01_mesh" in 11 ms
[09:25:06][pdx_3dtypes.cpp:217]: Total time "male_hair_european_13_mesh" in 11 ms
[09:25:06][pdx_3dtypes.cpp:217]: Total time "male_necklace_indian_maharaja_singh_01_mesh" in 11 ms
[09:25:06][pdx_3dtypes.cpp:217]: Total time "female_headgear_japanese_common_03_mesh" in 11 ms
[09:25:06][pdx_3dtypes.cpp:217]: Total time "male_belts_sash_power_bloc_03_mesh" in 11 ms
[09:25:06][pdx_3dtypes.cpp:217]: Total time "female_outfit_peasant_common_01_mesh" in 11 ms
[09:25:06][pdx_3dtypes.cpp:217]: Total time "male_prop_cigar_02_mesh" in 10 ms
[09:25:06][pdx_3dtypes.cpp:217]: Total time "male_coat_indian_01_mesh" in 10 ms
[09:25:06][pdx_3dtypes.cpp:217]: Total time "military_arms_blunderbuss_mesh" in 10 ms
[09:25:06][pdx_3dtypes.cpp:217]: Total time "train_locomotive_cherepanov_01_mesh" in 10 ms
[09:25:06][pdx_3dtypes.cpp:217]: Total time "debug_height_object_mesh" in 10 ms
[09:25:06][pdx_3dtypes.cpp:217]: Total time "train_locomotive_ouest_01_mesh" in 10 ms
[09:25:06][pdx_3dtypes.cpp:217]: Total time "male_outfit_chinese_01_low_mesh" in 10 ms
[09:25:06][pdx_3dtypes.cpp:217]: Total time "male_headgear_indian_bhagat_singh_mesh" in 10 ms
[09:25:06][pdx_3dtypes.cpp:217]: Total time "japan_forestry_transportation_01_mesh" in 10 ms
[09:25:06][pdx_3dtypes.cpp:217]: Total time "male_prop_pipe2_02_mesh" in 10 ms
[09:25:06][pdx_3dtypes.cpp:217]: Total time "male_hair_chinese_01_mesh" in 10 ms
[09:25:06][pdx_3dtypes.cpp:217]: Total time "generic_mining_iron_01_mesh" in 10 ms
[09:25:06][pdx_3dtypes.cpp:217]: Total time "prop_top_hat_mesh" in 10 ms
[09:25:06][pdx_3dtypes.cpp:217]: Total time "scaffolding_01_mesh" in 10 ms
[09:25:06][pdx_3dtypes.cpp:217]: Total time "female_outfit_arabic_low_tier_01_mesh" in 10 ms
[09:25:06][pdx_3dtypes.cpp:217]: Total time "prop_crudehoe_mesh" in 10 ms
[09:25:06][pdx_3dtypes.cpp:217]: Total time "male_legwear_indian_maharaja_singh_01_mesh" in 10 ms
[09:25:06][pdx_3dtypes.cpp:217]: Total time "prop_swaddled_baby_01_mesh" in 10 ms
[09:25:06][pdx_3dtypes.cpp:217]: Total time "male_top_layers_power_bloc_01_mesh" in 10 ms
[09:25:06][pdx_3dtypes.cpp:217]: Total time "male_mustache_european_03_mesh" in 10 ms
[09:25:06][pdx_3dtypes.cpp:217]: Total time "french_city_factory_furniture_01_mesh" in 10 ms
[09:25:06][pdx_3dtypes.cpp:217]: Total time "indian_factory_food_01_mesh" in 10 ms
[09:25:06][pdx_3dtypes.cpp:217]: Total time "european_port_01_1s_1d_1f_mesh" in 10 ms
[09:25:06][pdx_3dtypes.cpp:217]: Total time "generic_forestry_transportation_01_mesh" in 10 ms
[09:25:06][pdx_3dtypes.cpp:217]: Total time "military_barricade_trench_01_mesh" in 10 ms
[09:25:06][pdx_3dtypes.cpp:217]: Total time "latin_manufactory_03_mesh" in 10 ms
[09:25:06][pdx_3dtypes.cpp:217]: Total time "powerbloc_statue_hero_runningman_mesh" in 10 ms
[09:25:06][pdx_3dtypes.cpp:217]: Total time "american_mining_oilrig_01_mesh" in 10 ms
[09:25:06][pdx_3dtypes.cpp:217]: Total time "european_train_locomotive_02_mesh" in 10 ms
[09:25:06][pdx_3dtypes.cpp:217]: Total time "female_outfit_arabic_middle_tier_01_mesh" in 10 ms
[09:25:06][pdx_3dtypes.cpp:217]: Total time "male_beard_petar_ii_petrovic_njegos_mesh" in 10 ms
[09:25:06][pdx_3dtypes.cpp:217]: Total time "male_outfit_south_american_01_low_mesh" in 10 ms
[09:25:06][pdx_3dtypes.cpp:217]: Total time "european_rural_building_mid_03_mesh" in 10 ms
[09:25:06][pdx_3dtypes.cpp:217]: Total time "male_necklace_louis_delescluze_mesh" in 10 ms
[09:25:06][pdx_3dtypes.cpp:217]: Total time "male_sash_slavic_agitator_01_mesh" in 10 ms
[09:25:06][pdx_3dtypes.cpp:217]: Total time "train_locomotive_sudbahn_01_mesh" in 10 ms
[09:25:06][pdx_3dtypes.cpp:217]: Total time "male_hair_european_16_mesh" in 10 ms
[09:25:06][pdx_3dtypes.cpp:217]: Total time "male_prop_apron_mesh" in 10 ms
[09:25:06][pdx_3dtypes.cpp:217]: Total time "male_waistcoat_european_01_mesh" in 10 ms
[09:25:06][pdx_3dtypes.cpp:217]: Total time "european_port_01_2s_0d_1f_mesh" in 10 ms
[09:25:06][pdx_3dtypes.cpp:217]: Total time "male_necklace_reza_shah_pahlavi_mesh" in 10 ms
[09:25:06][pdx_3dtypes.cpp:217]: Total time "wonder_wallofchina_03_mesh" in 10 ms
[09:25:06][pdx_3dtypes.cpp:217]: Total time "arabic_factory_colonial_01_mesh" in 10 ms
[09:25:06][pdx_3dtypes.cpp:217]: Total time "generic_forestry_transportation_02_mesh" in 10 ms
[09:25:06][pdx_3dtypes.cpp:217]: Total time "male_outfit_arabic_royal_01_mesh" in 10 ms
[09:25:06][pdx_3dtypes.cpp:217]: Total time "prop_handheldfan_mesh" in 10 ms
[09:25:06][pdx_3dtypes.cpp:217]: Total time "male_prop_straw_hat_mesh" in 10 ms
[09:25:06][pdx_3dtypes.cpp:217]: Total time "papermap_extension_top_ep2_mesh" in 10 ms
[09:25:06][pdx_3dtypes.cpp:217]: Total time "male_outfit_korean_common_01_mesh" in 10 ms
[09:25:06][pdx_3dtypes.cpp:217]: Total time "male_hair_historical_tsar_alexander_iii_mesh" in 10 ms
[09:25:06][pdx_3dtypes.cpp:217]: Total time "female_outfit_children_royal_01_mesh" in 10 ms
[09:25:06][pdx_3dtypes.cpp:217]: Total time "lacqueredbox_mesh" in 10 ms
[09:25:06][pdx_3dtypes.cpp:217]: Total time "male_headgear_arabic_common_02_mesh" in 10 ms
[09:25:06][pdx_3dtypes.cpp:217]: Total time "male_prop_gloves_01_mesh" in 10 ms
[09:25:06][pdx_3dtypes.cpp:217]: Total time "male_hair_historical_king_william_01_mesh" in 10 ms
[09:25:06][pdx_3dtypes.cpp:217]: Total time "male_epaulettes_03_mesh" in 9 ms
[09:25:06][pdx_3dtypes.cpp:217]: Total time "male_prop_pipe1_02_mesh" in 9 ms
[09:25:06][pdx_3dtypes.cpp:217]: Total time "papermap_extension_bottom_newsletter_bonus_mesh" in 9 ms
[09:25:06][pdx_3dtypes.cpp:217]: Total time "male_headgear_japanese_eboshi_01_mesh" in 9 ms
[09:25:06][pdx_3dtypes.cpp:217]: Total time "japan_factory_papermill_01_mesh" in 9 ms
[09:25:06][pdx_3dtypes.cpp:217]: Total time "prop_walkingcane_mesh" in 9 ms
[09:25:06][pdx_3dtypes.cpp:217]: Total time "dlc_coin_ep1_mesh" in 9 ms
[09:25:06][pdx_3dtypes.cpp:217]: Total time "male_beard_arabic_02_mesh" in 9 ms
[09:25:06][pdx_3dtypes.cpp:217]: Total time "female_top_layers_lakshmibai_01_mesh" in 9 ms
[09:25:06][pdx_3dtypes.cpp:217]: Total time "european_train_locomotive_05_mesh" in 9 ms
[09:25:06][pdx_3dtypes.cpp:217]: Total time "european_rural_building_mid_02_mesh" in 9 ms
[09:25:06][pdx_3dtypes.cpp:217]: Total time "papermap_extension_top_ep1_mesh" in 9 ms
[09:25:06][pdx_3dtypes.cpp:217]: Total time "troopship_base_mesh" in 9 ms
[09:25:06][pdx_3dtypes.cpp:217]: Total time "papermap_extension_top_votp_mesh" in 9 ms
[09:25:06][pdx_3dtypes.cpp:217]: Total time "arabic_factory_glassworks_01_mesh" in 9 ms
[09:25:06][pdx_3dtypes.cpp:217]: Total time "generic_factory_powerplant_01_mesh" in 9 ms
[09:25:06][pdx_3dtypes.cpp:217]: Total time "balkan_port_militaryshipyard_01_mesh" in 9 ms
[09:25:06][pdx_3dtypes.cpp:217]: Total time "train_cargo_iron_03_mesh" in 9 ms
[09:25:06][pdx_3dtypes.cpp:217]: Total time "generic_regionalcompanyhq_01_mesh" in 9 ms
[09:25:06][pdx_3dtypes.cpp:217]: Total time "male_coat_european_03_mesh" in 9 ms
[09:25:06][pdx_3dtypes.cpp:217]: Total time "asian_colonial_manufactory_03_mesh" in 9 ms
[09:25:06][pdx_3dtypes.cpp:217]: Total time "windmill_01_mesh" in 9 ms
[09:25:06][pdx_3dtypes.cpp:217]: Total time "mininghub_centerpiece_01_mesh" in 9 ms
[09:25:06][pdx_3dtypes.cpp:217]: Total time "military_arms_flamethrower_mesh" in 9 ms
[09:25:06][pdx_3dtypes.cpp:217]: Total time "generic_forestry_trees_01_mesh" in 9 ms
[09:25:06][pdx_3dtypes.cpp:217]: Total time "male_legwear_greek_01_mesh" in 9 ms
[09:25:06][pdx_3dtypes.cpp:217]: Total time "female_necklace_power_bloc_military_01_mesh" in 9 ms
[09:25:06][pdx_3dtypes.cpp:217]: Total time "papermap_extension_bottom_ap1_mesh" in 9 ms
[09:25:06][pdx_3dtypes.cpp:217]: Total time "male_headgear_european_cossack_01_mesh" in 9 ms
[09:25:06][pdx_3dtypes.cpp:217]: Total time "balkan_forestry_loggingcamp_01_mesh" in 9 ms
[09:25:06][pdx_3dtypes.cpp:217]: Total time "tree_cypress_mediterranean_02_mesh" in 9 ms
[09:25:06][pdx_3dtypes.cpp:217]: Total time "indian_port_fishingwharf_01_mesh" in 9 ms
[09:25:06][pdx_3dtypes.cpp:217]: Total time "arabic_factory_03_mesh" in 9 ms
[09:25:06][pdx_3dtypes.cpp:217]: Total time "asian_manufactory_03_mesh" in 9 ms
[09:25:06][pdx_3dtypes.cpp:217]: Total time "male_beard_henry_fane_mesh" in 9 ms
[09:25:06][pdx_3dtypes.cpp:217]: Total time "asian_tools_manufactory_01_mesh" in 9 ms
[09:25:06][pdx_3dtypes.cpp:217]: Total time "male_headgear_arabic_naser_qajar_01_mesh" in 9 ms
[09:25:06][pdx_3dtypes.cpp:217]: Total time "male_headgear_european_military_05_mesh" in 9 ms
[09:25:06][pdx_3dtypes.cpp:217]: Total time "japan_port_shipyard_02_mesh" in 9 ms
[09:25:06][pdx_3dtypes.cpp:217]: Total time "male_beard_european_02_mesh" in 9 ms
[09:25:06][pdx_3dtypes.cpp:217]: Total time "male_headgear_zulu_impi_02_mesh" in 9 ms
[09:25:06][pdx_3dtypes.cpp:217]: Total time "powerbloc_statue_hero_khmer_mesh" in 9 ms
[09:25:06][pdx_3dtypes.cpp:217]: Total time "male_necklace_polynesian_01_low_mesh" in 9 ms
[09:25:06][pdx_3dtypes.cpp:217]: Total time "military_arms_machinegun_maxim_mesh" in 9 ms
[09:25:06][pdx_3dtypes.cpp:217]: Total time "male_headgear_south_american_agitator_01_mesh" in 9 ms
[09:25:06][pdx_3dtypes.cpp:217]: Total time "philippines_carabaomango_mesh" in 9 ms
[09:25:06][pdx_3dtypes.cpp:217]: Total time "generic_rural_mining_pile_02_mesh" in 9 ms
[09:25:06][pdx_3dtypes.cpp:217]: Total time "military_barricade_squad_01_mesh" in 9 ms
[09:25:06][pdx_3dtypes.cpp:217]: Total time "male_headgear_european_common_03_mesh" in 9 ms
[09:25:06][pdx_3dtypes.cpp:217]: Total time "balkan_port_docks_02_mesh" in 9 ms
[09:25:06][pdx_3dtypes.cpp:217]: Total time "generic_forestry_loggingcamp_02_mesh" in 8 ms
[09:25:06][pdx_3dtypes.cpp:217]: Total time "wonder_wallofchina_08_mesh" in 8 ms
[09:25:06][pdx_3dtypes.cpp:217]: Total time "male_mustache_african_02_mesh" in 8 ms
[09:25:06][pdx_3dtypes.cpp:217]: Total time "japan_factory_textilemill_01_mesh" in 8 ms
[09:25:06][pdx_3dtypes.cpp:217]: Total time "papermap_napoleonic_medal_mesh" in 8 ms
[09:25:06][pdx_3dtypes.cpp:217]: Total time "papermap_table_bottom_votp_mesh" in 8 ms
[09:25:06][pdx_3dtypes.cpp:217]: Total time "papermap_cloth_ip2_mesh" in 8 ms
[09:25:06][pdx_3dtypes.cpp:217]: Total time "frigate_broadside_02_mesh" in 8 ms
[09:25:06][pdx_3dtypes.cpp:217]: Total time "latin_furniture_manufactory_01_mesh" in 8 ms
[09:25:06][pdx_3dtypes.cpp:217]: Total time "asian_urban_residential_poor_03_mesh" in 8 ms
[09:25:06][pdx_3dtypes.cpp:217]: Total time "female_headgear_arabic_common_03_mesh" in 8 ms
[09:25:06][pdx_3dtypes.cpp:217]: Total time "colonial_manufactory_01_mesh" in 8 ms
[09:25:06][pdx_3dtypes.cpp:217]: Total time "african_forestry_scatter_02_mesh" in 8 ms
[09:25:06][pdx_3dtypes.cpp:217]: Total time "dirtroad_bridge_01_small_mesh" in 8 ms
[09:25:06][pdx_3dtypes.cpp:217]: Total time "papermap_extension_bottom_ep1_mesh" in 8 ms
[09:25:06][pdx_3dtypes.cpp:217]: Total time "railroad_bridge_02_medium_mesh" in 8 ms
[09:25:06][pdx_3dtypes.cpp:217]: Total time "military_barricade_skirmish_01_mesh" in 8 ms
[09:25:06][pdx_3dtypes.cpp:217]: Total time "ep2_coin_mesh" in 8 ms
[09:25:06][pdx_3dtypes.cpp:217]: Total time "papermap_table_top_ip4_mesh" in 8 ms
[09:25:06][pdx_3dtypes.cpp:217]: Total time "french_city_factory_construction_01_mesh" in 8 ms
[09:25:06][pdx_3dtypes.cpp:217]: Total time "papermap_french_coin_mesh" in 8 ms
[09:25:06][pdx_3dtypes.cpp:217]: Total time "balkan_mining_iron_01_mesh" in 8 ms
[09:25:06][pdx_3dtypes.cpp:217]: Total time "european_urban_residential_rich_03_mesh" in 8 ms
[09:25:06][pdx_3dtypes.cpp:217]: Total time "md_jap_coat_japanese_navy_mesh" in 8 ms
[09:25:06][pdx_3dtypes.cpp:217]: Total time "bird_eagle_01_mesh" in 8 ms
[09:25:06][pdx_3dtypes.cpp:217]: Total time "asian_forestry_lumberdepo_01_mesh" in 8 ms
[09:25:06][pdx_3dtypes.cpp:217]: Total time "balkan_factory_food_01_mesh" in 8 ms
[09:25:06][pdx_3dtypes.cpp:217]: Total time "papermap_extension_bottom_ep2_mesh" in 8 ms
[09:25:06][pdx_3dtypes.cpp:217]: Total time "african_glassworks_manufactory_01_mesh" in 8 ms
[09:25:06][pdx_3dtypes.cpp:217]: Total time "balkan_port_shipyard_01_mesh" in 8 ms
[09:25:06][pdx_3dtypes.cpp:217]: Total time "dlc_coin_ip2_mesh" in 8 ms
[09:25:06][pdx_3dtypes.cpp:217]: Total time "african_colonial_manufactory_03_mesh" in 8 ms
[09:25:06][pdx_3dtypes.cpp:217]: Total time "papermap_hongshanstatue_mesh" in 8 ms
[09:25:06][pdx_3dtypes.cpp:217]: Total time "japan_port_fishingwharf_02_mesh" in 8 ms
[09:25:06][pdx_3dtypes.cpp:217]: Total time "european_port_01_0s_0d_3f_mesh" in 8 ms
[09:25:06][pdx_3dtypes.cpp:217]: Total time "military_transport_railroad_armoredlocomotive_generic_mesh" in 8 ms
[09:25:06][pdx_3dtypes.cpp:217]: Total time "revolution_barricade_mid_armed_forces_mesh" in 8 ms
[09:25:06][pdx_3dtypes.cpp:217]: Total time "canal_panamacanal_under_construction_01_mesh" in 8 ms
[09:25:06][pdx_3dtypes.cpp:217]: Total time "wind_trail_03_mesh" in 8 ms
[09:25:06][pdx_3dtypes.cpp:217]: Total time "train_locomotive_johnbulltender_01_mesh" in 7 ms
[09:25:06][pdx_3dtypes.cpp:217]: Total time "papermap_extension_bottom_mesh" in 7 ms
[09:25:06][pdx_3dtypes.cpp:217]: Total time "railroad_bridge_02_large_mesh" in 7 ms
[09:25:06][pdx_3dtypes.cpp:217]: Total time "horse_cart_ap1_02_mesh" in 7 ms
[09:25:06][pdx_3dtypes.cpp:217]: Total time "whale_mesh" in 7 ms
[09:25:06][pdx_3dtypes.cpp:217]: Total time "japan_city_companyhq_01_mesh" in 7 ms
[09:25:06][pdx_3dtypes.cpp:217]: Total time "bird_vulture_01_mesh" in 7 ms
[09:25:06][pdx_3dtypes.cpp:217]: Total time "generic_mining_coal_01_mesh" in 7 ms
[09:25:06][pdx_3dtypes.cpp:217]: Total time "balkan_port_militaryshipyard_02_mesh" in 7 ms
[09:25:06][pdx_3dtypes.cpp:217]: Total time "latin_forestry_scatter_02_mesh" in 7 ms
[09:25:06][pdx_3dtypes.cpp:217]: Total time "military_barricade_line_01_mesh" in 7 ms
[09:25:06][pdx_3dtypes.cpp:217]: Total time "latin_forestry_centerpiece_01_mesh" in 7 ms
[09:25:06][pdx_3dtypes.cpp:217]: Total time "european_port_01_0s_1d_2f_mesh" in 7 ms
[09:25:06][pdx_3dtypes.cpp:217]: Total time "revolution_barricade_small_intelligentsia_mesh" in 7 ms
[09:25:06][pdx_3dtypes.cpp:217]: Total time "balkan_port_fishingwharf_01_mesh" in 7 ms
[09:25:06][pdx_3dtypes.cpp:217]: Total time "french_mining_quarry_02_mesh" in 7 ms
[09:25:06][pdx_3dtypes.cpp:217]: Total time "latin_glassworks_manufactory_01_mesh" in 7 ms
[09:25:06][pdx_3dtypes.cpp:217]: Total time "papermap_tainostatue_mesh" in 7 ms
[09:25:06][pdx_3dtypes.cpp:217]: Total time "japan_city_centerpiece_02_mesh" in 7 ms
[09:25:06][pdx_3dtypes.cpp:217]: Total time "dirtroad_bridge_01_large_mesh" in 7 ms
[09:25:06][pdx_3dtypes.cpp:217]: Total time "male_headgear_chinese_common_02_mesh" in 7 ms
[09:25:06][pdx_3dtypes.cpp:217]: Total time "french_port_fishingwharf_01_mesh" in 7 ms
[09:25:06][pdx_3dtypes.cpp:217]: Total time "prop_shovel_mesh" in 7 ms
[09:25:06][pdx_3dtypes.cpp:217]: Total time "colonial_manufactory_02_mesh" in 7 ms
[09:25:06][pdx_3dtypes.cpp:217]: Total time "european_port_01_1s_0d_1f_mesh" in 7 ms
[09:25:06][pdx_3dtypes.cpp:217]: Total time "train_locomotive_gnrstirlingtender_01_mesh" in 7 ms
[09:25:06][pdx_3dtypes.cpp:217]: Total time "tree_rainforest_005_mesh" in 7 ms
[09:25:06][pdx_3dtypes.cpp:217]: Total time "male_mustache_historical_marx_mesh" in 7 ms
[09:25:06][pdx_3dtypes.cpp:217]: Total time "male_belt_greek_01_bs_thick_mesh" in 7 ms
[09:25:06][pdx_3dtypes.cpp:217]: Total time "substance_bg_mesh" in 7 ms
[09:25:06][pdx_3dtypes.cpp:217]: Total time "male_coat_historical_john_brown_01_bs_gaunt_mesh" in 7 ms
[09:25:06][pdx_3dtypes.cpp:217]: Total time "male_top_layer_religious_cape_mesh" in 7 ms
[09:25:06][pdx_3dtypes.cpp:217]: Total time "rockformation_06_mesh" in 7 ms
[09:25:06][pdx_3dtypes.cpp:217]: Total time "military_barricade_irregular_01_mesh" in 6 ms
[09:25:06][pdx_3dtypes.cpp:217]: Total time "european_port_01_1s_1d_0f_mesh" in 6 ms
[09:25:06][pdx_3dtypes.cpp:217]: Total time "generic_factory_food_01_mesh" in 6 ms
[09:25:06][pdx_3dtypes.cpp:217]: Total time "train_cargo_sulfur_03_mesh" in 6 ms
[09:25:06][pdx_3dtypes.cpp:217]: Total time "generic_factory_tools_01_mesh" in 6 ms
[09:25:06][pdx_3dtypes.cpp:217]: Total time "wonder_wallofchina_05_mesh" in 6 ms
[09:25:06][pdx_3dtypes.cpp:217]: Total time "european_port_01_1s_2d_0f_mesh" in 6 ms
[09:25:06][pdx_3dtypes.cpp:217]: Total time "generic_forestry_loggingcamp_03_mesh" in 6 ms
[09:25:06][pdx_3dtypes.cpp:217]: Total time "testplane_mesh" in 6 ms
[09:25:06][pdx_3dtypes.cpp:217]: Total time "dirtroad_bridge_01_medium_mesh" in 6 ms
[09:25:06][pdx_3dtypes.cpp:217]: Total time "generic_forestry_loggingcabin_03_mesh" in 6 ms
[09:25:06][pdx_3dtypes.cpp:217]: Total time "balkan_port_worldmarket_01_mesh" in 6 ms
[09:25:06][pdx_3dtypes.cpp:217]: Total time "generic_mining_sulfur_01_mesh" in 6 ms
[09:25:06][pdx_3dtypes.cpp:217]: Total time "papermap_extension_bottom_ip4_portugal_mesh" in 6 ms
[09:25:06][pdx_3dtypes.cpp:217]: Total time "test_object_mesh" in 6 ms
[09:25:06][pdx_3dtypes.cpp:217]: Total time "asian_mining_processing_01_mesh" in 6 ms
[09:25:06][pdx_3dtypes.cpp:217]: Total time "african_urban_city_residential_mid_03_mesh" in 6 ms
[09:25:06][pdx_3dtypes.cpp:217]: Total time "train_cargo_steel_04_mesh" in 6 ms
[09:25:06][pdx_3dtypes.cpp:217]: Total time "european_port_01_1s_0d_2f_mesh" in 6 ms
[09:25:06][pdx_3dtypes.cpp:217]: Total time "wonder_wallofchinaend_01_mesh" in 6 ms
[09:25:06][pdx_3dtypes.cpp:217]: Total time "asian_port_centerpiece_02_mesh" in 6 ms
[09:25:06][pdx_3dtypes.cpp:217]: Total time "african_manufactory_03_mesh" in 6 ms
[09:25:06][pdx_3dtypes.cpp:217]: Total time "balkan_forestry_transportation_mixwoodpiles_02_mesh" in 6 ms
[09:25:06][pdx_3dtypes.cpp:217]: Total time "japan_forestry_loggingcamp_02_mesh" in 6 ms
[09:25:06][pdx_3dtypes.cpp:217]: Total time "generic_manufactory_03_mesh" in 6 ms
[09:25:06][pdx_3dtypes.cpp:217]: Total time "military_props_artillery_cannon_01_mesh" in 6 ms
[09:25:06][pdx_3dtypes.cpp:217]: Total time "latin_manufactory_02_mesh" in 6 ms
[09:25:06][pdx_3dtypes.cpp:217]: Total time "figurehead_poseidon_mesh" in 6 ms
[09:25:06][pdx_3dtypes.cpp:217]: Total time "male_medals_prussian_01_05_mesh" in 6 ms
[09:25:06][pdx_3dtypes.cpp:217]: Total time "asian_urban_port_shipyard_01_mesh" in 6 ms
[09:25:06][pdx_3dtypes.cpp:217]: Total time "male_coat_european_military_02_soldier_mesh" in 6 ms
[09:25:06][pdx_3dtypes.cpp:217]: Total time "train_cargo_hardwood_03_mesh" in 6 ms
[09:25:06][pdx_3dtypes.cpp:217]: Total time "japan_port_docks_01_mesh" in 6 ms
[09:25:06][pdx_3dtypes.cpp:217]: Total time "european_port_01_0s_0d_2f_mesh" in 6 ms
[09:25:06][pdx_3dtypes.cpp:217]: Total time "balkan_port_fishingwharf_03_mesh" in 6 ms
[09:25:06][pdx_3dtypes.cpp:217]: Total time "military_transport_railroad_artillery_shrapnel_generic_mesh" in 6 ms
[09:25:06][pdx_3dtypes.cpp:217]: Total time "funnel_tiny_01_mesh" in 6 ms
[09:25:06][pdx_3dtypes.cpp:217]: Total time "military_props_artillery_mobile_01_mesh" in 6 ms
[09:25:06][pdx_3dtypes.cpp:217]: Total time "revolution_barricade_large_mesh" in 6 ms
[09:25:06][pdx_3dtypes.cpp:217]: Total time "generic_rural_forestry_camp_01_mesh" in 6 ms
[09:25:06][pdx_3dtypes.cpp:217]: Total time "indian_port_shipyard_01_mesh" in 6 ms
[09:25:06][pdx_3dtypes.cpp:217]: Total time "furniture_manufactory_01_mesh" in 6 ms
[09:25:06][pdx_3dtypes.cpp:217]: Total time "bird_duck_01_mesh" in 6 ms
[09:25:06][pdx_3dtypes.cpp:217]: Total time "generic_forestry_centerpiece_mixwoodpiles_01_mesh" in 6 ms
[09:25:06][pdx_3dtypes.cpp:217]: Total time "male_hair_european_03_mesh" in 6 ms
[09:25:06][pdx_3dtypes.cpp:217]: Total time "generic_forestry_loggingcamp_softwoodpiles_01_mesh" in 6 ms
[09:25:06][pdx_3dtypes.cpp:217]: Total time "latin_tools_manufactory_01_mesh" in 6 ms
[09:25:06][pdx_3dtypes.cpp:217]: Total time "train_cargo_coal_02_mesh" in 5 ms
[09:25:06][pdx_3dtypes.cpp:217]: Total time "train_cargo_coal_01_mesh" in 5 ms
[09:25:06][pdx_3dtypes.cpp:217]: Total time "horse_cart_ap1_01_mesh" in 5 ms
[09:25:06][pdx_3dtypes.cpp:217]: Total time "european_port_01_3s_0d_0f_mesh" in 5 ms
[09:25:06][pdx_3dtypes.cpp:217]: Total time "balkan_factory_steel_01_mesh" in 5 ms
[09:25:06][pdx_3dtypes.cpp:217]: Total time "male_headgear_korean_agitator_01_mesh" in 5 ms
[09:25:06][pdx_3dtypes.cpp:217]: Total time "military_diorama_decal_4x4_mesh" in 5 ms
[09:25:06][pdx_3dtypes.cpp:217]: Total time "european_port_01_0s_2d_1f_mesh" in 5 ms
[09:25:06][pdx_3dtypes.cpp:217]: Total time "cliff_canyon_13_mesh" in 5 ms
[09:25:06][pdx_3dtypes.cpp:217]: Total time "earlyironclad_gunbattery_medium_r_mesh" in 5 ms
[09:25:06][pdx_3dtypes.cpp:217]: Total time "male_outfit_arabic_royal_01_bs_thin_mesh" in 5 ms
[09:25:06][pdx_3dtypes.cpp:217]: Total time "generic_rural_mining_coaldepo_01_mesh" in 5 ms
[09:25:06][pdx_3dtypes.cpp:217]: Total time "papermap_extension_top_ip4_mesh" in 5 ms
[09:25:06][pdx_3dtypes.cpp:217]: Total time "japan_forestry_transportation_softwoodpiles_02_mesh" in 5 ms
[09:25:06][pdx_3dtypes.cpp:217]: Total time "japan_city_skyscraper_01_mesh" in 5 ms
[09:25:06][pdx_3dtypes.cpp:217]: Total time "papermap_extension_bottom_ip2_mesh" in 5 ms
[09:25:06][pdx_3dtypes.cpp:217]: Total time "colonial_manufactory_03_mesh" in 5 ms
[09:25:06][pdx_3dtypes.cpp:217]: Total time "indian_factory_construction_01_mesh" in 5 ms
[09:25:06][pdx_3dtypes.cpp:217]: Total time "european_train_passenger_wagon_01_mesh" in 5 ms
[09:25:06][pdx_3dtypes.cpp:217]: Total time "military_props_artillery_mobile_02_mesh" in 5 ms
[09:25:06][pdx_3dtypes.cpp:217]: Total time "papermap_extension_top_newsletter_bonus_mesh" in 5 ms
[09:25:06][pdx_3dtypes.cpp:217]: Total time "balkan_mining_lead_01_mesh" in 5 ms
[09:25:06][pdx_3dtypes.cpp:217]: Total time "european_rural_building_poor_01_mesh" in 5 ms
[09:25:06][pdx_3dtypes.cpp:217]: Total time "japan_port_fishingwharf_01_mesh" in 5 ms
[09:25:06][pdx_3dtypes.cpp:217]: Total time "indian_factory_steel_01_mesh" in 5 ms
[09:25:06][pdx_3dtypes.cpp:217]: Total time "dlc_coin_ap1_mesh" in 5 ms
[09:25:06][pdx_3dtypes.cpp:217]: Total time "female_hair_arabic_01_mesh" in 5 ms
[09:25:06][pdx_3dtypes.cpp:217]: Total time "powerbloc_statue_hero_octopus_01_mesh" in 5 ms
[09:25:06][pdx_3dtypes.cpp:217]: Total time "male_eyes_mesh" in 5 ms
[09:25:06][pdx_3dtypes.cpp:217]: Total time "revolution_flag_mesh" in 5 ms
[09:25:06][pdx_3dtypes.cpp:217]: Total time "female_hair_arabic_01_headgear_mesh" in 5 ms
[09:25:06][pdx_3dtypes.cpp:217]: Total time "frigate_broadside_01_mesh" in 5 ms
[09:25:06][pdx_3dtypes.cpp:217]: Total time "funnel_medium_03_mesh" in 5 ms
[09:25:06][pdx_3dtypes.cpp:217]: Total time "revolution_barricade_mid_mesh" in 5 ms
[09:25:06][pdx_3dtypes.cpp:217]: Total time "european_train_passenger_wagon_02_mesh" in 5 ms
[09:25:06][pdx_3dtypes.cpp:217]: Total time "japan_forestry_centerpiece_hardwoodpiles_03_mesh" in 5 ms
[09:25:06][pdx_3dtypes.cpp:217]: Total time "balkan_forestry_loggingcamp_mixwoodpiles_02_mesh" in 5 ms
[09:25:06][pdx_3dtypes.cpp:217]: Total time "male_headgear_military_helmet_japanese_m1922_mesh" in 5 ms
[09:25:06][pdx_3dtypes.cpp:217]: Total time "generic_forestry_loggingcamp_softwoodpiles_02_mesh" in 5 ms
[09:25:06][pdx_3dtypes.cpp:217]: Total time "powerbloc_supportelement_basket_01_mesh" in 5 ms
[09:25:06][pdx_3dtypes.cpp:217]: Total time "japan_forestry_equipment_02_mesh" in 5 ms
[09:25:06][pdx_3dtypes.cpp:217]: Total time "ip4_coin_mesh" in 5 ms
[09:25:06][pdx_3dtypes.cpp:217]: Total time "asian_forestry_camp_01_mesh" in 5 ms
[09:25:06][pdx_3dtypes.cpp:217]: Total time "male_coat_greek_01_mesh" in 5 ms
[09:25:06][pdx_3dtypes.cpp:217]: Total time "dlc_coin_rp1_mesh" in 5 ms
[09:25:06][pdx_3dtypes.cpp:217]: Total time "asian_forestry_lumberdepo_02_mesh" in 5 ms
[09:25:06][pdx_3dtypes.cpp:217]: Total time "powerbloc_statue_attachment_eagle_mesh" in 5 ms
[09:25:06][pdx_3dtypes.cpp:217]: Total time "latin_forestry_scatter_01_mesh" in 5 ms
[09:25:06][pdx_3dtypes.cpp:217]: Total time "balkan_forestry_centerpiece_mixwoodpiles_03_mesh" in 5 ms
[09:25:06][pdx_3dtypes.cpp:217]: Total time "powerbloc_supportelement_crown_01_mesh" in 5 ms
[09:25:06][pdx_3dtypes.cpp:217]: Total time "wonder_wallofchina_09_mesh" in 5 ms
[09:25:06][pdx_3dtypes.cpp:217]: Total time "japan_forestry_loggingcabin_03_mesh" in 5 ms
[09:25:06][pdx_3dtypes.cpp:217]: Total time "balkan_port_centerpiece_01_mesh" in 5 ms
[09:25:06][pdx_3dtypes.cpp:217]: Total time "european_port_01_0s_2d_0f_mesh" in 5 ms
[09:25:06][pdx_3dtypes.cpp:217]: Total time "generic_forestry_loggingcamp_01_mesh" in 5 ms
[09:25:06][pdx_3dtypes.cpp:217]: Total time "train_cargo_steel_01_mesh" in 5 ms
[09:25:06][pdx_3dtypes.cpp:217]: Total time "asian_mining_centerpiece_01_mesh" in 5 ms
[09:25:06][pdx_3dtypes.cpp:217]: Total time "train_cargo_iron_01_mesh" in 5 ms
[09:25:06][pdx_3dtypes.cpp:217]: Total time "female_prop_nudity_accessory_mesh" in 5 ms
[09:25:06][pdx_3dtypes.cpp:217]: Total time "latin_port_centerpiece_01_mesh" in 5 ms
[09:25:06][pdx_3dtypes.cpp:217]: Total time "male_hair_african_01_mesh" in 5 ms
[09:25:06][pdx_3dtypes.cpp:217]: Total time "male_headgear_european_military_01_mesh" in 5 ms
[09:25:06][pdx_3dtypes.cpp:217]: Total time "arabic_port_fishingwharf_01_mesh" in 5 ms
[09:25:06][pdx_3dtypes.cpp:217]: Total time "japan_port_centerpiece_01_mesh" in 5 ms
[09:25:06][pdx_3dtypes.cpp:217]: Total time "european_port_01_0s_3d_0f_mesh" in 5 ms
[09:25:06][pdx_3dtypes.cpp:217]: Total time "male_hair_european_07_mesh" in 5 ms
[09:25:06][pdx_3dtypes.cpp:217]: Total time "male_coat_european_greatcoat_01_mesh" in 5 ms
[09:25:06][pdx_3dtypes.cpp:217]: Total time "japan_forestry_centerpiece_mixwoodpiles_02_mesh" in 4 ms
[09:25:06][pdx_3dtypes.cpp:217]: Total time "ironfrigate_broadside_03_mesh" in 4 ms
[09:25:06][pdx_3dtypes.cpp:217]: Total time "earlyironclad_armour_medium_mesh" in 4 ms
[09:25:06][pdx_3dtypes.cpp:217]: Total time "balkan_forestry_transportation_softwoodpiles_02_mesh" in 4 ms
[09:25:06][pdx_3dtypes.cpp:217]: Total time "train_cargo_log_01_mesh" in 4 ms
[09:25:06][pdx_3dtypes.cpp:217]: Total time "male_hair_historical_marx_mesh" in 4 ms
[09:25:06][pdx_3dtypes.cpp:217]: Total time "asian_glassworks_manufactory_01_mesh" in 4 ms
[09:25:06][pdx_3dtypes.cpp:217]: Total time "powerbloc_supportelement_laurusbranch_01_mesh" in 4 ms
[09:25:06][pdx_3dtypes.cpp:217]: Total time "generic_factory_warmachine_01_mesh" in 4 ms
[09:25:06][pdx_3dtypes.cpp:217]: Total time "papermap_extension_top_ip3_mesh" in 4 ms
[09:25:06][pdx_3dtypes.cpp:217]: Total time "generic_forestry_transportation_softwoodpiles_02_mesh" in 4 ms
[09:25:06][pdx_3dtypes.cpp:217]: Total time "funnel_trunked_02_mesh" in 4 ms
[09:25:06][pdx_3dtypes.cpp:217]: Total time "gun_torpedotube_single_01_mesh" in 4 ms
[09:25:06][pdx_3dtypes.cpp:217]: Total time "european_province_farm_01_mesh" in 4 ms
[09:25:06][pdx_3dtypes.cpp:217]: Total time "asian_manufactory_02_mesh" in 4 ms
[09:25:06][pdx_3dtypes.cpp:217]: Total time "powerbloc_statue_hero_bourgeois_01_mesh" in 4 ms
[09:25:06][pdx_3dtypes.cpp:217]: Total time "shipoftheline_gunbattery_medium_r_mesh" in 4 ms
[09:25:06][pdx_3dtypes.cpp:217]: Total time "male_hair_european_12_mesh" in 4 ms
[09:25:06][pdx_3dtypes.cpp:217]: Total time "generic_forestry_centerpiece_mixwoodpiles_03_mesh" in 4 ms
[09:25:06][pdx_3dtypes.cpp:217]: Total time "powerbloc_statue_attachment_backpack_mesh" in 4 ms
[09:25:06][pdx_3dtypes.cpp:217]: Total time "balkan_forestry_loggingcamp_hardwoodpiles_01_mesh" in 4 ms
[09:25:06][pdx_3dtypes.cpp:217]: Total time "male_headgear_colonial_helmet_02_mesh" in 4 ms
[09:25:06][pdx_3dtypes.cpp:217]: Total time "powerbloc_statue_attachment_gun_mesh" in 4 ms
[09:25:06][pdx_3dtypes.cpp:217]: Total time "male_beard_indian_02_mesh" in 4 ms
[09:25:06][pdx_3dtypes.cpp:217]: Total time "papermap_extension_top_ip2_mesh" in 4 ms
[09:25:06][pdx_3dtypes.cpp:217]: Total time "african_manufactory_02_mesh" in 4 ms
[09:25:06][pdx_3dtypes.cpp:217]: Total time "japan_forestry_centerpiece_mixwoodpiles_01_mesh" in 4 ms
[09:25:06][pdx_3dtypes.cpp:217]: Total time "arabic_port_centerpiece_01_mesh" in 4 ms
[09:25:06][pdx_3dtypes.cpp:217]: Total time "powerbloc_statue_attachment_sword_mesh" in 4 ms
[09:25:06][pdx_3dtypes.cpp:217]: Total time "japan_forestry_loggingcamp_hardwoodpiles_01_mesh" in 4 ms
[09:25:06][pdx_3dtypes.cpp:217]: Total time "shipoftheline_armour_medium_mesh" in 4 ms
[09:25:06][pdx_3dtypes.cpp:217]: Total time "latin_mining_processing_01_mesh" in 4 ms
[09:25:06][pdx_3dtypes.cpp:217]: Total time "frigate_broadside_03_mesh" in 4 ms
[09:25:06][pdx_3dtypes.cpp:217]: Total time "balkan_forestry_centerpiece_hardwoodpiles_03_mesh" in 4 ms
[09:25:06][pdx_3dtypes.cpp:217]: Total time "balkan_factory_furniture_01_mesh" in 4 ms
[09:25:06][pdx_3dtypes.cpp:217]: Total time "tools_manufactory_01_mesh" in 4 ms
[09:25:06][pdx_3dtypes.cpp:217]: Total time "arabic_factory_furniture_01_mesh" in 4 ms
[09:25:06][pdx_3dtypes.cpp:217]: Total time "african_port_fishingwharf_01_mesh" in 4 ms
[09:25:06][pdx_3dtypes.cpp:217]: Total time "japan_forestry_centerpiece_softwoodpiles_01_mesh" in 4 ms
[09:25:06][pdx_3dtypes.cpp:217]: Total time "generic_forestry_transportation_mixwoodpiles_01_mesh" in 4 ms
[09:25:06][pdx_3dtypes.cpp:217]: Total time "male_hair_european_04_mesh" in 4 ms
[09:25:06][pdx_3dtypes.cpp:217]: Total time "funnel_large_03_mesh" in 4 ms
[09:25:06][pdx_3dtypes.cpp:217]: Total time "male_sash_army_bedroll_01_mesh" in 4 ms
[09:25:06][pdx_3dtypes.cpp:217]: Total time "mininghub_centerpiece_sandstone_01_mesh" in 4 ms
[09:25:06][pdx_3dtypes.cpp:217]: Total time "male_hair_sador_petofi_mesh" in 4 ms
[09:25:06][pdx_3dtypes.cpp:217]: Total time "railroad_bridge_01_small_mesh" in 4 ms
[09:25:06][pdx_3dtypes.cpp:217]: Total time "train_locomotive_cramptontender_01_mesh" in 4 ms
[09:25:06][pdx_3dtypes.cpp:217]: Total time "male_medals_generic_01_01_mesh" in 4 ms
[09:25:06][pdx_3dtypes.cpp:217]: Total time "male_legwear_circumpolar_01_mesh" in 4 ms
[09:25:06][pdx_3dtypes.cpp:217]: Total time "japan_forestry_loggingcamp_hardwoodpiles_02_mesh" in 4 ms
[09:25:06][pdx_3dtypes.cpp:217]: Total time "arabic_port_shipyard_01_mesh" in 4 ms
[09:25:06][pdx_3dtypes.cpp:217]: Total time "european_port_01_0s_1d_0f_mesh" in 4 ms
[09:25:06][pdx_3dtypes.cpp:217]: Total time "papermap_table_bottom_ip3_mesh" in 4 ms
[09:25:06][pdx_3dtypes.cpp:217]: Total time "generic_forestry_centerpiece_softwoodpiles_02_mesh" in 4 ms
[09:25:06][pdx_3dtypes.cpp:217]: Total time "powerbloc_supportelement_laurelwreath_01_mesh" in 4 ms
[09:25:06][pdx_3dtypes.cpp:217]: Total time "male_belts_sash_power_bloc_04_mesh" in 4 ms
[09:25:06][pdx_3dtypes.cpp:217]: Total time "figurehead_eagle_mesh" in 4 ms
[09:25:06][pdx_3dtypes.cpp:217]: Total time "male_beard_historical_pedro_02_mesh" in 4 ms
[09:25:06][pdx_3dtypes.cpp:217]: Total time "generic_rural_mining_coaldepo_sandstone_01_mesh" in 4 ms
[09:25:06][pdx_3dtypes.cpp:217]: Total time "male_prop_cigar_01_mesh" in 4 ms
[09:25:06][pdx_3dtypes.cpp:217]: Total time "male_hair_historical_provo_wallis_mesh" in 4 ms
[09:25:06][pdx_3dtypes.cpp:217]: Total time "powerbloc_statue_attachment_flame_mesh" in 4 ms
[09:25:06][pdx_3dtypes.cpp:217]: Total time "oak_tree_04_mesh" in 4 ms
[09:25:06][pdx_3dtypes.cpp:217]: Total time "male_medals_generic_01_ip4_05_mesh" in 4 ms
[09:25:06][pdx_3dtypes.cpp:217]: Total time "funnel_large_02_mesh" in 4 ms
[09:25:06][pdx_3dtypes.cpp:217]: Total time "male_belt_austrian_01_bs_old_mesh" in 4 ms
[09:25:06][pdx_3dtypes.cpp:217]: Total time "male_beard_rudolf_prince_of_austria_mesh" in 4 ms
[09:25:06][pdx_3dtypes.cpp:217]: Total time "tree_bush_05_mesh" in 4 ms
[09:25:06][pdx_3dtypes.cpp:217]: Total time "male_hair_alexander_karadordevic_mesh" in 4 ms
[09:25:06][pdx_3dtypes.cpp:217]: Total time "male_hair_historical_von_metternich_mesh" in 4 ms
[09:25:06][pdx_3dtypes.cpp:217]: Total time "protectedcruiser_signalflags_01_mesh" in 4 ms
[09:25:06][pdx_3dtypes.cpp:217]: Total time "wonder_wallofchina_04_mesh" in 4 ms
[09:25:06][pdx_3dtypes.cpp:217]: Total time "revolution_barricade_small_trade_unions_mesh" in 4 ms
[09:25:06][pdx_3dtypes.cpp:217]: Total time "wonder_wallofchina_07_mesh" in 4 ms
[09:25:06][pdx_3dtypes.cpp:217]: Total time "latin_port_fishingwharf_01_mesh" in 4 ms
[09:25:06][pdx_3dtypes.cpp:217]: Total time "seaplanetender_crane_mesh" in 4 ms
[09:25:06][pdx_3dtypes.cpp:217]: Total time "cliff_canyon_05_mesh" in 4 ms
[09:25:06][pdx_3dtypes.cpp:217]: Total time "male_coat_european_11_short_mesh" in 4 ms
[09:25:06][pdx_3dtypes.cpp:217]: Total time "powerbloc_statue_attachment_wrench_mesh" in 4 ms
[09:25:06][pdx_3dtypes.cpp:217]: Total time "monitor_armour_medium_mesh" in 4 ms
[09:25:06][pdx_3dtypes.cpp:217]: Total time "balkan_forestry_centerpiece_softwoodpiles_02_mesh" in 4 ms
[09:25:06][pdx_3dtypes.cpp:217]: Total time "male_medals_generic_01_ip4_04_mesh" in 4 ms
[09:25:06][pdx_3dtypes.cpp:217]: Total time "revolution_barricade_mid_landowners_mesh" in 4 ms
[09:25:06][pdx_3dtypes.cpp:217]: Total time "papermap_extension_bottom_ip3_mesh" in 4 ms
[09:25:06][pdx_3dtypes.cpp:217]: Total time "japan_forestry_loggingcamp_03_mesh" in 4 ms
[09:25:06][pdx_3dtypes.cpp:217]: Total time "male_beard_european_19_mesh" in 4 ms
[09:25:06][pdx_3dtypes.cpp:217]: Total time "japan_forestry_centerpiece_softwoodpiles_02_mesh" in 4 ms
[09:25:06][pdx_3dtypes.cpp:217]: Total time "male_beard_arabic_01_mesh" in 4 ms
[09:25:06][pdx_3dtypes.cpp:217]: Total time "male_headgear_arabic_abdul_hamid_ii_fez_mesh" in 4 ms
[09:25:06][pdx_3dtypes.cpp:217]: Total time "tree_savanna_002_mesh" in 4 ms
[09:25:06][pdx_3dtypes.cpp:217]: Total time "powerbloc_statue_attachment_parasol_mesh" in 4 ms
[09:25:06][pdx_3dtypes.cpp:217]: Total time "horses_ap1_mesh" in 4 ms
[09:25:06][pdx_3dtypes.cpp:217]: Total time "male_headgear_late_military_cap_japanese_soldier_late_straps_mesh" in 4 ms
[09:25:06][pdx_3dtypes.cpp:217]: Total time "male_hair_european_03_cap1_mesh" in 4 ms
[09:25:06][pdx_3dtypes.cpp:217]: Total time "male_beard_european_12_mesh" in 4 ms
[09:25:06][pdx_3dtypes.cpp:217]: Total time "tree_baobab_02_mesh" in 4 ms
[09:25:06][pdx_3dtypes.cpp:217]: Total time "european_port_01_2s_1d_0f_mesh" in 4 ms
[09:25:06][pdx_3dtypes.cpp:217]: Total time "military_props_artillery_shrapnel_01_mesh" in 4 ms
[09:25:06][pdx_3dtypes.cpp:217]: Total time "female_coat_european_military_01_bs_old_mesh" in 4 ms
[09:25:06][pdx_3dtypes.cpp:217]: Total time "ip3_coin_mesh" in 4 ms
[09:25:06][pdx_3dtypes.cpp:217]: Total time "japan_port_whalingstation_01_mesh" in 4 ms
[09:25:06][pdx_3dtypes.cpp:217]: Total time "train_locomotive_johnbull_01_mesh" in 4 ms
[09:25:06][pdx_3dtypes.cpp:217]: Total time "female_glasses_mesh" in 4 ms
[09:25:06][pdx_3dtypes.cpp:217]: Total time "male_outfit_arabic_royal_01_bs_infant_mesh" in 4 ms
[09:25:06][pdx_3dtypes.cpp:217]: Total time "female_necklace_polynesian_02_low_mesh" in 4 ms
[09:25:06][pdx_3dtypes.cpp:217]: Total time "male_top_layer_greek_01_bs_old_mesh" in 3 ms
[09:25:06][pdx_3dtypes.cpp:217]: Total time "gun_bigturret_twin_02_mesh" in 3 ms
[09:25:06][pdx_3dtypes.cpp:217]: Total time "balkan_forestry_transportation_hardwoodpiles_02_mesh" in 3 ms
[09:25:06][pdx_3dtypes.cpp:217]: Total time "tree_savanna_003_mesh" in 3 ms
[09:25:06][pdx_3dtypes.cpp:217]: Total time "generic_forestry_transportation_softwoodpiles_01_mesh" in 3 ms
[09:25:06][pdx_3dtypes.cpp:217]: Total time "wonder_wallofchinaend_02_mesh" in 3 ms
[09:25:06][pdx_3dtypes.cpp:217]: Total time "ironfrigate_broadside_01_mesh" in 3 ms
[09:25:06][pdx_3dtypes.cpp:217]: Total time "powerbloc_supportelement_scale_01_mesh" in 3 ms
[09:25:06][pdx_3dtypes.cpp:217]: Total time "european_port_01_0s_1d_1f_mesh" in 3 ms
[09:25:06][pdx_3dtypes.cpp:217]: Total time "military_props_artillery_shrapnel_02_mesh" in 3 ms
[09:25:06][pdx_3dtypes.cpp:217]: Total time "male_medals_generic_01_ip4_03_mesh" in 3 ms
[09:25:06][pdx_3dtypes.cpp:217]: Total time "japan_forestry_loggingcamp_mixwoodpiles_03_mesh" in 3 ms
[09:25:06][pdx_3dtypes.cpp:217]: Total time "twin_heavy_turret_02_mesh" in 3 ms
[09:25:06][pdx_3dtypes.cpp:217]: Total time "male_legwear_greek_01_bs_gaunt_mesh" in 3 ms
[09:25:06][pdx_3dtypes.cpp:217]: Total time "wonder_wallofchina_02_mesh" in 3 ms
[09:25:06][pdx_3dtypes.cpp:217]: Total time "generic_rural_mining_entrance_02_mesh" in 3 ms
[09:25:06][pdx_3dtypes.cpp:217]: Total time "male_headgear_indian_radhakanta_deb_mesh" in 3 ms
[09:25:06][pdx_3dtypes.cpp:217]: Total time "military_arms_mauser98_mesh" in 3 ms
[09:25:06][pdx_3dtypes.cpp:217]: Total time "military_props_artillery_siege_02_mesh" in 3 ms
[09:25:06][pdx_3dtypes.cpp:217]: Total time "male_coat_greek_01_bs_fat_mesh" in 3 ms
[09:25:06][pdx_3dtypes.cpp:217]: Total time "military_arms_brownbess_bayonet_mesh" in 3 ms
[09:25:06][pdx_3dtypes.cpp:217]: Total time "female_hair_indian_03_mesh" in 3 ms
[09:25:06][pdx_3dtypes.cpp:217]: Total time "male_outfit_arabic_royal_01_bs_old_mesh" in 3 ms
[09:25:06][pdx_3dtypes.cpp:217]: Total time "male_coat_late_military_greatcoat_01_bs_thick_mesh" in 3 ms
[09:25:06][pdx_3dtypes.cpp:217]: Total time "aircraftcarrier_signalflags_01_mesh" in 3 ms
[09:25:06][pdx_3dtypes.cpp:217]: Total time "generic_forestry_centerpiece_hardwoodpiles_02_mesh" in 3 ms
[09:25:06][pdx_3dtypes.cpp:217]: Total time "generic_forestry_lumberdepo_01_mesh" in 3 ms
[09:25:06][pdx_3dtypes.cpp:217]: Total time "generic_manufactory_02_mesh" in 3 ms
[09:25:06][pdx_3dtypes.cpp:217]: Total time "japan_forestry_transportation_mixwoodpiles_01_mesh" in 3 ms
[09:25:06][pdx_3dtypes.cpp:217]: Total time "japan_forestry_centerpiece_hardwoodpiles_01_mesh" in 3 ms
[09:25:06][pdx_3dtypes.cpp:217]: Total time "train_cargo_hardwood_04_mesh" in 3 ms
[09:25:06][pdx_3dtypes.cpp:217]: Total time "generic_rural_mining_pile_01_mesh" in 3 ms
[09:25:06][pdx_3dtypes.cpp:217]: Total time "balkan_forestry_transportation_hardwoodpiles_01_mesh" in 3 ms
[09:25:06][pdx_3dtypes.cpp:217]: Total time "submarine_armour_medium_mesh" in 3 ms
[09:25:06][pdx_3dtypes.cpp:217]: Total time "female_coat_european_military_01_bs_fat_mesh" in 3 ms
[09:25:06][pdx_3dtypes.cpp:217]: Total time "revolution_barricade_small_devout_mesh" in 3 ms
[09:25:06][pdx_3dtypes.cpp:217]: Total time "military_arms_tommygun_mesh" in 3 ms
[09:25:06][pdx_3dtypes.cpp:217]: Total time "male_beard_alexander_iii_mesh" in 3 ms
[09:25:06][pdx_3dtypes.cpp:217]: Total time "oak_tree_02_mesh" in 3 ms
[09:25:06][pdx_3dtypes.cpp:217]: Total time "generic_rural_mining_coaldepo_02_mesh" in 3 ms
[09:25:06][pdx_3dtypes.cpp:217]: Total time "male_medals_generic_01_03_mesh" in 3 ms
[09:25:06][pdx_3dtypes.cpp:217]: Total time "male_mustache_victor_emmanuel_mesh" in 3 ms
[09:25:06][pdx_3dtypes.cpp:217]: Total time "duck_01_frame_mesh" in 3 ms
[09:25:06][pdx_3dtypes.cpp:217]: Total time "railroad_bridge_01_medium_mesh" in 3 ms
[09:25:06][pdx_3dtypes.cpp:217]: Total time "cliff_canyon_15_mesh" in 3 ms
[09:25:06][pdx_3dtypes.cpp:217]: Total time "papermap_extension_bottom_ip4_spain_mesh" in 3 ms
[09:25:06][pdx_3dtypes.cpp:217]: Total time "gun_smallturret_single_01_mesh" in 3 ms
[09:25:06][pdx_3dtypes.cpp:217]: Total time "tree_fir_002_mesh" in 3 ms
[09:25:06][pdx_3dtypes.cpp:217]: Total time "funnel_trunked_01_mesh" in 3 ms
[09:25:06][pdx_3dtypes.cpp:217]: Total time "male_mustache_mihailo_obrenovic_mesh" in 3 ms
[09:25:06][pdx_3dtypes.cpp:217]: Total time "african_port_shipyard_01_mesh" in 3 ms
[09:25:06][pdx_3dtypes.cpp:217]: Total time "balkan_forestry_loggingcamp_softwoodpiles_03_mesh" in 3 ms
[09:25:06][pdx_3dtypes.cpp:217]: Total time "gun_torpedotube_single_02_mesh" in 3 ms
[09:25:06][pdx_3dtypes.cpp:217]: Total time "tree_rainforest_002_mesh" in 3 ms
[09:25:06][pdx_3dtypes.cpp:217]: Total time "male_sash_european_civilian_03_bs_gaunt_mesh" in 3 ms
[09:25:06][pdx_3dtypes.cpp:217]: Total time "tree_cypress_001_mesh" in 3 ms
[09:25:06][pdx_3dtypes.cpp:217]: Total time "male_medals_generic_01_05_mesh" in 3 ms
[09:25:06][pdx_3dtypes.cpp:217]: Total time "torpedoboatdestroyer_armour_medium_mesh" in 3 ms
[09:25:06][pdx_3dtypes.cpp:217]: Total time "male_mustache_indian_bhagat_singh_mesh" in 3 ms
[09:25:06][pdx_3dtypes.cpp:217]: Total time "male_beard_francesco_pi_i_margall_mesh" in 3 ms
[09:25:06][pdx_3dtypes.cpp:217]: Total time "papermap_table_top_ep2_mesh" in 3 ms
[09:25:06][pdx_3dtypes.cpp:217]: Total time "japan_forestry_loggingcamp_hardwoodpiles_03_mesh" in 3 ms
[09:25:06][pdx_3dtypes.cpp:217]: Total time "military_props_test_mesh" in 3 ms
[09:25:06][pdx_3dtypes.cpp:217]: Total time "male_outfit_chinese_common_01_mesh" in 3 ms
[09:25:06][pdx_3dtypes.cpp:217]: Total time "generic_forestry_equipment_02_mesh" in 3 ms
[09:25:06][pdx_3dtypes.cpp:217]: Total time "gun_bigturret_twintower_01_mesh" in 3 ms
[09:25:06][pdx_3dtypes.cpp:217]: Total time "male_top_layer_greek_01_bs_gaunt_mesh" in 3 ms
[09:25:06][pdx_3dtypes.cpp:217]: Total time "gun_smallturret_twin_01_mesh" in 3 ms
[09:25:06][pdx_3dtypes.cpp:217]: Total time "powerbloc_supportelement_halo_01_mesh" in 3 ms
[09:25:06][pdx_3dtypes.cpp:217]: Total time "powerbloc_statue_attachment_shield_mesh" in 3 ms
[09:25:06][pdx_3dtypes.cpp:217]: Total time "mp1_coin_mesh" in 3 ms
[09:25:06][pdx_3dtypes.cpp:217]: Total time "train_locomotive_ouesttender_01_mesh" in 3 ms
[09:25:06][pdx_3dtypes.cpp:217]: Total time "tree_rainforest_001_mesh" in 3 ms
[09:25:06][pdx_3dtypes.cpp:217]: Total time "funnel_small_03_mesh" in 3 ms
[09:25:06][pdx_3dtypes.cpp:217]: Total time "male_glasses_round_mesh" in 3 ms
[09:25:06][pdx_3dtypes.cpp:217]: Total time "earlyironclad_gunbattery_light_r_mesh" in 3 ms
[09:25:06][pdx_3dtypes.cpp:217]: Total time "oak_tree_01_mesh" in 3 ms
[09:25:06][pdx_3dtypes.cpp:217]: Total time "tree_savanna_004_mesh" in 3 ms
[09:25:06][pdx_3dtypes.cpp:217]: Total time "asian_forestry_camp_02_mesh" in 3 ms
[09:25:06][pdx_3dtypes.cpp:217]: Total time "powerbloc_supportelement_hands_01_mesh" in 3 ms
[09:25:06][pdx_3dtypes.cpp:217]: Total time "rockformation_07_mesh" in 3 ms
[09:25:06][pdx_3dtypes.cpp:217]: Total time "male_headgear_sailor_cap_mesh" in 3 ms
[09:25:06][pdx_3dtypes.cpp:217]: Total time "male_top_layer_south_american_gaucho_01_bs_gaunt_mesh" in 3 ms
[09:25:06][pdx_3dtypes.cpp:217]: Total time "frigate_signalflags_01_mesh" in 3 ms
[09:25:06][pdx_3dtypes.cpp:217]: Total time "audio_mesh" in 3 ms
[09:25:06][pdx_3dtypes.cpp:217]: Total time "generic_forestry_equipment_01_mesh" in 3 ms
[09:25:06][pdx_3dtypes.cpp:217]: Total time "male_coat_european_military_02_open_collar_mesh" in 3 ms
[09:25:06][pdx_3dtypes.cpp:217]: Total time "balkan_forestry_transportation_mixwoodpiles_03_mesh" in 3 ms
[09:25:06][pdx_3dtypes.cpp:217]: Total time "japan_forestry_equipment_03_mesh" in 3 ms
[09:25:06][pdx_3dtypes.cpp:217]: Total time "powerbloc_supportelement_sextant_01_mesh" in 3 ms
[09:25:06][pdx_3dtypes.cpp:217]: Total time "rockformation_09_mesh" in 3 ms
[09:25:06][pdx_3dtypes.cpp:217]: Total time "male_mustache_sandor_petofi_mesh" in 3 ms
[09:25:06][pdx_3dtypes.cpp:217]: Total time "male_beard_gyula_andrassy_mesh" in 3 ms
[09:25:06][pdx_3dtypes.cpp:217]: Total time "male_belt_greek_01_bs_old_mesh" in 3 ms
[09:25:06][pdx_3dtypes.cpp:217]: Total time "male_coat_historical_john_brown_01_bs_infant_mesh" in 3 ms
[09:25:06][pdx_3dtypes.cpp:217]: Total time "funnel_tiny_02_mesh" in 3 ms
[09:25:06][pdx_3dtypes.cpp:217]: Total time "japan_forestry_loggingcamp_mixwoodpiles_02_mesh" in 3 ms
[09:25:06][pdx_3dtypes.cpp:217]: Total time "papermap_table_top_mesh" in 3 ms
[09:25:06][pdx_3dtypes.cpp:217]: Total time "eagle_01_frame_mesh" in 3 ms
[09:25:06][pdx_3dtypes.cpp:217]: Total time "male_headgear_arabic_landowners_01_mesh" in 3 ms
[09:25:06][pdx_3dtypes.cpp:217]: Total time "gun_bigturret_single_01_mesh" in 3 ms
[09:25:06][pdx_3dtypes.cpp:217]: Total time "male_mustache_milos_obrenovic_mesh" in 3 ms
[09:25:06][pdx_3dtypes.cpp:217]: Total time "female_outfit_chinese_agitator_01_mesh" in 3 ms
[09:25:06][pdx_3dtypes.cpp:217]: Total time "male_headgear_arabic_sattar_khan_mesh" in 3 ms
[09:25:06][pdx_3dtypes.cpp:217]: Total time "balkan_forestry_centerpiece_mixwoodpiles_01_mesh" in 3 ms
[09:25:06][pdx_3dtypes.cpp:217]: Total time "male_coat_european_military_02_mesh" in 3 ms
[09:25:06][pdx_3dtypes.cpp:217]: Total time "generic_forestry_centerpiece_softwoodpiles_03_mesh" in 3 ms
[09:25:06][pdx_3dtypes.cpp:217]: Total time "gun_torpedotube_single_03_mesh" in 3 ms
[09:25:06][pdx_3dtypes.cpp:217]: Total time "male_legwear_greek_01_bs_old_mesh" in 3 ms
[09:25:06][pdx_3dtypes.cpp:217]: Total time "military_arms_brownbess_mesh" in 3 ms
[09:25:06][pdx_3dtypes.cpp:217]: Total time "monitor_gun_twin_heavy_mesh" in 3 ms
[09:25:06][pdx_3dtypes.cpp:217]: Total time "powerbloc_statue_hero_soldier_mesh" in 3 ms
[09:25:06][pdx_3dtypes.cpp:217]: Total time "male_beard_european_21_mesh" in 3 ms
[09:25:06][pdx_3dtypes.cpp:217]: Total time "male_coat_historical_john_brown_01_bs_old_mesh" in 3 ms
[09:25:06][pdx_3dtypes.cpp:217]: Total time "papermap_object_divider_mesh" in 3 ms
[09:25:06][pdx_3dtypes.cpp:217]: Total time "male_coat_european_military_01_mesh" in 3 ms
[09:25:06][pdx_3dtypes.cpp:217]: Total time "tree_palm_03_mesh" in 3 ms
[09:25:06][pdx_3dtypes.cpp:217]: Total time "trimsheet_testasset_mesh" in 3 ms
[09:25:06][pdx_3dtypes.cpp:217]: Total time "female_hair_portuguese_01_mesh" in 3 ms
[09:25:06][pdx_3dtypes.cpp:217]: Total time "male_sash_chinese_agitator_01_mesh" in 3 ms
[09:25:06][pdx_3dtypes.cpp:217]: Total time "male_prop_pipe2_01_mesh" in 3 ms
[09:25:06][pdx_3dtypes.cpp:217]: Total time "cliff_canyon_07_mesh" in 3 ms
[09:25:06][pdx_3dtypes.cpp:217]: Total time "male_mustache_european_15_mesh" in 3 ms
[09:25:06][pdx_3dtypes.cpp:217]: Total time "monitor_base_mesh" in 3 ms
[09:25:06][pdx_3dtypes.cpp:217]: Total time "powerbloc_statue_hero_skull_mesh" in 3 ms
[09:25:06][pdx_3dtypes.cpp:217]: Total time "male_shirt_greek_01_bs_old_mesh" in 3 ms
[09:25:06][pdx_3dtypes.cpp:217]: Total time "male_belt_austrian_01_bs_thick_mesh" in 3 ms
[09:25:06][pdx_3dtypes.cpp:217]: Total time "asian_urban_port_dockyard_01_mesh" in 3 ms
[09:25:06][pdx_3dtypes.cpp:217]: Total time "generic_forestry_loggingcamp_hardwoodpiles_03_mesh" in 3 ms
[09:25:06][pdx_3dtypes.cpp:217]: Total time "female_hair_indian_01_mesh" in 3 ms
[09:25:06][pdx_3dtypes.cpp:217]: Total time "balkan_forestry_centerpiece_softwoodpiles_03_mesh" in 3 ms
[09:25:06][pdx_3dtypes.cpp:217]: Total time "lake_mesh" in 3 ms
[09:25:06][pdx_3dtypes.cpp:217]: Total time "male_beard_provo_wallis_mesh" in 3 ms
[09:25:06][pdx_3dtypes.cpp:217]: Total time "naval_order_interception_mesh" in 3 ms
[09:25:06][pdx_3dtypes.cpp:217]: Total time "japan_forestry_transportation_hardwoodpiles_03_mesh" in 3 ms
[09:25:06][pdx_3dtypes.cpp:217]: Total time "military_arms_flamethrower_tank_mesh" in 3 ms
[09:25:06][pdx_3dtypes.cpp:217]: Total time "male_coat_late_military_greatcoat_01_bs_fat_mesh" in 3 ms
[09:25:06][pdx_3dtypes.cpp:217]: Total time "male_belt_aggressive_expansion_01_bs_gaunt_mesh" in 3 ms
[09:25:06][pdx_3dtypes.cpp:217]: Total time "generic_forestry_loggingcamp_mixwoodpiles_01_mesh" in 3 ms
[09:25:06][pdx_3dtypes.cpp:217]: Total time "male_sash_european_02_bs_fat_mesh" in 3 ms
[09:25:06][pdx_3dtypes.cpp:217]: Total time "japan_forestry_transportation_hardwoodpiles_01_mesh" in 3 ms
[09:25:06][pdx_3dtypes.cpp:217]: Total time "male_mustache_european_14_mesh" in 3 ms
[09:25:06][pdx_3dtypes.cpp:217]: Total time "male_coat_historical_john_brown_01_bs_thick_mesh" in 3 ms
[09:25:06][pdx_3dtypes.cpp:217]: Total time "male_sash_european_civilian_03_bs_thick_mesh" in 3 ms
[09:25:06][pdx_3dtypes.cpp:217]: Total time "male_mustache_european_10_mesh" in 3 ms
[09:25:06][pdx_3dtypes.cpp:217]: Total time "powerbloc_statue_hero_fish_mesh" in 3 ms
[09:25:06][pdx_3dtypes.cpp:217]: Total time "modernironclad_signalflags_01_mesh" in 3 ms
[09:25:06][pdx_3dtypes.cpp:217]: Total time "generic_mining_quarry_01_mesh" in 3 ms
[09:25:06][pdx_3dtypes.cpp:217]: Total time "female_coat_european_military_01_bs_gaunt_mesh" in 3 ms
[09:25:06][pdx_3dtypes.cpp:217]: Total time "powerbloc_statue_attachment_umbrella_mesh" in 3 ms
[09:25:06][pdx_3dtypes.cpp:217]: Total time "tree_rainforest_003_mesh" in 3 ms
[09:25:06][pdx_3dtypes.cpp:217]: Total time "japan_forestry_centerpiece_hardwoodpiles_02_mesh" in 3 ms
[09:25:06][pdx_3dtypes.cpp:217]: Total time "earlyironclad_gunbattery_heavy_r_mesh" in 3 ms
[09:25:06][pdx_3dtypes.cpp:217]: Total time "open_deck_gun_01_mesh" in 3 ms
[09:25:06][pdx_3dtypes.cpp:217]: Total time "male_headgear_jankoji_rao_scindia_02_mesh" in 3 ms
[09:25:06][pdx_3dtypes.cpp:217]: Total time "male_mustache_ramgopal_ghosh_mesh" in 3 ms
[09:25:06][pdx_3dtypes.cpp:217]: Total time "male_headgear_late_military_cap_japanese_soldier_straps_flaps_mesh" in 3 ms
[09:25:06][pdx_3dtypes.cpp:217]: Total time "funnel_small_02_mesh" in 3 ms
[09:25:06][pdx_3dtypes.cpp:217]: Total time "balkan_forestry_centerpiece_softwoodpiles_01_mesh" in 3 ms
[09:25:06][pdx_3dtypes.cpp:217]: Total time "balkan_forestry_transportation_softwoodpiles_01_mesh" in 3 ms
[09:25:06][pdx_3dtypes.cpp:217]: Total time "cliff_canyon_02_mesh" in 3 ms
[09:25:06][pdx_3dtypes.cpp:217]: Total time "shipoftheline_gunbattery_medium_l_mesh" in 3 ms
[09:25:06][pdx_3dtypes.cpp:217]: Total time "asian_mining_coaldepo_01_mesh" in 3 ms
[09:25:06][pdx_3dtypes.cpp:217]: Total time "japan_forestry_centerpiece_mixwoodpiles_03_mesh" in 3 ms
[09:25:06][pdx_3dtypes.cpp:217]: Total time "funnel_medium_01_mesh" in 3 ms
[09:25:06][pdx_3dtypes.cpp:217]: Total time "generic_forestry_loggingcamp_mixwoodpiles_03_mesh" in 3 ms
[09:25:06][pdx_3dtypes.cpp:217]: Total time "male_sash_european_01_mesh" in 3 ms
[09:25:06][pdx_3dtypes.cpp:217]: Total time "female_sash_european_01_mesh" in 3 ms
[09:25:06][pdx_3dtypes.cpp:217]: Total time "male_mustache_david_lloyd_george_mesh" in 3 ms
[09:25:06][pdx_3dtypes.cpp:217]: Total time "wind_trail_04_mesh" in 3 ms
[09:25:06][pdx_3dtypes.cpp:217]: Total time "gun_deckgun_armoured_01_mesh" in 2 ms
[09:25:06][pdx_3dtypes.cpp:217]: Total time "generic_forestry_transportation_mixwoodpiles_03_mesh" in 2 ms
[09:25:06][pdx_3dtypes.cpp:217]: Total time "gun_bigturret_twin_01_mesh" in 2 ms
[09:25:06][pdx_3dtypes.cpp:217]: Total time "male_outfit_greek_fustanella_01_bs_thin_mesh" in 2 ms
[09:25:06][pdx_3dtypes.cpp:217]: Total time "gun_sidecannon_big_01_mesh" in 2 ms
[09:25:06][pdx_3dtypes.cpp:217]: Total time "generic_forestry_centerpiece_hardwoodpiles_03_mesh" in 2 ms
[09:25:06][pdx_3dtypes.cpp:217]: Total time "male_medals_generic_01_ip4_01_mesh" in 2 ms
[09:25:06][pdx_3dtypes.cpp:217]: Total time "male_medals_generic_01_ip4_06_mesh" in 2 ms
[09:25:06][pdx_3dtypes.cpp:217]: Total time "armouredcruiser_signalflags_01_mesh" in 2 ms
[09:25:06][pdx_3dtypes.cpp:217]: Total time "male_coat_late_military_greatcoat_01_bs_thin_mesh" in 2 ms
[09:25:06][pdx_3dtypes.cpp:217]: Total time "powerbloc_statue_basic_mesh" in 2 ms
[09:25:06][pdx_3dtypes.cpp:217]: Total time "destroyer_signalflags_01_mesh" in 2 ms
[09:25:06][pdx_3dtypes.cpp:217]: Total time "japan_trimsheet_testasset_mesh" in 2 ms
[09:25:06][pdx_3dtypes.cpp:217]: Total time "generic_forestry_transportation_hardwoodpiles_02_mesh" in 2 ms
[09:25:06][pdx_3dtypes.cpp:217]: Total time "european_port_01_1s_0d_0f_mesh" in 2 ms
[09:25:06][pdx_3dtypes.cpp:217]: Total time "generic_forestry_transportation_hardwoodpiles_01_mesh" in 2 ms
[09:25:06][pdx_3dtypes.cpp:217]: Total time "shipoftheline_signalflags_01_mesh" in 2 ms
[09:25:06][pdx_3dtypes.cpp:217]: Total time "male_medals_prussian_01_02_mesh" in 2 ms
[09:25:06][pdx_3dtypes.cpp:217]: Total time "generic_forestry_centerpiece_softwoodpiles_01_mesh" in 2 ms
[09:25:06][pdx_3dtypes.cpp:217]: Total time "japan_forestry_loggingcamp_01_mesh" in 2 ms
[09:25:06][pdx_3dtypes.cpp:217]: Total time "cliff_canyon_06_mesh" in 2 ms
[09:25:06][pdx_3dtypes.cpp:217]: Total time "japan_forestry_centerpiece_softwoodpiles_03_mesh" in 2 ms
[09:25:06][pdx_3dtypes.cpp:217]: Total time "train_cargo_hardwood_02_mesh" in 2 ms
[09:25:06][pdx_3dtypes.cpp:217]: Total time "military_arms_chauchat_mesh" in 2 ms
[09:25:06][pdx_3dtypes.cpp:217]: Total time "gun_bigturret_single_02_mesh" in 2 ms
[09:25:06][pdx_3dtypes.cpp:217]: Total time "japan_forestry_loggingcamp_softwoodpiles_03_mesh" in 2 ms
[09:25:06][pdx_3dtypes.cpp:217]: Total time "torpedoboatdestroyer_signalflags_01_mesh" in 2 ms
[09:25:06][pdx_3dtypes.cpp:217]: Total time "male_medals_generic_01_02_mesh" in 2 ms
[09:25:06][pdx_3dtypes.cpp:217]: Total time "male_top_layer_greek_01_bs_fat_mesh" in 2 ms
[09:25:06][pdx_3dtypes.cpp:217]: Total time "glassworks_manufactory_01_mesh" in 2 ms
[09:25:06][pdx_3dtypes.cpp:217]: Total time "monitor_gun_empty_mesh" in 2 ms
[09:25:06][pdx_3dtypes.cpp:217]: Total time "male_coat_historical_john_brown_01_bs_fat_mesh" in 2 ms
[09:25:06][pdx_3dtypes.cpp:217]: Total time "battlecruiser_armour_medium_mesh" in 2 ms
[09:25:06][pdx_3dtypes.cpp:217]: Total time "female_hair_european_01_bonnet_mesh" in 2 ms
[09:25:06][pdx_3dtypes.cpp:217]: Total time "torpedoboat_armour_medium_mesh" in 2 ms
[09:25:06][pdx_3dtypes.cpp:217]: Total time "african_port_centerpiece_02_mesh" in 2 ms
[09:25:06][pdx_3dtypes.cpp:217]: Total time "male_top_layer_south_american_gaucho_01_bs_fat_mesh" in 2 ms
[09:25:06][pdx_3dtypes.cpp:217]: Total time "male_sash_european_02_bs_thin_mesh" in 2 ms
[09:25:06][pdx_3dtypes.cpp:217]: Total time "japan_forestry_loggingcamp_softwoodpiles_02_mesh" in 2 ms
[09:25:06][pdx_3dtypes.cpp:217]: Total time "military_diorama_decal_1x1_mesh" in 2 ms
[09:25:06][pdx_3dtypes.cpp:217]: Total time "male_coat_greek_01_bs_thin_mesh" in 2 ms
[09:25:06][pdx_3dtypes.cpp:217]: Total time "male_coat_winter_early_greatcoat_mesh" in 2 ms
[09:25:06][pdx_3dtypes.cpp:217]: Total time "male_outfit_arabic_royal_01_bs_thick_mesh" in 2 ms
[09:25:06][pdx_3dtypes.cpp:217]: Total time "male_top_layers_indian_scarf_01_bs_thin_mesh" in 2 ms
[09:25:06][pdx_3dtypes.cpp:217]: Total time "powerbloc_statue_attachment_sickle_mesh" in 2 ms
[09:25:06][pdx_3dtypes.cpp:217]: Total time "single_heavy_turret_02_mesh" in 2 ms
[09:25:06][pdx_3dtypes.cpp:217]: Total time "balkan_forestry_loggingcamp_hardwoodpiles_02_mesh" in 2 ms
[09:25:06][pdx_3dtypes.cpp:217]: Total time "generic_forestry_loggingcabin_02_mesh" in 2 ms
[09:25:06][pdx_3dtypes.cpp:217]: Total time "twin_heavy_turret_01_mesh" in 2 ms
[09:25:06][pdx_3dtypes.cpp:217]: Total time "male_coat_late_military_greatcoat_01_bs_old_mesh" in 2 ms
[09:25:06][pdx_3dtypes.cpp:217]: Total time "male_coat_historical_john_brown_01_bs_thin_mesh" in 2 ms
[09:25:06][pdx_3dtypes.cpp:217]: Total time "male_beard_john_brown_mesh" in 2 ms
[09:25:06][pdx_3dtypes.cpp:217]: Total time "revolution_barricade_small_rural_folk_mesh" in 2 ms
[09:25:06][pdx_3dtypes.cpp:217]: Total time "male_belt_austrian_01_bs_gaunt_mesh" in 2 ms
[09:25:06][pdx_3dtypes.cpp:217]: Total time "balkan_forestry_centerpiece_hardwoodpiles_02_mesh" in 2 ms
[09:25:06][pdx_3dtypes.cpp:217]: Total time "gun_deckcannon_small_01_mesh" in 2 ms
[09:25:06][pdx_3dtypes.cpp:217]: Total time "gun_smallturret_single_02_mesh" in 2 ms
[09:25:06][pdx_3dtypes.cpp:217]: Total time "gun_deckmounted_twin_01_mesh" in 2 ms
[09:25:06][pdx_3dtypes.cpp:217]: Total time "generic_forestry_loggingcamp_softwoodpiles_03_mesh" in 2 ms
[09:25:06][pdx_3dtypes.cpp:217]: Total time "gun_deckmounted_01_mesh" in 2 ms
[09:25:06][pdx_3dtypes.cpp:217]: Total time "train_cargo_sulfur_01_mesh" in 2 ms
[09:25:06][pdx_3dtypes.cpp:217]: Total time "predreadnought_signalflags_01_mesh" in 2 ms
[09:25:06][pdx_3dtypes.cpp:217]: Total time "military_arms_saber_mesh" in 2 ms
[09:25:06][pdx_3dtypes.cpp:217]: Total time "japan_forestry_transportation_softwoodpiles_03_mesh" in 2 ms
[09:25:06][pdx_3dtypes.cpp:217]: Total time "destroyer_armour_medium_mesh" in 2 ms
[09:25:06][pdx_3dtypes.cpp:217]: Total time "male_sash_european_02_bs_gaunt_mesh" in 2 ms
[09:25:06][pdx_3dtypes.cpp:217]: Total time "funnel_small_01_mesh" in 2 ms
[09:25:06][pdx_3dtypes.cpp:217]: Total time "modernironcald_armour_medium_mesh" in 2 ms
[09:25:06][pdx_3dtypes.cpp:217]: Total time "powerbloc_statue_attachment_pitchfork_mesh" in 2 ms
[09:25:06][pdx_3dtypes.cpp:217]: Total time "female_necklace_indian_02_bs_bustsizemax_mesh" in 2 ms
[09:25:06][pdx_3dtypes.cpp:217]: Total time "balkan_forestry_loggingcamp_softwoodpiles_02_mesh" in 2 ms
[09:25:06][pdx_3dtypes.cpp:217]: Total time "funnel_tiny_03_mesh" in 2 ms
[09:25:06][pdx_3dtypes.cpp:217]: Total time "male_beard_european_11_mesh" in 2 ms
[09:25:06][pdx_3dtypes.cpp:217]: Total time "oak_tree_03_mesh" in 2 ms
[09:25:06][pdx_3dtypes.cpp:217]: Total time "male_medals_prussian_01_01_mesh" in 2 ms
[09:25:06][pdx_3dtypes.cpp:217]: Total time "balkan_forestry_loggingcamp_mixwoodpiles_03_mesh" in 2 ms
[09:25:06][pdx_3dtypes.cpp:217]: Total time "male_coat_ceo_02_bs_gaunt_mesh" in 2 ms
[09:25:06][pdx_3dtypes.cpp:217]: Total time "male_outfit_greek_fustanella_01_bs_gaunt_mesh" in 2 ms
[09:25:06][pdx_3dtypes.cpp:217]: Total time "earlyironclad_signalflags_01_mesh" in 2 ms
[09:25:06][pdx_3dtypes.cpp:217]: Total time "male_sashes_tricolor_bs_fat_mesh" in 2 ms
[09:25:06][pdx_3dtypes.cpp:217]: Total time "japan_forestry_loggingcabin_02_mesh" in 2 ms
[09:25:06][pdx_3dtypes.cpp:217]: Total time "balkan_forestry_loggingcamp_02_mesh" in 2 ms
[09:25:06][pdx_3dtypes.cpp:217]: Total time "powerbloc_statue_attachment_shovel_mesh" in 2 ms
[09:25:06][pdx_3dtypes.cpp:217]: Total time "gun_smallturret_twin_02_mesh" in 2 ms
[09:25:06][pdx_3dtypes.cpp:217]: Total time "male_coat_ceo_02_bs_thick_mesh" in 2 ms
[09:25:06][pdx_3dtypes.cpp:217]: Total time "male_coat_late_military_greatcoat_01_bs_gaunt_mesh" in 2 ms
[09:25:06][pdx_3dtypes.cpp:217]: Total time "male_headgear_military_helmet_japanese_type90_mesh" in 2 ms
[09:25:06][pdx_3dtypes.cpp:217]: Total time "female_sash_european_02_mesh" in 2 ms
[09:25:06][pdx_3dtypes.cpp:217]: Total time "japan_forestry_transportation_hardwoodpiles_02_mesh" in 2 ms
[09:25:06][pdx_3dtypes.cpp:217]: Total time "male_mustache_dordije_petrovic_njegos_mesh" in 2 ms
[09:25:06][pdx_3dtypes.cpp:217]: Total time "test_cube_mesh" in 2 ms
[09:25:06][pdx_3dtypes.cpp:217]: Total time "gun_smallturret_mini_01_mesh" in 2 ms
[09:25:06][pdx_3dtypes.cpp:217]: Total time "powerbloc_statue_attachment_crudehoe_mesh" in 2 ms
[09:25:06][pdx_3dtypes.cpp:217]: Total time "funnel_medium_none_01_mesh" in 2 ms
[09:25:06][pdx_3dtypes.cpp:217]: Total time "male_hair_european_08_pope_cap1_mesh" in 2 ms
[09:25:06][pdx_3dtypes.cpp:217]: Total time "male_sash_european_civilian_03_bs_old_mesh" in 2 ms
[09:25:06][pdx_3dtypes.cpp:217]: Total time "generic_forestry_transportation_mixwoodpiles_02_mesh" in 2 ms
[09:25:06][pdx_3dtypes.cpp:217]: Total time "gun_bigturret_tripple_01_mesh" in 2 ms
[09:25:06][pdx_3dtypes.cpp:217]: Total time "male_medals_prussian_01_04_mesh" in 2 ms
[09:25:06][pdx_3dtypes.cpp:217]: Total time "balkan_forestry_transportation_hardwoodpiles_03_mesh" in 2 ms
[09:25:06][pdx_3dtypes.cpp:217]: Total time "female_necklace_indian_02_bs_fat_mesh" in 2 ms
[09:25:06][pdx_3dtypes.cpp:217]: Total time "iceberg_02_mesh" in 2 ms
[09:25:06][pdx_3dtypes.cpp:217]: Total time "male_mustache_george_i_of_greece_mesh" in 2 ms
[09:25:06][pdx_3dtypes.cpp:217]: Total time "earlyironclad_gunbattery_heavy_l_mesh" in 2 ms
[09:25:06][pdx_3dtypes.cpp:217]: Total time "coastaldefense_turret_mesh" in 2 ms
[09:25:06][pdx_3dtypes.cpp:217]: Total time "balkan_forestry_equipment_02_mesh" in 2 ms
[09:25:06][pdx_3dtypes.cpp:217]: Total time "cliff_canyon_12_mesh" in 2 ms
[09:25:06][pdx_3dtypes.cpp:217]: Total time "powerbloc_statue_attachment_tophat_mesh" in 2 ms
[09:25:06][pdx_3dtypes.cpp:217]: Total time "japan_forestry_transportation_mixwoodpiles_02_mesh" in 2 ms
[09:25:06][pdx_3dtypes.cpp:217]: Total time "rockformation_sandstone_03_mesh" in 2 ms
[09:25:06][pdx_3dtypes.cpp:217]: Total time "generic_rural_mining_entrance_01_mesh" in 2 ms
[09:25:06][pdx_3dtypes.cpp:217]: Total time "military_arms_sword_mesh" in 2 ms
[09:25:06][pdx_3dtypes.cpp:217]: Total time "balkan_forestry_transportation_mixwoodpiles_01_mesh" in 2 ms
[09:25:06][pdx_3dtypes.cpp:217]: Total time "male_coat_greek_01_bs_gaunt_mesh" in 2 ms
[09:25:06][pdx_3dtypes.cpp:217]: Total time "powerbloc_supportelement_royalcape_01_mesh" in 2 ms
[09:25:06][pdx_3dtypes.cpp:217]: Total time "monitor_funnel_tripple_mesh" in 2 ms
[09:25:06][pdx_3dtypes.cpp:217]: Total time "cliff_canyon_04_mesh" in 2 ms
[09:25:06][pdx_3dtypes.cpp:217]: Total time "male_shirt_greek_01_bs_thin_mesh" in 2 ms
[09:25:06][pdx_3dtypes.cpp:217]: Total time "iceberg_01_mesh" in 2 ms
[09:25:06][pdx_3dtypes.cpp:217]: Total time "male_belt_aggressive_expansion_01_bs_old_mesh" in 2 ms
[09:25:06][pdx_3dtypes.cpp:217]: Total time "male_outfit_greek_fustanella_01_bs_thick_mesh" in 2 ms
[09:25:06][pdx_3dtypes.cpp:217]: Total time "prop_glasses_mesh" in 2 ms
[09:25:06][pdx_3dtypes.cpp:217]: Total time "vulture_01_frame_mesh" in 2 ms
[09:25:06][pdx_3dtypes.cpp:217]: Total time "tree_fir_005_mesh" in 2 ms
[09:25:06][pdx_3dtypes.cpp:217]: Total time "balkan_forestry_transportation_softwoodpiles_03_mesh" in 2 ms
[09:25:06][pdx_3dtypes.cpp:217]: Total time "generic_forestry_transportation_hardwoodpiles_03_mesh" in 2 ms
[09:25:06][pdx_3dtypes.cpp:217]: Total time "generic_forestry_loggingcamp_hardwoodpiles_01_mesh" in 2 ms
[09:25:06][pdx_3dtypes.cpp:217]: Total time "train_cargo_hardwood_01_mesh" in 2 ms
[09:25:06][pdx_3dtypes.cpp:217]: Total time "tree_baobab_01_mesh" in 2 ms
[09:25:06][pdx_3dtypes.cpp:217]: Total time "male_outfit_greek_fustanella_01_bs_fat_mesh" in 2 ms
[09:25:06][pdx_3dtypes.cpp:217]: Total time "powerbloc_supportelement_wings_01_mesh" in 2 ms
[09:25:06][pdx_3dtypes.cpp:217]: Total time "male_prop_pipe1_01_mesh" in 2 ms
[09:25:06][pdx_3dtypes.cpp:217]: Total time "tree_bush_03_mesh" in 2 ms
[09:25:06][pdx_3dtypes.cpp:217]: Total time "male_headgear_late_military_cap_navy_regular_mesh" in 2 ms
[09:25:06][pdx_3dtypes.cpp:217]: Total time "male_beard_european_04_mesh" in 2 ms
[09:25:06][pdx_3dtypes.cpp:217]: Total time "funnel_large_01_mesh" in 2 ms
[09:25:06][pdx_3dtypes.cpp:217]: Total time "tree_palm_02_mesh" in 2 ms
[09:25:06][pdx_3dtypes.cpp:217]: Total time "prop_pen_mesh" in 2 ms
[09:25:06][pdx_3dtypes.cpp:217]: Total time "male_shirt_greek_01_bs_thick_mesh" in 2 ms
[09:25:06][pdx_3dtypes.cpp:217]: Total time "generic_forestry_centerpiece_mixwoodpiles_02_mesh" in 2 ms
[09:25:06][pdx_3dtypes.cpp:217]: Total time "japan_forestry_loggingcamp_mixwoodpiles_01_mesh" in 2 ms
[09:25:06][pdx_3dtypes.cpp:217]: Total time "male_hair_historical_pedro_02_mesh" in 2 ms
[09:25:06][pdx_3dtypes.cpp:217]: Total time "male_medals_generic_01_04_mesh" in 2 ms
[09:25:06][pdx_3dtypes.cpp:217]: Total time "male_coat_greek_01_bs_thick_mesh" in 2 ms
[09:25:06][pdx_3dtypes.cpp:217]: Total time "male_outfit_arabic_royal_01_bs_gaunt_mesh" in 2 ms
[09:25:06][pdx_3dtypes.cpp:217]: Total time "gun_bigturret_single_03_mesh" in 2 ms
[09:25:06][pdx_3dtypes.cpp:217]: Total time "military_diorama_decal_6x6_mesh" in 2 ms
[09:25:06][pdx_3dtypes.cpp:217]: Total time "seaplanetender_armour_medium_mesh" in 2 ms
[09:25:06][pdx_3dtypes.cpp:217]: Total time "aircraftcarrier_armour_medium_mesh" in 2 ms
[09:25:06][pdx_3dtypes.cpp:217]: Total time "wind_trail_01_mesh" in 2 ms
[09:25:06][pdx_3dtypes.cpp:217]: Total time "male_beard_european_20_mesh" in 2 ms
[09:25:06][pdx_3dtypes.cpp:217]: Total time "male_beard_friedrich_engels_mesh" in 2 ms
[09:25:06][pdx_3dtypes.cpp:217]: Total time "male_top_layers_indian_scarf_01_bs_gaunt_mesh" in 2 ms
[09:25:06][pdx_3dtypes.cpp:217]: Total time "tree_bush_02_mesh" in 2 ms
[09:25:06][pdx_3dtypes.cpp:217]: Total time "railroad_bridge_02_small_mesh" in 2 ms
[09:25:06][pdx_3dtypes.cpp:217]: Total time "female_top_layer_religious_cape_bs_bustsizemax_mesh" in 2 ms
[09:25:06][pdx_3dtypes.cpp:217]: Total time "gun_deckcannon_big_01_mesh" in 2 ms
[09:25:06][pdx_3dtypes.cpp:217]: Total time "train_cargo_log_03_mesh" in 2 ms
[09:25:06][pdx_3dtypes.cpp:217]: Total time "cliff_canyon_14_mesh" in 2 ms
[09:25:06][pdx_3dtypes.cpp:217]: Total time "powerbloc_statue_attachment_walkingcane_mesh" in 2 ms
[09:25:06][pdx_3dtypes.cpp:217]: Total time "balkan_forestry_loggingcabin_01_mesh" in 2 ms
[09:25:06][pdx_3dtypes.cpp:217]: Total time "male_legwear_greek_01_bs_thick_mesh" in 2 ms
[09:25:06][pdx_3dtypes.cpp:217]: Total time "generic_forestry_loggingcabin_01_mesh" in 2 ms
[09:25:06][pdx_3dtypes.cpp:217]: Total time "male_sashes_tricolor_bs_old_mesh" in 2 ms
[09:25:06][pdx_3dtypes.cpp:217]: Total time "japan_forestry_loggingcabin_01_mesh" in 2 ms
[09:25:06][pdx_3dtypes.cpp:217]: Total time "japan_forestry_transportation_mixwoodpiles_03_mesh" in 2 ms
[09:25:06][pdx_3dtypes.cpp:217]: Total time "tree_bush_06_mesh" in 2 ms
[09:25:06][pdx_3dtypes.cpp:217]: Total time "funnel_medium_02_mesh" in 2 ms
[09:25:06][pdx_3dtypes.cpp:217]: Total time "gun_casemate_case_01_mesh" in 2 ms
[09:25:06][pdx_3dtypes.cpp:217]: Total time "coastaldefenceship_armour_medium_mesh" in 2 ms
[09:25:06][pdx_3dtypes.cpp:217]: Total time "male_belt_austrian_01_bs_fat_mesh" in 2 ms
[09:25:06][pdx_3dtypes.cpp:217]: Total time "gun_torpedotube_tripple_01_mesh" in 2 ms
[09:25:06][pdx_3dtypes.cpp:217]: Total time "train_cargo_steel_03_mesh" in 2 ms
[09:25:06][pdx_3dtypes.cpp:217]: Total time "male_top_layers_indian_scarf_01_bs_thick_mesh" in 2 ms
[09:25:06][pdx_3dtypes.cpp:217]: Total time "male_mustache_asian_02_mesh" in 2 ms
[09:25:06][pdx_3dtypes.cpp:217]: Total time "male_coat_ceo_02_bs_thin_mesh" in 2 ms
[09:25:06][pdx_3dtypes.cpp:217]: Total time "male_mustache_european_12_mesh" in 2 ms
[09:25:06][pdx_3dtypes.cpp:217]: Total time "male_top_layers_indian_scarf_01_bs_fat_mesh" in 2 ms
[09:25:06][pdx_3dtypes.cpp:217]: Total time "male_top_layer_greek_01_bs_thin_mesh" in 2 ms
[09:25:06][pdx_3dtypes.cpp:217]: Total time "generic_forestry_centerpiece_hardwoodpiles_01_mesh" in 2 ms
[09:25:06][pdx_3dtypes.cpp:217]: Total time "funnel_trunked_none_01_mesh" in 2 ms
[09:25:06][pdx_3dtypes.cpp:217]: Total time "shipoftheline_gunbattery_light_l_mesh" in 2 ms
[09:25:06][pdx_3dtypes.cpp:217]: Total time "balkan_forestry_loggingcabin_02_mesh" in 2 ms
[09:25:06][pdx_3dtypes.cpp:217]: Total time "tree_baobab_03_mesh" in 2 ms
[09:25:06][pdx_3dtypes.cpp:217]: Total time "balkan_forestry_centerpiece_mixwoodpiles_02_mesh" in 2 ms
[09:25:06][pdx_3dtypes.cpp:217]: Total time "gun_torpedotube_double_01_mesh" in 2 ms
[09:25:06][pdx_3dtypes.cpp:217]: Total time "male_headgear_south_american_gaucho_01_mesh" in 2 ms
[09:25:06][pdx_3dtypes.cpp:217]: Total time "male_sashes_tricolor_bs_thin_mesh" in 2 ms
[09:25:06][pdx_3dtypes.cpp:217]: Total time "female_top_layer_religious_cape_bs_bustsizemin_mesh" in 2 ms
[09:25:06][pdx_3dtypes.cpp:217]: Total time "revolution_barricade_small_petty_bourgeoisie_mesh" in 2 ms
[09:25:06][pdx_3dtypes.cpp:217]: Total time "japan_forestry_transportation_softwoodpiles_01_mesh" in 2 ms
[09:25:06][pdx_3dtypes.cpp:217]: Total time "ironfrigate_broadside_02_mesh" in 2 ms
[09:25:06][pdx_3dtypes.cpp:217]: Total time "train_cargo_iron_02_mesh" in 2 ms
[09:25:06][pdx_3dtypes.cpp:217]: Total time "cliff_canyon_10_mesh" in 2 ms
[09:25:06][pdx_3dtypes.cpp:217]: Total time "tree_fir_003_mesh" in 2 ms
[09:25:06][pdx_3dtypes.cpp:217]: Total time "tree_fir_001_mesh" in 2 ms
[09:25:06][pdx_3dtypes.cpp:217]: Total time "train_cargo_log_04_mesh" in 2 ms
[09:25:06][pdx_3dtypes.cpp:217]: Total time "male_hair_european_10_cap1_mesh" in 2 ms
[09:25:06][pdx_3dtypes.cpp:217]: Total time "male_outfit_greek_fustanella_01_bs_old_mesh" in 1 ms
[09:25:06][pdx_3dtypes.cpp:217]: Total time "male_top_layer_south_american_gaucho_01_bs_old_mesh" in 1 ms
[09:25:06][pdx_3dtypes.cpp:217]: Total time "naval_order_patrol_mesh" in 1 ms
[09:25:06][pdx_3dtypes.cpp:217]: Total time "male_top_layers_indian_scarf_01_bs_old_mesh" in 1 ms
[09:25:06][pdx_3dtypes.cpp:217]: Total time "male_coat_ceo_02_bs_fat_mesh" in 1 ms
[09:25:06][pdx_3dtypes.cpp:217]: Total time "male_sashes_tricolor_bs_thick_mesh" in 1 ms
[09:25:06][pdx_3dtypes.cpp:217]: Total time "male_legwear_greek_01_bs_fat_mesh" in 1 ms
[09:25:06][pdx_3dtypes.cpp:217]: Total time "male_shirt_greek_01_bs_fat_mesh" in 1 ms
[09:25:06][pdx_3dtypes.cpp:217]: Total time "balkan_forestry_loggingcabin_03_mesh" in 1 ms
[09:25:06][pdx_3dtypes.cpp:217]: Total time "male_sash_european_civilian_03_bs_thin_mesh" in 1 ms
[09:25:06][pdx_3dtypes.cpp:217]: Total time "generic_forestry_loggingcamp_hardwoodpiles_02_mesh" in 1 ms
[09:25:06][pdx_3dtypes.cpp:217]: Total time "vfx_ui_plane_war_panel_fire_plane_mesh" in 1 ms
[09:25:06][pdx_3dtypes.cpp:217]: Total time "balkan_forestry_centerpiece_hardwoodpiles_01_mesh" in 1 ms
[09:25:06][pdx_3dtypes.cpp:217]: Total time "gun_smallcasemate_case_01_mesh" in 1 ms
[09:25:06][pdx_3dtypes.cpp:217]: Total time "female_necklace_indian_02_bs_old_mesh" in 1 ms
[09:25:06][pdx_3dtypes.cpp:217]: Total time "gun_deckgun_noarmour_01_mesh" in 1 ms
[09:25:06][pdx_3dtypes.cpp:217]: Total time "military_arms_mauser98_bayonet_mesh" in 1 ms
[09:25:06][pdx_3dtypes.cpp:217]: Total time "cube_test_mesh" in 1 ms
[09:25:06][pdx_3dtypes.cpp:217]: Total time "military_arms_dreyseneedle_mesh" in 1 ms
[09:25:06][pdx_3dtypes.cpp:217]: Total time "male_outfit_arabic_royal_01_bs_fat_mesh" in 1 ms
[09:25:06][pdx_3dtypes.cpp:217]: Total time "male_shirt_greek_01_bs_gaunt_mesh" in 1 ms
[09:25:06][pdx_3dtypes.cpp:217]: Total time "papermap_table_top_ip2_mesh" in 1 ms
[09:25:06][pdx_3dtypes.cpp:217]: Total time "male_mustache_european_06_mesh" in 1 ms
[09:25:06][pdx_3dtypes.cpp:217]: Total time "male_belt_austrian_01_bs_thin_mesh" in 1 ms
[09:25:06][pdx_3dtypes.cpp:217]: Total time "generic_rural_mining_processing_01_mesh" in 1 ms
[09:25:06][pdx_3dtypes.cpp:217]: Total time "male_coat_greek_01_bs_old_mesh" in 1 ms
[09:25:06][pdx_3dtypes.cpp:217]: Total time "monitor_gun_twin_mesh" in 1 ms
[09:25:06][pdx_3dtypes.cpp:217]: Total time "balkan_forestry_loggingcamp_hardwoodpiles_03_mesh" in 1 ms
[09:25:06][pdx_3dtypes.cpp:217]: Total time "male_sash_european_civilian_03_bs_fat_mesh" in 1 ms
[09:25:06][pdx_3dtypes.cpp:217]: Total time "papermap_table_top_votp_mesh" in 1 ms
[09:25:06][pdx_3dtypes.cpp:217]: Total time "papermap_table_bottom_ip4_mesh" in 1 ms
[09:25:06][pdx_3dtypes.cpp:217]: Total time "papermap_table_bottom_ap1_mesh" in 1 ms
[09:25:06][pdx_3dtypes.cpp:217]: Total time "male_legwear_greek_01_bs_thin_mesh" in 1 ms
[09:25:06][pdx_3dtypes.cpp:217]: Total time "japan_forestry_equipment_01_mesh" in 1 ms
[09:25:06][pdx_3dtypes.cpp:217]: Total time "cliff_canyon_11_mesh" in 1 ms
[09:25:06][pdx_3dtypes.cpp:217]: Total time "train_cargo_steel_02_mesh" in 1 ms
[09:25:06][pdx_3dtypes.cpp:217]: Total time "powerbloc_statue_attachment_trumpet_mesh" in 1 ms
[09:25:06][pdx_3dtypes.cpp:217]: Total time "superdreadnought_signalflags_01_mesh" in 1 ms
[09:25:06][pdx_3dtypes.cpp:217]: Total time "latin_port_docks_01_mesh" in 1 ms
[09:25:06][pdx_3dtypes.cpp:217]: Total time "test_sphere_mesh" in 1 ms
[09:25:06][pdx_3dtypes.cpp:217]: Total time "male_hair_historical_milos_obrenovic_mesh" in 1 ms
[09:25:06][pdx_3dtypes.cpp:217]: Total time "monitor_funnel_single_mesh" in 1 ms
[09:25:06][pdx_3dtypes.cpp:217]: Total time "generic_forestry_transportation_softwoodpiles_03_mesh" in 1 ms
[09:25:06][pdx_3dtypes.cpp:217]: Total time "male_sashes_tricolor_bs_gaunt_mesh" in 1 ms
[09:25:06][pdx_3dtypes.cpp:217]: Total time "japan_forestry_loggingcamp_softwoodpiles_01_mesh" in 1 ms
[09:25:06][pdx_3dtypes.cpp:217]: Total time "rockformation_sandstone_01_mesh" in 1 ms
[09:25:06][pdx_3dtypes.cpp:217]: Total time "balkan_forestry_loggingcamp_softwoodpiles_01_mesh" in 1 ms
[09:25:06][pdx_3dtypes.cpp:217]: Total time "gun_sidecannon_small_01_mesh" in 1 ms
[09:25:06][pdx_3dtypes.cpp:217]: Total time "earlyironclad_gunbattery_light_l_mesh" in 1 ms
[09:25:06][pdx_3dtypes.cpp:217]: Total time "dreadnought_signalflags_01_mesh" in 1 ms
[09:25:06][pdx_3dtypes.cpp:217]: Total time "balkan_forestry_equipment_03_mesh" in 1 ms
[09:25:06][pdx_3dtypes.cpp:217]: Total time "shipoftheline_gunbattery_light_r_mesh" in 1 ms
[09:25:06][pdx_3dtypes.cpp:217]: Total time "balkan_forestry_loggingcamp_mixwoodpiles_01_mesh" in 1 ms
[09:25:06][pdx_3dtypes.cpp:217]: Total time "cube_long_mesh" in 1 ms
[09:25:06][pdx_3dtypes.cpp:217]: Total time "earlyironclad_gunbattery_medium_l_mesh" in 1 ms
[09:25:06][pdx_3dtypes.cpp:217]: Total time "gun_casemate_nocase_01_mesh" in 1 ms
[09:25:06][pdx_3dtypes.cpp:217]: Total time "lightcruiser_signalflags_01_mesh" in 1 ms
[09:25:06][pdx_3dtypes.cpp:217]: Total time "funnel_large_none_01_mesh" in 1 ms
[09:25:06][pdx_3dtypes.cpp:217]: Total time "ironfrigate_signalflags_01_mesh" in 1 ms
[09:25:06][pdx_3dtypes.cpp:217]: Total time "balkan_forestry_equipment_01_mesh" in 1 ms
[09:25:06][pdx_3dtypes.cpp:217]: Total time "train_cargo_coal_03_mesh" in 1 ms
[09:25:06][pdx_3dtypes.cpp:217]: Total time "mesh_not_found_fallback_object" in 1 ms
[09:25:06][pdx_3dtypes.cpp:217]: Total time "powerbloc_statue_attachment_handheldfan_mesh" in 1 ms
[09:25:06][pdx_3dtypes.cpp:217]: Total time "single_heavy_turret_01_mesh" in 1 ms
[09:25:06][pdx_3dtypes.cpp:217]: Total time "powerbloc_statue_attachment_book_mesh" in 1 ms
[09:25:06][pdx_3dtypes.cpp:217]: Total time "tree_cypress_mediterranean_01_mesh" in 1 ms
[09:25:06][pdx_3dtypes.cpp:217]: Total time "train_cargo_sulfur_02_mesh" in 1 ms
[09:25:06][pdx_3dtypes.cpp:217]: Total time "modernironclad_armour_medium_mesh" in 0 ms
[09:25:07][lexer.cpp:285]: File 'common/geographic_regions/01_geographic_regions_europe.txt' should be in utf8-bom encoding (will try to use it anyways)
[09:25:07][pdx_persistent_reader.cpp:268]: Error: "Unknown trigger type: character_is_emperor_of_japan, near line: 89" in file: "common/scripted_guis/journal_entry_sguis.txt" near line: 93
[09:25:07][pdx_persistent_reader.cpp:268]: Error: "Unknown trigger type: country_meiji_reform_emperor_restored, near line: 95" in file: "common/scripted_guis/journal_entry_sguis.txt" near line: 96
[09:25:07][pdx_persistent_reader.cpp:268]: Error: "Unknown trigger type: company_is_zaibatsu, near line: 189" in file: "common/scripted_guis/journal_entry_sguis.txt" near line: 190
[09:25:07][pdx_persistent_reader.cpp:268]: Error: "Unknown trigger type: company_is_zaibatsu, near line: 194" in file: "common/scripted_guis/journal_entry_sguis.txt" near line: 195
[09:25:07][pdx_persistent_reader.cpp:268]: Error: "Unknown trigger type: party_has_members, near line: 8" in file: "common/scripted_guis/party_sguis.txt" near line: 9
[09:25:07][pdx_persistent_reader.cpp:268]: Error: "Unknown trigger type: party_has_members, near line: 65" in file: "common/scripted_guis/party_sguis.txt" near line: 66
[09:25:07][pdx_persistent_reader.cpp:268]: Error: "Unknown trigger type: party_has_members, near line: 122" in file: "common/scripted_guis/party_sguis.txt" near line: 123
[09:25:07][pdx_persistent_reader.cpp:268]: Error: "Unknown trigger type: party_has_members, near line: 179" in file: "common/scripted_guis/party_sguis.txt" near line: 180
[09:25:07][pdx_persistent_reader.cpp:268]: Error: "Unknown trigger type: party_has_members, near line: 236" in file: "common/scripted_guis/party_sguis.txt" near line: 237
[09:25:07][pdx_persistent_reader.cpp:268]: Error: "Unknown trigger type: violate_sovereignty_war_check, near line: 4" in file: "common/scripted_rules/00_scripted_rules.txt" near line: 4
[09:25:07][pdx_persistent_reader.cpp:268]: Error: "Unknown trigger type: country_has_voting_franchise, near line: 9" in file: "common/scripted_rules/00_scripted_rules.txt" near line: 9
[09:25:07][pdx_persistent_reader.cpp:268]: Error: "Unknown trigger type: country_can_form_power_bloc, near line: 14" in file: "common/scripted_rules/00_scripted_rules.txt" near line: 14
[09:25:07][pdx_persistent_reader.cpp:268]: Error: "Unknown trigger type: power_bloc_is_weak, near line: 24" in file: "common/scripted_rules/00_scripted_rules.txt" near line: 24
[09:25:07][pdx_persistent_reader.cpp:268]: Error: "Unknown trigger type: has_treaty_alliance_with, near line: 116
Unknown trigger type: has_treaty_defensive_pact_with, near line: 118" in file: "common/scripted_rules/00_scripted_rules.txt" near line: 122
[09:25:07][pdx_persistent_reader.cpp:268]: Error: "Unknown trigger type: has_treaty_guarantee_independence_with, near line: 127" in file: "common/scripted_rules/00_scripted_rules.txt" near line: 128
[09:25:07][pdx_persistent_reader.cpp:268]: Error: "Unknown trigger type: has_treaty_support_independence_with, near line: 136" in file: "common/scripted_rules/00_scripted_rules.txt" near line: 137
[09:25:07][pdx_persistent_reader.cpp:268]: Error: "Unknown trigger type: can_impose_law_default, near line: 150" in file: "common/scripted_rules/00_scripted_rules.txt" near line: 150
[09:25:07][pdx_persistent_reader.cpp:268]: Error: "Unknown trigger type: character_is_taikun, near line: 7" in file: "common/customizable_localization/00_character_role_titles.txt" near line: 8
[09:25:07][pdx_persistent_reader.cpp:268]: Error: "Unknown trigger type: character_is_taikun, near line: 13
Unknown trigger type: character_is_daimyo, near line: 14" in file: "common/customizable_localization/00_character_role_titles.txt" near line: 15
[09:25:07][pdx_persistent_reader.cpp:268]: Error: "Unknown trigger type: character_is_taikun, near line: 20
Unknown trigger type: character_is_daimyo, near line: 21
Unknown trigger type: country_has_nobility, near line: 25" in file: "common/customizable_localization/00_character_role_titles.txt" near line: 26
[09:25:07][pdx_persistent_reader.cpp:268]: Error: "Unknown trigger type: character_is_taikun, near line: 32
Unknown trigger type: character_is_daimyo, near line: 33
Unknown trigger type: country_has_nobility, near line: 37" in file: "common/customizable_localization/00_character_role_titles.txt" near line: 38
[09:25:07][pdx_persistent_reader.cpp:268]: Error: "Unknown trigger type: character_is_taikun, near line: 44
Unknown trigger type: character_is_daimyo, near line: 45
Unknown trigger type: country_has_nobility, near line: 49" in file: "common/customizable_localization/00_character_role_titles.txt" near line: 50
[09:25:07][pdx_persistent_reader.cpp:268]: Error: "Unknown trigger type: character_is_taikun, near line: 56
Unknown trigger type: character_is_daimyo, near line: 57
Unknown trigger type: country_has_nobility, near line: 61" in file: "common/customizable_localization/00_character_role_titles.txt" near line: 62
[09:25:07][pdx_persistent_reader.cpp:268]: Error: "Unknown trigger type: character_is_taikun, near line: 68
Unknown trigger type: character_is_daimyo, near line: 69
Unknown trigger type: country_has_nobility, near line: 73" in file: "common/customizable_localization/00_character_role_titles.txt" near line: 74
[09:25:07][pdx_persistent_reader.cpp:268]: Error: "Unknown trigger type: character_is_taikun, near line: 80
Unknown trigger type: character_is_daimyo, near line: 81
Unknown trigger type: country_has_nobility, near line: 85" in file: "common/customizable_localization/00_character_role_titles.txt" near line: 86
[09:25:07][pdx_persistent_reader.cpp:268]: Error: "Unknown trigger type: character_is_taikun, near line: 92
Unknown trigger type: character_is_daimyo, near line: 93
Unknown trigger type: country_has_nobility, near line: 97" in file: "common/customizable_localization/00_character_role_titles.txt" near line: 98
[09:25:07][pdx_persistent_reader.cpp:268]: Error: "Unknown trigger type: character_is_taikun, near line: 104
Unknown trigger type: character_is_daimyo, near line: 105
Unknown trigger type: country_has_nobility, near line: 109" in file: "common/customizable_localization/00_character_role_titles.txt" near line: 110
[09:25:07][pdx_persistent_reader.cpp:268]: Error: "Unknown trigger type: character_is_taikun, near line: 116
Unknown trigger type: character_is_daimyo, near line: 117
Unknown trigger type: country_has_nobility, near line: 122" in file: "common/customizable_localization/00_character_role_titles.txt" near line: 123
[09:25:07][pdx_persistent_reader.cpp:268]: Error: "Unknown trigger type: character_is_taikun, near line: 130
Unknown trigger type: character_is_daimyo, near line: 131
Unknown trigger type: country_has_nobility, near line: 136" in file: "common/customizable_localization/00_character_role_titles.txt" near line: 137
[09:25:07][pdx_persistent_reader.cpp:268]: Error: "Unknown trigger type: country_has_monarchy_law, near line: 308" in file: "common/customizable_localization/02_events.txt" near line: 309
[09:25:07][pdx_persistent_reader.cpp:268]: Error: "Unknown trigger type: country_has_monarchy_law, near line: 80" in file: "common/customizable_localization/03_misc.txt" near line: 85
[09:25:07][pdx_persistent_reader.cpp:268]: Error: "Unknown trigger type: country_has_monarchy_law, near line: 92" in file: "common/customizable_localization/03_misc.txt" near line: 97
[09:25:07][pdx_persistent_reader.cpp:268]: Error: "Unknown trigger type: country_has_monarchy_law, near line: 155" in file: "common/customizable_localization/03_misc.txt" near line: 160
[09:25:07][pdx_persistent_reader.cpp:268]: Error: "Unknown trigger type: country_has_monarchy_law, near line: 167" in file: "common/customizable_localization/03_misc.txt" near line: 172
[09:25:07][pdx_persistent_reader.cpp:268]: Error: "Unknown trigger type: country_has_monarchy_law, near line: 230" in file: "common/customizable_localization/03_misc.txt" near line: 235
[09:25:07][pdx_persistent_reader.cpp:268]: Error: "Unknown trigger type: country_has_monarchy_law, near line: 242" in file: "common/customizable_localization/03_misc.txt" near line: 247
[09:25:07][pdx_persistent_reader.cpp:268]: Error: "Unknown trigger type: country_has_monarchy_law, near line: 63" in file: "common/customizable_localization/agitators_custom_loc.txt" near line: 66
[09:25:07][pdx_persistent_reader.cpp:268]: Error: "Unknown trigger type: country_has_monarchy_law, near line: 91" in file: "common/customizable_localization/agitators_custom_loc.txt" near line: 94
[09:25:07][pdx_persistent_reader.cpp:268]: Error: "Unknown trigger type: country_has_monarchy_law, near line: 102" in file: "common/customizable_localization/agitators_custom_loc.txt" near line: 105
[09:25:07][lexer.cpp:285]: File 'common/trigger_localization/99_toe_great_game.txt' should be in utf8-bom encoding (will try to use it anyways)
[09:25:08][lexer.cpp:285]: File 'gfx/portraits/portrait_modifiers/00_toe_empty.txt' should be in utf8-bom encoding (will try to use it anyways)
[09:25:08][pdx_persistent_reader.cpp:268]: Error: "Unknown trigger type: shopkeepers_clothes_pop_trigger, near line: 165
Unknown trigger type: european_clothes_pop_trigger, near line: 168
Unknown trigger type: slavic_clothes_pop_trigger, near line: 173
Unknown trigger type: nordic_clothes_pop_trigger, near line: 174" in file: "gfx/portraits/portrait_modifiers/01_accessories.txt" near line: 175
[09:25:08][pdx_persistent_reader.cpp:268]: Error: "Unknown trigger type: african_diaspora_pop_clothes_trigger, near line: 182
Unknown trigger type: native_american_clothes_pop_trigger, near line: 184" in file: "gfx/portraits/portrait_modifiers/01_accessories.txt" near line: 187
[09:25:08][pdx_persistent_reader.cpp:268]: Error: "Unknown trigger type: european_clothes_trigger, near line: 217
Unknown trigger type: monarchy_clothes_trigger, near line: 219" in file: "gfx/portraits/portrait_modifiers/01_accessories.txt" near line: 222
[09:25:08][pdx_persistent_reader.cpp:268]: Error: "Unknown trigger type: european_clothes_trigger, near line: 247" in file: "gfx/portraits/portrait_modifiers/01_accessories.txt" near line: 251
[09:25:08][pdx_persistent_reader.cpp:268]: Error: "Unknown trigger type: spanish_clothes_trigger, near line: 274
Unknown trigger type: spanish_colony_clothes_trigger, near line: 275" in file: "gfx/portraits/portrait_modifiers/01_accessories.txt" near line: 276
[09:25:08][pdx_persistent_reader.cpp:268]: Error: "Unknown trigger type: generic_military_uniform_clothes_trigger, near line: 277" in file: "gfx/portraits/portrait_modifiers/01_accessories.txt" near line: 284
[09:25:08][pdx_persistent_reader.cpp:268]: Error: "Unknown trigger type: brazilian_clothes_trigger, near line: 317
Unknown trigger type: generic_military_uniform_clothes_trigger, near line: 318" in file: "gfx/portraits/portrait_modifiers/01_accessories.txt" near line: 324
[09:25:08][pdx_persistent_reader.cpp:268]: Error: "Unknown trigger type: argentine_clothes_trigger, near line: 348
Unknown trigger type: spanish_clothes_trigger, near line: 351
Unknown trigger type: spanish_colony_clothes_trigger, near line: 352
Unknown trigger type: carlist_clothes_trigger, near line: 353" in file: "gfx/portraits/portrait_modifiers/01_accessories.txt" near line: 354
[09:25:08][pdx_persistent_reader.cpp:268]: Error: "Unknown trigger type: military_governor_clothes_trigger, near line: 357
Unknown trigger type: monarchy_clothes_trigger, near line: 358" in file: "gfx/portraits/portrait_modifiers/01_accessories.txt" near line: 359
[09:25:08][pdx_persistent_reader.cpp:268]: Error: "Unknown trigger type: generic_military_uniform_clothes_trigger, near line: 362" in file: "gfx/portraits/portrait_modifiers/01_accessories.txt" near line: 369
[09:25:08][pdx_persistent_reader.cpp:268]: Error: "Unknown trigger type: peruvian_clothes_trigger, near line: 392
Unknown trigger type: generic_military_uniform_clothes_trigger, near line: 393" in file: "gfx/portraits/portrait_modifiers/01_accessories.txt" near line: 400
[09:25:08][pdx_persistent_reader.cpp:268]: Error: "Unknown trigger type: central_american_clothes_trigger, near line: 423
Unknown trigger type: generic_military_uniform_clothes_trigger, near line: 424" in file: "gfx/portraits/portrait_modifiers/01_accessories.txt" near line: 431
[09:25:08][pdx_persistent_reader.cpp:268]: Error: "Unknown trigger type: uruguayan_clothes_trigger, near line: 454
Unknown trigger type: generic_military_uniform_clothes_trigger, near line: 455" in file: "gfx/portraits/portrait_modifiers/01_accessories.txt" near line: 462
[09:25:08][pdx_persistent_reader.cpp:268]: Error: "Unknown trigger type: spanish_clothes_trigger, near line: 485
Unknown trigger type: generic_military_uniform_clothes_trigger, near line: 486
Unknown trigger type: republic_clothes_trigger, near line: 487" in file: "gfx/portraits/portrait_modifiers/01_accessories.txt" near line: 494
[09:25:08][pdx_persistent_reader.cpp:268]: Error: "Unknown trigger type: spanish_clothes_trigger, near line: 517
Unknown trigger type: generic_military_uniform_clothes_trigger, near line: 518
Unknown trigger type: republic_clothes_trigger, near line: 519" in file: "gfx/portraits/portrait_modifiers/01_accessories.txt" near line: 526
[09:25:08][pdx_persistent_reader.cpp:268]: Error: "Unknown trigger type: portuguese_clothes_trigger, near line: 549
Unknown trigger type: generic_military_uniform_clothes_trigger, near line: 550" in file: "gfx/portraits/portrait_modifiers/01_accessories.txt" near line: 557
[09:25:08][pdx_persistent_reader.cpp:268]: Error: "Unknown trigger type: gran_colombian_clothes_trigger, near line: 580
Unknown trigger type: generic_military_uniform_clothes_trigger, near line: 581" in file: "gfx/portraits/portrait_modifiers/01_accessories.txt" near line: 588
[09:25:08][pdx_persistent_reader.cpp:268]: Error: "Unknown trigger type: bolivian_clothes_trigger, near line: 611
Unknown trigger type: generic_military_uniform_clothes_trigger, near line: 612" in file: "gfx/portraits/portrait_modifiers/01_accessories.txt" near line: 619
[09:25:08][pdx_persistent_reader.cpp:268]: Error: "Unknown trigger type: peru_bolivian_clothes_trigger, near line: 642
Unknown trigger type: generic_military_uniform_clothes_trigger, near line: 643" in file: "gfx/portraits/portrait_modifiers/01_accessories.txt" near line: 650
[09:25:08][pdx_persistent_reader.cpp:268]: Error: "Unknown trigger type: chilean_clothes_trigger, near line: 673
Unknown trigger type: generic_military_uniform_clothes_trigger, near line: 674" in file: "gfx/portraits/portrait_modifiers/01_accessories.txt" near line: 681
[09:25:08][pdx_persistent_reader.cpp:268]: Error: "Unknown trigger type: paraguayan_clothes_trigger, near line: 704
Unknown trigger type: generic_military_uniform_clothes_trigger, near line: 705" in file: "gfx/portraits/portrait_modifiers/01_accessories.txt" near line: 712
[09:25:08][pdx_persistent_reader.cpp:268]: Error: "Unknown trigger type: mexican_clothes_trigger, near line: 735
Unknown trigger type: generic_military_uniform_clothes_trigger, near line: 736" in file: "gfx/portraits/portrait_modifiers/01_accessories.txt" near line: 743
[09:25:08][pdx_persistent_reader.cpp:268]: Error: "Unknown trigger type: riograndese_clothes_trigger, near line: 766
Unknown trigger type: generic_military_uniform_clothes_trigger, near line: 767" in file: "gfx/portraits/portrait_modifiers/01_accessories.txt" near line: 774
[09:25:08][pdx_persistent_reader.cpp:268]: Error: "Unknown trigger type: federation_clothes_trigger, near line: 797
Unknown trigger type: generic_military_uniform_clothes_trigger, near line: 798" in file: "gfx/portraits/portrait_modifiers/01_accessories.txt" near line: 805
[09:25:08][pdx_persistent_reader.cpp:268]: Error: "Unknown trigger type: south_american_clothes_character_trigger, near line: 829
Unknown trigger type: spanish_clothes_trigger, near line: 830
Unknown trigger type: portuguese_clothes_trigger, near line: 831" in file: "gfx/portraits/portrait_modifiers/01_accessories.txt" near line: 832
[09:25:08][pdx_persistent_reader.cpp:268]: Error: "Unknown trigger type: communist_clothes_trigger, near line: 833
Unknown trigger type: generic_military_uniform_clothes_trigger, near line: 834" in file: "gfx/portraits/portrait_modifiers/01_accessories.txt" near line: 841
[09:25:08][pdx_persistent_reader.cpp:268]: Error: "Unknown trigger type: portuguese_clothes_trigger, near line: 865
Unknown trigger type: ruler_clothes_trigger, near line: 866
Unknown trigger type: generic_civilian_clothes_trigger, near line: 867" in file: "gfx/portraits/portrait_modifiers/01_accessories.txt" near line: 870
[09:25:08][pdx_persistent_reader.cpp:268]: Error: "Unknown trigger type: spanish_empire_clothes_trigger, near line: 892
Unknown trigger type: ruler_clothes_trigger, near line: 894
Unknown trigger type: agitator_character_trigger, near line: 895" in file: "gfx/portraits/portrait_modifiers/01_accessories.txt" near line: 896
[09:25:08][pdx_persistent_reader.cpp:268]: Error: "Unknown trigger type: generic_civilian_clothes_trigger, near line: 897" in file: "gfx/portraits/portrait_modifiers/01_accessories.txt" near line: 900
[09:25:08][pdx_persistent_reader.cpp:268]: Error: "Unknown trigger type: spanish_empire_clothes_trigger, near line: 922" in file: "gfx/portraits/portrait_modifiers/01_accessories.txt" near line: 929
[09:25:08][pdx_persistent_reader.cpp:268]: Error: "Unknown trigger type: ruler_clothes_trigger, near line: 932
Unknown trigger type: agitator_character_trigger, near line: 933" in file: "gfx/portraits/portrait_modifiers/01_accessories.txt" near line: 934
[09:25:08][pdx_persistent_reader.cpp:268]: Error: "Unknown trigger type: republic_clothes_trigger, near line: 935
Unknown trigger type: generic_civilian_clothes_trigger, near line: 936" in file: "gfx/portraits/portrait_modifiers/01_accessories.txt" near line: 939
[09:25:08][pdx_persistent_reader.cpp:268]: Error: "Unknown trigger type: spanish_empire_clothes_trigger, near line: 961" in file: "gfx/portraits/portrait_modifiers/01_accessories.txt" near line: 968
[09:25:08][pdx_persistent_reader.cpp:268]: Error: "Unknown trigger type: ruler_clothes_trigger, near line: 971
Unknown trigger type: agitator_character_trigger, near line: 972" in file: "gfx/portraits/portrait_modifiers/01_accessories.txt" near line: 973
[09:25:08][pdx_persistent_reader.cpp:268]: Error: "Unknown trigger type: republic_clothes_trigger, near line: 974
Unknown trigger type: generic_civilian_clothes_trigger, near line: 975" in file: "gfx/portraits/portrait_modifiers/01_accessories.txt" near line: 978
[09:25:08][pdx_persistent_reader.cpp:268]: Error: "Unknown trigger type: brazilian_clothes_trigger, near line: 1000
Unknown trigger type: ruler_clothes_trigger, near line: 1002
Unknown trigger type: agitator_character_trigger, near line: 1003" in file: "gfx/portraits/portrait_modifiers/01_accessories.txt" near line: 1004
[09:25:08][pdx_persistent_reader.cpp:268]: Error: "Unknown trigger type: republic_clothes_trigger, near line: 1005
Unknown trigger type: generic_civilian_clothes_trigger, near line: 1006" in file: "gfx/portraits/portrait_modifiers/01_accessories.txt" near line: 1009
[09:25:08][pdx_persistent_reader.cpp:268]: Error: "Unknown trigger type: argentine_clothes_trigger, near line: 1031
Unknown trigger type: ruler_clothes_trigger, near line: 1033
Unknown trigger type: agitator_character_trigger, near line: 1034" in file: "gfx/portraits/portrait_modifiers/01_accessories.txt" near line: 1035
[09:25:08][pdx_persistent_reader.cpp:268]: Error: "Unknown trigger type: republic_clothes_trigger, near line: 1036
Unknown trigger type: generic_civilian_clothes_trigger, near line: 1037" in file: "gfx/portraits/portrait_modifiers/01_accessories.txt" near line: 1040
[09:25:08][pdx_persistent_reader.cpp:268]: Error: "Unknown trigger type: peruvian_clothes_trigger, near line: 1063" in file: "gfx/portraits/portrait_modifiers/01_accessories.txt" near line: 1068
[09:25:08][pdx_persistent_reader.cpp:268]: Error: "Unknown trigger type: ruler_clothes_trigger, near line: 1072
Unknown trigger type: agitator_character_trigger, near line: 1073" in file: "gfx/portraits/portrait_modifiers/01_accessories.txt" near line: 1074
[09:25:08][pdx_persistent_reader.cpp:268]: Error: "Unknown trigger type: republic_clothes_trigger, near line: 1075
Unknown trigger type: generic_civilian_clothes_trigger, near line: 1076" in file: "gfx/portraits/portrait_modifiers/01_accessories.txt" near line: 1079
[09:25:08][pdx_persistent_reader.cpp:268]: Error: "Unknown trigger type: central_american_clothes_trigger, near line: 1101
Unknown trigger type: ruler_clothes_trigger, near line: 1103
Unknown trigger type: agitator_character_trigger, near line: 1104" in file: "gfx/portraits/portrait_modifiers/01_accessories.txt" near line: 1105
[09:25:08][pdx_persistent_reader.cpp:268]: Error: "Unknown trigger type: republic_clothes_trigger, near line: 1106
Unknown trigger type: generic_civilian_clothes_trigger, near line: 1107" in file: "gfx/portraits/portrait_modifiers/01_accessories.txt" near line: 1110
[09:25:08][pdx_persistent_reader.cpp:268]: Error: "Unknown trigger type: uruguayan_clothes_trigger, near line: 1132
Unknown trigger type: ruler_clothes_trigger, near line: 1134
Unknown trigger type: agitator_character_trigger, near line: 1135" in file: "gfx/portraits/portrait_modifiers/01_accessories.txt" near line: 1136
[09:25:08][pdx_persistent_reader.cpp:268]: Error: "Unknown trigger type: republic_clothes_trigger, near line: 1137
Unknown trigger type: generic_civilian_clothes_trigger, near line: 1138" in file: "gfx/portraits/portrait_modifiers/01_accessories.txt" near line: 1141
[09:25:08][pdx_persistent_reader.cpp:268]: Error: "Unknown trigger type: gran_colombian_clothes_trigger, near line: 1163
Unknown trigger type: ruler_clothes_trigger, near line: 1165
Unknown trigger type: agitator_character_trigger, near line: 1166" in file: "gfx/portraits/portrait_modifiers/01_accessories.txt" near line: 1167
[09:25:08][pdx_persistent_reader.cpp:268]: Error: "Unknown trigger type: republic_clothes_trigger, near line: 1168
Unknown trigger type: generic_civilian_clothes_trigger, near line: 1169" in file: "gfx/portraits/portrait_modifiers/01_accessories.txt" near line: 1172
[09:25:08][pdx_persistent_reader.cpp:268]: Error: "Unknown trigger type: bolivian_clothes_trigger, near line: 1194
Unknown trigger type: ruler_clothes_trigger, near line: 1196
Unknown trigger type: agitator_character_trigger, near line: 1197" in file: "gfx/portraits/portrait_modifiers/01_accessories.txt" near line: 1198
[09:25:08][pdx_persistent_reader.cpp:268]: Error: "Unknown trigger type: republic_clothes_trigger, near line: 1199
Unknown trigger type: generic_civilian_clothes_trigger, near line: 1200" in file: "gfx/portraits/portrait_modifiers/01_accessories.txt" near line: 1203
[09:25:08][pdx_persistent_reader.cpp:268]: Error: "Unknown trigger type: peru_bolivian_clothes_trigger, near line: 1225
Unknown trigger type: ruler_clothes_trigger, near line: 1227
Unknown trigger type: agitator_character_trigger, near line: 1228" in file: "gfx/portraits/portrait_modifiers/01_accessories.txt" near line: 1229
[09:25:08][pdx_persistent_reader.cpp:268]: Error: "Unknown trigger type: republic_clothes_trigger, near line: 1230
Unknown trigger type: generic_civilian_clothes_trigger, near line: 1231" in file: "gfx/portraits/portrait_modifiers/01_accessories.txt" near line: 1234
[09:25:08][pdx_persistent_reader.cpp:268]: Error: "Unknown trigger type: chilean_clothes_trigger, near line: 1256
Unknown trigger type: ruler_clothes_trigger, near line: 1258
Unknown trigger type: agitator_character_trigger, near line: 1259" in file: "gfx/portraits/portrait_modifiers/01_accessories.txt" near line: 1260
[09:25:08][pdx_persistent_reader.cpp:268]: Error: "Unknown trigger type: republic_clothes_trigger, near line: 1261
Unknown trigger type: generic_civilian_clothes_trigger, near line: 1262" in file: "gfx/portraits/portrait_modifiers/01_accessories.txt" near line: 1265
[09:25:08][pdx_persistent_reader.cpp:268]: Error: "Unknown trigger type: paraguayan_clothes_trigger, near line: 1287
Unknown trigger type: ruler_clothes_trigger, near line: 1289
Unknown trigger type: agitator_character_trigger, near line: 1290" in file: "gfx/portraits/portrait_modifiers/01_accessories.txt" near line: 1291
[09:25:08][pdx_persistent_reader.cpp:268]: Error: "Unknown trigger type: republic_clothes_trigger, near line: 1292
Unknown trigger type: generic_civilian_clothes_trigger, near line: 1293" in file: "gfx/portraits/portrait_modifiers/01_accessories.txt" near line: 1296
[09:25:08][pdx_persistent_reader.cpp:268]: Error: "Unknown trigger type: mexican_clothes_trigger, near line: 1318
Unknown trigger type: ruler_clothes_trigger, near line: 1320
Unknown trigger type: agitator_character_trigger, near line: 1321" in file: "gfx/portraits/portrait_modifiers/01_accessories.txt" near line: 1322
[09:25:08][pdx_persistent_reader.cpp:268]: Error: "Unknown trigger type: republic_clothes_trigger, near line: 1323
Unknown trigger type: generic_civilian_clothes_trigger, near line: 1324" in file: "gfx/portraits/portrait_modifiers/01_accessories.txt" near line: 1327
[09:25:08][pdx_persistent_reader.cpp:268]: Error: "Unknown trigger type: riograndese_clothes_trigger, near line: 1349
Unknown trigger type: ruler_clothes_trigger, near line: 1351
Unknown trigger type: agitator_character_trigger, near line: 1352" in file: "gfx/portraits/portrait_modifiers/01_accessories.txt" near line: 1353
[09:25:08][pdx_persistent_reader.cpp:268]: Error: "Unknown trigger type: republic_clothes_trigger, near line: 1354
Unknown trigger type: generic_civilian_clothes_trigger, near line: 1355" in file: "gfx/portraits/portrait_modifiers/01_accessories.txt" near line: 1358
[09:25:08][pdx_persistent_reader.cpp:268]: Error: "Unknown trigger type: federation_clothes_trigger, near line: 1380
Unknown trigger type: ruler_clothes_trigger, near line: 1382
Unknown trigger type: agitator_character_trigger, near line: 1383" in file: "gfx/portraits/portrait_modifiers/01_accessories.txt" near line: 1384
[09:25:08][pdx_persistent_reader.cpp:268]: Error: "Unknown trigger type: republic_clothes_trigger, near line: 1385
Unknown trigger type: generic_civilian_clothes_trigger, near line: 1386" in file: "gfx/portraits/portrait_modifiers/01_accessories.txt" near line: 1389
[09:25:08][pdx_persistent_reader.cpp:268]: Error: "Unknown trigger type: south_american_clothes_character_trigger, near line: 1412
Unknown trigger type: spanish_clothes_trigger, near line: 1413
Unknown trigger type: portuguese_clothes_trigger, near line: 1414" in file: "gfx/portraits/portrait_modifiers/01_accessories.txt" near line: 1415
[09:25:08][pdx_persistent_reader.cpp:268]: Error: "Unknown trigger type: communist_clothes_trigger, near line: 1416
Unknown trigger type: ruler_clothes_trigger, near line: 1418
Unknown trigger type: agitator_character_trigger, near line: 1419" in file: "gfx/portraits/portrait_modifiers/01_accessories.txt" near line: 1420
[09:25:08][pdx_persistent_reader.cpp:268]: Error: "Unknown trigger type: generic_civilian_clothes_trigger, near line: 1421" in file: "gfx/portraits/portrait_modifiers/01_accessories.txt" near line: 1424
[09:25:08][pdx_persistent_reader.cpp:268]: Error: "Unknown trigger type: portuguese_clothes_trigger, near line: 1447
Unknown trigger type: monarchy_clothes_trigger, near line: 1449" in file: "gfx/portraits/portrait_modifiers/01_accessories.txt" near line: 1454
[09:25:08][pdx_persistent_reader.cpp:268]: Error: "Unknown trigger type: portuguese_clothes_trigger, near line: 1485
Unknown trigger type: monarchy_clothes_trigger, near line: 1487" in file: "gfx/portraits/portrait_modifiers/01_accessories.txt" near line: 1491
[09:25:08][pdx_persistent_reader.cpp:268]: Error: "Unknown trigger type: monarchy_clothes_trigger, near line: 1501" in file: "gfx/portraits/portrait_modifiers/01_accessories.txt" near line: 1502
[09:25:08][pdx_persistent_reader.cpp:268]: Error: "Unknown trigger type: agitator_character_trigger, near line: 1542" in file: "gfx/portraits/portrait_modifiers/01_accessories.txt" near line: 1549
[09:25:08][pdx_persistent_reader.cpp:268]: Error: "Unknown trigger type: military_clothes_trigger, near line: 1565
Unknown trigger type: monarchy_clothes_trigger, near line: 1566" in file: "gfx/portraits/portrait_modifiers/01_accessories.txt" near line: 1567
[09:25:08][pdx_persistent_reader.cpp:268]: Error: "Unknown trigger type: agitator_character_trigger, near line: 1603
Unknown trigger type: american_clothes_trigger, near line: 1605" in file: "gfx/portraits/portrait_modifiers/01_accessories.txt" near line: 1614
[09:25:08][pdx_persistent_reader.cpp:268]: Error: "Unknown trigger type: military_clothes_trigger, near line: 1619
Unknown trigger type: monarchy_clothes_trigger, near line: 1620" in file: "gfx/portraits/portrait_modifiers/01_accessories.txt" near line: 1621
[09:25:08][pdx_persistent_reader.cpp:268]: Error: "Unknown trigger type: monarchy_clothes_trigger, near line: 1679" in file: "gfx/portraits/portrait_modifiers/01_accessories.txt" near line: 1680
[09:25:08][pdx_persistent_reader.cpp:268]: Error: "Unknown trigger type: monarchy_clothes_trigger, near line: 1715" in file: "gfx/portraits/portrait_modifiers/01_accessories.txt" near line: 1717
[09:25:08][pdx_persistent_reader.cpp:268]: Error: "Unknown trigger type: agitator_character_trigger, near line: 1769
Unknown trigger type: european_clothes_trigger, near line: 1770
Unknown trigger type: republic_clothes_trigger, near line: 1771
Unknown trigger type: regency_clothes_trigger, near line: 1773
Unknown trigger type: military_clothes_trigger, near line: 1774" in file: "gfx/portraits/portrait_modifiers/01_accessories.txt" near line: 1775
[09:25:08][pdx_persistent_reader.cpp:268]: Error: "Unknown trigger type: military_clothes_trigger, near line: 1791
Unknown trigger type: ruler_clothes_trigger, near line: 1793" in file: "gfx/portraits/portrait_modifiers/01_accessories.txt" near line: 1799
[09:25:08][pdx_persistent_reader.cpp:268]: Error: "Unknown trigger type: armed_forces_clothes_trigger, near line: 1803
Unknown trigger type: politician_clothes_trigger, near line: 1804" in file: "gfx/portraits/portrait_modifiers/01_accessories.txt" near line: 1805
[09:25:08][pdx_persistent_reader.cpp:268]: Error: "Unknown trigger type: ruler_clothes_trigger, near line: 1808
Unknown trigger type: republic_clothes_trigger, near line: 1809" in file: "gfx/portraits/portrait_modifiers/01_accessories.txt" near line: 1810
[09:25:08][pdx_persistent_reader.cpp:268]: Error: "Unknown trigger type: armed_forces_clothes_trigger, near line: 1890
Unknown trigger type: politician_clothes_trigger, near line: 1891" in file: "gfx/portraits/portrait_modifiers/01_accessories.txt" near line: 1892
[09:25:08][pdx_persistent_reader.cpp:268]: Error: "Unknown trigger type: french_empire_clothes_trigger, near line: 1920
Unknown trigger type: monarchy_clothes_trigger, near line: 1922" in file: "gfx/portraits/portrait_modifiers/01_accessories.txt" near line: 1925
[09:25:08][pdx_persistent_reader.cpp:268]: Error: "Unknown trigger type: armed_forces_clothes_trigger, near line: 1927
Unknown trigger type: politician_clothes_trigger, near line: 1928" in file: "gfx/portraits/portrait_modifiers/01_accessories.txt" near line: 1929
[09:25:08][pdx_persistent_reader.cpp:268]: Error: "Unknown trigger type: greek_clothes_trigger, near line: 1958
Unknown trigger type: monarchy_clothes_trigger, near line: 1961" in file: "gfx/portraits/portrait_modifiers/01_accessories.txt" near line: 1966
[09:25:08][pdx_persistent_reader.cpp:268]: Error: "Unknown trigger type: austrian_empire_clothes_trigger, near line: 2000
Unknown trigger type: military_clothes_trigger, near line: 2002
Unknown trigger type: armed_forces_clothes_trigger, near line: 2004
Unknown trigger type: politician_clothes_trigger, near line: 2006
Unknown trigger type: ruler_clothes_trigger, near line: 2007" in file: "gfx/portraits/portrait_modifiers/01_accessories.txt" near line: 2008
[09:25:08][pdx_persistent_reader.cpp:268]: Error: "Unknown trigger type: austrian_empire_clothes_trigger, near line: 2031
Unknown trigger type: monarchy_clothes_trigger, near line: 2033" in file: "gfx/portraits/portrait_modifiers/01_accessories.txt" near line: 2034
[09:25:08][pdx_persistent_reader.cpp:268]: Error: "Unknown trigger type: american_clothes_trigger, near line: 2117
Unknown trigger type: british_empire_clothes_trigger, near line: 2118
Unknown trigger type: french_empire_clothes_trigger, near line: 2119
Unknown trigger type: russian_empire_clothes_trigger, near line: 2120
Unknown trigger type: austrian_empire_clothes_trigger, near line: 2121
Unknown trigger type: monarchy_clothes_trigger, near line: 2122
Unknown trigger type: european_clothes_trigger, near line: 2124" in file: "gfx/portraits/portrait_modifiers/01_accessories.txt" near line: 2130
[09:25:08][pdx_persistent_reader.cpp:268]: Error: "Unknown trigger type: african_diaspora_clothes_trigger, near line: 2132" in file: "gfx/portraits/portrait_modifiers/01_accessories.txt" near line: 2133
[09:25:08][pdx_persistent_reader.cpp:268]: Error: "Unknown trigger type: european_clothes_trigger, near line: 2190
Unknown trigger type: african_diaspora_clothes_trigger, near line: 2191" in file: "gfx/portraits/portrait_modifiers/01_accessories.txt" near line: 2192
[09:25:08][pdx_persistent_reader.cpp:268]: Error: "Unknown trigger type: ruler_clothes_trigger, near line: 2193
Unknown trigger type: republic_clothes_trigger, near line: 2194" in file: "gfx/portraits/portrait_modifiers/01_accessories.txt" near line: 2195
[09:25:08][pdx_persistent_reader.cpp:268]: Error: "Unknown trigger type: european_clothes_trigger, near line: 2234
Unknown trigger type: african_diaspora_clothes_trigger, near line: 2235" in file: "gfx/portraits/portrait_modifiers/01_accessories.txt" near line: 2236
[09:25:08][pdx_persistent_reader.cpp:268]: Error: "Unknown trigger type: ruler_clothes_trigger, near line: 2237
Unknown trigger type: republic_clothes_trigger, near line: 2238" in file: "gfx/portraits/portrait_modifiers/01_accessories.txt" near line: 2239
[09:25:08][pdx_persistent_reader.cpp:268]: Error: "Unknown trigger type: european_clothes_trigger, near line: 2278
Unknown trigger type: african_diaspora_clothes_trigger, near line: 2279" in file: "gfx/portraits/portrait_modifiers/01_accessories.txt" near line: 2280
[09:25:08][pdx_persistent_reader.cpp:268]: Error: "Unknown trigger type: ruler_clothes_trigger, near line: 2281
Unknown trigger type: republic_clothes_trigger, near line: 2282" in file: "gfx/portraits/portrait_modifiers/01_accessories.txt" near line: 2283
[09:25:08][pdx_persistent_reader.cpp:268]: Error: "Unknown trigger type: european_clothes_trigger, near line: 2321
Unknown trigger type: african_diaspora_clothes_trigger, near line: 2322" in file: "gfx/portraits/portrait_modifiers/01_accessories.txt" near line: 2323
[09:25:08][pdx_persistent_reader.cpp:268]: Error: "Unknown trigger type: ruler_clothes_trigger, near line: 2324
Unknown trigger type: republic_clothes_trigger, near line: 2325" in file: "gfx/portraits/portrait_modifiers/01_accessories.txt" near line: 2326
[09:25:08][pdx_persistent_reader.cpp:268]: Error: "Unknown trigger type: european_clothes_trigger, near line: 2361" in file: "gfx/portraits/portrait_modifiers/01_accessories.txt" near line: 2368
[09:25:08][pdx_persistent_reader.cpp:268]: Error: "Unknown trigger type: african_diaspora_clothes_trigger, near line: 2371" in file: "gfx/portraits/portrait_modifiers/01_accessories.txt" near line: 2372
[09:25:08][pdx_persistent_reader.cpp:268]: Error: "Unknown trigger type: monarchy_clothes_trigger, near line: 2389
Unknown trigger type: european_clothes_trigger, near line: 2391" in file: "gfx/portraits/portrait_modifiers/01_accessories.txt" near line: 2397
[09:25:08][pdx_persistent_reader.cpp:268]: Error: "Unknown trigger type: african_diaspora_clothes_trigger, near line: 2399" in file: "gfx/portraits/portrait_modifiers/01_accessories.txt" near line: 2400
[09:25:08][pdx_persistent_reader.cpp:268]: Error: "Unknown trigger type: european_clothes_trigger, near line: 2408" in file: "gfx/portraits/portrait_modifiers/01_accessories.txt" near line: 2415
[09:25:08][pdx_persistent_reader.cpp:268]: Error: "Unknown trigger type: african_diaspora_clothes_trigger, near line: 2418" in file: "gfx/portraits/portrait_modifiers/01_accessories.txt" near line: 2419
[09:25:08][pdx_persistent_reader.cpp:268]: Error: "Unknown trigger type: european_clothes_trigger, near line: 2439
Unknown trigger type: african_diaspora_clothes_trigger, near line: 2440" in file: "gfx/portraits/portrait_modifiers/01_accessories.txt" near line: 2441
[09:25:08][pdx_persistent_reader.cpp:268]: Error: "Unknown trigger type: ruler_clothes_trigger, near line: 2442
Unknown trigger type: republic_clothes_trigger, near line: 2443" in file: "gfx/portraits/portrait_modifiers/01_accessories.txt" near line: 2444
[09:25:08][pdx_persistent_reader.cpp:268]: Error: "Unknown trigger type: monarchy_clothes_trigger, near line: 2497
Unknown trigger type: european_clothes_trigger, near line: 2499" in file: "gfx/portraits/portrait_modifiers/01_accessories.txt" near line: 2505
[09:25:08][pdx_persistent_reader.cpp:268]: Error: "Unknown trigger type: african_diaspora_clothes_trigger, near line: 2507" in file: "gfx/portraits/portrait_modifiers/01_accessories.txt" near line: 2508
[09:25:08][pdx_persistent_reader.cpp:268]: Error: "Unknown trigger type: monarchy_clothes_trigger, near line: 2550
Unknown trigger type: european_clothes_trigger, near line: 2552" in file: "gfx/portraits/portrait_modifiers/01_accessories.txt" near line: 2558
[09:25:08][pdx_persistent_reader.cpp:268]: Error: "Unknown trigger type: african_diaspora_clothes_trigger, near line: 2560" in file: "gfx/portraits/portrait_modifiers/01_accessories.txt" near line: 2561
[09:25:08][pdx_persistent_reader.cpp:268]: Error: "Unknown trigger type: monarchy_clothes_trigger, near line: 2612
Unknown trigger type: european_clothes_trigger, near line: 2614" in file: "gfx/portraits/portrait_modifiers/01_accessories.txt" near line: 2620
[09:25:08][pdx_persistent_reader.cpp:268]: Error: "Unknown trigger type: african_diaspora_clothes_trigger, near line: 2622" in file: "gfx/portraits/portrait_modifiers/01_accessories.txt" near line: 2623
[09:25:08][pdx_persistent_reader.cpp:268]: Error: "Unknown trigger type: monarchy_clothes_trigger, near line: 2665
Unknown trigger type: european_clothes_trigger, near line: 2667" in file: "gfx/portraits/portrait_modifiers/01_accessories.txt" near line: 2673
[09:25:08][pdx_persistent_reader.cpp:268]: Error: "Unknown trigger type: african_diaspora_clothes_trigger, near line: 2675" in file: "gfx/portraits/portrait_modifiers/01_accessories.txt" near line: 2676
[09:25:08][pdx_persistent_reader.cpp:268]: Error: "Unknown trigger type: monarchy_clothes_trigger, near line: 2727
Unknown trigger type: european_clothes_trigger, near line: 2729" in file: "gfx/portraits/portrait_modifiers/01_accessories.txt" near line: 2735
[09:25:08][pdx_persistent_reader.cpp:268]: Error: "Unknown trigger type: african_diaspora_clothes_trigger, near line: 2737" in file: "gfx/portraits/portrait_modifiers/01_accessories.txt" near line: 2738
[09:25:08][pdx_persistent_reader.cpp:268]: Error: "Unknown trigger type: monarchy_clothes_trigger, near line: 2780
Unknown trigger type: european_clothes_trigger, near line: 2782" in file: "gfx/portraits/portrait_modifiers/01_accessories.txt" near line: 2788
[09:25:08][pdx_persistent_reader.cpp:268]: Error: "Unknown trigger type: african_diaspora_clothes_trigger, near line: 2790" in file: "gfx/portraits/portrait_modifiers/01_accessories.txt" near line: 2791
[09:25:08][pdx_persistent_reader.cpp:268]: Error: "Unknown trigger type: monarchy_clothes_trigger, near line: 2841
Unknown trigger type: european_clothes_trigger, near line: 2843" in file: "gfx/portraits/portrait_modifiers/01_accessories.txt" near line: 2849
[09:25:08][pdx_persistent_reader.cpp:268]: Error: "Unknown trigger type: african_diaspora_clothes_trigger, near line: 2851" in file: "gfx/portraits/portrait_modifiers/01_accessories.txt" near line: 2852
[09:25:08][pdx_persistent_reader.cpp:268]: Error: "Unknown trigger type: monarchy_clothes_trigger, near line: 2893
Unknown trigger type: european_clothes_trigger, near line: 2895" in file: "gfx/portraits/portrait_modifiers/01_accessories.txt" near line: 2901
[09:25:08][pdx_persistent_reader.cpp:268]: Error: "Unknown trigger type: african_diaspora_clothes_trigger, near line: 2903" in file: "gfx/portraits/portrait_modifiers/01_accessories.txt" near line: 2904
[09:25:08][pdx_persistent_reader.cpp:268]: Error: "Unknown trigger type: monarchy_clothes_trigger, near line: 2954
Unknown trigger type: european_clothes_trigger, near line: 2956" in file: "gfx/portraits/portrait_modifiers/01_accessories.txt" near line: 2962
[09:25:08][pdx_persistent_reader.cpp:268]: Error: "Unknown trigger type: african_diaspora_clothes_trigger, near line: 2964" in file: "gfx/portraits/portrait_modifiers/01_accessories.txt" near line: 2965
[09:25:08][pdx_persistent_reader.cpp:268]: Error: "Unknown trigger type: arabic_clothes_trigger, near line: 3002" in file: "gfx/portraits/portrait_modifiers/01_accessories.txt" near line: 3008
[09:25:08][pdx_persistent_reader.cpp:268]: Error: "Unknown trigger type: chinese_imperial_clothes_trigger, near line: 3018
Unknown trigger type: indian_clothes_trigger, near line: 3019
Unknown trigger type: japanese_clothes_trigger, near line: 3020
Unknown trigger type: native_american_clothes_trigger, near line: 3021
Unknown trigger type: siamese_clothes_trigger, near line: 3022
Unknown trigger type: african_clothes_trigger, near line: 3024" in file: "gfx/portraits/portrait_modifiers/01_accessories.txt" near line: 3026
[09:25:08][pdx_persistent_reader.cpp:268]: Error: "Unknown trigger type: arabic_clothes_trigger, near line: 3101" in file: "gfx/portraits/portrait_modifiers/01_accessories.txt" near line: 3107
[09:25:08][pdx_persistent_reader.cpp:268]: Error: "Unknown trigger type: chinese_imperial_clothes_trigger, near line: 3117
Unknown trigger type: indian_clothes_trigger, near line: 3118
Unknown trigger type: japanese_clothes_trigger, near line: 3119
Unknown trigger type: native_american_clothes_trigger, near line: 3120
Unknown trigger type: siamese_clothes_trigger, near line: 3121
Unknown trigger type: african_clothes_trigger, near line: 3123" in file: "gfx/portraits/portrait_modifiers/01_accessories.txt" near line: 3125
[09:25:08][pdx_persistent_reader.cpp:268]: Error: "Unknown trigger type: arabic_clothes_trigger, near line: 3200" in file: "gfx/portraits/portrait_modifiers/01_accessories.txt" near line: 3206
[09:25:08][pdx_persistent_reader.cpp:268]: Error: "Unknown trigger type: chinese_imperial_clothes_trigger, near line: 3216
Unknown trigger type: indian_clothes_trigger, near line: 3217
Unknown trigger type: japanese_clothes_trigger, near line: 3218
Unknown trigger type: native_american_clothes_trigger, near line: 3219
Unknown trigger type: siamese_clothes_trigger, near line: 3220
Unknown trigger type: african_clothes_trigger, near line: 3222" in file: "gfx/portraits/portrait_modifiers/01_accessories.txt" near line: 3224
[09:25:08][pdx_persistent_reader.cpp:268]: Error: "Unknown trigger type: arabic_clothes_trigger, near line: 3299" in file: "gfx/portraits/portrait_modifiers/01_accessories.txt" near line: 3305
[09:25:08][pdx_persistent_reader.cpp:268]: Error: "Unknown trigger type: chinese_imperial_clothes_trigger, near line: 3315
Unknown trigger type: indian_clothes_trigger, near line: 3316
Unknown trigger type: japanese_clothes_trigger, near line: 3317
Unknown trigger type: native_american_clothes_trigger, near line: 3318
Unknown trigger type: siamese_clothes_trigger, near line: 3319
Unknown trigger type: african_clothes_trigger, near line: 3321" in file: "gfx/portraits/portrait_modifiers/01_accessories.txt" near line: 3323
[09:25:08][pdx_persistent_reader.cpp:268]: Error: "Unknown trigger type: arabic_clothes_trigger, near line: 3398" in file: "gfx/portraits/portrait_modifiers/01_accessories.txt" near line: 3404
[09:25:08][pdx_persistent_reader.cpp:268]: Error: "Unknown trigger type: chinese_imperial_clothes_trigger, near line: 3414
Unknown trigger type: indian_clothes_trigger, near line: 3415
Unknown trigger type: japanese_clothes_trigger, near line: 3416
Unknown trigger type: native_american_clothes_trigger, near line: 3417
Unknown trigger type: siamese_clothes_trigger, near line: 3418
Unknown trigger type: african_clothes_trigger, near line: 3420" in file: "gfx/portraits/portrait_modifiers/01_accessories.txt" near line: 3422
[09:25:08][pdx_persistent_reader.cpp:268]: Error: "Unknown trigger type: european_clothes_trigger, near line: 3564" in file: "gfx/portraits/portrait_modifiers/01_accessories.txt" near line: 3571
[09:25:08][pdx_persistent_reader.cpp:268]: Error: "Unknown trigger type: african_diaspora_clothes_trigger, near line: 3574" in file: "gfx/portraits/portrait_modifiers/01_accessories.txt" near line: 3575
[09:25:08][pdx_persistent_reader.cpp:268]: Error: "Unknown trigger type: armed_forces_clothes_trigger, near line: 3577
Unknown trigger type: military_clothes_trigger, near line: 3578
Unknown trigger type: monarchy_clothes_trigger, near line: 3579
Unknown trigger type: army_traits_trigger, near line: 3580" in file: "gfx/portraits/portrait_modifiers/01_accessories.txt" near line: 3581
[09:25:08][pdx_persistent_reader.cpp:268]: Error: "Unknown trigger type: monarchy_clothes_trigger, near line: 3603" in file: "gfx/portraits/portrait_modifiers/01_accessories.txt" near line: 3604
[09:25:08][pdx_persistent_reader.cpp:268]: Error: "Unknown trigger type: republic_clothes_trigger, near line: 3645
Unknown trigger type: monarchy_clothes_trigger, near line: 3646" in file: "gfx/portraits/portrait_modifiers/01_accessories.txt" near line: 3658
[09:25:08][pdx_persistent_reader.cpp:268]: Error: "Unknown trigger type: republic_clothes_trigger, near line: 3682
Unknown trigger type: european_clothes_trigger, near line: 3684" in file: "gfx/portraits/portrait_modifiers/01_accessories.txt" near line: 3690
[09:25:08][pdx_persistent_reader.cpp:268]: Error: "Unknown trigger type: african_diaspora_clothes_trigger, near line: 3692" in file: "gfx/portraits/portrait_modifiers/01_accessories.txt" near line: 3693
[09:25:08][pdx_persistent_reader.cpp:268]: Error: "Unknown trigger type: monarchy_clothes_trigger, near line: 3694" in file: "gfx/portraits/portrait_modifiers/01_accessories.txt" near line: 3706
[09:25:08][pdx_persistent_reader.cpp:268]: Error: "Unknown trigger type: republic_clothes_trigger, near line: 3730
Unknown trigger type: european_clothes_trigger, near line: 3732" in file: "gfx/portraits/portrait_modifiers/01_accessories.txt" near line: 3738
[09:25:08][pdx_persistent_reader.cpp:268]: Error: "Unknown trigger type: african_diaspora_clothes_trigger, near line: 3740" in file: "gfx/portraits/portrait_modifiers/01_accessories.txt" near line: 3741
[09:25:08][pdx_persistent_reader.cpp:268]: Error: "Unknown trigger type: monarchy_clothes_trigger, near line: 3742" in file: "gfx/portraits/portrait_modifiers/01_accessories.txt" near line: 3754
[09:25:08][pdx_persistent_reader.cpp:268]: Error: "Unknown trigger type: republic_clothes_trigger, near line: 3778
Unknown trigger type: european_clothes_trigger, near line: 3780" in file: "gfx/portraits/portrait_modifiers/01_accessories.txt" near line: 3786
[09:25:08][pdx_persistent_reader.cpp:268]: Error: "Unknown trigger type: african_diaspora_clothes_trigger, near line: 3788" in file: "gfx/portraits/portrait_modifiers/01_accessories.txt" near line: 3789
[09:25:08][pdx_persistent_reader.cpp:268]: Error: "Unknown trigger type: monarchy_clothes_trigger, near line: 3790" in file: "gfx/portraits/portrait_modifiers/01_accessories.txt" near line: 3802
[09:25:08][pdx_persistent_reader.cpp:268]: Error: "Unknown trigger type: republic_clothes_trigger, near line: 3826
Unknown trigger type: european_clothes_trigger, near line: 3828" in file: "gfx/portraits/portrait_modifiers/01_accessories.txt" near line: 3834
[09:25:08][pdx_persistent_reader.cpp:268]: Error: "Unknown trigger type: african_diaspora_clothes_trigger, near line: 3836" in file: "gfx/portraits/portrait_modifiers/01_accessories.txt" near line: 3837
[09:25:08][pdx_persistent_reader.cpp:268]: Error: "Unknown trigger type: monarchy_clothes_trigger, near line: 3838" in file: "gfx/portraits/portrait_modifiers/01_accessories.txt" near line: 3850
[09:25:08][pdx_persistent_reader.cpp:268]: Error: "Unknown trigger type: republic_clothes_trigger, near line: 3874
Unknown trigger type: european_clothes_trigger, near line: 3876" in file: "gfx/portraits/portrait_modifiers/01_accessories.txt" near line: 3882
[09:25:08][pdx_persistent_reader.cpp:268]: Error: "Unknown trigger type: african_diaspora_clothes_trigger, near line: 3884" in file: "gfx/portraits/portrait_modifiers/01_accessories.txt" near line: 3885
[09:25:08][pdx_persistent_reader.cpp:268]: Error: "Unknown trigger type: monarchy_clothes_trigger, near line: 3886" in file: "gfx/portraits/portrait_modifiers/01_accessories.txt" near line: 3898
[09:25:08][pdx_persistent_reader.cpp:268]: Error: "Unknown trigger type: chinese_court_clothes_trigger, near line: 40
Unknown trigger type: chinese_imperial_clothes_trigger, near line: 41
Unknown trigger type: east_asian_clothes_pop_trigger, near line: 42" in file: "gfx/portraits/portrait_modifiers/01_beards.txt" near line: 43
[09:25:08][pdx_persistent_reader.cpp:268]: Error: "Unknown trigger type: african_clothes_trigger, near line: 67
Unknown trigger type: african_diaspora_pop_clothes_trigger, near line: 68" in file: "gfx/portraits/portrait_modifiers/01_beards.txt" near line: 69
[09:25:08][pdx_persistent_reader.cpp:268]: Error: "Unknown trigger type: arabic_clothes_trigger, near line: 88
Unknown trigger type: arabic_clothes_pop_trigger, near line: 89" in file: "gfx/portraits/portrait_modifiers/01_beards.txt" near line: 90
[09:25:08][pdx_persistent_reader.cpp:268]: Error: "Unknown trigger type: arabic_clothes_trigger, near line: 175
Unknown trigger type: arabic_clothes_pop_trigger, near line: 176" in file: "gfx/portraits/portrait_modifiers/01_beards.txt" near line: 177
[09:25:08][pdx_persistent_reader.cpp:268]: Error: "Unknown trigger type: european_clothes_trigger, near line: 203" in file: "gfx/portraits/portrait_modifiers/01_beards.txt" near line: 209
[09:25:08][pdx_persistent_reader.cpp:268]: Error: "Unknown trigger type: european_clothes_pop_trigger, near line: 214" in file: "gfx/portraits/portrait_modifiers/01_beards.txt" near line: 220
[09:25:08][pdx_persistent_reader.cpp:268]: Error: "Unknown trigger type: should_be_fully_naked_portrait_trigger, near line: 26" in file: "gfx/portraits/portrait_modifiers/01_clothes.txt" near line: 27
[09:25:08][pdx_persistent_reader.cpp:268]: Error: "Unknown trigger type: european_clothes_trigger, near line: 91" in file: "gfx/portraits/portrait_modifiers/01_clothes.txt" near line: 94
[09:25:08][pdx_persistent_reader.cpp:268]: Error: "Unknown trigger type: european_clothes_trigger, near line: 124
Unknown trigger type: south_american_clothes_character_trigger, near line: 126" in file: "gfx/portraits/portrait_modifiers/01_clothes.txt" near line: 131
[09:25:08][pdx_persistent_reader.cpp:268]: Error: "Unknown trigger type: slavic_clothes_trigger, near line: 134
Unknown trigger type: agitator_character_trigger, near line: 135" in file: "gfx/portraits/portrait_modifiers/01_clothes.txt" near line: 136
[09:25:08][pdx_persistent_reader.cpp:268]: Error: "Unknown trigger type: ruler_clothes_trigger, near line: 145
Unknown trigger type: republic_clothes_trigger, near line: 146" in file: "gfx/portraits/portrait_modifiers/01_clothes.txt" near line: 147
[09:25:08][pdx_persistent_reader.cpp:268]: Error: "Unknown trigger type: slavic_clothes_trigger, near line: 181
Unknown trigger type: agitator_character_trigger, near line: 182" in file: "gfx/portraits/portrait_modifiers/01_clothes.txt" near line: 183
[09:25:08][pdx_persistent_reader.cpp:268]: Error: "Unknown trigger type: agitator_character_trigger, near line: 200
Unknown trigger type: arabic_clothes_trigger, near line: 202" in file: "gfx/portraits/portrait_modifiers/01_clothes.txt" near line: 206
[09:25:08][pdx_persistent_reader.cpp:268]: Error: "Unknown trigger type: african_clothes_trigger, near line: 233
Unknown trigger type: agitator_character_trigger, near line: 234" in file: "gfx/portraits/portrait_modifiers/01_clothes.txt" near line: 235
[09:25:08][pdx_persistent_reader.cpp:268]: Error: "Unknown trigger type: south_american_clothes_character_trigger, near line: 265" in file: "gfx/portraits/portrait_modifiers/01_clothes.txt" near line: 272
[09:25:08][pdx_persistent_reader.cpp:268]: Error: "Unknown trigger type: agitator_character_trigger, near line: 284" in file: "gfx/portraits/portrait_modifiers/01_clothes.txt" near line: 285
[09:25:08][pdx_persistent_reader.cpp:268]: Error: "Unknown trigger type: agitator_character_trigger, near line: 332" in file: "gfx/portraits/portrait_modifiers/01_clothes.txt" near line: 333
[09:25:08][pdx_persistent_reader.cpp:268]: Error: "Unknown trigger type: agitator_character_trigger, near line: 378" in file: "gfx/portraits/portrait_modifiers/01_clothes.txt" near line: 379
[09:25:08][pdx_persistent_reader.cpp:268]: Error: "Unknown trigger type: agitator_character_trigger, near line: 420" in file: "gfx/portraits/portrait_modifiers/01_clothes.txt" near line: 421
[09:25:08][pdx_persistent_reader.cpp:268]: Error: "Unknown trigger type: korean_clothes_trigger, near line: 438
Unknown trigger type: agitator_character_trigger, near line: 439" in file: "gfx/portraits/portrait_modifiers/01_clothes.txt" near line: 440
[09:25:08][pdx_persistent_reader.cpp:268]: Error: "Unknown trigger type: indian_clothes_trigger, near line: 463
Unknown trigger type: agitator_character_trigger, near line: 464" in file: "gfx/portraits/portrait_modifiers/01_clothes.txt" near line: 465
[09:25:08][pdx_persistent_reader.cpp:268]: Error: "Unknown trigger type: monarchy_clothes_trigger, near line: 579" in file: "gfx/portraits/portrait_modifiers/01_clothes.txt" near line: 580
[09:25:08][pdx_persistent_reader.cpp:268]: Error: "Unknown trigger type: monarchy_clothes_trigger, near line: 626" in file: "gfx/portraits/portrait_modifiers/01_clothes.txt" near line: 627
[09:25:08][pdx_persistent_reader.cpp:268]: Error: "Unknown trigger type: soldier_clothes_pop_trigger, near line: 1880
Unknown trigger type: officers_clothes_pop_trigger, near line: 1881" in file: "gfx/portraits/portrait_modifiers/01_clothes.txt" near line: 1882
[09:25:08][pdx_persistent_reader.cpp:268]: Error: "Unknown trigger type: country_has_voting_franchise, near line: 1899" in file: "gfx/portraits/portrait_modifiers/01_clothes.txt" near line: 1903
[09:25:08][pdx_persistent_reader.cpp:268]: Error: "Unknown trigger type: armed_forces_clothes_trigger, near line: 3353
Unknown trigger type: politician_clothes_trigger, near line: 3354" in file: "gfx/portraits/portrait_modifiers/01_clothes.txt" near line: 3356
[09:25:08][pdx_persistent_reader.cpp:268]: Error: "Unknown trigger type: shopkeepers_clothes_pop_trigger, near line: 4647
Unknown trigger type: european_clothes_pop_trigger, near line: 4650
Unknown trigger type: slavic_clothes_pop_trigger, near line: 4655
Unknown trigger type: nordic_clothes_pop_trigger, near line: 4656" in file: "gfx/portraits/portrait_modifiers/01_clothes.txt" near line: 4657
[09:25:08][pdx_persistent_reader.cpp:268]: Error: "Unknown trigger type: african_diaspora_pop_clothes_trigger, near line: 4664
Unknown trigger type: native_american_clothes_pop_trigger, near line: 4666" in file: "gfx/portraits/portrait_modifiers/01_clothes.txt" near line: 4670
[09:25:08][pdx_persistent_reader.cpp:268]: Error: "Unknown trigger type: chinese_imperial_clothes_trigger, near line: 4692" in file: "gfx/portraits/portrait_modifiers/01_clothes.txt" near line: 4693
[09:25:08][pdx_persistent_reader.cpp:268]: Error: "Unknown trigger type: chinese_court_clothes_trigger, near line: 4711
Unknown trigger type: chinese_court_clothes_pop_trigger, near line: 4713
Unknown trigger type: officers_clothes_pop_trigger, near line: 4714" in file: "gfx/portraits/portrait_modifiers/01_clothes.txt" near line: 4715
[09:25:08][pdx_persistent_reader.cpp:268]: Error: "Unknown trigger type: agitator_character_trigger, near line: 4717" in file: "gfx/portraits/portrait_modifiers/01_clothes.txt" near line: 4718
[09:25:08][pdx_persistent_reader.cpp:268]: Error: "Unknown trigger type: east_asian_clothes_pop_trigger, near line: 4737
Unknown trigger type: soldier_clothes_pop_trigger, near line: 4738
Unknown trigger type: korean_clothes_pop_trigger, near line: 4739" in file: "gfx/portraits/portrait_modifiers/01_clothes.txt" near line: 4740
[09:25:08][pdx_persistent_reader.cpp:268]: Error: "Unknown trigger type: african_clothes_trigger, near line: 4815" in file: "gfx/portraits/portrait_modifiers/01_clothes.txt" near line: 4823
[09:25:08][pdx_persistent_reader.cpp:268]: Error: "Unknown trigger type: african_clothes_trigger, near line: 4850" in file: "gfx/portraits/portrait_modifiers/01_clothes.txt" near line: 4854
[09:25:08][pdx_persistent_reader.cpp:268]: Error: "Unknown trigger type: european_clothes_trigger, near line: 4875" in file: "gfx/portraits/portrait_modifiers/01_clothes.txt" near line: 4882
[09:25:08][pdx_persistent_reader.cpp:268]: Error: "Unknown trigger type: african_diaspora_clothes_trigger, near line: 4885" in file: "gfx/portraits/portrait_modifiers/01_clothes.txt" near line: 4886
[09:25:08][pdx_persistent_reader.cpp:268]: Error: "Unknown trigger type: american_clothes_trigger, near line: 4918
Unknown trigger type: british_empire_clothes_trigger, near line: 4919
Unknown trigger type: french_empire_clothes_trigger, near line: 4920
Unknown trigger type: russian_empire_clothes_trigger, near line: 4921
Unknown trigger type: european_clothes_trigger, near line: 4923" in file: "gfx/portraits/portrait_modifiers/01_clothes.txt" near line: 4929
[09:25:08][pdx_persistent_reader.cpp:268]: Error: "Unknown trigger type: african_diaspora_clothes_trigger, near line: 4931" in file: "gfx/portraits/portrait_modifiers/01_clothes.txt" near line: 4932
[09:25:08][pdx_persistent_reader.cpp:268]: Error: "Unknown trigger type: monarchy_clothes_trigger, near line: 4934" in file: "gfx/portraits/portrait_modifiers/01_clothes.txt" near line: 4940
[09:25:08][pdx_persistent_reader.cpp:268]: Error: "Unknown trigger type: american_clothes_trigger, near line: 4967
Unknown trigger type: british_empire_clothes_trigger, near line: 4968
Unknown trigger type: french_empire_clothes_trigger, near line: 4969
Unknown trigger type: russian_empire_clothes_trigger, near line: 4970
Unknown trigger type: european_clothes_trigger, near line: 4972" in file: "gfx/portraits/portrait_modifiers/01_clothes.txt" near line: 4978
[09:25:08][pdx_persistent_reader.cpp:268]: Error: "Unknown trigger type: african_diaspora_clothes_trigger, near line: 4980" in file: "gfx/portraits/portrait_modifiers/01_clothes.txt" near line: 4981
[09:25:08][pdx_persistent_reader.cpp:268]: Error: "Unknown trigger type: monarchy_clothes_trigger, near line: 4983" in file: "gfx/portraits/portrait_modifiers/01_clothes.txt" near line: 4988
[09:25:08][pdx_persistent_reader.cpp:268]: Error: "Unknown trigger type: european_clothes_trigger, near line: 5039
Unknown trigger type: african_diaspora_clothes_trigger, near line: 5040" in file: "gfx/portraits/portrait_modifiers/01_clothes.txt" near line: 5041
[09:25:08][pdx_persistent_reader.cpp:268]: Error: "Unknown trigger type: military_clothes_trigger, near line: 5042
Unknown trigger type: junta_clothes_trigger, near line: 5043
Unknown trigger type: ruler_clothes_trigger, near line: 5044
Unknown trigger type: republic_clothes_trigger, near line: 5045" in file: "gfx/portraits/portrait_modifiers/01_clothes.txt" near line: 5046
[09:25:08][pdx_persistent_reader.cpp:268]: Error: "Unknown trigger type: european_clothes_trigger, near line: 5081
Unknown trigger type: african_diaspora_clothes_trigger, near line: 5082" in file: "gfx/portraits/portrait_modifiers/01_clothes.txt" near line: 5083
[09:25:08][pdx_persistent_reader.cpp:268]: Error: "Unknown trigger type: military_clothes_trigger, near line: 5084
Unknown trigger type: junta_clothes_trigger, near line: 5085
Unknown trigger type: ruler_clothes_trigger, near line: 5086
Unknown trigger type: republic_clothes_trigger, near line: 5087" in file: "gfx/portraits/portrait_modifiers/01_clothes.txt" near line: 5088
[09:25:08][pdx_persistent_reader.cpp:268]: Error: "Unknown trigger type: european_clothes_trigger, near line: 5107" in file: "gfx/portraits/portrait_modifiers/01_clothes.txt" near line: 5114
[09:25:08][pdx_persistent_reader.cpp:268]: Error: "Unknown trigger type: african_diaspora_clothes_trigger, near line: 5117" in file: "gfx/portraits/portrait_modifiers/01_clothes.txt" near line: 5118
[09:25:08][pdx_persistent_reader.cpp:268]: Error: "Unknown trigger type: ruler_clothes_trigger, near line: 5119
Unknown trigger type: republic_clothes_trigger, near line: 5120" in file: "gfx/portraits/portrait_modifiers/01_clothes.txt" near line: 5125
[09:25:08][pdx_persistent_reader.cpp:268]: Error: "Unknown trigger type: american_clothes_trigger, near line: 5157
Unknown trigger type: arabic_clothes_trigger, near line: 5158
Unknown trigger type: british_empire_clothes_trigger, near line: 5159
Unknown trigger type: french_empire_clothes_trigger, near line: 5160
Unknown trigger type: russian_empire_clothes_trigger, near line: 5161
Unknown trigger type: ruler_clothes_trigger, near line: 5163
Unknown trigger type: ruler_clothes_trigger, near line: 5165
Unknown trigger type: military_clothes_trigger, near line: 5167
Unknown trigger type: armed_forces_clothes_trigger, near line: 5169
Unknown trigger type: politician_clothes_trigger, near line: 5171
Unknown trigger type: junta_clothes_trigger, near line: 5172" in file: "gfx/portraits/portrait_modifiers/01_clothes.txt" near line: 5173
[09:25:08][pdx_persistent_reader.cpp:268]: Error: "Unknown trigger type: european_clothes_trigger, near line: 5179" in file: "gfx/portraits/portrait_modifiers/01_clothes.txt" near line: 5186
[09:25:08][pdx_persistent_reader.cpp:268]: Error: "Unknown trigger type: african_diaspora_clothes_trigger, near line: 5189" in file: "gfx/portraits/portrait_modifiers/01_clothes.txt" near line: 5190
[09:25:08][pdx_persistent_reader.cpp:268]: Error: "Unknown trigger type: military_clothes_trigger, near line: 5192
Unknown trigger type: armed_forces_clothes_trigger, near line: 5194
Unknown trigger type: politician_clothes_trigger, near line: 5196
Unknown trigger type: junta_clothes_trigger, near line: 5197" in file: "gfx/portraits/portrait_modifiers/01_clothes.txt" near line: 5198
[09:25:08][pdx_persistent_reader.cpp:268]: Error: "Unknown trigger type: american_clothes_trigger, near line: 5244
Unknown trigger type: arabic_clothes_trigger, near line: 5245
Unknown trigger type: british_empire_clothes_trigger, near line: 5246
Unknown trigger type: french_empire_clothes_trigger, near line: 5247
Unknown trigger type: russian_empire_clothes_trigger, near line: 5248
Unknown trigger type: ruler_clothes_trigger, near line: 5250
Unknown trigger type: ruler_clothes_trigger, near line: 5252
Unknown trigger type: military_clothes_trigger, near line: 5254
Unknown trigger type: armed_forces_clothes_trigger, near line: 5256
Unknown trigger type: politician_clothes_trigger, near line: 5258
Unknown trigger type: junta_clothes_trigger, near line: 5259" in file: "gfx/portraits/portrait_modifiers/01_clothes.txt" near line: 5260
[09:25:08][pdx_persistent_reader.cpp:268]: Error: "Unknown trigger type: european_clothes_trigger, near line: 5266" in file: "gfx/portraits/portrait_modifiers/01_clothes.txt" near line: 5273
[09:25:08][pdx_persistent_reader.cpp:268]: Error: "Unknown trigger type: african_diaspora_clothes_trigger, near line: 5276" in file: "gfx/portraits/portrait_modifiers/01_clothes.txt" near line: 5277
[09:25:08][pdx_persistent_reader.cpp:268]: Error: "Unknown trigger type: military_clothes_trigger, near line: 5279
Unknown trigger type: armed_forces_clothes_trigger, near line: 5281
Unknown trigger type: politician_clothes_trigger, near line: 5283
Unknown trigger type: junta_clothes_trigger, near line: 5284" in file: "gfx/portraits/portrait_modifiers/01_clothes.txt" near line: 5285
[09:25:08][pdx_persistent_reader.cpp:268]: Error: "Unknown trigger type: american_clothes_trigger, near line: 5335
Unknown trigger type: arabic_clothes_trigger, near line: 5336
Unknown trigger type: british_empire_clothes_trigger, near line: 5337
Unknown trigger type: french_empire_clothes_trigger, near line: 5338
Unknown trigger type: russian_empire_clothes_pop_trigger, near line: 5339
Unknown trigger type: european_clothes_trigger, near line: 5341" in file: "gfx/portraits/portrait_modifiers/01_clothes.txt" near line: 5348
[09:25:08][pdx_persistent_reader.cpp:268]: Error: "Unknown trigger type: african_diaspora_clothes_trigger, near line: 5351" in file: "gfx/portraits/portrait_modifiers/01_clothes.txt" near line: 5352
[09:25:08][pdx_persistent_reader.cpp:268]: Error: "Unknown trigger type: armed_forces_clothes_trigger, near line: 5358
Unknown trigger type: politician_clothes_trigger, near line: 5360
Unknown trigger type: junta_clothes_trigger, near line: 5361" in file: "gfx/portraits/portrait_modifiers/01_clothes.txt" near line: 5362
[09:25:08][pdx_persistent_reader.cpp:268]: Error: "Unknown trigger type: monarchy_clothes_trigger, near line: 5363" in file: "gfx/portraits/portrait_modifiers/01_clothes.txt" near line: 5364
[09:25:08][pdx_persistent_reader.cpp:268]: Error: "Unknown trigger type: european_clothes_trigger, near line: 5403" in file: "gfx/portraits/portrait_modifiers/01_clothes.txt" near line: 5408
[09:25:08][pdx_persistent_reader.cpp:268]: Error: "Unknown trigger type: african_diaspora_clothes_trigger, near line: 5410" in file: "gfx/portraits/portrait_modifiers/01_clothes.txt" near line: 5411
[09:25:08][pdx_persistent_reader.cpp:268]: Error: "Unknown trigger type: european_clothes_trigger, near line: 5473" in file: "gfx/portraits/portrait_modifiers/01_clothes.txt" near line: 5478
[09:25:08][pdx_persistent_reader.cpp:268]: Error: "Unknown trigger type: african_diaspora_clothes_trigger, near line: 5480" in file: "gfx/portraits/portrait_modifiers/01_clothes.txt" near line: 5481
[09:25:08][pdx_persistent_reader.cpp:268]: Error: "Unknown trigger type: american_clothes_pop_trigger, near line: 5545
Unknown trigger type: officers_clothes_pop_trigger, near line: 5547
Unknown trigger type: soldier_clothes_pop_trigger, near line: 5548" in file: "gfx/portraits/portrait_modifiers/01_clothes.txt" near line: 5549
[09:25:08][pdx_persistent_reader.cpp:268]: Error: "Unknown trigger type: american_clothes_pop_trigger, near line: 5579
Unknown trigger type: officers_clothes_pop_trigger, near line: 5581
Unknown trigger type: soldier_clothes_pop_trigger, near line: 5582" in file: "gfx/portraits/portrait_modifiers/01_clothes.txt" near line: 5583
[09:25:08][pdx_persistent_reader.cpp:268]: Error: "Unknown trigger type: american_clothes_trigger, near line: 5587" in file: "gfx/portraits/portrait_modifiers/01_clothes.txt" near line: 5591
[09:25:08][pdx_persistent_reader.cpp:268]: Error: "Unknown trigger type: monarchy_clothes_trigger, near line: 5593" in file: "gfx/portraits/portrait_modifiers/01_clothes.txt" near line: 5598
[09:25:08][pdx_persistent_reader.cpp:268]: Error: "Unknown trigger type: armed_forces_clothes_trigger, near line: 5601
Unknown trigger type: politician_clothes_trigger, near line: 5603
Unknown trigger type: junta_clothes_trigger, near line: 5604" in file: "gfx/portraits/portrait_modifiers/01_clothes.txt" near line: 5605
[09:25:08][pdx_persistent_reader.cpp:268]: Error: "Unknown trigger type: american_clothes_pop_trigger, near line: 5634
Unknown trigger type: soldier_clothes_pop_trigger, near line: 5636
Unknown trigger type: officers_clothes_pop_trigger, near line: 5637" in file: "gfx/portraits/portrait_modifiers/01_clothes.txt" near line: 5638
[09:25:08][pdx_persistent_reader.cpp:268]: Error: "Unknown trigger type: american_clothes_pop_trigger, near line: 5686
Unknown trigger type: officers_clothes_pop_trigger, near line: 5687" in file: "gfx/portraits/portrait_modifiers/01_clothes.txt" near line: 5688
[09:25:08][pdx_persistent_reader.cpp:268]: Error: "Unknown trigger type: monarchy_clothes_trigger, near line: 5761
Unknown trigger type: armed_forces_clothes_trigger, near line: 5763
Unknown trigger type: politician_clothes_trigger, near line: 5765
Unknown trigger type: junta_clothes_trigger, near line: 5766" in file: "gfx/portraits/portrait_modifiers/01_clothes.txt" near line: 5767
[09:25:08][pdx_persistent_reader.cpp:268]: Error: "Unknown trigger type: british_empire_clothes_trigger, near line: 5850
Unknown trigger type: military_clothes_trigger, near line: 5852
Unknown trigger type: monarchy_clothes_trigger, near line: 5853
Unknown trigger type: armed_forces_clothes_trigger, near line: 5855
Unknown trigger type: politician_clothes_trigger, near line: 5857
Unknown trigger type: junta_clothes_trigger, near line: 5858" in file: "gfx/portraits/portrait_modifiers/01_clothes.txt" near line: 5859
[09:25:08][pdx_persistent_reader.cpp:268]: Error: "Unknown trigger type: british_empire_clothes_p_trigger, near line: 5864
Unknown trigger type: officers_clothes_pop_trigger, near line: 5865" in file: "gfx/portraits/portrait_modifiers/01_clothes.txt" near line: 5866
[09:25:08][pdx_persistent_reader.cpp:268]: Error: "Unknown trigger type: french_empire_clothes_trigger, near line: 5911
Unknown trigger type: military_clothes_trigger, near line: 5913
Unknown trigger type: monarchy_clothes_trigger, near line: 5914
Unknown trigger type: armed_forces_clothes_trigger, near line: 5916
Unknown trigger type: politician_clothes_trigger, near line: 5918
Unknown trigger type: junta_clothes_trigger, near line: 5919" in file: "gfx/portraits/portrait_modifiers/01_clothes.txt" near line: 5920
[09:25:08][pdx_persistent_reader.cpp:268]: Error: "Unknown trigger type: french_empire_clothes_trigger, near line: 5966
Unknown trigger type: military_clothes_trigger, near line: 5968
Unknown trigger type: monarchy_clothes_trigger, near line: 5969
Unknown trigger type: armed_forces_clothes_trigger, near line: 5971
Unknown trigger type: politician_clothes_trigger, near line: 5973
Unknown trigger type: junta_clothes_trigger, near line: 5974" in file: "gfx/portraits/portrait_modifiers/01_clothes.txt" near line: 5975
[09:25:08][pdx_persistent_reader.cpp:268]: Error: "Unknown trigger type: french_empire_clothes_pop_trigger, near line: 5980
Unknown trigger type: officers_clothes_pop_trigger, near line: 5981" in file: "gfx/portraits/portrait_modifiers/01_clothes.txt" near line: 5982
[09:25:08][pdx_persistent_reader.cpp:268]: Error: "Unknown trigger type: armed_forces_clothes_trigger, near line: 5995
Unknown trigger type: politician_clothes_trigger, near line: 5997
Unknown trigger type: junta_clothes_trigger, near line: 5998" in file: "gfx/portraits/portrait_modifiers/01_clothes.txt" near line: 5999
[09:25:08][pdx_persistent_reader.cpp:268]: Error: "Unknown trigger type: japanese_restoration_trigger, near line: 6005" in file: "gfx/portraits/portrait_modifiers/01_clothes.txt" near line: 6006
[09:25:08][pdx_persistent_reader.cpp:268]: Error: "Unknown trigger type: french_empire_clothes_pop_trigger, near line: 6031
Unknown trigger type: soldier_clothes_pop_trigger, near line: 6033
Unknown trigger type: officers_clothes_pop_trigger, near line: 6034" in file: "gfx/portraits/portrait_modifiers/01_clothes.txt" near line: 6035
[09:25:08][pdx_persistent_reader.cpp:268]: Error: "Unknown trigger type: japanese_restoration_trigger, near line: 6044" in file: "gfx/portraits/portrait_modifiers/01_clothes.txt" near line: 6045
[09:25:08][pdx_persistent_reader.cpp:268]: Error: "Unknown trigger type: soldier_clothes_pop_trigger, near line: 6047
Unknown trigger type: officers_clothes_pop_trigger, near line: 6048" in file: "gfx/portraits/portrait_modifiers/01_clothes.txt" near line: 6049
[09:25:08][pdx_persistent_reader.cpp:268]: Error: "Unknown trigger type: french_empire_clothes_trigger, near line: 6104" in file: "gfx/portraits/portrait_modifiers/01_clothes.txt" near line: 6108
[09:25:08][pdx_persistent_reader.cpp:268]: Error: "Unknown trigger type: armed_forces_clothes_trigger, near line: 6110
Unknown trigger type: politician_clothes_trigger, near line: 6112
Unknown trigger type: junta_clothes_trigger, near line: 6113" in file: "gfx/portraits/portrait_modifiers/01_clothes.txt" near line: 6114
[09:25:08][pdx_persistent_reader.cpp:268]: Error: "Unknown trigger type: french_empire_clothes_pop_trigger, near line: 6174
Unknown trigger type: soldier_clothes_pop_trigger, near line: 6176
Unknown trigger type: officers_clothes_pop_trigger, near line: 6177" in file: "gfx/portraits/portrait_modifiers/01_clothes.txt" near line: 6178
[09:25:08][pdx_persistent_reader.cpp:268]: Error: "Unknown trigger type: french_empire_clothes_pop_trigger, near line: 6214
Unknown trigger type: soldier_clothes_pop_trigger, near line: 6216
Unknown trigger type: officers_clothes_pop_trigger, near line: 6217" in file: "gfx/portraits/portrait_modifiers/01_clothes.txt" near line: 6218
[09:25:08][pdx_persistent_reader.cpp:268]: Error: "Unknown trigger type: officers_clothes_pop_trigger, near line: 6328
Unknown trigger type: soldier_clothes_pop_trigger, near line: 6329" in file: "gfx/portraits/portrait_modifiers/01_clothes.txt" near line: 6330
[09:25:08][pdx_persistent_reader.cpp:268]: Error: "Unknown trigger type: armed_forces_clothes_trigger, near line: 6344
Unknown trigger type: politician_clothes_trigger, near line: 6346
Unknown trigger type: junta_clothes_trigger, near line: 6347" in file: "gfx/portraits/portrait_modifiers/01_clothes.txt" near line: 6348
[09:25:08][pdx_persistent_reader.cpp:268]: Error: "Unknown trigger type: armed_forces_clothes_trigger, near line: 6365
Unknown trigger type: politician_clothes_trigger, near line: 6367
Unknown trigger type: junta_clothes_trigger, near line: 6368" in file: "gfx/portraits/portrait_modifiers/01_clothes.txt" near line: 6369
[09:25:08][pdx_persistent_reader.cpp:268]: Error: "Unknown trigger type: armed_forces_clothes_trigger, near line: 6437
Unknown trigger type: politician_clothes_trigger, near line: 6439
Unknown trigger type: junta_clothes_trigger, near line: 6440" in file: "gfx/portraits/portrait_modifiers/01_clothes.txt" near line: 6441
[09:25:08][pdx_persistent_reader.cpp:268]: Error: "Unknown trigger type: russian_empire_clothes_trigger, near line: 6512
Unknown trigger type: monarchy_clothes_trigger, near line: 6513" in file: "gfx/portraits/portrait_modifiers/01_clothes.txt" near line: 6514
[09:25:08][pdx_persistent_reader.cpp:268]: Error: "Unknown trigger type: russian_empire_clothes_trigger, near line: 6573
Unknown trigger type: monarchy_clothes_trigger, near line: 6574" in file: "gfx/portraits/portrait_modifiers/01_clothes.txt" near line: 6575
[09:25:08][pdx_persistent_reader.cpp:268]: Error: "Unknown trigger type: russian_empire_clothes_trigger, near line: 6640
Unknown trigger type: monarchy_clothes_trigger, near line: 6641" in file: "gfx/portraits/portrait_modifiers/01_clothes.txt" near line: 6642
[09:25:08][pdx_persistent_reader.cpp:268]: Error: "Unknown trigger type: russian_empire_clothes_trigger, near line: 6691
Unknown trigger type: military_clothes_trigger, near line: 6693
Unknown trigger type: armed_forces_clothes_trigger, near line: 6695
Unknown trigger type: politician_clothes_trigger, near line: 6697
Unknown trigger type: ruler_clothes_trigger, near line: 6698" in file: "gfx/portraits/portrait_modifiers/01_clothes.txt" near line: 6699
[09:25:08][pdx_persistent_reader.cpp:268]: Error: "Unknown trigger type: monarchy_clothes_trigger, near line: 6702" in file: "gfx/portraits/portrait_modifiers/01_clothes.txt" near line: 6703
[09:25:08][pdx_persistent_reader.cpp:268]: Error: "Unknown trigger type: russian_empire_clothes_trigger, near line: 6744
Unknown trigger type: military_clothes_trigger, near line: 6746
Unknown trigger type: armed_forces_clothes_trigger, near line: 6748
Unknown trigger type: politician_clothes_trigger, near line: 6750
Unknown trigger type: ruler_clothes_trigger, near line: 6751" in file: "gfx/portraits/portrait_modifiers/01_clothes.txt" near line: 6752
[09:25:08][pdx_persistent_reader.cpp:268]: Error: "Unknown trigger type: monarchy_clothes_trigger, near line: 6755" in file: "gfx/portraits/portrait_modifiers/01_clothes.txt" near line: 6756
[09:25:08][pdx_persistent_reader.cpp:268]: Error: "Unknown trigger type: military_clothes_trigger, near line: 6808
Unknown trigger type: armed_forces_clothes_trigger, near line: 6810
Unknown trigger type: politician_clothes_trigger, near line: 6812
Unknown trigger type: junta_clothes_trigger, near line: 6813" in file: "gfx/portraits/portrait_modifiers/01_clothes.txt" near line: 6814
[09:25:08][pdx_persistent_reader.cpp:268]: Error: "Unknown trigger type: russian_empire_clothes_pop_trigger, near line: 6909
Unknown trigger type: soldier_clothes_pop_trigger, near line: 6911
Unknown trigger type: officers_clothes_pop_trigger, near line: 6912" in file: "gfx/portraits/portrait_modifiers/01_clothes.txt" near line: 6913
[09:25:08][pdx_persistent_reader.cpp:268]: Error: "Unknown trigger type: russian_empire_clothes_trigger, near line: 6968
Unknown trigger type: military_clothes_trigger, near line: 6971
Unknown trigger type: armed_forces_clothes_trigger, near line: 6973
Unknown trigger type: politician_clothes_trigger, near line: 6975
Unknown trigger type: ruler_clothes_trigger, near line: 6976" in file: "gfx/portraits/portrait_modifiers/01_clothes.txt" near line: 6977
[09:25:08][pdx_persistent_reader.cpp:268]: Error: "Unknown trigger type: monarchy_clothes_trigger, near line: 6986" in file: "gfx/portraits/portrait_modifiers/01_clothes.txt" near line: 6987
[09:25:08][pdx_persistent_reader.cpp:268]: Error: "Unknown trigger type: russian_empire_clothes_trigger, near line: 7035
Unknown trigger type: military_clothes_trigger, near line: 7038
Unknown trigger type: armed_forces_clothes_trigger, near line: 7040
Unknown trigger type: politician_clothes_trigger, near line: 7042
Unknown trigger type: ruler_clothes_trigger, near line: 7043" in file: "gfx/portraits/portrait_modifiers/01_clothes.txt" near line: 7044
[09:25:08][pdx_persistent_reader.cpp:268]: Error: "Unknown trigger type: monarchy_clothes_trigger, near line: 7057" in file: "gfx/portraits/portrait_modifiers/01_clothes.txt" near line: 7058
[09:25:08][pdx_persistent_reader.cpp:268]: Error: "Unknown trigger type: russian_empire_clothes_pop_trigger, near line: 7094
Unknown trigger type: soldier_clothes_pop_trigger, near line: 7096
Unknown trigger type: officers_clothes_pop_trigger, near line: 7097" in file: "gfx/portraits/portrait_modifiers/01_clothes.txt" near line: 7098
[09:25:08][pdx_persistent_reader.cpp:268]: Error: "Unknown trigger type: russian_empire_clothes_pop_trigger, near line: 7134
Unknown trigger type: soldier_clothes_pop_trigger, near line: 7136
Unknown trigger type: officers_clothes_pop_trigger, near line: 7137" in file: "gfx/portraits/portrait_modifiers/01_clothes.txt" near line: 7138
[09:25:08][pdx_persistent_reader.cpp:268]: Error: "Unknown trigger type: military_clothes_trigger, near line: 7193
Unknown trigger type: monarchy_clothes_trigger, near line: 7194
Unknown trigger type: armed_forces_clothes_trigger, near line: 7196
Unknown trigger type: politician_clothes_trigger, near line: 7198
Unknown trigger type: junta_clothes_trigger, near line: 7199" in file: "gfx/portraits/portrait_modifiers/01_clothes.txt" near line: 7200
[09:25:08][pdx_persistent_reader.cpp:268]: Error: "Unknown trigger type: officers_clothes_pop_trigger, near line: 7217" in file: "gfx/portraits/portrait_modifiers/01_clothes.txt" near line: 7218
[09:25:08][pdx_persistent_reader.cpp:268]: Error: "Unknown trigger type: soldier_clothes_pop_trigger, near line: 7256" in file: "gfx/portraits/portrait_modifiers/01_clothes.txt" near line: 7257
[09:25:08][pdx_persistent_reader.cpp:268]: Error: "Unknown trigger type: officers_clothes_pop_trigger, near line: 7298
Unknown trigger type: soldier_clothes_pop_trigger, near line: 7299" in file: "gfx/portraits/portrait_modifiers/01_clothes.txt" near line: 7300
[09:25:08][pdx_persistent_reader.cpp:268]: Error: "Unknown trigger type: japanese_restoration_trigger, near line: 7336" in file: "gfx/portraits/portrait_modifiers/01_clothes.txt" near line: 7337
[09:25:08][pdx_persistent_reader.cpp:268]: Error: "Unknown trigger type: japanese_restoration_trigger, near line: 7380" in file: "gfx/portraits/portrait_modifiers/01_clothes.txt" near line: 7381
[09:25:08][pdx_persistent_reader.cpp:268]: Error: "Unknown trigger type: armed_forces_clothes_trigger, near line: 7395
Unknown trigger type: politician_clothes_trigger, near line: 7397
Unknown trigger type: junta_clothes_trigger, near line: 7398" in file: "gfx/portraits/portrait_modifiers/01_clothes.txt" near line: 7399
[09:25:08][pdx_persistent_reader.cpp:268]: Error: "Unknown trigger type: japanese_restoration_trigger, near line: 7405" in file: "gfx/portraits/portrait_modifiers/01_clothes.txt" near line: 7406
[09:25:08][pdx_persistent_reader.cpp:268]: Error: "Unknown trigger type: japanese_restoration_trigger, near line: 7449" in file: "gfx/portraits/portrait_modifiers/01_clothes.txt" near line: 7450
[09:25:08][pdx_persistent_reader.cpp:268]: Error: "Unknown trigger type: armed_forces_clothes_trigger, near line: 7464
Unknown trigger type: politician_clothes_trigger, near line: 7466
Unknown trigger type: junta_clothes_trigger, near line: 7467" in file: "gfx/portraits/portrait_modifiers/01_clothes.txt" near line: 7468
[09:25:08][pdx_persistent_reader.cpp:268]: Error: "Unknown trigger type: japanese_restoration_trigger, near line: 7474" in file: "gfx/portraits/portrait_modifiers/01_clothes.txt" near line: 7475
[09:25:08][pdx_persistent_reader.cpp:268]: Error: "Unknown trigger type: japanese_restoration_trigger, near line: 7525" in file: "gfx/portraits/portrait_modifiers/01_clothes.txt" near line: 7526
[09:25:08][pdx_persistent_reader.cpp:268]: Error: "Unknown trigger type: japanese_restoration_trigger, near line: 7569" in file: "gfx/portraits/portrait_modifiers/01_clothes.txt" near line: 7570
[09:25:08][pdx_persistent_reader.cpp:268]: Error: "Unknown trigger type: armed_forces_clothes_trigger, near line: 7632
Unknown trigger type: politician_clothes_trigger, near line: 7633" in file: "gfx/portraits/portrait_modifiers/01_clothes.txt" near line: 7634
[09:25:08][pdx_persistent_reader.cpp:268]: Error: "Unknown trigger type: japanese_restoration_trigger, near line: 7640" in file: "gfx/portraits/portrait_modifiers/01_clothes.txt" near line: 7641
[09:25:08][pdx_persistent_reader.cpp:268]: Error: "Unknown trigger type: is_in_cold_land_hq_trigger, near line: 7690
Unknown trigger type: is_in_hot_land_hq_trigger, near line: 7692" in file: "gfx/portraits/portrait_modifiers/01_clothes.txt" near line: 7696
[09:25:08][pdx_persistent_reader.cpp:268]: Error: "Unknown trigger type: japanese_restoration_trigger, near line: 7702" in file: "gfx/portraits/portrait_modifiers/01_clothes.txt" near line: 7703
[09:25:08][pdx_persistent_reader.cpp:268]: Error: "Unknown trigger type: japanese_restoration_trigger, near line: 7753" in file: "gfx/portraits/portrait_modifiers/01_clothes.txt" near line: 7754
[09:25:08][pdx_persistent_reader.cpp:268]: Error: "Unknown trigger type: japanese_restoration_trigger, near line: 7798" in file: "gfx/portraits/portrait_modifiers/01_clothes.txt" near line: 7799
[09:25:08][pdx_persistent_reader.cpp:268]: Error: "Unknown trigger type: armed_forces_clothes_trigger, near line: 7816
Unknown trigger type: politician_clothes_trigger, near line: 7817" in file: "gfx/portraits/portrait_modifiers/01_clothes.txt" near line: 7818
[09:25:08][pdx_persistent_reader.cpp:268]: Error: "Unknown trigger type: japanese_restoration_trigger, near line: 7824" in file: "gfx/portraits/portrait_modifiers/01_clothes.txt" near line: 7825
[09:25:08][pdx_persistent_reader.cpp:268]: Error: "Unknown trigger type: japanese_restoration_trigger, near line: 7875" in file: "gfx/portraits/portrait_modifiers/01_clothes.txt" near line: 7876
[09:25:08][pdx_persistent_reader.cpp:268]: Error: "Unknown trigger type: japanese_restoration_trigger, near line: 7921" in file: "gfx/portraits/portrait_modifiers/01_clothes.txt" near line: 7922
[09:25:08][pdx_persistent_reader.cpp:268]: Error: "Unknown trigger type: armed_forces_clothes_trigger, near line: 7939
Unknown trigger type: politician_clothes_trigger, near line: 7940" in file: "gfx/portraits/portrait_modifiers/01_clothes.txt" near line: 7941
[09:25:08][pdx_persistent_reader.cpp:268]: Error: "Unknown trigger type: japanese_restoration_trigger, near line: 7947" in file: "gfx/portraits/portrait_modifiers/01_clothes.txt" near line: 7948
[09:25:08][pdx_persistent_reader.cpp:268]: Error: "Unknown trigger type: japanese_restoration_trigger, near line: 7999" in file: "gfx/portraits/portrait_modifiers/01_clothes.txt" near line: 8000
[09:25:08][pdx_persistent_reader.cpp:268]: Error: "Unknown trigger type: japanese_restoration_trigger, near line: 8051" in file: "gfx/portraits/portrait_modifiers/01_clothes.txt" near line: 8052
[09:25:08][pdx_persistent_reader.cpp:268]: Error: "Unknown trigger type: armed_forces_clothes_trigger, near line: 8069
Unknown trigger type: politician_clothes_trigger, near line: 8070" in file: "gfx/portraits/portrait_modifiers/01_clothes.txt" near line: 8071
[09:25:08][pdx_persistent_reader.cpp:268]: Error: "Unknown trigger type: japanese_restoration_trigger, near line: 8084" in file: "gfx/portraits/portrait_modifiers/01_clothes.txt" near line: 8085
[09:25:08][pdx_persistent_reader.cpp:268]: Error: "Unknown trigger type: japanese_restoration_trigger, near line: 8134" in file: "gfx/portraits/portrait_modifiers/01_clothes.txt" near line: 8137
[09:25:08][pdx_persistent_reader.cpp:268]: Error: "Unknown trigger type: japanese_restoration_trigger, near line: 8185" in file: "gfx/portraits/portrait_modifiers/01_clothes.txt" near line: 8188
[09:25:08][pdx_persistent_reader.cpp:268]: Error: "Unknown trigger type: japanese_restoration_trigger, near line: 8236" in file: "gfx/portraits/portrait_modifiers/01_clothes.txt" near line: 8239
[09:25:08][pdx_persistent_reader.cpp:268]: Error: "Unknown trigger type: japanese_restoration_trigger, near line: 8287" in file: "gfx/portraits/portrait_modifiers/01_clothes.txt" near line: 8290
[09:25:08][pdx_persistent_reader.cpp:268]: Error: "Unknown trigger type: japanese_restoration_trigger, near line: 8332" in file: "gfx/portraits/portrait_modifiers/01_clothes.txt" near line: 8333
[09:25:08][pdx_persistent_reader.cpp:268]: Error: "Unknown trigger type: austrian_empire_clothes_trigger, near line: 8400
Unknown trigger type: military_clothes_trigger, near line: 8402
Unknown trigger type: monarchy_clothes_trigger, near line: 8403
Unknown trigger type: armed_forces_clothes_trigger, near line: 8405
Unknown trigger type: politician_clothes_trigger, near line: 8407
Unknown trigger type: ruler_clothes_trigger, near line: 8408" in file: "gfx/portraits/portrait_modifiers/01_clothes.txt" near line: 8409
[09:25:08][pdx_persistent_reader.cpp:268]: Error: "Unknown trigger type: austrian_empire_clothes_trigger, near line: 8467
Unknown trigger type: military_clothes_trigger, near line: 8469
Unknown trigger type: monarchy_clothes_trigger, near line: 8470
Unknown trigger type: armed_forces_clothes_trigger, near line: 8472
Unknown trigger type: politician_clothes_trigger, near line: 8474
Unknown trigger type: ruler_clothes_trigger, near line: 8475" in file: "gfx/portraits/portrait_modifiers/01_clothes.txt" near line: 8476
[09:25:08][pdx_persistent_reader.cpp:268]: Error: "Unknown trigger type: austrian_empire_clothes_pop_trigger, near line: 8521
Unknown trigger type: soldier_clothes_pop_trigger, near line: 8522" in file: "gfx/portraits/portrait_modifiers/01_clothes.txt" near line: 8523
[09:25:08][pdx_persistent_reader.cpp:268]: Error: "Unknown trigger type: austrian_empire_clothes_pop_trigger, near line: 8563
Unknown trigger type: officers_clothes_pop_trigger, near line: 8564" in file: "gfx/portraits/portrait_modifiers/01_clothes.txt" near line: 8565
[09:25:08][pdx_persistent_reader.cpp:268]: Error: "Unknown trigger type: austrian_empire_clothes_trigger, near line: 8631
Unknown trigger type: military_clothes_trigger, near line: 8633
Unknown trigger type: monarchy_clothes_trigger, near line: 8634
Unknown trigger type: armed_forces_clothes_trigger, near line: 8636
Unknown trigger type: politician_clothes_trigger, near line: 8638
Unknown trigger type: ruler_clothes_trigger, near line: 8639" in file: "gfx/portraits/portrait_modifiers/01_clothes.txt" near line: 8640
[09:25:08][pdx_persistent_reader.cpp:268]: Error: "Unknown trigger type: austrian_empire_clothes_trigger, near line: 8701
Unknown trigger type: military_clothes_trigger, near line: 8703
Unknown trigger type: monarchy_clothes_trigger, near line: 8704
Unknown trigger type: armed_forces_clothes_trigger, near line: 8706
Unknown trigger type: politician_clothes_trigger, near line: 8708
Unknown trigger type: ruler_clothes_trigger, near line: 8709" in file: "gfx/portraits/portrait_modifiers/01_clothes.txt" near line: 8710
[09:25:08][pdx_persistent_reader.cpp:268]: Error: "Unknown trigger type: austrian_empire_clothes_pop_trigger, near line: 8759
Unknown trigger type: soldier_clothes_pop_trigger, near line: 8760" in file: "gfx/portraits/portrait_modifiers/01_clothes.txt" near line: 8761
[09:25:08][pdx_persistent_reader.cpp:268]: Error: "Unknown trigger type: austrian_empire_clothes_pop_trigger, near line: 8809
Unknown trigger type: officers_clothes_pop_trigger, near line: 8810" in file: "gfx/portraits/portrait_modifiers/01_clothes.txt" near line: 8811
[09:25:08][pdx_persistent_reader.cpp:268]: Error: "Unknown trigger type: austrian_empire_clothes_pop_trigger, near line: 8864
Unknown trigger type: officers_clothes_pop_trigger, near line: 8866
Unknown trigger type: soldier_clothes_pop_trigger, near line: 8867" in file: "gfx/portraits/portrait_modifiers/01_clothes.txt" near line: 8868
[09:25:08][pdx_persistent_reader.cpp:268]: Error: "Unknown trigger type: austrian_empire_clothes_pop_trigger, near line: 8904
Unknown trigger type: officers_clothes_pop_trigger, near line: 8906
Unknown trigger type: soldier_clothes_pop_trigger, near line: 8907" in file: "gfx/portraits/portrait_modifiers/01_clothes.txt" near line: 8908
[09:25:08][pdx_persistent_reader.cpp:268]: Error: "Unknown trigger type: austrian_empire_clothes_trigger, near line: 8984
Unknown trigger type: military_clothes_trigger, near line: 8986
Unknown trigger type: monarchy_clothes_trigger, near line: 8987
Unknown trigger type: armed_forces_clothes_trigger, near line: 8989
Unknown trigger type: politician_clothes_trigger, near line: 8991
Unknown trigger type: ruler_clothes_trigger, near line: 8992" in file: "gfx/portraits/portrait_modifiers/01_clothes.txt" near line: 8993
[09:25:08][pdx_persistent_reader.cpp:268]: Error: "Unknown trigger type: austrian_empire_clothes_trigger, near line: 9067
Unknown trigger type: military_clothes_trigger, near line: 9069
Unknown trigger type: monarchy_clothes_trigger, near line: 9070
Unknown trigger type: armed_forces_clothes_trigger, near line: 9072
Unknown trigger type: politician_clothes_trigger, near line: 9074
Unknown trigger type: ruler_clothes_trigger, near line: 9075" in file: "gfx/portraits/portrait_modifiers/01_clothes.txt" near line: 9076
[09:25:08][pdx_persistent_reader.cpp:268]: Error: "Unknown trigger type: independent_hungarian_clothes_trigger, near line: 9137
Unknown trigger type: military_clothes_trigger, near line: 9139
Unknown trigger type: monarchy_clothes_trigger, near line: 9140
Unknown trigger type: armed_forces_clothes_trigger, near line: 9142
Unknown trigger type: politician_clothes_trigger, near line: 9144
Unknown trigger type: ruler_clothes_trigger, near line: 9145" in file: "gfx/portraits/portrait_modifiers/01_clothes.txt" near line: 9146
[09:25:08][pdx_persistent_reader.cpp:268]: Error: "Unknown trigger type: independent_hungarian_clothes_trigger, near line: 9209
Unknown trigger type: military_clothes_trigger, near line: 9211
Unknown trigger type: armed_forces_clothes_trigger, near line: 9213
Unknown trigger type: politician_clothes_trigger, near line: 9215
Unknown trigger type: ruler_clothes_trigger, near line: 9216" in file: "gfx/portraits/portrait_modifiers/01_clothes.txt" near line: 9217
[09:25:08][pdx_persistent_reader.cpp:268]: Error: "Unknown trigger type: independent_hungarian_clothes_trigger, near line: 9274
Unknown trigger type: military_clothes_trigger, near line: 9276
Unknown trigger type: armed_forces_clothes_trigger, near line: 9278
Unknown trigger type: politician_clothes_trigger, near line: 9280
Unknown trigger type: ruler_clothes_trigger, near line: 9281" in file: "gfx/portraits/portrait_modifiers/01_clothes.txt" near line: 9282
[09:25:08][pdx_persistent_reader.cpp:268]: Error: "Unknown trigger type: independent_hungarian_clothes_pop_trigger, near line: 9325
Unknown trigger type: soldier_clothes_pop_trigger, near line: 9327" in file: "gfx/portraits/portrait_modifiers/01_clothes.txt" near line: 9328
[09:25:08][pdx_persistent_reader.cpp:268]: Error: "Unknown trigger type: independent_hungarian_clothes_pop_trigger, near line: 9370
Unknown trigger type: officers_clothes_pop_trigger, near line: 9372" in file: "gfx/portraits/portrait_modifiers/01_clothes.txt" near line: 9373
[09:25:08][pdx_persistent_reader.cpp:268]: Error: "Unknown trigger type: independent_hungarian_clothes_pop_trigger, near line: 9419
Unknown trigger type: soldier_clothes_pop_trigger, near line: 9422
Unknown trigger type: officers_clothes_pop_trigger, near line: 9423" in file: "gfx/portraits/portrait_modifiers/01_clothes.txt" near line: 9424
[09:25:08][pdx_persistent_reader.cpp:268]: Error: "Unknown trigger type: independent_hungarian_clothes_pop_trigger, near line: 9459
Unknown trigger type: soldier_clothes_pop_trigger, near line: 9462
Unknown trigger type: officers_clothes_pop_trigger, near line: 9463" in file: "gfx/portraits/portrait_modifiers/01_clothes.txt" near line: 9464
[09:25:08][pdx_persistent_reader.cpp:268]: Error: "Unknown trigger type: bulgarian_clothes_trigger, near line: 9515
Unknown trigger type: monarchy_clothes_trigger, near line: 9518
Unknown trigger type: military_clothes_trigger, near line: 9521
Unknown trigger type: armed_forces_clothes_trigger, near line: 9523
Unknown trigger type: politician_clothes_trigger, near line: 9525
Unknown trigger type: ruler_clothes_trigger, near line: 9526" in file: "gfx/portraits/portrait_modifiers/01_clothes.txt" near line: 9527
[09:25:08][pdx_persistent_reader.cpp:268]: Error: "Unknown trigger type: bulgarian_clothes_trigger, near line: 9583
Unknown trigger type: military_clothes_trigger, near line: 9587
Unknown trigger type: armed_forces_clothes_trigger, near line: 9589
Unknown trigger type: politician_clothes_trigger, near line: 9591
Unknown trigger type: ruler_clothes_trigger, near line: 9592" in file: "gfx/portraits/portrait_modifiers/01_clothes.txt" near line: 9593
[09:25:08][pdx_persistent_reader.cpp:268]: Error: "Unknown trigger type: bulgarian_clothes_trigger, near line: 9652
Unknown trigger type: military_clothes_trigger, near line: 9656
Unknown trigger type: armed_forces_clothes_trigger, near line: 9658
Unknown trigger type: politician_clothes_trigger, near line: 9660
Unknown trigger type: ruler_clothes_trigger, near line: 9661" in file: "gfx/portraits/portrait_modifiers/01_clothes.txt" near line: 9662
[09:25:08][pdx_persistent_reader.cpp:268]: Error: "Unknown trigger type: bulgarian_clothes_pop_trigger, near line: 9698
Unknown trigger type: soldier_clothes_pop_trigger, near line: 9700
Unknown trigger type: officers_clothes_pop_trigger, near line: 9701" in file: "gfx/portraits/portrait_modifiers/01_clothes.txt" near line: 9702
[09:25:08][pdx_persistent_reader.cpp:268]: Error: "Unknown trigger type: bulgarian_clothes_pop_trigger, near line: 9749
Unknown trigger type: soldier_clothes_pop_trigger, near line: 9750" in file: "gfx/portraits/portrait_modifiers/01_clothes.txt" near line: 9755
[09:25:08][pdx_persistent_reader.cpp:268]: Error: "Unknown trigger type: bulgarian_clothes_pop_trigger, near line: 9786
Unknown trigger type: soldier_clothes_pop_trigger, near line: 9787" in file: "gfx/portraits/portrait_modifiers/01_clothes.txt" near line: 9792
[09:25:08][pdx_persistent_reader.cpp:268]: Error: "Unknown trigger type: bulgarian_clothes_pop_trigger, near line: 9833
Unknown trigger type: officers_clothes_pop_trigger, near line: 9834" in file: "gfx/portraits/portrait_modifiers/01_clothes.txt" near line: 9839
[09:25:08][pdx_persistent_reader.cpp:268]: Error: "Unknown trigger type: bulgarian_clothes_pop_trigger, near line: 9870
Unknown trigger type: officers_clothes_pop_trigger, near line: 9871" in file: "gfx/portraits/portrait_modifiers/01_clothes.txt" near line: 9876
[09:25:08][pdx_persistent_reader.cpp:268]: Error: "Unknown trigger type: serbian_clothes_trigger, near line: 9941
Unknown trigger type: montenegrin_clothes_trigger, near line: 9942" in file: "gfx/portraits/portrait_modifiers/01_clothes.txt" near line: 9943
[09:25:08][pdx_persistent_reader.cpp:268]: Error: "Unknown trigger type: serbian_clothes_pop_trigger, near line: 10003
Unknown trigger type: soldier_clothes_pop_trigger, near line: 10005" in file: "gfx/portraits/portrait_modifiers/01_clothes.txt" near line: 10006
[09:25:08][pdx_persistent_reader.cpp:268]: Error: "Unknown trigger type: serbian_clothes_trigger, near line: 10056
Unknown trigger type: monarchy_clothes_trigger, near line: 10060
Unknown trigger type: military_clothes_trigger, near line: 10061
Unknown trigger type: armed_forces_clothes_trigger, near line: 10063
Unknown trigger type: politician_clothes_trigger, near line: 10065
Unknown trigger type: ruler_clothes_trigger, near line: 10066" in file: "gfx/portraits/portrait_modifiers/01_clothes.txt" near line: 10067
[09:25:08][pdx_persistent_reader.cpp:268]: Error: "Unknown trigger type: serbian_clothes_trigger, near line: 10128
Unknown trigger type: monarchy_clothes_trigger, near line: 10132
Unknown trigger type: military_clothes_trigger, near line: 10133
Unknown trigger type: armed_forces_clothes_trigger, near line: 10135
Unknown trigger type: politician_clothes_trigger, near line: 10137
Unknown trigger type: ruler_clothes_trigger, near line: 10138" in file: "gfx/portraits/portrait_modifiers/01_clothes.txt" near line: 10139
[09:25:08][pdx_persistent_reader.cpp:268]: Error: "Unknown trigger type: serbian_clothes_trigger, near line: 10199" in file: "gfx/portraits/portrait_modifiers/01_clothes.txt" near line: 10205
[09:25:08][pdx_persistent_reader.cpp:268]: Error: "Unknown trigger type: military_clothes_trigger, near line: 10206
Unknown trigger type: armed_forces_clothes_trigger, near line: 10208
Unknown trigger type: politician_clothes_trigger, near line: 10210
Unknown trigger type: ruler_clothes_trigger, near line: 10211" in file: "gfx/portraits/portrait_modifiers/01_clothes.txt" near line: 10212
[09:25:08][pdx_persistent_reader.cpp:268]: Error: "Unknown trigger type: serbian_clothes_trigger, near line: 10271" in file: "gfx/portraits/portrait_modifiers/01_clothes.txt" near line: 10277
[09:25:08][pdx_persistent_reader.cpp:268]: Error: "Unknown trigger type: military_clothes_trigger, near line: 10278
Unknown trigger type: armed_forces_clothes_trigger, near line: 10280
Unknown trigger type: politician_clothes_trigger, near line: 10282
Unknown trigger type: ruler_clothes_trigger, near line: 10283" in file: "gfx/portraits/portrait_modifiers/01_clothes.txt" near line: 10284
[09:25:08][pdx_persistent_reader.cpp:268]: Error: "Unknown trigger type: serbian_clothes_trigger, near line: 10353
Unknown trigger type: monarchy_clothes_trigger, near line: 10358
Unknown trigger type: ruler_clothes_trigger, near line: 10359" in file: "gfx/portraits/portrait_modifiers/01_clothes.txt" near line: 10360
[09:25:08][pdx_persistent_reader.cpp:268]: Error: "Unknown trigger type: serbian_clothes_pop_trigger, near line: 10405
Unknown trigger type: soldier_clothes_pop_trigger, near line: 10407" in file: "gfx/portraits/portrait_modifiers/01_clothes.txt" near line: 10408
[09:25:08][pdx_persistent_reader.cpp:268]: Error: "Unknown trigger type: serbian_clothes_pop_trigger, near line: 10444
Unknown trigger type: officers_clothes_pop_trigger, near line: 10446" in file: "gfx/portraits/portrait_modifiers/01_clothes.txt" near line: 10447
[09:25:08][pdx_persistent_reader.cpp:268]: Error: "Unknown trigger type: serbian_clothes_pop_trigger, near line: 10488
Unknown trigger type: officers_clothes_pop_trigger, near line: 10491
Unknown trigger type: soldier_clothes_pop_trigger, near line: 10492" in file: "gfx/portraits/portrait_modifiers/01_clothes.txt" near line: 10493
[09:25:08][pdx_persistent_reader.cpp:268]: Error: "Unknown trigger type: serbian_clothes_pop_trigger, near line: 10532
Unknown trigger type: officers_clothes_pop_trigger, near line: 10535
Unknown trigger type: soldier_clothes_pop_trigger, near line: 10536" in file: "gfx/portraits/portrait_modifiers/01_clothes.txt" near line: 10537
[09:25:08][pdx_persistent_reader.cpp:268]: Error: "Unknown trigger type: serbian_clothes_pop_trigger, near line: 10580
Unknown trigger type: officers_clothes_pop_trigger, near line: 10583
Unknown trigger type: soldier_clothes_pop_trigger, near line: 10584" in file: "gfx/portraits/portrait_modifiers/01_clothes.txt" near line: 10585
[09:25:08][pdx_persistent_reader.cpp:268]: Error: "Unknown trigger type: serbian_clothes_pop_trigger, near line: 10620
Unknown trigger type: officers_clothes_pop_trigger, near line: 10623
Unknown trigger type: soldier_clothes_pop_trigger, near line: 10624" in file: "gfx/portraits/portrait_modifiers/01_clothes.txt" near line: 10625
[09:25:08][pdx_persistent_reader.cpp:268]: Error: "Unknown trigger type: romanian_clothes_trigger, near line: 10682" in file: "gfx/portraits/portrait_modifiers/01_clothes.txt" near line: 10686
[09:25:08][pdx_persistent_reader.cpp:268]: Error: "Unknown trigger type: monarchy_clothes_trigger, near line: 10691
Unknown trigger type: military_clothes_trigger, near line: 10692
Unknown trigger type: armed_forces_clothes_trigger, near line: 10694
Unknown trigger type: politician_clothes_trigger, near line: 10696
Unknown trigger type: ruler_clothes_trigger, near line: 10697" in file: "gfx/portraits/portrait_modifiers/01_clothes.txt" near line: 10698
[09:25:08][pdx_persistent_reader.cpp:268]: Error: "Unknown trigger type: romanian_clothes_pop_trigger, near line: 10747
Unknown trigger type: soldier_clothes_pop_trigger, near line: 10749
Unknown trigger type: officers_clothes_pop_trigger, near line: 10750" in file: "gfx/portraits/portrait_modifiers/01_clothes.txt" near line: 10751
[09:25:08][pdx_persistent_reader.cpp:268]: Error: "Unknown trigger type: romanian_clothes_pop_trigger, near line: 10793
Unknown trigger type: soldier_clothes_pop_trigger, near line: 10794" in file: "gfx/portraits/portrait_modifiers/01_clothes.txt" near line: 10795
[09:25:08][pdx_persistent_reader.cpp:268]: Error: "Unknown trigger type: romanian_clothes_pop_trigger, near line: 10842
Unknown trigger type: officers_clothes_pop_trigger, near line: 10843" in file: "gfx/portraits/portrait_modifiers/01_clothes.txt" near line: 10844
[09:25:08][pdx_persistent_reader.cpp:268]: Error: "Unknown trigger type: romanian_clothes_trigger, near line: 10894" in file: "gfx/portraits/portrait_modifiers/01_clothes.txt" near line: 10900
[09:25:08][pdx_persistent_reader.cpp:268]: Error: "Unknown trigger type: monarchy_clothes_trigger, near line: 10906
Unknown trigger type: military_clothes_trigger, near line: 10907
Unknown trigger type: armed_forces_clothes_trigger, near line: 10909
Unknown trigger type: politician_clothes_trigger, near line: 10911
Unknown trigger type: ruler_clothes_trigger, near line: 10912" in file: "gfx/portraits/portrait_modifiers/01_clothes.txt" near line: 10913
[09:25:08][pdx_persistent_reader.cpp:268]: Error: "Unknown trigger type: romanian_clothes_trigger, near line: 10974
Unknown trigger type: monarchy_clothes_trigger, near line: 10978
Unknown trigger type: military_clothes_trigger, near line: 10979
Unknown trigger type: armed_forces_clothes_trigger, near line: 10981
Unknown trigger type: politician_clothes_trigger, near line: 10983
Unknown trigger type: ruler_clothes_trigger, near line: 10984" in file: "gfx/portraits/portrait_modifiers/01_clothes.txt" near line: 10985
[09:25:08][pdx_persistent_reader.cpp:268]: Error: "Unknown trigger type: romanian_clothes_pop_trigger, near line: 11029
Unknown trigger type: soldier_clothes_pop_trigger, near line: 11031
Unknown trigger type: officers_clothes_pop_trigger, near line: 11032" in file: "gfx/portraits/portrait_modifiers/01_clothes.txt" near line: 11033
[09:25:08][pdx_persistent_reader.cpp:268]: Error: "Unknown trigger type: romanian_clothes_trigger, near line: 11078
Unknown trigger type: military_clothes_trigger, near line: 11082
Unknown trigger type: armed_forces_clothes_trigger, near line: 11084
Unknown trigger type: politician_clothes_trigger, near line: 11086
Unknown trigger type: ruler_clothes_trigger, near line: 11087" in file: "gfx/portraits/portrait_modifiers/01_clothes.txt" near line: 11088
[09:25:08][pdx_persistent_reader.cpp:268]: Error: "Unknown trigger type: romanian_clothes_trigger, near line: 11146
Unknown trigger type: military_clothes_trigger, near line: 11150
Unknown trigger type: armed_forces_clothes_trigger, near line: 11152
Unknown trigger type: politician_clothes_trigger, near line: 11154
Unknown trigger type: ruler_clothes_trigger, near line: 11155" in file: "gfx/portraits/portrait_modifiers/01_clothes.txt" near line: 11156
[09:25:08][pdx_persistent_reader.cpp:268]: Error: "Unknown trigger type: romanian_clothes_pop_trigger, near line: 11211
Unknown trigger type: officers_clothes_pop_trigger, near line: 11214
Unknown trigger type: soldier_clothes_pop_trigger, near line: 11215" in file: "gfx/portraits/portrait_modifiers/01_clothes.txt" near line: 11216
[09:25:08][pdx_persistent_reader.cpp:268]: Error: "Unknown trigger type: romanian_clothes_pop_trigger, near line: 11251
Unknown trigger type: officers_clothes_pop_trigger, near line: 11254
Unknown trigger type: soldier_clothes_pop_trigger, near line: 11255" in file: "gfx/portraits/portrait_modifiers/01_clothes.txt" near line: 11256
[09:25:08][pdx_persistent_reader.cpp:268]: Error: "Unknown trigger type: greek_clothes_trigger, near line: 11313
Unknown trigger type: monarchy_clothes_trigger, near line: 11317
Unknown trigger type: military_clothes_trigger, near line: 11318
Unknown trigger type: armed_forces_clothes_trigger, near line: 11320
Unknown trigger type: politician_clothes_trigger, near line: 11322
Unknown trigger type: ruler_clothes_trigger, near line: 11323" in file: "gfx/portraits/portrait_modifiers/01_clothes.txt" near line: 11324
[09:25:08][pdx_persistent_reader.cpp:268]: Error: "Unknown trigger type: greek_clothes_trigger, near line: 11380
Unknown trigger type: monarchy_clothes_trigger, near line: 11384
Unknown trigger type: military_clothes_trigger, near line: 11385
Unknown trigger type: armed_forces_clothes_trigger, near line: 11387
Unknown trigger type: politician_clothes_trigger, near line: 11389
Unknown trigger type: ruler_clothes_trigger, near line: 11390" in file: "gfx/portraits/portrait_modifiers/01_clothes.txt" near line: 11391
[09:25:08][pdx_persistent_reader.cpp:268]: Error: "Unknown trigger type: greek_clothes_trigger, near line: 11450" in file: "gfx/portraits/portrait_modifiers/01_clothes.txt" near line: 11456
[09:25:08][pdx_persistent_reader.cpp:268]: Error: "Unknown trigger type: military_clothes_trigger, near line: 11457
Unknown trigger type: armed_forces_clothes_trigger, near line: 11459
Unknown trigger type: politician_clothes_trigger, near line: 11461
Unknown trigger type: ruler_clothes_trigger, near line: 11462" in file: "gfx/portraits/portrait_modifiers/01_clothes.txt" near line: 11463
[09:25:08][pdx_persistent_reader.cpp:268]: Error: "Unknown trigger type: greek_clothes_trigger, near line: 11516
Unknown trigger type: armed_forces_clothes_trigger, near line: 11519" in file: "gfx/portraits/portrait_modifiers/01_clothes.txt" near line: 11523
[09:25:08][pdx_persistent_reader.cpp:268]: Error: "Unknown trigger type: agitator_character_trigger, near line: 11526" in file: "gfx/portraits/portrait_modifiers/01_clothes.txt" near line: 11527
[09:25:08][pdx_persistent_reader.cpp:268]: Error: "Unknown trigger type: greek_clothes_pop_trigger, near line: 11539
Unknown trigger type: officers_clothes_pop_trigger, near line: 11542
Unknown trigger type: soldier_clothes_pop_trigger, near line: 11543" in file: "gfx/portraits/portrait_modifiers/01_clothes.txt" near line: 11544
[09:25:08][pdx_persistent_reader.cpp:268]: Error: "Unknown trigger type: greek_clothes_pop_trigger, near line: 11568
Unknown trigger type: soldier_clothes_pop_trigger, near line: 11569" in file: "gfx/portraits/portrait_modifiers/01_clothes.txt" near line: 11575
[09:25:08][pdx_persistent_reader.cpp:268]: Error: "Unknown trigger type: greek_clothes_pop_trigger, near line: 11601
Unknown trigger type: officers_clothes_pop_trigger, near line: 11602" in file: "gfx/portraits/portrait_modifiers/01_clothes.txt" near line: 11608
[09:25:08][pdx_persistent_reader.cpp:268]: Error: "Unknown trigger type: greek_clothes_pop_trigger, near line: 11641
Unknown trigger type: soldier_clothes_pop_trigger, near line: 11642" in file: "gfx/portraits/portrait_modifiers/01_clothes.txt" near line: 11649
[09:25:08][pdx_persistent_reader.cpp:268]: Error: "Unknown trigger type: greek_clothes_pop_trigger, near line: 11681
Unknown trigger type: officers_clothes_pop_trigger, near line: 11682" in file: "gfx/portraits/portrait_modifiers/01_clothes.txt" near line: 11689
[09:25:08][pdx_persistent_reader.cpp:268]: Error: "Unknown trigger type: greek_clothes_pop_trigger, near line: 11727
Unknown trigger type: soldier_clothes_pop_trigger, near line: 11729
Unknown trigger type: officers_clothes_pop_trigger, near line: 11730" in file: "gfx/portraits/portrait_modifiers/01_clothes.txt" near line: 11731
[09:25:08][pdx_persistent_reader.cpp:268]: Error: "Unknown trigger type: montenegrin_clothes_trigger, near line: 11800
Unknown trigger type: monarchy_clothes_trigger, near line: 11804
Unknown trigger type: military_clothes_trigger, near line: 11805
Unknown trigger type: armed_forces_clothes_trigger, near line: 11807
Unknown trigger type: politician_clothes_trigger, near line: 11809
Unknown trigger type: ruler_clothes_trigger, near line: 11810" in file: "gfx/portraits/portrait_modifiers/01_clothes.txt" near line: 11811
[09:25:08][pdx_persistent_reader.cpp:268]: Error: "Unknown trigger type: montenegrin_clothes_pop_trigger, near line: 11864
Unknown trigger type: soldier_clothes_pop_trigger, near line: 11866
Unknown trigger type: officers_clothes_pop_trigger, near line: 11867" in file: "gfx/portraits/portrait_modifiers/01_clothes.txt" near line: 11868
[09:25:08][pdx_persistent_reader.cpp:268]: Error: "Unknown trigger type: montenegrin_clothes_trigger, near line: 11933" in file: "gfx/portraits/portrait_modifiers/01_clothes.txt" near line: 11939
[09:25:08][pdx_persistent_reader.cpp:268]: Error: "Unknown trigger type: military_clothes_trigger, near line: 11940
Unknown trigger type: armed_forces_clothes_trigger, near line: 11942
Unknown trigger type: politician_clothes_trigger, near line: 11944
Unknown trigger type: ruler_clothes_trigger, near line: 11945" in file: "gfx/portraits/portrait_modifiers/01_clothes.txt" near line: 11946
[09:25:08][pdx_persistent_reader.cpp:268]: Error: "Unknown trigger type: montenegrin_clothes_pop_trigger, near line: 11990
Unknown trigger type: officers_clothes_pop_trigger, near line: 11991" in file: "gfx/portraits/portrait_modifiers/01_clothes.txt" near line: 11996
[09:25:08][pdx_persistent_reader.cpp:268]: Error: "Unknown trigger type: montenegrin_clothes_pop_trigger, near line: 12033
Unknown trigger type: soldier_clothes_pop_trigger, near line: 12034" in file: "gfx/portraits/portrait_modifiers/01_clothes.txt" near line: 12039
[09:25:08][pdx_persistent_reader.cpp:268]: Error: "Unknown trigger type: portuguese_clothes_trigger, near line: 12092
Unknown trigger type: monarchy_clothes_trigger, near line: 12094" in file: "gfx/portraits/portrait_modifiers/01_clothes.txt" near line: 12095
[09:25:08][pdx_persistent_reader.cpp:268]: Error: "Unknown trigger type: portuguese_clothes_trigger, near line: 12144
Unknown trigger type: monarchy_clothes_trigger, near line: 12146" in file: "gfx/portraits/portrait_modifiers/01_clothes.txt" near line: 12147
[09:25:08][pdx_persistent_reader.cpp:268]: Error: "Unknown trigger type: portuguese_empire_clothes_trigger, near line: 12203
Unknown trigger type: military_clothes_trigger, near line: 12205
Unknown trigger type: armed_forces_clothes_trigger, near line: 12207
Unknown trigger type: politician_clothes_trigger, near line: 12209
Unknown trigger type: ruler_clothes_trigger, near line: 12210" in file: "gfx/portraits/portrait_modifiers/01_clothes.txt" near line: 12211
[09:25:08][pdx_persistent_reader.cpp:268]: Error: "Unknown trigger type: portuguese_empire_clothes_trigger, near line: 12268
Unknown trigger type: military_clothes_trigger, near line: 12270
Unknown trigger type: armed_forces_clothes_trigger, near line: 12272
Unknown trigger type: politician_clothes_trigger, near line: 12274
Unknown trigger type: ruler_clothes_trigger, near line: 12275" in file: "gfx/portraits/portrait_modifiers/01_clothes.txt" near line: 12276
[09:25:08][pdx_persistent_reader.cpp:268]: Error: "Unknown trigger type: portuguese_empire_clothes_trigger, near line: 12333
Unknown trigger type: military_clothes_trigger, near line: 12335
Unknown trigger type: armed_forces_clothes_trigger, near line: 12337
Unknown trigger type: politician_clothes_trigger, near line: 12339
Unknown trigger type: ruler_clothes_trigger, near line: 12340" in file: "gfx/portraits/portrait_modifiers/01_clothes.txt" near line: 12341
[09:25:08][pdx_persistent_reader.cpp:268]: Error: "Unknown trigger type: portuguese_empire_clothes_pop_trigger, near line: 12391
Unknown trigger type: officers_clothes_pop_trigger, near line: 12392" in file: "gfx/portraits/portrait_modifiers/01_clothes.txt" near line: 12396
[09:25:08][pdx_persistent_reader.cpp:268]: Error: "Unknown trigger type: portuguese_empire_clothes_pop_trigger, near line: 12428
Unknown trigger type: soldier_clothes_pop_trigger, near line: 12429" in file: "gfx/portraits/portrait_modifiers/01_clothes.txt" near line: 12433
[09:25:08][pdx_persistent_reader.cpp:268]: Error: "Unknown trigger type: portuguese_empire_clothes_pop_trigger, near line: 12483
Unknown trigger type: officers_clothes_pop_trigger, near line: 12484" in file: "gfx/portraits/portrait_modifiers/01_clothes.txt" near line: 12489
[09:25:08][pdx_persistent_reader.cpp:268]: Error: "Unknown trigger type: portuguese_empire_clothes_pop_trigger, near line: 12520
Unknown trigger type: soldier_clothes_pop_trigger, near line: 12521" in file: "gfx/portraits/portrait_modifiers/01_clothes.txt" near line: 12526
[09:25:08][pdx_persistent_reader.cpp:268]: Error: "Unknown trigger type: portuguese_empire_clothes_pop_trigger, near line: 12575
Unknown trigger type: officers_clothes_pop_trigger, near line: 12576" in file: "gfx/portraits/portrait_modifiers/01_clothes.txt" near line: 12581
[09:25:08][pdx_persistent_reader.cpp:268]: Error: "Unknown trigger type: portuguese_empire_clothes_pop_trigger, near line: 12612
Unknown trigger type: soldier_clothes_pop_trigger, near line: 12613" in file: "gfx/portraits/portrait_modifiers/01_clothes.txt" near line: 12618
[09:25:08][pdx_persistent_reader.cpp:268]: Error: "Unknown trigger type: portuguese_empire_clothes_pop_trigger, near line: 12655
Unknown trigger type: soldier_clothes_pop_trigger, near line: 12657
Unknown trigger type: officers_clothes_pop_trigger, near line: 12658" in file: "gfx/portraits/portrait_modifiers/01_clothes.txt" near line: 12659
[09:25:08][pdx_persistent_reader.cpp:268]: Error: "Unknown trigger type: carlist_clothes_trigger, near line: 12730
Unknown trigger type: monarchy_clothes_trigger, near line: 12731" in file: "gfx/portraits/portrait_modifiers/01_clothes.txt" near line: 12732
[09:25:08][pdx_persistent_reader.cpp:268]: Error: "Unknown trigger type: carlist_clothes_trigger, near line: 12784
Unknown trigger type: military_clothes_trigger, near line: 12786
Unknown trigger type: armed_forces_clothes_trigger, near line: 12788
Unknown trigger type: politician_clothes_trigger, near line: 12790
Unknown trigger type: ruler_clothes_trigger, near line: 12791" in file: "gfx/portraits/portrait_modifiers/01_clothes.txt" near line: 12792
[09:25:08][pdx_persistent_reader.cpp:268]: Error: "Unknown trigger type: spanish_clothes_trigger, near line: 12846
Unknown trigger type: monarchy_clothes_trigger, near line: 12848" in file: "gfx/portraits/portrait_modifiers/01_clothes.txt" near line: 12849
[09:25:08][pdx_persistent_reader.cpp:268]: Error: "Unknown trigger type: carlist_clothes_trigger, near line: 12910
Unknown trigger type: spanish_clothes_trigger, near line: 12911" in file: "gfx/portraits/portrait_modifiers/01_clothes.txt" near line: 12912
[09:25:08][pdx_persistent_reader.cpp:268]: Error: "Unknown trigger type: monarchy_clothes_trigger, near line: 12914" in file: "gfx/portraits/portrait_modifiers/01_clothes.txt" near line: 12915
[09:25:08][pdx_persistent_reader.cpp:268]: Error: "Unknown trigger type: spanish_empire_clothes_trigger, near line: 12970
Unknown trigger type: military_marshal_clothes_trigger, near line: 12972" in file: "gfx/portraits/portrait_modifiers/01_clothes.txt" near line: 12975
[09:25:08][pdx_persistent_reader.cpp:268]: Error: "Unknown trigger type: armed_forces_clothes_trigger, near line: 12977
Unknown trigger type: politician_clothes_trigger, near line: 12979
Unknown trigger type: ruler_clothes_trigger, near line: 12980" in file: "gfx/portraits/portrait_modifiers/01_clothes.txt" near line: 12981
[09:25:08][pdx_persistent_reader.cpp:268]: Error: "Unknown trigger type: military_governor_clothes_trigger, near line: 12983" in file: "gfx/portraits/portrait_modifiers/01_clothes.txt" near line: 12984
[09:25:08][pdx_persistent_reader.cpp:268]: Error: "Unknown trigger type: spanish_empire_clothes_trigger, near line: 13037
Unknown trigger type: military_clothes_trigger, near line: 13039
Unknown trigger type: armed_forces_clothes_trigger, near line: 13041
Unknown trigger type: politician_clothes_trigger, near line: 13043
Unknown trigger type: ruler_clothes_trigger, near line: 13044" in file: "gfx/portraits/portrait_modifiers/01_clothes.txt" near line: 13045
[09:25:08][pdx_persistent_reader.cpp:268]: Error: "Unknown trigger type: spanish_empire_clothes_trigger, near line: 13103
Unknown trigger type: military_clothes_trigger, near line: 13105
Unknown trigger type: armed_forces_clothes_trigger, near line: 13107
Unknown trigger type: politician_clothes_trigger, near line: 13109
Unknown trigger type: ruler_clothes_trigger, near line: 13110" in file: "gfx/portraits/portrait_modifiers/01_clothes.txt" near line: 13111
[09:25:08][pdx_persistent_reader.cpp:268]: Error: "Unknown trigger type: spanish_colony_clothes_trigger, near line: 13168
Unknown trigger type: military_clothes_trigger, near line: 13170
Unknown trigger type: armed_forces_clothes_trigger, near line: 13172
Unknown trigger type: politician_clothes_trigger, near line: 13174
Unknown trigger type: ruler_clothes_trigger, near line: 13175" in file: "gfx/portraits/portrait_modifiers/01_clothes.txt" near line: 13176
[09:25:08][pdx_persistent_reader.cpp:268]: Error: "Unknown trigger type: carlist_clothes_trigger, near line: 13234
Unknown trigger type: spanish_empire_clothes_trigger, near line: 13235" in file: "gfx/portraits/portrait_modifiers/01_clothes.txt" near line: 13236
[09:25:08][pdx_persistent_reader.cpp:268]: Error: "Unknown trigger type: military_clothes_trigger, near line: 13238
Unknown trigger type: armed_forces_clothes_trigger, near line: 13240
Unknown trigger type: politician_clothes_trigger, near line: 13242
Unknown trigger type: ruler_clothes_trigger, near line: 13243" in file: "gfx/portraits/portrait_modifiers/01_clothes.txt" near line: 13244
[09:25:08][pdx_persistent_reader.cpp:268]: Error: "Unknown trigger type: spanish_clothes_pop_trigger, near line: 13277
Unknown trigger type: spanish_colony_clothes_pop_trigger, near line: 13278" in file: "gfx/portraits/portrait_modifiers/01_clothes.txt" near line: 13279
[09:25:08][pdx_persistent_reader.cpp:268]: Error: "Unknown trigger type: officers_clothes_pop_trigger, near line: 13280" in file: "gfx/portraits/portrait_modifiers/01_clothes.txt" near line: 13284
[09:25:08][pdx_persistent_reader.cpp:268]: Error: "Unknown trigger type: spanish_clothes_pop_trigger, near line: 13317
Unknown trigger type: spanish_colony_clothes_pop_trigger, near line: 13318" in file: "gfx/portraits/portrait_modifiers/01_clothes.txt" near line: 13319
[09:25:08][pdx_persistent_reader.cpp:268]: Error: "Unknown trigger type: soldier_clothes_pop_trigger, near line: 13320" in file: "gfx/portraits/portrait_modifiers/01_clothes.txt" near line: 13324
[09:25:08][pdx_persistent_reader.cpp:268]: Error: "Unknown trigger type: spanish_clothes_pop_trigger, near line: 13363
Unknown trigger type: spanish_colony_clothes_pop_trigger, near line: 13364" in file: "gfx/portraits/portrait_modifiers/01_clothes.txt" near line: 13365
[09:25:08][pdx_persistent_reader.cpp:268]: Error: "Unknown trigger type: officers_clothes_pop_trigger, near line: 13366" in file: "gfx/portraits/portrait_modifiers/01_clothes.txt" near line: 13371
[09:25:08][pdx_persistent_reader.cpp:268]: Error: "Unknown trigger type: spanish_clothes_pop_trigger, near line: 13403
Unknown trigger type: spanish_colony_clothes_pop_trigger, near line: 13404" in file: "gfx/portraits/portrait_modifiers/01_clothes.txt" near line: 13405
[09:25:08][pdx_persistent_reader.cpp:268]: Error: "Unknown trigger type: soldier_clothes_pop_trigger, near line: 13406" in file: "gfx/portraits/portrait_modifiers/01_clothes.txt" near line: 13411
[09:25:08][pdx_persistent_reader.cpp:268]: Error: "Unknown trigger type: spanish_clothes_pop_trigger, near line: 13449
Unknown trigger type: spanish_colony_clothes_pop_trigger, near line: 13450" in file: "gfx/portraits/portrait_modifiers/01_clothes.txt" near line: 13451
[09:25:08][pdx_persistent_reader.cpp:268]: Error: "Unknown trigger type: officers_clothes_pop_trigger, near line: 13452" in file: "gfx/portraits/portrait_modifiers/01_clothes.txt" near line: 13457
[09:25:08][pdx_persistent_reader.cpp:268]: Error: "Unknown trigger type: spanish_clothes_pop_trigger, near line: 13489
Unknown trigger type: spanish_colony_clothes_pop_trigger, near line: 13490" in file: "gfx/portraits/portrait_modifiers/01_clothes.txt" near line: 13491
[09:25:08][pdx_persistent_reader.cpp:268]: Error: "Unknown trigger type: soldier_clothes_pop_trigger, near line: 13492" in file: "gfx/portraits/portrait_modifiers/01_clothes.txt" near line: 13497
[09:25:08][pdx_persistent_reader.cpp:268]: Error: "Unknown trigger type: spanish_clothes_pop_trigger, near line: 13536" in file: "gfx/portraits/portrait_modifiers/01_clothes.txt" near line: 13540
[09:25:08][pdx_persistent_reader.cpp:268]: Error: "Unknown trigger type: spanish_colony_clothes_pop_trigger, near line: 13543" in file: "gfx/portraits/portrait_modifiers/01_clothes.txt" near line: 13544
[09:25:08][pdx_persistent_reader.cpp:268]: Error: "Unknown trigger type: soldier_clothes_pop_trigger, near line: 13546
Unknown trigger type: officers_clothes_pop_trigger, near line: 13547" in file: "gfx/portraits/portrait_modifiers/01_clothes.txt" near line: 13548
[09:25:08][pdx_persistent_reader.cpp:268]: Error: "Unknown trigger type: spanish_clothes_pop_trigger, near line: 13590
Unknown trigger type: soldier_clothes_pop_trigger, near line: 13592
Unknown trigger type: officers_clothes_pop_trigger, near line: 13593" in file: "gfx/portraits/portrait_modifiers/01_clothes.txt" near line: 13594
[09:25:08][pdx_persistent_reader.cpp:268]: Error: "Unknown trigger type: european_clothes_trigger, near line: 13640" in file: "gfx/portraits/portrait_modifiers/01_clothes.txt" near line: 13647
[09:25:08][pdx_persistent_reader.cpp:268]: Error: "Unknown trigger type: african_diaspora_clothes_trigger, near line: 13650" in file: "gfx/portraits/portrait_modifiers/01_clothes.txt" near line: 13651
[09:25:08][pdx_persistent_reader.cpp:268]: Error: "Unknown trigger type: politician_clothes_trigger, near line: 13653
Unknown trigger type: magnate_clothes_trigger, near line: 13654
Unknown trigger type: executive_clothes_trigger, near line: 13656" in file: "gfx/portraits/portrait_modifiers/01_clothes.txt" near line: 13659
[09:25:08][pdx_persistent_reader.cpp:268]: Error: "Unknown trigger type: european_clothes_trigger, near line: 13675
Unknown trigger type: ruler_clothes_trigger, near line: 13676
Unknown trigger type: monarchy_clothes_trigger, near line: 13677" in file: "gfx/portraits/portrait_modifiers/01_clothes.txt" near line: 13678
[09:25:08][pdx_persistent_reader.cpp:268]: Error: "Unknown trigger type: european_clothes_trigger, near line: 13716" in file: "gfx/portraits/portrait_modifiers/01_clothes.txt" near line: 13723
[09:25:08][pdx_persistent_reader.cpp:268]: Error: "Unknown trigger type: african_diaspora_clothes_trigger, near line: 13726" in file: "gfx/portraits/portrait_modifiers/01_clothes.txt" near line: 13727
[09:25:08][pdx_persistent_reader.cpp:268]: Error: "Unknown trigger type: politician_clothes_trigger, near line: 13728
Unknown trigger type: armed_forces_clothes_trigger, near line: 13729" in file: "gfx/portraits/portrait_modifiers/01_clothes.txt" near line: 13735
[09:25:08][pdx_persistent_reader.cpp:268]: Error: "Unknown trigger type: european_clothes_trigger, near line: 13742
Unknown trigger type: ruler_clothes_trigger, near line: 13743
Unknown trigger type: monarchy_clothes_trigger, near line: 13744" in file: "gfx/portraits/portrait_modifiers/01_clothes.txt" near line: 13745
[09:25:08][pdx_persistent_reader.cpp:268]: Error: "Unknown trigger type: japanese_shogun_clothes_trigger, near line: 13928" in file: "gfx/portraits/portrait_modifiers/01_clothes.txt" near line: 13929
[09:25:08][pdx_persistent_reader.cpp:268]: Error: "Unknown trigger type: japanese_imperial_clothes_trigger, near line: 13946
Unknown trigger type: japanese_restoration_trigger, near line: 13948" in file: "gfx/portraits/portrait_modifiers/01_clothes.txt" near line: 13949
[09:25:08][pdx_persistent_reader.cpp:268]: Error: "Unknown trigger type: japanese_clothes_pop_trigger, near line: 13973
Unknown trigger type: poor_clothes_pop_trigger, near line: 13974" in file: "gfx/portraits/portrait_modifiers/01_clothes.txt" near line: 13975
[09:25:08][pdx_persistent_reader.cpp:268]: Error: "Unknown trigger type: japanese_clothes_pop_trigger, near line: 13998
Unknown trigger type: clergy_clothes_pop_trigger, near line: 13999" in file: "gfx/portraits/portrait_modifiers/01_clothes.txt" near line: 14000
[09:25:08][pdx_persistent_reader.cpp:268]: Error: "Unknown trigger type: japanese_clothes_pop_trigger, near line: 14029
Unknown trigger type: middle_clothes_pop_trigger, near line: 14031
Unknown trigger type: upper_clothes_pop_trigger, near line: 14032" in file: "gfx/portraits/portrait_modifiers/01_clothes.txt" near line: 14033
[09:25:08][pdx_persistent_reader.cpp:268]: Error: "Unknown trigger type: clergy_clothes_pop_trigger, near line: 14034" in file: "gfx/portraits/portrait_modifiers/01_clothes.txt" near line: 14035
[09:25:08][pdx_persistent_reader.cpp:268]: Error: "Unknown trigger type: agitator_character_trigger, near line: 14039
Unknown trigger type: monarchy_clothes_trigger, near line: 14044" in file: "gfx/portraits/portrait_modifiers/01_clothes.txt" near line: 14045
[09:25:08][pdx_persistent_reader.cpp:268]: Error: "Unknown trigger type: japanese_restoration_trigger, near line: 14056" in file: "gfx/portraits/portrait_modifiers/01_clothes.txt" near line: 14057
[09:25:08][pdx_persistent_reader.cpp:268]: Error: "Unknown trigger type: korean_clothes_pop_trigger, near line: 14119
Unknown trigger type: poor_clothes_pop_trigger, near line: 14121
Unknown trigger type: middle_clothes_pop_trigger, near line: 14122
Unknown trigger type: soldier_clothes_pop_trigger, near line: 14123
Unknown trigger type: clergy_clothes_pop_trigger, near line: 14124" in file: "gfx/portraits/portrait_modifiers/01_clothes.txt" near line: 14125
[09:25:08][pdx_persistent_reader.cpp:268]: Error: "Unknown trigger type: korean_clothes_trigger, near line: 14146" in file: "gfx/portraits/portrait_modifiers/01_clothes.txt" near line: 14149
[09:25:08][pdx_persistent_reader.cpp:268]: Error: "Unknown trigger type: korean_clothes_pop_trigger, near line: 14152
Unknown trigger type: upper_clothes_pop_trigger, near line: 14154" in file: "gfx/portraits/portrait_modifiers/01_clothes.txt" near line: 14157
[09:25:08][pdx_persistent_reader.cpp:268]: Error: "Unknown trigger type: korean_clothes_trigger, near line: 14179" in file: "gfx/portraits/portrait_modifiers/01_clothes.txt" near line: 14187
[09:25:08][pdx_persistent_reader.cpp:268]: Error: "Unknown trigger type: korean_clothes_trigger, near line: 14196" in file: "gfx/portraits/portrait_modifiers/01_clothes.txt" near line: 14200
[09:25:08][pdx_persistent_reader.cpp:268]: Error: "Unknown trigger type: agitator_character_trigger, near line: 14219
Unknown trigger type: arabic_clothes_trigger, near line: 14221" in file: "gfx/portraits/portrait_modifiers/01_clothes.txt" near line: 14227
[09:25:08][pdx_persistent_reader.cpp:268]: Error: "Unknown trigger type: armed_forces_clothes_trigger, near line: 14231" in file: "gfx/portraits/portrait_modifiers/01_clothes.txt" near line: 14232
[09:25:08][pdx_persistent_reader.cpp:268]: Error: "Unknown trigger type: arabic_clothes_trigger, near line: 14250
Unknown trigger type: arabic_clothes_pop_trigger, near line: 14251" in file: "gfx/portraits/portrait_modifiers/01_clothes.txt" near line: 14255
[09:25:08][pdx_persistent_reader.cpp:268]: Error: "Unknown trigger type: military_clothes_trigger, near line: 14259
Unknown trigger type: officers_clothes_pop_trigger, near line: 14260
Unknown trigger type: armed_forces_clothes_trigger, near line: 14262
Unknown trigger type: politician_clothes_trigger, near line: 14264
Unknown trigger type: ruler_clothes_trigger, near line: 14265" in file: "gfx/portraits/portrait_modifiers/01_clothes.txt" near line: 14266
[09:25:08][pdx_persistent_reader.cpp:268]: Error: "Unknown trigger type: ethiopian_clothes_trigger, near line: 14321" in file: "gfx/portraits/portrait_modifiers/01_clothes.txt" near line: 14331
[09:25:08][pdx_persistent_reader.cpp:268]: Error: "Unknown trigger type: ethiopian_clothes_trigger, near line: 14379" in file: "gfx/portraits/portrait_modifiers/01_clothes.txt" near line: 14387
[09:25:08][pdx_persistent_reader.cpp:268]: Error: "Unknown trigger type: siamese_clothes_trigger, near line: 14428" in file: "gfx/portraits/portrait_modifiers/01_clothes.txt" near line: 14430
[09:25:08][pdx_persistent_reader.cpp:268]: Error: "Unknown trigger type: siamese_clothes_trigger, near line: 14453
Unknown trigger type: monarchy_clothes_trigger, near line: 14454" in file: "gfx/portraits/portrait_modifiers/01_clothes.txt" near line: 14455
[09:25:08][pdx_persistent_reader.cpp:268]: Error: "Unknown trigger type: military_clothes_trigger, near line: 14472" in file: "gfx/portraits/portrait_modifiers/01_clothes.txt" near line: 14474
[09:25:08][pdx_persistent_reader.cpp:268]: Error: "Unknown trigger type: military_clothes_trigger, near line: 14523" in file: "gfx/portraits/portrait_modifiers/01_clothes.txt" near line: 14526
[09:25:08][pdx_persistent_reader.cpp:268]: Error: "Unknown trigger type: military_clothes_trigger, near line: 14565" in file: "gfx/portraits/portrait_modifiers/01_clothes.txt" near line: 14569
[09:25:08][pdx_persistent_reader.cpp:268]: Error: "Unknown trigger type: politician_clothes_trigger, near line: 14572
Unknown trigger type: monarchy_clothes_trigger, near line: 14573
Unknown trigger type: devout_clothes_trigger, near line: 14575" in file: "gfx/portraits/portrait_modifiers/01_clothes.txt" near line: 14583
[09:25:08][pdx_persistent_reader.cpp:268]: Error: "Unknown trigger type: christian_clothes_trigger, near line: 14588
Unknown trigger type: ruler_clothes_trigger, near line: 14589" in file: "gfx/portraits/portrait_modifiers/01_clothes.txt" near line: 14592
[09:25:08][pdx_persistent_reader.cpp:268]: Error: "Unknown trigger type: military_clothes_trigger, near line: 14634
Unknown trigger type: european_clothes_trigger, near line: 14635" in file: "gfx/portraits/portrait_modifiers/01_clothes.txt" near line: 14641
[09:25:08][pdx_persistent_reader.cpp:268]: Error: "Unknown trigger type: european_clothes_pop_trigger, near line: 14667" in file: "gfx/portraits/portrait_modifiers/01_clothes.txt" near line: 14674
[09:25:08][pdx_persistent_reader.cpp:268]: Error: "Unknown trigger type: circumpolar_clothes_pop_trigger, near line: 14737
Unknown trigger type: poor_clothes_pop_trigger, near line: 14739
Unknown trigger type: middle_clothes_pop_trigger, near line: 14740
Unknown trigger type: upper_clothes_pop_trigger, near line: 14741
Unknown trigger type: clergy_clothes_pop_trigger, near line: 14742
Unknown trigger type: soldier_clothes_pop_trigger, near line: 14743
Unknown trigger type: officers_clothes_pop_trigger, near line: 14744" in file: "gfx/portraits/portrait_modifiers/01_clothes.txt" near line: 14745
[09:25:08][pdx_persistent_reader.cpp:268]: Error: "Unknown trigger type: sami_clothes_pop_trigger, near line: 14788
Unknown trigger type: poor_clothes_pop_trigger, near line: 14790
Unknown trigger type: middle_clothes_pop_trigger, near line: 14791
Unknown trigger type: upper_clothes_pop_trigger, near line: 14792
Unknown trigger type: clergy_clothes_pop_trigger, near line: 14793" in file: "gfx/portraits/portrait_modifiers/01_clothes.txt" near line: 14794
[09:25:08][pdx_persistent_reader.cpp:268]: Error: "Unknown trigger type: indigenous_oceanic_clothes_trigger, near line: 14828
Unknown trigger type: upper_clothes_pop_trigger, near line: 14829" in file: "gfx/portraits/portrait_modifiers/01_clothes.txt" near line: 14830
[09:25:08][pdx_persistent_reader.cpp:268]: Error: "Unknown trigger type: indigenous_oceanic_clothes_trigger, near line: 14833
Unknown trigger type: upper_clothes_pop_trigger, near line: 14834
Unknown trigger type: recognized_country_trigger, near line: 14835" in file: "gfx/portraits/portrait_modifiers/01_clothes.txt" near line: 14836
[09:25:08][pdx_persistent_reader.cpp:268]: Error: "Unknown trigger type: indigenous_oceanic_clothes_trigger, near line: 14910
Unknown trigger type: upper_clothes_pop_trigger, near line: 14912
Unknown trigger type: middle_clothes_pop_trigger, near line: 14913" in file: "gfx/portraits/portrait_modifiers/01_clothes.txt" near line: 14916
[09:25:08][pdx_persistent_reader.cpp:268]: Error: "Unknown trigger type: ruler_clothes_trigger, near line: 14925
Unknown trigger type: politician_clothes_trigger, near line: 14926
Unknown trigger type: magnate_clothes_trigger, near line: 14927
Unknown trigger type: executive_clothes_trigger, near line: 14929" in file: "gfx/portraits/portrait_modifiers/01_clothes.txt" near line: 14932
[09:25:08][pdx_persistent_reader.cpp:268]: Error: "Unknown trigger type: recognized_country_trigger, near line: 14938
Unknown trigger type: recognized_country_pop_trigger, near line: 14939" in file: "gfx/portraits/portrait_modifiers/01_clothes.txt" near line: 14947
[09:25:08][pdx_persistent_reader.cpp:268]: Error: "Unknown trigger type: south_american_clothes_pop_trigger, near line: 14987
Unknown trigger type: middle_clothes_pop_trigger, near line: 14988" in file: "gfx/portraits/portrait_modifiers/01_clothes.txt" near line: 14990
[09:25:08][pdx_persistent_reader.cpp:268]: Error: "Unknown trigger type: politician_clothes_trigger, near line: 14996
Unknown trigger type: military_clothes_trigger, near line: 14997" in file: "gfx/portraits/portrait_modifiers/01_clothes.txt" near line: 14998
[09:25:08][pdx_persistent_reader.cpp:268]: Error: "Unknown trigger type: magnate_clothes_trigger, near line: 15000
Unknown trigger type: military_clothes_trigger, near line: 15001" in file: "gfx/portraits/portrait_modifiers/01_clothes.txt" near line: 15002
[09:25:08][pdx_persistent_reader.cpp:268]: Error: "Unknown trigger type: executive_clothes_trigger, near line: 15004" in file: "gfx/portraits/portrait_modifiers/01_clothes.txt" near line: 15007
[09:25:08][pdx_persistent_reader.cpp:268]: Error: "Unknown trigger type: south_american_clothes_character_trigger, near line: 15010" in file: "gfx/portraits/portrait_modifiers/01_clothes.txt" near line: 15016
[09:25:08][pdx_persistent_reader.cpp:268]: Error: "Unknown trigger type: south_american_clothes_character_trigger, near line: 15023" in file: "gfx/portraits/portrait_modifiers/01_clothes.txt" near line: 15024
[09:25:08][pdx_persistent_reader.cpp:268]: Error: "Unknown trigger type: south_east_asia_clothes_pop_trigger, near line: 15044
Unknown trigger type: poor_clothes_pop_trigger, near line: 15046" in file: "gfx/portraits/portrait_modifiers/01_clothes.txt" near line: 15051
[09:25:08][pdx_persistent_reader.cpp:268]: Error: "Unknown trigger type: south_east_asia_clothes_pop_trigger, near line: 15071
Unknown trigger type: middle_clothes_pop_trigger, near line: 15072" in file: "gfx/portraits/portrait_modifiers/01_clothes.txt" near line: 15073
[09:25:08][pdx_persistent_reader.cpp:268]: Error: "Unknown trigger type: south_east_asia_clothes_pop_trigger, near line: 15096
Unknown trigger type: upper_clothes_pop_trigger, near line: 15098" in file: "gfx/portraits/portrait_modifiers/01_clothes.txt" near line: 15103
[09:25:08][pdx_persistent_reader.cpp:268]: Error: "Unknown trigger type: central_asian_clothes_pop_trigger, near line: 15135
Unknown trigger type: clergy_clothes_pop_trigger, near line: 15137
Unknown trigger type: upper_clothes_pop_trigger, near line: 15138" in file: "gfx/portraits/portrait_modifiers/01_clothes.txt" near line: 15139
[09:25:08][pdx_persistent_reader.cpp:268]: Error: "Unknown trigger type: central_asian_clothes_pop_trigger, near line: 15160
Unknown trigger type: middle_clothes_pop_trigger, near line: 15162
Unknown trigger type: poor_clothes_pop_trigger, near line: 15163" in file: "gfx/portraits/portrait_modifiers/01_clothes.txt" near line: 15164
[09:25:08][pdx_persistent_reader.cpp:268]: Error: "Unknown trigger type: indian_clothes_trigger, near line: 15185" in file: "gfx/portraits/portrait_modifiers/01_clothes.txt" near line: 15186
[09:25:08][pdx_persistent_reader.cpp:268]: Error: "Unknown trigger type: indian_clothes_trigger, near line: 15286
Unknown trigger type: monarchy_clothes_trigger, near line: 15287" in file: "gfx/portraits/portrait_modifiers/01_clothes.txt" near line: 15288
[09:25:08][pdx_persistent_reader.cpp:268]: Error: "Unknown trigger type: hindu_clothes_pop_trigger, near line: 15324
Unknown trigger type: clergy_clothes_pop_trigger, near line: 15325" in file: "gfx/portraits/portrait_modifiers/01_clothes.txt" near line: 15326
[09:25:08][pdx_persistent_reader.cpp:268]: Error: "Unknown trigger type: indian_clothes_pop_trigger, near line: 15344" in file: "gfx/portraits/portrait_modifiers/01_clothes.txt" near line: 15348
[09:25:08][pdx_persistent_reader.cpp:268]: Error: "Unknown trigger type: buddhist_clothes_pop_trigger, near line: 15352
Unknown trigger type: animist_clothes_pop_trigger, near line: 15353" in file: "gfx/portraits/portrait_modifiers/01_clothes.txt" near line: 15354
[09:25:08][pdx_persistent_reader.cpp:268]: Error: "Unknown trigger type: clergy_clothes_pop_trigger, near line: 15355" in file: "gfx/portraits/portrait_modifiers/01_clothes.txt" near line: 15356
[09:25:08][pdx_persistent_reader.cpp:268]: Error: "Unknown trigger type: indian_clothes_pop_trigger, near line: 15373
Unknown trigger type: poor_clothes_pop_trigger, near line: 15374" in file: "gfx/portraits/portrait_modifiers/01_clothes.txt" near line: 15375
[09:25:08][pdx_persistent_reader.cpp:268]: Error: "Unknown trigger type: indian_clothes_pop_trigger, near line: 15378
Unknown trigger type: clergy_clothes_pop_trigger, near line: 15379" in file: "gfx/portraits/portrait_modifiers/01_clothes.txt" near line: 15382
[09:25:08][pdx_persistent_reader.cpp:268]: Error: "Unknown trigger type: indian_clothes_pop_trigger, near line: 15401
Unknown trigger type: middle_clothes_pop_trigger, near line: 15403
Unknown trigger type: soldier_clothes_pop_trigger, near line: 15404" in file: "gfx/portraits/portrait_modifiers/01_clothes.txt" near line: 15405
[09:25:08][pdx_persistent_reader.cpp:268]: Error: "Unknown trigger type: indian_clothes_pop_trigger, near line: 15426
Unknown trigger type: upper_clothes_pop_trigger, near line: 15428
Unknown trigger type: officers_clothes_pop_trigger, near line: 15429" in file: "gfx/portraits/portrait_modifiers/01_clothes.txt" near line: 15430
[09:25:08][pdx_persistent_reader.cpp:268]: Error: "Unknown trigger type: clergy_clothes_pop_trigger, near line: 15433" in file: "gfx/portraits/portrait_modifiers/01_clothes.txt" near line: 15436
[09:25:08][pdx_persistent_reader.cpp:268]: Error: "Unknown trigger type: east_asian_clothes_pop_trigger, near line: 15489
Unknown trigger type: japanese_clothes_pop_trigger, near line: 15490
Unknown trigger type: poor_clothes_pop_trigger, near line: 15491
Unknown trigger type: korean_clothes_pop_trigger, near line: 15492" in file: "gfx/portraits/portrait_modifiers/01_clothes.txt" near line: 15493
[09:25:08][pdx_persistent_reader.cpp:268]: Error: "Unknown trigger type: east_asian_clothes_pop_trigger, near line: 15510
Unknown trigger type: japanese_clothes_pop_trigger, near line: 15511
Unknown trigger type: korean_clothes_pop_trigger, near line: 15512
Unknown trigger type: middle_clothes_pop_trigger, near line: 15514
Unknown trigger type: clergy_clothes_pop_trigger, near line: 15515" in file: "gfx/portraits/portrait_modifiers/01_clothes.txt" near line: 15516
[09:25:08][pdx_persistent_reader.cpp:268]: Error: "Unknown trigger type: east_asian_clothes_pop_trigger, near line: 15533
Unknown trigger type: japanese_clothes_pop_trigger, near line: 15534
Unknown trigger type: korean_clothes_pop_trigger, near line: 15535
Unknown trigger type: upper_clothes_pop_trigger, near line: 15536" in file: "gfx/portraits/portrait_modifiers/01_clothes.txt" near line: 15537
[09:25:08][pdx_persistent_reader.cpp:268]: Error: "Unknown trigger type: soldier_clothes_pop_trigger, near line: 15563
Unknown trigger type: poor_clothes_pop_trigger, near line: 15564" in file: "gfx/portraits/portrait_modifiers/01_clothes.txt" near line: 15565
[09:25:08][pdx_persistent_reader.cpp:268]: Error: "Unknown trigger type: arabic_clothes_pop_trigger, near line: 15569" in file: "gfx/portraits/portrait_modifiers/01_clothes.txt" near line: 15574
[09:25:08][pdx_persistent_reader.cpp:268]: Error: "Unknown trigger type: poor_clothes_pop_trigger, near line: 15583" in file: "gfx/portraits/portrait_modifiers/01_clothes.txt" near line: 15584
[09:25:08][pdx_persistent_reader.cpp:268]: Error: "Unknown trigger type: arabic_clothes_pop_trigger, near line: 15604" in file: "gfx/portraits/portrait_modifiers/01_clothes.txt" near line: 15608
[09:25:08][pdx_persistent_reader.cpp:268]: Error: "Unknown trigger type: middle_clothes_pop_trigger, near line: 15611" in file: "gfx/portraits/portrait_modifiers/01_clothes.txt" near line: 15612
[09:25:08][pdx_persistent_reader.cpp:268]: Error: "Unknown trigger type: arabic_clothes_pop_trigger, near line: 15630
Unknown trigger type: upper_clothes_pop_trigger, near line: 15631" in file: "gfx/portraits/portrait_modifiers/01_clothes.txt" near line: 15632
[09:25:08][pdx_persistent_reader.cpp:268]: Error: "Unknown trigger type: european_clothes_pop_trigger, near line: 15664
Unknown trigger type: african_diaspora_pop_clothes_trigger, near line: 15665" in file: "gfx/portraits/portrait_modifiers/01_clothes.txt" near line: 15666
[09:25:08][pdx_persistent_reader.cpp:268]: Error: "Unknown trigger type: slaves_clothes_pop_trigger, near line: 15667" in file: "gfx/portraits/portrait_modifiers/01_clothes.txt" near line: 15668
[09:25:08][pdx_persistent_reader.cpp:268]: Error: "Unknown trigger type: european_clothes_pop_trigger, near line: 15706
Unknown trigger type: african_diaspora_pop_clothes_trigger, near line: 15707" in file: "gfx/portraits/portrait_modifiers/01_clothes.txt" near line: 15708
[09:25:08][pdx_persistent_reader.cpp:268]: Error: "Unknown trigger type: middle_clothes_pop_trigger, near line: 15709" in file: "gfx/portraits/portrait_modifiers/01_clothes.txt" near line: 15710
[09:25:08][pdx_persistent_reader.cpp:268]: Error: "Unknown trigger type: japanese_clothes_pop_trigger, near line: 15720
Unknown trigger type: japanese_restoration_trigger, near line: 15722" in file: "gfx/portraits/portrait_modifiers/01_clothes.txt" near line: 15723
[09:25:08][pdx_persistent_reader.cpp:268]: Error: "Unknown trigger type: korean_clothes_pop_trigger, near line: 15726" in file: "gfx/portraits/portrait_modifiers/01_clothes.txt" near line: 15728
[09:25:08][pdx_persistent_reader.cpp:268]: Error: "Unknown trigger type: middle_clothes_pop_trigger, near line: 15733
Unknown trigger type: upper_clothes_pop_trigger, near line: 15734" in file: "gfx/portraits/portrait_modifiers/01_clothes.txt" near line: 15735
[09:25:08][pdx_persistent_reader.cpp:268]: Error: "Unknown trigger type: clergy_clothes_pop_trigger, near line: 15736" in file: "gfx/portraits/portrait_modifiers/01_clothes.txt" near line: 15737
[09:25:08][pdx_persistent_reader.cpp:268]: Error: "Unknown trigger type: european_clothes_pop_trigger, near line: 15769
Unknown trigger type: african_diaspora_pop_clothes_trigger, near line: 15770" in file: "gfx/portraits/portrait_modifiers/01_clothes.txt" near line: 15771
[09:25:08][pdx_persistent_reader.cpp:268]: Error: "Unknown trigger type: upper_clothes_pop_trigger, near line: 15772" in file: "gfx/portraits/portrait_modifiers/01_clothes.txt" near line: 15773
[09:25:08][pdx_persistent_reader.cpp:268]: Error: "Unknown trigger type: integrated_south_american_natives_pop_trigger, near line: 15806
Unknown trigger type: european_clothes_pop_trigger, near line: 15807
Unknown trigger type: african_diaspora_pop_clothes_trigger, near line: 15808" in file: "gfx/portraits/portrait_modifiers/01_clothes.txt" near line: 15809
[09:25:08][pdx_persistent_reader.cpp:268]: Error: "Unknown trigger type: soldier_clothes_pop_trigger, near line: 15811
Unknown trigger type: officers_clothes_pop_trigger, near line: 15812" in file: "gfx/portraits/portrait_modifiers/01_clothes.txt" near line: 15813
[09:25:08][pdx_persistent_reader.cpp:268]: Error: "Unknown trigger type: european_clothes_pop_trigger, near line: 15840
Unknown trigger type: african_diaspora_pop_clothes_trigger, near line: 15841
Unknown trigger type: arabic_clothes_pop_trigger, near line: 15842
Unknown trigger type: native_american_clothes_pop_trigger, near line: 15843
Unknown trigger type: cold_clothes_pop_trigger, near line: 15844" in file: "gfx/portraits/portrait_modifiers/01_clothes.txt" near line: 15845
[09:25:08][pdx_persistent_reader.cpp:268]: Error: "Unknown trigger type: slaves_clothes_pop_trigger, near line: 15846" in file: "gfx/portraits/portrait_modifiers/01_clothes.txt" near line: 15847
[09:25:08][pdx_persistent_reader.cpp:268]: Error: "Unknown trigger type: european_clothes_pop_trigger, near line: 15872
Unknown trigger type: african_diaspora_pop_clothes_trigger, near line: 15873
Unknown trigger type: arabic_clothes_pop_trigger, near line: 15874
Unknown trigger type: native_american_clothes_pop_trigger, near line: 15875
Unknown trigger type: cold_clothes_pop_trigger, near line: 15876" in file: "gfx/portraits/portrait_modifiers/01_clothes.txt" near line: 15877
[09:25:08][pdx_persistent_reader.cpp:268]: Error: "Unknown trigger type: slaves_clothes_pop_trigger, near line: 15879
Unknown trigger type: poor_clothes_pop_trigger, near line: 15880" in file: "gfx/portraits/portrait_modifiers/01_clothes.txt" near line: 15881
[09:25:08][pdx_persistent_reader.cpp:268]: Error: "Unknown trigger type: british_empire_clothes_pop_trigger, near line: 15906
Unknown trigger type: soldier_clothes_pop_trigger, near line: 15907" in file: "gfx/portraits/portrait_modifiers/01_clothes.txt" near line: 15910
[09:25:08][pdx_persistent_reader.cpp:268]: Error: "Unknown trigger type: british_empire_clothes_pop_trigger, near line: 15948
Unknown trigger type: soldier_clothes_pop_trigger, near line: 15949" in file: "gfx/portraits/portrait_modifiers/01_clothes.txt" near line: 15953
[09:25:08][pdx_persistent_reader.cpp:268]: Error: "Unknown trigger type: british_empire_clothes_pop_trigger, near line: 16004
Unknown trigger type: soldier_clothes_pop_trigger, near line: 16006
Unknown trigger type: officers_clothes_pop_trigger, near line: 16007" in file: "gfx/portraits/portrait_modifiers/01_clothes.txt" near line: 16008
[09:25:08][pdx_persistent_reader.cpp:268]: Error: "Unknown trigger type: british_empire_clothes_trigger, near line: 16018" in file: "gfx/portraits/portrait_modifiers/01_clothes.txt" near line: 16024
[09:25:08][pdx_persistent_reader.cpp:268]: Error: "Unknown trigger type: british_empire_clothes_pop_trigger, near line: 16061
Unknown trigger type: officers_clothes_pop_trigger, near line: 16062" in file: "gfx/portraits/portrait_modifiers/01_clothes.txt" near line: 16065
[09:25:08][pdx_persistent_reader.cpp:268]: Error: "Unknown trigger type: soldier_clothes_pop_trigger, near line: 16102
Unknown trigger type: officers_clothes_pop_trigger, near line: 16103" in file: "gfx/portraits/portrait_modifiers/01_clothes.txt" near line: 16104
[09:25:08][pdx_persistent_reader.cpp:268]: Error: "Unknown trigger type: british_empire_clothes_pop_trigger, near line: 16105" in file: "gfx/portraits/portrait_modifiers/01_clothes.txt" near line: 16109
[09:25:08][pdx_persistent_reader.cpp:268]: Error: "Unknown trigger type: japanese_restoration_trigger, near line: 16155" in file: "gfx/portraits/portrait_modifiers/01_clothes.txt" near line: 16156
[09:25:08][pdx_persistent_reader.cpp:268]: Error: "Unknown trigger type: military_clothes_trigger, near line: 16158
Unknown trigger type: monarchy_clothes_trigger, near line: 16159
Unknown trigger type: armed_forces_clothes_trigger, near line: 16161
Unknown trigger type: politician_clothes_trigger, near line: 16163
Unknown trigger type: junta_clothes_trigger, near line: 16164" in file: "gfx/portraits/portrait_modifiers/01_clothes.txt" near line: 16165
[09:25:08][pdx_persistent_reader.cpp:268]: Error: "Unknown trigger type: japanese_restoration_trigger, near line: 16212" in file: "gfx/portraits/portrait_modifiers/01_clothes.txt" near line: 16216
[09:25:08][pdx_persistent_reader.cpp:268]: Error: "Unknown trigger type: japanese_restoration_trigger, near line: 16229" in file: "gfx/portraits/portrait_modifiers/01_clothes.txt" near line: 16230
[09:25:08][pdx_persistent_reader.cpp:268]: Error: "Unknown trigger type: japanese_restoration_trigger, near line: 16281" in file: "gfx/portraits/portrait_modifiers/01_clothes.txt" near line: 16285
[09:25:08][pdx_persistent_reader.cpp:268]: Error: "Unknown trigger type: japanese_restoration_trigger, near line: 16297" in file: "gfx/portraits/portrait_modifiers/01_clothes.txt" near line: 16298
[09:25:08][pdx_persistent_reader.cpp:268]: Error: "Unknown trigger type: japanese_restoration_trigger, near line: 16326" in file: "gfx/portraits/portrait_modifiers/01_clothes.txt" near line: 16327
[09:25:08][pdx_persistent_reader.cpp:268]: Error: "Unknown trigger type: soldier_clothes_pop_trigger, near line: 16329
Unknown trigger type: officers_clothes_pop_trigger, near line: 16330" in file: "gfx/portraits/portrait_modifiers/01_clothes.txt" near line: 16331
[09:25:08][pdx_persistent_reader.cpp:268]: Error: "Unknown trigger type: korean_clothes_trigger, near line: 16369" in file: "gfx/portraits/portrait_modifiers/01_clothes.txt" near line: 16374
[09:25:08][pdx_persistent_reader.cpp:268]: Error: "Unknown trigger type: military_clothes_trigger, near line: 16377
Unknown trigger type: monarchy_clothes_trigger, near line: 16378
Unknown trigger type: armed_forces_clothes_trigger, near line: 16380
Unknown trigger type: politician_clothes_trigger, near line: 16382
Unknown trigger type: junta_clothes_trigger, near line: 16383" in file: "gfx/portraits/portrait_modifiers/01_clothes.txt" near line: 16384
[09:25:08][pdx_persistent_reader.cpp:268]: Error: "Unknown trigger type: korean_clothes_pop_trigger, near line: 16418" in file: "gfx/portraits/portrait_modifiers/01_clothes.txt" near line: 16422
[09:25:08][pdx_persistent_reader.cpp:268]: Error: "Unknown trigger type: soldier_clothes_pop_trigger, near line: 16425
Unknown trigger type: officers_clothes_pop_trigger, near line: 16426" in file: "gfx/portraits/portrait_modifiers/01_clothes.txt" near line: 16427
[09:25:08][pdx_persistent_reader.cpp:268]: Error: "Unknown trigger type: soldier_clothes_pop_trigger, near line: 16469
Unknown trigger type: officers_clothes_pop_trigger, near line: 16470" in file: "gfx/portraits/portrait_modifiers/01_clothes.txt" near line: 16471
[09:25:08][pdx_persistent_reader.cpp:268]: Error: "Unknown trigger type: arabic_clothes_pop_trigger, near line: 16514
Unknown trigger type: central_asian_clothes_pop_trigger, near line: 16515" in file: "gfx/portraits/portrait_modifiers/01_clothes.txt" near line: 16516
[09:25:08][pdx_persistent_reader.cpp:268]: Error: "Unknown trigger type: soldier_clothes_pop_trigger, near line: 16518
Unknown trigger type: officers_clothes_pop_trigger, near line: 16519" in file: "gfx/portraits/portrait_modifiers/01_clothes.txt" near line: 16520
[09:25:08][pdx_persistent_reader.cpp:268]: Error: "Unknown trigger type: slavic_clothes_pop_trigger, near line: 16546
Unknown trigger type: middle_clothes_pop_trigger, near line: 16547" in file: "gfx/portraits/portrait_modifiers/01_clothes.txt" near line: 16548
[09:25:08][pdx_persistent_reader.cpp:268]: Error: "Unknown trigger type: african_clothes_pop_trigger, near line: 16568
Unknown trigger type: african_diaspora_pop_clothes_trigger, near line: 16569
Unknown trigger type: poor_clothes_pop_trigger, near line: 16571" in file: "gfx/portraits/portrait_modifiers/01_clothes.txt" near line: 16572
[09:25:08][pdx_persistent_reader.cpp:268]: Error: "Unknown trigger type: african_clothes_pop_trigger, near line: 16595
Unknown trigger type: african_diaspora_pop_clothes_trigger, near line: 16596" in file: "gfx/portraits/portrait_modifiers/01_clothes.txt" near line: 16597
[09:25:08][pdx_persistent_reader.cpp:268]: Error: "Unknown trigger type: middle_clothes_pop_trigger, near line: 16612" in file: "gfx/portraits/portrait_modifiers/01_clothes.txt" near line: 16613
[09:25:08][pdx_persistent_reader.cpp:268]: Error: "Unknown trigger type: african_clothes_pop_trigger, near line: 16637
Unknown trigger type: african_diaspora_pop_clothes_trigger, near line: 16638" in file: "gfx/portraits/portrait_modifiers/01_clothes.txt" near line: 16639
[09:25:08][pdx_persistent_reader.cpp:268]: Error: "Unknown trigger type: upper_clothes_pop_trigger, near line: 16653" in file: "gfx/portraits/portrait_modifiers/01_clothes.txt" near line: 16654
[09:25:08][pdx_persistent_reader.cpp:268]: Error: "Unknown trigger type: african_clothes_pop_trigger, near line: 16656
Unknown trigger type: clergy_clothes_pop_trigger, near line: 16657" in file: "gfx/portraits/portrait_modifiers/01_clothes.txt" near line: 16661
[09:25:08][pdx_persistent_reader.cpp:268]: Error: "Unknown trigger type: native_american_clothes_pop_trigger, near line: 16797
Unknown trigger type: cold_clothes_pop_trigger, near line: 16798" in file: "gfx/portraits/portrait_modifiers/01_clothes.txt" near line: 16799
[09:25:08][pdx_persistent_reader.cpp:268]: Error: "Unknown trigger type: native_american_clothes_pop_trigger, near line: 16823
Unknown trigger type: poor_clothes_pop_trigger, near line: 16824" in file: "gfx/portraits/portrait_modifiers/01_clothes.txt" near line: 16825
[09:25:08][pdx_persistent_reader.cpp:268]: Error: "Unknown trigger type: native_american_clothes_pop_trigger, near line: 16850" in file: "gfx/portraits/portrait_modifiers/01_clothes.txt" near line: 16855
[09:25:08][pdx_persistent_reader.cpp:268]: Error: "Unknown trigger type: middle_clothes_pop_trigger, near line: 16858
Unknown trigger type: upper_clothes_pop_trigger, near line: 16859
Unknown trigger type: soldier_clothes_pop_trigger, near line: 16860" in file: "gfx/portraits/portrait_modifiers/01_clothes.txt" near line: 16861
[09:25:08][pdx_persistent_reader.cpp:268]: Error: "Unknown trigger type: clergy_clothes_pop_trigger, near line: 16862" in file: "gfx/portraits/portrait_modifiers/01_clothes.txt" near line: 16863
[09:25:08][pdx_persistent_reader.cpp:268]: Error: "Unknown trigger type: native_american_clothes_pop_trigger, near line: 16888
Unknown trigger type: clergy_clothes_pop_trigger, near line: 16889" in file: "gfx/portraits/portrait_modifiers/01_clothes.txt" near line: 16890
[09:25:08][pdx_persistent_reader.cpp:268]: Error: "Unknown trigger type: native_american_clothes_trigger, near line: 16921
Unknown trigger type: ruler_clothes_trigger, near line: 16922" in file: "gfx/portraits/portrait_modifiers/01_clothes.txt" near line: 16923
[09:25:08][pdx_persistent_reader.cpp:268]: Error: "Unknown trigger type: native_american_clothes_trigger, near line: 16950
Unknown trigger type: ruler_clothes_trigger, near line: 16951" in file: "gfx/portraits/portrait_modifiers/01_clothes.txt" near line: 16952
[09:25:08][pdx_persistent_reader.cpp:268]: Error: "Unknown trigger type: native_american_clothes_trigger, near line: 16979" in file: "gfx/portraits/portrait_modifiers/01_clothes.txt" near line: 16987
[09:25:08][pdx_persistent_reader.cpp:268]: Error: "Unknown trigger type: christian_clothes_pop_trigger, near line: 17011" in file: "gfx/portraits/portrait_modifiers/01_clothes.txt" near line: 17021
[09:25:08][pdx_persistent_reader.cpp:268]: Error: "Unknown trigger type: muslim_clothes_pop_trigger, near line: 17043" in file: "gfx/portraits/portrait_modifiers/01_clothes.txt" near line: 17046
[09:25:08][pdx_persistent_reader.cpp:268]: Error: "Unknown trigger type: european_clothes_pop_trigger, near line: 17048
Unknown trigger type: jewish_clothes_pop_trigger, near line: 17049" in file: "gfx/portraits/portrait_modifiers/01_clothes.txt" near line: 17050
[09:25:08][pdx_persistent_reader.cpp:268]: Error: "Unknown trigger type: clergy_clothes_pop_trigger, near line: 17052" in file: "gfx/portraits/portrait_modifiers/01_clothes.txt" near line: 17053
[09:25:08][pdx_persistent_reader.cpp:268]: Error: "Unknown trigger type: european_clothes_pop_trigger, near line: 17071
Unknown trigger type: jewish_clothes_pop_trigger, near line: 17072
Unknown trigger type: clergy_clothes_pop_trigger, near line: 17073" in file: "gfx/portraits/portrait_modifiers/01_clothes.txt" near line: 17074
[09:25:08][pdx_persistent_reader.cpp:268]: Error: "Unknown trigger type: military_clothes_trigger, near line: 17078
Unknown trigger type: european_clothes_trigger, near line: 17079" in file: "gfx/portraits/portrait_modifiers/01_clothes.txt" near line: 17085
[09:25:08][pdx_persistent_reader.cpp:268]: Error: "Unknown trigger type: european_clothes_pop_trigger, near line: 17111" in file: "gfx/portraits/portrait_modifiers/01_clothes.txt" near line: 17118
[09:25:08][pdx_persistent_reader.cpp:268]: Error: "Unknown trigger type: buddhist_clothes_pop_trigger, near line: 17138
Unknown trigger type: indian_clothes_pop_trigger, near line: 17140
Unknown trigger type: japanese_clothes_pop_trigger, near line: 17141" in file: "gfx/portraits/portrait_modifiers/01_clothes.txt" near line: 17145
[09:25:08][pdx_persistent_reader.cpp:268]: Error: "Unknown trigger type: clergy_clothes_pop_trigger, near line: 17148" in file: "gfx/portraits/portrait_modifiers/01_clothes.txt" near line: 17149
[09:25:08][pdx_persistent_reader.cpp:268]: Error: "Unknown trigger type: upper_clothes_pop_trigger, near line: 17205" in file: "gfx/portraits/portrait_modifiers/01_clothes.txt" near line: 17209
[09:25:08][pdx_persistent_reader.cpp:268]: Error: "Unknown trigger type: indian_clothes_pop_trigger, near line: 17250
Unknown trigger type: hindu_clothes_pop_trigger, near line: 17251
Unknown trigger type: middle_clothes_pop_trigger, near line: 17253
Unknown trigger type: upper_clothes_pop_trigger, near line: 17254" in file: "gfx/portraits/portrait_modifiers/01_clothes.txt" near line: 17255
[09:25:08][pdx_persistent_reader.cpp:268]: Error: "Unknown trigger type: indian_clothes_trigger, near line: 17261" in file: "gfx/portraits/portrait_modifiers/01_clothes.txt" near line: 17266
[09:25:08][pdx_persistent_reader.cpp:268]: Error: "Unknown trigger type: slavic_clothes_pop_trigger, near line: 17294
Unknown trigger type: nordic_clothes_pop_trigger, near line: 17295" in file: "gfx/portraits/portrait_modifiers/01_clothes.txt" near line: 17296
[09:25:08][pdx_persistent_reader.cpp:268]: Error: "Unknown trigger type: middle_clothes_pop_trigger, near line: 17298
Unknown trigger type: upper_clothes_pop_trigger, near line: 17299" in file: "gfx/portraits/portrait_modifiers/01_clothes.txt" near line: 17300
[09:25:08][pdx_persistent_reader.cpp:268]: Error: "Unknown trigger type: european_clothes_pop_trigger, near line: 17323
Unknown trigger type: south_american_clothes_pop_trigger, near line: 17324" in file: "gfx/portraits/portrait_modifiers/01_clothes.txt" near line: 17325
[09:25:08][pdx_persistent_reader.cpp:268]: Error: "Unknown trigger type: middle_clothes_pop_trigger, near line: 17327
Unknown trigger type: upper_clothes_pop_trigger, near line: 17328" in file: "gfx/portraits/portrait_modifiers/01_clothes.txt" near line: 17329
[09:25:08][pdx_persistent_reader.cpp:268]: Error: "Unknown trigger type: politician_clothes_trigger, near line: 17492
Unknown trigger type: military_clothes_trigger, near line: 17493" in file: "gfx/portraits/portrait_modifiers/01_clothes.txt" near line: 17494
[09:25:08][pdx_persistent_reader.cpp:268]: Error: "Unknown trigger type: magnate_clothes_trigger, near line: 17496
Unknown trigger type: military_clothes_trigger, near line: 17497
Unknown trigger type: monarchy_clothes_trigger, near line: 17498" in file: "gfx/portraits/portrait_modifiers/01_clothes.txt" near line: 17499
[09:25:08][pdx_persistent_reader.cpp:268]: Error: "Unknown trigger type: executive_clothes_trigger, near line: 17501" in file: "gfx/portraits/portrait_modifiers/01_clothes.txt" near line: 17504
[09:25:08][pdx_persistent_reader.cpp:268]: Error: "Unknown trigger type: ruler_clothes_trigger, near line: 17507
Unknown trigger type: republic_clothes_trigger, near line: 17508" in file: "gfx/portraits/portrait_modifiers/01_clothes.txt" near line: 17509
[09:25:08][pdx_persistent_reader.cpp:268]: Error: "Unknown trigger type: military_clothes_trigger, near line: 17511
Unknown trigger type: junta_clothes_trigger, near line: 17512
Unknown trigger type: south_american_clothes_character_trigger, near line: 17513" in file: "gfx/portraits/portrait_modifiers/01_clothes.txt" near line: 17519
[09:25:08][pdx_persistent_reader.cpp:268]: Error: "Unknown trigger type: south_american_clothes_pop_trigger, near line: 17525" in file: "gfx/portraits/portrait_modifiers/01_clothes.txt" near line: 17531
[09:25:08][pdx_persistent_reader.cpp:268]: Error: "Unknown trigger type: monarchy_clothes_trigger, near line: 17568" in file: "gfx/portraits/portrait_modifiers/01_clothes.txt" near line: 17570
[09:25:08][pdx_persistent_reader.cpp:268]: Error: "Unknown trigger type: military_clothes_trigger, near line: 17617
Unknown trigger type: armed_forces_clothes_trigger, near line: 17619
Unknown trigger type: politician_clothes_trigger, near line: 17621
Unknown trigger type: junta_clothes_trigger, near line: 17622" in file: "gfx/portraits/portrait_modifiers/01_clothes.txt" near line: 17623
[09:25:08][pdx_persistent_reader.cpp:268]: Error: "Unknown trigger type: officers_clothes_pop_trigger, near line: 17634" in file: "gfx/portraits/portrait_modifiers/01_clothes.txt" near line: 17635
[09:25:08][pdx_persistent_reader.cpp:268]: Error: "Unknown trigger type: european_clothes_trigger, near line: 17662" in file: "gfx/portraits/portrait_modifiers/01_clothes.txt" near line: 17668
[09:25:08][pdx_persistent_reader.cpp:268]: Error: "Unknown trigger type: african_diaspora_clothes_trigger, near line: 17671" in file: "gfx/portraits/portrait_modifiers/01_clothes.txt" near line: 17672
[09:25:08][pdx_persistent_reader.cpp:268]: Error: "Unknown trigger type: politician_clothes_trigger, near line: 17674
Unknown trigger type: executive_clothes_trigger, near line: 17675
Unknown trigger type: magnate_clothes_trigger, near line: 17676" in file: "gfx/portraits/portrait_modifiers/01_clothes.txt" near line: 17677
[09:25:08][pdx_persistent_reader.cpp:268]: Error: "Unknown trigger type: military_clothes_trigger, near line: 17679
Unknown trigger type: armed_forces_clothes_trigger, near line: 17680" in file: "gfx/portraits/portrait_modifiers/01_clothes.txt" near line: 17681
[09:25:08][pdx_persistent_reader.cpp:268]: Error: "Unknown trigger type: republic_clothes_trigger, near line: 17693" in file: "gfx/portraits/portrait_modifiers/01_clothes.txt" near line: 17696
[09:25:08][pdx_persistent_reader.cpp:268]: Error: "Unknown trigger type: european_clothes_trigger, near line: 17743
Unknown trigger type: african_diaspora_clothes_trigger, near line: 17744
Unknown trigger type: japanese_restoration_trigger, near line: 17751" in file: "gfx/portraits/portrait_modifiers/01_clothes.txt" near line: 17752
[09:25:08][pdx_persistent_reader.cpp:268]: Error: "Unknown trigger type: european_clothes_trigger, near line: 17756" in file: "gfx/portraits/portrait_modifiers/01_clothes.txt" near line: 17758
[09:25:08][pdx_persistent_reader.cpp:268]: Error: "Unknown trigger type: politician_clothes_trigger, near line: 17775" in file: "gfx/portraits/portrait_modifiers/01_clothes.txt" near line: 17778
[09:25:08][pdx_persistent_reader.cpp:268]: Error: "Unknown trigger type: executive_clothes_trigger, near line: 17780
Unknown trigger type: magnate_clothes_trigger, near line: 17781" in file: "gfx/portraits/portrait_modifiers/01_clothes.txt" near line: 17782
[09:25:08][pdx_persistent_reader.cpp:268]: Error: "Unknown trigger type: poor_clothes_pop_trigger, near line: 17862" in file: "gfx/portraits/portrait_modifiers/01_clothes.txt" near line: 17866
[09:25:08][pdx_persistent_reader.cpp:268]: Error: "Unknown trigger type: poor_clothes_pop_trigger, near line: 17905" in file: "gfx/portraits/portrait_modifiers/01_clothes.txt" near line: 17906
[09:25:08][pdx_persistent_reader.cpp:268]: Error: "Unknown trigger type: country_has_voting_franchise, near line: 18056" in file: "gfx/portraits/portrait_modifiers/01_clothes.txt" near line: 18060
[09:25:08][pdx_persistent_reader.cpp:268]: Error: "Unknown trigger type: soldier_clothes_pop_trigger, near line: 18088
Unknown trigger type: officers_clothes_pop_trigger, near line: 18089" in file: "gfx/portraits/portrait_modifiers/01_clothes.txt" near line: 18090
[09:25:08][pdx_persistent_reader.cpp:268]: Error: "Unknown trigger type: chinese_manchu_queue_hairstyle_pops_trigger, near line: 60
Unknown trigger type: chinese_manchu_queue_hairstyle_character_trigger, near line: 61" in file: "gfx/portraits/portrait_modifiers/01_hairstyles.txt" near line: 62
[09:25:08][pdx_persistent_reader.cpp:268]: Error: "Unknown trigger type: japanese_restoration_trigger, near line: 105" in file: "gfx/portraits/portrait_modifiers/01_hairstyles.txt" near line: 106
[09:25:08][pdx_persistent_reader.cpp:268]: Error: "Unknown trigger type: poor_clothes_pop_trigger, near line: 107" in file: "gfx/portraits/portrait_modifiers/01_hairstyles.txt" near line: 108
[09:25:08][pdx_persistent_reader.cpp:268]: Error: "Unknown trigger type: japanese_restoration_trigger, near line: 129" in file: "gfx/portraits/portrait_modifiers/01_hairstyles.txt" near line: 131
[09:25:08][pdx_persistent_reader.cpp:268]: Error: "Unknown trigger type: agitator_character_trigger, near line: 145" in file: "gfx/portraits/portrait_modifiers/01_hairstyles.txt" near line: 146
[09:25:08][pdx_persistent_reader.cpp:268]: Error: "Unknown trigger type: american_clothes_trigger, near line: 168" in file: "gfx/portraits/portrait_modifiers/01_hairstyles.txt" near line: 178
[09:25:08][pdx_persistent_reader.cpp:268]: Error: "Unknown trigger type: politician_clothes_trigger, near line: 214
Unknown trigger type: armed_forces_clothes_trigger, near line: 215" in file: "gfx/portraits/portrait_modifiers/01_hairstyles.txt" near line: 216
[09:25:08][pdx_persistent_reader.cpp:268]: Error: "Unknown trigger type: native_north_american_clothes_trigger, near line: 226
Unknown trigger type: ruler_clothes_trigger, near line: 227" in file: "gfx/portraits/portrait_modifiers/01_hairstyles.txt" near line: 231
[09:25:08][pdx_persistent_reader.cpp:268]: Error: "Unknown trigger type: european_clothes_pop_trigger, near line: 251
Unknown trigger type: poor_clothes_pop_trigger, near line: 252" in file: "gfx/portraits/portrait_modifiers/01_hairstyles.txt" near line: 253
[09:25:08][pdx_persistent_reader.cpp:268]: Error: "Unknown trigger type: clergy_clothes_pop_trigger, near line: 285" in file: "gfx/portraits/portrait_modifiers/01_hairstyles.txt" near line: 286
[09:25:08][pdx_persistent_reader.cpp:268]: Error: "Unknown trigger type: politician_clothes_trigger, near line: 288
Unknown trigger type: devout_clothes_trigger, near line: 289" in file: "gfx/portraits/portrait_modifiers/01_hairstyles.txt" near line: 294
[09:25:08][pdx_persistent_reader.cpp:268]: Error: "Unknown trigger type: indian_clothes_pop_trigger, near line: 322
Unknown trigger type: upper_clothes_pop_trigger, near line: 323" in file: "gfx/portraits/portrait_modifiers/01_hairstyles.txt" near line: 324
[09:25:08][pdx_persistent_reader.cpp:268]: Error: "Unknown trigger type: monarchy_clothes_trigger, near line: 396" in file: "gfx/portraits/portrait_modifiers/01_hairstyles.txt" near line: 397
[09:25:08][pdx_persistent_reader.cpp:268]: Error: "Unknown trigger type: european_clothes_trigger, near line: 87
Unknown trigger type: slavic_clothes_trigger, near line: 88
Unknown trigger type: south_american_clothes_character_trigger, near line: 90" in file: "gfx/portraits/portrait_modifiers/01_headgear.txt" near line: 95
[09:25:08][pdx_persistent_reader.cpp:268]: Error: "Unknown trigger type: agitator_character_trigger, near line: 98" in file: "gfx/portraits/portrait_modifiers/01_headgear.txt" near line: 99
[09:25:08][pdx_persistent_reader.cpp:268]: Error: "Unknown trigger type: south_american_clothes_character_trigger, near line: 116" in file: "gfx/portraits/portrait_modifiers/01_headgear.txt" near line: 125
[09:25:08][pdx_persistent_reader.cpp:268]: Error: "Unknown trigger type: agitator_character_trigger, near line: 128" in file: "gfx/portraits/portrait_modifiers/01_headgear.txt" near line: 133
[09:25:08][pdx_persistent_reader.cpp:268]: Error: "Unknown trigger type: agitator_character_trigger, near line: 202" in file: "gfx/portraits/portrait_modifiers/01_headgear.txt" near line: 203
[09:25:08][pdx_persistent_reader.cpp:268]: Error: "Unknown trigger type: korean_clothes_trigger, near line: 220
Unknown trigger type: agitator_character_trigger, near line: 221" in file: "gfx/portraits/portrait_modifiers/01_headgear.txt" near line: 222
[09:25:08][pdx_persistent_reader.cpp:268]: Error: "Unknown trigger type: japanese_clothes_trigger, near line: 239
Unknown trigger type: agitator_character_trigger, near line: 241
Unknown trigger type: politician_clothes_trigger, near line: 243
Unknown trigger type: armed_forces_clothes_trigger, near line: 244" in file: "gfx/portraits/portrait_modifiers/01_headgear.txt" near line: 247
[09:25:08][pdx_persistent_reader.cpp:268]: Error: "Unknown trigger type: armed_forces_clothes_trigger, near line: 494
Unknown trigger type: politician_clothes_trigger, near line: 495" in file: "gfx/portraits/portrait_modifiers/01_headgear.txt" near line: 497
[09:25:08][pdx_persistent_reader.cpp:268]: Error: "Unknown trigger type: armed_forces_clothes_trigger, near line: 548
Unknown trigger type: politician_clothes_trigger, near line: 549" in file: "gfx/portraits/portrait_modifiers/01_headgear.txt" near line: 551
[09:25:08][pdx_persistent_reader.cpp:268]: Error: "Unknown trigger type: chinese_imperial_clothes_trigger, near line: 1014" in file: "gfx/portraits/portrait_modifiers/01_headgear.txt" near line: 1015
[09:25:08][pdx_persistent_reader.cpp:268]: Error: "Unknown trigger type: japanese_imperial_clothes_trigger, near line: 1033
Unknown trigger type: japanese_shogun_clothes_trigger, near line: 1034" in file: "gfx/portraits/portrait_modifiers/01_headgear.txt" near line: 1035
[09:25:08][pdx_persistent_reader.cpp:268]: Error: "Unknown trigger type: japanese_restoration_trigger, near line: 1037" in file: "gfx/portraits/portrait_modifiers/01_headgear.txt" near line: 1038
[09:25:08][pdx_persistent_reader.cpp:268]: Error: "Unknown trigger type: european_clothes_trigger, near line: 1056
Unknown trigger type: monarchy_clothes_trigger, near line: 1057" in file: "gfx/portraits/portrait_modifiers/01_headgear.txt" near line: 1060
[09:25:08][pdx_persistent_reader.cpp:268]: Error: "Unknown trigger type: european_clothes_trigger, near line: 1078
Unknown trigger type: politician_clothes_trigger, near line: 1079
Unknown trigger type: armed_forces_clothes_trigger, near line: 1080" in file: "gfx/portraits/portrait_modifiers/01_headgear.txt" near line: 1083
[09:25:08][pdx_persistent_reader.cpp:268]: Error: "Unknown trigger type: montenegrin_clothes_trigger, near line: 1086
Unknown trigger type: serbian_clothes_trigger, near line: 1087" in file: "gfx/portraits/portrait_modifiers/01_headgear.txt" near line: 1088
[09:25:08][pdx_persistent_reader.cpp:268]: Error: "Unknown trigger type: indian_clothes_pop_trigger, near line: 1149
Unknown trigger type: soldier_clothes_pop_trigger, near line: 1151
Unknown trigger type: officers_clothes_pop_trigger, near line: 1152" in file: "gfx/portraits/portrait_modifiers/01_headgear.txt" near line: 1153
[09:25:08][pdx_persistent_reader.cpp:268]: Error: "Unknown trigger type: republic_clothes_trigger, near line: 1195
Unknown trigger type: european_clothes_trigger, near line: 1196
Unknown trigger type: american_clothes_trigger, near line: 1197
Unknown trigger type: hungarian_clothes_trigger, near line: 1198
Unknown trigger type: british_empire_clothes_trigger, near line: 1199
Unknown trigger type: french_empire_clothes_trigger, near line: 1200
Unknown trigger type: russian_empire_clothes_trigger, near line: 1201
Unknown trigger type: austrian_empire_clothes_trigger, near line: 1202
Unknown trigger type: german_clothes_trigger, near line: 1203
Unknown trigger type: bulgarian_clothes_trigger, near line: 1204
Unknown trigger type: serbian_clothes_trigger, near line: 1205
Unknown trigger type: montenegrin_clothes_trigger, near line: 1206
Unknown trigger type: spanish_empire_clothes_trigger, near line: 1207
Unknown trigger type: portuguese_empire_clothes_trigger, near line: 1208" in file: "gfx/portraits/portrait_modifiers/01_headgear.txt" near line: 1215
[09:25:08][pdx_persistent_reader.cpp:268]: Error: "Unknown trigger type: agitator_character_trigger, near line: 1219" in file: "gfx/portraits/portrait_modifiers/01_headgear.txt" near line: 1224
[09:25:08][pdx_persistent_reader.cpp:268]: Error: "Unknown trigger type: armed_forces_clothes_trigger, near line: 1226
Unknown trigger type: politician_clothes_trigger, near line: 1227" in file: "gfx/portraits/portrait_modifiers/01_headgear.txt" near line: 1228
[09:25:08][pdx_persistent_reader.cpp:268]: Error: "Unknown trigger type: officers_clothes_pop_trigger, near line: 1229" in file: "gfx/portraits/portrait_modifiers/01_headgear.txt" near line: 1230
[09:25:08][pdx_persistent_reader.cpp:268]: Error: "Unknown trigger type: european_clothes_trigger, near line: 1248
Unknown trigger type: agitator_character_trigger, near line: 1249" in file: "gfx/portraits/portrait_modifiers/01_headgear.txt" near line: 1254
[09:25:08][pdx_persistent_reader.cpp:268]: Error: "Unknown trigger type: european_clothes_trigger, near line: 1284" in file: "gfx/portraits/portrait_modifiers/01_headgear.txt" near line: 1289
[09:25:08][pdx_persistent_reader.cpp:268]: Error: "Unknown trigger type: african_diaspora_clothes_trigger, near line: 1291" in file: "gfx/portraits/portrait_modifiers/01_headgear.txt" near line: 1292
[09:25:08][pdx_persistent_reader.cpp:268]: Error: "Unknown trigger type: european_clothes_trigger, near line: 1347" in file: "gfx/portraits/portrait_modifiers/01_headgear.txt" near line: 1352
[09:25:08][pdx_persistent_reader.cpp:268]: Error: "Unknown trigger type: african_diaspora_clothes_trigger, near line: 1354" in file: "gfx/portraits/portrait_modifiers/01_headgear.txt" near line: 1355
[09:25:08][pdx_persistent_reader.cpp:268]: Error: "Unknown trigger type: american_clothes_pop_trigger, near line: 1412
Unknown trigger type: officers_clothes_pop_trigger, near line: 1414
Unknown trigger type: soldier_clothes_pop_trigger, near line: 1415" in file: "gfx/portraits/portrait_modifiers/01_headgear.txt" near line: 1416
[09:25:08][pdx_persistent_reader.cpp:268]: Error: "Unknown trigger type: american_clothes_pop_trigger, near line: 1441
Unknown trigger type: officers_clothes_pop_trigger, near line: 1443
Unknown trigger type: soldier_clothes_pop_trigger, near line: 1444" in file: "gfx/portraits/portrait_modifiers/01_headgear.txt" near line: 1445
[09:25:08][pdx_persistent_reader.cpp:268]: Error: "Unknown trigger type: american_clothes_trigger, near line: 1448
Unknown trigger type: agitator_character_trigger, near line: 1449" in file: "gfx/portraits/portrait_modifiers/01_headgear.txt" near line: 1455
[09:25:08][pdx_persistent_reader.cpp:268]: Error: "Unknown trigger type: politician_clothes_trigger, near line: 1457
Unknown trigger type: armed_forces_clothes_trigger, near line: 1458" in file: "gfx/portraits/portrait_modifiers/01_headgear.txt" near line: 1462
[09:25:08][pdx_persistent_reader.cpp:268]: Error: "Unknown trigger type: american_clothes_pop_trigger, near line: 1490
Unknown trigger type: officers_clothes_pop_trigger, near line: 1492
Unknown trigger type: soldier_clothes_pop_trigger, near line: 1493" in file: "gfx/portraits/portrait_modifiers/01_headgear.txt" near line: 1494
[09:25:08][pdx_persistent_reader.cpp:268]: Error: "Unknown trigger type: american_clothes_trigger, near line: 1497
Unknown trigger type: agitator_character_trigger, near line: 1498" in file: "gfx/portraits/portrait_modifiers/01_headgear.txt" near line: 1503
[09:25:08][pdx_persistent_reader.cpp:268]: Error: "Unknown trigger type: agitator_character_trigger, near line: 1534" in file: "gfx/portraits/portrait_modifiers/01_headgear.txt" near line: 1535
[09:25:08][pdx_persistent_reader.cpp:268]: Error: "Unknown trigger type: politician_clothes_trigger, near line: 1537
Unknown trigger type: armed_forces_clothes_trigger, near line: 1538" in file: "gfx/portraits/portrait_modifiers/01_headgear.txt" near line: 1543
[09:25:08][pdx_persistent_reader.cpp:268]: Error: "Unknown trigger type: agitator_character_trigger, near line: 1544" in file: "gfx/portraits/portrait_modifiers/01_headgear.txt" near line: 1545
[09:25:08][pdx_persistent_reader.cpp:268]: Error: "Unknown trigger type: british_empire_clothes_trigger, near line: 1574
Unknown trigger type: agitator_character_trigger, near line: 1575" in file: "gfx/portraits/portrait_modifiers/01_headgear.txt" near line: 1580
[09:25:08][pdx_persistent_reader.cpp:268]: Error: "Unknown trigger type: politician_clothes_trigger, near line: 1582
Unknown trigger type: armed_forces_clothes_trigger, near line: 1583" in file: "gfx/portraits/portrait_modifiers/01_headgear.txt" near line: 1586
[09:25:08][pdx_persistent_reader.cpp:268]: Error: "Unknown trigger type: soldier_clothes_pop_trigger, near line: 1624
Unknown trigger type: officers_clothes_pop_trigger, near line: 1625" in file: "gfx/portraits/portrait_modifiers/01_headgear.txt" near line: 1626
[09:25:08][pdx_persistent_reader.cpp:268]: Error: "Unknown trigger type: soldier_clothes_pop_trigger, near line: 1665
Unknown trigger type: officers_clothes_pop_trigger, near line: 1666" in file: "gfx/portraits/portrait_modifiers/01_headgear.txt" near line: 1667
[09:25:08][pdx_persistent_reader.cpp:268]: Error: "Unknown trigger type: british_empire_clothes_pop_trigger, near line: 1692
Unknown trigger type: officers_clothes_pop_trigger, near line: 1693" in file: "gfx/portraits/portrait_modifiers/01_headgear.txt" near line: 1698
[09:25:08][pdx_persistent_reader.cpp:268]: Error: "Unknown trigger type: british_empire_clothes_trigger, near line: 1708" in file: "gfx/portraits/portrait_modifiers/01_headgear.txt" near line: 1713
[09:25:08][pdx_persistent_reader.cpp:268]: Error: "Unknown trigger type: british_empire_clothes_p_trigger, near line: 1760
Unknown trigger type: officers_clothes_pop_trigger, near line: 1761" in file: "gfx/portraits/portrait_modifiers/01_headgear.txt" near line: 1762
[09:25:08][pdx_persistent_reader.cpp:268]: Error: "Unknown trigger type: french_empire_clothes_trigger, near line: 1779" in file: "gfx/portraits/portrait_modifiers/01_headgear.txt" near line: 1783
[09:25:08][pdx_persistent_reader.cpp:268]: Error: "Unknown trigger type: politician_clothes_trigger, near line: 1785
Unknown trigger type: armed_forces_clothes_trigger, near line: 1786" in file: "gfx/portraits/portrait_modifiers/01_headgear.txt" near line: 1787
[09:25:08][pdx_persistent_reader.cpp:268]: Error: "Unknown trigger type: agitator_character_trigger, near line: 1789" in file: "gfx/portraits/portrait_modifiers/01_headgear.txt" near line: 1795
[09:25:08][pdx_persistent_reader.cpp:268]: Error: "Unknown trigger type: soldier_clothes_pop_trigger, near line: 1827
Unknown trigger type: officers_clothes_pop_trigger, near line: 1828" in file: "gfx/portraits/portrait_modifiers/01_headgear.txt" near line: 1829
[09:25:08][pdx_persistent_reader.cpp:268]: Error: "Unknown trigger type: french_empire_clothes_trigger, near line: 1847" in file: "gfx/portraits/portrait_modifiers/01_headgear.txt" near line: 1851
[09:25:08][pdx_persistent_reader.cpp:268]: Error: "Unknown trigger type: politician_clothes_trigger, near line: 1853
Unknown trigger type: armed_forces_clothes_trigger, near line: 1854" in file: "gfx/portraits/portrait_modifiers/01_headgear.txt" near line: 1855
[09:25:08][pdx_persistent_reader.cpp:268]: Error: "Unknown trigger type: agitator_character_trigger, near line: 1857" in file: "gfx/portraits/portrait_modifiers/01_headgear.txt" near line: 1862
[09:25:08][pdx_persistent_reader.cpp:268]: Error: "Unknown trigger type: soldier_clothes_pop_trigger, near line: 1877
Unknown trigger type: officers_clothes_pop_trigger, near line: 1878" in file: "gfx/portraits/portrait_modifiers/01_headgear.txt" near line: 1879
[09:25:08][pdx_persistent_reader.cpp:268]: Error: "Unknown trigger type: french_empire_clothes_pop_trigger, near line: 1901
Unknown trigger type: officers_clothes_pop_trigger, near line: 1902" in file: "gfx/portraits/portrait_modifiers/01_headgear.txt" near line: 1906
[09:25:08][pdx_persistent_reader.cpp:268]: Error: "Unknown trigger type: japanese_restoration_trigger, near line: 1941
Unknown trigger type: japanese_modernizer_character_trigger, near line: 1942" in file: "gfx/portraits/portrait_modifiers/01_headgear.txt" near line: 1943
[09:25:08][pdx_persistent_reader.cpp:268]: Error: "Unknown trigger type: japanese_restoration_trigger, near line: 1969" in file: "gfx/portraits/portrait_modifiers/01_headgear.txt" near line: 1970
[09:25:08][pdx_persistent_reader.cpp:268]: Error: "Unknown trigger type: japanese_restoration_trigger, near line: 1996" in file: "gfx/portraits/portrait_modifiers/01_headgear.txt" near line: 1997
[09:25:08][pdx_persistent_reader.cpp:268]: Error: "Unknown trigger type: armed_forces_clothes_trigger, near line: 2009
Unknown trigger type: politician_clothes_trigger, near line: 2010" in file: "gfx/portraits/portrait_modifiers/01_headgear.txt" near line: 2011
[09:25:08][pdx_persistent_reader.cpp:268]: Error: "Unknown trigger type: japanese_restoration_trigger, near line: 2016" in file: "gfx/portraits/portrait_modifiers/01_headgear.txt" near line: 2017
[09:25:08][pdx_persistent_reader.cpp:268]: Error: "Unknown trigger type: japanese_restoration_trigger, near line: 2044" in file: "gfx/portraits/portrait_modifiers/01_headgear.txt" near line: 2045
[09:25:08][pdx_persistent_reader.cpp:268]: Error: "Unknown trigger type: japanese_restoration_trigger, near line: 2072" in file: "gfx/portraits/portrait_modifiers/01_headgear.txt" near line: 2073
[09:25:08][pdx_persistent_reader.cpp:268]: Error: "Unknown trigger type: japanese_restoration_trigger, near line: 2107" in file: "gfx/portraits/portrait_modifiers/01_headgear.txt" near line: 2108
[09:25:08][pdx_persistent_reader.cpp:268]: Error: "Unknown trigger type: japanese_restoration_trigger, near line: 2137" in file: "gfx/portraits/portrait_modifiers/01_headgear.txt" near line: 2138
[09:25:08][pdx_persistent_reader.cpp:268]: Error: "Unknown trigger type: japanese_restoration_trigger, near line: 2168" in file: "gfx/portraits/portrait_modifiers/01_headgear.txt" near line: 2169
[09:25:08][pdx_persistent_reader.cpp:268]: Error: "Unknown trigger type: armed_forces_clothes_trigger, near line: 2186
Unknown trigger type: politician_clothes_trigger, near line: 2187" in file: "gfx/portraits/portrait_modifiers/01_headgear.txt" near line: 2188
[09:25:08][pdx_persistent_reader.cpp:268]: Error: "Unknown trigger type: japanese_restoration_trigger, near line: 2194" in file: "gfx/portraits/portrait_modifiers/01_headgear.txt" near line: 2195
[09:25:08][pdx_persistent_reader.cpp:268]: Error: "Unknown trigger type: japanese_restoration_trigger, near line: 2222" in file: "gfx/portraits/portrait_modifiers/01_headgear.txt" near line: 2223
[09:25:08][pdx_persistent_reader.cpp:268]: Error: "Unknown trigger type: japanese_restoration_trigger, near line: 2250" in file: "gfx/portraits/portrait_modifiers/01_headgear.txt" near line: 2251
[09:25:08][pdx_persistent_reader.cpp:268]: Error: "Unknown trigger type: armed_forces_clothes_trigger, near line: 2268
Unknown trigger type: politician_clothes_trigger, near line: 2269" in file: "gfx/portraits/portrait_modifiers/01_headgear.txt" near line: 2270
[09:25:08][pdx_persistent_reader.cpp:268]: Error: "Unknown trigger type: japanese_restoration_trigger, near line: 2276" in file: "gfx/portraits/portrait_modifiers/01_headgear.txt" near line: 2277
[09:25:08][pdx_persistent_reader.cpp:268]: Error: "Unknown trigger type: japanese_restoration_trigger, near line: 2311" in file: "gfx/portraits/portrait_modifiers/01_headgear.txt" near line: 2312
[09:25:08][pdx_persistent_reader.cpp:268]: Error: "Unknown trigger type: is_in_hot_land_hq_trigger, near line: 2336" in file: "gfx/portraits/portrait_modifiers/01_headgear.txt" near line: 2346
[09:25:08][pdx_persistent_reader.cpp:268]: Error: "Unknown trigger type: japanese_restoration_trigger, near line: 2348" in file: "gfx/portraits/portrait_modifiers/01_headgear.txt" near line: 2349
[09:25:08][pdx_persistent_reader.cpp:268]: Error: "Unknown trigger type: japanese_clothes_pop_trigger, near line: 2369
Unknown trigger type: middle_clothes_pop_trigger, near line: 2371
Unknown trigger type: upper_clothes_pop_trigger, near line: 2372" in file: "gfx/portraits/portrait_modifiers/01_headgear.txt" near line: 2373
[09:25:08][pdx_persistent_reader.cpp:268]: Error: "Unknown trigger type: japanese_restoration_trigger, near line: 2380" in file: "gfx/portraits/portrait_modifiers/01_headgear.txt" near line: 2381
[09:25:08][pdx_persistent_reader.cpp:268]: Error: "Unknown trigger type: japanese_restoration_trigger, near line: 2416" in file: "gfx/portraits/portrait_modifiers/01_headgear.txt" near line: 2417
[09:25:08][pdx_persistent_reader.cpp:268]: Error: "Unknown trigger type: japanese_restoration_trigger, near line: 2448" in file: "gfx/portraits/portrait_modifiers/01_headgear.txt" near line: 2449
[09:25:08][pdx_persistent_reader.cpp:268]: Error: "Unknown trigger type: russian_empire_clothes_trigger, near line: 2467" in file: "gfx/portraits/portrait_modifiers/01_headgear.txt" near line: 2471
[09:25:08][pdx_persistent_reader.cpp:268]: Error: "Unknown trigger type: politician_clothes_trigger, near line: 2473
Unknown trigger type: armed_forces_clothes_trigger, near line: 2474" in file: "gfx/portraits/portrait_modifiers/01_headgear.txt" near line: 2475
[09:25:08][pdx_persistent_reader.cpp:268]: Error: "Unknown trigger type: agitator_character_trigger, near line: 2480" in file: "gfx/portraits/portrait_modifiers/01_headgear.txt" near line: 2481
[09:25:08][pdx_persistent_reader.cpp:268]: Error: "Unknown trigger type: russian_empire_clothes_pop_trigger, near line: 2501
Unknown trigger type: soldier_clothes_pop_trigger, near line: 2503
Unknown trigger type: officers_clothes_pop_trigger, near line: 2504" in file: "gfx/portraits/portrait_modifiers/01_headgear.txt" near line: 2505
[09:25:08][pdx_persistent_reader.cpp:268]: Error: "Unknown trigger type: russian_empire_clothes_pop_trigger, near line: 2527
Unknown trigger type: officers_clothes_pop_trigger, near line: 2529
Unknown trigger type: soldier_clothes_pop_trigger, near line: 2530" in file: "gfx/portraits/portrait_modifiers/01_headgear.txt" near line: 2531
[09:25:08][pdx_persistent_reader.cpp:268]: Error: "Unknown trigger type: russian_empire_clothes_trigger, near line: 2553
Unknown trigger type: agitator_character_trigger, near line: 2554" in file: "gfx/portraits/portrait_modifiers/01_headgear.txt" near line: 2558
[09:25:08][pdx_persistent_reader.cpp:268]: Error: "Unknown trigger type: austrian_empire_clothes_trigger, near line: 2581" in file: "gfx/portraits/portrait_modifiers/01_headgear.txt" near line: 2585
[09:25:08][pdx_persistent_reader.cpp:268]: Error: "Unknown trigger type: politician_clothes_trigger, near line: 2587
Unknown trigger type: armed_forces_clothes_trigger, near line: 2588" in file: "gfx/portraits/portrait_modifiers/01_headgear.txt" near line: 2589
[09:25:08][pdx_persistent_reader.cpp:268]: Error: "Unknown trigger type: agitator_character_trigger, near line: 2594" in file: "gfx/portraits/portrait_modifiers/01_headgear.txt" near line: 2595
[09:25:08][pdx_persistent_reader.cpp:268]: Error: "Unknown trigger type: austrian_empire_clothes_pop_trigger, near line: 2615
Unknown trigger type: officers_clothes_pop_trigger, near line: 2616" in file: "gfx/portraits/portrait_modifiers/01_headgear.txt" near line: 2617
[09:25:08][pdx_persistent_reader.cpp:268]: Error: "Unknown trigger type: austrian_empire_clothes_pop_trigger, near line: 2637
Unknown trigger type: soldier_clothes_pop_trigger, near line: 2638" in file: "gfx/portraits/portrait_modifiers/01_headgear.txt" near line: 2639
[09:25:08][pdx_persistent_reader.cpp:268]: Error: "Unknown trigger type: bulgarian_clothes_trigger, near line: 2659
Unknown trigger type: monarchy_clothes_trigger, near line: 2660" in file: "gfx/portraits/portrait_modifiers/01_headgear.txt" near line: 2663
[09:25:08][pdx_persistent_reader.cpp:268]: Error: "Unknown trigger type: agitator_character_trigger, near line: 2664" in file: "gfx/portraits/portrait_modifiers/01_headgear.txt" near line: 2665
[09:25:08][pdx_persistent_reader.cpp:268]: Error: "Unknown trigger type: bulgarian_clothes_trigger, near line: 2683" in file: "gfx/portraits/portrait_modifiers/01_headgear.txt" near line: 2686
[09:25:08][pdx_persistent_reader.cpp:268]: Error: "Unknown trigger type: politician_clothes_trigger, near line: 2694
Unknown trigger type: armed_forces_clothes_trigger, near line: 2695" in file: "gfx/portraits/portrait_modifiers/01_headgear.txt" near line: 2696
[09:25:08][pdx_persistent_reader.cpp:268]: Error: "Unknown trigger type: agitator_character_trigger, near line: 2701" in file: "gfx/portraits/portrait_modifiers/01_headgear.txt" near line: 2702
[09:25:08][pdx_persistent_reader.cpp:268]: Error: "Unknown trigger type: bulgarian_clothes_trigger, near line: 2720" in file: "gfx/portraits/portrait_modifiers/01_headgear.txt" near line: 2724
[09:25:08][pdx_persistent_reader.cpp:268]: Error: "Unknown trigger type: politician_clothes_trigger, near line: 2731
Unknown trigger type: armed_forces_clothes_trigger, near line: 2732" in file: "gfx/portraits/portrait_modifiers/01_headgear.txt" near line: 2733
[09:25:08][pdx_persistent_reader.cpp:268]: Error: "Unknown trigger type: agitator_character_trigger, near line: 2738" in file: "gfx/portraits/portrait_modifiers/01_headgear.txt" near line: 2739
[09:25:08][pdx_persistent_reader.cpp:268]: Error: "Unknown trigger type: bulgarian_clothes_pop_trigger, near line: 2759
Unknown trigger type: soldier_clothes_pop_trigger, near line: 2761
Unknown trigger type: officers_clothes_pop_trigger, near line: 2762" in file: "gfx/portraits/portrait_modifiers/01_headgear.txt" near line: 2763
[09:25:08][pdx_persistent_reader.cpp:268]: Error: "Unknown trigger type: bulgarian_clothes_pop_trigger, near line: 2789
Unknown trigger type: soldier_clothes_pop_trigger, near line: 2790" in file: "gfx/portraits/portrait_modifiers/01_headgear.txt" near line: 2794
[09:25:08][pdx_persistent_reader.cpp:268]: Error: "Unknown trigger type: bulgarian_clothes_pop_trigger, near line: 2816
Unknown trigger type: officers_clothes_pop_trigger, near line: 2817" in file: "gfx/portraits/portrait_modifiers/01_headgear.txt" near line: 2821
[09:25:08][pdx_persistent_reader.cpp:268]: Error: "Unknown trigger type: serbian_clothes_trigger, near line: 2843" in file: "gfx/portraits/portrait_modifiers/01_headgear.txt" near line: 2846
[09:25:08][pdx_persistent_reader.cpp:268]: Error: "Unknown trigger type: politician_clothes_trigger, near line: 2854
Unknown trigger type: armed_forces_clothes_trigger, near line: 2855" in file: "gfx/portraits/portrait_modifiers/01_headgear.txt" near line: 2856
[09:25:08][pdx_persistent_reader.cpp:268]: Error: "Unknown trigger type: agitator_character_trigger, near line: 2861" in file: "gfx/portraits/portrait_modifiers/01_headgear.txt" near line: 2862
[09:25:08][pdx_persistent_reader.cpp:268]: Error: "Unknown trigger type: serbian_clothes_pop_trigger, near line: 2880" in file: "gfx/portraits/portrait_modifiers/01_headgear.txt" near line: 2883
[09:25:08][pdx_persistent_reader.cpp:268]: Error: "Unknown trigger type: soldier_clothes_pop_trigger, near line: 2887
Unknown trigger type: officers_clothes_pop_trigger, near line: 2888" in file: "gfx/portraits/portrait_modifiers/01_headgear.txt" near line: 2889
[09:25:08][pdx_persistent_reader.cpp:268]: Error: "Unknown trigger type: serbian_clothes_trigger, near line: 2908" in file: "gfx/portraits/portrait_modifiers/01_headgear.txt" near line: 2912
[09:25:08][pdx_persistent_reader.cpp:268]: Error: "Unknown trigger type: politician_clothes_trigger, near line: 2920
Unknown trigger type: armed_forces_clothes_trigger, near line: 2921" in file: "gfx/portraits/portrait_modifiers/01_headgear.txt" near line: 2922
[09:25:08][pdx_persistent_reader.cpp:268]: Error: "Unknown trigger type: agitator_character_trigger, near line: 2927" in file: "gfx/portraits/portrait_modifiers/01_headgear.txt" near line: 2928
[09:25:08][pdx_persistent_reader.cpp:268]: Error: "Unknown trigger type: serbian_clothes_trigger, near line: 2946" in file: "gfx/portraits/portrait_modifiers/01_headgear.txt" near line: 2950
[09:25:08][pdx_persistent_reader.cpp:268]: Error: "Unknown trigger type: politician_clothes_trigger, near line: 2957
Unknown trigger type: armed_forces_clothes_trigger, near line: 2958" in file: "gfx/portraits/portrait_modifiers/01_headgear.txt" near line: 2959
[09:25:08][pdx_persistent_reader.cpp:268]: Error: "Unknown trigger type: agitator_character_trigger, near line: 2964" in file: "gfx/portraits/portrait_modifiers/01_headgear.txt" near line: 2965
[09:25:08][pdx_persistent_reader.cpp:268]: Error: "Unknown trigger type: serbian_clothes_pop_trigger, near line: 2983" in file: "gfx/portraits/portrait_modifiers/01_headgear.txt" near line: 2987
[09:25:08][pdx_persistent_reader.cpp:268]: Error: "Unknown trigger type: soldier_clothes_pop_trigger, near line: 2990" in file: "gfx/portraits/portrait_modifiers/01_headgear.txt" near line: 2991
[09:25:08][pdx_persistent_reader.cpp:268]: Error: "Unknown trigger type: serbian_clothes_pop_trigger, near line: 3009" in file: "gfx/portraits/portrait_modifiers/01_headgear.txt" near line: 3013
[09:25:08][pdx_persistent_reader.cpp:268]: Error: "Unknown trigger type: officers_clothes_pop_trigger, near line: 3016" in file: "gfx/portraits/portrait_modifiers/01_headgear.txt" near line: 3017
[09:25:08][pdx_persistent_reader.cpp:268]: Error: "Unknown trigger type: serbian_clothes_pop_trigger, near line: 3035" in file: "gfx/portraits/portrait_modifiers/01_headgear.txt" near line: 3039
[09:25:08][pdx_persistent_reader.cpp:268]: Error: "Unknown trigger type: soldier_clothes_pop_trigger, near line: 3042
Unknown trigger type: officers_clothes_pop_trigger, near line: 3043" in file: "gfx/portraits/portrait_modifiers/01_headgear.txt" near line: 3044
[09:25:08][pdx_persistent_reader.cpp:268]: Error: "Unknown trigger type: montenegrin_clothes_trigger, near line: 3067
Unknown trigger type: military_clothes_trigger, near line: 3071
Unknown trigger type: armed_forces_clothes_trigger, near line: 3073
Unknown trigger type: politician_clothes_trigger, near line: 3075
Unknown trigger type: ruler_clothes_trigger, near line: 3076" in file: "gfx/portraits/portrait_modifiers/01_headgear.txt" near line: 3077
[09:25:08][pdx_persistent_reader.cpp:268]: Error: "Unknown trigger type: montenegrin_clothes_pop_trigger, near line: 3105
Unknown trigger type: soldier_clothes_pop_trigger, near line: 3107
Unknown trigger type: officers_clothes_pop_trigger, near line: 3108" in file: "gfx/portraits/portrait_modifiers/01_headgear.txt" near line: 3109
[09:25:08][pdx_persistent_reader.cpp:268]: Error: "Unknown trigger type: montenegrin_clothes_trigger, near line: 3122" in file: "gfx/portraits/portrait_modifiers/01_headgear.txt" near line: 3128
[09:25:08][pdx_persistent_reader.cpp:268]: Error: "Unknown trigger type: military_clothes_trigger, near line: 3129
Unknown trigger type: armed_forces_clothes_trigger, near line: 3131
Unknown trigger type: politician_clothes_trigger, near line: 3133
Unknown trigger type: ruler_clothes_trigger, near line: 3134" in file: "gfx/portraits/portrait_modifiers/01_headgear.txt" near line: 3135
[09:25:08][pdx_persistent_reader.cpp:268]: Error: "Unknown trigger type: romanian_clothes_trigger, near line: 3162" in file: "gfx/portraits/portrait_modifiers/01_headgear.txt" near line: 3168
[09:25:08][pdx_persistent_reader.cpp:268]: Error: "Unknown trigger type: politician_clothes_trigger, near line: 3176
Unknown trigger type: armed_forces_clothes_trigger, near line: 3177" in file: "gfx/portraits/portrait_modifiers/01_headgear.txt" near line: 3178
[09:25:08][pdx_persistent_reader.cpp:268]: Error: "Unknown trigger type: agitator_character_trigger, near line: 3183" in file: "gfx/portraits/portrait_modifiers/01_headgear.txt" near line: 3184
[09:25:08][pdx_persistent_reader.cpp:268]: Error: "Unknown trigger type: romanian_clothes_pop_trigger, near line: 3210
Unknown trigger type: soldier_clothes_pop_trigger, near line: 3212
Unknown trigger type: officers_clothes_pop_trigger, near line: 3213" in file: "gfx/portraits/portrait_modifiers/01_headgear.txt" near line: 3214
[09:25:08][pdx_persistent_reader.cpp:268]: Error: "Unknown trigger type: romanian_clothes_trigger, near line: 3233" in file: "gfx/portraits/portrait_modifiers/01_headgear.txt" near line: 3239
[09:25:08][pdx_persistent_reader.cpp:268]: Error: "Unknown trigger type: politician_clothes_trigger, near line: 3250
Unknown trigger type: armed_forces_clothes_trigger, near line: 3251" in file: "gfx/portraits/portrait_modifiers/01_headgear.txt" near line: 3252
[09:25:08][pdx_persistent_reader.cpp:268]: Error: "Unknown trigger type: agitator_character_trigger, near line: 3257" in file: "gfx/portraits/portrait_modifiers/01_headgear.txt" near line: 3258
[09:25:08][pdx_persistent_reader.cpp:268]: Error: "Unknown trigger type: romanian_clothes_pop_trigger, near line: 3287
Unknown trigger type: soldier_clothes_pop_trigger, near line: 3289
Unknown trigger type: officers_clothes_pop_trigger, near line: 3290" in file: "gfx/portraits/portrait_modifiers/01_headgear.txt" near line: 3291
[09:25:08][pdx_persistent_reader.cpp:268]: Error: "Unknown trigger type: romanian_clothes_pop_trigger, near line: 3310" in file: "gfx/portraits/portrait_modifiers/01_headgear.txt" near line: 3314
[09:25:08][pdx_persistent_reader.cpp:268]: Error: "Unknown trigger type: soldier_clothes_pop_trigger, near line: 3317
Unknown trigger type: officers_clothes_pop_trigger, near line: 3318" in file: "gfx/portraits/portrait_modifiers/01_headgear.txt" near line: 3319
[09:25:08][pdx_persistent_reader.cpp:268]: Error: "Unknown trigger type: romanian_clothes_trigger, near line: 3338" in file: "gfx/portraits/portrait_modifiers/01_headgear.txt" near line: 3342
[09:25:08][pdx_persistent_reader.cpp:268]: Error: "Unknown trigger type: politician_clothes_trigger, near line: 3349
Unknown trigger type: armed_forces_clothes_trigger, near line: 3350" in file: "gfx/portraits/portrait_modifiers/01_headgear.txt" near line: 3351
[09:25:08][pdx_persistent_reader.cpp:268]: Error: "Unknown trigger type: agitator_character_trigger, near line: 3356" in file: "gfx/portraits/portrait_modifiers/01_headgear.txt" near line: 3357
[09:25:08][pdx_persistent_reader.cpp:268]: Error: "Unknown trigger type: romanian_clothes_trigger, near line: 3375" in file: "gfx/portraits/portrait_modifiers/01_headgear.txt" near line: 3379
[09:25:08][pdx_persistent_reader.cpp:268]: Error: "Unknown trigger type: politician_clothes_trigger, near line: 3386
Unknown trigger type: armed_forces_clothes_trigger, near line: 3387" in file: "gfx/portraits/portrait_modifiers/01_headgear.txt" near line: 3388
[09:25:08][pdx_persistent_reader.cpp:268]: Error: "Unknown trigger type: agitator_character_trigger, near line: 3393" in file: "gfx/portraits/portrait_modifiers/01_headgear.txt" near line: 3394
[09:25:08][pdx_persistent_reader.cpp:268]: Error: "Unknown trigger type: romanian_clothes_pop_trigger, near line: 3417
Unknown trigger type: soldier_clothes_pop_trigger, near line: 3419
Unknown trigger type: officers_clothes_pop_trigger, near line: 3420" in file: "gfx/portraits/portrait_modifiers/01_headgear.txt" near line: 3421
[09:25:08][pdx_persistent_reader.cpp:268]: Error: "Unknown trigger type: greek_clothes_trigger, near line: 3442
Unknown trigger type: armed_forces_clothes_trigger, near line: 3445" in file: "gfx/portraits/portrait_modifiers/01_headgear.txt" near line: 3449
[09:25:08][pdx_persistent_reader.cpp:268]: Error: "Unknown trigger type: agitator_character_trigger, near line: 3451" in file: "gfx/portraits/portrait_modifiers/01_headgear.txt" near line: 3452
[09:25:08][pdx_persistent_reader.cpp:268]: Error: "Unknown trigger type: greek_clothes_pop_trigger, near line: 3463
Unknown trigger type: officers_clothes_pop_trigger, near line: 3466
Unknown trigger type: soldier_clothes_pop_trigger, near line: 3467" in file: "gfx/portraits/portrait_modifiers/01_headgear.txt" near line: 3468
[09:25:08][pdx_persistent_reader.cpp:268]: Error: "Unknown trigger type: greek_clothes_trigger, near line: 3487" in file: "gfx/portraits/portrait_modifiers/01_headgear.txt" near line: 3490
[09:25:08][pdx_persistent_reader.cpp:268]: Error: "Unknown trigger type: politician_clothes_trigger, near line: 3498
Unknown trigger type: armed_forces_clothes_trigger, near line: 3499" in file: "gfx/portraits/portrait_modifiers/01_headgear.txt" near line: 3500
[09:25:08][pdx_persistent_reader.cpp:268]: Error: "Unknown trigger type: agitator_character_trigger, near line: 3505" in file: "gfx/portraits/portrait_modifiers/01_headgear.txt" near line: 3506
[09:25:08][pdx_persistent_reader.cpp:268]: Error: "Unknown trigger type: greek_clothes_trigger, near line: 3524" in file: "gfx/portraits/portrait_modifiers/01_headgear.txt" near line: 3528
[09:25:08][pdx_persistent_reader.cpp:268]: Error: "Unknown trigger type: politician_clothes_trigger, near line: 3536
Unknown trigger type: armed_forces_clothes_trigger, near line: 3537" in file: "gfx/portraits/portrait_modifiers/01_headgear.txt" near line: 3538
[09:25:08][pdx_persistent_reader.cpp:268]: Error: "Unknown trigger type: agitator_character_trigger, near line: 3543" in file: "gfx/portraits/portrait_modifiers/01_headgear.txt" near line: 3544
[09:25:08][pdx_persistent_reader.cpp:268]: Error: "Unknown trigger type: greek_clothes_pop_trigger, near line: 3568
Unknown trigger type: officers_clothes_pop_trigger, near line: 3570
Unknown trigger type: soldier_clothes_pop_trigger, near line: 3571" in file: "gfx/portraits/portrait_modifiers/01_headgear.txt" near line: 3572
[09:25:08][pdx_persistent_reader.cpp:268]: Error: "Unknown trigger type: greek_clothes_trigger, near line: 3591" in file: "gfx/portraits/portrait_modifiers/01_headgear.txt" near line: 3595
[09:25:08][pdx_persistent_reader.cpp:268]: Error: "Unknown trigger type: politician_clothes_trigger, near line: 3602
Unknown trigger type: armed_forces_clothes_trigger, near line: 3603" in file: "gfx/portraits/portrait_modifiers/01_headgear.txt" near line: 3604
[09:25:08][pdx_persistent_reader.cpp:268]: Error: "Unknown trigger type: agitator_character_trigger, near line: 3609" in file: "gfx/portraits/portrait_modifiers/01_headgear.txt" near line: 3610
[09:25:08][pdx_persistent_reader.cpp:268]: Error: "Unknown trigger type: greek_clothes_pop_trigger, near line: 3633
Unknown trigger type: officers_clothes_pop_trigger, near line: 3634" in file: "gfx/portraits/portrait_modifiers/01_headgear.txt" near line: 3635
[09:25:08][pdx_persistent_reader.cpp:268]: Error: "Unknown trigger type: greek_clothes_pop_trigger, near line: 3658
Unknown trigger type: soldier_clothes_pop_trigger, near line: 3659" in file: "gfx/portraits/portrait_modifiers/01_headgear.txt" near line: 3660
[09:25:08][pdx_persistent_reader.cpp:268]: Error: "Unknown trigger type: spanish_empire_clothes_trigger, near line: 3684" in file: "gfx/portraits/portrait_modifiers/01_headgear.txt" near line: 3688
[09:25:08][pdx_persistent_reader.cpp:268]: Error: "Unknown trigger type: military_marshal_clothes_trigger, near line: 3689
Unknown trigger type: armed_forces_clothes_trigger, near line: 3691
Unknown trigger type: politician_clothes_trigger, near line: 3693
Unknown trigger type: ruler_clothes_trigger, near line: 3694" in file: "gfx/portraits/portrait_modifiers/01_headgear.txt" near line: 3695
[09:25:08][pdx_persistent_reader.cpp:268]: Error: "Unknown trigger type: military_governor_clothes_trigger, near line: 3697" in file: "gfx/portraits/portrait_modifiers/01_headgear.txt" near line: 3698
[09:25:08][pdx_persistent_reader.cpp:268]: Error: "Unknown trigger type: spanish_empire_clothes_trigger, near line: 3725
Unknown trigger type: military_clothes_trigger, near line: 3727
Unknown trigger type: armed_forces_clothes_trigger, near line: 3729
Unknown trigger type: politician_clothes_trigger, near line: 3731
Unknown trigger type: ruler_clothes_trigger, near line: 3732" in file: "gfx/portraits/portrait_modifiers/01_headgear.txt" near line: 3733
[09:25:08][pdx_persistent_reader.cpp:268]: Error: "Unknown trigger type: spanish_clothes_pop_trigger, near line: 3761
Unknown trigger type: spanish_colony_clothes_pop_trigger, near line: 3762" in file: "gfx/portraits/portrait_modifiers/01_headgear.txt" near line: 3763
[09:25:08][pdx_persistent_reader.cpp:268]: Error: "Unknown trigger type: soldier_clothes_pop_trigger, near line: 3765
Unknown trigger type: officers_clothes_pop_trigger, near line: 3766" in file: "gfx/portraits/portrait_modifiers/01_headgear.txt" near line: 3767
[09:25:08][pdx_persistent_reader.cpp:268]: Error: "Unknown trigger type: spanish_clothes_pop_trigger, near line: 3795
Unknown trigger type: spanish_colony_clothes_pop_trigger, near line: 3796" in file: "gfx/portraits/portrait_modifiers/01_headgear.txt" near line: 3797
[09:25:08][pdx_persistent_reader.cpp:268]: Error: "Unknown trigger type: officers_clothes_pop_trigger, near line: 3798" in file: "gfx/portraits/portrait_modifiers/01_headgear.txt" near line: 3800
[09:25:08][pdx_persistent_reader.cpp:268]: Error: "Unknown trigger type: spanish_empire_clothes_trigger, near line: 3824
Unknown trigger type: military_clothes_trigger, near line: 3826
Unknown trigger type: armed_forces_clothes_trigger, near line: 3828
Unknown trigger type: politician_clothes_trigger, near line: 3830
Unknown trigger type: ruler_clothes_trigger, near line: 3831" in file: "gfx/portraits/portrait_modifiers/01_headgear.txt" near line: 3832
[09:25:08][pdx_persistent_reader.cpp:268]: Error: "Unknown trigger type: spanish_clothes_pop_trigger, near line: 3857
Unknown trigger type: soldier_clothes_pop_trigger, near line: 3859
Unknown trigger type: officers_clothes_pop_trigger, near line: 3860" in file: "gfx/portraits/portrait_modifiers/01_headgear.txt" near line: 3861
[09:25:08][pdx_persistent_reader.cpp:268]: Error: "Unknown trigger type: portuguese_empire_clothes_trigger, near line: 3889
Unknown trigger type: military_clothes_trigger, near line: 3891
Unknown trigger type: armed_forces_clothes_trigger, near line: 3893
Unknown trigger type: politician_clothes_trigger, near line: 3895
Unknown trigger type: ruler_clothes_trigger, near line: 3896" in file: "gfx/portraits/portrait_modifiers/01_headgear.txt" near line: 3897
[09:25:08][pdx_persistent_reader.cpp:268]: Error: "Unknown trigger type: portuguese_empire_clothes_pop_trigger, near line: 3924
Unknown trigger type: soldier_clothes_pop_trigger, near line: 3926
Unknown trigger type: officers_clothes_pop_trigger, near line: 3927" in file: "gfx/portraits/portrait_modifiers/01_headgear.txt" near line: 3928
[09:25:08][pdx_persistent_reader.cpp:268]: Error: "Unknown trigger type: portuguese_empire_clothes_pop_trigger, near line: 3955
Unknown trigger type: soldier_clothes_pop_trigger, near line: 3957
Unknown trigger type: officers_clothes_pop_trigger, near line: 3958" in file: "gfx/portraits/portrait_modifiers/01_headgear.txt" near line: 3959
[09:25:08][pdx_persistent_reader.cpp:268]: Error: "Unknown trigger type: portuguese_empire_clothes_pop_trigger, near line: 3985
Unknown trigger type: military_clothes_trigger, near line: 3987
Unknown trigger type: armed_forces_clothes_trigger, near line: 3989
Unknown trigger type: politician_clothes_trigger, near line: 3991
Unknown trigger type: ruler_clothes_trigger, near line: 3992" in file: "gfx/portraits/portrait_modifiers/01_headgear.txt" near line: 3993
[09:25:08][pdx_persistent_reader.cpp:268]: Error: "Unknown trigger type: portuguese_empire_clothes_pop_trigger, near line: 4018
Unknown trigger type: soldier_clothes_pop_trigger, near line: 4020
Unknown trigger type: officers_clothes_pop_trigger, near line: 4021" in file: "gfx/portraits/portrait_modifiers/01_headgear.txt" near line: 4022
[09:25:08][pdx_persistent_reader.cpp:268]: Error: "Unknown trigger type: korean_clothes_trigger, near line: 4043" in file: "gfx/portraits/portrait_modifiers/01_headgear.txt" near line: 4048
[09:25:08][pdx_persistent_reader.cpp:268]: Error: "Unknown trigger type: politician_clothes_trigger, near line: 4056
Unknown trigger type: armed_forces_clothes_trigger, near line: 4057" in file: "gfx/portraits/portrait_modifiers/01_headgear.txt" near line: 4059
[09:25:08][pdx_persistent_reader.cpp:268]: Error: "Unknown trigger type: agitator_character_trigger, near line: 4063" in file: "gfx/portraits/portrait_modifiers/01_headgear.txt" near line: 4064
[09:25:08][pdx_persistent_reader.cpp:268]: Error: "Unknown trigger type: korean_clothes_pop_trigger, near line: 4066" in file: "gfx/portraits/portrait_modifiers/01_headgear.txt" near line: 4070
[09:25:08][pdx_persistent_reader.cpp:268]: Error: "Unknown trigger type: soldier_clothes_pop_trigger, near line: 4073
Unknown trigger type: officers_clothes_pop_trigger, near line: 4074" in file: "gfx/portraits/portrait_modifiers/01_headgear.txt" near line: 4075
[09:25:08][pdx_persistent_reader.cpp:268]: Error: "Unknown trigger type: agitator_character_trigger, near line: 4115" in file: "gfx/portraits/portrait_modifiers/01_headgear.txt" near line: 4116
[09:25:08][pdx_persistent_reader.cpp:268]: Error: "Unknown trigger type: soldier_clothes_pop_trigger, near line: 4200
Unknown trigger type: officers_clothes_pop_trigger, near line: 4201" in file: "gfx/portraits/portrait_modifiers/01_headgear.txt" near line: 4202
[09:25:08][pdx_persistent_reader.cpp:268]: Error: "Unknown trigger type: carlist_clothes_trigger, near line: 4212
Unknown trigger type: military_clothes_trigger, near line: 4214
Unknown trigger type: monarchy_clothes_trigger, near line: 4215
Unknown trigger type: armed_forces_clothes_trigger, near line: 4217
Unknown trigger type: politician_clothes_trigger, near line: 4219
Unknown trigger type: ruler_clothes_trigger, near line: 4220" in file: "gfx/portraits/portrait_modifiers/01_headgear.txt" near line: 4221
[09:25:08][pdx_persistent_reader.cpp:268]: Error: "Unknown trigger type: character_has_carlist_ideology, near line: 4229" in file: "gfx/portraits/portrait_modifiers/01_headgear.txt" near line: 4237
[09:25:08][pdx_persistent_reader.cpp:268]: Error: "Unknown trigger type: carlist_clothes_pop_trigger, near line: 4256
Unknown trigger type: soldier_clothes_pop_trigger, near line: 4258
Unknown trigger type: officers_clothes_pop_trigger, near line: 4259" in file: "gfx/portraits/portrait_modifiers/01_headgear.txt" near line: 4260
[09:25:08][pdx_persistent_reader.cpp:268]: Error: "Unknown trigger type: carlist_clothes_trigger, near line: 4269
Unknown trigger type: military_clothes_trigger, near line: 4271
Unknown trigger type: monarchy_clothes_trigger, near line: 4272
Unknown trigger type: armed_forces_clothes_trigger, near line: 4274
Unknown trigger type: politician_clothes_trigger, near line: 4276
Unknown trigger type: ruler_clothes_trigger, near line: 4277" in file: "gfx/portraits/portrait_modifiers/01_headgear.txt" near line: 4278
[09:25:08][pdx_persistent_reader.cpp:268]: Error: "Unknown trigger type: officers_clothes_pop_trigger, near line: 4313
Unknown trigger type: soldier_clothes_pop_trigger, near line: 4314" in file: "gfx/portraits/portrait_modifiers/01_headgear.txt" near line: 4315
[09:25:08][pdx_persistent_reader.cpp:268]: Error: "Unknown trigger type: german_clothes_trigger, near line: 4333
Unknown trigger type: agitator_character_trigger, near line: 4334" in file: "gfx/portraits/portrait_modifiers/01_headgear.txt" near line: 4339
[09:25:08][pdx_persistent_reader.cpp:268]: Error: "Unknown trigger type: politician_clothes_trigger, near line: 4341
Unknown trigger type: armed_forces_clothes_trigger, near line: 4342" in file: "gfx/portraits/portrait_modifiers/01_headgear.txt" near line: 4343
[09:25:08][pdx_persistent_reader.cpp:268]: Error: "Unknown trigger type: german_clothes_pop_trigger, near line: 4362
Unknown trigger type: officers_clothes_pop_trigger, near line: 4363" in file: "gfx/portraits/portrait_modifiers/01_headgear.txt" near line: 4364
[09:25:08][pdx_persistent_reader.cpp:268]: Error: "Unknown trigger type: ethiopian_clothes_trigger, near line: 4381
Unknown trigger type: agitator_character_trigger, near line: 4382" in file: "gfx/portraits/portrait_modifiers/01_headgear.txt" near line: 4390
[09:25:08][pdx_persistent_reader.cpp:268]: Error: "Unknown trigger type: indian_clothes_trigger, near line: 4425
Unknown trigger type: agitator_character_trigger, near line: 4426" in file: "gfx/portraits/portrait_modifiers/01_headgear.txt" near line: 4429
[09:25:08][pdx_persistent_reader.cpp:268]: Error: "Unknown trigger type: indian_clothes_pop_trigger, near line: 4486
Unknown trigger type: upper_clothes_pop_trigger, near line: 4487" in file: "gfx/portraits/portrait_modifiers/01_headgear.txt" near line: 4488
[09:25:08][pdx_persistent_reader.cpp:268]: Error: "Unknown trigger type: arabic_clothes_trigger, near line: 4514" in file: "gfx/portraits/portrait_modifiers/01_headgear.txt" near line: 4517
[09:25:08][pdx_persistent_reader.cpp:268]: Error: "Unknown trigger type: arabic_clothes_pop_trigger, near line: 4522" in file: "gfx/portraits/portrait_modifiers/01_headgear.txt" near line: 4523
[09:25:08][pdx_persistent_reader.cpp:268]: Error: "Unknown trigger type: arabic_clothes_trigger, near line: 4586" in file: "gfx/portraits/portrait_modifiers/01_headgear.txt" near line: 4593
[09:25:08][pdx_persistent_reader.cpp:268]: Error: "Unknown trigger type: upper_clothes_pop_trigger, near line: 4652" in file: "gfx/portraits/portrait_modifiers/01_headgear.txt" near line: 4653
[09:25:08][pdx_persistent_reader.cpp:268]: Error: "Unknown trigger type: arabic_clothes_trigger, near line: 4736" in file: "gfx/portraits/portrait_modifiers/01_headgear.txt" near line: 4739
[09:25:08][pdx_persistent_reader.cpp:268]: Error: "Unknown trigger type: arabic_fez_trigger, near line: 4742" in file: "gfx/portraits/portrait_modifiers/01_headgear.txt" near line: 4743
[09:25:08][pdx_persistent_reader.cpp:268]: Error: "Unknown trigger type: officers_clothes_pop_trigger, near line: 4767
Unknown trigger type: soldier_clothes_pop_trigger, near line: 4768" in file: "gfx/portraits/portrait_modifiers/01_headgear.txt" near line: 4769
[09:25:08][pdx_persistent_reader.cpp:268]: Error: "Unknown trigger type: armed_forces_clothes_trigger, near line: 4788
Unknown trigger type: politician_clothes_trigger, near line: 4789" in file: "gfx/portraits/portrait_modifiers/01_headgear.txt" near line: 4790
[09:25:08][pdx_persistent_reader.cpp:268]: Error: "Unknown trigger type: monarchy_clothes_trigger, near line: 4808
Unknown trigger type: armed_forces_clothes_trigger, near line: 4810
Unknown trigger type: politician_clothes_trigger, near line: 4811" in file: "gfx/portraits/portrait_modifiers/01_headgear.txt" near line: 4812
[09:25:08][pdx_persistent_reader.cpp:268]: Error: "Unknown trigger type: arabic_clothes_pop_trigger, near line: 4889
Unknown trigger type: poor_clothes_pop_trigger, near line: 4890" in file: "gfx/portraits/portrait_modifiers/01_headgear.txt" near line: 4894
[09:25:08][pdx_persistent_reader.cpp:268]: Error: "Unknown trigger type: central_asian_clothes_pop_trigger, near line: 4913
Unknown trigger type: upper_clothes_pop_trigger, near line: 4914" in file: "gfx/portraits/portrait_modifiers/01_headgear.txt" near line: 4915
[09:25:08][pdx_persistent_reader.cpp:268]: Error: "Unknown trigger type: chinese_manchu_queue_hairstyle_pops_trigger, near line: 4956
Unknown trigger type: poor_clothes_pop_trigger, near line: 4957" in file: "gfx/portraits/portrait_modifiers/01_headgear.txt" near line: 4958
[09:25:08][pdx_persistent_reader.cpp:268]: Error: "Unknown trigger type: japanese_clothes_pop_trigger, near line: 4975
Unknown trigger type: japanese_restoration_trigger, near line: 4983" in file: "gfx/portraits/portrait_modifiers/01_headgear.txt" near line: 4984
[09:25:08][pdx_persistent_reader.cpp:268]: Error: "Unknown trigger type: upper_clothes_pop_trigger, near line: 5005
Unknown trigger type: european_clothes_pop_trigger, near line: 5007" in file: "gfx/portraits/portrait_modifiers/01_headgear.txt" near line: 5014
[09:25:08][pdx_persistent_reader.cpp:268]: Error: "Unknown trigger type: european_clothes_trigger, near line: 5021" in file: "gfx/portraits/portrait_modifiers/01_headgear.txt" near line: 5029
[09:25:08][pdx_persistent_reader.cpp:268]: Error: "Unknown trigger type: european_clothes_pop_trigger, near line: 5065
Unknown trigger type: middle_clothes_pop_trigger, near line: 5066" in file: "gfx/portraits/portrait_modifiers/01_headgear.txt" near line: 5067
[09:25:08][pdx_persistent_reader.cpp:268]: Error: "Unknown trigger type: european_clothes_pop_trigger, near line: 5084
Unknown trigger type: poor_clothes_pop_trigger, near line: 5085
Unknown trigger type: peasants_clothes_pop_trigger, near line: 5086" in file: "gfx/portraits/portrait_modifiers/01_headgear.txt" near line: 5087
[09:25:08][pdx_persistent_reader.cpp:268]: Error: "Unknown trigger type: native_american_clothes_trigger, near line: 5104
Unknown trigger type: ruler_clothes_trigger, near line: 5105" in file: "gfx/portraits/portrait_modifiers/01_headgear.txt" near line: 5108
[09:25:08][pdx_persistent_reader.cpp:268]: Error: "Unknown trigger type: native_north_american_clothes_trigger, near line: 5127
Unknown trigger type: ruler_clothes_trigger, near line: 5128" in file: "gfx/portraits/portrait_modifiers/01_headgear.txt" near line: 5132
[09:25:08][pdx_persistent_reader.cpp:268]: Error: "Unknown trigger type: ruler_clothes_trigger, near line: 5150" in file: "gfx/portraits/portrait_modifiers/01_headgear.txt" near line: 5160
[09:25:08][pdx_persistent_reader.cpp:268]: Error: "Unknown trigger type: native_american_clothes_pop_trigger, near line: 5180" in file: "gfx/portraits/portrait_modifiers/01_headgear.txt" near line: 5181
[09:25:08][pdx_persistent_reader.cpp:268]: Error: "Unknown trigger type: arabic_military_fez_pop_trigger, near line: 5198
Unknown trigger type: soldier_clothes_pop_trigger, near line: 5199" in file: "gfx/portraits/portrait_modifiers/01_headgear.txt" near line: 5200
[09:25:08][pdx_persistent_reader.cpp:268]: Error: "Unknown trigger type: peasants_clothes_pop_trigger, near line: 5219
Unknown trigger type: european_clothes_pop_trigger, near line: 5220" in file: "gfx/portraits/portrait_modifiers/01_headgear.txt" near line: 5221
[09:25:08][pdx_persistent_reader.cpp:268]: Error: "Unknown trigger type: upper_clothes_pop_trigger, near line: 5255" in file: "gfx/portraits/portrait_modifiers/01_headgear.txt" near line: 5259
[09:25:08][pdx_persistent_reader.cpp:268]: Error: "Unknown trigger type: slavic_clothes_pop_trigger, near line: 5301
Unknown trigger type: middle_clothes_pop_trigger, near line: 5302" in file: "gfx/portraits/portrait_modifiers/01_headgear.txt" near line: 5303
[09:25:08][pdx_persistent_reader.cpp:268]: Error: "Unknown trigger type: nordic_clothes_pop_trigger, near line: 5305
Unknown trigger type: middle_clothes_pop_trigger, near line: 5307
Unknown trigger type: upper_clothes_pop_trigger, near line: 5308" in file: "gfx/portraits/portrait_modifiers/01_headgear.txt" near line: 5309
[09:25:08][pdx_persistent_reader.cpp:268]: Error: "Unknown trigger type: european_clothes_pop_trigger, near line: 5335
Unknown trigger type: south_american_clothes_pop_trigger, near line: 5336" in file: "gfx/portraits/portrait_modifiers/01_headgear.txt" near line: 5337
[09:25:08][pdx_persistent_reader.cpp:268]: Error: "Unknown trigger type: middle_clothes_pop_trigger, near line: 5340
Unknown trigger type: upper_clothes_pop_trigger, near line: 5341" in file: "gfx/portraits/portrait_modifiers/01_headgear.txt" near line: 5342
[09:25:08][pdx_persistent_reader.cpp:268]: Error: "Unknown trigger type: military_clothes_trigger, near line: 5673
Unknown trigger type: armed_forces_clothes_trigger, near line: 5675
Unknown trigger type: politician_clothes_trigger, near line: 5676" in file: "gfx/portraits/portrait_modifiers/01_headgear.txt" near line: 5677
[09:25:08][pdx_persistent_reader.cpp:268]: Error: "Unknown trigger type: academics_clothes_pop_trigger, near line: 5762
Unknown trigger type: european_clothes_pop_trigger, near line: 5764
Unknown trigger type: african_diaspora_pop_clothes_trigger, near line: 5765" in file: "gfx/portraits/portrait_modifiers/01_headgear.txt" near line: 5766
[09:25:08][pdx_persistent_reader.cpp:268]: Error: "Unknown trigger type: slavic_clothes_pop_trigger, near line: 5767" in file: "gfx/portraits/portrait_modifiers/01_headgear.txt" near line: 5768
[09:25:08][pdx_persistent_reader.cpp:268]: Error: "Unknown trigger type: european_clothes_trigger, near line: 5775
Unknown trigger type: african_diaspora_clothes_trigger, near line: 5776" in file: "gfx/portraits/portrait_modifiers/01_headgear.txt" near line: 5777
[09:25:08][pdx_persistent_reader.cpp:268]: Error: "Unknown trigger type: ruler_clothes_trigger, near line: 5778" in file: "gfx/portraits/portrait_modifiers/01_headgear.txt" near line: 5787
[09:25:08][pdx_persistent_reader.cpp:268]: Error: "Unknown trigger type: aristocrats_clothes_pop_trigger, near line: 5834
Unknown trigger type: european_clothes_pop_trigger, near line: 5836
Unknown trigger type: african_diaspora_pop_clothes_trigger, near line: 5837" in file: "gfx/portraits/portrait_modifiers/01_headgear.txt" near line: 5838
[09:25:08][pdx_persistent_reader.cpp:268]: Error: "Unknown trigger type: european_clothes_trigger, near line: 5853
Unknown trigger type: african_diaspora_clothes_trigger, near line: 5854" in file: "gfx/portraits/portrait_modifiers/01_headgear.txt" near line: 5855
[09:25:08][pdx_persistent_reader.cpp:268]: Error: "Unknown trigger type: monarchy_clothes_trigger, near line: 5856" in file: "gfx/portraits/portrait_modifiers/01_headgear.txt" near line: 5863
[09:25:08][pdx_persistent_reader.cpp:268]: Error: "Unknown trigger type: military_clothes_trigger, near line: 5948" in file: "gfx/portraits/portrait_modifiers/01_headgear.txt" near line: 5953
[09:25:08][pdx_persistent_reader.cpp:268]: Error: "Unknown trigger type: politician_clothes_trigger, near line: 5956
Unknown trigger type: monarchy_clothes_trigger, near line: 5957
Unknown trigger type: devout_clothes_trigger, near line: 5959" in file: "gfx/portraits/portrait_modifiers/01_headgear.txt" near line: 5967
[09:25:08][pdx_persistent_reader.cpp:268]: Error: "Unknown trigger type: christian_clothes_trigger, near line: 5972
Unknown trigger type: ruler_clothes_trigger, near line: 5973" in file: "gfx/portraits/portrait_modifiers/01_headgear.txt" near line: 5976
[09:25:08][pdx_persistent_reader.cpp:268]: Error: "Unknown trigger type: military_clothes_trigger, near line: 6007" in file: "gfx/portraits/portrait_modifiers/01_headgear.txt" near line: 6010
[09:25:08][pdx_persistent_reader.cpp:268]: Error: "Unknown trigger type: military_clothes_trigger, near line: 6050" in file: "gfx/portraits/portrait_modifiers/01_headgear.txt" near line: 6054
[09:25:08][pdx_persistent_reader.cpp:268]: Error: "Unknown trigger type: politician_clothes_trigger, near line: 6057
Unknown trigger type: monarchy_clothes_trigger, near line: 6058
Unknown trigger type: devout_clothes_trigger, near line: 6060" in file: "gfx/portraits/portrait_modifiers/01_headgear.txt" near line: 6068
[09:25:08][pdx_persistent_reader.cpp:268]: Error: "Unknown trigger type: christian_clothes_trigger, near line: 6073
Unknown trigger type: ruler_clothes_trigger, near line: 6074" in file: "gfx/portraits/portrait_modifiers/01_headgear.txt" near line: 6077
[09:25:08][pdx_persistent_reader.cpp:268]: Error: "Unknown trigger type: ruler_clothes_trigger, near line: 6141" in file: "gfx/portraits/portrait_modifiers/01_headgear.txt" near line: 6144
[09:25:08][pdx_persistent_reader.cpp:268]: Error: "Unknown trigger type: european_clothes_trigger, near line: 6234
Unknown trigger type: african_diaspora_clothes_trigger, near line: 6235" in file: "gfx/portraits/portrait_modifiers/01_headgear.txt" near line: 6240
[09:25:08][pdx_persistent_reader.cpp:268]: Error: "Unknown trigger type: european_clothes_trigger, near line: 6243" in file: "gfx/portraits/portrait_modifiers/01_headgear.txt" near line: 6245
[09:25:08][pdx_persistent_reader.cpp:268]: Error: "Unknown trigger type: politician_clothes_trigger, near line: 6262" in file: "gfx/portraits/portrait_modifiers/01_headgear.txt" near line: 6265
[09:25:08][pdx_persistent_reader.cpp:268]: Error: "Unknown trigger type: executive_clothes_trigger, near line: 6267" in file: "gfx/portraits/portrait_modifiers/01_headgear.txt" near line: 6268
[09:25:08][pdx_persistent_reader.cpp:268]: Error: "Unknown trigger type: austrian_empire_clothes_pop_trigger, near line: 6293
Unknown trigger type: officers_clothes_pop_trigger, near line: 6295
Unknown trigger type: soldier_clothes_pop_trigger, near line: 6296" in file: "gfx/portraits/portrait_modifiers/01_headgear.txt" near line: 6297
[09:25:08][pdx_persistent_reader.cpp:268]: Error: "Unknown trigger type: soldier_clothes_pop_trigger, near line: 6334
Unknown trigger type: officers_clothes_pop_trigger, near line: 6335" in file: "gfx/portraits/portrait_modifiers/01_headgear.txt" near line: 6336
[09:25:08][pdx_persistent_reader.cpp:268]: Error: "Unknown trigger type: military_clothes_trigger, near line: 6373
Unknown trigger type: armed_forces_clothes_trigger, near line: 6375
Unknown trigger type: politician_clothes_trigger, near line: 6377
Unknown trigger type: ruler_clothes_trigger, near line: 6378" in file: "gfx/portraits/portrait_modifiers/01_headgear.txt" near line: 6379
[09:25:08][pdx_persistent_reader.cpp:268]: Error: "Unknown trigger type: soldier_clothes_pop_trigger, near line: 6441" in file: "gfx/portraits/portrait_modifiers/01_headgear.txt" near line: 6442
[09:25:08][pdx_persistent_reader.cpp:268]: Error: "Unknown trigger type: country_has_voting_franchise, near line: 6494" in file: "gfx/portraits/portrait_modifiers/01_headgear.txt" near line: 6498
[09:25:08][pdx_persistent_reader.cpp:268]: Error: "Unknown trigger type: officers_clothes_pop_trigger, near line: 6525" in file: "gfx/portraits/portrait_modifiers/01_headgear.txt" near line: 6526
[09:25:08][pdx_persistent_reader.cpp:268]: Error: "Unknown trigger type: overweight_trigger, near line: 16" in file: "gfx/portraits/portrait_modifiers/01_weight.txt" near line: 17
[09:25:08][pdx_persistent_reader.cpp:268]: Error: "Unknown trigger type: slightly_underweight_pop_trigger, near line: 33" in file: "gfx/portraits/portrait_modifiers/01_weight.txt" near line: 34
[09:25:08][pdx_persistent_reader.cpp:268]: Error: "Unknown trigger type: underweight_pop_trigger, near line: 50" in file: "gfx/portraits/portrait_modifiers/01_weight.txt" near line: 51
[09:25:08][pdx_persistent_reader.cpp:268]: Error: "Unknown trigger type: very_underweight_pop_trigger, near line: 67" in file: "gfx/portraits/portrait_modifiers/01_weight.txt" near line: 68
[09:25:08][pdx_persistent_reader.cpp:268]: Error: "Unknown trigger type: slightly_overweight_pop_trigger, near line: 84" in file: "gfx/portraits/portrait_modifiers/01_weight.txt" near line: 85
[09:25:08][pdx_persistent_reader.cpp:268]: Error: "Unknown trigger type: overweight_pop_trigger, near line: 101" in file: "gfx/portraits/portrait_modifiers/01_weight.txt" near line: 102
[09:25:08][pdx_persistent_reader.cpp:268]: Error: "Unknown trigger type: very_overweight_pop_trigger, near line: 118" in file: "gfx/portraits/portrait_modifiers/01_weight.txt" near line: 119
[09:25:08][pdx_persistent_reader.cpp:268]: Error: "Unknown trigger type: struggling_pop_trigger, near line: 60" in file: "gfx/portraits/portrait_animations/animations.txt" near line: 61
[09:25:08][pdx_persistent_reader.cpp:268]: Error: "Unknown trigger type: struggling_pop_trigger, near line: 78" in file: "gfx/portraits/portrait_animations/animations.txt" near line: 79
[09:25:08][pdx_persistent_reader.cpp:268]: Error: "Unknown trigger type: officers_clothes_pop_trigger, near line: 91
Unknown trigger type: japanese_clothes_pop_trigger, near line: 92
Unknown trigger type: struggling_pop_trigger, near line: 93
Unknown trigger type: japanese_restoration_trigger, near line: 95" in file: "gfx/portraits/portrait_animations/animations.txt" near line: 96
[09:25:08][pdx_persistent_reader.cpp:268]: Error: "Unknown trigger type: officers_clothes_pop_trigger, near line: 112
Unknown trigger type: struggling_pop_trigger, near line: 113" in file: "gfx/portraits/portrait_animations/animations.txt" near line: 114
[09:25:08][pdx_persistent_reader.cpp:268]: Error: "Unknown trigger type: laborers_clothes_pop_trigger, near line: 131
Unknown trigger type: struggling_pop_trigger, near line: 132" in file: "gfx/portraits/portrait_animations/animations.txt" near line: 133
[09:25:08][pdx_persistent_reader.cpp:268]: Error: "Unknown trigger type: hindu_clothes_pop_trigger, near line: 149
Unknown trigger type: buddhist_clothes_pop_trigger, near line: 150" in file: "gfx/portraits/portrait_animations/animations.txt" near line: 154
[09:25:08][pdx_persistent_reader.cpp:268]: Error: "Unknown trigger type: clergy_clothes_pop_trigger, near line: 157
Unknown trigger type: struggling_pop_trigger, near line: 158" in file: "gfx/portraits/portrait_animations/animations.txt" near line: 159
[09:25:08][pdx_persistent_reader.cpp:268]: Error: "Unknown trigger type: clergy_clothes_pop_trigger, near line: 171
Unknown trigger type: struggling_pop_trigger, near line: 172" in file: "gfx/portraits/portrait_animations/animations.txt" near line: 173
[09:25:08][pdx_persistent_reader.cpp:268]: Error: "Unknown trigger type: bureaucrats_clothes_pop_trigger, near line: 186
Unknown trigger type: struggling_pop_trigger, near line: 187" in file: "gfx/portraits/portrait_animations/animations.txt" near line: 188
[09:25:08][pdx_persistent_reader.cpp:268]: Error: "Unknown trigger type: soldier_clothes_pop_trigger, near line: 200
Unknown trigger type: struggling_pop_trigger, near line: 201
Unknown trigger type: montenegrin_clothes_pop_trigger, near line: 204" in file: "gfx/portraits/portrait_animations/animations.txt" near line: 209
[09:25:08][pdx_persistent_reader.cpp:268]: Error: "Unknown trigger type: soldier_clothes_pop_trigger, near line: 225
Unknown trigger type: struggling_pop_trigger, near line: 226" in file: "gfx/portraits/portrait_animations/animations.txt" near line: 227
[09:25:08][pdx_persistent_reader.cpp:268]: Error: "Unknown trigger type: farmers_clothes_pop_trigger, near line: 240
Unknown trigger type: struggling_pop_trigger, near line: 241" in file: "gfx/portraits/portrait_animations/animations.txt" near line: 242
[09:25:08][pdx_persistent_reader.cpp:268]: Error: "Unknown trigger type: slaves_clothes_pop_trigger, near line: 255" in file: "gfx/portraits/portrait_animations/animations.txt" near line: 256
[09:25:08][pdx_persistent_reader.cpp:268]: Error: "Unknown trigger type: peasants_clothes_pop_trigger, near line: 269
Unknown trigger type: struggling_pop_trigger, near line: 270" in file: "gfx/portraits/portrait_animations/animations.txt" near line: 271
[09:25:08][pdx_persistent_reader.cpp:268]: Error: "Unknown trigger type: upper_clothes_pop_trigger, near line: 284
Unknown trigger type: struggling_pop_trigger, near line: 285" in file: "gfx/portraits/portrait_animations/animations.txt" near line: 286
[09:25:08][pdx_persistent_reader.cpp:268]: Error: "Unknown trigger type: machinists_clothes_pop_trigger, near line: 299
Unknown trigger type: struggling_pop_trigger, near line: 300" in file: "gfx/portraits/portrait_animations/animations.txt" near line: 301
[09:25:08][pdx_persistent_reader.cpp:268]: Error: "Unknown trigger type: clerks_clothes_pop_trigger, near line: 314
Unknown trigger type: struggling_pop_trigger, near line: 315" in file: "gfx/portraits/portrait_animations/animations.txt" near line: 316
[09:25:08][pdx_persistent_reader.cpp:268]: Error: "Unknown trigger type: engineers_clothes_pop_trigger, near line: 329
Unknown trigger type: struggling_pop_trigger, near line: 330" in file: "gfx/portraits/portrait_animations/animations.txt" near line: 331
[09:25:08][pdx_persistent_reader.cpp:268]: Error: "Unknown trigger type: laborers_clothes_pop_trigger, near line: 344" in file: "gfx/portraits/portrait_animations/animations.txt" near line: 345
[09:25:08][pdx_persistent_reader.cpp:268]: Error: "Unknown trigger type: shopkeepers_clothes_pop_trigger, near line: 359
Unknown trigger type: struggling_pop_trigger, near line: 360" in file: "gfx/portraits/portrait_animations/animations.txt" near line: 361
[09:25:08][pdx_persistent_reader.cpp:268]: Error: "Unknown trigger type: upper_clothes_pop_trigger, near line: 374
Unknown trigger type: european_clothes_pop_trigger, near line: 375
Unknown trigger type: struggling_pop_trigger, near line: 376" in file: "gfx/portraits/portrait_animations/animations.txt" near line: 377
[09:25:08][pdx_persistent_reader.cpp:268]: Error: "Unknown trigger type: middle_clothes_pop_trigger, near line: 390
Unknown trigger type: struggling_pop_trigger, near line: 391" in file: "gfx/portraits/portrait_animations/animations.txt" near line: 392
[09:25:08][pdx_persistent_reader.cpp:268]: Error: "Unknown trigger type: middle_clothes_pop_trigger, near line: 405
Unknown trigger type: struggling_pop_trigger, near line: 406" in file: "gfx/portraits/portrait_animations/animations.txt" near line: 407
[09:25:08][pdx_persistent_reader.cpp:268]: Error: "Unknown trigger type: shopkeepers_clothes_pop_trigger, near line: 420
Unknown trigger type: struggling_pop_trigger, near line: 421" in file: "gfx/portraits/portrait_animations/animations.txt" near line: 422
[09:25:08][pdx_persistent_reader.cpp:268]: Error: "Unknown trigger type: aristocrats_clothes_pop_trigger, near line: 434
Unknown trigger type: european_clothes_pop_trigger, near line: 435
Unknown trigger type: struggling_pop_trigger, near line: 436" in file: "gfx/portraits/portrait_animations/animations.txt" near line: 437
[09:25:08][pdx_persistent_reader.cpp:268]: Error: "Unknown trigger type: aristocrats_clothes_pop_trigger, near line: 448
Unknown trigger type: european_clothes_pop_trigger, near line: 449
Unknown trigger type: struggling_pop_trigger, near line: 450" in file: "gfx/portraits/portrait_animations/animations.txt" near line: 451
[09:25:08][pdx_persistent_reader.cpp:268]: Error: "Unknown trigger type: officers_clothes_pop_trigger, near line: 470
Unknown trigger type: japanese_clothes_pop_trigger, near line: 471
Unknown trigger type: struggling_pop_trigger, near line: 472
Unknown trigger type: japanese_restoration_trigger, near line: 474" in file: "gfx/portraits/portrait_animations/animations.txt" near line: 475
[09:25:08][pdx_persistent_reader.cpp:268]: Error: "Unknown trigger type: officers_clothes_pop_trigger, near line: 491
Unknown trigger type: struggling_pop_trigger, near line: 492" in file: "gfx/portraits/portrait_animations/animations.txt" near line: 493
[09:25:08][pdx_persistent_reader.cpp:268]: Error: "Unknown trigger type: laborers_clothes_pop_trigger, near line: 508
Unknown trigger type: struggling_pop_trigger, near line: 509" in file: "gfx/portraits/portrait_animations/animations.txt" near line: 510
[09:25:08][pdx_persistent_reader.cpp:268]: Error: "Unknown trigger type: hindu_clothes_pop_trigger, near line: 525
Unknown trigger type: buddhist_clothes_pop_trigger, near line: 526" in file: "gfx/portraits/portrait_animations/animations.txt" near line: 527
[09:25:08][pdx_persistent_reader.cpp:268]: Error: "Unknown trigger type: clergy_clothes_pop_trigger, near line: 528
Unknown trigger type: struggling_pop_trigger, near line: 529" in file: "gfx/portraits/portrait_animations/animations.txt" near line: 530
[09:25:08][pdx_persistent_reader.cpp:268]: Error: "Unknown trigger type: clergy_clothes_pop_trigger, near line: 542
Unknown trigger type: struggling_pop_trigger, near line: 543" in file: "gfx/portraits/portrait_animations/animations.txt" near line: 544
[09:25:08][pdx_persistent_reader.cpp:268]: Error: "Unknown trigger type: bureaucrats_clothes_pop_trigger, near line: 557
Unknown trigger type: struggling_pop_trigger, near line: 558" in file: "gfx/portraits/portrait_animations/animations.txt" near line: 559
[09:25:08][pdx_persistent_reader.cpp:268]: Error: "Unknown trigger type: soldier_clothes_pop_trigger, near line: 572
Unknown trigger type: struggling_pop_trigger, near line: 573" in file: "gfx/portraits/portrait_animations/animations.txt" near line: 574
[09:25:08][pdx_persistent_reader.cpp:268]: Error: "Unknown trigger type: farmers_clothes_pop_trigger, near line: 587
Unknown trigger type: struggling_pop_trigger, near line: 588" in file: "gfx/portraits/portrait_animations/animations.txt" near line: 589
[09:25:08][pdx_persistent_reader.cpp:268]: Error: "Unknown trigger type: peasants_clothes_pop_trigger, near line: 604
Unknown trigger type: struggling_pop_trigger, near line: 605" in file: "gfx/portraits/portrait_animations/animations.txt" near line: 606
[09:25:08][pdx_persistent_reader.cpp:268]: Error: "Unknown trigger type: peasants_clothes_pop_trigger, near line: 619
Unknown trigger type: struggling_pop_trigger, near line: 620" in file: "gfx/portraits/portrait_animations/animations.txt" near line: 621
[09:25:08][pdx_persistent_reader.cpp:268]: Error: "Unknown trigger type: upper_clothes_pop_trigger, near line: 634
Unknown trigger type: struggling_pop_trigger, near line: 635" in file: "gfx/portraits/portrait_animations/animations.txt" near line: 636
[09:25:08][pdx_persistent_reader.cpp:268]: Error: "Unknown trigger type: machinists_clothes_pop_trigger, near line: 649
Unknown trigger type: struggling_pop_trigger, near line: 650" in file: "gfx/portraits/portrait_animations/animations.txt" near line: 651
[09:25:08][pdx_persistent_reader.cpp:268]: Error: "Unknown trigger type: clerks_clothes_pop_trigger, near line: 664
Unknown trigger type: struggling_pop_trigger, near line: 665" in file: "gfx/portraits/portrait_animations/animations.txt" near line: 666
[09:25:08][pdx_persistent_reader.cpp:268]: Error: "Unknown trigger type: engineers_clothes_pop_trigger, near line: 679
Unknown trigger type: struggling_pop_trigger, near line: 680" in file: "gfx/portraits/portrait_animations/animations.txt" near line: 681
[09:25:08][pdx_persistent_reader.cpp:268]: Error: "Unknown trigger type: shopkeepers_clothes_pop_trigger, near line: 694
Unknown trigger type: struggling_pop_trigger, near line: 695" in file: "gfx/portraits/portrait_animations/animations.txt" near line: 696
[09:25:08][pdx_persistent_reader.cpp:268]: Error: "Unknown trigger type: poor_clothes_pop_trigger, near line: 710
Unknown trigger type: struggling_pop_trigger, near line: 711" in file: "gfx/portraits/portrait_animations/animations.txt" near line: 712
[09:25:08][pdx_persistent_reader.cpp:268]: Error: "Unknown trigger type: middle_clothes_pop_trigger, near line: 725
Unknown trigger type: struggling_pop_trigger, near line: 726" in file: "gfx/portraits/portrait_animations/animations.txt" near line: 727
[09:25:08][pdx_persistent_reader.cpp:268]: Error: "Unknown trigger type: middle_clothes_pop_trigger, near line: 740
Unknown trigger type: struggling_pop_trigger, near line: 741" in file: "gfx/portraits/portrait_animations/animations.txt" near line: 742
[09:25:08][pdx_persistent_reader.cpp:268]: Error: "Unknown trigger type: upper_clothes_pop_trigger, near line: 755
Unknown trigger type: european_clothes_pop_trigger, near line: 756
Unknown trigger type: struggling_pop_trigger, near line: 757" in file: "gfx/portraits/portrait_animations/animations.txt" near line: 758
[09:25:08][pdx_persistent_reader.cpp:268]: Error: "Unknown trigger type: shopkeepers_clothes_pop_trigger, near line: 771
Unknown trigger type: struggling_pop_trigger, near line: 772" in file: "gfx/portraits/portrait_animations/animations.txt" near line: 773
[09:25:08][pdx_persistent_reader.cpp:268]: Error: "Unknown trigger type: aristocrats_clothes_pop_trigger, near line: 785
Unknown trigger type: european_clothes_pop_trigger, near line: 786
Unknown trigger type: struggling_pop_trigger, near line: 787" in file: "gfx/portraits/portrait_animations/animations.txt" near line: 788
[09:25:08][pdx_persistent_reader.cpp:268]: Error: "Unknown trigger type: aristocrats_clothes_pop_trigger, near line: 800
Unknown trigger type: european_clothes_pop_trigger, near line: 801
Unknown trigger type: struggling_pop_trigger, near line: 802" in file: "gfx/portraits/portrait_animations/animations.txt" near line: 803
[09:25:08][pdx_persistent_reader.cpp:268]: Error: "Unknown trigger type: aristocrats_clothes_pop_trigger, near line: 850
Unknown trigger type: capitalists_clothes_pop_trigger, near line: 851" in file: "gfx/portraits/portrait_animations/animations.txt" near line: 852
[09:25:08][pdx_persistent_reader.cpp:268]: Error: "Unknown trigger type: japanese_clothes_pop_trigger, near line: 854
Unknown trigger type: struggling_pop_trigger, near line: 855" in file: "gfx/portraits/portrait_animations/animations.txt" near line: 856
[09:25:08][pdx_persistent_reader.cpp:268]: Error: "Unknown trigger type: bureaucrats_clothes_pop_trigger, near line: 869
Unknown trigger type: japanese_clothes_pop_trigger, near line: 870
Unknown trigger type: struggling_pop_trigger, near line: 871" in file: "gfx/portraits/portrait_animations/animations.txt" near line: 872
[09:25:08][pdx_persistent_reader.cpp:268]: Error: "Unknown trigger type: upper_clothes_pop_trigger, near line: 885
Unknown trigger type: european_clothes_pop_trigger, near line: 886
Unknown trigger type: struggling_pop_trigger, near line: 887" in file: "gfx/portraits/portrait_animations/animations.txt" near line: 888
[09:25:08][pdx_persistent_reader.cpp:268]: Error: "Unknown trigger type: shopkeepers_clothes_pop_trigger, near line: 901
Unknown trigger type: struggling_pop_trigger, near line: 902" in file: "gfx/portraits/portrait_animations/animations.txt" near line: 903
[09:25:08][pdx_persistent_reader.cpp:268]: Error: "Unknown trigger type: middle_clothes_pop_trigger, near line: 917
Unknown trigger type: upper_clothes_pop_trigger, near line: 918" in file: "gfx/portraits/portrait_animations/animations.txt" near line: 919
[09:25:08][pdx_persistent_reader.cpp:268]: Error: "Unknown trigger type: struggling_pop_trigger, near line: 920" in file: "gfx/portraits/portrait_animations/animations.txt" near line: 921
[09:25:08][pdx_persistent_reader.cpp:268]: Error: "Unknown trigger type: middle_clothes_pop_trigger, near line: 934
Unknown trigger type: struggling_pop_trigger, near line: 935" in file: "gfx/portraits/portrait_animations/animations.txt" near line: 936
[09:25:08][pdx_persistent_reader.cpp:268]: Error: "Unknown trigger type: laborers_clothes_pop_trigger, near line: 948" in file: "gfx/portraits/portrait_animations/animations.txt" near line: 949
[09:25:08][pdx_persistent_reader.cpp:268]: Error: "Unknown trigger type: poor_clothes_pop_trigger, near line: 962
Unknown trigger type: struggling_pop_trigger, near line: 963" in file: "gfx/portraits/portrait_animations/animations.txt" near line: 964
[09:25:08][pdx_persistent_reader.cpp:268]: Error: "Unknown trigger type: slaves_clothes_pop_trigger, near line: 977" in file: "gfx/portraits/portrait_animations/animations.txt" near line: 978
[09:25:08][pdx_persistent_reader.cpp:268]: Error: "Unknown trigger type: laborers_clothes_pop_trigger, near line: 991
Unknown trigger type: struggling_pop_trigger, near line: 992" in file: "gfx/portraits/portrait_animations/animations.txt" near line: 993
[09:25:08][pdx_persistent_reader.cpp:268]: Error: "Unknown trigger type: soldier_clothes_pop_trigger, near line: 1006
Unknown trigger type: struggling_pop_trigger, near line: 1007" in file: "gfx/portraits/portrait_animations/animations.txt" near line: 1008
[09:25:08][pdx_persistent_reader.cpp:268]: Error: "Unknown trigger type: aristocrats_clothes_pop_trigger, near line: 1021
Unknown trigger type: struggling_pop_trigger, near line: 1022" in file: "gfx/portraits/portrait_animations/animations.txt" near line: 1023
[09:25:08][pdx_persistent_reader.cpp:268]: Error: "Unknown trigger type: clergy_clothes_pop_trigger, near line: 1036
Unknown trigger type: struggling_pop_trigger, near line: 1037" in file: "gfx/portraits/portrait_animations/animations.txt" near line: 1038
[09:25:08][pdx_persistent_reader.cpp:268]: Error: "Unknown trigger type: officers_clothes_pop_trigger, near line: 1049
Unknown trigger type: struggling_pop_trigger, near line: 1050" in file: "gfx/portraits/portrait_animations/animations.txt" near line: 1051
[09:25:08][pdx_persistent_reader.cpp:268]: Error: "Unknown trigger type: upper_clothes_pop_trigger, near line: 1067
Unknown trigger type: japanese_clothes_pop_trigger, near line: 1068
Unknown trigger type: struggling_pop_trigger, near line: 1069" in file: "gfx/portraits/portrait_animations/animations.txt" near line: 1070
[09:25:08][pdx_persistent_reader.cpp:268]: Error: "Unknown trigger type: upper_clothes_pop_trigger, near line: 1083
Unknown trigger type: european_clothes_pop_trigger, near line: 1084
Unknown trigger type: struggling_pop_trigger, near line: 1085" in file: "gfx/portraits/portrait_animations/animations.txt" near line: 1086
[09:25:08][pdx_persistent_reader.cpp:268]: Error: "Unknown trigger type: shopkeepers_clothes_pop_trigger, near line: 1099
Unknown trigger type: struggling_pop_trigger, near line: 1100" in file: "gfx/portraits/portrait_animations/animations.txt" near line: 1101
[09:25:08][pdx_persistent_reader.cpp:268]: Error: "Unknown trigger type: middle_clothes_pop_trigger, near line: 1114
Unknown trigger type: struggling_pop_trigger, near line: 1115" in file: "gfx/portraits/portrait_animations/animations.txt" near line: 1116
[09:25:08][pdx_persistent_reader.cpp:268]: Error: "Unknown trigger type: middle_clothes_pop_trigger, near line: 1129
Unknown trigger type: struggling_pop_trigger, near line: 1130" in file: "gfx/portraits/portrait_animations/animations.txt" near line: 1131
[09:25:08][pdx_persistent_reader.cpp:268]: Error: "Unknown trigger type: laborers_clothes_pop_trigger, near line: 1144
Unknown trigger type: struggling_pop_trigger, near line: 1145" in file: "gfx/portraits/portrait_animations/animations.txt" near line: 1146
[09:25:08][pdx_persistent_reader.cpp:268]: Error: "Unknown trigger type: peasants_clothes_pop_trigger, near line: 1158
Unknown trigger type: struggling_pop_trigger, near line: 1159" in file: "gfx/portraits/portrait_animations/animations.txt" near line: 1160
[09:25:08][pdx_persistent_reader.cpp:268]: Error: "Unknown trigger type: soldier_clothes_pop_trigger, near line: 1172
Unknown trigger type: struggling_pop_trigger, near line: 1173" in file: "gfx/portraits/portrait_animations/animations.txt" near line: 1174
[09:25:08][lexer.cpp:285]: File 'common/modifier_type_definitions/99_toe_land_reform_compat.txt' should be in utf8-bom encoding (will try to use it anyways)
[09:25:08][gamedatabase.h:378]: Duplicated key state_pop_support_movement_land_reform_add will not be created from file: common/modifier_type_definitions/99_toe_land_reform_compat.txt:6
[09:25:08][gamedatabase.h:378]: Duplicated key state_pop_support_movement_land_reform_mult will not be created from file: common/modifier_type_definitions/99_toe_land_reform_compat.txt:15
[09:25:08][pdx_persistent_reader.cpp:268]: Error: "Unknown trigger type: is_peasant_under_serfdom, near line: 43" in file: "common/pop_types/academics.txt" near line: 45
[09:25:08][pdx_persistent_reader.cpp:268]: Error: "Unknown trigger type: is_peasant_under_serfdom, near line: 93" in file: "common/pop_types/academics.txt" near line: 94
[09:25:08][pdx_persistent_reader.cpp:268]: Error: "Unknown trigger type: is_peasant_under_serfdom, near line: 36" in file: "common/pop_types/aristocrats.txt" near line: 38
[09:25:08][pdx_persistent_reader.cpp:268]: Error: "Unknown trigger type: is_peasant_under_serfdom, near line: 109" in file: "common/pop_types/aristocrats.txt" near line: 110
[09:25:08][pdx_persistent_reader.cpp:268]: Error: "Unknown trigger type: is_peasant_under_serfdom, near line: 41" in file: "common/pop_types/bureaucrats.txt" near line: 43
[09:25:08][pdx_persistent_reader.cpp:268]: Error: "Unknown trigger type: is_peasant_under_serfdom, near line: 106" in file: "common/pop_types/bureaucrats.txt" near line: 107
[09:25:08][pdx_persistent_reader.cpp:268]: Error: "Unknown trigger type: is_peasant_under_serfdom, near line: 34" in file: "common/pop_types/capitalists.txt" near line: 36
[09:25:08][pdx_persistent_reader.cpp:268]: Error: "Unknown trigger type: is_peasant_under_serfdom, near line: 84" in file: "common/pop_types/capitalists.txt" near line: 85
[09:25:08][pdx_persistent_reader.cpp:268]: Error: "Unknown trigger type: is_peasant_under_serfdom, near line: 95" in file: "common/pop_types/clergymen.txt" near line: 96
[09:25:08][pdx_persistent_reader.cpp:268]: Error: "Unknown trigger type: is_peasant_under_serfdom, near line: 70" in file: "common/pop_types/clerks.txt" near line: 71
[09:25:08][pdx_persistent_reader.cpp:268]: Error: "Unknown trigger type: is_peasant_under_serfdom, near line: 55" in file: "common/pop_types/engineers.txt" near line: 57
[09:25:08][pdx_persistent_reader.cpp:268]: Error: "Unknown trigger type: is_peasant_under_serfdom, near line: 91" in file: "common/pop_types/engineers.txt" near line: 92
[09:25:08][pdx_persistent_reader.cpp:268]: Error: "Unknown trigger type: is_peasant_under_serfdom, near line: 97" in file: "common/pop_types/farmers.txt" near line: 98
[09:25:08][pdx_persistent_reader.cpp:268]: Error: "Unknown trigger type: is_peasant_under_serfdom, near line: 85" in file: "common/pop_types/machinists.txt" near line: 86
[09:25:08][pdx_persistent_reader.cpp:268]: Error: "Unknown trigger type: is_peasant_under_serfdom, near line: 42" in file: "common/pop_types/officers.txt" near line: 48
[09:25:08][pdx_persistent_reader.cpp:268]: Error: "Unknown trigger type: is_peasant_under_serfdom, near line: 115" in file: "common/pop_types/officers.txt" near line: 116
[09:25:08][pdx_persistent_reader.cpp:268]: Error: "Unknown trigger type: is_peasant_under_serfdom, near line: 65" in file: "common/pop_types/shopkeepers.txt" near line: 66
[09:25:08][pdx_persistent_reader.cpp:268]: Error: "Unknown trigger type: default_auto_expand_rule, near line: 38" in file: "common/building_groups/00_building_groups.txt" near line: 39
[09:25:08][pdx_persistent_reader.cpp:268]: Error: "Unknown trigger type: default_auto_expand_rule, near line: 100" in file: "common/building_groups/00_building_groups.txt" near line: 101
[09:25:08][pdx_persistent_reader.cpp:268]: Error: "Unknown trigger type: default_auto_expand_rule, near line: 152" in file: "common/building_groups/00_building_groups.txt" near line: 153
[09:25:08][pdx_persistent_reader.cpp:268]: Error: "Unknown trigger type: default_auto_expand_rule, near line: 200" in file: "common/building_groups/00_building_groups.txt" near line: 201
[09:25:08][pdx_persistent_reader.cpp:268]: Error: "Unknown trigger type: default_auto_expand_rule, near line: 238" in file: "common/building_groups/00_building_groups.txt" near line: 239
[09:25:08][pdx_persistent_reader.cpp:268]: Error: "Unknown trigger type: default_auto_expand_rule, near line: 282" in file: "common/building_groups/00_building_groups.txt" near line: 283
[09:25:08][pdx_persistent_reader.cpp:268]: Error: "Unknown trigger type: default_auto_expand_rule, near line: 306" in file: "common/building_groups/00_building_groups.txt" near line: 307
[09:25:08][pdx_persistent_reader.cpp:268]: Error: "Unknown trigger type: default_auto_expand_rule, near line: 326" in file: "common/building_groups/00_building_groups.txt" near line: 327
[09:25:08][pdx_persistent_reader.cpp:268]: Error: "Unknown trigger type: default_auto_expand_rule, near line: 344" in file: "common/building_groups/00_building_groups.txt" near line: 345
[09:25:08][pdx_persistent_reader.cpp:268]: Error: "Unknown trigger type: default_auto_expand_rule, near line: 366" in file: "common/building_groups/00_building_groups.txt" near line: 367
[09:25:08][pdx_persistent_reader.cpp:268]: Error: "Unknown trigger type: default_auto_expand_rule, near line: 408" in file: "common/building_groups/00_building_groups.txt" near line: 409
[09:25:08][pdx_persistent_reader.cpp:268]: Error: "Unknown trigger type: default_auto_expand_rule, near line: 433" in file: "common/building_groups/00_building_groups.txt" near line: 434
[09:25:08][pdx_persistent_reader.cpp:268]: Error: "Unknown trigger type: can_impose_law_default, near line: 27" in file: "common/laws/00_army_model.txt" near line: 28
[09:25:08][pdx_persistent_reader.cpp:268]: Error: "Unknown trigger type: ai_has_enact_weight_modifier_journal_entries, near line: 65" in file: "common/laws/00_army_model.txt" near line: 65
[09:25:08][pdx_persistent_reader.cpp:268]: Error: "Unknown trigger type: can_impose_law_default, near line: 138" in file: "common/laws/00_army_model.txt" near line: 139
[09:25:08][pdx_persistent_reader.cpp:268]: Error: "Unknown trigger type: ai_has_enact_weight_modifier_journal_entries, near line: 169" in file: "common/laws/00_army_model.txt" near line: 169
[09:25:08][pdx_persistent_reader.cpp:268]: Error: "Unknown trigger type: ai_has_enact_weight_modifier_journal_entries, near line: 261" in file: "common/laws/00_army_model.txt" near line: 261
[09:25:08][pdx_persistent_reader.cpp:268]: Error: "Unknown trigger type: can_impose_law_default, near line: 293" in file: "common/laws/00_army_model.txt" near line: 294
[09:25:08][pdx_persistent_reader.cpp:268]: Error: "Unknown trigger type: ai_has_enact_weight_modifier_journal_entries, near line: 322" in file: "common/laws/00_army_model.txt" near line: 322
[09:25:08][pdx_persistent_reader.cpp:268]: Error: "Unknown trigger type: ai_has_enact_weight_modifier_journal_entries, near line: 48" in file: "common/laws/00_bureaucracy.txt" near line: 48
[09:25:08][pdx_persistent_reader.cpp:268]: Error: "Unknown trigger type: ai_has_enact_weight_modifier_journal_entries, near line: 102" in file: "common/laws/00_bureaucracy.txt" near line: 102
[09:25:08][pdx_persistent_reader.cpp:268]: Error: "Unknown trigger type: ai_has_enact_weight_modifier_journal_entries, near line: 139" in file: "common/laws/00_bureaucracy.txt" near line: 139
[09:25:08][pdx_persistent_reader.cpp:268]: Error: "Unknown trigger type: ai_has_enact_weight_modifier_journal_entries, near line: 194" in file: "common/laws/00_bureaucracy.txt" near line: 194
[09:25:08][pdx_persistent_reader.cpp:268]: Error: "Unknown trigger type: ai_has_enact_weight_modifier_journal_entries, near line: 48" in file: "common/laws/00_caste_hegemony.txt" near line: 48
[09:25:08][pdx_persistent_reader.cpp:268]: Error: "Unknown trigger type: ai_has_enact_weight_modifier_journal_entries, near line: 94" in file: "common/laws/00_caste_hegemony.txt" near line: 94
[09:25:08][pdx_persistent_reader.cpp:268]: Error: "Unknown trigger type: ai_has_enact_weight_modifier_journal_entries, near line: 127" in file: "common/laws/00_caste_hegemony.txt" near line: 127
[09:25:08][pdx_persistent_reader.cpp:268]: Error: "Unknown trigger type: ai_has_enact_weight_modifier_journal_entries, near line: 173" in file: "common/laws/00_caste_hegemony.txt" near line: 173
[09:25:08][pdx_persistent_reader.cpp:268]: Error: "Unknown trigger type: ai_has_enact_weight_modifier_journal_entries, near line: 220" in file: "common/laws/00_caste_hegemony.txt" near line: 220
[09:25:08][pdx_persistent_reader.cpp:268]: Error: "Unknown trigger type: ai_has_enact_weight_modifier_journal_entries, near line: 271" in file: "common/laws/00_caste_hegemony.txt" near line: 271
[09:25:08][pdx_persistent_reader.cpp:268]: Error: "Unknown trigger type: ai_has_enact_weight_modifier_journal_entries, near line: 314" in file: "common/laws/00_caste_hegemony.txt" near line: 314
[09:25:08][pdx_persistent_reader.cpp:268]: Error: "Unknown trigger type: can_impose_law_default, near line: 62" in file: "common/laws/00_church_and_state.txt" near line: 63
[09:25:08][pdx_persistent_reader.cpp:268]: Error: "Unknown trigger type: ai_has_enact_weight_modifier_journal_entries, near line: 77" in file: "common/laws/00_church_and_state.txt" near line: 77
[09:25:08][pdx_persistent_reader.cpp:268]: Error: "Unknown trigger type: ai_has_enact_weight_modifier_journal_entries, near line: 233" in file: "common/laws/00_church_and_state.txt" near line: 233
[09:25:08][pdx_persistent_reader.cpp:268]: Error: "Unknown trigger type: country_is_islamic, near line: 258" in file: "common/laws/00_church_and_state.txt" near line: 261
[09:25:08][pdx_persistent_reader.cpp:268]: Error: "Unknown trigger type: can_impose_law_default, near line: 328" in file: "common/laws/00_church_and_state.txt" near line: 329
[09:25:08][pdx_persistent_reader.cpp:268]: Error: "Unknown trigger type: ai_has_enact_weight_modifier_journal_entries, near line: 343" in file: "common/laws/00_church_and_state.txt" near line: 343
[09:25:08][pdx_persistent_reader.cpp:268]: Error: "Unknown trigger type: can_impose_law_default, near line: 411" in file: "common/laws/00_church_and_state.txt" near line: 412
[09:25:08][pdx_persistent_reader.cpp:268]: Error: "Unknown trigger type: ai_has_enact_weight_modifier_journal_entries, near line: 419" in file: "common/laws/00_church_and_state.txt" near line: 419
[09:25:08][pdx_persistent_reader.cpp:268]: Error: "Unknown trigger type: can_impose_law_default, near line: 505" in file: "common/laws/00_church_and_state.txt" near line: 506
[09:25:08][pdx_persistent_reader.cpp:268]: Error: "Unknown trigger type: ai_has_enact_weight_modifier_journal_entries, near line: 513" in file: "common/laws/00_church_and_state.txt" near line: 513
[09:25:08][pdx_persistent_reader.cpp:268]: Error: "Unknown trigger type: can_impose_law_default, near line: 597" in file: "common/laws/00_church_and_state.txt" near line: 598
[09:25:08][pdx_persistent_reader.cpp:268]: Error: "Unknown trigger type: ai_has_enact_weight_modifier_journal_entries, near line: 605" in file: "common/laws/00_church_and_state.txt" near line: 605
[09:25:08][pdx_persistent_reader.cpp:268]: Error: "Unknown trigger type: can_impose_law_default, near line: 31" in file: "common/laws/00_citizenship.txt" near line: 32
[09:25:08][pdx_persistent_reader.cpp:268]: Error: "Unknown trigger type: can_impose_law_default, near line: 148" in file: "common/laws/00_citizenship.txt" near line: 149
[09:25:08][pdx_persistent_reader.cpp:268]: Error: "Unknown trigger type: ai_has_enact_weight_modifier_journal_entries, near line: 241" in file: "common/laws/00_citizenship.txt" near line: 241
[09:25:08][pdx_persistent_reader.cpp:268]: Error: "Unknown trigger type: can_impose_law_default, near line: 273" in file: "common/laws/00_citizenship.txt" near line: 274
[09:25:08][pdx_persistent_reader.cpp:268]: Error: "Unknown trigger type: ai_has_enact_weight_modifier_journal_entries, near line: 362" in file: "common/laws/00_citizenship.txt" near line: 362
[09:25:08][pdx_persistent_reader.cpp:268]: Error: "Unknown trigger type: can_impose_law_default, near line: 400" in file: "common/laws/00_citizenship.txt" near line: 401
