[04:29:04][jominiapplication.cpp:539]: Changing game speed to: 2
[04:29:17][jominiapplication.cpp:539]: Pause Toggled! Paused: false, PlayerID: 0
[04:29:17][jominiapplication.cpp:539]: Processing Tick: 1836.1.1.6
[04:29:18][jominiapplication.cpp:539]: Processing Tick: 1836.1.1.12
[04:29:18][jominiapplication.cpp:539]: Changing game speed to: 3
[04:29:18][jominiapplication.cpp:539]: Processing Tick: 1836.1.1.18
[04:29:18][jominiapplication.cpp:539]: Changing game speed to: 4
[04:29:18][jominiapplication.cpp:539]: Processing Tick: 1836.1.2
[04:29:18][jominiapplication.cpp:539]: Processing Tick: 1836.1.2.6
[04:29:19][jominiapplication.cpp:539]: Processing Tick: 1836.1.2.12
[04:29:19][jominiapplication.cpp:539]: Processing Tick: 1836.1.2.18
[04:29:19][jominiapplication.cpp:539]: Processing Tick: 1836.1.3
[04:29:19][jominiapplication.cpp:539]: Processing Tick: 1836.1.3.6
[04:29:19][jominiapplication.cpp:539]: Processing Tick: 1836.1.3.12
[04:29:19][jominiapplication.cpp:539]: Processing Tick: 1836.1.3.18
[04:29:19][jominiapplication.cpp:539]: Processing Tick: 1836.1.4
[04:29:19][jominiapplication.cpp:539]: Processing Tick: 1836.1.4.6
[04:29:19][jominiapplication.cpp:539]: Processing Tick: 1836.1.4.12
[04:29:19][jominiapplication.cpp:539]: Processing Tick: 1836.1.4.18
[04:29:19][jominiapplication.cpp:539]: Processing Tick: 1836.1.5
[04:29:19][jominiapplication.cpp:539]: Processing Tick: 1836.1.5.6
[04:29:20][jominiapplication.cpp:539]: Processing Tick: 1836.1.5.12
[04:29:20][jominiapplication.cpp:539]: Processing Tick: 1836.1.5.18
[04:29:20][jominiapplication.cpp:539]: Processing Tick: 1836.1.6
[04:29:21][jominiapplication.cpp:539]: Processing Tick: 1836.1.6.6
[04:29:21][jominiapplication.cpp:539]: Processing Tick: 1836.1.6.12
[04:29:21][jominiapplication.cpp:539]: Processing Tick: 1836.1.6.18
[04:29:21][jominiapplication.cpp:539]: Processing Tick: 1836.1.7
[04:29:21][jominiapplication.cpp:539]: Processing Tick: 1836.1.7.6
[04:29:21][jominiapplication.cpp:539]: Processing Tick: 1836.1.7.12
[04:29:22][jominiapplication.cpp:539]: Processing Tick: 1836.1.7.18
[04:29:22][jominiapplication.cpp:539]: Processing Tick: 1836.1.8
[04:29:22][jominiapplication.cpp:539]: Processing Tick: 1836.1.8.6
[04:29:22][jominiapplication.cpp:539]: Processing Tick: 1836.1.8.12
[04:29:22][jominiapplication.cpp:539]: Processing Tick: 1836.1.8.18
[04:29:22][jominiapplication.cpp:539]: Processing Tick: 1836.1.9
[04:29:22][jominiapplication.cpp:539]: Processing Tick: 1836.1.9.6
[04:29:22][jominiapplication.cpp:539]: Processing Tick: 1836.1.9.12
[04:29:22][jominiapplication.cpp:539]: Processing Tick: 1836.1.9.18
[04:29:22][jominiapplication.cpp:539]: Processing Tick: 1836.1.10
[04:29:22][jominiapplication.cpp:539]: Processing Tick: 1836.1.10.6
[04:29:22][jominiapplication.cpp:539]: Processing Tick: 1836.1.10.12
[04:29:23][jominiapplication.cpp:539]: Processing Tick: 1836.1.10.18
[04:29:23][jominiapplication.cpp:539]: Processing Tick: 1836.1.11
[04:29:23][jominiapplication.cpp:539]: Processing Tick: 1836.1.11.6
[04:29:23][jominiapplication.cpp:539]: Processing Tick: 1836.1.11.12
[04:29:23][jominiapplication.cpp:539]: Processing Tick: 1836.1.11.18
[04:29:23][jominiapplication.cpp:539]: Processing Tick: 1836.1.12
[04:29:23][jominiapplication.cpp:539]: Processing Tick: 1836.1.12.6
[04:29:23][jominiapplication.cpp:539]: Processing Tick: 1836.1.12.12
[04:29:23][jominiapplication.cpp:539]: Processing Tick: 1836.1.12.18
[04:29:23][jominiapplication.cpp:539]: Processing Tick: 1836.1.13
[04:29:24][jominiapplication.cpp:539]: Processing Tick: 1836.1.13.6
[04:29:24][jominiapplication.cpp:539]: Processing Tick: 1836.1.13.12
[04:29:24][jominiapplication.cpp:539]: Processing Tick: 1836.1.13.18
[04:29:24][jominiapplication.cpp:539]: Processing Tick: 1836.1.14
[04:29:25][jominiapplication.cpp:539]: Processing Tick: 1836.1.14.6
[04:29:25][jominiapplication.cpp:539]: Processing Tick: 1836.1.14.12
[04:29:25][jominiapplication.cpp:539]: Processing Tick: 1836.1.14.18
[04:29:25][jominiapplication.cpp:539]: Processing Tick: 1836.1.15
[04:29:25][jominiapplication.cpp:539]: Processing Tick: 1836.1.15.6
[04:29:25][jominiapplication.cpp:539]: Processing Tick: 1836.1.15.12
[04:29:25][jominiapplication.cpp:539]: Processing Tick: 1836.1.15.18
[04:29:25][jominiapplication.cpp:539]: Processing Tick: 1836.1.16
[04:29:25][jominiapplication.cpp:539]: Processing Tick: 1836.1.16.6
[04:29:25][jominiapplication.cpp:539]: Processing Tick: 1836.1.16.12
[04:29:25][jominiapplication.cpp:539]: Processing Tick: 1836.1.16.18
[04:29:25][jominiapplication.cpp:539]: Processing Tick: 1836.1.17
[04:29:25][jominiapplication.cpp:539]: Processing Tick: 1836.1.17.6
[04:29:25][jominiapplication.cpp:539]: Processing Tick: 1836.1.17.12
[04:29:25][jominiapplication.cpp:539]: Processing Tick: 1836.1.17.18
[04:29:25][jominiapplication.cpp:539]: Processing Tick: 1836.1.18
[04:29:26][jominiapplication.cpp:539]: Processing Tick: 1836.1.18.6
[04:29:26][jominiapplication.cpp:539]: Processing Tick: 1836.1.18.12
[04:29:26][jominiapplication.cpp:539]: Processing Tick: 1836.1.18.18
[04:29:26][jominiapplication.cpp:539]: Processing Tick: 1836.1.19
[04:29:26][jominiapplication.cpp:539]: Processing Tick: 1836.1.19.6
[04:29:26][jominiapplication.cpp:539]: Processing Tick: 1836.1.19.12
[04:29:26][jominiapplication.cpp:539]: Processing Tick: 1836.1.19.18
[04:29:26][jominiapplication.cpp:539]: Processing Tick: 1836.1.20
[04:29:27][jominiapplication.cpp:539]: Processing Tick: 1836.1.20.6
[04:29:27][jominiapplication.cpp:539]: Processing Tick: 1836.1.20.12
[04:29:27][jominiapplication.cpp:539]: Processing Tick: 1836.1.20.18
[04:29:27][jominiapplication.cpp:539]: Processing Tick: 1836.1.21
[04:29:27][jominiapplication.cpp:539]: Processing Tick: 1836.1.21.6
[04:29:28][jominiapplication.cpp:539]: Processing Tick: 1836.1.21.12
[04:29:28][jominiapplication.cpp:539]: Processing Tick: 1836.1.21.18
[04:29:28][jominiapplication.cpp:539]: Processing Tick: 1836.1.22
[04:29:28][jominiapplication.cpp:539]: Processing Tick: 1836.1.22.6
[04:29:28][jominiapplication.cpp:539]: Processing Tick: 1836.1.22.12
[04:29:28][jominiapplication.cpp:539]: Processing Tick: 1836.1.22.18
[04:29:28][jominiapplication.cpp:539]: Processing Tick: 1836.1.23
[04:29:28][jominiapplication.cpp:539]: Processing Tick: 1836.1.23.6
[04:29:28][jominiapplication.cpp:539]: Processing Tick: 1836.1.23.12
[04:29:29][jominiapplication.cpp:539]: Processing Tick: 1836.1.23.18
[04:29:29][jominiapplication.cpp:539]: Processing Tick: 1836.1.24
[04:29:29][jominiapplication.cpp:539]: Processing Tick: 1836.1.24.6
[04:29:29][jominiapplication.cpp:539]: Processing Tick: 1836.1.24.12
[04:29:29][jominiapplication.cpp:539]: Processing Tick: 1836.1.24.18
[04:29:29][jominiapplication.cpp:539]: Processing Tick: 1836.1.25
[04:29:29][jominiapplication.cpp:539]: Processing Tick: 1836.1.25.6
[04:29:29][jominiapplication.cpp:539]: Processing Tick: 1836.1.25.12
[04:29:29][jominiapplication.cpp:539]: Processing Tick: 1836.1.25.18
[04:29:29][jominiapplication.cpp:539]: Processing Tick: 1836.1.26
[04:29:29][jominiapplication.cpp:539]: Processing Tick: 1836.1.26.6
[04:29:29][jominiapplication.cpp:539]: Processing Tick: 1836.1.26.12
[04:29:30][jominiapplication.cpp:539]: Processing Tick: 1836.1.26.18
[04:29:30][jominiapplication.cpp:539]: Processing Tick: 1836.1.27
[04:29:31][jominiapplication.cpp:539]: Processing Tick: 1836.1.27.6
[04:29:31][jominiapplication.cpp:539]: Processing Tick: 1836.1.27.12
[04:29:31][jominiapplication.cpp:539]: Processing Tick: 1836.1.27.18
[04:29:31][jominiapplication.cpp:539]: Processing Tick: 1836.1.28
[04:29:31][jominiapplication.cpp:539]: Processing Tick: 1836.1.28.6
[04:29:31][jominiapplication.cpp:539]: Processing Tick: 1836.1.28.12
[04:29:31][jominiapplication.cpp:539]: Processing Tick: 1836.1.28.18
[04:29:31][jominiapplication.cpp:539]: Processing Tick: 1836.1.29
[04:29:31][jominiapplication.cpp:539]: Processing Tick: 1836.1.29.6
[04:29:31][jominiapplication.cpp:539]: Processing Tick: 1836.1.29.12
[04:29:31][jominiapplication.cpp:539]: Processing Tick: 1836.1.29.18
[04:29:31][jominiapplication.cpp:539]: Processing Tick: 1836.1.30
[04:29:31][jominiapplication.cpp:539]: Processing Tick: 1836.1.30.6
[04:29:31][jominiapplication.cpp:539]: Processing Tick: 1836.1.30.12
[04:29:31][jominiapplication.cpp:539]: Processing Tick: 1836.1.30.18
[04:29:31][jominiapplication.cpp:539]: Processing Tick: 1836.1.31
[04:29:31][jominiapplication.cpp:539]: Processing Tick: 1836.1.31.6
[04:29:31][jominiapplication.cpp:539]: Processing Tick: 1836.1.31.12
[04:29:31][jominiapplication.cpp:539]: Processing Tick: 1836.1.31.18
[04:29:32][jominiapplication.cpp:539]: Processing Tick: 1836.2.1
[04:29:32][jominiapplication.cpp:539]: Processing Tick: 1836.2.1.6
[04:29:32][jominiapplication.cpp:539]: Processing Tick: 1836.2.1.12
[04:29:32][jominiapplication.cpp:539]: Processing Tick: 1836.2.1.18
[04:29:32][jominiapplication.cpp:539]: Processing Tick: 1836.2.2
[04:29:32][jominiapplication.cpp:539]: Processing Tick: 1836.2.2.6
[04:29:32][jominiapplication.cpp:539]: Processing Tick: 1836.2.2.12
[04:29:32][jominiapplication.cpp:539]: Processing Tick: 1836.2.2.18
[04:29:32][jominiapplication.cpp:539]: Processing Tick: 1836.2.3
[04:29:33][jominiapplication.cpp:539]: Processing Tick: 1836.2.3.6
[04:29:33][jominiapplication.cpp:539]: Processing Tick: 1836.2.3.12
[04:29:33][jominiapplication.cpp:539]: Processing Tick: 1836.2.3.18
[04:29:33][jominiapplication.cpp:539]: Processing Tick: 1836.2.4
[04:29:33][jominiapplication.cpp:539]: Processing Tick: 1836.2.4.6
[04:29:33][jominiapplication.cpp:539]: Processing Tick: 1836.2.4.12
[04:29:33][jominiapplication.cpp:539]: Processing Tick: 1836.2.4.18
[04:29:33][jominiapplication.cpp:539]: Processing Tick: 1836.2.5
[04:29:34][jominiapplication.cpp:539]: Processing Tick: 1836.2.5.6
[04:29:34][jominiapplication.cpp:539]: Processing Tick: 1836.2.5.12
[04:29:34][jominiapplication.cpp:539]: Processing Tick: 1836.2.5.18
[04:29:34][jominiapplication.cpp:539]: Processing Tick: 1836.2.6
[04:29:34][jominiapplication.cpp:539]: Processing Tick: 1836.2.6.6
[04:29:34][jominiapplication.cpp:539]: Processing Tick: 1836.2.6.12
[04:29:34][jominiapplication.cpp:539]: Processing Tick: 1836.2.6.18
[04:29:34][jominiapplication.cpp:539]: Processing Tick: 1836.2.7
[04:29:34][jominiapplication.cpp:539]: Processing Tick: 1836.2.7.6
[04:29:34][jominiapplication.cpp:539]: Processing Tick: 1836.2.7.12
[04:29:34][jominiapplication.cpp:539]: Processing Tick: 1836.2.7.18
[04:29:34][jominiapplication.cpp:539]: Processing Tick: 1836.2.8
[04:29:34][jominiapplication.cpp:539]: Processing Tick: 1836.2.8.6
[04:29:34][jominiapplication.cpp:539]: Processing Tick: 1836.2.8.12
[04:29:34][jominiapplication.cpp:539]: Processing Tick: 1836.2.8.18
[04:29:34][jominiapplication.cpp:539]: Processing Tick: 1836.2.9
[04:29:34][jominiapplication.cpp:539]: Processing Tick: 1836.2.9.6
[04:29:34][jominiapplication.cpp:539]: Processing Tick: 1836.2.9.12
[04:29:34][jominiapplication.cpp:539]: Processing Tick: 1836.2.9.18
[04:29:34][jominiapplication.cpp:539]: Processing Tick: 1836.2.10
[04:29:35][jominiapplication.cpp:539]: Processing Tick: 1836.2.10.6
[04:29:35][jominiapplication.cpp:539]: Processing Tick: 1836.2.10.12
[04:29:35][jominiapplication.cpp:539]: Processing Tick: 1836.2.10.18
[04:29:35][jominiapplication.cpp:539]: Processing Tick: 1836.2.11
[04:29:35][jominiapplication.cpp:539]: Processing Tick: 1836.2.11.6
[04:29:36][jominiapplication.cpp:539]: Processing Tick: 1836.2.11.12
[04:29:36][jominiapplication.cpp:539]: Processing Tick: 1836.2.11.18
[04:29:36][jominiapplication.cpp:539]: Processing Tick: 1836.2.12
[04:29:36][jominiapplication.cpp:539]: Processing Tick: 1836.2.12.6
[04:29:36][jominiapplication.cpp:539]: Processing Tick: 1836.2.12.12
[04:29:36][jominiapplication.cpp:539]: Processing Tick: 1836.2.12.18
[04:29:36][jominiapplication.cpp:539]: Processing Tick: 1836.2.13
[04:29:36][jominiapplication.cpp:539]: Processing Tick: 1836.2.13.6
[04:29:36][jominiapplication.cpp:539]: Processing Tick: 1836.2.13.12
[04:29:36][jominiapplication.cpp:539]: Processing Tick: 1836.2.13.18
[04:29:36][jominiapplication.cpp:539]: Processing Tick: 1836.2.14
[04:29:36][jominiapplication.cpp:539]: Processing Tick: 1836.2.14.6
[04:29:36][jominiapplication.cpp:539]: Processing Tick: 1836.2.14.12
[04:29:36][jominiapplication.cpp:539]: Processing Tick: 1836.2.14.18
[04:29:36][jominiapplication.cpp:539]: Processing Tick: 1836.2.15
[04:29:36][jominiapplication.cpp:539]: Processing Tick: 1836.2.15.6
[04:29:36][jominiapplication.cpp:539]: Processing Tick: 1836.2.15.12
[04:29:36][jominiapplication.cpp:539]: Processing Tick: 1836.2.15.18
[04:29:36][jominiapplication.cpp:539]: Processing Tick: 1836.2.16
[04:29:36][jominiapplication.cpp:539]: Processing Tick: 1836.2.16.6
[04:29:36][jominiapplication.cpp:539]: Processing Tick: 1836.2.16.12
[04:29:36][jominiapplication.cpp:539]: Processing Tick: 1836.2.16.18
[04:29:37][jominiapplication.cpp:539]: Processing Tick: 1836.2.17
[04:29:37][jominiapplication.cpp:539]: Processing Tick: 1836.2.17.6
[04:29:38][jominiapplication.cpp:539]: Processing Tick: 1836.2.17.12
[04:29:38][jominiapplication.cpp:539]: Processing Tick: 1836.2.17.18
[04:29:38][jominiapplication.cpp:539]: Processing Tick: 1836.2.18
[04:29:38][jominiapplication.cpp:539]: Processing Tick: 1836.2.18.6
[04:29:38][jominiapplication.cpp:539]: Processing Tick: 1836.2.18.12
[04:29:38][jominiapplication.cpp:539]: Processing Tick: 1836.2.18.18
[04:29:38][jominiapplication.cpp:539]: Processing Tick: 1836.2.19
[04:29:38][jominiapplication.cpp:539]: Processing Tick: 1836.2.19.6
[04:29:38][jominiapplication.cpp:539]: Processing Tick: 1836.2.19.12
[04:29:38][jominiapplication.cpp:539]: Processing Tick: 1836.2.19.18
[04:29:38][jominiapplication.cpp:539]: Processing Tick: 1836.2.20
[04:29:38][jominiapplication.cpp:539]: Processing Tick: 1836.2.20.6
[04:29:38][jominiapplication.cpp:539]: Processing Tick: 1836.2.20.12
[04:29:38][jominiapplication.cpp:539]: Processing Tick: 1836.2.20.18
[04:29:38][jominiapplication.cpp:539]: Processing Tick: 1836.2.21
[04:29:38][jominiapplication.cpp:539]: Processing Tick: 1836.2.21.6
[04:29:38][jominiapplication.cpp:539]: Processing Tick: 1836.2.21.12
[04:29:38][jominiapplication.cpp:539]: Processing Tick: 1836.2.21.18
[04:29:38][jominiapplication.cpp:539]: Processing Tick: 1836.2.22
[04:29:39][jominiapplication.cpp:539]: Processing Tick: 1836.2.22.6
[04:29:39][jominiapplication.cpp:539]: Processing Tick: 1836.2.22.12
[04:29:39][jominiapplication.cpp:539]: Processing Tick: 1836.2.22.18
[04:29:39][jominiapplication.cpp:539]: Processing Tick: 1836.2.23
[04:29:39][jominiapplication.cpp:539]: Processing Tick: 1836.2.23.6
[04:29:39][jominiapplication.cpp:539]: Processing Tick: 1836.2.23.12
[04:29:39][jominiapplication.cpp:539]: Processing Tick: 1836.2.23.18
[04:29:39][jominiapplication.cpp:539]: Processing Tick: 1836.2.24
[04:29:40][jominiapplication.cpp:539]: Processing Tick: 1836.2.24.6
[04:29:40][jominiapplication.cpp:539]: Processing Tick: 1836.2.24.12
[04:29:40][jominiapplication.cpp:539]: Processing Tick: 1836.2.24.18
[04:29:40][jominiapplication.cpp:539]: Processing Tick: 1836.2.25
[04:29:40][jominiapplication.cpp:539]: Processing Tick: 1836.2.25.6
[04:29:40][jominiapplication.cpp:539]: Processing Tick: 1836.2.25.12
[04:29:40][jominiapplication.cpp:539]: Processing Tick: 1836.2.25.18
[04:29:40][jominiapplication.cpp:539]: Processing Tick: 1836.2.26
[04:29:40][jominiapplication.cpp:539]: Processing Tick: 1836.2.26.6
[04:29:40][jominiapplication.cpp:539]: Processing Tick: 1836.2.26.12
[04:29:40][jominiapplication.cpp:539]: Processing Tick: 1836.2.26.18
[04:29:40][jominiapplication.cpp:539]: Processing Tick: 1836.2.27
[04:29:40][jominiapplication.cpp:539]: Processing Tick: 1836.2.27.6
[04:29:40][jominiapplication.cpp:539]: Processing Tick: 1836.2.27.12
[04:29:40][jominiapplication.cpp:539]: Processing Tick: 1836.2.27.18
[04:29:40][jominiapplication.cpp:539]: Processing Tick: 1836.2.28
[04:29:40][jominiapplication.cpp:539]: Processing Tick: 1836.2.28.6
[04:29:40][jominiapplication.cpp:539]: Processing Tick: 1836.2.28.12
[04:29:40][jominiapplication.cpp:539]: Processing Tick: 1836.2.28.18
[04:29:41][jominiapplication.cpp:539]: Processing Tick: 1836.3.1
[04:29:41][jominiapplication.cpp:539]: Processing Tick: 1836.3.1.6
[04:29:41][jominiapplication.cpp:539]: Processing Tick: 1836.3.1.12
[04:29:41][jominiapplication.cpp:539]: Processing Tick: 1836.3.1.18
[04:29:41][jominiapplication.cpp:539]: Processing Tick: 1836.3.2
[04:29:41][jominiapplication.cpp:539]: Processing Tick: 1836.3.2.6
[04:29:41][jominiapplication.cpp:539]: Processing Tick: 1836.3.2.12
[04:29:41][jominiapplication.cpp:539]: Processing Tick: 1836.3.2.18
[04:29:41][jominiapplication.cpp:539]: Processing Tick: 1836.3.3
[04:29:42][jominiapplication.cpp:539]: Processing Tick: 1836.3.3.6
[04:29:42][jominiapplication.cpp:539]: Processing Tick: 1836.3.3.12
[04:29:42][jominiapplication.cpp:539]: Processing Tick: 1836.3.3.18
[04:29:42][jominiapplication.cpp:539]: Processing Tick: 1836.3.4
[04:29:42][jominiapplication.cpp:539]: Processing Tick: 1836.3.4.6
[04:29:42][jominiapplication.cpp:539]: Processing Tick: 1836.3.4.12
[04:29:42][jominiapplication.cpp:539]: Processing Tick: 1836.3.4.18
[04:29:42][jominiapplication.cpp:539]: Processing Tick: 1836.3.5
[04:29:42][jominiapplication.cpp:539]: Processing Tick: 1836.3.5.6
[04:29:42][jominiapplication.cpp:539]: Processing Tick: 1836.3.5.12
[04:29:42][jominiapplication.cpp:539]: Processing Tick: 1836.3.5.18
[04:29:43][jominiapplication.cpp:539]: Processing Tick: 1836.3.6
[04:29:43][jominiapplication.cpp:539]: Processing Tick: 1836.3.6.6
[04:29:43][jominiapplication.cpp:539]: Processing Tick: 1836.3.6.12
[04:29:43][jominiapplication.cpp:539]: Processing Tick: 1836.3.6.18
[04:29:43][jominiapplication.cpp:539]: Processing Tick: 1836.3.7
[04:29:43][jominiapplication.cpp:539]: Processing Tick: 1836.3.7.6
[04:29:43][jominiapplication.cpp:539]: Processing Tick: 1836.3.7.12
[04:29:43][jominiapplication.cpp:539]: Processing Tick: 1836.3.7.18
[04:29:43][jominiapplication.cpp:539]: Processing Tick: 1836.3.8
[04:29:43][jominiapplication.cpp:539]: Processing Tick: 1836.3.8.6
[04:29:43][jominiapplication.cpp:539]: Processing Tick: 1836.3.8.12
[04:29:43][jominiapplication.cpp:539]: Processing Tick: 1836.3.8.18
[04:29:43][jominiapplication.cpp:539]: Processing Tick: 1836.3.9
[04:29:43][jominiapplication.cpp:539]: Processing Tick: 1836.3.9.6
[04:29:43][jominiapplication.cpp:539]: Processing Tick: 1836.3.9.12
[04:29:43][jominiapplication.cpp:539]: Processing Tick: 1836.3.9.18
[04:29:43][jominiapplication.cpp:539]: Processing Tick: 1836.3.10
[04:29:44][jominiapplication.cpp:539]: Processing Tick: 1836.3.10.6
[04:29:44][jominiapplication.cpp:539]: Processing Tick: 1836.3.10.12
[04:29:44][jominiapplication.cpp:539]: Processing Tick: 1836.3.10.18
[04:29:44][jominiapplication.cpp:539]: Processing Tick: 1836.3.11
[04:29:44][jominiapplication.cpp:539]: Processing Tick: 1836.3.11.6
[04:29:44][jominiapplication.cpp:539]: Processing Tick: 1836.3.11.12
[04:29:44][jominiapplication.cpp:539]: Processing Tick: 1836.3.11.18
[04:29:44][jominiapplication.cpp:539]: Processing Tick: 1836.3.12
[04:29:44][jominiapplication.cpp:539]: Processing Tick: 1836.3.12.6
[04:29:45][jominiapplication.cpp:539]: Processing Tick: 1836.3.12.12
[04:29:45][jominiapplication.cpp:539]: Processing Tick: 1836.3.12.18
[04:29:45][jominiapplication.cpp:539]: Processing Tick: 1836.3.13
[04:29:45][jominiapplication.cpp:539]: Processing Tick: 1836.3.13.6
[04:29:45][jominiapplication.cpp:539]: Processing Tick: 1836.3.13.12
[04:29:45][jominiapplication.cpp:539]: Processing Tick: 1836.3.13.18
[04:29:45][jominiapplication.cpp:539]: Processing Tick: 1836.3.14
[04:29:45][jominiapplication.cpp:539]: Processing Tick: 1836.3.14.6
[04:29:45][jominiapplication.cpp:539]: Processing Tick: 1836.3.14.12
[04:29:45][jominiapplication.cpp:539]: Processing Tick: 1836.3.14.18
[04:29:45][jominiapplication.cpp:539]: Processing Tick: 1836.3.15
[04:29:45][jominiapplication.cpp:539]: Processing Tick: 1836.3.15.6
[04:29:45][jominiapplication.cpp:539]: Processing Tick: 1836.3.15.12
[04:29:45][jominiapplication.cpp:539]: Processing Tick: 1836.3.15.18
[04:29:45][jominiapplication.cpp:539]: Processing Tick: 1836.3.16
[04:29:45][jominiapplication.cpp:539]: Processing Tick: 1836.3.16.6
[04:29:45][jominiapplication.cpp:539]: Processing Tick: 1836.3.16.12
[04:29:45][jominiapplication.cpp:539]: Processing Tick: 1836.3.16.18
[04:29:45][jominiapplication.cpp:539]: Processing Tick: 1836.3.17
[04:29:46][jominiapplication.cpp:539]: Processing Tick: 1836.3.17.6
[04:29:46][jominiapplication.cpp:539]: Processing Tick: 1836.3.17.12
[04:29:46][jominiapplication.cpp:539]: Processing Tick: 1836.3.17.18
[04:29:46][jominiapplication.cpp:539]: Processing Tick: 1836.3.18
[04:29:46][jominiapplication.cpp:539]: Processing Tick: 1836.3.18.6
[04:29:46][jominiapplication.cpp:539]: Processing Tick: 1836.3.18.12
[04:29:46][jominiapplication.cpp:539]: Processing Tick: 1836.3.18.18
[04:29:47][jominiapplication.cpp:539]: Processing Tick: 1836.3.19
[04:29:47][jominiapplication.cpp:539]: Processing Tick: 1836.3.19.6
[04:29:47][jominiapplication.cpp:539]: Processing Tick: 1836.3.19.12
[04:29:47][jominiapplication.cpp:539]: Processing Tick: 1836.3.19.18
[04:29:47][jominiapplication.cpp:539]: Processing Tick: 1836.3.20
[04:29:47][jominiapplication.cpp:539]: Processing Tick: 1836.3.20.6
[04:29:47][jominiapplication.cpp:539]: Processing Tick: 1836.3.20.12
[04:29:47][jominiapplication.cpp:539]: Processing Tick: 1836.3.20.18
[04:29:47][jominiapplication.cpp:539]: Processing Tick: 1836.3.21
[04:29:47][jominiapplication.cpp:539]: Processing Tick: 1836.3.21.6
[04:29:47][jominiapplication.cpp:539]: Processing Tick: 1836.3.21.12
[04:29:47][jominiapplication.cpp:539]: Processing Tick: 1836.3.21.18
[04:29:47][jominiapplication.cpp:539]: Processing Tick: 1836.3.22
[04:29:47][jominiapplication.cpp:539]: Processing Tick: 1836.3.22.6
[04:29:47][jominiapplication.cpp:539]: Processing Tick: 1836.3.22.12
[04:29:47][jominiapplication.cpp:539]: Processing Tick: 1836.3.22.18
[04:29:47][jominiapplication.cpp:539]: Processing Tick: 1836.3.23
[04:29:47][jominiapplication.cpp:539]: Processing Tick: 1836.3.23.6
[04:29:47][jominiapplication.cpp:539]: Processing Tick: 1836.3.23.12
[04:29:47][jominiapplication.cpp:539]: Processing Tick: 1836.3.23.18
[04:29:47][jominiapplication.cpp:539]: Processing Tick: 1836.3.24
[04:29:48][jominiapplication.cpp:539]: Processing Tick: 1836.3.24.6
[04:29:48][jominiapplication.cpp:539]: Processing Tick: 1836.3.24.12
[04:29:48][jominiapplication.cpp:539]: Processing Tick: 1836.3.24.18
[04:29:48][jominiapplication.cpp:539]: Processing Tick: 1836.3.25
[04:29:48][jominiapplication.cpp:539]: Processing Tick: 1836.3.25.6
[04:29:48][jominiapplication.cpp:539]: Processing Tick: 1836.3.25.12
[04:29:49][jominiapplication.cpp:539]: Processing Tick: 1836.3.25.18
[04:29:49][jominiapplication.cpp:539]: Processing Tick: 1836.3.26
[04:29:49][jominiapplication.cpp:539]: Processing Tick: 1836.3.26.6
[04:29:49][jominiapplication.cpp:539]: Processing Tick: 1836.3.26.12
[04:29:49][jominiapplication.cpp:539]: Processing Tick: 1836.3.26.18
[04:29:49][jominiapplication.cpp:539]: Processing Tick: 1836.3.27
[04:29:49][jominiapplication.cpp:539]: Processing Tick: 1836.3.27.6
[04:29:49][jominiapplication.cpp:539]: Processing Tick: 1836.3.27.12
[04:29:49][jominiapplication.cpp:539]: Processing Tick: 1836.3.27.18
[04:29:49][jominiapplication.cpp:539]: Processing Tick: 1836.3.28
[04:29:49][jominiapplication.cpp:539]: Processing Tick: 1836.3.28.6
[04:29:49][jominiapplication.cpp:539]: Processing Tick: 1836.3.28.12
[04:29:49][jominiapplication.cpp:539]: Processing Tick: 1836.3.28.18
[04:29:49][jominiapplication.cpp:539]: Processing Tick: 1836.3.29
[04:29:49][jominiapplication.cpp:539]: Processing Tick: 1836.3.29.6
[04:29:49][jominiapplication.cpp:539]: Processing Tick: 1836.3.29.12
[04:29:49][jominiapplication.cpp:539]: Processing Tick: 1836.3.29.18
[04:29:49][jominiapplication.cpp:539]: Processing Tick: 1836.3.30
[04:29:49][jominiapplication.cpp:539]: Processing Tick: 1836.3.30.6
[04:29:49][jominiapplication.cpp:539]: Processing Tick: 1836.3.30.12
[04:29:49][jominiapplication.cpp:539]: Processing Tick: 1836.3.30.18
[04:29:49][jominiapplication.cpp:539]: Processing Tick: 1836.3.31
[04:29:50][jominiapplication.cpp:539]: Processing Tick: 1836.3.31.6
[04:29:50][jominiapplication.cpp:539]: Processing Tick: 1836.3.31.12
[04:29:50][jominiapplication.cpp:539]: Processing Tick: 1836.3.31.18
[04:29:50][jominiapplication.cpp:539]: Processing Tick: 1836.4.1
[04:29:51][jominiapplication.cpp:539]: Processing Tick: 1836.4.1.6
[04:29:51][jominiapplication.cpp:539]: Processing Tick: 1836.4.1.12
[04:29:51][jominiapplication.cpp:539]: Processing Tick: 1836.4.1.18
[04:29:51][jominiapplication.cpp:539]: Processing Tick: 1836.4.2
[04:29:51][jominiapplication.cpp:539]: Processing Tick: 1836.4.2.6
[04:29:51][jominiapplication.cpp:539]: Processing Tick: 1836.4.2.12
[04:29:51][jominiapplication.cpp:539]: Processing Tick: 1836.4.2.18
[04:29:51][jominiapplication.cpp:539]: Processing Tick: 1836.4.3
[04:29:51][jominiapplication.cpp:539]: Processing Tick: 1836.4.3.6
[04:29:51][jominiapplication.cpp:539]: Processing Tick: 1836.4.3.12
[04:29:51][jominiapplication.cpp:539]: Processing Tick: 1836.4.3.18
[04:29:51][jominiapplication.cpp:539]: Processing Tick: 1836.4.4
[04:29:51][jominiapplication.cpp:539]: Processing Tick: 1836.4.4.6
[04:29:51][jominiapplication.cpp:539]: Processing Tick: 1836.4.4.12
[04:29:51][jominiapplication.cpp:539]: Processing Tick: 1836.4.4.18
[04:29:51][jominiapplication.cpp:539]: Processing Tick: 1836.4.5
[04:29:51][jominiapplication.cpp:539]: Processing Tick: 1836.4.5.6
[04:29:51][jominiapplication.cpp:539]: Processing Tick: 1836.4.5.12
[04:29:51][jominiapplication.cpp:539]: Processing Tick: 1836.4.5.18
[04:29:52][jominiapplication.cpp:539]: Processing Tick: 1836.4.6
[04:29:52][jominiapplication.cpp:539]: Processing Tick: 1836.4.6.6
[04:29:52][jominiapplication.cpp:539]: Processing Tick: 1836.4.6.12
[04:29:52][jominiapplication.cpp:539]: Processing Tick: 1836.4.6.18
[04:29:52][jominiapplication.cpp:539]: Processing Tick: 1836.4.7
[04:29:53][jominiapplication.cpp:539]: Processing Tick: 1836.4.7.6
[04:29:53][jominiapplication.cpp:539]: Processing Tick: 1836.4.7.12
[04:29:53][jominiapplication.cpp:539]: Processing Tick: 1836.4.7.18
[04:29:53][jominiapplication.cpp:539]: Processing Tick: 1836.4.8
[04:29:53][jominiapplication.cpp:539]: Processing Tick: 1836.4.8.6
[04:29:53][jominiapplication.cpp:539]: Processing Tick: 1836.4.8.12
[04:29:53][jominiapplication.cpp:539]: Processing Tick: 1836.4.8.18
[04:29:53][jominiapplication.cpp:539]: Processing Tick: 1836.4.9
[04:29:53][jominiapplication.cpp:539]: Processing Tick: 1836.4.9.6
[04:29:53][jominiapplication.cpp:539]: Processing Tick: 1836.4.9.12
[04:29:53][jominiapplication.cpp:539]: Processing Tick: 1836.4.9.18
[04:29:53][jominiapplication.cpp:539]: Processing Tick: 1836.4.10
[04:29:53][jominiapplication.cpp:539]: Processing Tick: 1836.4.10.6
[04:29:53][jominiapplication.cpp:539]: Processing Tick: 1836.4.10.12
[04:29:53][jominiapplication.cpp:539]: Processing Tick: 1836.4.10.18
[04:29:53][jominiapplication.cpp:539]: Processing Tick: 1836.4.11
[04:29:53][jominiapplication.cpp:539]: Processing Tick: 1836.4.11.6
[04:29:53][jominiapplication.cpp:539]: Processing Tick: 1836.4.11.12
[04:29:53][jominiapplication.cpp:539]: Processing Tick: 1836.4.11.18
[04:29:53][jominiapplication.cpp:539]: Processing Tick: 1836.4.12
[04:29:53][jominiapplication.cpp:539]: Processing Tick: 1836.4.12.6
[04:29:54][jominiapplication.cpp:539]: Processing Tick: 1836.4.12.12
[04:29:54][jominiapplication.cpp:539]: Processing Tick: 1836.4.12.18
[04:29:54][jominiapplication.cpp:539]: Processing Tick: 1836.4.13
[04:29:54][jominiapplication.cpp:539]: Processing Tick: 1836.4.13.6
[04:29:54][jominiapplication.cpp:539]: Processing Tick: 1836.4.13.12
[04:29:54][jominiapplication.cpp:539]: Processing Tick: 1836.4.13.18
[04:29:54][jominiapplication.cpp:539]: Processing Tick: 1836.4.14
[04:29:55][jominiapplication.cpp:539]: Processing Tick: 1836.4.14.6
[04:29:55][jominiapplication.cpp:539]: Processing Tick: 1836.4.14.12
[04:29:55][jominiapplication.cpp:539]: Processing Tick: 1836.4.14.18
[04:29:55][jominiapplication.cpp:539]: Processing Tick: 1836.4.15
[04:29:55][jominiapplication.cpp:539]: Processing Tick: 1836.4.15.6
[04:29:55][jominiapplication.cpp:539]: Processing Tick: 1836.4.15.12
[04:29:55][jominiapplication.cpp:539]: Processing Tick: 1836.4.15.18
[04:29:55][jominiapplication.cpp:539]: Processing Tick: 1836.4.16
[04:29:55][jominiapplication.cpp:539]: Processing Tick: 1836.4.16.6
[04:29:55][jominiapplication.cpp:539]: Processing Tick: 1836.4.16.12
[04:29:55][jominiapplication.cpp:539]: Processing Tick: 1836.4.16.18
[04:29:55][jominiapplication.cpp:539]: Processing Tick: 1836.4.17
[04:29:55][jominiapplication.cpp:539]: Processing Tick: 1836.4.17.6
[04:29:55][jominiapplication.cpp:539]: Processing Tick: 1836.4.17.12
[04:29:55][jominiapplication.cpp:539]: Processing Tick: 1836.4.17.18
[04:29:55][jominiapplication.cpp:539]: Processing Tick: 1836.4.18
[04:29:55][jominiapplication.cpp:539]: Processing Tick: 1836.4.18.6
[04:29:55][jominiapplication.cpp:539]: Processing Tick: 1836.4.18.12
[04:29:55][jominiapplication.cpp:539]: Processing Tick: 1836.4.18.18
[04:29:55][jominiapplication.cpp:539]: Processing Tick: 1836.4.19
[04:29:56][jominiapplication.cpp:539]: Processing Tick: 1836.4.19.6
[04:29:56][jominiapplication.cpp:539]: Processing Tick: 1836.4.19.12
[04:29:56][jominiapplication.cpp:539]: Processing Tick: 1836.4.19.18
[04:29:56][jominiapplication.cpp:539]: Processing Tick: 1836.4.20
[04:29:56][jominiapplication.cpp:539]: Processing Tick: 1836.4.20.6
[04:29:56][jominiapplication.cpp:539]: Processing Tick: 1836.4.20.12
[04:29:56][jominiapplication.cpp:539]: Processing Tick: 1836.4.20.18
[04:29:56][jominiapplication.cpp:539]: Processing Tick: 1836.4.21
[04:29:57][jominiapplication.cpp:539]: Processing Tick: 1836.4.21.6
[04:29:57][jominiapplication.cpp:539]: Processing Tick: 1836.4.21.12
[04:29:57][jominiapplication.cpp:539]: Processing Tick: 1836.4.21.18
[04:29:57][jominiapplication.cpp:539]: Processing Tick: 1836.4.22
[04:29:57][jominiapplication.cpp:539]: Processing Tick: 1836.4.22.6
[04:29:57][jominiapplication.cpp:539]: Processing Tick: 1836.4.22.12
[04:29:57][jominiapplication.cpp:539]: Processing Tick: 1836.4.22.18
[04:29:57][jominiapplication.cpp:539]: Processing Tick: 1836.4.23
[04:29:57][jominiapplication.cpp:539]: Processing Tick: 1836.4.23.6
[04:29:57][jominiapplication.cpp:539]: Processing Tick: 1836.4.23.12
[04:29:57][jominiapplication.cpp:539]: Processing Tick: 1836.4.23.18
[04:29:57][jominiapplication.cpp:539]: Processing Tick: 1836.4.24
[04:29:57][jominiapplication.cpp:539]: Processing Tick: 1836.4.24.6
[04:29:57][jominiapplication.cpp:539]: Processing Tick: 1836.4.24.12
[04:29:57][jominiapplication.cpp:539]: Processing Tick: 1836.4.24.18
[04:29:57][jominiapplication.cpp:539]: Processing Tick: 1836.4.25
[04:29:57][jominiapplication.cpp:539]: Processing Tick: 1836.4.25.6
[04:29:57][jominiapplication.cpp:539]: Processing Tick: 1836.4.25.12
[04:29:57][jominiapplication.cpp:539]: Processing Tick: 1836.4.25.18
[04:29:57][jominiapplication.cpp:539]: Processing Tick: 1836.4.26
[04:29:58][jominiapplication.cpp:539]: Processing Tick: 1836.4.26.6
[04:29:58][jominiapplication.cpp:539]: Processing Tick: 1836.4.26.12
[04:29:58][jominiapplication.cpp:539]: Processing Tick: 1836.4.26.18
[04:29:58][jominiapplication.cpp:539]: Processing Tick: 1836.4.27
[04:29:58][jominiapplication.cpp:539]: Processing Tick: 1836.4.27.6
[04:29:58][jominiapplication.cpp:539]: Processing Tick: 1836.4.27.12
[04:29:58][jominiapplication.cpp:539]: Processing Tick: 1836.4.27.18
[04:29:58][jominiapplication.cpp:539]: Processing Tick: 1836.4.28
[04:29:59][jominiapplication.cpp:539]: Processing Tick: 1836.4.28.6
[04:29:59][jominiapplication.cpp:539]: Processing Tick: 1836.4.28.12
[04:29:59][jominiapplication.cpp:539]: Processing Tick: 1836.4.28.18
[04:29:59][jominiapplication.cpp:539]: Processing Tick: 1836.4.29
[04:29:59][jominiapplication.cpp:539]: Processing Tick: 1836.4.29.6
[04:29:59][jominiapplication.cpp:539]: Processing Tick: 1836.4.29.12
[04:29:59][jominiapplication.cpp:539]: Processing Tick: 1836.4.29.18
[04:29:59][jominiapplication.cpp:539]: Processing Tick: 1836.4.30
[04:29:59][jominiapplication.cpp:539]: Processing Tick: 1836.4.30.6
[04:29:59][jominiapplication.cpp:539]: Processing Tick: 1836.4.30.12
[04:29:59][jominiapplication.cpp:539]: Processing Tick: 1836.4.30.18
[04:29:59][jominiapplication.cpp:539]: Processing Tick: 1836.5.1
[04:29:59][jominiapplication.cpp:539]: Processing Tick: 1836.5.1.6
[04:29:59][jominiapplication.cpp:539]: Processing Tick: 1836.5.1.12
[04:30:00][jominiapplication.cpp:539]: Processing Tick: 1836.5.1.18
[04:30:00][jominiapplication.cpp:539]: Processing Tick: 1836.5.2
[04:30:00][jominiapplication.cpp:539]: Processing Tick: 1836.5.2.6
[04:30:00][jominiapplication.cpp:539]: Processing Tick: 1836.5.2.12
[04:30:00][jominiapplication.cpp:539]: Processing Tick: 1836.5.2.18
[04:30:00][jominiapplication.cpp:539]: Processing Tick: 1836.5.3
[04:30:00][jominiapplication.cpp:539]: Processing Tick: 1836.5.3.6
[04:30:00][jominiapplication.cpp:539]: Processing Tick: 1836.5.3.12
[04:30:00][jominiapplication.cpp:539]: Processing Tick: 1836.5.3.18
[04:30:00][jominiapplication.cpp:539]: Processing Tick: 1836.5.4
[04:30:00][jominiapplication.cpp:539]: Processing Tick: 1836.5.4.6
[04:30:00][jominiapplication.cpp:539]: Processing Tick: 1836.5.4.12
[04:30:00][jominiapplication.cpp:539]: Processing Tick: 1836.5.4.18
[04:30:00][jominiapplication.cpp:539]: Processing Tick: 1836.5.5
[04:30:01][jominiapplication.cpp:539]: Processing Tick: 1836.5.5.6
[04:30:01][jominiapplication.cpp:539]: Processing Tick: 1836.5.5.12
[04:30:01][jominiapplication.cpp:539]: Processing Tick: 1836.5.5.18
[04:30:01][jominiapplication.cpp:539]: Processing Tick: 1836.5.6
[04:30:01][jominiapplication.cpp:539]: Processing Tick: 1836.5.6.6
[04:30:01][jominiapplication.cpp:539]: Processing Tick: 1836.5.6.12
[04:30:01][jominiapplication.cpp:539]: Processing Tick: 1836.5.6.18
[04:30:01][jominiapplication.cpp:539]: Processing Tick: 1836.5.7
[04:30:01][jominiapplication.cpp:539]: Processing Tick: 1836.5.7.6
[04:30:01][jominiapplication.cpp:539]: Processing Tick: 1836.5.7.12
[04:30:01][jominiapplication.cpp:539]: Processing Tick: 1836.5.7.18
[04:30:02][jominiapplication.cpp:539]: Processing Tick: 1836.5.8
[04:30:02][jominiapplication.cpp:539]: Processing Tick: 1836.5.8.6
[04:30:02][jominiapplication.cpp:539]: Processing Tick: 1836.5.8.12
[04:30:02][jominiapplication.cpp:539]: Processing Tick: 1836.5.8.18
[04:30:02][jominiapplication.cpp:539]: Processing Tick: 1836.5.9
[04:30:02][jominiapplication.cpp:539]: Processing Tick: 1836.5.9.6
[04:30:02][jominiapplication.cpp:539]: Processing Tick: 1836.5.9.12
[04:30:02][jominiapplication.cpp:539]: Processing Tick: 1836.5.9.18
[04:30:02][jominiapplication.cpp:539]: Processing Tick: 1836.5.10
[04:30:02][jominiapplication.cpp:539]: Processing Tick: 1836.5.10.6
[04:30:02][jominiapplication.cpp:539]: Processing Tick: 1836.5.10.12
[04:30:02][jominiapplication.cpp:539]: Processing Tick: 1836.5.10.18
[04:30:02][jominiapplication.cpp:539]: Processing Tick: 1836.5.11
[04:30:02][jominiapplication.cpp:539]: Processing Tick: 1836.5.11.6
[04:30:02][jominiapplication.cpp:539]: Processing Tick: 1836.5.11.12
[04:30:02][jominiapplication.cpp:539]: Processing Tick: 1836.5.11.18
[04:30:02][jominiapplication.cpp:539]: Processing Tick: 1836.5.12
[04:30:03][jominiapplication.cpp:539]: Processing Tick: 1836.5.12.6
[04:30:03][jominiapplication.cpp:539]: Processing Tick: 1836.5.12.12
[04:30:03][jominiapplication.cpp:539]: Processing Tick: 1836.5.12.18
[04:30:03][jominiapplication.cpp:539]: Processing Tick: 1836.5.13
[04:30:03][jominiapplication.cpp:539]: Processing Tick: 1836.5.13.6
[04:30:03][jominiapplication.cpp:539]: Processing Tick: 1836.5.13.12
[04:30:03][jominiapplication.cpp:539]: Processing Tick: 1836.5.13.18
[04:30:03][jominiapplication.cpp:539]: Processing Tick: 1836.5.14
[04:30:03][jominiapplication.cpp:539]: Processing Tick: 1836.5.14.6
[04:30:03][jominiapplication.cpp:539]: Processing Tick: 1836.5.14.12
[04:30:03][jominiapplication.cpp:539]: Processing Tick: 1836.5.14.18
[04:30:03][jominiapplication.cpp:539]: Processing Tick: 1836.5.15
[04:30:04][jominiapplication.cpp:539]: Processing Tick: 1836.5.15.6
[04:30:04][jominiapplication.cpp:539]: Processing Tick: 1836.5.15.12
[04:30:04][jominiapplication.cpp:539]: Processing Tick: 1836.5.15.18
[04:30:04][jominiapplication.cpp:539]: Processing Tick: 1836.5.16
[04:30:04][jominiapplication.cpp:539]: Processing Tick: 1836.5.16.6
[04:30:04][jominiapplication.cpp:539]: Processing Tick: 1836.5.16.12
[04:30:04][jominiapplication.cpp:539]: Processing Tick: 1836.5.16.18
[04:30:04][jominiapplication.cpp:539]: Processing Tick: 1836.5.17
[04:30:04][jominiapplication.cpp:539]: Processing Tick: 1836.5.17.6
[04:30:04][jominiapplication.cpp:539]: Processing Tick: 1836.5.17.12
[04:30:04][jominiapplication.cpp:539]: Processing Tick: 1836.5.17.18
[04:30:04][jominiapplication.cpp:539]: Processing Tick: 1836.5.18
[04:30:04][jominiapplication.cpp:539]: Processing Tick: 1836.5.18.6
[04:30:04][jominiapplication.cpp:539]: Processing Tick: 1836.5.18.12
[04:30:04][jominiapplication.cpp:539]: Processing Tick: 1836.5.18.18
[04:30:04][jominiapplication.cpp:539]: Processing Tick: 1836.5.19
[04:30:05][jominiapplication.cpp:539]: Processing Tick: 1836.5.19.6
[04:30:05][jominiapplication.cpp:539]: Processing Tick: 1836.5.19.12
[04:30:05][jominiapplication.cpp:539]: Processing Tick: 1836.5.19.18
[04:30:05][jominiapplication.cpp:539]: Processing Tick: 1836.5.20
[04:30:05][jominiapplication.cpp:539]: Processing Tick: 1836.5.20.6
[04:30:05][jominiapplication.cpp:539]: Processing Tick: 1836.5.20.12
[04:30:05][jominiapplication.cpp:539]: Processing Tick: 1836.5.20.18
[04:30:05][jominiapplication.cpp:539]: Processing Tick: 1836.5.21
[04:30:05][jominiapplication.cpp:539]: Processing Tick: 1836.5.21.6
[04:30:05][jominiapplication.cpp:539]: Processing Tick: 1836.5.21.12
[04:30:05][jominiapplication.cpp:539]: Processing Tick: 1836.5.21.18
[04:30:05][jominiapplication.cpp:539]: Processing Tick: 1836.5.22
[04:30:05][jominiapplication.cpp:539]: Processing Tick: 1836.5.22.6
[04:30:05][jominiapplication.cpp:539]: Processing Tick: 1836.5.22.12
[04:30:05][jominiapplication.cpp:539]: Processing Tick: 1836.5.22.18
[04:30:06][jominiapplication.cpp:539]: Processing Tick: 1836.5.23
[04:30:06][jominiapplication.cpp:539]: Processing Tick: 1836.5.23.6
[04:30:06][jominiapplication.cpp:539]: Processing Tick: 1836.5.23.12
[04:30:06][jominiapplication.cpp:539]: Processing Tick: 1836.5.23.18
[04:30:06][jominiapplication.cpp:539]: Processing Tick: 1836.5.24
[04:30:06][jominiapplication.cpp:539]: Processing Tick: 1836.5.24.6
[04:30:06][jominiapplication.cpp:539]: Processing Tick: 1836.5.24.12
[04:30:06][jominiapplication.cpp:539]: Processing Tick: 1836.5.24.18
[04:30:06][jominiapplication.cpp:539]: Processing Tick: 1836.5.25
[04:30:06][jominiapplication.cpp:539]: Processing Tick: 1836.5.25.6
[04:30:06][jominiapplication.cpp:539]: Processing Tick: 1836.5.25.12
[04:30:06][jominiapplication.cpp:539]: Processing Tick: 1836.5.25.18
[04:30:06][jominiapplication.cpp:539]: Processing Tick: 1836.5.26
[04:30:07][jominiapplication.cpp:539]: Processing Tick: 1836.5.26.6
[04:30:07][jominiapplication.cpp:539]: Processing Tick: 1836.5.26.12
[04:30:07][jominiapplication.cpp:539]: Processing Tick: 1836.5.26.18
[04:30:07][jominiapplication.cpp:539]: Processing Tick: 1836.5.27
[04:30:07][jominiapplication.cpp:539]: Processing Tick: 1836.5.27.6
[04:30:07][jominiapplication.cpp:539]: Processing Tick: 1836.5.27.12
[04:30:07][jominiapplication.cpp:539]: Processing Tick: 1836.5.27.18
[04:30:07][jominiapplication.cpp:539]: Processing Tick: 1836.5.28
[04:30:07][jominiapplication.cpp:539]: Processing Tick: 1836.5.28.6
[04:30:07][jominiapplication.cpp:539]: Processing Tick: 1836.5.28.12
[04:30:07][jominiapplication.cpp:539]: Processing Tick: 1836.5.28.18
[04:30:07][jominiapplication.cpp:539]: Processing Tick: 1836.5.29
[04:30:07][jominiapplication.cpp:539]: Processing Tick: 1836.5.29.6
[04:30:07][jominiapplication.cpp:539]: Processing Tick: 1836.5.29.12
[04:30:08][jominiapplication.cpp:539]: Processing Tick: 1836.5.29.18
[04:30:08][jominiapplication.cpp:539]: Processing Tick: 1836.5.30
[04:30:08][jominiapplication.cpp:539]: Processing Tick: 1836.5.30.6
[04:30:08][jominiapplication.cpp:539]: Processing Tick: 1836.5.30.12
[04:30:08][jominiapplication.cpp:539]: Processing Tick: 1836.5.30.18
[04:30:08][jominiapplication.cpp:539]: Processing Tick: 1836.5.31
[04:30:08][jominiapplication.cpp:539]: Processing Tick: 1836.5.31.6
[04:30:08][jominiapplication.cpp:539]: Processing Tick: 1836.5.31.12
[04:30:08][jominiapplication.cpp:539]: Processing Tick: 1836.5.31.18
[04:30:08][jominiapplication.cpp:539]: Processing Tick: 1836.6.1
[04:30:08][jominiapplication.cpp:539]: Processing Tick: 1836.6.1.6
[04:30:08][jominiapplication.cpp:539]: Processing Tick: 1836.6.1.12
[04:30:08][jominiapplication.cpp:539]: Processing Tick: 1836.6.1.18
[04:30:08][jominiapplication.cpp:539]: Processing Tick: 1836.6.2
[04:30:09][jominiapplication.cpp:539]: Processing Tick: 1836.6.2.6
[04:30:09][jominiapplication.cpp:539]: Processing Tick: 1836.6.2.12
[04:30:09][jominiapplication.cpp:539]: Processing Tick: 1836.6.2.18
[04:30:09][jominiapplication.cpp:539]: Processing Tick: 1836.6.3
[04:30:09][jominiapplication.cpp:539]: Processing Tick: 1836.6.3.6
[04:30:09][jominiapplication.cpp:539]: Processing Tick: 1836.6.3.12
[04:30:10][jominiapplication.cpp:539]: Processing Tick: 1836.6.3.18
[04:30:10][jominiapplication.cpp:539]: Processing Tick: 1836.6.4
[04:30:10][jominiapplication.cpp:539]: Processing Tick: 1836.6.4.6
[04:30:10][jominiapplication.cpp:539]: Processing Tick: 1836.6.4.12
[04:30:10][jominiapplication.cpp:539]: Processing Tick: 1836.6.4.18
[04:30:10][jominiapplication.cpp:539]: Processing Tick: 1836.6.5
[04:30:10][jominiapplication.cpp:539]: Processing Tick: 1836.6.5.6
[04:30:10][jominiapplication.cpp:539]: Processing Tick: 1836.6.5.12
[04:30:10][jominiapplication.cpp:539]: Processing Tick: 1836.6.5.18
[04:30:10][jominiapplication.cpp:539]: Processing Tick: 1836.6.6
[04:30:10][jominiapplication.cpp:539]: Processing Tick: 1836.6.6.6
[04:30:10][jominiapplication.cpp:539]: Processing Tick: 1836.6.6.12
[04:30:10][jominiapplication.cpp:539]: Processing Tick: 1836.6.6.18
[04:30:10][jominiapplication.cpp:539]: Processing Tick: 1836.6.7
[04:30:10][jominiapplication.cpp:539]: Processing Tick: 1836.6.7.6
[04:30:10][jominiapplication.cpp:539]: Processing Tick: 1836.6.7.12
[04:30:10][jominiapplication.cpp:539]: Processing Tick: 1836.6.7.18
[04:30:10][jominiapplication.cpp:539]: Processing Tick: 1836.6.8
[04:30:10][jominiapplication.cpp:539]: Processing Tick: 1836.6.8.6
[04:30:10][jominiapplication.cpp:539]: Processing Tick: 1836.6.8.12
[04:30:10][jominiapplication.cpp:539]: Processing Tick: 1836.6.8.18
[04:30:10][jominiapplication.cpp:539]: Processing Tick: 1836.6.9
[04:30:11][jominiapplication.cpp:539]: Processing Tick: 1836.6.9.6
[04:30:11][jominiapplication.cpp:539]: Processing Tick: 1836.6.9.12
[04:30:11][jominiapplication.cpp:539]: Processing Tick: 1836.6.9.18
[04:30:11][jominiapplication.cpp:539]: Processing Tick: 1836.6.10
[04:30:12][jominiapplication.cpp:539]: Processing Tick: 1836.6.10.6
[04:30:12][jominiapplication.cpp:539]: Processing Tick: 1836.6.10.12
[04:30:12][jominiapplication.cpp:539]: Processing Tick: 1836.6.10.18
[04:30:12][jominiapplication.cpp:539]: Processing Tick: 1836.6.11
[04:30:12][jominiapplication.cpp:539]: Processing Tick: 1836.6.11.6
[04:30:12][jominiapplication.cpp:539]: Processing Tick: 1836.6.11.12
[04:30:12][jominiapplication.cpp:539]: Processing Tick: 1836.6.11.18
[04:30:12][jominiapplication.cpp:539]: Processing Tick: 1836.6.12
[04:30:12][jominiapplication.cpp:539]: Processing Tick: 1836.6.12.6
[04:30:12][jominiapplication.cpp:539]: Processing Tick: 1836.6.12.12
[04:30:12][jominiapplication.cpp:539]: Processing Tick: 1836.6.12.18
[04:30:12][jominiapplication.cpp:539]: Processing Tick: 1836.6.13
[04:30:12][jominiapplication.cpp:539]: Processing Tick: 1836.6.13.6
[04:30:12][jominiapplication.cpp:539]: Processing Tick: 1836.6.13.12
[04:30:12][jominiapplication.cpp:539]: Processing Tick: 1836.6.13.18
[04:30:12][jominiapplication.cpp:539]: Processing Tick: 1836.6.14
[04:30:12][jominiapplication.cpp:539]: Processing Tick: 1836.6.14.6
[04:30:12][jominiapplication.cpp:539]: Processing Tick: 1836.6.14.12
[04:30:12][jominiapplication.cpp:539]: Processing Tick: 1836.6.14.18
[04:30:12][jominiapplication.cpp:539]: Processing Tick: 1836.6.15
[04:30:12][jominiapplication.cpp:539]: Processing Tick: 1836.6.15.6
[04:30:12][jominiapplication.cpp:539]: Processing Tick: 1836.6.15.12
[04:30:12][jominiapplication.cpp:539]: Processing Tick: 1836.6.15.18
[04:30:12][jominiapplication.cpp:539]: Processing Tick: 1836.6.16
[04:30:13][jominiapplication.cpp:539]: Processing Tick: 1836.6.16.6
[04:30:13][jominiapplication.cpp:539]: Processing Tick: 1836.6.16.12
[04:30:13][jominiapplication.cpp:539]: Processing Tick: 1836.6.16.18
[04:30:13][jominiapplication.cpp:539]: Processing Tick: 1836.6.17
[04:30:13][jominiapplication.cpp:539]: Processing Tick: 1836.6.17.6
[04:30:13][jominiapplication.cpp:539]: Processing Tick: 1836.6.17.12
[04:30:13][jominiapplication.cpp:539]: Processing Tick: 1836.6.17.18
[04:30:13][jominiapplication.cpp:539]: Processing Tick: 1836.6.18
[04:30:14][jominiapplication.cpp:539]: Processing Tick: 1836.6.18.6
[04:30:14][jominiapplication.cpp:539]: Processing Tick: 1836.6.18.12
[04:30:14][jominiapplication.cpp:539]: Processing Tick: 1836.6.18.18
[04:30:14][jominiapplication.cpp:539]: Processing Tick: 1836.6.19
[04:30:14][jominiapplication.cpp:539]: Processing Tick: 1836.6.19.6
[04:30:14][jominiapplication.cpp:539]: Processing Tick: 1836.6.19.12
[04:30:14][jominiapplication.cpp:539]: Processing Tick: 1836.6.19.18
[04:30:14][jominiapplication.cpp:539]: Processing Tick: 1836.6.20
[04:30:14][jominiapplication.cpp:539]: Processing Tick: 1836.6.20.6
[04:30:14][jominiapplication.cpp:539]: Processing Tick: 1836.6.20.12
[04:30:14][jominiapplication.cpp:539]: Processing Tick: 1836.6.20.18
[04:30:14][jominiapplication.cpp:539]: Processing Tick: 1836.6.21
[04:30:14][jominiapplication.cpp:539]: Processing Tick: 1836.6.21.6
[04:30:14][jominiapplication.cpp:539]: Processing Tick: 1836.6.21.12
[04:30:14][jominiapplication.cpp:539]: Processing Tick: 1836.6.21.18
[04:30:14][jominiapplication.cpp:539]: Processing Tick: 1836.6.22
[04:30:14][jominiapplication.cpp:539]: Processing Tick: 1836.6.22.6
[04:30:14][jominiapplication.cpp:539]: Processing Tick: 1836.6.22.12
[04:30:14][jominiapplication.cpp:539]: Processing Tick: 1836.6.22.18
[04:30:14][jominiapplication.cpp:539]: Processing Tick: 1836.6.23
[04:30:15][jominiapplication.cpp:539]: Processing Tick: 1836.6.23.6
[04:30:15][jominiapplication.cpp:539]: Processing Tick: 1836.6.23.12
[04:30:15][jominiapplication.cpp:539]: Processing Tick: 1836.6.23.18
[04:30:15][jominiapplication.cpp:539]: Processing Tick: 1836.6.24
[04:30:15][jominiapplication.cpp:539]: Processing Tick: 1836.6.24.6
[04:30:15][jominiapplication.cpp:539]: Processing Tick: 1836.6.24.12
[04:30:16][jominiapplication.cpp:539]: Processing Tick: 1836.6.24.18
[04:30:16][jominiapplication.cpp:539]: Processing Tick: 1836.6.25
[04:30:16][jominiapplication.cpp:539]: Processing Tick: 1836.6.25.6
[04:30:16][jominiapplication.cpp:539]: Processing Tick: 1836.6.25.12
[04:30:16][jominiapplication.cpp:539]: Processing Tick: 1836.6.25.18
[04:30:16][jominiapplication.cpp:539]: Processing Tick: 1836.6.26
[04:30:16][jominiapplication.cpp:539]: Processing Tick: 1836.6.26.6
[04:30:16][jominiapplication.cpp:539]: Processing Tick: 1836.6.26.12
[04:30:16][jominiapplication.cpp:539]: Processing Tick: 1836.6.26.18
[04:30:16][jominiapplication.cpp:539]: Processing Tick: 1836.6.27
[04:30:16][jominiapplication.cpp:539]: Processing Tick: 1836.6.27.6
[04:30:16][jominiapplication.cpp:539]: Processing Tick: 1836.6.27.12
[04:30:16][jominiapplication.cpp:539]: Processing Tick: 1836.6.27.18
[04:30:16][jominiapplication.cpp:539]: Processing Tick: 1836.6.28
[04:30:16][jominiapplication.cpp:539]: Processing Tick: 1836.6.28.6
[04:30:16][jominiapplication.cpp:539]: Processing Tick: 1836.6.28.12
[04:30:16][jominiapplication.cpp:539]: Processing Tick: 1836.6.28.18
[04:30:16][jominiapplication.cpp:539]: Processing Tick: 1836.6.29
[04:30:16][jominiapplication.cpp:539]: Processing Tick: 1836.6.29.6
[04:30:16][jominiapplication.cpp:539]: Processing Tick: 1836.6.29.12
[04:30:16][jominiapplication.cpp:539]: Processing Tick: 1836.6.29.18
[04:30:16][jominiapplication.cpp:539]: Processing Tick: 1836.6.30
[04:30:17][jominiapplication.cpp:539]: Processing Tick: 1836.6.30.6
[04:30:17][jominiapplication.cpp:539]: Processing Tick: 1836.6.30.12
[04:30:17][jominiapplication.cpp:539]: Processing Tick: 1836.6.30.18
[04:30:17][jominiapplication.cpp:539]: Processing Tick: 1836.7.1
[04:30:18][jominiapplication.cpp:539]: Processing Tick: 1836.7.1.6
[04:30:18][jominiapplication.cpp:539]: Processing Tick: 1836.7.1.12
[04:30:18][jominiapplication.cpp:539]: Processing Tick: 1836.7.1.18
[04:30:18][jominiapplication.cpp:539]: Processing Tick: 1836.7.2
[04:30:18][jominiapplication.cpp:539]: Processing Tick: 1836.7.2.6
[04:30:18][jominiapplication.cpp:539]: Processing Tick: 1836.7.2.12
[04:30:18][jominiapplication.cpp:539]: Processing Tick: 1836.7.2.18
[04:30:18][jominiapplication.cpp:539]: Processing Tick: 1836.7.3
[04:30:18][jominiapplication.cpp:539]: Processing Tick: 1836.7.3.6
[04:30:18][jominiapplication.cpp:539]: Processing Tick: 1836.7.3.12
[04:30:18][jominiapplication.cpp:539]: Processing Tick: 1836.7.3.18
[04:30:18][jominiapplication.cpp:539]: Processing Tick: 1836.7.4
[04:30:18][jominiapplication.cpp:539]: Processing Tick: 1836.7.4.6
[04:30:18][jominiapplication.cpp:539]: Processing Tick: 1836.7.4.12
[04:30:18][jominiapplication.cpp:539]: Processing Tick: 1836.7.4.18
[04:30:18][jominiapplication.cpp:539]: Processing Tick: 1836.7.5
[04:30:19][jominiapplication.cpp:539]: Processing Tick: 1836.7.5.6
[04:30:19][jominiapplication.cpp:539]: Processing Tick: 1836.7.5.12
[04:30:19][jominiapplication.cpp:539]: Processing Tick: 1836.7.5.18
[04:30:19][jominiapplication.cpp:539]: Processing Tick: 1836.7.6
[04:30:19][jominiapplication.cpp:539]: Processing Tick: 1836.7.6.6
[04:30:19][jominiapplication.cpp:539]: Processing Tick: 1836.7.6.12
[04:30:19][jominiapplication.cpp:539]: Processing Tick: 1836.7.6.18
[04:30:19][jominiapplication.cpp:539]: Processing Tick: 1836.7.7
[04:30:20][jominiapplication.cpp:539]: Processing Tick: 1836.7.7.6
[04:30:20][jominiapplication.cpp:539]: Processing Tick: 1836.7.7.12
[04:30:20][jominiapplication.cpp:539]: Processing Tick: 1836.7.7.18
[04:30:20][jominiapplication.cpp:539]: Processing Tick: 1836.7.8
[04:30:20][jominiapplication.cpp:539]: Processing Tick: 1836.7.8.6
[04:30:20][jominiapplication.cpp:539]: Processing Tick: 1836.7.8.12
[04:30:20][jominiapplication.cpp:539]: Processing Tick: 1836.7.8.18
[04:30:20][jominiapplication.cpp:539]: Processing Tick: 1836.7.9
[04:30:20][jominiapplication.cpp:539]: Processing Tick: 1836.7.9.6
[04:30:20][jominiapplication.cpp:539]: Processing Tick: 1836.7.9.12
[04:30:20][jominiapplication.cpp:539]: Processing Tick: 1836.7.9.18
[04:30:20][jominiapplication.cpp:539]: Processing Tick: 1836.7.10
[04:30:20][jominiapplication.cpp:539]: Processing Tick: 1836.7.10.6
[04:30:20][jominiapplication.cpp:539]: Processing Tick: 1836.7.10.12
[04:30:20][jominiapplication.cpp:539]: Processing Tick: 1836.7.10.18
[04:30:20][jominiapplication.cpp:539]: Processing Tick: 1836.7.11
[04:30:20][jominiapplication.cpp:539]: Processing Tick: 1836.7.11.6
[04:30:20][jominiapplication.cpp:539]: Processing Tick: 1836.7.11.12
[04:30:20][jominiapplication.cpp:539]: Processing Tick: 1836.7.11.18
[04:30:20][jominiapplication.cpp:539]: Processing Tick: 1836.7.12
[04:30:20][jominiapplication.cpp:539]: Processing Tick: 1836.7.12.6
[04:30:21][jominiapplication.cpp:539]: Processing Tick: 1836.7.12.12
[04:30:21][jominiapplication.cpp:539]: Processing Tick: 1836.7.12.18
[04:30:21][jominiapplication.cpp:539]: Processing Tick: 1836.7.13
[04:30:21][jominiapplication.cpp:539]: Processing Tick: 1836.7.13.6
[04:30:21][jominiapplication.cpp:539]: Processing Tick: 1836.7.13.12
[04:30:21][jominiapplication.cpp:539]: Processing Tick: 1836.7.13.18
[04:30:21][jominiapplication.cpp:539]: Processing Tick: 1836.7.14
[04:30:22][jominiapplication.cpp:539]: Processing Tick: 1836.7.14.6
[04:30:22][jominiapplication.cpp:539]: Processing Tick: 1836.7.14.12
[04:30:22][jominiapplication.cpp:539]: Processing Tick: 1836.7.14.18
[04:30:22][jominiapplication.cpp:539]: Processing Tick: 1836.7.15
[04:30:22][jominiapplication.cpp:539]: Processing Tick: 1836.7.15.6
[04:30:22][jominiapplication.cpp:539]: Processing Tick: 1836.7.15.12
[04:30:22][jominiapplication.cpp:539]: Processing Tick: 1836.7.15.18
[04:30:22][jominiapplication.cpp:539]: Processing Tick: 1836.7.16
[04:30:22][jominiapplication.cpp:539]: Processing Tick: 1836.7.16.6
[04:30:22][jominiapplication.cpp:539]: Processing Tick: 1836.7.16.12
[04:30:22][jominiapplication.cpp:539]: Processing Tick: 1836.7.16.18
[04:30:22][jominiapplication.cpp:539]: Processing Tick: 1836.7.17
[04:30:22][jominiapplication.cpp:539]: Processing Tick: 1836.7.17.6
[04:30:22][jominiapplication.cpp:539]: Processing Tick: 1836.7.17.12
[04:30:22][jominiapplication.cpp:539]: Processing Tick: 1836.7.17.18
[04:30:22][jominiapplication.cpp:539]: Processing Tick: 1836.7.18
[04:30:22][jominiapplication.cpp:539]: Processing Tick: 1836.7.18.6
[04:30:22][jominiapplication.cpp:539]: Processing Tick: 1836.7.18.12
[04:30:22][jominiapplication.cpp:539]: Processing Tick: 1836.7.18.18
[04:30:22][jominiapplication.cpp:539]: Processing Tick: 1836.7.19
[04:30:23][jominiapplication.cpp:539]: Processing Tick: 1836.7.19.6
[04:30:23][jominiapplication.cpp:539]: Processing Tick: 1836.7.19.12
[04:30:23][jominiapplication.cpp:539]: Processing Tick: 1836.7.19.18
[04:30:23][jominiapplication.cpp:539]: Processing Tick: 1836.7.20
[04:30:23][jominiapplication.cpp:539]: Processing Tick: 1836.7.20.6
[04:30:23][jominiapplication.cpp:539]: Processing Tick: 1836.7.20.12
[04:30:23][jominiapplication.cpp:539]: Processing Tick: 1836.7.20.18
[04:30:23][jominiapplication.cpp:539]: Processing Tick: 1836.7.21
[04:30:24][jominiapplication.cpp:539]: Processing Tick: 1836.7.21.6
[04:30:24][jominiapplication.cpp:539]: Processing Tick: 1836.7.21.12
[04:30:24][jominiapplication.cpp:539]: Processing Tick: 1836.7.21.18
[04:30:24][jominiapplication.cpp:539]: Processing Tick: 1836.7.22
[04:30:24][jominiapplication.cpp:539]: Processing Tick: 1836.7.22.6
[04:30:24][jominiapplication.cpp:539]: Processing Tick: 1836.7.22.12
[04:30:24][jominiapplication.cpp:539]: Processing Tick: 1836.7.22.18
[04:30:24][jominiapplication.cpp:539]: Processing Tick: 1836.7.23
[04:30:24][jominiapplication.cpp:539]: Processing Tick: 1836.7.23.6
[04:30:24][jominiapplication.cpp:539]: Processing Tick: 1836.7.23.12
[04:30:24][jominiapplication.cpp:539]: Processing Tick: 1836.7.23.18
[04:30:24][jominiapplication.cpp:539]: Processing Tick: 1836.7.24
[04:30:24][jominiapplication.cpp:539]: Processing Tick: 1836.7.24.6
[04:30:24][jominiapplication.cpp:539]: Processing Tick: 1836.7.24.12
[04:30:24][jominiapplication.cpp:539]: Processing Tick: 1836.7.24.18
[04:30:24][jominiapplication.cpp:539]: Processing Tick: 1836.7.25
[04:30:24][jominiapplication.cpp:539]: Processing Tick: 1836.7.25.6
[04:30:24][jominiapplication.cpp:539]: Processing Tick: 1836.7.25.12
[04:30:25][jominiapplication.cpp:539]: Processing Tick: 1836.7.25.18
[04:30:25][jominiapplication.cpp:539]: Processing Tick: 1836.7.26
[04:30:25][jominiapplication.cpp:539]: Processing Tick: 1836.7.26.6
[04:30:25][jominiapplication.cpp:539]: Processing Tick: 1836.7.26.12
[04:30:25][jominiapplication.cpp:539]: Processing Tick: 1836.7.26.18
[04:30:25][jominiapplication.cpp:539]: Processing Tick: 1836.7.27
[04:30:25][jominiapplication.cpp:539]: Processing Tick: 1836.7.27.6
[04:30:25][jominiapplication.cpp:539]: Processing Tick: 1836.7.27.12
[04:30:25][jominiapplication.cpp:539]: Processing Tick: 1836.7.27.18
[04:30:25][jominiapplication.cpp:539]: Processing Tick: 1836.7.28
[04:30:26][jominiapplication.cpp:539]: Processing Tick: 1836.7.28.6
[04:30:26][jominiapplication.cpp:539]: Processing Tick: 1836.7.28.12
[04:30:26][jominiapplication.cpp:539]: Processing Tick: 1836.7.28.18
[04:30:26][jominiapplication.cpp:539]: Processing Tick: 1836.7.29
[04:30:26][jominiapplication.cpp:539]: Processing Tick: 1836.7.29.6
[04:30:26][jominiapplication.cpp:539]: Processing Tick: 1836.7.29.12
[04:30:26][jominiapplication.cpp:539]: Processing Tick: 1836.7.29.18
[04:30:26][jominiapplication.cpp:539]: Processing Tick: 1836.7.30
[04:30:26][jominiapplication.cpp:539]: Processing Tick: 1836.7.30.6
[04:30:26][jominiapplication.cpp:539]: Processing Tick: 1836.7.30.12
[04:30:26][jominiapplication.cpp:539]: Processing Tick: 1836.7.30.18
[04:30:26][jominiapplication.cpp:539]: Processing Tick: 1836.7.31
[04:30:26][jominiapplication.cpp:539]: Processing Tick: 1836.7.31.6
[04:30:26][jominiapplication.cpp:539]: Processing Tick: 1836.7.31.12
[04:30:26][jominiapplication.cpp:539]: Processing Tick: 1836.7.31.18
[04:30:26][jominiapplication.cpp:539]: Processing Tick: 1836.8.1
[04:30:27][jominiapplication.cpp:539]: Processing Tick: 1836.8.1.6
[04:30:27][jominiapplication.cpp:539]: Processing Tick: 1836.8.1.12
[04:30:27][jominiapplication.cpp:539]: Processing Tick: 1836.8.1.18
[04:30:27][jominiapplication.cpp:539]: Processing Tick: 1836.8.2
[04:30:27][jominiapplication.cpp:539]: Processing Tick: 1836.8.2.6
[04:30:27][jominiapplication.cpp:539]: Processing Tick: 1836.8.2.12
[04:30:27][jominiapplication.cpp:539]: Processing Tick: 1836.8.2.18
[04:30:27][jominiapplication.cpp:539]: Processing Tick: 1836.8.3
[04:30:27][jominiapplication.cpp:539]: Processing Tick: 1836.8.3.6
[04:30:27][jominiapplication.cpp:539]: Processing Tick: 1836.8.3.12
[04:30:27][jominiapplication.cpp:539]: Processing Tick: 1836.8.3.18
[04:30:27][jominiapplication.cpp:539]: Processing Tick: 1836.8.4
[04:30:28][jominiapplication.cpp:539]: Processing Tick: 1836.8.4.6
[04:30:28][jominiapplication.cpp:539]: Processing Tick: 1836.8.4.12
[04:30:28][jominiapplication.cpp:539]: Processing Tick: 1836.8.4.18
[04:30:28][jominiapplication.cpp:539]: Processing Tick: 1836.8.5
[04:30:28][jominiapplication.cpp:539]: Processing Tick: 1836.8.5.6
[04:30:28][jominiapplication.cpp:539]: Processing Tick: 1836.8.5.12
[04:30:28][jominiapplication.cpp:539]: Processing Tick: 1836.8.5.18
[04:30:28][jominiapplication.cpp:539]: Processing Tick: 1836.8.6
[04:30:28][jominiapplication.cpp:539]: Processing Tick: 1836.8.6.6
[04:30:29][jominiapplication.cpp:539]: Processing Tick: 1836.8.6.12
[04:30:29][jominiapplication.cpp:539]: Processing Tick: 1836.8.6.18
[04:30:29][jominiapplication.cpp:539]: Processing Tick: 1836.8.7
[04:30:29][jominiapplication.cpp:539]: Processing Tick: 1836.8.7.6
[04:30:29][jominiapplication.cpp:539]: Processing Tick: 1836.8.7.12
[04:30:29][jominiapplication.cpp:539]: Processing Tick: 1836.8.7.18
[04:30:29][jominiapplication.cpp:539]: Processing Tick: 1836.8.8
[04:30:29][jominiapplication.cpp:539]: Processing Tick: 1836.8.8.6
[04:30:29][jominiapplication.cpp:539]: Processing Tick: 1836.8.8.12
[04:30:29][jominiapplication.cpp:539]: Processing Tick: 1836.8.8.18
[04:30:29][jominiapplication.cpp:539]: Processing Tick: 1836.8.9
[04:30:29][jominiapplication.cpp:539]: Processing Tick: 1836.8.9.6
[04:30:29][jominiapplication.cpp:539]: Processing Tick: 1836.8.9.12
[04:30:29][jominiapplication.cpp:539]: Processing Tick: 1836.8.9.18
[04:30:29][jominiapplication.cpp:539]: Processing Tick: 1836.8.10
[04:30:29][jominiapplication.cpp:539]: Processing Tick: 1836.8.10.6
[04:30:29][jominiapplication.cpp:539]: Processing Tick: 1836.8.10.12
[04:30:29][jominiapplication.cpp:539]: Processing Tick: 1836.8.10.18
[04:30:29][jominiapplication.cpp:539]: Processing Tick: 1836.8.11
[04:30:30][jominiapplication.cpp:539]: Processing Tick: 1836.8.11.6
[04:30:30][jominiapplication.cpp:539]: Processing Tick: 1836.8.11.12
[04:30:30][jominiapplication.cpp:539]: Processing Tick: 1836.8.11.18
[04:30:30][jominiapplication.cpp:539]: Processing Tick: 1836.8.12
[04:30:30][jominiapplication.cpp:539]: Processing Tick: 1836.8.12.6
[04:30:30][jominiapplication.cpp:539]: Processing Tick: 1836.8.12.12
[04:30:30][jominiapplication.cpp:539]: Processing Tick: 1836.8.12.18
[04:30:30][jominiapplication.cpp:539]: Processing Tick: 1836.8.13
[04:30:31][jominiapplication.cpp:539]: Processing Tick: 1836.8.13.6
[04:30:31][jominiapplication.cpp:539]: Processing Tick: 1836.8.13.12
[04:30:31][jominiapplication.cpp:539]: Processing Tick: 1836.8.13.18
[04:30:31][jominiapplication.cpp:539]: Processing Tick: 1836.8.14
[04:30:31][jominiapplication.cpp:539]: Processing Tick: 1836.8.14.6
[04:30:31][jominiapplication.cpp:539]: Processing Tick: 1836.8.14.12
[04:30:31][jominiapplication.cpp:539]: Processing Tick: 1836.8.14.18
[04:30:31][jominiapplication.cpp:539]: Processing Tick: 1836.8.15
[04:30:31][jominiapplication.cpp:539]: Processing Tick: 1836.8.15.6
[04:30:31][jominiapplication.cpp:539]: Processing Tick: 1836.8.15.12
[04:30:31][jominiapplication.cpp:539]: Processing Tick: 1836.8.15.18
[04:30:31][jominiapplication.cpp:539]: Processing Tick: 1836.8.16
[04:30:31][jominiapplication.cpp:539]: Processing Tick: 1836.8.16.6
[04:30:31][jominiapplication.cpp:539]: Processing Tick: 1836.8.16.12
[04:30:31][jominiapplication.cpp:539]: Processing Tick: 1836.8.16.18
[04:30:31][jominiapplication.cpp:539]: Processing Tick: 1836.8.17
[04:30:31][jominiapplication.cpp:539]: Processing Tick: 1836.8.17.6
[04:30:31][jominiapplication.cpp:539]: Processing Tick: 1836.8.17.12
[04:30:31][jominiapplication.cpp:539]: Processing Tick: 1836.8.17.18
[04:30:31][jominiapplication.cpp:539]: Processing Tick: 1836.8.18
[04:30:32][jominiapplication.cpp:539]: Processing Tick: 1836.8.18.6
[04:30:32][jominiapplication.cpp:539]: Processing Tick: 1836.8.18.12
[04:30:32][jominiapplication.cpp:539]: Processing Tick: 1836.8.18.18
[04:30:32][jominiapplication.cpp:539]: Processing Tick: 1836.8.19
[04:30:32][jominiapplication.cpp:539]: Processing Tick: 1836.8.19.6
[04:30:33][jominiapplication.cpp:539]: Processing Tick: 1836.8.19.12
[04:30:33][jominiapplication.cpp:539]: Processing Tick: 1836.8.19.18
[04:30:33][jominiapplication.cpp:539]: Processing Tick: 1836.8.20
[04:30:33][jominiapplication.cpp:539]: Processing Tick: 1836.8.20.6
[04:30:33][jominiapplication.cpp:539]: Processing Tick: 1836.8.20.12
[04:30:33][jominiapplication.cpp:539]: Processing Tick: 1836.8.20.18
[04:30:33][jominiapplication.cpp:539]: Processing Tick: 1836.8.21
[04:30:33][jominiapplication.cpp:539]: Processing Tick: 1836.8.21.6
[04:30:33][jominiapplication.cpp:539]: Processing Tick: 1836.8.21.12
[04:30:33][jominiapplication.cpp:539]: Processing Tick: 1836.8.21.18
[04:30:33][jominiapplication.cpp:539]: Processing Tick: 1836.8.22
[04:30:33][jominiapplication.cpp:539]: Processing Tick: 1836.8.22.6
[04:30:33][jominiapplication.cpp:539]: Processing Tick: 1836.8.22.12
[04:30:33][jominiapplication.cpp:539]: Processing Tick: 1836.8.22.18
[04:30:33][jominiapplication.cpp:539]: Processing Tick: 1836.8.23
[04:30:33][jominiapplication.cpp:539]: Processing Tick: 1836.8.23.6
[04:30:33][jominiapplication.cpp:539]: Processing Tick: 1836.8.23.12
[04:30:33][jominiapplication.cpp:539]: Processing Tick: 1836.8.23.18
[04:30:33][jominiapplication.cpp:539]: Processing Tick: 1836.8.24
[04:30:33][jominiapplication.cpp:539]: Processing Tick: 1836.8.24.6
[04:30:33][jominiapplication.cpp:539]: Processing Tick: 1836.8.24.12
[04:30:33][jominiapplication.cpp:539]: Processing Tick: 1836.8.24.18
[04:30:33][jominiapplication.cpp:539]: Processing Tick: 1836.8.25
[04:30:34][jominiapplication.cpp:539]: Processing Tick: 1836.8.25.6
[04:30:34][jominiapplication.cpp:539]: Processing Tick: 1836.8.25.12
[04:30:35][jominiapplication.cpp:539]: Processing Tick: 1836.8.25.18
[04:30:35][jominiapplication.cpp:539]: Processing Tick: 1836.8.26
[04:30:35][jominiapplication.cpp:539]: Processing Tick: 1836.8.26.6
[04:30:35][jominiapplication.cpp:539]: Processing Tick: 1836.8.26.12
[04:30:35][jominiapplication.cpp:539]: Processing Tick: 1836.8.26.18
[04:30:35][jominiapplication.cpp:539]: Processing Tick: 1836.8.27
[04:30:35][jominiapplication.cpp:539]: Processing Tick: 1836.8.27.6
[04:30:35][jominiapplication.cpp:539]: Processing Tick: 1836.8.27.12
[04:30:35][jominiapplication.cpp:539]: Processing Tick: 1836.8.27.18
[04:30:35][jominiapplication.cpp:539]: Processing Tick: 1836.8.28
[04:30:35][jominiapplication.cpp:539]: Processing Tick: 1836.8.28.6
[04:30:35][jominiapplication.cpp:539]: Processing Tick: 1836.8.28.12
[04:30:35][jominiapplication.cpp:539]: Processing Tick: 1836.8.28.18
[04:30:35][jominiapplication.cpp:539]: Processing Tick: 1836.8.29
[04:30:35][jominiapplication.cpp:539]: Processing Tick: 1836.8.29.6
[04:30:35][jominiapplication.cpp:539]: Processing Tick: 1836.8.29.12
[04:30:35][jominiapplication.cpp:539]: Processing Tick: 1836.8.29.18
[04:30:35][jominiapplication.cpp:539]: Processing Tick: 1836.8.30
[04:30:35][jominiapplication.cpp:539]: Processing Tick: 1836.8.30.6
[04:30:35][jominiapplication.cpp:539]: Processing Tick: 1836.8.30.12
[04:30:35][jominiapplication.cpp:539]: Processing Tick: 1836.8.30.18
[04:30:35][jominiapplication.cpp:539]: Processing Tick: 1836.8.31
[04:30:35][jominiapplication.cpp:539]: Processing Tick: 1836.8.31.6
[04:30:35][jominiapplication.cpp:539]: Processing Tick: 1836.8.31.12
[04:30:36][jominiapplication.cpp:539]: Processing Tick: 1836.8.31.18
[04:30:36][jominiapplication.cpp:539]: Processing Tick: 1836.9.1
[04:30:37][jominiapplication.cpp:539]: Processing Tick: 1836.9.1.6
[04:30:37][jominiapplication.cpp:539]: Processing Tick: 1836.9.1.12
[04:30:37][jominiapplication.cpp:539]: Processing Tick: 1836.9.1.18
[04:30:37][jominiapplication.cpp:539]: Processing Tick: 1836.9.2
[04:30:37][jominiapplication.cpp:539]: Processing Tick: 1836.9.2.6
[04:30:37][jominiapplication.cpp:539]: Processing Tick: 1836.9.2.12
[04:30:37][jominiapplication.cpp:539]: Processing Tick: 1836.9.2.18
[04:30:37][jominiapplication.cpp:539]: Processing Tick: 1836.9.3
[04:30:37][jominiapplication.cpp:539]: Processing Tick: 1836.9.3.6
[04:30:37][jominiapplication.cpp:539]: Processing Tick: 1836.9.3.12
[04:30:37][jominiapplication.cpp:539]: Processing Tick: 1836.9.3.18
[04:30:37][jominiapplication.cpp:539]: Processing Tick: 1836.9.4
[04:30:37][jominiapplication.cpp:539]: Processing Tick: 1836.9.4.6
[04:30:37][jominiapplication.cpp:539]: Processing Tick: 1836.9.4.12
[04:30:37][jominiapplication.cpp:539]: Processing Tick: 1836.9.4.18
[04:30:37][jominiapplication.cpp:539]: Processing Tick: 1836.9.5
[04:30:38][jominiapplication.cpp:539]: Processing Tick: 1836.9.5.6
[04:30:38][jominiapplication.cpp:539]: Processing Tick: 1836.9.5.12
[04:30:38][jominiapplication.cpp:539]: Processing Tick: 1836.9.5.18
[04:30:38][jominiapplication.cpp:539]: Processing Tick: 1836.9.6
[04:30:38][jominiapplication.cpp:539]: Processing Tick: 1836.9.6.6
[04:30:38][jominiapplication.cpp:539]: Processing Tick: 1836.9.6.12
[04:30:38][jominiapplication.cpp:539]: Processing Tick: 1836.9.6.18
[04:30:38][jominiapplication.cpp:539]: Processing Tick: 1836.9.7
[04:30:38][jominiapplication.cpp:539]: Processing Tick: 1836.9.7.6
[04:30:38][jominiapplication.cpp:539]: Processing Tick: 1836.9.7.12
[04:30:38][jominiapplication.cpp:539]: Processing Tick: 1836.9.7.18
[04:30:38][jominiapplication.cpp:539]: Processing Tick: 1836.9.8
[04:30:39][jominiapplication.cpp:539]: Processing Tick: 1836.9.8.6
[04:30:39][jominiapplication.cpp:539]: Processing Tick: 1836.9.8.12
[04:30:39][jominiapplication.cpp:539]: Processing Tick: 1836.9.8.18
[04:30:39][jominiapplication.cpp:539]: Processing Tick: 1836.9.9
[04:30:39][jominiapplication.cpp:539]: Processing Tick: 1836.9.9.6
[04:30:39][jominiapplication.cpp:539]: Processing Tick: 1836.9.9.12
[04:30:39][jominiapplication.cpp:539]: Processing Tick: 1836.9.9.18
[04:30:39][jominiapplication.cpp:539]: Processing Tick: 1836.9.10
[04:30:39][jominiapplication.cpp:539]: Processing Tick: 1836.9.10.6
[04:30:39][jominiapplication.cpp:539]: Processing Tick: 1836.9.10.12
[04:30:39][jominiapplication.cpp:539]: Processing Tick: 1836.9.10.18
[04:30:39][jominiapplication.cpp:539]: Processing Tick: 1836.9.11
[04:30:39][jominiapplication.cpp:539]: Processing Tick: 1836.9.11.6
[04:30:39][jominiapplication.cpp:539]: Processing Tick: 1836.9.11.12
[04:30:40][jominiapplication.cpp:539]: Processing Tick: 1836.9.11.18
[04:30:40][jominiapplication.cpp:539]: Processing Tick: 1836.9.12
[04:30:40][jominiapplication.cpp:539]: Processing Tick: 1836.9.12.6
[04:30:40][jominiapplication.cpp:539]: Processing Tick: 1836.9.12.12
[04:30:40][jominiapplication.cpp:539]: Processing Tick: 1836.9.12.18
[04:30:40][jominiapplication.cpp:539]: Processing Tick: 1836.9.13
[04:30:40][jominiapplication.cpp:539]: Processing Tick: 1836.9.13.6
[04:30:40][jominiapplication.cpp:539]: Processing Tick: 1836.9.13.12
[04:30:40][jominiapplication.cpp:539]: Processing Tick: 1836.9.13.18
[04:30:40][jominiapplication.cpp:539]: Processing Tick: 1836.9.14
[04:30:40][jominiapplication.cpp:539]: Processing Tick: 1836.9.14.6
[04:30:40][jominiapplication.cpp:539]: Processing Tick: 1836.9.14.12
[04:30:40][jominiapplication.cpp:539]: Processing Tick: 1836.9.14.18
[04:30:40][jominiapplication.cpp:539]: Processing Tick: 1836.9.15
[04:30:41][jominiapplication.cpp:539]: Processing Tick: 1836.9.15.6
[04:30:41][jominiapplication.cpp:539]: Processing Tick: 1836.9.15.12
[04:30:41][jominiapplication.cpp:539]: Processing Tick: 1836.9.15.18
[04:30:41][jominiapplication.cpp:539]: Processing Tick: 1836.9.16
[04:30:41][jominiapplication.cpp:539]: Processing Tick: 1836.9.16.6
[04:30:41][jominiapplication.cpp:539]: Processing Tick: 1836.9.16.12
[04:30:41][jominiapplication.cpp:539]: Processing Tick: 1836.9.16.18
[04:30:41][jominiapplication.cpp:539]: Processing Tick: 1836.9.17
[04:30:41][jominiapplication.cpp:539]: Processing Tick: 1836.9.17.6
[04:30:41][jominiapplication.cpp:539]: Processing Tick: 1836.9.17.12
[04:30:41][jominiapplication.cpp:539]: Processing Tick: 1836.9.17.18
[04:30:41][jominiapplication.cpp:539]: Processing Tick: 1836.9.18
[04:30:41][jominiapplication.cpp:539]: Processing Tick: 1836.9.18.6
[04:30:41][jominiapplication.cpp:539]: Processing Tick: 1836.9.18.12
[04:30:41][jominiapplication.cpp:539]: Processing Tick: 1836.9.18.18
[04:30:41][jominiapplication.cpp:539]: Processing Tick: 1836.9.19
[04:30:42][jominiapplication.cpp:539]: Processing Tick: 1836.9.19.6
[04:30:42][jominiapplication.cpp:539]: Processing Tick: 1836.9.19.12
[04:30:42][jominiapplication.cpp:539]: Processing Tick: 1836.9.19.18
[04:30:42][jominiapplication.cpp:539]: Processing Tick: 1836.9.20
[04:30:42][jominiapplication.cpp:539]: Processing Tick: 1836.9.20.6
[04:30:42][jominiapplication.cpp:539]: Processing Tick: 1836.9.20.12
[04:30:42][jominiapplication.cpp:539]: Processing Tick: 1836.9.20.18
[04:30:42][jominiapplication.cpp:539]: Processing Tick: 1836.9.21
[04:30:42][jominiapplication.cpp:539]: Processing Tick: 1836.9.21.6
[04:30:42][jominiapplication.cpp:539]: Processing Tick: 1836.9.21.12
[04:30:42][jominiapplication.cpp:539]: Processing Tick: 1836.9.21.18
[04:30:42][jominiapplication.cpp:539]: Processing Tick: 1836.9.22
[04:30:43][jominiapplication.cpp:539]: Processing Tick: 1836.9.22.6
[04:30:43][jominiapplication.cpp:539]: Processing Tick: 1836.9.22.12
[04:30:43][jominiapplication.cpp:539]: Processing Tick: 1836.9.22.18
[04:30:43][jominiapplication.cpp:539]: Processing Tick: 1836.9.23
[04:30:43][jominiapplication.cpp:539]: Processing Tick: 1836.9.23.6
[04:30:43][jominiapplication.cpp:539]: Processing Tick: 1836.9.23.12
[04:30:43][jominiapplication.cpp:539]: Processing Tick: 1836.9.23.18
[04:30:43][jominiapplication.cpp:539]: Processing Tick: 1836.9.24
[04:30:43][jominiapplication.cpp:539]: Processing Tick: 1836.9.24.6
[04:30:43][jominiapplication.cpp:539]: Processing Tick: 1836.9.24.12
[04:30:43][jominiapplication.cpp:539]: Processing Tick: 1836.9.24.18
[04:30:43][jominiapplication.cpp:539]: Processing Tick: 1836.9.25
[04:30:43][jominiapplication.cpp:539]: Processing Tick: 1836.9.25.6
[04:30:43][jominiapplication.cpp:539]: Processing Tick: 1836.9.25.12
[04:30:43][jominiapplication.cpp:539]: Processing Tick: 1836.9.25.18
[04:30:44][jominiapplication.cpp:539]: Processing Tick: 1836.9.26
[04:30:44][jominiapplication.cpp:539]: Processing Tick: 1836.9.26.6
[04:30:44][jominiapplication.cpp:539]: Processing Tick: 1836.9.26.12
[04:30:44][jominiapplication.cpp:539]: Processing Tick: 1836.9.26.18
[04:30:44][jominiapplication.cpp:539]: Processing Tick: 1836.9.27
[04:30:44][jominiapplication.cpp:539]: Processing Tick: 1836.9.27.6
[04:30:44][jominiapplication.cpp:539]: Processing Tick: 1836.9.27.12
[04:30:44][jominiapplication.cpp:539]: Processing Tick: 1836.9.27.18
[04:30:44][jominiapplication.cpp:539]: Processing Tick: 1836.9.28
[04:30:44][jominiapplication.cpp:539]: Processing Tick: 1836.9.28.6
[04:30:44][jominiapplication.cpp:539]: Processing Tick: 1836.9.28.12
[04:30:44][jominiapplication.cpp:539]: Processing Tick: 1836.9.28.18
[04:30:44][jominiapplication.cpp:539]: Processing Tick: 1836.9.29
[04:30:45][jominiapplication.cpp:539]: Processing Tick: 1836.9.29.6
[04:30:45][jominiapplication.cpp:539]: Processing Tick: 1836.9.29.12
[04:30:45][jominiapplication.cpp:539]: Processing Tick: 1836.9.29.18
[04:30:45][jominiapplication.cpp:539]: Processing Tick: 1836.9.30
[04:30:45][jominiapplication.cpp:539]: Processing Tick: 1836.9.30.6
[04:30:45][jominiapplication.cpp:539]: Processing Tick: 1836.9.30.12
[04:30:45][jominiapplication.cpp:539]: Processing Tick: 1836.9.30.18
[04:30:45][jominiapplication.cpp:539]: Processing Tick: 1836.10.1
[04:30:46][jominiapplication.cpp:539]: Processing Tick: 1836.10.1.6
[04:30:46][jominiapplication.cpp:539]: Processing Tick: 1836.10.1.12
[04:30:46][jominiapplication.cpp:539]: Processing Tick: 1836.10.1.18
[04:30:46][jominiapplication.cpp:539]: Processing Tick: 1836.10.2
[04:30:46][jominiapplication.cpp:539]: Processing Tick: 1836.10.2.6
[04:30:46][jominiapplication.cpp:539]: Processing Tick: 1836.10.2.12
[04:30:46][jominiapplication.cpp:539]: Processing Tick: 1836.10.2.18
[04:30:46][jominiapplication.cpp:539]: Processing Tick: 1836.10.3
[04:30:46][jominiapplication.cpp:539]: Processing Tick: 1836.10.3.6
[04:30:46][jominiapplication.cpp:539]: Processing Tick: 1836.10.3.12
[04:30:46][jominiapplication.cpp:539]: Processing Tick: 1836.10.3.18
[04:30:46][jominiapplication.cpp:539]: Processing Tick: 1836.10.4
[04:30:46][jominiapplication.cpp:539]: Processing Tick: 1836.10.4.6
[04:30:46][jominiapplication.cpp:539]: Processing Tick: 1836.10.4.12
[04:30:46][jominiapplication.cpp:539]: Processing Tick: 1836.10.4.18
[04:30:46][jominiapplication.cpp:539]: Processing Tick: 1836.10.5
[04:30:46][jominiapplication.cpp:539]: Processing Tick: 1836.10.5.6
[04:30:46][jominiapplication.cpp:539]: Processing Tick: 1836.10.5.12
[04:30:46][jominiapplication.cpp:539]: Processing Tick: 1836.10.5.18
[04:30:46][jominiapplication.cpp:539]: Processing Tick: 1836.10.6
[04:30:47][jominiapplication.cpp:539]: Processing Tick: 1836.10.6.6
[04:30:47][jominiapplication.cpp:539]: Processing Tick: 1836.10.6.12
[04:30:47][jominiapplication.cpp:539]: Processing Tick: 1836.10.6.18
[04:30:47][jominiapplication.cpp:539]: Processing Tick: 1836.10.7
[04:30:47][jominiapplication.cpp:539]: Processing Tick: 1836.10.7.6
[04:30:47][jominiapplication.cpp:539]: Processing Tick: 1836.10.7.12
[04:30:48][jominiapplication.cpp:539]: Processing Tick: 1836.10.7.18
[04:30:48][jominiapplication.cpp:539]: Processing Tick: 1836.10.8
[04:30:48][jominiapplication.cpp:539]: Processing Tick: 1836.10.8.6
[04:30:48][jominiapplication.cpp:539]: Processing Tick: 1836.10.8.12
[04:30:48][jominiapplication.cpp:539]: Processing Tick: 1836.10.8.18
[04:30:48][jominiapplication.cpp:539]: Processing Tick: 1836.10.9
[04:30:48][jominiapplication.cpp:539]: Processing Tick: 1836.10.9.6
[04:30:48][jominiapplication.cpp:539]: Processing Tick: 1836.10.9.12
[04:30:48][jominiapplication.cpp:539]: Processing Tick: 1836.10.9.18
[04:30:48][jominiapplication.cpp:539]: Processing Tick: 1836.10.10
[04:30:48][jominiapplication.cpp:539]: Processing Tick: 1836.10.10.6
[04:30:48][jominiapplication.cpp:539]: Processing Tick: 1836.10.10.12
[04:30:48][jominiapplication.cpp:539]: Processing Tick: 1836.10.10.18
[04:30:48][jominiapplication.cpp:539]: Processing Tick: 1836.10.11
[04:30:48][jominiapplication.cpp:539]: Processing Tick: 1836.10.11.6
[04:30:48][jominiapplication.cpp:539]: Processing Tick: 1836.10.11.12
[04:30:48][jominiapplication.cpp:539]: Processing Tick: 1836.10.11.18
[04:30:48][jominiapplication.cpp:539]: Processing Tick: 1836.10.12
[04:30:48][jominiapplication.cpp:539]: Processing Tick: 1836.10.12.6
[04:30:48][jominiapplication.cpp:539]: Processing Tick: 1836.10.12.12
[04:30:48][jominiapplication.cpp:539]: Processing Tick: 1836.10.12.18
[04:30:48][jominiapplication.cpp:539]: Processing Tick: 1836.10.13
[04:30:49][jominiapplication.cpp:539]: Processing Tick: 1836.10.13.6
[04:30:49][jominiapplication.cpp:539]: Processing Tick: 1836.10.13.12
[04:30:49][jominiapplication.cpp:539]: Processing Tick: 1836.10.13.18
[04:30:49][jominiapplication.cpp:539]: Processing Tick: 1836.10.14
[04:30:49][jominiapplication.cpp:539]: Processing Tick: 1836.10.14.6
[04:30:49][jominiapplication.cpp:539]: Processing Tick: 1836.10.14.12
[04:30:50][jominiapplication.cpp:539]: Processing Tick: 1836.10.14.18
[04:30:50][jominiapplication.cpp:539]: Processing Tick: 1836.10.15
[04:30:50][jominiapplication.cpp:539]: Processing Tick: 1836.10.15.6
[04:30:50][jominiapplication.cpp:539]: Processing Tick: 1836.10.15.12
[04:30:50][jominiapplication.cpp:539]: Processing Tick: 1836.10.15.18
[04:30:50][jominiapplication.cpp:539]: Processing Tick: 1836.10.16
[04:30:50][jominiapplication.cpp:539]: Processing Tick: 1836.10.16.6
[04:30:50][jominiapplication.cpp:539]: Processing Tick: 1836.10.16.12
[04:30:50][jominiapplication.cpp:539]: Processing Tick: 1836.10.16.18
[04:30:50][jominiapplication.cpp:539]: Processing Tick: 1836.10.17
[04:30:50][jominiapplication.cpp:539]: Processing Tick: 1836.10.17.6
[04:30:50][jominiapplication.cpp:539]: Processing Tick: 1836.10.17.12
[04:30:50][jominiapplication.cpp:539]: Processing Tick: 1836.10.17.18
[04:30:50][jominiapplication.cpp:539]: Processing Tick: 1836.10.18
[04:30:50][jominiapplication.cpp:539]: Processing Tick: 1836.10.18.6
[04:30:50][jominiapplication.cpp:539]: Processing Tick: 1836.10.18.12
[04:30:50][jominiapplication.cpp:539]: Processing Tick: 1836.10.18.18
[04:30:50][jominiapplication.cpp:539]: Processing Tick: 1836.10.19
[04:30:50][jominiapplication.cpp:539]: Processing Tick: 1836.10.19.6
[04:30:50][jominiapplication.cpp:539]: Processing Tick: 1836.10.19.12
[04:30:50][jominiapplication.cpp:539]: Processing Tick: 1836.10.19.18
[04:30:50][jominiapplication.cpp:539]: Processing Tick: 1836.10.20
[04:30:51][jominiapplication.cpp:539]: Processing Tick: 1836.10.20.6
[04:30:51][jominiapplication.cpp:539]: Processing Tick: 1836.10.20.12
[04:30:51][jominiapplication.cpp:539]: Processing Tick: 1836.10.20.18
[04:30:51][jominiapplication.cpp:539]: Processing Tick: 1836.10.21
[04:30:51][jominiapplication.cpp:539]: Processing Tick: 1836.10.21.6
[04:30:52][jominiapplication.cpp:539]: Processing Tick: 1836.10.21.12
[04:30:52][jominiapplication.cpp:539]: Processing Tick: 1836.10.21.18
[04:30:52][jominiapplication.cpp:539]: Processing Tick: 1836.10.22
[04:30:52][jominiapplication.cpp:539]: Processing Tick: 1836.10.22.6
[04:30:52][jominiapplication.cpp:539]: Processing Tick: 1836.10.22.12
[04:30:52][jominiapplication.cpp:539]: Processing Tick: 1836.10.22.18
[04:30:52][jominiapplication.cpp:539]: Processing Tick: 1836.10.23
[04:30:52][jominiapplication.cpp:539]: Processing Tick: 1836.10.23.6
[04:30:52][jominiapplication.cpp:539]: Processing Tick: 1836.10.23.12
[04:30:52][jominiapplication.cpp:539]: Processing Tick: 1836.10.23.18
[04:30:52][jominiapplication.cpp:539]: Processing Tick: 1836.10.24
[04:30:52][jominiapplication.cpp:539]: Processing Tick: 1836.10.24.6
[04:30:52][jominiapplication.cpp:539]: Processing Tick: 1836.10.24.12
[04:30:52][jominiapplication.cpp:539]: Processing Tick: 1836.10.24.18
[04:30:52][jominiapplication.cpp:539]: Processing Tick: 1836.10.25
[04:30:52][jominiapplication.cpp:539]: Processing Tick: 1836.10.25.6
[04:30:52][jominiapplication.cpp:539]: Processing Tick: 1836.10.25.12
[04:30:52][jominiapplication.cpp:539]: Processing Tick: 1836.10.25.18
[04:30:52][jominiapplication.cpp:539]: Processing Tick: 1836.10.26
[04:30:52][jominiapplication.cpp:539]: Processing Tick: 1836.10.26.6
[04:30:52][jominiapplication.cpp:539]: Processing Tick: 1836.10.26.12
[04:30:52][jominiapplication.cpp:539]: Processing Tick: 1836.10.26.18
[04:30:52][jominiapplication.cpp:539]: Processing Tick: 1836.10.27
[04:30:53][jominiapplication.cpp:539]: Processing Tick: 1836.10.27.6
[04:30:53][jominiapplication.cpp:539]: Processing Tick: 1836.10.27.12
[04:30:53][jominiapplication.cpp:539]: Processing Tick: 1836.10.27.18
[04:30:53][jominiapplication.cpp:539]: Processing Tick: 1836.10.28
[04:30:54][jominiapplication.cpp:539]: Processing Tick: 1836.10.28.6
[04:30:54][jominiapplication.cpp:539]: Processing Tick: 1836.10.28.12
[04:30:54][jominiapplication.cpp:539]: Processing Tick: 1836.10.28.18
[04:30:54][jominiapplication.cpp:539]: Processing Tick: 1836.10.29
[04:30:54][jominiapplication.cpp:539]: Processing Tick: 1836.10.29.6
[04:30:54][jominiapplication.cpp:539]: Processing Tick: 1836.10.29.12
[04:30:54][jominiapplication.cpp:539]: Processing Tick: 1836.10.29.18
[04:30:54][jominiapplication.cpp:539]: Processing Tick: 1836.10.30
[04:30:54][jominiapplication.cpp:539]: Processing Tick: 1836.10.30.6
[04:30:54][jominiapplication.cpp:539]: Processing Tick: 1836.10.30.12
[04:30:54][jominiapplication.cpp:539]: Processing Tick: 1836.10.30.18
[04:30:54][jominiapplication.cpp:539]: Processing Tick: 1836.10.31
[04:30:54][jominiapplication.cpp:539]: Processing Tick: 1836.10.31.6
[04:30:54][jominiapplication.cpp:539]: Processing Tick: 1836.10.31.12
[04:30:54][jominiapplication.cpp:539]: Processing Tick: 1836.10.31.18
[04:30:54][jominiapplication.cpp:539]: Processing Tick: 1836.11.1
[04:30:54][jominiapplication.cpp:539]: Processing Tick: 1836.11.1.6
[04:30:54][jominiapplication.cpp:539]: Processing Tick: 1836.11.1.12
[04:30:54][jominiapplication.cpp:539]: Processing Tick: 1836.11.1.18
[04:30:55][jominiapplication.cpp:539]: Processing Tick: 1836.11.2
[04:30:55][jominiapplication.cpp:539]: Processing Tick: 1836.11.2.6
[04:30:55][jominiapplication.cpp:539]: Processing Tick: 1836.11.2.12
[04:30:55][jominiapplication.cpp:539]: Processing Tick: 1836.11.2.18
[04:30:55][jominiapplication.cpp:539]: Processing Tick: 1836.11.3
[04:30:56][jominiapplication.cpp:539]: Processing Tick: 1836.11.3.6
[04:30:56][jominiapplication.cpp:539]: Processing Tick: 1836.11.3.12
[04:30:56][jominiapplication.cpp:539]: Processing Tick: 1836.11.3.18
[04:30:56][jominiapplication.cpp:539]: Processing Tick: 1836.11.4
[04:30:56][jominiapplication.cpp:539]: Processing Tick: 1836.11.4.6
[04:30:56][jominiapplication.cpp:539]: Processing Tick: 1836.11.4.12
[04:30:56][jominiapplication.cpp:539]: Processing Tick: 1836.11.4.18
[04:30:56][jominiapplication.cpp:539]: Processing Tick: 1836.11.5
[04:30:56][jominiapplication.cpp:539]: Processing Tick: 1836.11.5.6
[04:30:56][jominiapplication.cpp:539]: Processing Tick: 1836.11.5.12
[04:30:56][jominiapplication.cpp:539]: Processing Tick: 1836.11.5.18
[04:30:56][jominiapplication.cpp:539]: Processing Tick: 1836.11.6
[04:30:56][jominiapplication.cpp:539]: Processing Tick: 1836.11.6.6
[04:30:56][jominiapplication.cpp:539]: Processing Tick: 1836.11.6.12
[04:30:56][jominiapplication.cpp:539]: Processing Tick: 1836.11.6.18
[04:30:56][jominiapplication.cpp:539]: Processing Tick: 1836.11.7
[04:30:56][jominiapplication.cpp:539]: Processing Tick: 1836.11.7.6
[04:30:56][jominiapplication.cpp:539]: Processing Tick: 1836.11.7.12
[04:30:56][jominiapplication.cpp:539]: Processing Tick: 1836.11.7.18
[04:30:56][jominiapplication.cpp:539]: Processing Tick: 1836.11.8
[04:30:56][jominiapplication.cpp:539]: Processing Tick: 1836.11.8.6
[04:30:56][jominiapplication.cpp:539]: Processing Tick: 1836.11.8.12
[04:30:56][jominiapplication.cpp:539]: Processing Tick: 1836.11.8.18
[04:30:56][jominiapplication.cpp:539]: Processing Tick: 1836.11.9
[04:30:56][jominiapplication.cpp:539]: Processing Tick: 1836.11.9.6
[04:30:57][jominiapplication.cpp:539]: Processing Tick: 1836.11.9.12
[04:30:57][jominiapplication.cpp:539]: Processing Tick: 1836.11.9.18
[04:30:57][jominiapplication.cpp:539]: Processing Tick: 1836.11.10
[04:30:58][jominiapplication.cpp:539]: Processing Tick: 1836.11.10.6
[04:30:58][jominiapplication.cpp:539]: Processing Tick: 1836.11.10.12
[04:30:58][jominiapplication.cpp:539]: Processing Tick: 1836.11.10.18
[04:30:58][jominiapplication.cpp:539]: Processing Tick: 1836.11.11
[04:30:58][jominiapplication.cpp:539]: Processing Tick: 1836.11.11.6
[04:30:58][jominiapplication.cpp:539]: Processing Tick: 1836.11.11.12
[04:30:58][jominiapplication.cpp:539]: Processing Tick: 1836.11.11.18
[04:30:58][jominiapplication.cpp:539]: Processing Tick: 1836.11.12
[04:30:58][jominiapplication.cpp:539]: Processing Tick: 1836.11.12.6
[04:30:58][jominiapplication.cpp:539]: Processing Tick: 1836.11.12.12
[04:30:58][jominiapplication.cpp:539]: Processing Tick: 1836.11.12.18
[04:30:58][jominiapplication.cpp:539]: Processing Tick: 1836.11.13
[04:30:58][jominiapplication.cpp:539]: Processing Tick: 1836.11.13.6
[04:30:58][jominiapplication.cpp:539]: Processing Tick: 1836.11.13.12
[04:30:58][jominiapplication.cpp:539]: Processing Tick: 1836.11.13.18
[04:30:58][jominiapplication.cpp:539]: Processing Tick: 1836.11.14
[04:30:58][jominiapplication.cpp:539]: Processing Tick: 1836.11.14.6
[04:30:58][jominiapplication.cpp:539]: Processing Tick: 1836.11.14.12
[04:30:58][jominiapplication.cpp:539]: Processing Tick: 1836.11.14.18
[04:30:58][jominiapplication.cpp:539]: Processing Tick: 1836.11.15
[04:30:58][jominiapplication.cpp:539]: Processing Tick: 1836.11.15.6
[04:30:58][jominiapplication.cpp:539]: Processing Tick: 1836.11.15.12
[04:30:58][jominiapplication.cpp:539]: Processing Tick: 1836.11.15.18
[04:30:58][jominiapplication.cpp:539]: Processing Tick: 1836.11.16
[04:30:58][jominiapplication.cpp:539]: Processing Tick: 1836.11.16.6
[04:30:58][jominiapplication.cpp:539]: Processing Tick: 1836.11.16.12
[04:30:59][jominiapplication.cpp:539]: Processing Tick: 1836.11.16.18
[04:30:59][jominiapplication.cpp:539]: Processing Tick: 1836.11.17
[04:30:59][jominiapplication.cpp:539]: Processing Tick: 1836.11.17.6
[04:31:00][jominiapplication.cpp:539]: Processing Tick: 1836.11.17.12
[04:31:00][jominiapplication.cpp:539]: Processing Tick: 1836.11.17.18
[04:31:00][jominiapplication.cpp:539]: Processing Tick: 1836.11.18
[04:31:00][jominiapplication.cpp:539]: Processing Tick: 1836.11.18.6
[04:31:00][jominiapplication.cpp:539]: Processing Tick: 1836.11.18.12
[04:31:00][jominiapplication.cpp:539]: Processing Tick: 1836.11.18.18
[04:31:00][jominiapplication.cpp:539]: Processing Tick: 1836.11.19
[04:31:00][jominiapplication.cpp:539]: Processing Tick: 1836.11.19.6
[04:31:00][jominiapplication.cpp:539]: Processing Tick: 1836.11.19.12
[04:31:00][jominiapplication.cpp:539]: Processing Tick: 1836.11.19.18
[04:31:00][jominiapplication.cpp:539]: Processing Tick: 1836.11.20
[04:31:00][jominiapplication.cpp:539]: Processing Tick: 1836.11.20.6
[04:31:00][jominiapplication.cpp:539]: Processing Tick: 1836.11.20.12
[04:31:00][jominiapplication.cpp:539]: Processing Tick: 1836.11.20.18
[04:31:00][jominiapplication.cpp:539]: Processing Tick: 1836.11.21
[04:31:00][jominiapplication.cpp:539]: Processing Tick: 1836.11.21.6
[04:31:00][jominiapplication.cpp:539]: Processing Tick: 1836.11.21.12
[04:31:00][jominiapplication.cpp:539]: Processing Tick: 1836.11.21.18
[04:31:00][jominiapplication.cpp:539]: Processing Tick: 1836.11.22
[04:31:00][jominiapplication.cpp:539]: Processing Tick: 1836.11.22.6
[04:31:00][jominiapplication.cpp:539]: Processing Tick: 1836.11.22.12
[04:31:00][jominiapplication.cpp:539]: Processing Tick: 1836.11.22.18
[04:31:00][jominiapplication.cpp:539]: Processing Tick: 1836.11.23
[04:31:01][jominiapplication.cpp:539]: Processing Tick: 1836.11.23.6
[04:31:01][jominiapplication.cpp:539]: Processing Tick: 1836.11.23.12
[04:31:01][jominiapplication.cpp:539]: Processing Tick: 1836.11.23.18
[04:31:01][jominiapplication.cpp:539]: Processing Tick: 1836.11.24
[04:31:02][jominiapplication.cpp:539]: Processing Tick: 1836.11.24.6
[04:31:02][jominiapplication.cpp:539]: Processing Tick: 1836.11.24.12
[04:31:02][jominiapplication.cpp:539]: Processing Tick: 1836.11.24.18
[04:31:02][jominiapplication.cpp:539]: Processing Tick: 1836.11.25
[04:31:02][jominiapplication.cpp:539]: Processing Tick: 1836.11.25.6
[04:31:02][jominiapplication.cpp:539]: Processing Tick: 1836.11.25.12
[04:31:02][jominiapplication.cpp:539]: Processing Tick: 1836.11.25.18
[04:31:02][jominiapplication.cpp:539]: Processing Tick: 1836.11.26
[04:31:02][jominiapplication.cpp:539]: Processing Tick: 1836.11.26.6
[04:31:02][jominiapplication.cpp:539]: Processing Tick: 1836.11.26.12
[04:31:02][jominiapplication.cpp:539]: Processing Tick: 1836.11.26.18
[04:31:02][jominiapplication.cpp:539]: Processing Tick: 1836.11.27
[04:31:02][jominiapplication.cpp:539]: Processing Tick: 1836.11.27.6
[04:31:02][jominiapplication.cpp:539]: Processing Tick: 1836.11.27.12
[04:31:02][jominiapplication.cpp:539]: Processing Tick: 1836.11.27.18
[04:31:02][jominiapplication.cpp:539]: Processing Tick: 1836.11.28
[04:31:02][jominiapplication.cpp:539]: Processing Tick: 1836.11.28.6
[04:31:02][jominiapplication.cpp:539]: Processing Tick: 1836.11.28.12
[04:31:02][jominiapplication.cpp:539]: Processing Tick: 1836.11.28.18
[04:31:02][jominiapplication.cpp:539]: Processing Tick: 1836.11.29
[04:31:02][jominiapplication.cpp:539]: Processing Tick: 1836.11.29.6
[04:31:02][jominiapplication.cpp:539]: Processing Tick: 1836.11.29.12
[04:31:02][jominiapplication.cpp:539]: Processing Tick: 1836.11.29.18
[04:31:02][jominiapplication.cpp:539]: Processing Tick: 1836.11.30
[04:31:03][jominiapplication.cpp:539]: Processing Tick: 1836.11.30.6
[04:31:03][jominiapplication.cpp:539]: Processing Tick: 1836.11.30.12
[04:31:03][jominiapplication.cpp:539]: Processing Tick: 1836.11.30.18
[04:31:03][jominiapplication.cpp:539]: Processing Tick: 1836.12.1
[04:31:04][jominiapplication.cpp:539]: Processing Tick: 1836.12.1.6
[04:31:04][jominiapplication.cpp:539]: Processing Tick: 1836.12.1.12
[04:31:04][jominiapplication.cpp:539]: Processing Tick: 1836.12.1.18
[04:31:04][jominiapplication.cpp:539]: Processing Tick: 1836.12.2
[04:31:04][jominiapplication.cpp:539]: Processing Tick: 1836.12.2.6
[04:31:04][jominiapplication.cpp:539]: Processing Tick: 1836.12.2.12
[04:31:04][jominiapplication.cpp:539]: Processing Tick: 1836.12.2.18
[04:31:04][jominiapplication.cpp:539]: Processing Tick: 1836.12.3
[04:31:04][jominiapplication.cpp:539]: Processing Tick: 1836.12.3.6
[04:31:04][jominiapplication.cpp:539]: Processing Tick: 1836.12.3.12
[04:31:04][jominiapplication.cpp:539]: Processing Tick: 1836.12.3.18
[04:31:04][jominiapplication.cpp:539]: Processing Tick: 1836.12.4
[04:31:04][jominiapplication.cpp:539]: Processing Tick: 1836.12.4.6
[04:31:05][jominiapplication.cpp:539]: Processing Tick: 1836.12.4.12
[04:31:05][jominiapplication.cpp:539]: Processing Tick: 1836.12.4.18
[04:31:05][jominiapplication.cpp:539]: Processing Tick: 1836.12.5
[04:31:05][jominiapplication.cpp:539]: Processing Tick: 1836.12.5.6
[04:31:05][jominiapplication.cpp:539]: Processing Tick: 1836.12.5.12
[04:31:05][jominiapplication.cpp:539]: Processing Tick: 1836.12.5.18
[04:31:05][jominiapplication.cpp:539]: Processing Tick: 1836.12.6
[04:31:05][jominiapplication.cpp:539]: Processing Tick: 1836.12.6.6
[04:31:05][jominiapplication.cpp:539]: Processing Tick: 1836.12.6.12
[04:31:05][jominiapplication.cpp:539]: Processing Tick: 1836.12.6.18
[04:31:05][jominiapplication.cpp:539]: Processing Tick: 1836.12.7
[04:31:05][jominiapplication.cpp:539]: Processing Tick: 1836.12.7.6
[04:31:05][jominiapplication.cpp:539]: Processing Tick: 1836.12.7.12
[04:31:05][jominiapplication.cpp:539]: Processing Tick: 1836.12.7.18
[04:31:05][jominiapplication.cpp:539]: Processing Tick: 1836.12.8
[04:31:06][jominiapplication.cpp:539]: Processing Tick: 1836.12.8.6
[04:31:06][jominiapplication.cpp:539]: Processing Tick: 1836.12.8.12
[04:31:06][jominiapplication.cpp:539]: Processing Tick: 1836.12.8.18
[04:31:06][jominiapplication.cpp:539]: Processing Tick: 1836.12.9
[04:31:06][jominiapplication.cpp:539]: Processing Tick: 1836.12.9.6
[04:31:06][jominiapplication.cpp:539]: Processing Tick: 1836.12.9.12
[04:31:06][jominiapplication.cpp:539]: Processing Tick: 1836.12.9.18
[04:31:06][jominiapplication.cpp:539]: Processing Tick: 1836.12.10
[04:31:06][jominiapplication.cpp:539]: Processing Tick: 1836.12.10.6
[04:31:06][jominiapplication.cpp:539]: Processing Tick: 1836.12.10.12
[04:31:06][jominiapplication.cpp:539]: Processing Tick: 1836.12.10.18
[04:31:06][jominiapplication.cpp:539]: Processing Tick: 1836.12.11
[04:31:07][jominiapplication.cpp:539]: Processing Tick: 1836.12.11.6
[04:31:07][jominiapplication.cpp:539]: Processing Tick: 1836.12.11.12
[04:31:07][jominiapplication.cpp:539]: Processing Tick: 1836.12.11.18
[04:31:07][jominiapplication.cpp:539]: Processing Tick: 1836.12.12
[04:31:07][jominiapplication.cpp:539]: Processing Tick: 1836.12.12.6
[04:31:07][jominiapplication.cpp:539]: Processing Tick: 1836.12.12.12
[04:31:07][jominiapplication.cpp:539]: Processing Tick: 1836.12.12.18
[04:31:07][jominiapplication.cpp:539]: Processing Tick: 1836.12.13
[04:31:07][jominiapplication.cpp:539]: Processing Tick: 1836.12.13.6
[04:31:07][jominiapplication.cpp:539]: Processing Tick: 1836.12.13.12
[04:31:07][jominiapplication.cpp:539]: Processing Tick: 1836.12.13.18
[04:31:07][jominiapplication.cpp:539]: Processing Tick: 1836.12.14
[04:31:07][jominiapplication.cpp:539]: Processing Tick: 1836.12.14.6
[04:31:07][jominiapplication.cpp:539]: Processing Tick: 1836.12.14.12
[04:31:07][jominiapplication.cpp:539]: Processing Tick: 1836.12.14.18
[04:31:07][jominiapplication.cpp:539]: Processing Tick: 1836.12.15
[04:31:08][jominiapplication.cpp:539]: Processing Tick: 1836.12.15.6
[04:31:08][jominiapplication.cpp:539]: Processing Tick: 1836.12.15.12
[04:31:08][jominiapplication.cpp:539]: Processing Tick: 1836.12.15.18
[04:31:08][jominiapplication.cpp:539]: Processing Tick: 1836.12.16
[04:31:08][jominiapplication.cpp:539]: Processing Tick: 1836.12.16.6
[04:31:08][jominiapplication.cpp:539]: Processing Tick: 1836.12.16.12
[04:31:08][jominiapplication.cpp:539]: Processing Tick: 1836.12.16.18
[04:31:08][jominiapplication.cpp:539]: Processing Tick: 1836.12.17
[04:31:08][jominiapplication.cpp:539]: Processing Tick: 1836.12.17.6
[04:31:08][jominiapplication.cpp:539]: Processing Tick: 1836.12.17.12
[04:31:08][jominiapplication.cpp:539]: Processing Tick: 1836.12.17.18
[04:31:09][jominiapplication.cpp:539]: Processing Tick: 1836.12.18
[04:31:09][jominiapplication.cpp:539]: Processing Tick: 1836.12.18.6
[04:31:09][jominiapplication.cpp:539]: Processing Tick: 1836.12.18.12
[04:31:09][jominiapplication.cpp:539]: Processing Tick: 1836.12.18.18
[04:31:09][jominiapplication.cpp:539]: Processing Tick: 1836.12.19
[04:31:09][jominiapplication.cpp:539]: Processing Tick: 1836.12.19.6
[04:31:09][jominiapplication.cpp:539]: Processing Tick: 1836.12.19.12
[04:31:09][jominiapplication.cpp:539]: Processing Tick: 1836.12.19.18
[04:31:09][jominiapplication.cpp:539]: Processing Tick: 1836.12.20
[04:31:09][jominiapplication.cpp:539]: Processing Tick: 1836.12.20.6
[04:31:09][jominiapplication.cpp:539]: Processing Tick: 1836.12.20.12
[04:31:09][jominiapplication.cpp:539]: Processing Tick: 1836.12.20.18
[04:31:09][jominiapplication.cpp:539]: Processing Tick: 1836.12.21
[04:31:09][jominiapplication.cpp:539]: Processing Tick: 1836.12.21.6
[04:31:09][jominiapplication.cpp:539]: Processing Tick: 1836.12.21.12
[04:31:09][jominiapplication.cpp:539]: Processing Tick: 1836.12.21.18
[04:31:09][jominiapplication.cpp:539]: Processing Tick: 1836.12.22
[04:31:10][jominiapplication.cpp:539]: Processing Tick: 1836.12.22.6
[04:31:10][jominiapplication.cpp:539]: Processing Tick: 1836.12.22.12
[04:31:10][jominiapplication.cpp:539]: Processing Tick: 1836.12.22.18
[04:31:10][jominiapplication.cpp:539]: Processing Tick: 1836.12.23
[04:31:10][jominiapplication.cpp:539]: Processing Tick: 1836.12.23.6
[04:31:10][jominiapplication.cpp:539]: Processing Tick: 1836.12.23.12
[04:31:10][jominiapplication.cpp:539]: Processing Tick: 1836.12.23.18
[04:31:10][jominiapplication.cpp:539]: Processing Tick: 1836.12.24
[04:31:10][jominiapplication.cpp:539]: Processing Tick: 1836.12.24.6
[04:31:10][jominiapplication.cpp:539]: Processing Tick: 1836.12.24.12
[04:31:11][jominiapplication.cpp:539]: Processing Tick: 1836.12.24.18
[04:31:11][jominiapplication.cpp:539]: Processing Tick: 1836.12.25
[04:31:11][jominiapplication.cpp:539]: Processing Tick: 1836.12.25.6
[04:31:11][jominiapplication.cpp:539]: Processing Tick: 1836.12.25.12
[04:31:11][jominiapplication.cpp:539]: Processing Tick: 1836.12.25.18
[04:31:11][jominiapplication.cpp:539]: Processing Tick: 1836.12.26
[04:31:11][jominiapplication.cpp:539]: Processing Tick: 1836.12.26.6
[04:31:11][jominiapplication.cpp:539]: Processing Tick: 1836.12.26.12
[04:31:11][jominiapplication.cpp:539]: Processing Tick: 1836.12.26.18
[04:31:11][jominiapplication.cpp:539]: Processing Tick: 1836.12.27
[04:31:11][jominiapplication.cpp:539]: Processing Tick: 1836.12.27.6
[04:31:11][jominiapplication.cpp:539]: Processing Tick: 1836.12.27.12
[04:31:11][jominiapplication.cpp:539]: Processing Tick: 1836.12.27.18
[04:31:11][jominiapplication.cpp:539]: Processing Tick: 1836.12.28
[04:31:11][jominiapplication.cpp:539]: Processing Tick: 1836.12.28.6
[04:31:11][jominiapplication.cpp:539]: Processing Tick: 1836.12.28.12
[04:31:11][jominiapplication.cpp:539]: Processing Tick: 1836.12.28.18
[04:31:11][jominiapplication.cpp:539]: Processing Tick: 1836.12.29
[04:31:12][jominiapplication.cpp:539]: Processing Tick: 1836.12.29.6
[04:31:12][jominiapplication.cpp:539]: Processing Tick: 1836.12.29.12
[04:31:12][jominiapplication.cpp:539]: Processing Tick: 1836.12.29.18
[04:31:12][jominiapplication.cpp:539]: Processing Tick: 1836.12.30
[04:31:12][jominiapplication.cpp:539]: Processing Tick: 1836.12.30.6
[04:31:12][jominiapplication.cpp:539]: Processing Tick: 1836.12.30.12
[04:31:12][jominiapplication.cpp:539]: Processing Tick: 1836.12.30.18
[04:31:12][jominiapplication.cpp:539]: Processing Tick: 1836.12.31
[04:31:12][jominiapplication.cpp:539]: Processing Tick: 1836.12.31.6
[04:31:12][jominiapplication.cpp:539]: Processing Tick: 1836.12.31.12
[04:31:12][jominiapplication.cpp:539]: Processing Tick: 1836.12.31.18
[04:31:13][jominiapplication.cpp:539]: Processing Tick: 1837.1.1
[04:31:13][jominiapplication.cpp:539]: Processing Tick: 1837.1.1.6
[04:31:13][jominiapplication.cpp:539]: Processing Tick: 1837.1.1.12
[04:31:13][jominiapplication.cpp:539]: Processing Tick: 1837.1.1.18
[04:31:13][jominiapplication.cpp:539]: Processing Tick: 1837.1.2
[04:31:13][jominiapplication.cpp:539]: Processing Tick: 1837.1.2.6
[04:31:13][jominiapplication.cpp:539]: Processing Tick: 1837.1.2.12
[04:31:13][jominiapplication.cpp:539]: Processing Tick: 1837.1.2.18
[04:31:13][jominiapplication.cpp:539]: Processing Tick: 1837.1.3
[04:31:13][jominiapplication.cpp:539]: Processing Tick: 1837.1.3.6
[04:31:13][jominiapplication.cpp:539]: Processing Tick: 1837.1.3.12
[04:31:13][jominiapplication.cpp:539]: Processing Tick: 1837.1.3.18
[04:31:13][jominiapplication.cpp:539]: Processing Tick: 1837.1.4
[04:31:13][jominiapplication.cpp:539]: Processing Tick: 1837.1.4.6
[04:31:13][jominiapplication.cpp:539]: Processing Tick: 1837.1.4.12
[04:31:13][jominiapplication.cpp:539]: Processing Tick: 1837.1.4.18
[04:31:13][jominiapplication.cpp:539]: Processing Tick: 1837.1.5
[04:31:14][jominiapplication.cpp:539]: Processing Tick: 1837.1.5.6
[04:31:14][jominiapplication.cpp:539]: Processing Tick: 1837.1.5.12
[04:31:14][jominiapplication.cpp:539]: Processing Tick: 1837.1.5.18
[04:31:14][jominiapplication.cpp:539]: Processing Tick: 1837.1.6
[04:31:15][jominiapplication.cpp:539]: Processing Tick: 1837.1.6.6
[04:31:15][jominiapplication.cpp:539]: Processing Tick: 1837.1.6.12
[04:31:15][jominiapplication.cpp:539]: Processing Tick: 1837.1.6.18
[04:31:15][jominiapplication.cpp:539]: Processing Tick: 1837.1.7
[04:31:15][jominiapplication.cpp:539]: Processing Tick: 1837.1.7.6
[04:31:15][jominiapplication.cpp:539]: Processing Tick: 1837.1.7.12
[04:31:15][jominiapplication.cpp:539]: Processing Tick: 1837.1.7.18
[04:31:15][jominiapplication.cpp:539]: Processing Tick: 1837.1.8
[04:31:15][jominiapplication.cpp:539]: Processing Tick: 1837.1.8.6
[04:31:15][jominiapplication.cpp:539]: Processing Tick: 1837.1.8.12
[04:31:15][jominiapplication.cpp:539]: Processing Tick: 1837.1.8.18
[04:31:15][jominiapplication.cpp:539]: Processing Tick: 1837.1.9
[04:31:15][jominiapplication.cpp:539]: Processing Tick: 1837.1.9.6
[04:31:15][jominiapplication.cpp:539]: Processing Tick: 1837.1.9.12
[04:31:15][jominiapplication.cpp:539]: Processing Tick: 1837.1.9.18
[04:31:15][jominiapplication.cpp:539]: Processing Tick: 1837.1.10
[04:31:15][jominiapplication.cpp:539]: Processing Tick: 1837.1.10.6
[04:31:15][jominiapplication.cpp:539]: Processing Tick: 1837.1.10.12
[04:31:15][jominiapplication.cpp:539]: Processing Tick: 1837.1.10.18
[04:31:15][jominiapplication.cpp:539]: Processing Tick: 1837.1.11
[04:31:15][jominiapplication.cpp:539]: Processing Tick: 1837.1.11.6
[04:31:15][jominiapplication.cpp:539]: Processing Tick: 1837.1.11.12
[04:31:15][jominiapplication.cpp:539]: Processing Tick: 1837.1.11.18
[04:31:16][jominiapplication.cpp:539]: Processing Tick: 1837.1.12
[04:31:16][jominiapplication.cpp:539]: Processing Tick: 1837.1.12.6
[04:31:17][jominiapplication.cpp:539]: Processing Tick: 1837.1.12.12
[04:31:17][jominiapplication.cpp:539]: Processing Tick: 1837.1.12.18
[04:31:17][jominiapplication.cpp:539]: Processing Tick: 1837.1.13
[04:31:17][jominiapplication.cpp:539]: Processing Tick: 1837.1.13.6
[04:31:17][jominiapplication.cpp:539]: Processing Tick: 1837.1.13.12
[04:31:17][jominiapplication.cpp:539]: Processing Tick: 1837.1.13.18
[04:31:17][jominiapplication.cpp:539]: Processing Tick: 1837.1.14
[04:31:17][jominiapplication.cpp:539]: Processing Tick: 1837.1.14.6
[04:31:17][jominiapplication.cpp:539]: Processing Tick: 1837.1.14.12
[04:31:17][jominiapplication.cpp:539]: Processing Tick: 1837.1.14.18
[04:31:17][jominiapplication.cpp:539]: Processing Tick: 1837.1.15
[04:31:17][jominiapplication.cpp:539]: Processing Tick: 1837.1.15.6
[04:31:17][jominiapplication.cpp:539]: Processing Tick: 1837.1.15.12
[04:31:17][jominiapplication.cpp:539]: Processing Tick: 1837.1.15.18
[04:31:17][jominiapplication.cpp:539]: Processing Tick: 1837.1.16
[04:31:17][jominiapplication.cpp:539]: Processing Tick: 1837.1.16.6
[04:31:17][jominiapplication.cpp:539]: Processing Tick: 1837.1.16.12
[04:31:17][jominiapplication.cpp:539]: Processing Tick: 1837.1.16.18
[04:31:17][jominiapplication.cpp:539]: Processing Tick: 1837.1.17
[04:31:17][jominiapplication.cpp:539]: Processing Tick: 1837.1.17.6
[04:31:17][jominiapplication.cpp:539]: Processing Tick: 1837.1.17.12
[04:31:17][jominiapplication.cpp:539]: Processing Tick: 1837.1.17.18
[04:31:17][jominiapplication.cpp:539]: Processing Tick: 1837.1.18
[04:31:17][jominiapplication.cpp:539]: Processing Tick: 1837.1.18.6
[04:31:17][jominiapplication.cpp:539]: Processing Tick: 1837.1.18.12
[04:31:17][jominiapplication.cpp:539]: Processing Tick: 1837.1.18.18
[04:31:17][jominiapplication.cpp:539]: Processing Tick: 1837.1.19
[04:31:18][jominiapplication.cpp:539]: Processing Tick: 1837.1.19.6
[04:31:18][jominiapplication.cpp:539]: Processing Tick: 1837.1.19.12
[04:31:18][jominiapplication.cpp:539]: Processing Tick: 1837.1.19.18
[04:31:19][jominiapplication.cpp:539]: Processing Tick: 1837.1.20
[04:31:19][jominiapplication.cpp:539]: Processing Tick: 1837.1.20.6
[04:31:19][jominiapplication.cpp:539]: Processing Tick: 1837.1.20.12
[04:31:19][jominiapplication.cpp:539]: Processing Tick: 1837.1.20.18
[04:31:19][jominiapplication.cpp:539]: Processing Tick: 1837.1.21
[04:31:19][jominiapplication.cpp:539]: Processing Tick: 1837.1.21.6
[04:31:19][jominiapplication.cpp:539]: Processing Tick: 1837.1.21.12
[04:31:19][jominiapplication.cpp:539]: Processing Tick: 1837.1.21.18
[04:31:19][jominiapplication.cpp:539]: Processing Tick: 1837.1.22
[04:31:19][jominiapplication.cpp:539]: Processing Tick: 1837.1.22.6
[04:31:19][jominiapplication.cpp:539]: Processing Tick: 1837.1.22.12
[04:31:19][jominiapplication.cpp:539]: Processing Tick: 1837.1.22.18
[04:31:19][jominiapplication.cpp:539]: Processing Tick: 1837.1.23
[04:31:19][jominiapplication.cpp:539]: Processing Tick: 1837.1.23.6
[04:31:19][jominiapplication.cpp:539]: Processing Tick: 1837.1.23.12
[04:31:19][jominiapplication.cpp:539]: Processing Tick: 1837.1.23.18
[04:31:19][jominiapplication.cpp:539]: Processing Tick: 1837.1.24
[04:31:19][jominiapplication.cpp:539]: Processing Tick: 1837.1.24.6
[04:31:19][jominiapplication.cpp:539]: Processing Tick: 1837.1.24.12
[04:31:19][jominiapplication.cpp:539]: Processing Tick: 1837.1.24.18
[04:31:19][jominiapplication.cpp:539]: Processing Tick: 1837.1.25
[04:31:19][jominiapplication.cpp:539]: Processing Tick: 1837.1.25.6
[04:31:19][jominiapplication.cpp:539]: Processing Tick: 1837.1.25.12
[04:31:19][jominiapplication.cpp:539]: Processing Tick: 1837.1.25.18
[04:31:19][jominiapplication.cpp:539]: Processing Tick: 1837.1.26
[04:31:20][jominiapplication.cpp:539]: Processing Tick: 1837.1.26.6
[04:31:20][jominiapplication.cpp:539]: Processing Tick: 1837.1.26.12
[04:31:20][jominiapplication.cpp:539]: Processing Tick: 1837.1.26.18
[04:31:20][jominiapplication.cpp:539]: Processing Tick: 1837.1.27
[04:31:20][jominiapplication.cpp:539]: Processing Tick: 1837.1.27.6
[04:31:20][jominiapplication.cpp:539]: Processing Tick: 1837.1.27.12
[04:31:20][jominiapplication.cpp:539]: Processing Tick: 1837.1.27.18
[04:31:21][jominiapplication.cpp:539]: Processing Tick: 1837.1.28
[04:31:21][jominiapplication.cpp:539]: Processing Tick: 1837.1.28.6
[04:31:21][jominiapplication.cpp:539]: Processing Tick: 1837.1.28.12
[04:31:21][jominiapplication.cpp:539]: Processing Tick: 1837.1.28.18
[04:31:21][jominiapplication.cpp:539]: Processing Tick: 1837.1.29
[04:31:21][jominiapplication.cpp:539]: Processing Tick: 1837.1.29.6
[04:31:21][jominiapplication.cpp:539]: Processing Tick: 1837.1.29.12
[04:31:21][jominiapplication.cpp:539]: Processing Tick: 1837.1.29.18
[04:31:21][jominiapplication.cpp:539]: Processing Tick: 1837.1.30
[04:31:21][jominiapplication.cpp:539]: Processing Tick: 1837.1.30.6
[04:31:21][jominiapplication.cpp:539]: Processing Tick: 1837.1.30.12
[04:31:21][jominiapplication.cpp:539]: Processing Tick: 1837.1.30.18
[04:31:21][jominiapplication.cpp:539]: Processing Tick: 1837.1.31
[04:31:21][jominiapplication.cpp:539]: Processing Tick: 1837.1.31.6
[04:31:21][jominiapplication.cpp:539]: Processing Tick: 1837.1.31.12
[04:31:21][jominiapplication.cpp:539]: Processing Tick: 1837.1.31.18
[04:31:21][jominiapplication.cpp:539]: Processing Tick: 1837.2.1
[04:31:22][jominiapplication.cpp:539]: Processing Tick: 1837.2.1.6
[04:31:22][jominiapplication.cpp:539]: Processing Tick: 1837.2.1.12
[04:31:22][jominiapplication.cpp:539]: Processing Tick: 1837.2.1.18
[04:31:22][jominiapplication.cpp:539]: Processing Tick: 1837.2.2
[04:31:23][jominiapplication.cpp:539]: Processing Tick: 1837.2.2.6
[04:31:23][jominiapplication.cpp:539]: Processing Tick: 1837.2.2.12
[04:31:23][jominiapplication.cpp:539]: Processing Tick: 1837.2.2.18
[04:31:23][jominiapplication.cpp:539]: Processing Tick: 1837.2.3
[04:31:23][jominiapplication.cpp:539]: Processing Tick: 1837.2.3.6
[04:31:23][jominiapplication.cpp:539]: Processing Tick: 1837.2.3.12
[04:31:23][jominiapplication.cpp:539]: Processing Tick: 1837.2.3.18
[04:31:23][jominiapplication.cpp:539]: Processing Tick: 1837.2.4
[04:31:23][jominiapplication.cpp:539]: Processing Tick: 1837.2.4.6
[04:31:23][jominiapplication.cpp:539]: Processing Tick: 1837.2.4.12
[04:31:23][jominiapplication.cpp:539]: Processing Tick: 1837.2.4.18
[04:31:23][jominiapplication.cpp:539]: Processing Tick: 1837.2.5
[04:31:23][jominiapplication.cpp:539]: Processing Tick: 1837.2.5.6
[04:31:23][jominiapplication.cpp:539]: Processing Tick: 1837.2.5.12
[04:31:23][jominiapplication.cpp:539]: Processing Tick: 1837.2.5.18
[04:31:23][jominiapplication.cpp:539]: Processing Tick: 1837.2.6
[04:31:23][jominiapplication.cpp:539]: Processing Tick: 1837.2.6.6
[04:31:23][jominiapplication.cpp:539]: Processing Tick: 1837.2.6.12
[04:31:23][jominiapplication.cpp:539]: Processing Tick: 1837.2.6.18
[04:31:23][jominiapplication.cpp:539]: Processing Tick: 1837.2.7
[04:31:23][jominiapplication.cpp:539]: Processing Tick: 1837.2.7.6
[04:31:23][jominiapplication.cpp:539]: Processing Tick: 1837.2.7.12
[04:31:24][jominiapplication.cpp:539]: Processing Tick: 1837.2.7.18
[04:31:24][jominiapplication.cpp:539]: Processing Tick: 1837.2.8
[04:31:24][jominiapplication.cpp:539]: Processing Tick: 1837.2.8.6
[04:31:24][jominiapplication.cpp:539]: Processing Tick: 1837.2.8.12
[04:31:24][jominiapplication.cpp:539]: Processing Tick: 1837.2.8.18
[04:31:24][jominiapplication.cpp:539]: Processing Tick: 1837.2.9
[04:31:25][jominiapplication.cpp:539]: Processing Tick: 1837.2.9.6
[04:31:25][jominiapplication.cpp:539]: Processing Tick: 1837.2.9.12
[04:31:25][jominiapplication.cpp:539]: Processing Tick: 1837.2.9.18
[04:31:25][jominiapplication.cpp:539]: Processing Tick: 1837.2.10
[04:31:25][jominiapplication.cpp:539]: Processing Tick: 1837.2.10.6
[04:31:25][jominiapplication.cpp:539]: Processing Tick: 1837.2.10.12
[04:31:25][jominiapplication.cpp:539]: Processing Tick: 1837.2.10.18
[04:31:25][jominiapplication.cpp:539]: Processing Tick: 1837.2.11
[04:31:25][jominiapplication.cpp:539]: Processing Tick: 1837.2.11.6
[04:31:25][jominiapplication.cpp:539]: Processing Tick: 1837.2.11.12
[04:31:25][jominiapplication.cpp:539]: Processing Tick: 1837.2.11.18
[04:31:25][jominiapplication.cpp:539]: Processing Tick: 1837.2.12
[04:31:25][jominiapplication.cpp:539]: Processing Tick: 1837.2.12.6
[04:31:25][jominiapplication.cpp:539]: Processing Tick: 1837.2.12.12
[04:31:25][jominiapplication.cpp:539]: Processing Tick: 1837.2.12.18
[04:31:25][jominiapplication.cpp:539]: Processing Tick: 1837.2.13
[04:31:25][jominiapplication.cpp:539]: Processing Tick: 1837.2.13.6
[04:31:25][jominiapplication.cpp:539]: Processing Tick: 1837.2.13.12
[04:31:25][jominiapplication.cpp:539]: Processing Tick: 1837.2.13.18
[04:31:26][jominiapplication.cpp:539]: Processing Tick: 1837.2.14
[04:31:26][jominiapplication.cpp:539]: Processing Tick: 1837.2.14.6
[04:31:26][jominiapplication.cpp:539]: Processing Tick: 1837.2.14.12
[04:31:26][jominiapplication.cpp:539]: Processing Tick: 1837.2.14.18
[04:31:26][jominiapplication.cpp:539]: Processing Tick: 1837.2.15
[04:31:26][jominiapplication.cpp:539]: Processing Tick: 1837.2.15.6
[04:31:26][jominiapplication.cpp:539]: Processing Tick: 1837.2.15.12
[04:31:26][jominiapplication.cpp:539]: Processing Tick: 1837.2.15.18
[04:31:26][jominiapplication.cpp:539]: Processing Tick: 1837.2.16
[04:31:27][jominiapplication.cpp:539]: Processing Tick: 1837.2.16.6
[04:31:27][jominiapplication.cpp:539]: Processing Tick: 1837.2.16.12
[04:31:27][jominiapplication.cpp:539]: Processing Tick: 1837.2.16.18
[04:31:27][jominiapplication.cpp:539]: Processing Tick: 1837.2.17
[04:31:27][jominiapplication.cpp:539]: Processing Tick: 1837.2.17.6
[04:31:27][jominiapplication.cpp:539]: Processing Tick: 1837.2.17.12
[04:31:27][jominiapplication.cpp:539]: Processing Tick: 1837.2.17.18
[04:31:27][jominiapplication.cpp:539]: Processing Tick: 1837.2.18
[04:31:27][jominiapplication.cpp:539]: Processing Tick: 1837.2.18.6
[04:31:27][jominiapplication.cpp:539]: Processing Tick: 1837.2.18.12
[04:31:27][jominiapplication.cpp:539]: Processing Tick: 1837.2.18.18
[04:31:27][jominiapplication.cpp:539]: Processing Tick: 1837.2.19
[04:31:27][jominiapplication.cpp:539]: Processing Tick: 1837.2.19.6
[04:31:27][jominiapplication.cpp:539]: Processing Tick: 1837.2.19.12
[04:31:27][jominiapplication.cpp:539]: Processing Tick: 1837.2.19.18
[04:31:27][jominiapplication.cpp:539]: Processing Tick: 1837.2.20
[04:31:27][jominiapplication.cpp:539]: Processing Tick: 1837.2.20.6
[04:31:27][jominiapplication.cpp:539]: Processing Tick: 1837.2.20.12
[04:31:28][jominiapplication.cpp:539]: Processing Tick: 1837.2.20.18
[04:31:28][jominiapplication.cpp:539]: Processing Tick: 1837.2.21
[04:31:28][jominiapplication.cpp:539]: Processing Tick: 1837.2.21.6
[04:31:28][jominiapplication.cpp:539]: Processing Tick: 1837.2.21.12
[04:31:28][jominiapplication.cpp:539]: Processing Tick: 1837.2.21.18
[04:31:28][jominiapplication.cpp:539]: Processing Tick: 1837.2.22
[04:31:28][jominiapplication.cpp:539]: Processing Tick: 1837.2.22.6
[04:31:28][jominiapplication.cpp:539]: Processing Tick: 1837.2.22.12
[04:31:28][jominiapplication.cpp:539]: Processing Tick: 1837.2.22.18
[04:31:28][jominiapplication.cpp:539]: Processing Tick: 1837.2.23
[04:31:29][jominiapplication.cpp:539]: Processing Tick: 1837.2.23.6
[04:31:29][jominiapplication.cpp:539]: Processing Tick: 1837.2.23.12
[04:31:29][jominiapplication.cpp:539]: Processing Tick: 1837.2.23.18
[04:31:29][jominiapplication.cpp:539]: Processing Tick: 1837.2.24
[04:31:29][jominiapplication.cpp:539]: Processing Tick: 1837.2.24.6
[04:31:29][jominiapplication.cpp:539]: Processing Tick: 1837.2.24.12
[04:31:29][jominiapplication.cpp:539]: Processing Tick: 1837.2.24.18
[04:31:29][jominiapplication.cpp:539]: Processing Tick: 1837.2.25
[04:31:29][jominiapplication.cpp:539]: Processing Tick: 1837.2.25.6
[04:31:29][jominiapplication.cpp:539]: Processing Tick: 1837.2.25.12
[04:31:29][jominiapplication.cpp:539]: Processing Tick: 1837.2.25.18
[04:31:29][jominiapplication.cpp:539]: Processing Tick: 1837.2.26
[04:31:29][jominiapplication.cpp:539]: Processing Tick: 1837.2.26.6
[04:31:29][jominiapplication.cpp:539]: Processing Tick: 1837.2.26.12
[04:31:29][jominiapplication.cpp:539]: Processing Tick: 1837.2.26.18
[04:31:29][jominiapplication.cpp:539]: Processing Tick: 1837.2.27
[04:31:29][jominiapplication.cpp:539]: Processing Tick: 1837.2.27.6
[04:31:29][jominiapplication.cpp:539]: Processing Tick: 1837.2.27.12
[04:31:29][jominiapplication.cpp:539]: Processing Tick: 1837.2.27.18
[04:31:29][jominiapplication.cpp:539]: Processing Tick: 1837.2.28
[04:31:30][jominiapplication.cpp:539]: Processing Tick: 1837.2.28.6
[04:31:30][jominiapplication.cpp:539]: Processing Tick: 1837.2.28.12
[04:31:30][jominiapplication.cpp:539]: Processing Tick: 1837.2.28.18
[04:31:30][jominiapplication.cpp:539]: Processing Tick: 1837.3.1
[04:31:30][jominiapplication.cpp:539]: Processing Tick: 1837.3.1.6
[04:31:30][jominiapplication.cpp:539]: Processing Tick: 1837.3.1.12
[04:31:30][jominiapplication.cpp:539]: Processing Tick: 1837.3.1.18
[04:31:30][jominiapplication.cpp:539]: Processing Tick: 1837.3.2
[04:31:31][jominiapplication.cpp:539]: Processing Tick: 1837.3.2.6
[04:31:31][jominiapplication.cpp:539]: Processing Tick: 1837.3.2.12
[04:31:31][jominiapplication.cpp:539]: Processing Tick: 1837.3.2.18
[04:31:31][jominiapplication.cpp:539]: Processing Tick: 1837.3.3
[04:31:31][jominiapplication.cpp:539]: Processing Tick: 1837.3.3.6
[04:31:31][jominiapplication.cpp:539]: Processing Tick: 1837.3.3.12
[04:31:31][jominiapplication.cpp:539]: Processing Tick: 1837.3.3.18
[04:31:31][jominiapplication.cpp:539]: Processing Tick: 1837.3.4
[04:31:31][jominiapplication.cpp:539]: Processing Tick: 1837.3.4.6
[04:31:31][jominiapplication.cpp:539]: Processing Tick: 1837.3.4.12
[04:31:32][jominiapplication.cpp:539]: Processing Tick: 1837.3.4.18
[04:31:32][jominiapplication.cpp:539]: Processing Tick: 1837.3.5
[04:31:32][jominiapplication.cpp:539]: Processing Tick: 1837.3.5.6
[04:31:32][jominiapplication.cpp:539]: Processing Tick: 1837.3.5.12
[04:31:32][jominiapplication.cpp:539]: Processing Tick: 1837.3.5.18
[04:31:32][jominiapplication.cpp:539]: Processing Tick: 1837.3.6
[04:31:32][jominiapplication.cpp:539]: Processing Tick: 1837.3.6.6
[04:31:32][jominiapplication.cpp:539]: Processing Tick: 1837.3.6.12
[04:31:32][jominiapplication.cpp:539]: Processing Tick: 1837.3.6.18
[04:31:32][jominiapplication.cpp:539]: Processing Tick: 1837.3.7
[04:31:32][jominiapplication.cpp:539]: Processing Tick: 1837.3.7.6
[04:31:32][jominiapplication.cpp:539]: Processing Tick: 1837.3.7.12
[04:31:32][jominiapplication.cpp:539]: Processing Tick: 1837.3.7.18
[04:31:32][jominiapplication.cpp:539]: Processing Tick: 1837.3.8
[04:31:32][jominiapplication.cpp:539]: Processing Tick: 1837.3.8.6
[04:31:32][jominiapplication.cpp:539]: Processing Tick: 1837.3.8.12
[04:31:32][jominiapplication.cpp:539]: Processing Tick: 1837.3.8.18
[04:31:32][jominiapplication.cpp:539]: Processing Tick: 1837.3.9
[04:31:33][jominiapplication.cpp:539]: Processing Tick: 1837.3.9.6
[04:31:33][jominiapplication.cpp:539]: Processing Tick: 1837.3.9.12
[04:31:33][jominiapplication.cpp:539]: Processing Tick: 1837.3.9.18
[04:31:33][jominiapplication.cpp:539]: Processing Tick: 1837.3.10
[04:31:33][jominiapplication.cpp:539]: Processing Tick: 1837.3.10.6
[04:31:33][jominiapplication.cpp:539]: Processing Tick: 1837.3.10.12
[04:31:33][jominiapplication.cpp:539]: Processing Tick: 1837.3.10.18
[04:31:33][jominiapplication.cpp:539]: Processing Tick: 1837.3.11
[04:31:34][jominiapplication.cpp:539]: Processing Tick: 1837.3.11.6
[04:31:34][jominiapplication.cpp:539]: Processing Tick: 1837.3.11.12
[04:31:34][jominiapplication.cpp:539]: Processing Tick: 1837.3.11.18
[04:31:34][jominiapplication.cpp:539]: Processing Tick: 1837.3.12
[04:31:34][jominiapplication.cpp:539]: Processing Tick: 1837.3.12.6
[04:31:34][jominiapplication.cpp:539]: Processing Tick: 1837.3.12.12
[04:31:34][jominiapplication.cpp:539]: Processing Tick: 1837.3.12.18
[04:31:34][jominiapplication.cpp:539]: Processing Tick: 1837.3.13
[04:31:34][jominiapplication.cpp:539]: Processing Tick: 1837.3.13.6
[04:31:34][jominiapplication.cpp:539]: Processing Tick: 1837.3.13.12
[04:31:34][jominiapplication.cpp:539]: Processing Tick: 1837.3.13.18
[04:31:34][jominiapplication.cpp:539]: Processing Tick: 1837.3.14
[04:31:34][jominiapplication.cpp:539]: Processing Tick: 1837.3.14.6
[04:31:34][jominiapplication.cpp:539]: Processing Tick: 1837.3.14.12
[04:31:34][jominiapplication.cpp:539]: Processing Tick: 1837.3.14.18
[04:31:34][jominiapplication.cpp:539]: Processing Tick: 1837.3.15
[04:31:34][jominiapplication.cpp:539]: Processing Tick: 1837.3.15.6
[04:31:34][jominiapplication.cpp:539]: Processing Tick: 1837.3.15.12
[04:31:34][jominiapplication.cpp:539]: Processing Tick: 1837.3.15.18
[04:31:34][jominiapplication.cpp:539]: Processing Tick: 1837.3.16
[04:31:35][jominiapplication.cpp:539]: Processing Tick: 1837.3.16.6
[04:31:35][jominiapplication.cpp:539]: Processing Tick: 1837.3.16.12
[04:31:35][jominiapplication.cpp:539]: Processing Tick: 1837.3.16.18
[04:31:35][jominiapplication.cpp:539]: Processing Tick: 1837.3.17
[04:31:35][jominiapplication.cpp:539]: Processing Tick: 1837.3.17.6
[04:31:35][jominiapplication.cpp:539]: Processing Tick: 1837.3.17.12
[04:31:35][jominiapplication.cpp:539]: Processing Tick: 1837.3.17.18
[04:31:35][jominiapplication.cpp:539]: Processing Tick: 1837.3.18
[04:31:36][jominiapplication.cpp:539]: Processing Tick: 1837.3.18.6
[04:31:36][jominiapplication.cpp:539]: Processing Tick: 1837.3.18.12
[04:31:36][jominiapplication.cpp:539]: Processing Tick: 1837.3.18.18
[04:31:36][jominiapplication.cpp:539]: Processing Tick: 1837.3.19
[04:31:36][jominiapplication.cpp:539]: Processing Tick: 1837.3.19.6
[04:31:36][jominiapplication.cpp:539]: Processing Tick: 1837.3.19.12
[04:31:36][jominiapplication.cpp:539]: Processing Tick: 1837.3.19.18
[04:31:36][jominiapplication.cpp:539]: Processing Tick: 1837.3.20
[04:31:36][jominiapplication.cpp:539]: Processing Tick: 1837.3.20.6
[04:31:36][jominiapplication.cpp:539]: Processing Tick: 1837.3.20.12
[04:31:36][jominiapplication.cpp:539]: Processing Tick: 1837.3.20.18
[04:31:36][jominiapplication.cpp:539]: Processing Tick: 1837.3.21
[04:31:36][jominiapplication.cpp:539]: Processing Tick: 1837.3.21.6
[04:31:36][jominiapplication.cpp:539]: Processing Tick: 1837.3.21.12
[04:31:36][jominiapplication.cpp:539]: Processing Tick: 1837.3.21.18
[04:31:36][jominiapplication.cpp:539]: Processing Tick: 1837.3.22
[04:31:36][jominiapplication.cpp:539]: Processing Tick: 1837.3.22.6
[04:31:36][jominiapplication.cpp:539]: Processing Tick: 1837.3.22.12
[04:31:36][jominiapplication.cpp:539]: Processing Tick: 1837.3.22.18
[04:31:36][jominiapplication.cpp:539]: Processing Tick: 1837.3.23
[04:31:37][jominiapplication.cpp:539]: Processing Tick: 1837.3.23.6
[04:31:37][jominiapplication.cpp:539]: Processing Tick: 1837.3.23.12
[04:31:37][jominiapplication.cpp:539]: Processing Tick: 1837.3.23.18
[04:31:37][jominiapplication.cpp:539]: Processing Tick: 1837.3.24
[04:31:37][jominiapplication.cpp:539]: Processing Tick: 1837.3.24.6
[04:31:37][jominiapplication.cpp:539]: Processing Tick: 1837.3.24.12
[04:31:37][jominiapplication.cpp:539]: Processing Tick: 1837.3.24.18
[04:31:37][jominiapplication.cpp:539]: Processing Tick: 1837.3.25
[04:31:37][jominiapplication.cpp:539]: Processing Tick: 1837.3.25.6
[04:31:37][jominiapplication.cpp:539]: Processing Tick: 1837.3.25.12
[04:31:37][jominiapplication.cpp:539]: Processing Tick: 1837.3.25.18
[04:31:38][jominiapplication.cpp:539]: Processing Tick: 1837.3.26
[04:31:38][jominiapplication.cpp:539]: Processing Tick: 1837.3.26.6
[04:31:38][jominiapplication.cpp:539]: Processing Tick: 1837.3.26.12
[04:31:38][jominiapplication.cpp:539]: Processing Tick: 1837.3.26.18
[04:31:38][jominiapplication.cpp:539]: Processing Tick: 1837.3.27
[04:31:38][jominiapplication.cpp:539]: Processing Tick: 1837.3.27.6
[04:31:38][jominiapplication.cpp:539]: Processing Tick: 1837.3.27.12
[04:31:38][jominiapplication.cpp:539]: Processing Tick: 1837.3.27.18
[04:31:38][jominiapplication.cpp:539]: Processing Tick: 1837.3.28
[04:31:38][jominiapplication.cpp:539]: Processing Tick: 1837.3.28.6
[04:31:38][jominiapplication.cpp:539]: Processing Tick: 1837.3.28.12
[04:31:38][jominiapplication.cpp:539]: Processing Tick: 1837.3.28.18
[04:31:38][jominiapplication.cpp:539]: Processing Tick: 1837.3.29
[04:31:38][jominiapplication.cpp:539]: Processing Tick: 1837.3.29.6
[04:31:38][jominiapplication.cpp:539]: Processing Tick: 1837.3.29.12
[04:31:38][jominiapplication.cpp:539]: Processing Tick: 1837.3.29.18
[04:31:38][jominiapplication.cpp:539]: Processing Tick: 1837.3.30
[04:31:39][jominiapplication.cpp:539]: Processing Tick: 1837.3.30.6
[04:31:39][jominiapplication.cpp:539]: Processing Tick: 1837.3.30.12
[04:31:39][jominiapplication.cpp:539]: Processing Tick: 1837.3.30.18
[04:31:39][jominiapplication.cpp:539]: Processing Tick: 1837.3.31
[04:31:39][jominiapplication.cpp:539]: Processing Tick: 1837.3.31.6
[04:31:39][jominiapplication.cpp:539]: Processing Tick: 1837.3.31.12
[04:31:39][jominiapplication.cpp:539]: Processing Tick: 1837.3.31.18
[04:31:39][jominiapplication.cpp:539]: Processing Tick: 1837.4.1
[04:31:40][jominiapplication.cpp:539]: Processing Tick: 1837.4.1.6
[04:31:40][jominiapplication.cpp:539]: Processing Tick: 1837.4.1.12
[04:31:40][jominiapplication.cpp:539]: Processing Tick: 1837.4.1.18
[04:31:40][jominiapplication.cpp:539]: Processing Tick: 1837.4.2
[04:31:40][jominiapplication.cpp:539]: Processing Tick: 1837.4.2.6
[04:31:40][jominiapplication.cpp:539]: Processing Tick: 1837.4.2.12
[04:31:40][jominiapplication.cpp:539]: Processing Tick: 1837.4.2.18
[04:31:40][jominiapplication.cpp:539]: Processing Tick: 1837.4.3
[04:31:40][jominiapplication.cpp:539]: Processing Tick: 1837.4.3.6
[04:31:40][jominiapplication.cpp:539]: Processing Tick: 1837.4.3.12
[04:31:40][jominiapplication.cpp:539]: Processing Tick: 1837.4.3.18
[04:31:40][jominiapplication.cpp:539]: Processing Tick: 1837.4.4
[04:31:40][jominiapplication.cpp:539]: Processing Tick: 1837.4.4.6
[04:31:40][jominiapplication.cpp:539]: Processing Tick: 1837.4.4.12
[04:31:40][jominiapplication.cpp:539]: Processing Tick: 1837.4.4.18
[04:31:40][jominiapplication.cpp:539]: Processing Tick: 1837.4.5
[04:31:40][jominiapplication.cpp:539]: Processing Tick: 1837.4.5.6
[04:31:40][jominiapplication.cpp:539]: Processing Tick: 1837.4.5.12
[04:31:40][jominiapplication.cpp:539]: Processing Tick: 1837.4.5.18
[04:31:40][jominiapplication.cpp:539]: Processing Tick: 1837.4.6
[04:31:41][jominiapplication.cpp:539]: Processing Tick: 1837.4.6.6
[04:31:41][jominiapplication.cpp:539]: Processing Tick: 1837.4.6.12
[04:31:41][jominiapplication.cpp:539]: Processing Tick: 1837.4.6.18
[04:31:41][jominiapplication.cpp:539]: Processing Tick: 1837.4.7
[04:31:41][jominiapplication.cpp:539]: Processing Tick: 1837.4.7.6
[04:31:41][jominiapplication.cpp:539]: Processing Tick: 1837.4.7.12
[04:31:41][jominiapplication.cpp:539]: Processing Tick: 1837.4.7.18
[04:31:42][jominiapplication.cpp:539]: Processing Tick: 1837.4.8
[04:31:42][jominiapplication.cpp:539]: Processing Tick: 1837.4.8.6
[04:31:42][jominiapplication.cpp:539]: Processing Tick: 1837.4.8.12
[04:31:42][jominiapplication.cpp:539]: Processing Tick: 1837.4.8.18
[04:31:42][jominiapplication.cpp:539]: Processing Tick: 1837.4.9
[04:31:42][jominiapplication.cpp:539]: Processing Tick: 1837.4.9.6
[04:31:42][jominiapplication.cpp:539]: Processing Tick: 1837.4.9.12
[04:31:42][jominiapplication.cpp:539]: Processing Tick: 1837.4.9.18
[04:31:42][jominiapplication.cpp:539]: Processing Tick: 1837.4.10
[04:31:42][jominiapplication.cpp:539]: Processing Tick: 1837.4.10.6
[04:31:42][jominiapplication.cpp:539]: Processing Tick: 1837.4.10.12
[04:31:42][jominiapplication.cpp:539]: Processing Tick: 1837.4.10.18
[04:31:42][jominiapplication.cpp:539]: Processing Tick: 1837.4.11
[04:31:42][jominiapplication.cpp:539]: Processing Tick: 1837.4.11.6
[04:31:42][jominiapplication.cpp:539]: Processing Tick: 1837.4.11.12
[04:31:42][jominiapplication.cpp:539]: Processing Tick: 1837.4.11.18
[04:31:42][jominiapplication.cpp:539]: Processing Tick: 1837.4.12
[04:31:42][jominiapplication.cpp:539]: Processing Tick: 1837.4.12.6
[04:31:42][jominiapplication.cpp:539]: Processing Tick: 1837.4.12.12
[04:31:42][jominiapplication.cpp:539]: Processing Tick: 1837.4.12.18
[04:31:42][jominiapplication.cpp:539]: Processing Tick: 1837.4.13
[04:31:43][jominiapplication.cpp:539]: Processing Tick: 1837.4.13.6
[04:31:43][jominiapplication.cpp:539]: Processing Tick: 1837.4.13.12
[04:31:43][jominiapplication.cpp:539]: Processing Tick: 1837.4.13.18
[04:31:43][jominiapplication.cpp:539]: Processing Tick: 1837.4.14
[04:31:43][jominiapplication.cpp:539]: Processing Tick: 1837.4.14.6
[04:31:43][jominiapplication.cpp:539]: Processing Tick: 1837.4.14.12
[04:31:43][jominiapplication.cpp:539]: Processing Tick: 1837.4.14.18
[04:31:44][jominiapplication.cpp:539]: Processing Tick: 1837.4.15
[04:31:44][jominiapplication.cpp:539]: Processing Tick: 1837.4.15.6
[04:31:44][jominiapplication.cpp:539]: Processing Tick: 1837.4.15.12
[04:31:44][jominiapplication.cpp:539]: Processing Tick: 1837.4.15.18
[04:31:44][jominiapplication.cpp:539]: Processing Tick: 1837.4.16
[04:31:44][jominiapplication.cpp:539]: Processing Tick: 1837.4.16.6
[04:31:44][jominiapplication.cpp:539]: Processing Tick: 1837.4.16.12
[04:31:44][jominiapplication.cpp:539]: Processing Tick: 1837.4.16.18
[04:31:44][jominiapplication.cpp:539]: Processing Tick: 1837.4.17
[04:31:44][jominiapplication.cpp:539]: Processing Tick: 1837.4.17.6
[04:31:44][jominiapplication.cpp:539]: Processing Tick: 1837.4.17.12
[04:31:44][jominiapplication.cpp:539]: Processing Tick: 1837.4.17.18
[04:31:44][jominiapplication.cpp:539]: Processing Tick: 1837.4.18
[04:31:44][jominiapplication.cpp:539]: Processing Tick: 1837.4.18.6
[04:31:44][jominiapplication.cpp:539]: Processing Tick: 1837.4.18.12
[04:31:44][jominiapplication.cpp:539]: Processing Tick: 1837.4.18.18
[04:31:44][jominiapplication.cpp:539]: Processing Tick: 1837.4.19
[04:31:44][jominiapplication.cpp:539]: Processing Tick: 1837.4.19.6
[04:31:44][jominiapplication.cpp:539]: Processing Tick: 1837.4.19.12
[04:31:44][jominiapplication.cpp:539]: Processing Tick: 1837.4.19.18
[04:31:44][jominiapplication.cpp:539]: Processing Tick: 1837.4.20
[04:31:45][jominiapplication.cpp:539]: Processing Tick: 1837.4.20.6
[04:31:45][jominiapplication.cpp:539]: Processing Tick: 1837.4.20.12
[04:31:45][jominiapplication.cpp:539]: Processing Tick: 1837.4.20.18
[04:31:45][jominiapplication.cpp:539]: Processing Tick: 1837.4.21
[04:31:45][jominiapplication.cpp:539]: Processing Tick: 1837.4.21.6
[04:31:46][jominiapplication.cpp:539]: Processing Tick: 1837.4.21.12
[04:31:46][jominiapplication.cpp:539]: Processing Tick: 1837.4.21.18
[04:31:46][jominiapplication.cpp:539]: Processing Tick: 1837.4.22
[04:31:46][jominiapplication.cpp:539]: Processing Tick: 1837.4.22.6
[04:31:46][jominiapplication.cpp:539]: Processing Tick: 1837.4.22.12
[04:31:46][jominiapplication.cpp:539]: Processing Tick: 1837.4.22.18
[04:31:46][jominiapplication.cpp:539]: Processing Tick: 1837.4.23
[04:31:46][jominiapplication.cpp:539]: Processing Tick: 1837.4.23.6
[04:31:46][jominiapplication.cpp:539]: Processing Tick: 1837.4.23.12
[04:31:46][jominiapplication.cpp:539]: Processing Tick: 1837.4.23.18
[04:31:46][jominiapplication.cpp:539]: Processing Tick: 1837.4.24
[04:31:46][jominiapplication.cpp:539]: Processing Tick: 1837.4.24.6
[04:31:46][jominiapplication.cpp:539]: Processing Tick: 1837.4.24.12
[04:31:46][jominiapplication.cpp:539]: Processing Tick: 1837.4.24.18
[04:31:46][jominiapplication.cpp:539]: Processing Tick: 1837.4.25
[04:31:46][jominiapplication.cpp:539]: Processing Tick: 1837.4.25.6
[04:31:46][jominiapplication.cpp:539]: Processing Tick: 1837.4.25.12
[04:31:46][jominiapplication.cpp:539]: Processing Tick: 1837.4.25.18
[04:31:46][jominiapplication.cpp:539]: Processing Tick: 1837.4.26
[04:31:46][jominiapplication.cpp:539]: Processing Tick: 1837.4.26.6
[04:31:46][jominiapplication.cpp:539]: Processing Tick: 1837.4.26.12
[04:31:46][jominiapplication.cpp:539]: Processing Tick: 1837.4.26.18
[04:31:46][jominiapplication.cpp:539]: Processing Tick: 1837.4.27
[04:31:47][jominiapplication.cpp:539]: Processing Tick: 1837.4.27.6
[04:31:47][jominiapplication.cpp:539]: Processing Tick: 1837.4.27.12
[04:31:47][jominiapplication.cpp:539]: Processing Tick: 1837.4.27.18
[04:31:47][jominiapplication.cpp:539]: Processing Tick: 1837.4.28
[04:31:47][jominiapplication.cpp:539]: Processing Tick: 1837.4.28.6
[04:31:48][jominiapplication.cpp:539]: Processing Tick: 1837.4.28.12
[04:31:48][jominiapplication.cpp:539]: Processing Tick: 1837.4.28.18
[04:31:48][jominiapplication.cpp:539]: Processing Tick: 1837.4.29
[04:31:48][jominiapplication.cpp:539]: Processing Tick: 1837.4.29.6
[04:31:48][jominiapplication.cpp:539]: Processing Tick: 1837.4.29.12
[04:31:48][jominiapplication.cpp:539]: Processing Tick: 1837.4.29.18
[04:31:48][jominiapplication.cpp:539]: Processing Tick: 1837.4.30
[04:31:48][jominiapplication.cpp:539]: Processing Tick: 1837.4.30.6
[04:31:48][jominiapplication.cpp:539]: Processing Tick: 1837.4.30.12
[04:31:48][jominiapplication.cpp:539]: Processing Tick: 1837.4.30.18
[04:31:48][jominiapplication.cpp:539]: Processing Tick: 1837.5.1
[04:31:48][jominiapplication.cpp:539]: Processing Tick: 1837.5.1.6
[04:31:48][jominiapplication.cpp:539]: Processing Tick: 1837.5.1.12
[04:31:48][jominiapplication.cpp:539]: Processing Tick: 1837.5.1.18
[04:31:48][jominiapplication.cpp:539]: Processing Tick: 1837.5.2
[04:31:48][jominiapplication.cpp:539]: Processing Tick: 1837.5.2.6
[04:31:48][jominiapplication.cpp:539]: Processing Tick: 1837.5.2.12
[04:31:48][jominiapplication.cpp:539]: Processing Tick: 1837.5.2.18
[04:31:48][jominiapplication.cpp:539]: Processing Tick: 1837.5.3
[04:31:48][jominiapplication.cpp:539]: Processing Tick: 1837.5.3.6
[04:31:49][jominiapplication.cpp:539]: Processing Tick: 1837.5.3.12
[04:31:49][jominiapplication.cpp:539]: Processing Tick: 1837.5.3.18
[04:31:49][jominiapplication.cpp:539]: Processing Tick: 1837.5.4
[04:31:50][jominiapplication.cpp:539]: Processing Tick: 1837.5.4.6
[04:31:50][jominiapplication.cpp:539]: Processing Tick: 1837.5.4.12
[04:31:50][jominiapplication.cpp:539]: Processing Tick: 1837.5.4.18
[04:31:50][jominiapplication.cpp:539]: Processing Tick: 1837.5.5
[04:31:50][jominiapplication.cpp:539]: Processing Tick: 1837.5.5.6
[04:31:50][jominiapplication.cpp:539]: Processing Tick: 1837.5.5.12
[04:31:50][jominiapplication.cpp:539]: Processing Tick: 1837.5.5.18
[04:31:50][jominiapplication.cpp:539]: Processing Tick: 1837.5.6
[04:31:50][jominiapplication.cpp:539]: Processing Tick: 1837.5.6.6
[04:31:50][jominiapplication.cpp:539]: Processing Tick: 1837.5.6.12
[04:31:50][jominiapplication.cpp:539]: Processing Tick: 1837.5.6.18
[04:31:50][jominiapplication.cpp:539]: Processing Tick: 1837.5.7
[04:31:50][jominiapplication.cpp:539]: Processing Tick: 1837.5.7.6
[04:31:50][jominiapplication.cpp:539]: Processing Tick: 1837.5.7.12
[04:31:50][jominiapplication.cpp:539]: Processing Tick: 1837.5.7.18
[04:31:50][jominiapplication.cpp:539]: Processing Tick: 1837.5.8
[04:31:50][jominiapplication.cpp:539]: Processing Tick: 1837.5.8.6
[04:31:50][jominiapplication.cpp:539]: Processing Tick: 1837.5.8.12
[04:31:50][jominiapplication.cpp:539]: Processing Tick: 1837.5.8.18
[04:31:50][jominiapplication.cpp:539]: Processing Tick: 1837.5.9
[04:31:50][jominiapplication.cpp:539]: Processing Tick: 1837.5.9.6
[04:31:50][jominiapplication.cpp:539]: Processing Tick: 1837.5.9.12
[04:31:50][jominiapplication.cpp:539]: Processing Tick: 1837.5.9.18
[04:31:51][jominiapplication.cpp:539]: Processing Tick: 1837.5.10
[04:31:51][jominiapplication.cpp:539]: Processing Tick: 1837.5.10.6
[04:31:51][jominiapplication.cpp:539]: Processing Tick: 1837.5.10.12
[04:31:51][jominiapplication.cpp:539]: Processing Tick: 1837.5.10.18
[04:31:51][jominiapplication.cpp:539]: Processing Tick: 1837.5.11
[04:31:52][jominiapplication.cpp:539]: Processing Tick: 1837.5.11.6
[04:31:52][jominiapplication.cpp:539]: Processing Tick: 1837.5.11.12
[04:31:52][jominiapplication.cpp:539]: Processing Tick: 1837.5.11.18
[04:31:52][jominiapplication.cpp:539]: Processing Tick: 1837.5.12
[04:31:52][jominiapplication.cpp:539]: Processing Tick: 1837.5.12.6
[04:31:52][jominiapplication.cpp:539]: Processing Tick: 1837.5.12.12
[04:31:52][jominiapplication.cpp:539]: Processing Tick: 1837.5.12.18
[04:31:52][jominiapplication.cpp:539]: Processing Tick: 1837.5.13
[04:31:52][jominiapplication.cpp:539]: Processing Tick: 1837.5.13.6
[04:31:52][jominiapplication.cpp:539]: Processing Tick: 1837.5.13.12
[04:31:52][jominiapplication.cpp:539]: Processing Tick: 1837.5.13.18
[04:31:52][jominiapplication.cpp:539]: Processing Tick: 1837.5.14
[04:31:52][jominiapplication.cpp:539]: Processing Tick: 1837.5.14.6
[04:31:52][jominiapplication.cpp:539]: Processing Tick: 1837.5.14.12
[04:31:52][jominiapplication.cpp:539]: Processing Tick: 1837.5.14.18
[04:31:52][jominiapplication.cpp:539]: Processing Tick: 1837.5.15
[04:31:52][jominiapplication.cpp:539]: Processing Tick: 1837.5.15.6
[04:31:52][jominiapplication.cpp:539]: Processing Tick: 1837.5.15.12
[04:31:52][jominiapplication.cpp:539]: Processing Tick: 1837.5.15.18
[04:31:53][jominiapplication.cpp:539]: Processing Tick: 1837.5.16
[04:31:53][jominiapplication.cpp:539]: Processing Tick: 1837.5.16.6
[04:31:53][jominiapplication.cpp:539]: Processing Tick: 1837.5.16.12
[04:31:53][jominiapplication.cpp:539]: Processing Tick: 1837.5.16.18
[04:31:53][jominiapplication.cpp:539]: Processing Tick: 1837.5.17
[04:31:53][jominiapplication.cpp:539]: Processing Tick: 1837.5.17.6
[04:31:53][jominiapplication.cpp:539]: Processing Tick: 1837.5.17.12
[04:31:53][jominiapplication.cpp:539]: Processing Tick: 1837.5.17.18
[04:31:53][jominiapplication.cpp:539]: Processing Tick: 1837.5.18
[04:31:54][jominiapplication.cpp:539]: Processing Tick: 1837.5.18.6
[04:31:54][jominiapplication.cpp:539]: Processing Tick: 1837.5.18.12
[04:31:54][jominiapplication.cpp:539]: Processing Tick: 1837.5.18.18
[04:31:54][jominiapplication.cpp:539]: Processing Tick: 1837.5.19
[04:31:54][jominiapplication.cpp:539]: Processing Tick: 1837.5.19.6
[04:31:54][jominiapplication.cpp:539]: Processing Tick: 1837.5.19.12
[04:31:54][jominiapplication.cpp:539]: Processing Tick: 1837.5.19.18
[04:31:54][jominiapplication.cpp:539]: Processing Tick: 1837.5.20
[04:31:54][jominiapplication.cpp:539]: Processing Tick: 1837.5.20.6
[04:31:54][jominiapplication.cpp:539]: Processing Tick: 1837.5.20.12
[04:31:54][jominiapplication.cpp:539]: Processing Tick: 1837.5.20.18
[04:31:54][jominiapplication.cpp:539]: Processing Tick: 1837.5.21
[04:31:54][jominiapplication.cpp:539]: Processing Tick: 1837.5.21.6
[04:31:54][jominiapplication.cpp:539]: Processing Tick: 1837.5.21.12
[04:31:54][jominiapplication.cpp:539]: Processing Tick: 1837.5.21.18
[04:31:54][jominiapplication.cpp:539]: Processing Tick: 1837.5.22
[04:31:55][jominiapplication.cpp:539]: Processing Tick: 1837.5.22.6
[04:31:55][jominiapplication.cpp:539]: Processing Tick: 1837.5.22.12
[04:31:55][jominiapplication.cpp:539]: Processing Tick: 1837.5.22.18
[04:31:55][jominiapplication.cpp:539]: Processing Tick: 1837.5.23
[04:31:55][jominiapplication.cpp:539]: Processing Tick: 1837.5.23.6
[04:31:55][jominiapplication.cpp:539]: Processing Tick: 1837.5.23.12
[04:31:55][jominiapplication.cpp:539]: Processing Tick: 1837.5.23.18
[04:31:55][jominiapplication.cpp:539]: Processing Tick: 1837.5.24
[04:31:55][jominiapplication.cpp:539]: Processing Tick: 1837.5.24.6
[04:31:55][jominiapplication.cpp:539]: Processing Tick: 1837.5.24.12
[04:31:55][jominiapplication.cpp:539]: Processing Tick: 1837.5.24.18
[04:31:55][jominiapplication.cpp:539]: Processing Tick: 1837.5.25
[04:31:56][jominiapplication.cpp:539]: Processing Tick: 1837.5.25.6
[04:31:56][jominiapplication.cpp:539]: Processing Tick: 1837.5.25.12
[04:31:56][jominiapplication.cpp:539]: Processing Tick: 1837.5.25.18
[04:31:56][jominiapplication.cpp:539]: Processing Tick: 1837.5.26
[04:31:56][jominiapplication.cpp:539]: Processing Tick: 1837.5.26.6
[04:31:56][jominiapplication.cpp:539]: Processing Tick: 1837.5.26.12
[04:31:56][jominiapplication.cpp:539]: Processing Tick: 1837.5.26.18
[04:31:56][jominiapplication.cpp:539]: Processing Tick: 1837.5.27
[04:31:56][jominiapplication.cpp:539]: Processing Tick: 1837.5.27.6
[04:31:56][jominiapplication.cpp:539]: Processing Tick: 1837.5.27.12
[04:31:56][jominiapplication.cpp:539]: Processing Tick: 1837.5.27.18
[04:31:56][jominiapplication.cpp:539]: Processing Tick: 1837.5.28
[04:31:56][jominiapplication.cpp:539]: Processing Tick: 1837.5.28.6
[04:31:56][jominiapplication.cpp:539]: Processing Tick: 1837.5.28.12
[04:31:56][jominiapplication.cpp:539]: Processing Tick: 1837.5.28.18
[04:31:56][jominiapplication.cpp:539]: Processing Tick: 1837.5.29
[04:31:56][jominiapplication.cpp:539]: Processing Tick: 1837.5.29.6
[04:31:57][jominiapplication.cpp:539]: Processing Tick: 1837.5.29.12
[04:31:57][jominiapplication.cpp:539]: Processing Tick: 1837.5.29.18
[04:31:57][jominiapplication.cpp:539]: Processing Tick: 1837.5.30
[04:31:57][jominiapplication.cpp:539]: Processing Tick: 1837.5.30.6
[04:31:57][jominiapplication.cpp:539]: Processing Tick: 1837.5.30.12
[04:31:57][jominiapplication.cpp:539]: Processing Tick: 1837.5.30.18
[04:31:57][jominiapplication.cpp:539]: Processing Tick: 1837.5.31
[04:31:57][jominiapplication.cpp:539]: Processing Tick: 1837.5.31.6
[04:31:57][jominiapplication.cpp:539]: Processing Tick: 1837.5.31.12
[04:31:57][jominiapplication.cpp:539]: Processing Tick: 1837.5.31.18
[04:31:57][jominiapplication.cpp:539]: Processing Tick: 1837.6.1
[04:31:58][jominiapplication.cpp:539]: Processing Tick: 1837.6.1.6
[04:31:58][jominiapplication.cpp:539]: Processing Tick: 1837.6.1.12
[04:31:58][jominiapplication.cpp:539]: Processing Tick: 1837.6.1.18
[04:31:58][jominiapplication.cpp:539]: Processing Tick: 1837.6.2
[04:31:58][jominiapplication.cpp:539]: Processing Tick: 1837.6.2.6
[04:31:58][jominiapplication.cpp:539]: Processing Tick: 1837.6.2.12
[04:31:58][jominiapplication.cpp:539]: Processing Tick: 1837.6.2.18
[04:31:58][jominiapplication.cpp:539]: Processing Tick: 1837.6.3
[04:31:58][jominiapplication.cpp:539]: Processing Tick: 1837.6.3.6
[04:31:58][jominiapplication.cpp:539]: Processing Tick: 1837.6.3.12
[04:31:58][jominiapplication.cpp:539]: Processing Tick: 1837.6.3.18
[04:31:59][jominiapplication.cpp:539]: Processing Tick: 1837.6.4
[04:31:59][jominiapplication.cpp:539]: Processing Tick: 1837.6.4.6
[04:31:59][jominiapplication.cpp:539]: Processing Tick: 1837.6.4.12
[04:31:59][jominiapplication.cpp:539]: Processing Tick: 1837.6.4.18
[04:31:59][jominiapplication.cpp:539]: Processing Tick: 1837.6.5
[04:31:59][jominiapplication.cpp:539]: Processing Tick: 1837.6.5.6
[04:31:59][jominiapplication.cpp:539]: Processing Tick: 1837.6.5.12
[04:31:59][jominiapplication.cpp:539]: Processing Tick: 1837.6.5.18
[04:31:59][jominiapplication.cpp:539]: Processing Tick: 1837.6.6
[04:31:59][jominiapplication.cpp:539]: Processing Tick: 1837.6.6.6
[04:31:59][jominiapplication.cpp:539]: Processing Tick: 1837.6.6.12
[04:31:59][jominiapplication.cpp:539]: Processing Tick: 1837.6.6.18
[04:31:59][jominiapplication.cpp:539]: Processing Tick: 1837.6.7
[04:31:59][jominiapplication.cpp:539]: Processing Tick: 1837.6.7.6
[04:31:59][jominiapplication.cpp:539]: Processing Tick: 1837.6.7.12
[04:31:59][jominiapplication.cpp:539]: Processing Tick: 1837.6.7.18
[04:31:59][jominiapplication.cpp:539]: Processing Tick: 1837.6.8
[04:32:00][jominiapplication.cpp:539]: Processing Tick: 1837.6.8.6
[04:32:00][jominiapplication.cpp:539]: Processing Tick: 1837.6.8.12
[04:32:00][jominiapplication.cpp:539]: Processing Tick: 1837.6.8.18
[04:32:00][jominiapplication.cpp:539]: Processing Tick: 1837.6.9
[04:32:00][jominiapplication.cpp:539]: Processing Tick: 1837.6.9.6
[04:32:00][jominiapplication.cpp:539]: Processing Tick: 1837.6.9.12
[04:32:00][jominiapplication.cpp:539]: Processing Tick: 1837.6.9.18
[04:32:00][jominiapplication.cpp:539]: Processing Tick: 1837.6.10
[04:32:00][jominiapplication.cpp:539]: Processing Tick: 1837.6.10.6
[04:32:01][jominiapplication.cpp:539]: Processing Tick: 1837.6.10.12
[04:32:01][jominiapplication.cpp:539]: Processing Tick: 1837.6.10.18
[04:32:01][jominiapplication.cpp:539]: Processing Tick: 1837.6.11
