[09:24:54][pdx_gui_localize.cpp:182]: Unlocalized text '#v [State.GetName]#!' at gui/custom_tooltip.gui:8801, either localize it or use the raw_text property instead of text
[09:24:55][pdx_gui_localize.cpp:182]: Unlocalized text 'INTEREST_TIER_MARKER_STRATEGIC_REGION' at gui/map_markers.gui:1008, either localize it or use the raw_text property instead of text
[09:24:55][pdx_gui_localize.cpp:182]: Unlocalized text 'FLEET_NO_INTERCEPT_TARGETS' at gui/military_formation_panel.gui:2286, either localize it or use the raw_text property instead of text
[09:25:07][lexer.cpp:285]: File 'common/geographic_regions/01_geographic_regions_europe.txt' should be in utf8-bom encoding (will try to use it anyways)
[09:25:07][pdx_persistent_reader.cpp:268]: Error: "Unknown trigger type: character_is_emperor_of_japan, near line: 89" in file: "common/scripted_guis/journal_entry_sguis.txt" near line: 93
[09:25:07][pdx_persistent_reader.cpp:268]: Error: "Unknown trigger type: country_meiji_reform_emperor_restored, near line: 95" in file: "common/scripted_guis/journal_entry_sguis.txt" near line: 96
[09:25:07][pdx_persistent_reader.cpp:268]: Error: "Unknown trigger type: company_is_zaibatsu, near line: 189" in file: "common/scripted_guis/journal_entry_sguis.txt" near line: 190
[09:25:07][pdx_persistent_reader.cpp:268]: Error: "Unknown trigger type: company_is_zaibatsu, near line: 194" in file: "common/scripted_guis/journal_entry_sguis.txt" near line: 195
[09:25:07][pdx_persistent_reader.cpp:268]: Error: "Unknown trigger type: party_has_members, near line: 8" in file: "common/scripted_guis/party_sguis.txt" near line: 9
[09:25:07][pdx_persistent_reader.cpp:268]: Error: "Unknown trigger type: party_has_members, near line: 65" in file: "common/scripted_guis/party_sguis.txt" near line: 66
[09:25:07][pdx_persistent_reader.cpp:268]: Error: "Unknown trigger type: party_has_members, near line: 122" in file: "common/scripted_guis/party_sguis.txt" near line: 123
[09:25:07][pdx_persistent_reader.cpp:268]: Error: "Unknown trigger type: party_has_members, near line: 179" in file: "common/scripted_guis/party_sguis.txt" near line: 180
[09:25:07][pdx_persistent_reader.cpp:268]: Error: "Unknown trigger type: party_has_members, near line: 236" in file: "common/scripted_guis/party_sguis.txt" near line: 237
[09:25:07][pdx_persistent_reader.cpp:268]: Error: "Unknown trigger type: violate_sovereignty_war_check, near line: 4" in file: "common/scripted_rules/00_scripted_rules.txt" near line: 4
[09:25:07][pdx_persistent_reader.cpp:268]: Error: "Unknown trigger type: country_has_voting_franchise, near line: 9" in file: "common/scripted_rules/00_scripted_rules.txt" near line: 9
[09:25:07][pdx_persistent_reader.cpp:268]: Error: "Unknown trigger type: country_can_form_power_bloc, near line: 14" in file: "common/scripted_rules/00_scripted_rules.txt" near line: 14
[09:25:07][pdx_persistent_reader.cpp:268]: Error: "Unknown trigger type: power_bloc_is_weak, near line: 24" in file: "common/scripted_rules/00_scripted_rules.txt" near line: 24
[09:25:07][pdx_persistent_reader.cpp:268]: Error: "Unknown trigger type: has_treaty_alliance_with, near line: 116
Unknown trigger type: has_treaty_defensive_pact_with, near line: 118" in file: "common/scripted_rules/00_scripted_rules.txt" near line: 122
[09:25:07][pdx_persistent_reader.cpp:268]: Error: "Unknown trigger type: has_treaty_guarantee_independence_with, near line: 127" in file: "common/scripted_rules/00_scripted_rules.txt" near line: 128
[09:25:07][pdx_persistent_reader.cpp:268]: Error: "Unknown trigger type: has_treaty_support_independence_with, near line: 136" in file: "common/scripted_rules/00_scripted_rules.txt" near line: 137
[09:25:07][pdx_persistent_reader.cpp:268]: Error: "Unknown trigger type: can_impose_law_default, near line: 150" in file: "common/scripted_rules/00_scripted_rules.txt" near line: 150
[09:25:07][pdx_persistent_reader.cpp:268]: Error: "Unknown trigger type: character_is_taikun, near line: 7" in file: "common/customizable_localization/00_character_role_titles.txt" near line: 8
[09:25:07][pdx_persistent_reader.cpp:268]: Error: "Unknown trigger type: character_is_taikun, near line: 13
Unknown trigger type: character_is_daimyo, near line: 14" in file: "common/customizable_localization/00_character_role_titles.txt" near line: 15
[09:25:07][pdx_persistent_reader.cpp:268]: Error: "Unknown trigger type: character_is_taikun, near line: 20
Unknown trigger type: character_is_daimyo, near line: 21
Unknown trigger type: country_has_nobility, near line: 25" in file: "common/customizable_localization/00_character_role_titles.txt" near line: 26
[09:25:07][pdx_persistent_reader.cpp:268]: Error: "Unknown trigger type: character_is_taikun, near line: 32
Unknown trigger type: character_is_daimyo, near line: 33
Unknown trigger type: country_has_nobility, near line: 37" in file: "common/customizable_localization/00_character_role_titles.txt" near line: 38
[09:25:07][pdx_persistent_reader.cpp:268]: Error: "Unknown trigger type: character_is_taikun, near line: 44
Unknown trigger type: character_is_daimyo, near line: 45
Unknown trigger type: country_has_nobility, near line: 49" in file: "common/customizable_localization/00_character_role_titles.txt" near line: 50
[09:25:07][pdx_persistent_reader.cpp:268]: Error: "Unknown trigger type: character_is_taikun, near line: 56
Unknown trigger type: character_is_daimyo, near line: 57
Unknown trigger type: country_has_nobility, near line: 61" in file: "common/customizable_localization/00_character_role_titles.txt" near line: 62
[09:25:07][pdx_persistent_reader.cpp:268]: Error: "Unknown trigger type: character_is_taikun, near line: 68
Unknown trigger type: character_is_daimyo, near line: 69
Unknown trigger type: country_has_nobility, near line: 73" in file: "common/customizable_localization/00_character_role_titles.txt" near line: 74
[09:25:07][pdx_persistent_reader.cpp:268]: Error: "Unknown trigger type: character_is_taikun, near line: 80
Unknown trigger type: character_is_daimyo, near line: 81
Unknown trigger type: country_has_nobility, near line: 85" in file: "common/customizable_localization/00_character_role_titles.txt" near line: 86
[09:25:07][pdx_persistent_reader.cpp:268]: Error: "Unknown trigger type: character_is_taikun, near line: 92
Unknown trigger type: character_is_daimyo, near line: 93
Unknown trigger type: country_has_nobility, near line: 97" in file: "common/customizable_localization/00_character_role_titles.txt" near line: 98
[09:25:07][pdx_persistent_reader.cpp:268]: Error: "Unknown trigger type: character_is_taikun, near line: 104
Unknown trigger type: character_is_daimyo, near line: 105
Unknown trigger type: country_has_nobility, near line: 109" in file: "common/customizable_localization/00_character_role_titles.txt" near line: 110
[09:25:07][pdx_persistent_reader.cpp:268]: Error: "Unknown trigger type: character_is_taikun, near line: 116
Unknown trigger type: character_is_daimyo, near line: 117
Unknown trigger type: country_has_nobility, near line: 122" in file: "common/customizable_localization/00_character_role_titles.txt" near line: 123
[09:25:07][pdx_persistent_reader.cpp:268]: Error: "Unknown trigger type: character_is_taikun, near line: 130
Unknown trigger type: character_is_daimyo, near line: 131
Unknown trigger type: country_has_nobility, near line: 136" in file: "common/customizable_localization/00_character_role_titles.txt" near line: 137
[09:25:07][pdx_persistent_reader.cpp:268]: Error: "Unknown trigger type: country_has_monarchy_law, near line: 308" in file: "common/customizable_localization/02_events.txt" near line: 309
[09:25:07][pdx_persistent_reader.cpp:268]: Error: "Unknown trigger type: country_has_monarchy_law, near line: 80" in file: "common/customizable_localization/03_misc.txt" near line: 85
[09:25:07][pdx_persistent_reader.cpp:268]: Error: "Unknown trigger type: country_has_monarchy_law, near line: 92" in file: "common/customizable_localization/03_misc.txt" near line: 97
[09:25:07][pdx_persistent_reader.cpp:268]: Error: "Unknown trigger type: country_has_monarchy_law, near line: 155" in file: "common/customizable_localization/03_misc.txt" near line: 160
[09:25:07][pdx_persistent_reader.cpp:268]: Error: "Unknown trigger type: country_has_monarchy_law, near line: 167" in file: "common/customizable_localization/03_misc.txt" near line: 172
[09:25:07][pdx_persistent_reader.cpp:268]: Error: "Unknown trigger type: country_has_monarchy_law, near line: 230" in file: "common/customizable_localization/03_misc.txt" near line: 235
[09:25:07][pdx_persistent_reader.cpp:268]: Error: "Unknown trigger type: country_has_monarchy_law, near line: 242" in file: "common/customizable_localization/03_misc.txt" near line: 247
[09:25:07][pdx_persistent_reader.cpp:268]: Error: "Unknown trigger type: country_has_monarchy_law, near line: 63" in file: "common/customizable_localization/agitators_custom_loc.txt" near line: 66
[09:25:07][pdx_persistent_reader.cpp:268]: Error: "Unknown trigger type: country_has_monarchy_law, near line: 91" in file: "common/customizable_localization/agitators_custom_loc.txt" near line: 94
[09:25:07][pdx_persistent_reader.cpp:268]: Error: "Unknown trigger type: country_has_monarchy_law, near line: 102" in file: "common/customizable_localization/agitators_custom_loc.txt" near line: 105
[09:25:07][lexer.cpp:285]: File 'common/trigger_localization/99_toe_great_game.txt' should be in utf8-bom encoding (will try to use it anyways)
[09:25:08][lexer.cpp:285]: File 'gfx/portraits/portrait_modifiers/00_toe_empty.txt' should be in utf8-bom encoding (will try to use it anyways)
[09:25:08][pdx_persistent_reader.cpp:268]: Error: "Unknown trigger type: shopkeepers_clothes_pop_trigger, near line: 165
Unknown trigger type: european_clothes_pop_trigger, near line: 168
Unknown trigger type: slavic_clothes_pop_trigger, near line: 173
Unknown trigger type: nordic_clothes_pop_trigger, near line: 174" in file: "gfx/portraits/portrait_modifiers/01_accessories.txt" near line: 175
[09:25:08][pdx_persistent_reader.cpp:268]: Error: "Unknown trigger type: african_diaspora_pop_clothes_trigger, near line: 182
Unknown trigger type: native_american_clothes_pop_trigger, near line: 184" in file: "gfx/portraits/portrait_modifiers/01_accessories.txt" near line: 187
[09:25:08][pdx_persistent_reader.cpp:268]: Error: "Unknown trigger type: european_clothes_trigger, near line: 217
Unknown trigger type: monarchy_clothes_trigger, near line: 219" in file: "gfx/portraits/portrait_modifiers/01_accessories.txt" near line: 222
[09:25:08][pdx_persistent_reader.cpp:268]: Error: "Unknown trigger type: european_clothes_trigger, near line: 247" in file: "gfx/portraits/portrait_modifiers/01_accessories.txt" near line: 251
[09:25:08][pdx_persistent_reader.cpp:268]: Error: "Unknown trigger type: spanish_clothes_trigger, near line: 274
Unknown trigger type: spanish_colony_clothes_trigger, near line: 275" in file: "gfx/portraits/portrait_modifiers/01_accessories.txt" near line: 276
[09:25:08][pdx_persistent_reader.cpp:268]: Error: "Unknown trigger type: generic_military_uniform_clothes_trigger, near line: 277" in file: "gfx/portraits/portrait_modifiers/01_accessories.txt" near line: 284
[09:25:08][pdx_persistent_reader.cpp:268]: Error: "Unknown trigger type: brazilian_clothes_trigger, near line: 317
Unknown trigger type: generic_military_uniform_clothes_trigger, near line: 318" in file: "gfx/portraits/portrait_modifiers/01_accessories.txt" near line: 324
[09:25:08][pdx_persistent_reader.cpp:268]: Error: "Unknown trigger type: argentine_clothes_trigger, near line: 348
Unknown trigger type: spanish_clothes_trigger, near line: 351
Unknown trigger type: spanish_colony_clothes_trigger, near line: 352
Unknown trigger type: carlist_clothes_trigger, near line: 353" in file: "gfx/portraits/portrait_modifiers/01_accessories.txt" near line: 354
[09:25:08][pdx_persistent_reader.cpp:268]: Error: "Unknown trigger type: military_governor_clothes_trigger, near line: 357
Unknown trigger type: monarchy_clothes_trigger, near line: 358" in file: "gfx/portraits/portrait_modifiers/01_accessories.txt" near line: 359
[09:25:08][pdx_persistent_reader.cpp:268]: Error: "Unknown trigger type: generic_military_uniform_clothes_trigger, near line: 362" in file: "gfx/portraits/portrait_modifiers/01_accessories.txt" near line: 369
[09:25:08][pdx_persistent_reader.cpp:268]: Error: "Unknown trigger type: peruvian_clothes_trigger, near line: 392
Unknown trigger type: generic_military_uniform_clothes_trigger, near line: 393" in file: "gfx/portraits/portrait_modifiers/01_accessories.txt" near line: 400
[09:25:08][pdx_persistent_reader.cpp:268]: Error: "Unknown trigger type: central_american_clothes_trigger, near line: 423
Unknown trigger type: generic_military_uniform_clothes_trigger, near line: 424" in file: "gfx/portraits/portrait_modifiers/01_accessories.txt" near line: 431
[09:25:08][pdx_persistent_reader.cpp:268]: Error: "Unknown trigger type: uruguayan_clothes_trigger, near line: 454
Unknown trigger type: generic_military_uniform_clothes_trigger, near line: 455" in file: "gfx/portraits/portrait_modifiers/01_accessories.txt" near line: 462
[09:25:08][pdx_persistent_reader.cpp:268]: Error: "Unknown trigger type: spanish_clothes_trigger, near line: 485
Unknown trigger type: generic_military_uniform_clothes_trigger, near line: 486
Unknown trigger type: republic_clothes_trigger, near line: 487" in file: "gfx/portraits/portrait_modifiers/01_accessories.txt" near line: 494
[09:25:08][pdx_persistent_reader.cpp:268]: Error: "Unknown trigger type: spanish_clothes_trigger, near line: 517
Unknown trigger type: generic_military_uniform_clothes_trigger, near line: 518
Unknown trigger type: republic_clothes_trigger, near line: 519" in file: "gfx/portraits/portrait_modifiers/01_accessories.txt" near line: 526
[09:25:08][pdx_persistent_reader.cpp:268]: Error: "Unknown trigger type: portuguese_clothes_trigger, near line: 549
Unknown trigger type: generic_military_uniform_clothes_trigger, near line: 550" in file: "gfx/portraits/portrait_modifiers/01_accessories.txt" near line: 557
[09:25:08][pdx_persistent_reader.cpp:268]: Error: "Unknown trigger type: gran_colombian_clothes_trigger, near line: 580
Unknown trigger type: generic_military_uniform_clothes_trigger, near line: 581" in file: "gfx/portraits/portrait_modifiers/01_accessories.txt" near line: 588
[09:25:08][pdx_persistent_reader.cpp:268]: Error: "Unknown trigger type: bolivian_clothes_trigger, near line: 611
Unknown trigger type: generic_military_uniform_clothes_trigger, near line: 612" in file: "gfx/portraits/portrait_modifiers/01_accessories.txt" near line: 619
[09:25:08][pdx_persistent_reader.cpp:268]: Error: "Unknown trigger type: peru_bolivian_clothes_trigger, near line: 642
Unknown trigger type: generic_military_uniform_clothes_trigger, near line: 643" in file: "gfx/portraits/portrait_modifiers/01_accessories.txt" near line: 650
[09:25:08][pdx_persistent_reader.cpp:268]: Error: "Unknown trigger type: chilean_clothes_trigger, near line: 673
Unknown trigger type: generic_military_uniform_clothes_trigger, near line: 674" in file: "gfx/portraits/portrait_modifiers/01_accessories.txt" near line: 681
[09:25:08][pdx_persistent_reader.cpp:268]: Error: "Unknown trigger type: paraguayan_clothes_trigger, near line: 704
Unknown trigger type: generic_military_uniform_clothes_trigger, near line: 705" in file: "gfx/portraits/portrait_modifiers/01_accessories.txt" near line: 712
[09:25:08][pdx_persistent_reader.cpp:268]: Error: "Unknown trigger type: mexican_clothes_trigger, near line: 735
Unknown trigger type: generic_military_uniform_clothes_trigger, near line: 736" in file: "gfx/portraits/portrait_modifiers/01_accessories.txt" near line: 743
[09:25:08][pdx_persistent_reader.cpp:268]: Error: "Unknown trigger type: riograndese_clothes_trigger, near line: 766
Unknown trigger type: generic_military_uniform_clothes_trigger, near line: 767" in file: "gfx/portraits/portrait_modifiers/01_accessories.txt" near line: 774
[09:25:08][pdx_persistent_reader.cpp:268]: Error: "Unknown trigger type: federation_clothes_trigger, near line: 797
Unknown trigger type: generic_military_uniform_clothes_trigger, near line: 798" in file: "gfx/portraits/portrait_modifiers/01_accessories.txt" near line: 805
[09:25:08][pdx_persistent_reader.cpp:268]: Error: "Unknown trigger type: south_american_clothes_character_trigger, near line: 829
Unknown trigger type: spanish_clothes_trigger, near line: 830
Unknown trigger type: portuguese_clothes_trigger, near line: 831" in file: "gfx/portraits/portrait_modifiers/01_accessories.txt" near line: 832
[09:25:08][pdx_persistent_reader.cpp:268]: Error: "Unknown trigger type: communist_clothes_trigger, near line: 833
Unknown trigger type: generic_military_uniform_clothes_trigger, near line: 834" in file: "gfx/portraits/portrait_modifiers/01_accessories.txt" near line: 841
[09:25:08][pdx_persistent_reader.cpp:268]: Error: "Unknown trigger type: portuguese_clothes_trigger, near line: 865
Unknown trigger type: ruler_clothes_trigger, near line: 866
Unknown trigger type: generic_civilian_clothes_trigger, near line: 867" in file: "gfx/portraits/portrait_modifiers/01_accessories.txt" near line: 870
[09:25:08][pdx_persistent_reader.cpp:268]: Error: "Unknown trigger type: spanish_empire_clothes_trigger, near line: 892
Unknown trigger type: ruler_clothes_trigger, near line: 894
Unknown trigger type: agitator_character_trigger, near line: 895" in file: "gfx/portraits/portrait_modifiers/01_accessories.txt" near line: 896
[09:25:08][pdx_persistent_reader.cpp:268]: Error: "Unknown trigger type: generic_civilian_clothes_trigger, near line: 897" in file: "gfx/portraits/portrait_modifiers/01_accessories.txt" near line: 900
[09:25:08][pdx_persistent_reader.cpp:268]: Error: "Unknown trigger type: spanish_empire_clothes_trigger, near line: 922" in file: "gfx/portraits/portrait_modifiers/01_accessories.txt" near line: 929
[09:25:08][pdx_persistent_reader.cpp:268]: Error: "Unknown trigger type: ruler_clothes_trigger, near line: 932
Unknown trigger type: agitator_character_trigger, near line: 933" in file: "gfx/portraits/portrait_modifiers/01_accessories.txt" near line: 934
[09:25:08][pdx_persistent_reader.cpp:268]: Error: "Unknown trigger type: republic_clothes_trigger, near line: 935
Unknown trigger type: generic_civilian_clothes_trigger, near line: 936" in file: "gfx/portraits/portrait_modifiers/01_accessories.txt" near line: 939
[09:25:08][pdx_persistent_reader.cpp:268]: Error: "Unknown trigger type: spanish_empire_clothes_trigger, near line: 961" in file: "gfx/portraits/portrait_modifiers/01_accessories.txt" near line: 968
[09:25:08][pdx_persistent_reader.cpp:268]: Error: "Unknown trigger type: ruler_clothes_trigger, near line: 971
Unknown trigger type: agitator_character_trigger, near line: 972" in file: "gfx/portraits/portrait_modifiers/01_accessories.txt" near line: 973
[09:25:08][pdx_persistent_reader.cpp:268]: Error: "Unknown trigger type: republic_clothes_trigger, near line: 974
Unknown trigger type: generic_civilian_clothes_trigger, near line: 975" in file: "gfx/portraits/portrait_modifiers/01_accessories.txt" near line: 978
[09:25:08][pdx_persistent_reader.cpp:268]: Error: "Unknown trigger type: brazilian_clothes_trigger, near line: 1000
Unknown trigger type: ruler_clothes_trigger, near line: 1002
Unknown trigger type: agitator_character_trigger, near line: 1003" in file: "gfx/portraits/portrait_modifiers/01_accessories.txt" near line: 1004
[09:25:08][pdx_persistent_reader.cpp:268]: Error: "Unknown trigger type: republic_clothes_trigger, near line: 1005
Unknown trigger type: generic_civilian_clothes_trigger, near line: 1006" in file: "gfx/portraits/portrait_modifiers/01_accessories.txt" near line: 1009
[09:25:08][pdx_persistent_reader.cpp:268]: Error: "Unknown trigger type: argentine_clothes_trigger, near line: 1031
Unknown trigger type: ruler_clothes_trigger, near line: 1033
Unknown trigger type: agitator_character_trigger, near line: 1034" in file: "gfx/portraits/portrait_modifiers/01_accessories.txt" near line: 1035
[09:25:08][pdx_persistent_reader.cpp:268]: Error: "Unknown trigger type: republic_clothes_trigger, near line: 1036
Unknown trigger type: generic_civilian_clothes_trigger, near line: 1037" in file: "gfx/portraits/portrait_modifiers/01_accessories.txt" near line: 1040
[09:25:08][pdx_persistent_reader.cpp:268]: Error: "Unknown trigger type: peruvian_clothes_trigger, near line: 1063" in file: "gfx/portraits/portrait_modifiers/01_accessories.txt" near line: 1068
[09:25:08][pdx_persistent_reader.cpp:268]: Error: "Unknown trigger type: ruler_clothes_trigger, near line: 1072
Unknown trigger type: agitator_character_trigger, near line: 1073" in file: "gfx/portraits/portrait_modifiers/01_accessories.txt" near line: 1074
[09:25:08][pdx_persistent_reader.cpp:268]: Error: "Unknown trigger type: republic_clothes_trigger, near line: 1075
Unknown trigger type: generic_civilian_clothes_trigger, near line: 1076" in file: "gfx/portraits/portrait_modifiers/01_accessories.txt" near line: 1079
[09:25:08][pdx_persistent_reader.cpp:268]: Error: "Unknown trigger type: central_american_clothes_trigger, near line: 1101
Unknown trigger type: ruler_clothes_trigger, near line: 1103
Unknown trigger type: agitator_character_trigger, near line: 1104" in file: "gfx/portraits/portrait_modifiers/01_accessories.txt" near line: 1105
[09:25:08][pdx_persistent_reader.cpp:268]: Error: "Unknown trigger type: republic_clothes_trigger, near line: 1106
Unknown trigger type: generic_civilian_clothes_trigger, near line: 1107" in file: "gfx/portraits/portrait_modifiers/01_accessories.txt" near line: 1110
[09:25:08][pdx_persistent_reader.cpp:268]: Error: "Unknown trigger type: uruguayan_clothes_trigger, near line: 1132
Unknown trigger type: ruler_clothes_trigger, near line: 1134
Unknown trigger type: agitator_character_trigger, near line: 1135" in file: "gfx/portraits/portrait_modifiers/01_accessories.txt" near line: 1136
[09:25:08][pdx_persistent_reader.cpp:268]: Error: "Unknown trigger type: republic_clothes_trigger, near line: 1137
Unknown trigger type: generic_civilian_clothes_trigger, near line: 1138" in file: "gfx/portraits/portrait_modifiers/01_accessories.txt" near line: 1141
[09:25:08][pdx_persistent_reader.cpp:268]: Error: "Unknown trigger type: gran_colombian_clothes_trigger, near line: 1163
Unknown trigger type: ruler_clothes_trigger, near line: 1165
Unknown trigger type: agitator_character_trigger, near line: 1166" in file: "gfx/portraits/portrait_modifiers/01_accessories.txt" near line: 1167
[09:25:08][pdx_persistent_reader.cpp:268]: Error: "Unknown trigger type: republic_clothes_trigger, near line: 1168
Unknown trigger type: generic_civilian_clothes_trigger, near line: 1169" in file: "gfx/portraits/portrait_modifiers/01_accessories.txt" near line: 1172
[09:25:08][pdx_persistent_reader.cpp:268]: Error: "Unknown trigger type: bolivian_clothes_trigger, near line: 1194
Unknown trigger type: ruler_clothes_trigger, near line: 1196
Unknown trigger type: agitator_character_trigger, near line: 1197" in file: "gfx/portraits/portrait_modifiers/01_accessories.txt" near line: 1198
[09:25:08][pdx_persistent_reader.cpp:268]: Error: "Unknown trigger type: republic_clothes_trigger, near line: 1199
Unknown trigger type: generic_civilian_clothes_trigger, near line: 1200" in file: "gfx/portraits/portrait_modifiers/01_accessories.txt" near line: 1203
[09:25:08][pdx_persistent_reader.cpp:268]: Error: "Unknown trigger type: peru_bolivian_clothes_trigger, near line: 1225
Unknown trigger type: ruler_clothes_trigger, near line: 1227
Unknown trigger type: agitator_character_trigger, near line: 1228" in file: "gfx/portraits/portrait_modifiers/01_accessories.txt" near line: 1229
[09:25:08][pdx_persistent_reader.cpp:268]: Error: "Unknown trigger type: republic_clothes_trigger, near line: 1230
Unknown trigger type: generic_civilian_clothes_trigger, near line: 1231" in file: "gfx/portraits/portrait_modifiers/01_accessories.txt" near line: 1234
[09:25:08][pdx_persistent_reader.cpp:268]: Error: "Unknown trigger type: chilean_clothes_trigger, near line: 1256
Unknown trigger type: ruler_clothes_trigger, near line: 1258
Unknown trigger type: agitator_character_trigger, near line: 1259" in file: "gfx/portraits/portrait_modifiers/01_accessories.txt" near line: 1260
[09:25:08][pdx_persistent_reader.cpp:268]: Error: "Unknown trigger type: republic_clothes_trigger, near line: 1261
Unknown trigger type: generic_civilian_clothes_trigger, near line: 1262" in file: "gfx/portraits/portrait_modifiers/01_accessories.txt" near line: 1265
[09:25:08][pdx_persistent_reader.cpp:268]: Error: "Unknown trigger type: paraguayan_clothes_trigger, near line: 1287
Unknown trigger type: ruler_clothes_trigger, near line: 1289
Unknown trigger type: agitator_character_trigger, near line: 1290" in file: "gfx/portraits/portrait_modifiers/01_accessories.txt" near line: 1291
[09:25:08][pdx_persistent_reader.cpp:268]: Error: "Unknown trigger type: republic_clothes_trigger, near line: 1292
Unknown trigger type: generic_civilian_clothes_trigger, near line: 1293" in file: "gfx/portraits/portrait_modifiers/01_accessories.txt" near line: 1296
[09:25:08][pdx_persistent_reader.cpp:268]: Error: "Unknown trigger type: mexican_clothes_trigger, near line: 1318
Unknown trigger type: ruler_clothes_trigger, near line: 1320
Unknown trigger type: agitator_character_trigger, near line: 1321" in file: "gfx/portraits/portrait_modifiers/01_accessories.txt" near line: 1322
[09:25:08][pdx_persistent_reader.cpp:268]: Error: "Unknown trigger type: republic_clothes_trigger, near line: 1323
Unknown trigger type: generic_civilian_clothes_trigger, near line: 1324" in file: "gfx/portraits/portrait_modifiers/01_accessories.txt" near line: 1327
[09:25:08][pdx_persistent_reader.cpp:268]: Error: "Unknown trigger type: riograndese_clothes_trigger, near line: 1349
Unknown trigger type: ruler_clothes_trigger, near line: 1351
Unknown trigger type: agitator_character_trigger, near line: 1352" in file: "gfx/portraits/portrait_modifiers/01_accessories.txt" near line: 1353
[09:25:08][pdx_persistent_reader.cpp:268]: Error: "Unknown trigger type: republic_clothes_trigger, near line: 1354
Unknown trigger type: generic_civilian_clothes_trigger, near line: 1355" in file: "gfx/portraits/portrait_modifiers/01_accessories.txt" near line: 1358
[09:25:08][pdx_persistent_reader.cpp:268]: Error: "Unknown trigger type: federation_clothes_trigger, near line: 1380
Unknown trigger type: ruler_clothes_trigger, near line: 1382
Unknown trigger type: agitator_character_trigger, near line: 1383" in file: "gfx/portraits/portrait_modifiers/01_accessories.txt" near line: 1384
[09:25:08][pdx_persistent_reader.cpp:268]: Error: "Unknown trigger type: republic_clothes_trigger, near line: 1385
Unknown trigger type: generic_civilian_clothes_trigger, near line: 1386" in file: "gfx/portraits/portrait_modifiers/01_accessories.txt" near line: 1389
[09:25:08][pdx_persistent_reader.cpp:268]: Error: "Unknown trigger type: south_american_clothes_character_trigger, near line: 1412
Unknown trigger type: spanish_clothes_trigger, near line: 1413
Unknown trigger type: portuguese_clothes_trigger, near line: 1414" in file: "gfx/portraits/portrait_modifiers/01_accessories.txt" near line: 1415
[09:25:08][pdx_persistent_reader.cpp:268]: Error: "Unknown trigger type: communist_clothes_trigger, near line: 1416
Unknown trigger type: ruler_clothes_trigger, near line: 1418
Unknown trigger type: agitator_character_trigger, near line: 1419" in file: "gfx/portraits/portrait_modifiers/01_accessories.txt" near line: 1420
[09:25:08][pdx_persistent_reader.cpp:268]: Error: "Unknown trigger type: generic_civilian_clothes_trigger, near line: 1421" in file: "gfx/portraits/portrait_modifiers/01_accessories.txt" near line: 1424
[09:25:08][pdx_persistent_reader.cpp:268]: Error: "Unknown trigger type: portuguese_clothes_trigger, near line: 1447
Unknown trigger type: monarchy_clothes_trigger, near line: 1449" in file: "gfx/portraits/portrait_modifiers/01_accessories.txt" near line: 1454
[09:25:08][pdx_persistent_reader.cpp:268]: Error: "Unknown trigger type: portuguese_clothes_trigger, near line: 1485
Unknown trigger type: monarchy_clothes_trigger, near line: 1487" in file: "gfx/portraits/portrait_modifiers/01_accessories.txt" near line: 1491
[09:25:08][pdx_persistent_reader.cpp:268]: Error: "Unknown trigger type: monarchy_clothes_trigger, near line: 1501" in file: "gfx/portraits/portrait_modifiers/01_accessories.txt" near line: 1502
[09:25:08][pdx_persistent_reader.cpp:268]: Error: "Unknown trigger type: agitator_character_trigger, near line: 1542" in file: "gfx/portraits/portrait_modifiers/01_accessories.txt" near line: 1549
[09:25:08][pdx_persistent_reader.cpp:268]: Error: "Unknown trigger type: military_clothes_trigger, near line: 1565
Unknown trigger type: monarchy_clothes_trigger, near line: 1566" in file: "gfx/portraits/portrait_modifiers/01_accessories.txt" near line: 1567
[09:25:08][pdx_persistent_reader.cpp:268]: Error: "Unknown trigger type: agitator_character_trigger, near line: 1603
Unknown trigger type: american_clothes_trigger, near line: 1605" in file: "gfx/portraits/portrait_modifiers/01_accessories.txt" near line: 1614
[09:25:08][pdx_persistent_reader.cpp:268]: Error: "Unknown trigger type: military_clothes_trigger, near line: 1619
Unknown trigger type: monarchy_clothes_trigger, near line: 1620" in file: "gfx/portraits/portrait_modifiers/01_accessories.txt" near line: 1621
[09:25:08][pdx_persistent_reader.cpp:268]: Error: "Unknown trigger type: monarchy_clothes_trigger, near line: 1679" in file: "gfx/portraits/portrait_modifiers/01_accessories.txt" near line: 1680
[09:25:08][pdx_persistent_reader.cpp:268]: Error: "Unknown trigger type: monarchy_clothes_trigger, near line: 1715" in file: "gfx/portraits/portrait_modifiers/01_accessories.txt" near line: 1717
[09:25:08][pdx_persistent_reader.cpp:268]: Error: "Unknown trigger type: agitator_character_trigger, near line: 1769
Unknown trigger type: european_clothes_trigger, near line: 1770
Unknown trigger type: republic_clothes_trigger, near line: 1771
Unknown trigger type: regency_clothes_trigger, near line: 1773
Unknown trigger type: military_clothes_trigger, near line: 1774" in file: "gfx/portraits/portrait_modifiers/01_accessories.txt" near line: 1775
[09:25:08][pdx_persistent_reader.cpp:268]: Error: "Unknown trigger type: military_clothes_trigger, near line: 1791
Unknown trigger type: ruler_clothes_trigger, near line: 1793" in file: "gfx/portraits/portrait_modifiers/01_accessories.txt" near line: 1799
[09:25:08][pdx_persistent_reader.cpp:268]: Error: "Unknown trigger type: armed_forces_clothes_trigger, near line: 1803
Unknown trigger type: politician_clothes_trigger, near line: 1804" in file: "gfx/portraits/portrait_modifiers/01_accessories.txt" near line: 1805
[09:25:08][pdx_persistent_reader.cpp:268]: Error: "Unknown trigger type: ruler_clothes_trigger, near line: 1808
Unknown trigger type: republic_clothes_trigger, near line: 1809" in file: "gfx/portraits/portrait_modifiers/01_accessories.txt" near line: 1810
[09:25:08][pdx_persistent_reader.cpp:268]: Error: "Unknown trigger type: armed_forces_clothes_trigger, near line: 1890
Unknown trigger type: politician_clothes_trigger, near line: 1891" in file: "gfx/portraits/portrait_modifiers/01_accessories.txt" near line: 1892
[09:25:08][pdx_persistent_reader.cpp:268]: Error: "Unknown trigger type: french_empire_clothes_trigger, near line: 1920
Unknown trigger type: monarchy_clothes_trigger, near line: 1922" in file: "gfx/portraits/portrait_modifiers/01_accessories.txt" near line: 1925
[09:25:08][pdx_persistent_reader.cpp:268]: Error: "Unknown trigger type: armed_forces_clothes_trigger, near line: 1927
Unknown trigger type: politician_clothes_trigger, near line: 1928" in file: "gfx/portraits/portrait_modifiers/01_accessories.txt" near line: 1929
[09:25:08][pdx_persistent_reader.cpp:268]: Error: "Unknown trigger type: greek_clothes_trigger, near line: 1958
Unknown trigger type: monarchy_clothes_trigger, near line: 1961" in file: "gfx/portraits/portrait_modifiers/01_accessories.txt" near line: 1966
[09:25:08][pdx_persistent_reader.cpp:268]: Error: "Unknown trigger type: austrian_empire_clothes_trigger, near line: 2000
Unknown trigger type: military_clothes_trigger, near line: 2002
Unknown trigger type: armed_forces_clothes_trigger, near line: 2004
Unknown trigger type: politician_clothes_trigger, near line: 2006
Unknown trigger type: ruler_clothes_trigger, near line: 2007" in file: "gfx/portraits/portrait_modifiers/01_accessories.txt" near line: 2008
[09:25:08][pdx_persistent_reader.cpp:268]: Error: "Unknown trigger type: austrian_empire_clothes_trigger, near line: 2031
Unknown trigger type: monarchy_clothes_trigger, near line: 2033" in file: "gfx/portraits/portrait_modifiers/01_accessories.txt" near line: 2034
[09:25:08][pdx_persistent_reader.cpp:268]: Error: "Unknown trigger type: american_clothes_trigger, near line: 2117
Unknown trigger type: british_empire_clothes_trigger, near line: 2118
Unknown trigger type: french_empire_clothes_trigger, near line: 2119
Unknown trigger type: russian_empire_clothes_trigger, near line: 2120
Unknown trigger type: austrian_empire_clothes_trigger, near line: 2121
Unknown trigger type: monarchy_clothes_trigger, near line: 2122
Unknown trigger type: european_clothes_trigger, near line: 2124" in file: "gfx/portraits/portrait_modifiers/01_accessories.txt" near line: 2130
[09:25:08][pdx_persistent_reader.cpp:268]: Error: "Unknown trigger type: african_diaspora_clothes_trigger, near line: 2132" in file: "gfx/portraits/portrait_modifiers/01_accessories.txt" near line: 2133
[09:25:08][pdx_persistent_reader.cpp:268]: Error: "Unknown trigger type: european_clothes_trigger, near line: 2190
Unknown trigger type: african_diaspora_clothes_trigger, near line: 2191" in file: "gfx/portraits/portrait_modifiers/01_accessories.txt" near line: 2192
[09:25:08][pdx_persistent_reader.cpp:268]: Error: "Unknown trigger type: ruler_clothes_trigger, near line: 2193
Unknown trigger type: republic_clothes_trigger, near line: 2194" in file: "gfx/portraits/portrait_modifiers/01_accessories.txt" near line: 2195
[09:25:08][pdx_persistent_reader.cpp:268]: Error: "Unknown trigger type: european_clothes_trigger, near line: 2234
Unknown trigger type: african_diaspora_clothes_trigger, near line: 2235" in file: "gfx/portraits/portrait_modifiers/01_accessories.txt" near line: 2236
[09:25:08][pdx_persistent_reader.cpp:268]: Error: "Unknown trigger type: ruler_clothes_trigger, near line: 2237
Unknown trigger type: republic_clothes_trigger, near line: 2238" in file: "gfx/portraits/portrait_modifiers/01_accessories.txt" near line: 2239
[09:25:08][pdx_persistent_reader.cpp:268]: Error: "Unknown trigger type: european_clothes_trigger, near line: 2278
Unknown trigger type: african_diaspora_clothes_trigger, near line: 2279" in file: "gfx/portraits/portrait_modifiers/01_accessories.txt" near line: 2280
[09:25:08][pdx_persistent_reader.cpp:268]: Error: "Unknown trigger type: ruler_clothes_trigger, near line: 2281
Unknown trigger type: republic_clothes_trigger, near line: 2282" in file: "gfx/portraits/portrait_modifiers/01_accessories.txt" near line: 2283
[09:25:08][pdx_persistent_reader.cpp:268]: Error: "Unknown trigger type: european_clothes_trigger, near line: 2321
Unknown trigger type: african_diaspora_clothes_trigger, near line: 2322" in file: "gfx/portraits/portrait_modifiers/01_accessories.txt" near line: 2323
[09:25:08][pdx_persistent_reader.cpp:268]: Error: "Unknown trigger type: ruler_clothes_trigger, near line: 2324
Unknown trigger type: republic_clothes_trigger, near line: 2325" in file: "gfx/portraits/portrait_modifiers/01_accessories.txt" near line: 2326
[09:25:08][pdx_persistent_reader.cpp:268]: Error: "Unknown trigger type: european_clothes_trigger, near line: 2361" in file: "gfx/portraits/portrait_modifiers/01_accessories.txt" near line: 2368
[09:25:08][pdx_persistent_reader.cpp:268]: Error: "Unknown trigger type: african_diaspora_clothes_trigger, near line: 2371" in file: "gfx/portraits/portrait_modifiers/01_accessories.txt" near line: 2372
[09:25:08][pdx_persistent_reader.cpp:268]: Error: "Unknown trigger type: monarchy_clothes_trigger, near line: 2389
Unknown trigger type: european_clothes_trigger, near line: 2391" in file: "gfx/portraits/portrait_modifiers/01_accessories.txt" near line: 2397
[09:25:08][pdx_persistent_reader.cpp:268]: Error: "Unknown trigger type: african_diaspora_clothes_trigger, near line: 2399" in file: "gfx/portraits/portrait_modifiers/01_accessories.txt" near line: 2400
[09:25:08][pdx_persistent_reader.cpp:268]: Error: "Unknown trigger type: european_clothes_trigger, near line: 2408" in file: "gfx/portraits/portrait_modifiers/01_accessories.txt" near line: 2415
[09:25:08][pdx_persistent_reader.cpp:268]: Error: "Unknown trigger type: african_diaspora_clothes_trigger, near line: 2418" in file: "gfx/portraits/portrait_modifiers/01_accessories.txt" near line: 2419
[09:25:08][pdx_persistent_reader.cpp:268]: Error: "Unknown trigger type: european_clothes_trigger, near line: 2439
Unknown trigger type: african_diaspora_clothes_trigger, near line: 2440" in file: "gfx/portraits/portrait_modifiers/01_accessories.txt" near line: 2441
[09:25:08][pdx_persistent_reader.cpp:268]: Error: "Unknown trigger type: ruler_clothes_trigger, near line: 2442
Unknown trigger type: republic_clothes_trigger, near line: 2443" in file: "gfx/portraits/portrait_modifiers/01_accessories.txt" near line: 2444
[09:25:08][pdx_persistent_reader.cpp:268]: Error: "Unknown trigger type: monarchy_clothes_trigger, near line: 2497
Unknown trigger type: european_clothes_trigger, near line: 2499" in file: "gfx/portraits/portrait_modifiers/01_accessories.txt" near line: 2505
[09:25:08][pdx_persistent_reader.cpp:268]: Error: "Unknown trigger type: african_diaspora_clothes_trigger, near line: 2507" in file: "gfx/portraits/portrait_modifiers/01_accessories.txt" near line: 2508
[09:25:08][pdx_persistent_reader.cpp:268]: Error: "Unknown trigger type: monarchy_clothes_trigger, near line: 2550
Unknown trigger type: european_clothes_trigger, near line: 2552" in file: "gfx/portraits/portrait_modifiers/01_accessories.txt" near line: 2558
[09:25:08][pdx_persistent_reader.cpp:268]: Error: "Unknown trigger type: african_diaspora_clothes_trigger, near line: 2560" in file: "gfx/portraits/portrait_modifiers/01_accessories.txt" near line: 2561
[09:25:08][pdx_persistent_reader.cpp:268]: Error: "Unknown trigger type: monarchy_clothes_trigger, near line: 2612
Unknown trigger type: european_clothes_trigger, near line: 2614" in file: "gfx/portraits/portrait_modifiers/01_accessories.txt" near line: 2620
[09:25:08][pdx_persistent_reader.cpp:268]: Error: "Unknown trigger type: african_diaspora_clothes_trigger, near line: 2622" in file: "gfx/portraits/portrait_modifiers/01_accessories.txt" near line: 2623
[09:25:08][pdx_persistent_reader.cpp:268]: Error: "Unknown trigger type: monarchy_clothes_trigger, near line: 2665
Unknown trigger type: european_clothes_trigger, near line: 2667" in file: "gfx/portraits/portrait_modifiers/01_accessories.txt" near line: 2673
[09:25:08][pdx_persistent_reader.cpp:268]: Error: "Unknown trigger type: african_diaspora_clothes_trigger, near line: 2675" in file: "gfx/portraits/portrait_modifiers/01_accessories.txt" near line: 2676
[09:25:08][pdx_persistent_reader.cpp:268]: Error: "Unknown trigger type: monarchy_clothes_trigger, near line: 2727
Unknown trigger type: european_clothes_trigger, near line: 2729" in file: "gfx/portraits/portrait_modifiers/01_accessories.txt" near line: 2735
[09:25:08][pdx_persistent_reader.cpp:268]: Error: "Unknown trigger type: african_diaspora_clothes_trigger, near line: 2737" in file: "gfx/portraits/portrait_modifiers/01_accessories.txt" near line: 2738
[09:25:08][pdx_persistent_reader.cpp:268]: Error: "Unknown trigger type: monarchy_clothes_trigger, near line: 2780
Unknown trigger type: european_clothes_trigger, near line: 2782" in file: "gfx/portraits/portrait_modifiers/01_accessories.txt" near line: 2788
[09:25:08][pdx_persistent_reader.cpp:268]: Error: "Unknown trigger type: african_diaspora_clothes_trigger, near line: 2790" in file: "gfx/portraits/portrait_modifiers/01_accessories.txt" near line: 2791
[09:25:08][pdx_persistent_reader.cpp:268]: Error: "Unknown trigger type: monarchy_clothes_trigger, near line: 2841
Unknown trigger type: european_clothes_trigger, near line: 2843" in file: "gfx/portraits/portrait_modifiers/01_accessories.txt" near line: 2849
[09:25:08][pdx_persistent_reader.cpp:268]: Error: "Unknown trigger type: african_diaspora_clothes_trigger, near line: 2851" in file: "gfx/portraits/portrait_modifiers/01_accessories.txt" near line: 2852
[09:25:08][pdx_persistent_reader.cpp:268]: Error: "Unknown trigger type: monarchy_clothes_trigger, near line: 2893
Unknown trigger type: european_clothes_trigger, near line: 2895" in file: "gfx/portraits/portrait_modifiers/01_accessories.txt" near line: 2901
[09:25:08][pdx_persistent_reader.cpp:268]: Error: "Unknown trigger type: african_diaspora_clothes_trigger, near line: 2903" in file: "gfx/portraits/portrait_modifiers/01_accessories.txt" near line: 2904
[09:25:08][pdx_persistent_reader.cpp:268]: Error: "Unknown trigger type: monarchy_clothes_trigger, near line: 2954
Unknown trigger type: european_clothes_trigger, near line: 2956" in file: "gfx/portraits/portrait_modifiers/01_accessories.txt" near line: 2962
[09:25:08][pdx_persistent_reader.cpp:268]: Error: "Unknown trigger type: african_diaspora_clothes_trigger, near line: 2964" in file: "gfx/portraits/portrait_modifiers/01_accessories.txt" near line: 2965
[09:25:08][pdx_persistent_reader.cpp:268]: Error: "Unknown trigger type: arabic_clothes_trigger, near line: 3002" in file: "gfx/portraits/portrait_modifiers/01_accessories.txt" near line: 3008
[09:25:08][pdx_persistent_reader.cpp:268]: Error: "Unknown trigger type: chinese_imperial_clothes_trigger, near line: 3018
Unknown trigger type: indian_clothes_trigger, near line: 3019
Unknown trigger type: japanese_clothes_trigger, near line: 3020
Unknown trigger type: native_american_clothes_trigger, near line: 3021
Unknown trigger type: siamese_clothes_trigger, near line: 3022
Unknown trigger type: african_clothes_trigger, near line: 3024" in file: "gfx/portraits/portrait_modifiers/01_accessories.txt" near line: 3026
[09:25:08][pdx_persistent_reader.cpp:268]: Error: "Unknown trigger type: arabic_clothes_trigger, near line: 3101" in file: "gfx/portraits/portrait_modifiers/01_accessories.txt" near line: 3107
[09:25:08][pdx_persistent_reader.cpp:268]: Error: "Unknown trigger type: chinese_imperial_clothes_trigger, near line: 3117
Unknown trigger type: indian_clothes_trigger, near line: 3118
Unknown trigger type: japanese_clothes_trigger, near line: 3119
Unknown trigger type: native_american_clothes_trigger, near line: 3120
Unknown trigger type: siamese_clothes_trigger, near line: 3121
Unknown trigger type: african_clothes_trigger, near line: 3123" in file: "gfx/portraits/portrait_modifiers/01_accessories.txt" near line: 3125
[09:25:08][pdx_persistent_reader.cpp:268]: Error: "Unknown trigger type: arabic_clothes_trigger, near line: 3200" in file: "gfx/portraits/portrait_modifiers/01_accessories.txt" near line: 3206
[09:25:08][pdx_persistent_reader.cpp:268]: Error: "Unknown trigger type: chinese_imperial_clothes_trigger, near line: 3216
Unknown trigger type: indian_clothes_trigger, near line: 3217
Unknown trigger type: japanese_clothes_trigger, near line: 3218
Unknown trigger type: native_american_clothes_trigger, near line: 3219
Unknown trigger type: siamese_clothes_trigger, near line: 3220
Unknown trigger type: african_clothes_trigger, near line: 3222" in file: "gfx/portraits/portrait_modifiers/01_accessories.txt" near line: 3224
[09:25:08][pdx_persistent_reader.cpp:268]: Error: "Unknown trigger type: arabic_clothes_trigger, near line: 3299" in file: "gfx/portraits/portrait_modifiers/01_accessories.txt" near line: 3305
[09:25:08][pdx_persistent_reader.cpp:268]: Error: "Unknown trigger type: chinese_imperial_clothes_trigger, near line: 3315
Unknown trigger type: indian_clothes_trigger, near line: 3316
Unknown trigger type: japanese_clothes_trigger, near line: 3317
Unknown trigger type: native_american_clothes_trigger, near line: 3318
Unknown trigger type: siamese_clothes_trigger, near line: 3319
Unknown trigger type: african_clothes_trigger, near line: 3321" in file: "gfx/portraits/portrait_modifiers/01_accessories.txt" near line: 3323
[09:25:08][pdx_persistent_reader.cpp:268]: Error: "Unknown trigger type: arabic_clothes_trigger, near line: 3398" in file: "gfx/portraits/portrait_modifiers/01_accessories.txt" near line: 3404
[09:25:08][pdx_persistent_reader.cpp:268]: Error: "Unknown trigger type: chinese_imperial_clothes_trigger, near line: 3414
Unknown trigger type: indian_clothes_trigger, near line: 3415
Unknown trigger type: japanese_clothes_trigger, near line: 3416
Unknown trigger type: native_american_clothes_trigger, near line: 3417
Unknown trigger type: siamese_clothes_trigger, near line: 3418
Unknown trigger type: african_clothes_trigger, near line: 3420" in file: "gfx/portraits/portrait_modifiers/01_accessories.txt" near line: 3422
[09:25:08][pdx_persistent_reader.cpp:268]: Error: "Unknown trigger type: european_clothes_trigger, near line: 3564" in file: "gfx/portraits/portrait_modifiers/01_accessories.txt" near line: 3571
[09:25:08][pdx_persistent_reader.cpp:268]: Error: "Unknown trigger type: african_diaspora_clothes_trigger, near line: 3574" in file: "gfx/portraits/portrait_modifiers/01_accessories.txt" near line: 3575
[09:25:08][pdx_persistent_reader.cpp:268]: Error: "Unknown trigger type: armed_forces_clothes_trigger, near line: 3577
Unknown trigger type: military_clothes_trigger, near line: 3578
Unknown trigger type: monarchy_clothes_trigger, near line: 3579
Unknown trigger type: army_traits_trigger, near line: 3580" in file: "gfx/portraits/portrait_modifiers/01_accessories.txt" near line: 3581
[09:25:08][pdx_persistent_reader.cpp:268]: Error: "Unknown trigger type: monarchy_clothes_trigger, near line: 3603" in file: "gfx/portraits/portrait_modifiers/01_accessories.txt" near line: 3604
[09:25:08][pdx_persistent_reader.cpp:268]: Error: "Unknown trigger type: republic_clothes_trigger, near line: 3645
Unknown trigger type: monarchy_clothes_trigger, near line: 3646" in file: "gfx/portraits/portrait_modifiers/01_accessories.txt" near line: 3658
[09:25:08][pdx_persistent_reader.cpp:268]: Error: "Unknown trigger type: republic_clothes_trigger, near line: 3682
Unknown trigger type: european_clothes_trigger, near line: 3684" in file: "gfx/portraits/portrait_modifiers/01_accessories.txt" near line: 3690
[09:25:08][pdx_persistent_reader.cpp:268]: Error: "Unknown trigger type: african_diaspora_clothes_trigger, near line: 3692" in file: "gfx/portraits/portrait_modifiers/01_accessories.txt" near line: 3693
[09:25:08][pdx_persistent_reader.cpp:268]: Error: "Unknown trigger type: monarchy_clothes_trigger, near line: 3694" in file: "gfx/portraits/portrait_modifiers/01_accessories.txt" near line: 3706
[09:25:08][pdx_persistent_reader.cpp:268]: Error: "Unknown trigger type: republic_clothes_trigger, near line: 3730
Unknown trigger type: european_clothes_trigger, near line: 3732" in file: "gfx/portraits/portrait_modifiers/01_accessories.txt" near line: 3738
[09:25:08][pdx_persistent_reader.cpp:268]: Error: "Unknown trigger type: african_diaspora_clothes_trigger, near line: 3740" in file: "gfx/portraits/portrait_modifiers/01_accessories.txt" near line: 3741
[09:25:08][pdx_persistent_reader.cpp:268]: Error: "Unknown trigger type: monarchy_clothes_trigger, near line: 3742" in file: "gfx/portraits/portrait_modifiers/01_accessories.txt" near line: 3754
[09:25:08][pdx_persistent_reader.cpp:268]: Error: "Unknown trigger type: republic_clothes_trigger, near line: 3778
Unknown trigger type: european_clothes_trigger, near line: 3780" in file: "gfx/portraits/portrait_modifiers/01_accessories.txt" near line: 3786
[09:25:08][pdx_persistent_reader.cpp:268]: Error: "Unknown trigger type: african_diaspora_clothes_trigger, near line: 3788" in file: "gfx/portraits/portrait_modifiers/01_accessories.txt" near line: 3789
[09:25:08][pdx_persistent_reader.cpp:268]: Error: "Unknown trigger type: monarchy_clothes_trigger, near line: 3790" in file: "gfx/portraits/portrait_modifiers/01_accessories.txt" near line: 3802
[09:25:08][pdx_persistent_reader.cpp:268]: Error: "Unknown trigger type: republic_clothes_trigger, near line: 3826
Unknown trigger type: european_clothes_trigger, near line: 3828" in file: "gfx/portraits/portrait_modifiers/01_accessories.txt" near line: 3834
[09:25:08][pdx_persistent_reader.cpp:268]: Error: "Unknown trigger type: african_diaspora_clothes_trigger, near line: 3836" in file: "gfx/portraits/portrait_modifiers/01_accessories.txt" near line: 3837
[09:25:08][pdx_persistent_reader.cpp:268]: Error: "Unknown trigger type: monarchy_clothes_trigger, near line: 3838" in file: "gfx/portraits/portrait_modifiers/01_accessories.txt" near line: 3850
[09:25:08][pdx_persistent_reader.cpp:268]: Error: "Unknown trigger type: republic_clothes_trigger, near line: 3874
Unknown trigger type: european_clothes_trigger, near line: 3876" in file: "gfx/portraits/portrait_modifiers/01_accessories.txt" near line: 3882
[09:25:08][pdx_persistent_reader.cpp:268]: Error: "Unknown trigger type: african_diaspora_clothes_trigger, near line: 3884" in file: "gfx/portraits/portrait_modifiers/01_accessories.txt" near line: 3885
[09:25:08][pdx_persistent_reader.cpp:268]: Error: "Unknown trigger type: monarchy_clothes_trigger, near line: 3886" in file: "gfx/portraits/portrait_modifiers/01_accessories.txt" near line: 3898
[09:25:08][pdx_persistent_reader.cpp:268]: Error: "Unknown trigger type: chinese_court_clothes_trigger, near line: 40
Unknown trigger type: chinese_imperial_clothes_trigger, near line: 41
Unknown trigger type: east_asian_clothes_pop_trigger, near line: 42" in file: "gfx/portraits/portrait_modifiers/01_beards.txt" near line: 43
[09:25:08][pdx_persistent_reader.cpp:268]: Error: "Unknown trigger type: african_clothes_trigger, near line: 67
Unknown trigger type: african_diaspora_pop_clothes_trigger, near line: 68" in file: "gfx/portraits/portrait_modifiers/01_beards.txt" near line: 69
[09:25:08][pdx_persistent_reader.cpp:268]: Error: "Unknown trigger type: arabic_clothes_trigger, near line: 88
Unknown trigger type: arabic_clothes_pop_trigger, near line: 89" in file: "gfx/portraits/portrait_modifiers/01_beards.txt" near line: 90
[09:25:08][pdx_persistent_reader.cpp:268]: Error: "Unknown trigger type: arabic_clothes_trigger, near line: 175
Unknown trigger type: arabic_clothes_pop_trigger, near line: 176" in file: "gfx/portraits/portrait_modifiers/01_beards.txt" near line: 177
[09:25:08][pdx_persistent_reader.cpp:268]: Error: "Unknown trigger type: european_clothes_trigger, near line: 203" in file: "gfx/portraits/portrait_modifiers/01_beards.txt" near line: 209
[09:25:08][pdx_persistent_reader.cpp:268]: Error: "Unknown trigger type: european_clothes_pop_trigger, near line: 214" in file: "gfx/portraits/portrait_modifiers/01_beards.txt" near line: 220
[09:25:08][pdx_persistent_reader.cpp:268]: Error: "Unknown trigger type: should_be_fully_naked_portrait_trigger, near line: 26" in file: "gfx/portraits/portrait_modifiers/01_clothes.txt" near line: 27
[09:25:08][pdx_persistent_reader.cpp:268]: Error: "Unknown trigger type: european_clothes_trigger, near line: 91" in file: "gfx/portraits/portrait_modifiers/01_clothes.txt" near line: 94
[09:25:08][pdx_persistent_reader.cpp:268]: Error: "Unknown trigger type: european_clothes_trigger, near line: 124
Unknown trigger type: south_american_clothes_character_trigger, near line: 126" in file: "gfx/portraits/portrait_modifiers/01_clothes.txt" near line: 131
[09:25:08][pdx_persistent_reader.cpp:268]: Error: "Unknown trigger type: slavic_clothes_trigger, near line: 134
Unknown trigger type: agitator_character_trigger, near line: 135" in file: "gfx/portraits/portrait_modifiers/01_clothes.txt" near line: 136
[09:25:08][pdx_persistent_reader.cpp:268]: Error: "Unknown trigger type: ruler_clothes_trigger, near line: 145
Unknown trigger type: republic_clothes_trigger, near line: 146" in file: "gfx/portraits/portrait_modifiers/01_clothes.txt" near line: 147
[09:25:08][pdx_persistent_reader.cpp:268]: Error: "Unknown trigger type: slavic_clothes_trigger, near line: 181
Unknown trigger type: agitator_character_trigger, near line: 182" in file: "gfx/portraits/portrait_modifiers/01_clothes.txt" near line: 183
[09:25:08][pdx_persistent_reader.cpp:268]: Error: "Unknown trigger type: agitator_character_trigger, near line: 200
Unknown trigger type: arabic_clothes_trigger, near line: 202" in file: "gfx/portraits/portrait_modifiers/01_clothes.txt" near line: 206
[09:25:08][pdx_persistent_reader.cpp:268]: Error: "Unknown trigger type: african_clothes_trigger, near line: 233
Unknown trigger type: agitator_character_trigger, near line: 234" in file: "gfx/portraits/portrait_modifiers/01_clothes.txt" near line: 235
[09:25:08][pdx_persistent_reader.cpp:268]: Error: "Unknown trigger type: south_american_clothes_character_trigger, near line: 265" in file: "gfx/portraits/portrait_modifiers/01_clothes.txt" near line: 272
[09:25:08][pdx_persistent_reader.cpp:268]: Error: "Unknown trigger type: agitator_character_trigger, near line: 284" in file: "gfx/portraits/portrait_modifiers/01_clothes.txt" near line: 285
[09:25:08][pdx_persistent_reader.cpp:268]: Error: "Unknown trigger type: agitator_character_trigger, near line: 332" in file: "gfx/portraits/portrait_modifiers/01_clothes.txt" near line: 333
[09:25:08][pdx_persistent_reader.cpp:268]: Error: "Unknown trigger type: agitator_character_trigger, near line: 378" in file: "gfx/portraits/portrait_modifiers/01_clothes.txt" near line: 379
[09:25:08][pdx_persistent_reader.cpp:268]: Error: "Unknown trigger type: agitator_character_trigger, near line: 420" in file: "gfx/portraits/portrait_modifiers/01_clothes.txt" near line: 421
[09:25:08][pdx_persistent_reader.cpp:268]: Error: "Unknown trigger type: korean_clothes_trigger, near line: 438
Unknown trigger type: agitator_character_trigger, near line: 439" in file: "gfx/portraits/portrait_modifiers/01_clothes.txt" near line: 440
[09:25:08][pdx_persistent_reader.cpp:268]: Error: "Unknown trigger type: indian_clothes_trigger, near line: 463
Unknown trigger type: agitator_character_trigger, near line: 464" in file: "gfx/portraits/portrait_modifiers/01_clothes.txt" near line: 465
[09:25:08][pdx_persistent_reader.cpp:268]: Error: "Unknown trigger type: monarchy_clothes_trigger, near line: 579" in file: "gfx/portraits/portrait_modifiers/01_clothes.txt" near line: 580
[09:25:08][pdx_persistent_reader.cpp:268]: Error: "Unknown trigger type: monarchy_clothes_trigger, near line: 626" in file: "gfx/portraits/portrait_modifiers/01_clothes.txt" near line: 627
[09:25:08][pdx_persistent_reader.cpp:268]: Error: "Unknown trigger type: soldier_clothes_pop_trigger, near line: 1880
Unknown trigger type: officers_clothes_pop_trigger, near line: 1881" in file: "gfx/portraits/portrait_modifiers/01_clothes.txt" near line: 1882
[09:25:08][pdx_persistent_reader.cpp:268]: Error: "Unknown trigger type: country_has_voting_franchise, near line: 1899" in file: "gfx/portraits/portrait_modifiers/01_clothes.txt" near line: 1903
[09:25:08][pdx_persistent_reader.cpp:268]: Error: "Unknown trigger type: armed_forces_clothes_trigger, near line: 3353
Unknown trigger type: politician_clothes_trigger, near line: 3354" in file: "gfx/portraits/portrait_modifiers/01_clothes.txt" near line: 3356
[09:25:08][pdx_persistent_reader.cpp:268]: Error: "Unknown trigger type: shopkeepers_clothes_pop_trigger, near line: 4647
Unknown trigger type: european_clothes_pop_trigger, near line: 4650
Unknown trigger type: slavic_clothes_pop_trigger, near line: 4655
Unknown trigger type: nordic_clothes_pop_trigger, near line: 4656" in file: "gfx/portraits/portrait_modifiers/01_clothes.txt" near line: 4657
[09:25:08][pdx_persistent_reader.cpp:268]: Error: "Unknown trigger type: african_diaspora_pop_clothes_trigger, near line: 4664
Unknown trigger type: native_american_clothes_pop_trigger, near line: 4666" in file: "gfx/portraits/portrait_modifiers/01_clothes.txt" near line: 4670
[09:25:08][pdx_persistent_reader.cpp:268]: Error: "Unknown trigger type: chinese_imperial_clothes_trigger, near line: 4692" in file: "gfx/portraits/portrait_modifiers/01_clothes.txt" near line: 4693
[09:25:08][pdx_persistent_reader.cpp:268]: Error: "Unknown trigger type: chinese_court_clothes_trigger, near line: 4711
Unknown trigger type: chinese_court_clothes_pop_trigger, near line: 4713
Unknown trigger type: officers_clothes_pop_trigger, near line: 4714" in file: "gfx/portraits/portrait_modifiers/01_clothes.txt" near line: 4715
[09:25:08][pdx_persistent_reader.cpp:268]: Error: "Unknown trigger type: agitator_character_trigger, near line: 4717" in file: "gfx/portraits/portrait_modifiers/01_clothes.txt" near line: 4718
[09:25:08][pdx_persistent_reader.cpp:268]: Error: "Unknown trigger type: east_asian_clothes_pop_trigger, near line: 4737
Unknown trigger type: soldier_clothes_pop_trigger, near line: 4738
Unknown trigger type: korean_clothes_pop_trigger, near line: 4739" in file: "gfx/portraits/portrait_modifiers/01_clothes.txt" near line: 4740
[09:25:08][pdx_persistent_reader.cpp:268]: Error: "Unknown trigger type: african_clothes_trigger, near line: 4815" in file: "gfx/portraits/portrait_modifiers/01_clothes.txt" near line: 4823
[09:25:08][pdx_persistent_reader.cpp:268]: Error: "Unknown trigger type: african_clothes_trigger, near line: 4850" in file: "gfx/portraits/portrait_modifiers/01_clothes.txt" near line: 4854
[09:25:08][pdx_persistent_reader.cpp:268]: Error: "Unknown trigger type: european_clothes_trigger, near line: 4875" in file: "gfx/portraits/portrait_modifiers/01_clothes.txt" near line: 4882
[09:25:08][pdx_persistent_reader.cpp:268]: Error: "Unknown trigger type: african_diaspora_clothes_trigger, near line: 4885" in file: "gfx/portraits/portrait_modifiers/01_clothes.txt" near line: 4886
[09:25:08][pdx_persistent_reader.cpp:268]: Error: "Unknown trigger type: american_clothes_trigger, near line: 4918
Unknown trigger type: british_empire_clothes_trigger, near line: 4919
Unknown trigger type: french_empire_clothes_trigger, near line: 4920
Unknown trigger type: russian_empire_clothes_trigger, near line: 4921
Unknown trigger type: european_clothes_trigger, near line: 4923" in file: "gfx/portraits/portrait_modifiers/01_clothes.txt" near line: 4929
[09:25:08][pdx_persistent_reader.cpp:268]: Error: "Unknown trigger type: african_diaspora_clothes_trigger, near line: 4931" in file: "gfx/portraits/portrait_modifiers/01_clothes.txt" near line: 4932
[09:25:08][pdx_persistent_reader.cpp:268]: Error: "Unknown trigger type: monarchy_clothes_trigger, near line: 4934" in file: "gfx/portraits/portrait_modifiers/01_clothes.txt" near line: 4940
[09:25:08][pdx_persistent_reader.cpp:268]: Error: "Unknown trigger type: american_clothes_trigger, near line: 4967
Unknown trigger type: british_empire_clothes_trigger, near line: 4968
Unknown trigger type: french_empire_clothes_trigger, near line: 4969
Unknown trigger type: russian_empire_clothes_trigger, near line: 4970
Unknown trigger type: european_clothes_trigger, near line: 4972" in file: "gfx/portraits/portrait_modifiers/01_clothes.txt" near line: 4978
[09:25:08][pdx_persistent_reader.cpp:268]: Error: "Unknown trigger type: african_diaspora_clothes_trigger, near line: 4980" in file: "gfx/portraits/portrait_modifiers/01_clothes.txt" near line: 4981
[09:25:08][pdx_persistent_reader.cpp:268]: Error: "Unknown trigger type: monarchy_clothes_trigger, near line: 4983" in file: "gfx/portraits/portrait_modifiers/01_clothes.txt" near line: 4988
[09:25:08][pdx_persistent_reader.cpp:268]: Error: "Unknown trigger type: european_clothes_trigger, near line: 5039
Unknown trigger type: african_diaspora_clothes_trigger, near line: 5040" in file: "gfx/portraits/portrait_modifiers/01_clothes.txt" near line: 5041
[09:25:08][pdx_persistent_reader.cpp:268]: Error: "Unknown trigger type: military_clothes_trigger, near line: 5042
Unknown trigger type: junta_clothes_trigger, near line: 5043
Unknown trigger type: ruler_clothes_trigger, near line: 5044
Unknown trigger type: republic_clothes_trigger, near line: 5045" in file: "gfx/portraits/portrait_modifiers/01_clothes.txt" near line: 5046
[09:25:08][pdx_persistent_reader.cpp:268]: Error: "Unknown trigger type: european_clothes_trigger, near line: 5081
Unknown trigger type: african_diaspora_clothes_trigger, near line: 5082" in file: "gfx/portraits/portrait_modifiers/01_clothes.txt" near line: 5083
[09:25:08][pdx_persistent_reader.cpp:268]: Error: "Unknown trigger type: military_clothes_trigger, near line: 5084
Unknown trigger type: junta_clothes_trigger, near line: 5085
Unknown trigger type: ruler_clothes_trigger, near line: 5086
Unknown trigger type: republic_clothes_trigger, near line: 5087" in file: "gfx/portraits/portrait_modifiers/01_clothes.txt" near line: 5088
[09:25:08][pdx_persistent_reader.cpp:268]: Error: "Unknown trigger type: european_clothes_trigger, near line: 5107" in file: "gfx/portraits/portrait_modifiers/01_clothes.txt" near line: 5114
[09:25:08][pdx_persistent_reader.cpp:268]: Error: "Unknown trigger type: african_diaspora_clothes_trigger, near line: 5117" in file: "gfx/portraits/portrait_modifiers/01_clothes.txt" near line: 5118
[09:25:08][pdx_persistent_reader.cpp:268]: Error: "Unknown trigger type: ruler_clothes_trigger, near line: 5119
Unknown trigger type: republic_clothes_trigger, near line: 5120" in file: "gfx/portraits/portrait_modifiers/01_clothes.txt" near line: 5125
[09:25:08][pdx_persistent_reader.cpp:268]: Error: "Unknown trigger type: american_clothes_trigger, near line: 5157
Unknown trigger type: arabic_clothes_trigger, near line: 5158
Unknown trigger type: british_empire_clothes_trigger, near line: 5159
Unknown trigger type: french_empire_clothes_trigger, near line: 5160
Unknown trigger type: russian_empire_clothes_trigger, near line: 5161
Unknown trigger type: ruler_clothes_trigger, near line: 5163
Unknown trigger type: ruler_clothes_trigger, near line: 5165
Unknown trigger type: military_clothes_trigger, near line: 5167
Unknown trigger type: armed_forces_clothes_trigger, near line: 5169
Unknown trigger type: politician_clothes_trigger, near line: 5171
Unknown trigger type: junta_clothes_trigger, near line: 5172" in file: "gfx/portraits/portrait_modifiers/01_clothes.txt" near line: 5173
[09:25:08][pdx_persistent_reader.cpp:268]: Error: "Unknown trigger type: european_clothes_trigger, near line: 5179" in file: "gfx/portraits/portrait_modifiers/01_clothes.txt" near line: 5186
[09:25:08][pdx_persistent_reader.cpp:268]: Error: "Unknown trigger type: african_diaspora_clothes_trigger, near line: 5189" in file: "gfx/portraits/portrait_modifiers/01_clothes.txt" near line: 5190
[09:25:08][pdx_persistent_reader.cpp:268]: Error: "Unknown trigger type: military_clothes_trigger, near line: 5192
Unknown trigger type: armed_forces_clothes_trigger, near line: 5194
Unknown trigger type: politician_clothes_trigger, near line: 5196
Unknown trigger type: junta_clothes_trigger, near line: 5197" in file: "gfx/portraits/portrait_modifiers/01_clothes.txt" near line: 5198
[09:25:08][pdx_persistent_reader.cpp:268]: Error: "Unknown trigger type: american_clothes_trigger, near line: 5244
Unknown trigger type: arabic_clothes_trigger, near line: 5245
Unknown trigger type: british_empire_clothes_trigger, near line: 5246
Unknown trigger type: french_empire_clothes_trigger, near line: 5247
Unknown trigger type: russian_empire_clothes_trigger, near line: 5248
Unknown trigger type: ruler_clothes_trigger, near line: 5250
Unknown trigger type: ruler_clothes_trigger, near line: 5252
Unknown trigger type: military_clothes_trigger, near line: 5254
Unknown trigger type: armed_forces_clothes_trigger, near line: 5256
Unknown trigger type: politician_clothes_trigger, near line: 5258
Unknown trigger type: junta_clothes_trigger, near line: 5259" in file: "gfx/portraits/portrait_modifiers/01_clothes.txt" near line: 5260
[09:25:08][pdx_persistent_reader.cpp:268]: Error: "Unknown trigger type: european_clothes_trigger, near line: 5266" in file: "gfx/portraits/portrait_modifiers/01_clothes.txt" near line: 5273
[09:25:08][pdx_persistent_reader.cpp:268]: Error: "Unknown trigger type: african_diaspora_clothes_trigger, near line: 5276" in file: "gfx/portraits/portrait_modifiers/01_clothes.txt" near line: 5277
[09:25:08][pdx_persistent_reader.cpp:268]: Error: "Unknown trigger type: military_clothes_trigger, near line: 5279
Unknown trigger type: armed_forces_clothes_trigger, near line: 5281
Unknown trigger type: politician_clothes_trigger, near line: 5283
Unknown trigger type: junta_clothes_trigger, near line: 5284" in file: "gfx/portraits/portrait_modifiers/01_clothes.txt" near line: 5285
[09:25:08][pdx_persistent_reader.cpp:268]: Error: "Unknown trigger type: american_clothes_trigger, near line: 5335
Unknown trigger type: arabic_clothes_trigger, near line: 5336
Unknown trigger type: british_empire_clothes_trigger, near line: 5337
Unknown trigger type: french_empire_clothes_trigger, near line: 5338
Unknown trigger type: russian_empire_clothes_pop_trigger, near line: 5339
Unknown trigger type: european_clothes_trigger, near line: 5341" in file: "gfx/portraits/portrait_modifiers/01_clothes.txt" near line: 5348
[09:25:08][pdx_persistent_reader.cpp:268]: Error: "Unknown trigger type: african_diaspora_clothes_trigger, near line: 5351" in file: "gfx/portraits/portrait_modifiers/01_clothes.txt" near line: 5352
[09:25:08][pdx_persistent_reader.cpp:268]: Error: "Unknown trigger type: armed_forces_clothes_trigger, near line: 5358
Unknown trigger type: politician_clothes_trigger, near line: 5360
Unknown trigger type: junta_clothes_trigger, near line: 5361" in file: "gfx/portraits/portrait_modifiers/01_clothes.txt" near line: 5362
[09:25:08][pdx_persistent_reader.cpp:268]: Error: "Unknown trigger type: monarchy_clothes_trigger, near line: 5363" in file: "gfx/portraits/portrait_modifiers/01_clothes.txt" near line: 5364
[09:25:08][pdx_persistent_reader.cpp:268]: Error: "Unknown trigger type: european_clothes_trigger, near line: 5403" in file: "gfx/portraits/portrait_modifiers/01_clothes.txt" near line: 5408
[09:25:08][pdx_persistent_reader.cpp:268]: Error: "Unknown trigger type: african_diaspora_clothes_trigger, near line: 5410" in file: "gfx/portraits/portrait_modifiers/01_clothes.txt" near line: 5411
[09:25:08][pdx_persistent_reader.cpp:268]: Error: "Unknown trigger type: european_clothes_trigger, near line: 5473" in file: "gfx/portraits/portrait_modifiers/01_clothes.txt" near line: 5478
[09:25:08][pdx_persistent_reader.cpp:268]: Error: "Unknown trigger type: african_diaspora_clothes_trigger, near line: 5480" in file: "gfx/portraits/portrait_modifiers/01_clothes.txt" near line: 5481
[09:25:08][pdx_persistent_reader.cpp:268]: Error: "Unknown trigger type: american_clothes_pop_trigger, near line: 5545
Unknown trigger type: officers_clothes_pop_trigger, near line: 5547
Unknown trigger type: soldier_clothes_pop_trigger, near line: 5548" in file: "gfx/portraits/portrait_modifiers/01_clothes.txt" near line: 5549
[09:25:08][pdx_persistent_reader.cpp:268]: Error: "Unknown trigger type: american_clothes_pop_trigger, near line: 5579
Unknown trigger type: officers_clothes_pop_trigger, near line: 5581
Unknown trigger type: soldier_clothes_pop_trigger, near line: 5582" in file: "gfx/portraits/portrait_modifiers/01_clothes.txt" near line: 5583
[09:25:08][pdx_persistent_reader.cpp:268]: Error: "Unknown trigger type: american_clothes_trigger, near line: 5587" in file: "gfx/portraits/portrait_modifiers/01_clothes.txt" near line: 5591
[09:25:08][pdx_persistent_reader.cpp:268]: Error: "Unknown trigger type: monarchy_clothes_trigger, near line: 5593" in file: "gfx/portraits/portrait_modifiers/01_clothes.txt" near line: 5598
[09:25:08][pdx_persistent_reader.cpp:268]: Error: "Unknown trigger type: armed_forces_clothes_trigger, near line: 5601
Unknown trigger type: politician_clothes_trigger, near line: 5603
Unknown trigger type: junta_clothes_trigger, near line: 5604" in file: "gfx/portraits/portrait_modifiers/01_clothes.txt" near line: 5605
[09:25:08][pdx_persistent_reader.cpp:268]: Error: "Unknown trigger type: american_clothes_pop_trigger, near line: 5634
Unknown trigger type: soldier_clothes_pop_trigger, near line: 5636
Unknown trigger type: officers_clothes_pop_trigger, near line: 5637" in file: "gfx/portraits/portrait_modifiers/01_clothes.txt" near line: 5638
[09:25:08][pdx_persistent_reader.cpp:268]: Error: "Unknown trigger type: american_clothes_pop_trigger, near line: 5686
Unknown trigger type: officers_clothes_pop_trigger, near line: 5687" in file: "gfx/portraits/portrait_modifiers/01_clothes.txt" near line: 5688
[09:25:08][pdx_persistent_reader.cpp:268]: Error: "Unknown trigger type: monarchy_clothes_trigger, near line: 5761
Unknown trigger type: armed_forces_clothes_trigger, near line: 5763
Unknown trigger type: politician_clothes_trigger, near line: 5765
Unknown trigger type: junta_clothes_trigger, near line: 5766" in file: "gfx/portraits/portrait_modifiers/01_clothes.txt" near line: 5767
[09:25:08][pdx_persistent_reader.cpp:268]: Error: "Unknown trigger type: british_empire_clothes_trigger, near line: 5850
Unknown trigger type: military_clothes_trigger, near line: 5852
Unknown trigger type: monarchy_clothes_trigger, near line: 5853
Unknown trigger type: armed_forces_clothes_trigger, near line: 5855
Unknown trigger type: politician_clothes_trigger, near line: 5857
Unknown trigger type: junta_clothes_trigger, near line: 5858" in file: "gfx/portraits/portrait_modifiers/01_clothes.txt" near line: 5859
[09:25:08][pdx_persistent_reader.cpp:268]: Error: "Unknown trigger type: british_empire_clothes_p_trigger, near line: 5864
Unknown trigger type: officers_clothes_pop_trigger, near line: 5865" in file: "gfx/portraits/portrait_modifiers/01_clothes.txt" near line: 5866
[09:25:08][pdx_persistent_reader.cpp:268]: Error: "Unknown trigger type: french_empire_clothes_trigger, near line: 5911
Unknown trigger type: military_clothes_trigger, near line: 5913
Unknown trigger type: monarchy_clothes_trigger, near line: 5914
Unknown trigger type: armed_forces_clothes_trigger, near line: 5916
Unknown trigger type: politician_clothes_trigger, near line: 5918
Unknown trigger type: junta_clothes_trigger, near line: 5919" in file: "gfx/portraits/portrait_modifiers/01_clothes.txt" near line: 5920
[09:25:08][pdx_persistent_reader.cpp:268]: Error: "Unknown trigger type: french_empire_clothes_trigger, near line: 5966
Unknown trigger type: military_clothes_trigger, near line: 5968
Unknown trigger type: monarchy_clothes_trigger, near line: 5969
Unknown trigger type: armed_forces_clothes_trigger, near line: 5971
Unknown trigger type: politician_clothes_trigger, near line: 5973
Unknown trigger type: junta_clothes_trigger, near line: 5974" in file: "gfx/portraits/portrait_modifiers/01_clothes.txt" near line: 5975
[09:25:08][pdx_persistent_reader.cpp:268]: Error: "Unknown trigger type: french_empire_clothes_pop_trigger, near line: 5980
Unknown trigger type: officers_clothes_pop_trigger, near line: 5981" in file: "gfx/portraits/portrait_modifiers/01_clothes.txt" near line: 5982
[09:25:08][pdx_persistent_reader.cpp:268]: Error: "Unknown trigger type: armed_forces_clothes_trigger, near line: 5995
Unknown trigger type: politician_clothes_trigger, near line: 5997
Unknown trigger type: junta_clothes_trigger, near line: 5998" in file: "gfx/portraits/portrait_modifiers/01_clothes.txt" near line: 5999
[09:25:08][pdx_persistent_reader.cpp:268]: Error: "Unknown trigger type: japanese_restoration_trigger, near line: 6005" in file: "gfx/portraits/portrait_modifiers/01_clothes.txt" near line: 6006
[09:25:08][pdx_persistent_reader.cpp:268]: Error: "Unknown trigger type: french_empire_clothes_pop_trigger, near line: 6031
Unknown trigger type: soldier_clothes_pop_trigger, near line: 6033
Unknown trigger type: officers_clothes_pop_trigger, near line: 6034" in file: "gfx/portraits/portrait_modifiers/01_clothes.txt" near line: 6035
[09:25:08][pdx_persistent_reader.cpp:268]: Error: "Unknown trigger type: japanese_restoration_trigger, near line: 6044" in file: "gfx/portraits/portrait_modifiers/01_clothes.txt" near line: 6045
[09:25:08][pdx_persistent_reader.cpp:268]: Error: "Unknown trigger type: soldier_clothes_pop_trigger, near line: 6047
Unknown trigger type: officers_clothes_pop_trigger, near line: 6048" in file: "gfx/portraits/portrait_modifiers/01_clothes.txt" near line: 6049
[09:25:08][pdx_persistent_reader.cpp:268]: Error: "Unknown trigger type: french_empire_clothes_trigger, near line: 6104" in file: "gfx/portraits/portrait_modifiers/01_clothes.txt" near line: 6108
[09:25:08][pdx_persistent_reader.cpp:268]: Error: "Unknown trigger type: armed_forces_clothes_trigger, near line: 6110
Unknown trigger type: politician_clothes_trigger, near line: 6112
Unknown trigger type: junta_clothes_trigger, near line: 6113" in file: "gfx/portraits/portrait_modifiers/01_clothes.txt" near line: 6114
[09:25:08][pdx_persistent_reader.cpp:268]: Error: "Unknown trigger type: french_empire_clothes_pop_trigger, near line: 6174
Unknown trigger type: soldier_clothes_pop_trigger, near line: 6176
Unknown trigger type: officers_clothes_pop_trigger, near line: 6177" in file: "gfx/portraits/portrait_modifiers/01_clothes.txt" near line: 6178
[09:25:08][pdx_persistent_reader.cpp:268]: Error: "Unknown trigger type: french_empire_clothes_pop_trigger, near line: 6214
Unknown trigger type: soldier_clothes_pop_trigger, near line: 6216
Unknown trigger type: officers_clothes_pop_trigger, near line: 6217" in file: "gfx/portraits/portrait_modifiers/01_clothes.txt" near line: 6218
[09:25:08][pdx_persistent_reader.cpp:268]: Error: "Unknown trigger type: officers_clothes_pop_trigger, near line: 6328
Unknown trigger type: soldier_clothes_pop_trigger, near line: 6329" in file: "gfx/portraits/portrait_modifiers/01_clothes.txt" near line: 6330
[09:25:08][pdx_persistent_reader.cpp:268]: Error: "Unknown trigger type: armed_forces_clothes_trigger, near line: 6344
Unknown trigger type: politician_clothes_trigger, near line: 6346
Unknown trigger type: junta_clothes_trigger, near line: 6347" in file: "gfx/portraits/portrait_modifiers/01_clothes.txt" near line: 6348
[09:25:08][pdx_persistent_reader.cpp:268]: Error: "Unknown trigger type: armed_forces_clothes_trigger, near line: 6365
Unknown trigger type: politician_clothes_trigger, near line: 6367
Unknown trigger type: junta_clothes_trigger, near line: 6368" in file: "gfx/portraits/portrait_modifiers/01_clothes.txt" near line: 6369
[09:25:08][pdx_persistent_reader.cpp:268]: Error: "Unknown trigger type: armed_forces_clothes_trigger, near line: 6437
Unknown trigger type: politician_clothes_trigger, near line: 6439
Unknown trigger type: junta_clothes_trigger, near line: 6440" in file: "gfx/portraits/portrait_modifiers/01_clothes.txt" near line: 6441
[09:25:08][pdx_persistent_reader.cpp:268]: Error: "Unknown trigger type: russian_empire_clothes_trigger, near line: 6512
Unknown trigger type: monarchy_clothes_trigger, near line: 6513" in file: "gfx/portraits/portrait_modifiers/01_clothes.txt" near line: 6514
[09:25:08][pdx_persistent_reader.cpp:268]: Error: "Unknown trigger type: russian_empire_clothes_trigger, near line: 6573
Unknown trigger type: monarchy_clothes_trigger, near line: 6574" in file: "gfx/portraits/portrait_modifiers/01_clothes.txt" near line: 6575
[09:25:08][pdx_persistent_reader.cpp:268]: Error: "Unknown trigger type: russian_empire_clothes_trigger, near line: 6640
Unknown trigger type: monarchy_clothes_trigger, near line: 6641" in file: "gfx/portraits/portrait_modifiers/01_clothes.txt" near line: 6642
[09:25:08][pdx_persistent_reader.cpp:268]: Error: "Unknown trigger type: russian_empire_clothes_trigger, near line: 6691
Unknown trigger type: military_clothes_trigger, near line: 6693
Unknown trigger type: armed_forces_clothes_trigger, near line: 6695
Unknown trigger type: politician_clothes_trigger, near line: 6697
Unknown trigger type: ruler_clothes_trigger, near line: 6698" in file: "gfx/portraits/portrait_modifiers/01_clothes.txt" near line: 6699
[09:25:08][pdx_persistent_reader.cpp:268]: Error: "Unknown trigger type: monarchy_clothes_trigger, near line: 6702" in file: "gfx/portraits/portrait_modifiers/01_clothes.txt" near line: 6703
[09:25:08][pdx_persistent_reader.cpp:268]: Error: "Unknown trigger type: russian_empire_clothes_trigger, near line: 6744
Unknown trigger type: military_clothes_trigger, near line: 6746
Unknown trigger type: armed_forces_clothes_trigger, near line: 6748
Unknown trigger type: politician_clothes_trigger, near line: 6750
Unknown trigger type: ruler_clothes_trigger, near line: 6751" in file: "gfx/portraits/portrait_modifiers/01_clothes.txt" near line: 6752
[09:25:08][pdx_persistent_reader.cpp:268]: Error: "Unknown trigger type: monarchy_clothes_trigger, near line: 6755" in file: "gfx/portraits/portrait_modifiers/01_clothes.txt" near line: 6756
[09:25:08][pdx_persistent_reader.cpp:268]: Error: "Unknown trigger type: military_clothes_trigger, near line: 6808
Unknown trigger type: armed_forces_clothes_trigger, near line: 6810
Unknown trigger type: politician_clothes_trigger, near line: 6812
Unknown trigger type: junta_clothes_trigger, near line: 6813" in file: "gfx/portraits/portrait_modifiers/01_clothes.txt" near line: 6814
[09:25:08][pdx_persistent_reader.cpp:268]: Error: "Unknown trigger type: russian_empire_clothes_pop_trigger, near line: 6909
Unknown trigger type: soldier_clothes_pop_trigger, near line: 6911
Unknown trigger type: officers_clothes_pop_trigger, near line: 6912" in file: "gfx/portraits/portrait_modifiers/01_clothes.txt" near line: 6913
[09:25:08][pdx_persistent_reader.cpp:268]: Error: "Unknown trigger type: russian_empire_clothes_trigger, near line: 6968
Unknown trigger type: military_clothes_trigger, near line: 6971
Unknown trigger type: armed_forces_clothes_trigger, near line: 6973
Unknown trigger type: politician_clothes_trigger, near line: 6975
Unknown trigger type: ruler_clothes_trigger, near line: 6976" in file: "gfx/portraits/portrait_modifiers/01_clothes.txt" near line: 6977
[09:25:08][pdx_persistent_reader.cpp:268]: Error: "Unknown trigger type: monarchy_clothes_trigger, near line: 6986" in file: "gfx/portraits/portrait_modifiers/01_clothes.txt" near line: 6987
[09:25:08][pdx_persistent_reader.cpp:268]: Error: "Unknown trigger type: russian_empire_clothes_trigger, near line: 7035
Unknown trigger type: military_clothes_trigger, near line: 7038
Unknown trigger type: armed_forces_clothes_trigger, near line: 7040
Unknown trigger type: politician_clothes_trigger, near line: 7042
Unknown trigger type: ruler_clothes_trigger, near line: 7043" in file: "gfx/portraits/portrait_modifiers/01_clothes.txt" near line: 7044
[09:25:08][pdx_persistent_reader.cpp:268]: Error: "Unknown trigger type: monarchy_clothes_trigger, near line: 7057" in file: "gfx/portraits/portrait_modifiers/01_clothes.txt" near line: 7058
[09:25:08][pdx_persistent_reader.cpp:268]: Error: "Unknown trigger type: russian_empire_clothes_pop_trigger, near line: 7094
Unknown trigger type: soldier_clothes_pop_trigger, near line: 7096
Unknown trigger type: officers_clothes_pop_trigger, near line: 7097" in file: "gfx/portraits/portrait_modifiers/01_clothes.txt" near line: 7098
[09:25:08][pdx_persistent_reader.cpp:268]: Error: "Unknown trigger type: russian_empire_clothes_pop_trigger, near line: 7134
Unknown trigger type: soldier_clothes_pop_trigger, near line: 7136
Unknown trigger type: officers_clothes_pop_trigger, near line: 7137" in file: "gfx/portraits/portrait_modifiers/01_clothes.txt" near line: 7138
[09:25:08][pdx_persistent_reader.cpp:268]: Error: "Unknown trigger type: military_clothes_trigger, near line: 7193
Unknown trigger type: monarchy_clothes_trigger, near line: 7194
Unknown trigger type: armed_forces_clothes_trigger, near line: 7196
Unknown trigger type: politician_clothes_trigger, near line: 7198
Unknown trigger type: junta_clothes_trigger, near line: 7199" in file: "gfx/portraits/portrait_modifiers/01_clothes.txt" near line: 7200
[09:25:08][pdx_persistent_reader.cpp:268]: Error: "Unknown trigger type: officers_clothes_pop_trigger, near line: 7217" in file: "gfx/portraits/portrait_modifiers/01_clothes.txt" near line: 7218
[09:25:08][pdx_persistent_reader.cpp:268]: Error: "Unknown trigger type: soldier_clothes_pop_trigger, near line: 7256" in file: "gfx/portraits/portrait_modifiers/01_clothes.txt" near line: 7257
[09:25:08][pdx_persistent_reader.cpp:268]: Error: "Unknown trigger type: officers_clothes_pop_trigger, near line: 7298
Unknown trigger type: soldier_clothes_pop_trigger, near line: 7299" in file: "gfx/portraits/portrait_modifiers/01_clothes.txt" near line: 7300
[09:25:08][pdx_persistent_reader.cpp:268]: Error: "Unknown trigger type: japanese_restoration_trigger, near line: 7336" in file: "gfx/portraits/portrait_modifiers/01_clothes.txt" near line: 7337
[09:25:08][pdx_persistent_reader.cpp:268]: Error: "Unknown trigger type: japanese_restoration_trigger, near line: 7380" in file: "gfx/portraits/portrait_modifiers/01_clothes.txt" near line: 7381
[09:25:08][pdx_persistent_reader.cpp:268]: Error: "Unknown trigger type: armed_forces_clothes_trigger, near line: 7395
Unknown trigger type: politician_clothes_trigger, near line: 7397
Unknown trigger type: junta_clothes_trigger, near line: 7398" in file: "gfx/portraits/portrait_modifiers/01_clothes.txt" near line: 7399
[09:25:08][pdx_persistent_reader.cpp:268]: Error: "Unknown trigger type: japanese_restoration_trigger, near line: 7405" in file: "gfx/portraits/portrait_modifiers/01_clothes.txt" near line: 7406
[09:25:08][pdx_persistent_reader.cpp:268]: Error: "Unknown trigger type: japanese_restoration_trigger, near line: 7449" in file: "gfx/portraits/portrait_modifiers/01_clothes.txt" near line: 7450
[09:25:08][pdx_persistent_reader.cpp:268]: Error: "Unknown trigger type: armed_forces_clothes_trigger, near line: 7464
Unknown trigger type: politician_clothes_trigger, near line: 7466
Unknown trigger type: junta_clothes_trigger, near line: 7467" in file: "gfx/portraits/portrait_modifiers/01_clothes.txt" near line: 7468
[09:25:08][pdx_persistent_reader.cpp:268]: Error: "Unknown trigger type: japanese_restoration_trigger, near line: 7474" in file: "gfx/portraits/portrait_modifiers/01_clothes.txt" near line: 7475
[09:25:08][pdx_persistent_reader.cpp:268]: Error: "Unknown trigger type: japanese_restoration_trigger, near line: 7525" in file: "gfx/portraits/portrait_modifiers/01_clothes.txt" near line: 7526
[09:25:08][pdx_persistent_reader.cpp:268]: Error: "Unknown trigger type: japanese_restoration_trigger, near line: 7569" in file: "gfx/portraits/portrait_modifiers/01_clothes.txt" near line: 7570
[09:25:08][pdx_persistent_reader.cpp:268]: Error: "Unknown trigger type: armed_forces_clothes_trigger, near line: 7632
Unknown trigger type: politician_clothes_trigger, near line: 7633" in file: "gfx/portraits/portrait_modifiers/01_clothes.txt" near line: 7634
[09:25:08][pdx_persistent_reader.cpp:268]: Error: "Unknown trigger type: japanese_restoration_trigger, near line: 7640" in file: "gfx/portraits/portrait_modifiers/01_clothes.txt" near line: 7641
[09:25:08][pdx_persistent_reader.cpp:268]: Error: "Unknown trigger type: is_in_cold_land_hq_trigger, near line: 7690
Unknown trigger type: is_in_hot_land_hq_trigger, near line: 7692" in file: "gfx/portraits/portrait_modifiers/01_clothes.txt" near line: 7696
[09:25:08][pdx_persistent_reader.cpp:268]: Error: "Unknown trigger type: japanese_restoration_trigger, near line: 7702" in file: "gfx/portraits/portrait_modifiers/01_clothes.txt" near line: 7703
[09:25:08][pdx_persistent_reader.cpp:268]: Error: "Unknown trigger type: japanese_restoration_trigger, near line: 7753" in file: "gfx/portraits/portrait_modifiers/01_clothes.txt" near line: 7754
[09:25:08][pdx_persistent_reader.cpp:268]: Error: "Unknown trigger type: japanese_restoration_trigger, near line: 7798" in file: "gfx/portraits/portrait_modifiers/01_clothes.txt" near line: 7799
[09:25:08][pdx_persistent_reader.cpp:268]: Error: "Unknown trigger type: armed_forces_clothes_trigger, near line: 7816
Unknown trigger type: politician_clothes_trigger, near line: 7817" in file: "gfx/portraits/portrait_modifiers/01_clothes.txt" near line: 7818
[09:25:08][pdx_persistent_reader.cpp:268]: Error: "Unknown trigger type: japanese_restoration_trigger, near line: 7824" in file: "gfx/portraits/portrait_modifiers/01_clothes.txt" near line: 7825
[09:25:08][pdx_persistent_reader.cpp:268]: Error: "Unknown trigger type: japanese_restoration_trigger, near line: 7875" in file: "gfx/portraits/portrait_modifiers/01_clothes.txt" near line: 7876
[09:25:08][pdx_persistent_reader.cpp:268]: Error: "Unknown trigger type: japanese_restoration_trigger, near line: 7921" in file: "gfx/portraits/portrait_modifiers/01_clothes.txt" near line: 7922
[09:25:08][pdx_persistent_reader.cpp:268]: Error: "Unknown trigger type: armed_forces_clothes_trigger, near line: 7939
Unknown trigger type: politician_clothes_trigger, near line: 7940" in file: "gfx/portraits/portrait_modifiers/01_clothes.txt" near line: 7941
[09:25:08][pdx_persistent_reader.cpp:268]: Error: "Unknown trigger type: japanese_restoration_trigger, near line: 7947" in file: "gfx/portraits/portrait_modifiers/01_clothes.txt" near line: 7948
[09:25:08][pdx_persistent_reader.cpp:268]: Error: "Unknown trigger type: japanese_restoration_trigger, near line: 7999" in file: "gfx/portraits/portrait_modifiers/01_clothes.txt" near line: 8000
[09:25:08][pdx_persistent_reader.cpp:268]: Error: "Unknown trigger type: japanese_restoration_trigger, near line: 8051" in file: "gfx/portraits/portrait_modifiers/01_clothes.txt" near line: 8052
[09:25:08][pdx_persistent_reader.cpp:268]: Error: "Unknown trigger type: armed_forces_clothes_trigger, near line: 8069
Unknown trigger type: politician_clothes_trigger, near line: 8070" in file: "gfx/portraits/portrait_modifiers/01_clothes.txt" near line: 8071
[09:25:08][pdx_persistent_reader.cpp:268]: Error: "Unknown trigger type: japanese_restoration_trigger, near line: 8084" in file: "gfx/portraits/portrait_modifiers/01_clothes.txt" near line: 8085
[09:25:08][pdx_persistent_reader.cpp:268]: Error: "Unknown trigger type: japanese_restoration_trigger, near line: 8134" in file: "gfx/portraits/portrait_modifiers/01_clothes.txt" near line: 8137
[09:25:08][pdx_persistent_reader.cpp:268]: Error: "Unknown trigger type: japanese_restoration_trigger, near line: 8185" in file: "gfx/portraits/portrait_modifiers/01_clothes.txt" near line: 8188
[09:25:08][pdx_persistent_reader.cpp:268]: Error: "Unknown trigger type: japanese_restoration_trigger, near line: 8236" in file: "gfx/portraits/portrait_modifiers/01_clothes.txt" near line: 8239
[09:25:08][pdx_persistent_reader.cpp:268]: Error: "Unknown trigger type: japanese_restoration_trigger, near line: 8287" in file: "gfx/portraits/portrait_modifiers/01_clothes.txt" near line: 8290
[09:25:08][pdx_persistent_reader.cpp:268]: Error: "Unknown trigger type: japanese_restoration_trigger, near line: 8332" in file: "gfx/portraits/portrait_modifiers/01_clothes.txt" near line: 8333
[09:25:08][pdx_persistent_reader.cpp:268]: Error: "Unknown trigger type: austrian_empire_clothes_trigger, near line: 8400
Unknown trigger type: military_clothes_trigger, near line: 8402
Unknown trigger type: monarchy_clothes_trigger, near line: 8403
Unknown trigger type: armed_forces_clothes_trigger, near line: 8405
Unknown trigger type: politician_clothes_trigger, near line: 8407
Unknown trigger type: ruler_clothes_trigger, near line: 8408" in file: "gfx/portraits/portrait_modifiers/01_clothes.txt" near line: 8409
[09:25:08][pdx_persistent_reader.cpp:268]: Error: "Unknown trigger type: austrian_empire_clothes_trigger, near line: 8467
Unknown trigger type: military_clothes_trigger, near line: 8469
Unknown trigger type: monarchy_clothes_trigger, near line: 8470
Unknown trigger type: armed_forces_clothes_trigger, near line: 8472
Unknown trigger type: politician_clothes_trigger, near line: 8474
Unknown trigger type: ruler_clothes_trigger, near line: 8475" in file: "gfx/portraits/portrait_modifiers/01_clothes.txt" near line: 8476
[09:25:08][pdx_persistent_reader.cpp:268]: Error: "Unknown trigger type: austrian_empire_clothes_pop_trigger, near line: 8521
Unknown trigger type: soldier_clothes_pop_trigger, near line: 8522" in file: "gfx/portraits/portrait_modifiers/01_clothes.txt" near line: 8523
[09:25:08][pdx_persistent_reader.cpp:268]: Error: "Unknown trigger type: austrian_empire_clothes_pop_trigger, near line: 8563
Unknown trigger type: officers_clothes_pop_trigger, near line: 8564" in file: "gfx/portraits/portrait_modifiers/01_clothes.txt" near line: 8565
[09:25:08][pdx_persistent_reader.cpp:268]: Error: "Unknown trigger type: austrian_empire_clothes_trigger, near line: 8631
Unknown trigger type: military_clothes_trigger, near line: 8633
Unknown trigger type: monarchy_clothes_trigger, near line: 8634
Unknown trigger type: armed_forces_clothes_trigger, near line: 8636
Unknown trigger type: politician_clothes_trigger, near line: 8638
Unknown trigger type: ruler_clothes_trigger, near line: 8639" in file: "gfx/portraits/portrait_modifiers/01_clothes.txt" near line: 8640
[09:25:08][pdx_persistent_reader.cpp:268]: Error: "Unknown trigger type: austrian_empire_clothes_trigger, near line: 8701
Unknown trigger type: military_clothes_trigger, near line: 8703
Unknown trigger type: monarchy_clothes_trigger, near line: 8704
Unknown trigger type: armed_forces_clothes_trigger, near line: 8706
Unknown trigger type: politician_clothes_trigger, near line: 8708
Unknown trigger type: ruler_clothes_trigger, near line: 8709" in file: "gfx/portraits/portrait_modifiers/01_clothes.txt" near line: 8710
[09:25:08][pdx_persistent_reader.cpp:268]: Error: "Unknown trigger type: austrian_empire_clothes_pop_trigger, near line: 8759
Unknown trigger type: soldier_clothes_pop_trigger, near line: 8760" in file: "gfx/portraits/portrait_modifiers/01_clothes.txt" near line: 8761
[09:25:08][pdx_persistent_reader.cpp:268]: Error: "Unknown trigger type: austrian_empire_clothes_pop_trigger, near line: 8809
Unknown trigger type: officers_clothes_pop_trigger, near line: 8810" in file: "gfx/portraits/portrait_modifiers/01_clothes.txt" near line: 8811
[09:25:08][pdx_persistent_reader.cpp:268]: Error: "Unknown trigger type: austrian_empire_clothes_pop_trigger, near line: 8864
Unknown trigger type: officers_clothes_pop_trigger, near line: 8866
Unknown trigger type: soldier_clothes_pop_trigger, near line: 8867" in file: "gfx/portraits/portrait_modifiers/01_clothes.txt" near line: 8868
[09:25:08][pdx_persistent_reader.cpp:268]: Error: "Unknown trigger type: austrian_empire_clothes_pop_trigger, near line: 8904
Unknown trigger type: officers_clothes_pop_trigger, near line: 8906
Unknown trigger type: soldier_clothes_pop_trigger, near line: 8907" in file: "gfx/portraits/portrait_modifiers/01_clothes.txt" near line: 8908
[09:25:08][pdx_persistent_reader.cpp:268]: Error: "Unknown trigger type: austrian_empire_clothes_trigger, near line: 8984
Unknown trigger type: military_clothes_trigger, near line: 8986
Unknown trigger type: monarchy_clothes_trigger, near line: 8987
Unknown trigger type: armed_forces_clothes_trigger, near line: 8989
Unknown trigger type: politician_clothes_trigger, near line: 8991
Unknown trigger type: ruler_clothes_trigger, near line: 8992" in file: "gfx/portraits/portrait_modifiers/01_clothes.txt" near line: 8993
[09:25:08][pdx_persistent_reader.cpp:268]: Error: "Unknown trigger type: austrian_empire_clothes_trigger, near line: 9067
Unknown trigger type: military_clothes_trigger, near line: 9069
Unknown trigger type: monarchy_clothes_trigger, near line: 9070
Unknown trigger type: armed_forces_clothes_trigger, near line: 9072
Unknown trigger type: politician_clothes_trigger, near line: 9074
Unknown trigger type: ruler_clothes_trigger, near line: 9075" in file: "gfx/portraits/portrait_modifiers/01_clothes.txt" near line: 9076
[09:25:08][pdx_persistent_reader.cpp:268]: Error: "Unknown trigger type: independent_hungarian_clothes_trigger, near line: 9137
Unknown trigger type: military_clothes_trigger, near line: 9139
Unknown trigger type: monarchy_clothes_trigger, near line: 9140
Unknown trigger type: armed_forces_clothes_trigger, near line: 9142
Unknown trigger type: politician_clothes_trigger, near line: 9144
Unknown trigger type: ruler_clothes_trigger, near line: 9145" in file: "gfx/portraits/portrait_modifiers/01_clothes.txt" near line: 9146
[09:25:08][pdx_persistent_reader.cpp:268]: Error: "Unknown trigger type: independent_hungarian_clothes_trigger, near line: 9209
Unknown trigger type: military_clothes_trigger, near line: 9211
Unknown trigger type: armed_forces_clothes_trigger, near line: 9213
Unknown trigger type: politician_clothes_trigger, near line: 9215
Unknown trigger type: ruler_clothes_trigger, near line: 9216" in file: "gfx/portraits/portrait_modifiers/01_clothes.txt" near line: 9217
[09:25:08][pdx_persistent_reader.cpp:268]: Error: "Unknown trigger type: independent_hungarian_clothes_trigger, near line: 9274
Unknown trigger type: military_clothes_trigger, near line: 9276
Unknown trigger type: armed_forces_clothes_trigger, near line: 9278
Unknown trigger type: politician_clothes_trigger, near line: 9280
Unknown trigger type: ruler_clothes_trigger, near line: 9281" in file: "gfx/portraits/portrait_modifiers/01_clothes.txt" near line: 9282
[09:25:08][pdx_persistent_reader.cpp:268]: Error: "Unknown trigger type: independent_hungarian_clothes_pop_trigger, near line: 9325
Unknown trigger type: soldier_clothes_pop_trigger, near line: 9327" in file: "gfx/portraits/portrait_modifiers/01_clothes.txt" near line: 9328
[09:25:08][pdx_persistent_reader.cpp:268]: Error: "Unknown trigger type: independent_hungarian_clothes_pop_trigger, near line: 9370
Unknown trigger type: officers_clothes_pop_trigger, near line: 9372" in file: "gfx/portraits/portrait_modifiers/01_clothes.txt" near line: 9373
[09:25:08][pdx_persistent_reader.cpp:268]: Error: "Unknown trigger type: independent_hungarian_clothes_pop_trigger, near line: 9419
Unknown trigger type: soldier_clothes_pop_trigger, near line: 9422
Unknown trigger type: officers_clothes_pop_trigger, near line: 9423" in file: "gfx/portraits/portrait_modifiers/01_clothes.txt" near line: 9424
[09:25:08][pdx_persistent_reader.cpp:268]: Error: "Unknown trigger type: independent_hungarian_clothes_pop_trigger, near line: 9459
Unknown trigger type: soldier_clothes_pop_trigger, near line: 9462
Unknown trigger type: officers_clothes_pop_trigger, near line: 9463" in file: "gfx/portraits/portrait_modifiers/01_clothes.txt" near line: 9464
[09:25:08][pdx_persistent_reader.cpp:268]: Error: "Unknown trigger type: bulgarian_clothes_trigger, near line: 9515
Unknown trigger type: monarchy_clothes_trigger, near line: 9518
Unknown trigger type: military_clothes_trigger, near line: 9521
Unknown trigger type: armed_forces_clothes_trigger, near line: 9523
Unknown trigger type: politician_clothes_trigger, near line: 9525
Unknown trigger type: ruler_clothes_trigger, near line: 9526" in file: "gfx/portraits/portrait_modifiers/01_clothes.txt" near line: 9527
[09:25:08][pdx_persistent_reader.cpp:268]: Error: "Unknown trigger type: bulgarian_clothes_trigger, near line: 9583
Unknown trigger type: military_clothes_trigger, near line: 9587
Unknown trigger type: armed_forces_clothes_trigger, near line: 9589
Unknown trigger type: politician_clothes_trigger, near line: 9591
Unknown trigger type: ruler_clothes_trigger, near line: 9592" in file: "gfx/portraits/portrait_modifiers/01_clothes.txt" near line: 9593
[09:25:08][pdx_persistent_reader.cpp:268]: Error: "Unknown trigger type: bulgarian_clothes_trigger, near line: 9652
Unknown trigger type: military_clothes_trigger, near line: 9656
Unknown trigger type: armed_forces_clothes_trigger, near line: 9658
Unknown trigger type: politician_clothes_trigger, near line: 9660
Unknown trigger type: ruler_clothes_trigger, near line: 9661" in file: "gfx/portraits/portrait_modifiers/01_clothes.txt" near line: 9662
[09:25:08][pdx_persistent_reader.cpp:268]: Error: "Unknown trigger type: bulgarian_clothes_pop_trigger, near line: 9698
Unknown trigger type: soldier_clothes_pop_trigger, near line: 9700
Unknown trigger type: officers_clothes_pop_trigger, near line: 9701" in file: "gfx/portraits/portrait_modifiers/01_clothes.txt" near line: 9702
[09:25:08][pdx_persistent_reader.cpp:268]: Error: "Unknown trigger type: bulgarian_clothes_pop_trigger, near line: 9749
Unknown trigger type: soldier_clothes_pop_trigger, near line: 9750" in file: "gfx/portraits/portrait_modifiers/01_clothes.txt" near line: 9755
[09:25:08][pdx_persistent_reader.cpp:268]: Error: "Unknown trigger type: bulgarian_clothes_pop_trigger, near line: 9786
Unknown trigger type: soldier_clothes_pop_trigger, near line: 9787" in file: "gfx/portraits/portrait_modifiers/01_clothes.txt" near line: 9792
[09:25:08][pdx_persistent_reader.cpp:268]: Error: "Unknown trigger type: bulgarian_clothes_pop_trigger, near line: 9833
Unknown trigger type: officers_clothes_pop_trigger, near line: 9834" in file: "gfx/portraits/portrait_modifiers/01_clothes.txt" near line: 9839
[09:25:08][pdx_persistent_reader.cpp:268]: Error: "Unknown trigger type: bulgarian_clothes_pop_trigger, near line: 9870
Unknown trigger type: officers_clothes_pop_trigger, near line: 9871" in file: "gfx/portraits/portrait_modifiers/01_clothes.txt" near line: 9876
[09:25:08][pdx_persistent_reader.cpp:268]: Error: "Unknown trigger type: serbian_clothes_trigger, near line: 9941
Unknown trigger type: montenegrin_clothes_trigger, near line: 9942" in file: "gfx/portraits/portrait_modifiers/01_clothes.txt" near line: 9943
[09:25:08][pdx_persistent_reader.cpp:268]: Error: "Unknown trigger type: serbian_clothes_pop_trigger, near line: 10003
Unknown trigger type: soldier_clothes_pop_trigger, near line: 10005" in file: "gfx/portraits/portrait_modifiers/01_clothes.txt" near line: 10006
[09:25:08][pdx_persistent_reader.cpp:268]: Error: "Unknown trigger type: serbian_clothes_trigger, near line: 10056
Unknown trigger type: monarchy_clothes_trigger, near line: 10060
Unknown trigger type: military_clothes_trigger, near line: 10061
Unknown trigger type: armed_forces_clothes_trigger, near line: 10063
Unknown trigger type: politician_clothes_trigger, near line: 10065
Unknown trigger type: ruler_clothes_trigger, near line: 10066" in file: "gfx/portraits/portrait_modifiers/01_clothes.txt" near line: 10067
[09:25:08][pdx_persistent_reader.cpp:268]: Error: "Unknown trigger type: serbian_clothes_trigger, near line: 10128
Unknown trigger type: monarchy_clothes_trigger, near line: 10132
Unknown trigger type: military_clothes_trigger, near line: 10133
Unknown trigger type: armed_forces_clothes_trigger, near line: 10135
Unknown trigger type: politician_clothes_trigger, near line: 10137
Unknown trigger type: ruler_clothes_trigger, near line: 10138" in file: "gfx/portraits/portrait_modifiers/01_clothes.txt" near line: 10139
[09:25:08][pdx_persistent_reader.cpp:268]: Error: "Unknown trigger type: serbian_clothes_trigger, near line: 10199" in file: "gfx/portraits/portrait_modifiers/01_clothes.txt" near line: 10205
[09:25:08][pdx_persistent_reader.cpp:268]: Error: "Unknown trigger type: military_clothes_trigger, near line: 10206
Unknown trigger type: armed_forces_clothes_trigger, near line: 10208
Unknown trigger type: politician_clothes_trigger, near line: 10210
Unknown trigger type: ruler_clothes_trigger, near line: 10211" in file: "gfx/portraits/portrait_modifiers/01_clothes.txt" near line: 10212
[09:25:08][pdx_persistent_reader.cpp:268]: Error: "Unknown trigger type: serbian_clothes_trigger, near line: 10271" in file: "gfx/portraits/portrait_modifiers/01_clothes.txt" near line: 10277
[09:25:08][pdx_persistent_reader.cpp:268]: Error: "Unknown trigger type: military_clothes_trigger, near line: 10278
Unknown trigger type: armed_forces_clothes_trigger, near line: 10280
Unknown trigger type: politician_clothes_trigger, near line: 10282
Unknown trigger type: ruler_clothes_trigger, near line: 10283" in file: "gfx/portraits/portrait_modifiers/01_clothes.txt" near line: 10284
[09:25:08][pdx_persistent_reader.cpp:268]: Error: "Unknown trigger type: serbian_clothes_trigger, near line: 10353
Unknown trigger type: monarchy_clothes_trigger, near line: 10358
Unknown trigger type: ruler_clothes_trigger, near line: 10359" in file: "gfx/portraits/portrait_modifiers/01_clothes.txt" near line: 10360
[09:25:08][pdx_persistent_reader.cpp:268]: Error: "Unknown trigger type: serbian_clothes_pop_trigger, near line: 10405
Unknown trigger type: soldier_clothes_pop_trigger, near line: 10407" in file: "gfx/portraits/portrait_modifiers/01_clothes.txt" near line: 10408
[09:25:08][pdx_persistent_reader.cpp:268]: Error: "Unknown trigger type: serbian_clothes_pop_trigger, near line: 10444
Unknown trigger type: officers_clothes_pop_trigger, near line: 10446" in file: "gfx/portraits/portrait_modifiers/01_clothes.txt" near line: 10447
[09:25:08][pdx_persistent_reader.cpp:268]: Error: "Unknown trigger type: serbian_clothes_pop_trigger, near line: 10488
Unknown trigger type: officers_clothes_pop_trigger, near line: 10491
Unknown trigger type: soldier_clothes_pop_trigger, near line: 10492" in file: "gfx/portraits/portrait_modifiers/01_clothes.txt" near line: 10493
[09:25:08][pdx_persistent_reader.cpp:268]: Error: "Unknown trigger type: serbian_clothes_pop_trigger, near line: 10532
Unknown trigger type: officers_clothes_pop_trigger, near line: 10535
Unknown trigger type: soldier_clothes_pop_trigger, near line: 10536" in file: "gfx/portraits/portrait_modifiers/01_clothes.txt" near line: 10537
[09:25:08][pdx_persistent_reader.cpp:268]: Error: "Unknown trigger type: serbian_clothes_pop_trigger, near line: 10580
Unknown trigger type: officers_clothes_pop_trigger, near line: 10583
Unknown trigger type: soldier_clothes_pop_trigger, near line: 10584" in file: "gfx/portraits/portrait_modifiers/01_clothes.txt" near line: 10585
[09:25:08][pdx_persistent_reader.cpp:268]: Error: "Unknown trigger type: serbian_clothes_pop_trigger, near line: 10620
Unknown trigger type: officers_clothes_pop_trigger, near line: 10623
Unknown trigger type: soldier_clothes_pop_trigger, near line: 10624" in file: "gfx/portraits/portrait_modifiers/01_clothes.txt" near line: 10625
[09:25:08][pdx_persistent_reader.cpp:268]: Error: "Unknown trigger type: romanian_clothes_trigger, near line: 10682" in file: "gfx/portraits/portrait_modifiers/01_clothes.txt" near line: 10686
[09:25:08][pdx_persistent_reader.cpp:268]: Error: "Unknown trigger type: monarchy_clothes_trigger, near line: 10691
Unknown trigger type: military_clothes_trigger, near line: 10692
Unknown trigger type: armed_forces_clothes_trigger, near line: 10694
Unknown trigger type: politician_clothes_trigger, near line: 10696
Unknown trigger type: ruler_clothes_trigger, near line: 10697" in file: "gfx/portraits/portrait_modifiers/01_clothes.txt" near line: 10698
[09:25:08][pdx_persistent_reader.cpp:268]: Error: "Unknown trigger type: romanian_clothes_pop_trigger, near line: 10747
Unknown trigger type: soldier_clothes_pop_trigger, near line: 10749
Unknown trigger type: officers_clothes_pop_trigger, near line: 10750" in file: "gfx/portraits/portrait_modifiers/01_clothes.txt" near line: 10751
[09:25:08][pdx_persistent_reader.cpp:268]: Error: "Unknown trigger type: romanian_clothes_pop_trigger, near line: 10793
Unknown trigger type: soldier_clothes_pop_trigger, near line: 10794" in file: "gfx/portraits/portrait_modifiers/01_clothes.txt" near line: 10795
[09:25:08][pdx_persistent_reader.cpp:268]: Error: "Unknown trigger type: romanian_clothes_pop_trigger, near line: 10842
Unknown trigger type: officers_clothes_pop_trigger, near line: 10843" in file: "gfx/portraits/portrait_modifiers/01_clothes.txt" near line: 10844
[09:25:08][pdx_persistent_reader.cpp:268]: Error: "Unknown trigger type: romanian_clothes_trigger, near line: 10894" in file: "gfx/portraits/portrait_modifiers/01_clothes.txt" near line: 10900
[09:25:08][pdx_persistent_reader.cpp:268]: Error: "Unknown trigger type: monarchy_clothes_trigger, near line: 10906
Unknown trigger type: military_clothes_trigger, near line: 10907
Unknown trigger type: armed_forces_clothes_trigger, near line: 10909
Unknown trigger type: politician_clothes_trigger, near line: 10911
Unknown trigger type: ruler_clothes_trigger, near line: 10912" in file: "gfx/portraits/portrait_modifiers/01_clothes.txt" near line: 10913
[09:25:08][pdx_persistent_reader.cpp:268]: Error: "Unknown trigger type: romanian_clothes_trigger, near line: 10974
Unknown trigger type: monarchy_clothes_trigger, near line: 10978
Unknown trigger type: military_clothes_trigger, near line: 10979
Unknown trigger type: armed_forces_clothes_trigger, near line: 10981
Unknown trigger type: politician_clothes_trigger, near line: 10983
Unknown trigger type: ruler_clothes_trigger, near line: 10984" in file: "gfx/portraits/portrait_modifiers/01_clothes.txt" near line: 10985
[09:25:08][pdx_persistent_reader.cpp:268]: Error: "Unknown trigger type: romanian_clothes_pop_trigger, near line: 11029
Unknown trigger type: soldier_clothes_pop_trigger, near line: 11031
Unknown trigger type: officers_clothes_pop_trigger, near line: 11032" in file: "gfx/portraits/portrait_modifiers/01_clothes.txt" near line: 11033
[09:25:08][pdx_persistent_reader.cpp:268]: Error: "Unknown trigger type: romanian_clothes_trigger, near line: 11078
Unknown trigger type: military_clothes_trigger, near line: 11082
Unknown trigger type: armed_forces_clothes_trigger, near line: 11084
Unknown trigger type: politician_clothes_trigger, near line: 11086
Unknown trigger type: ruler_clothes_trigger, near line: 11087" in file: "gfx/portraits/portrait_modifiers/01_clothes.txt" near line: 11088
[09:25:08][pdx_persistent_reader.cpp:268]: Error: "Unknown trigger type: romanian_clothes_trigger, near line: 11146
Unknown trigger type: military_clothes_trigger, near line: 11150
Unknown trigger type: armed_forces_clothes_trigger, near line: 11152
Unknown trigger type: politician_clothes_trigger, near line: 11154
Unknown trigger type: ruler_clothes_trigger, near line: 11155" in file: "gfx/portraits/portrait_modifiers/01_clothes.txt" near line: 11156
[09:25:08][pdx_persistent_reader.cpp:268]: Error: "Unknown trigger type: romanian_clothes_pop_trigger, near line: 11211
Unknown trigger type: officers_clothes_pop_trigger, near line: 11214
Unknown trigger type: soldier_clothes_pop_trigger, near line: 11215" in file: "gfx/portraits/portrait_modifiers/01_clothes.txt" near line: 11216
[09:25:08][pdx_persistent_reader.cpp:268]: Error: "Unknown trigger type: romanian_clothes_pop_trigger, near line: 11251
Unknown trigger type: officers_clothes_pop_trigger, near line: 11254
Unknown trigger type: soldier_clothes_pop_trigger, near line: 11255" in file: "gfx/portraits/portrait_modifiers/01_clothes.txt" near line: 11256
[09:25:08][pdx_persistent_reader.cpp:268]: Error: "Unknown trigger type: greek_clothes_trigger, near line: 11313
Unknown trigger type: monarchy_clothes_trigger, near line: 11317
Unknown trigger type: military_clothes_trigger, near line: 11318
Unknown trigger type: armed_forces_clothes_trigger, near line: 11320
Unknown trigger type: politician_clothes_trigger, near line: 11322
Unknown trigger type: ruler_clothes_trigger, near line: 11323" in file: "gfx/portraits/portrait_modifiers/01_clothes.txt" near line: 11324
[09:25:08][pdx_persistent_reader.cpp:268]: Error: "Unknown trigger type: greek_clothes_trigger, near line: 11380
Unknown trigger type: monarchy_clothes_trigger, near line: 11384
Unknown trigger type: military_clothes_trigger, near line: 11385
Unknown trigger type: armed_forces_clothes_trigger, near line: 11387
Unknown trigger type: politician_clothes_trigger, near line: 11389
Unknown trigger type: ruler_clothes_trigger, near line: 11390" in file: "gfx/portraits/portrait_modifiers/01_clothes.txt" near line: 11391
[09:25:08][pdx_persistent_reader.cpp:268]: Error: "Unknown trigger type: greek_clothes_trigger, near line: 11450" in file: "gfx/portraits/portrait_modifiers/01_clothes.txt" near line: 11456
[09:25:08][pdx_persistent_reader.cpp:268]: Error: "Unknown trigger type: military_clothes_trigger, near line: 11457
Unknown trigger type: armed_forces_clothes_trigger, near line: 11459
Unknown trigger type: politician_clothes_trigger, near line: 11461
Unknown trigger type: ruler_clothes_trigger, near line: 11462" in file: "gfx/portraits/portrait_modifiers/01_clothes.txt" near line: 11463
[09:25:08][pdx_persistent_reader.cpp:268]: Error: "Unknown trigger type: greek_clothes_trigger, near line: 11516
Unknown trigger type: armed_forces_clothes_trigger, near line: 11519" in file: "gfx/portraits/portrait_modifiers/01_clothes.txt" near line: 11523
[09:25:08][pdx_persistent_reader.cpp:268]: Error: "Unknown trigger type: agitator_character_trigger, near line: 11526" in file: "gfx/portraits/portrait_modifiers/01_clothes.txt" near line: 11527
[09:25:08][pdx_persistent_reader.cpp:268]: Error: "Unknown trigger type: greek_clothes_pop_trigger, near line: 11539
Unknown trigger type: officers_clothes_pop_trigger, near line: 11542
Unknown trigger type: soldier_clothes_pop_trigger, near line: 11543" in file: "gfx/portraits/portrait_modifiers/01_clothes.txt" near line: 11544
[09:25:08][pdx_persistent_reader.cpp:268]: Error: "Unknown trigger type: greek_clothes_pop_trigger, near line: 11568
Unknown trigger type: soldier_clothes_pop_trigger, near line: 11569" in file: "gfx/portraits/portrait_modifiers/01_clothes.txt" near line: 11575
[09:25:08][pdx_persistent_reader.cpp:268]: Error: "Unknown trigger type: greek_clothes_pop_trigger, near line: 11601
Unknown trigger type: officers_clothes_pop_trigger, near line: 11602" in file: "gfx/portraits/portrait_modifiers/01_clothes.txt" near line: 11608
[09:25:08][pdx_persistent_reader.cpp:268]: Error: "Unknown trigger type: greek_clothes_pop_trigger, near line: 11641
Unknown trigger type: soldier_clothes_pop_trigger, near line: 11642" in file: "gfx/portraits/portrait_modifiers/01_clothes.txt" near line: 11649
[09:25:08][pdx_persistent_reader.cpp:268]: Error: "Unknown trigger type: greek_clothes_pop_trigger, near line: 11681
Unknown trigger type: officers_clothes_pop_trigger, near line: 11682" in file: "gfx/portraits/portrait_modifiers/01_clothes.txt" near line: 11689
[09:25:08][pdx_persistent_reader.cpp:268]: Error: "Unknown trigger type: greek_clothes_pop_trigger, near line: 11727
Unknown trigger type: soldier_clothes_pop_trigger, near line: 11729
Unknown trigger type: officers_clothes_pop_trigger, near line: 11730" in file: "gfx/portraits/portrait_modifiers/01_clothes.txt" near line: 11731
[09:25:08][pdx_persistent_reader.cpp:268]: Error: "Unknown trigger type: montenegrin_clothes_trigger, near line: 11800
Unknown trigger type: monarchy_clothes_trigger, near line: 11804
Unknown trigger type: military_clothes_trigger, near line: 11805
Unknown trigger type: armed_forces_clothes_trigger, near line: 11807
Unknown trigger type: politician_clothes_trigger, near line: 11809
Unknown trigger type: ruler_clothes_trigger, near line: 11810" in file: "gfx/portraits/portrait_modifiers/01_clothes.txt" near line: 11811
[09:25:08][pdx_persistent_reader.cpp:268]: Error: "Unknown trigger type: montenegrin_clothes_pop_trigger, near line: 11864
Unknown trigger type: soldier_clothes_pop_trigger, near line: 11866
Unknown trigger type: officers_clothes_pop_trigger, near line: 11867" in file: "gfx/portraits/portrait_modifiers/01_clothes.txt" near line: 11868
[09:25:08][pdx_persistent_reader.cpp:268]: Error: "Unknown trigger type: montenegrin_clothes_trigger, near line: 11933" in file: "gfx/portraits/portrait_modifiers/01_clothes.txt" near line: 11939
[09:25:08][pdx_persistent_reader.cpp:268]: Error: "Unknown trigger type: military_clothes_trigger, near line: 11940
Unknown trigger type: armed_forces_clothes_trigger, near line: 11942
Unknown trigger type: politician_clothes_trigger, near line: 11944
Unknown trigger type: ruler_clothes_trigger, near line: 11945" in file: "gfx/portraits/portrait_modifiers/01_clothes.txt" near line: 11946
[09:25:08][pdx_persistent_reader.cpp:268]: Error: "Unknown trigger type: montenegrin_clothes_pop_trigger, near line: 11990
Unknown trigger type: officers_clothes_pop_trigger, near line: 11991" in file: "gfx/portraits/portrait_modifiers/01_clothes.txt" near line: 11996
[09:25:08][pdx_persistent_reader.cpp:268]: Error: "Unknown trigger type: montenegrin_clothes_pop_trigger, near line: 12033
Unknown trigger type: soldier_clothes_pop_trigger, near line: 12034" in file: "gfx/portraits/portrait_modifiers/01_clothes.txt" near line: 12039
[09:25:08][pdx_persistent_reader.cpp:268]: Error: "Unknown trigger type: portuguese_clothes_trigger, near line: 12092
Unknown trigger type: monarchy_clothes_trigger, near line: 12094" in file: "gfx/portraits/portrait_modifiers/01_clothes.txt" near line: 12095
[09:25:08][pdx_persistent_reader.cpp:268]: Error: "Unknown trigger type: portuguese_clothes_trigger, near line: 12144
Unknown trigger type: monarchy_clothes_trigger, near line: 12146" in file: "gfx/portraits/portrait_modifiers/01_clothes.txt" near line: 12147
[09:25:08][pdx_persistent_reader.cpp:268]: Error: "Unknown trigger type: portuguese_empire_clothes_trigger, near line: 12203
Unknown trigger type: military_clothes_trigger, near line: 12205
Unknown trigger type: armed_forces_clothes_trigger, near line: 12207
Unknown trigger type: politician_clothes_trigger, near line: 12209
Unknown trigger type: ruler_clothes_trigger, near line: 12210" in file: "gfx/portraits/portrait_modifiers/01_clothes.txt" near line: 12211
[09:25:08][pdx_persistent_reader.cpp:268]: Error: "Unknown trigger type: portuguese_empire_clothes_trigger, near line: 12268
Unknown trigger type: military_clothes_trigger, near line: 12270
Unknown trigger type: armed_forces_clothes_trigger, near line: 12272
Unknown trigger type: politician_clothes_trigger, near line: 12274
Unknown trigger type: ruler_clothes_trigger, near line: 12275" in file: "gfx/portraits/portrait_modifiers/01_clothes.txt" near line: 12276
[09:25:08][pdx_persistent_reader.cpp:268]: Error: "Unknown trigger type: portuguese_empire_clothes_trigger, near line: 12333
Unknown trigger type: military_clothes_trigger, near line: 12335
Unknown trigger type: armed_forces_clothes_trigger, near line: 12337
Unknown trigger type: politician_clothes_trigger, near line: 12339
Unknown trigger type: ruler_clothes_trigger, near line: 12340" in file: "gfx/portraits/portrait_modifiers/01_clothes.txt" near line: 12341
[09:25:08][pdx_persistent_reader.cpp:268]: Error: "Unknown trigger type: portuguese_empire_clothes_pop_trigger, near line: 12391
Unknown trigger type: officers_clothes_pop_trigger, near line: 12392" in file: "gfx/portraits/portrait_modifiers/01_clothes.txt" near line: 12396
[09:25:08][pdx_persistent_reader.cpp:268]: Error: "Unknown trigger type: portuguese_empire_clothes_pop_trigger, near line: 12428
Unknown trigger type: soldier_clothes_pop_trigger, near line: 12429" in file: "gfx/portraits/portrait_modifiers/01_clothes.txt" near line: 12433
[09:25:08][pdx_persistent_reader.cpp:268]: Error: "Unknown trigger type: portuguese_empire_clothes_pop_trigger, near line: 12483
Unknown trigger type: officers_clothes_pop_trigger, near line: 12484" in file: "gfx/portraits/portrait_modifiers/01_clothes.txt" near line: 12489
[09:25:08][pdx_persistent_reader.cpp:268]: Error: "Unknown trigger type: portuguese_empire_clothes_pop_trigger, near line: 12520
Unknown trigger type: soldier_clothes_pop_trigger, near line: 12521" in file: "gfx/portraits/portrait_modifiers/01_clothes.txt" near line: 12526
[09:25:08][pdx_persistent_reader.cpp:268]: Error: "Unknown trigger type: portuguese_empire_clothes_pop_trigger, near line: 12575
Unknown trigger type: officers_clothes_pop_trigger, near line: 12576" in file: "gfx/portraits/portrait_modifiers/01_clothes.txt" near line: 12581
[09:25:08][pdx_persistent_reader.cpp:268]: Error: "Unknown trigger type: portuguese_empire_clothes_pop_trigger, near line: 12612
Unknown trigger type: soldier_clothes_pop_trigger, near line: 12613" in file: "gfx/portraits/portrait_modifiers/01_clothes.txt" near line: 12618
[09:25:08][pdx_persistent_reader.cpp:268]: Error: "Unknown trigger type: portuguese_empire_clothes_pop_trigger, near line: 12655
Unknown trigger type: soldier_clothes_pop_trigger, near line: 12657
Unknown trigger type: officers_clothes_pop_trigger, near line: 12658" in file: "gfx/portraits/portrait_modifiers/01_clothes.txt" near line: 12659
[09:25:08][pdx_persistent_reader.cpp:268]: Error: "Unknown trigger type: carlist_clothes_trigger, near line: 12730
Unknown trigger type: monarchy_clothes_trigger, near line: 12731" in file: "gfx/portraits/portrait_modifiers/01_clothes.txt" near line: 12732
[09:25:08][pdx_persistent_reader.cpp:268]: Error: "Unknown trigger type: carlist_clothes_trigger, near line: 12784
Unknown trigger type: military_clothes_trigger, near line: 12786
Unknown trigger type: armed_forces_clothes_trigger, near line: 12788
Unknown trigger type: politician_clothes_trigger, near line: 12790
Unknown trigger type: ruler_clothes_trigger, near line: 12791" in file: "gfx/portraits/portrait_modifiers/01_clothes.txt" near line: 12792
[09:25:08][pdx_persistent_reader.cpp:268]: Error: "Unknown trigger type: spanish_clothes_trigger, near line: 12846
Unknown trigger type: monarchy_clothes_trigger, near line: 12848" in file: "gfx/portraits/portrait_modifiers/01_clothes.txt" near line: 12849
[09:25:08][pdx_persistent_reader.cpp:268]: Error: "Unknown trigger type: carlist_clothes_trigger, near line: 12910
Unknown trigger type: spanish_clothes_trigger, near line: 12911" in file: "gfx/portraits/portrait_modifiers/01_clothes.txt" near line: 12912
[09:25:08][pdx_persistent_reader.cpp:268]: Error: "Unknown trigger type: monarchy_clothes_trigger, near line: 12914" in file: "gfx/portraits/portrait_modifiers/01_clothes.txt" near line: 12915
[09:25:08][pdx_persistent_reader.cpp:268]: Error: "Unknown trigger type: spanish_empire_clothes_trigger, near line: 12970
Unknown trigger type: military_marshal_clothes_trigger, near line: 12972" in file: "gfx/portraits/portrait_modifiers/01_clothes.txt" near line: 12975
[09:25:08][pdx_persistent_reader.cpp:268]: Error: "Unknown trigger type: armed_forces_clothes_trigger, near line: 12977
Unknown trigger type: politician_clothes_trigger, near line: 12979
Unknown trigger type: ruler_clothes_trigger, near line: 12980" in file: "gfx/portraits/portrait_modifiers/01_clothes.txt" near line: 12981
[09:25:08][pdx_persistent_reader.cpp:268]: Error: "Unknown trigger type: military_governor_clothes_trigger, near line: 12983" in file: "gfx/portraits/portrait_modifiers/01_clothes.txt" near line: 12984
[09:25:08][pdx_persistent_reader.cpp:268]: Error: "Unknown trigger type: spanish_empire_clothes_trigger, near line: 13037
Unknown trigger type: military_clothes_trigger, near line: 13039
Unknown trigger type: armed_forces_clothes_trigger, near line: 13041
Unknown trigger type: politician_clothes_trigger, near line: 13043
Unknown trigger type: ruler_clothes_trigger, near line: 13044" in file: "gfx/portraits/portrait_modifiers/01_clothes.txt" near line: 13045
[09:25:08][pdx_persistent_reader.cpp:268]: Error: "Unknown trigger type: spanish_empire_clothes_trigger, near line: 13103
Unknown trigger type: military_clothes_trigger, near line: 13105
Unknown trigger type: armed_forces_clothes_trigger, near line: 13107
Unknown trigger type: politician_clothes_trigger, near line: 13109
Unknown trigger type: ruler_clothes_trigger, near line: 13110" in file: "gfx/portraits/portrait_modifiers/01_clothes.txt" near line: 13111
[09:25:08][pdx_persistent_reader.cpp:268]: Error: "Unknown trigger type: spanish_colony_clothes_trigger, near line: 13168
Unknown trigger type: military_clothes_trigger, near line: 13170
Unknown trigger type: armed_forces_clothes_trigger, near line: 13172
Unknown trigger type: politician_clothes_trigger, near line: 13174
Unknown trigger type: ruler_clothes_trigger, near line: 13175" in file: "gfx/portraits/portrait_modifiers/01_clothes.txt" near line: 13176
[09:25:08][pdx_persistent_reader.cpp:268]: Error: "Unknown trigger type: carlist_clothes_trigger, near line: 13234
Unknown trigger type: spanish_empire_clothes_trigger, near line: 13235" in file: "gfx/portraits/portrait_modifiers/01_clothes.txt" near line: 13236
[09:25:08][pdx_persistent_reader.cpp:268]: Error: "Unknown trigger type: military_clothes_trigger, near line: 13238
Unknown trigger type: armed_forces_clothes_trigger, near line: 13240
Unknown trigger type: politician_clothes_trigger, near line: 13242
Unknown trigger type: ruler_clothes_trigger, near line: 13243" in file: "gfx/portraits/portrait_modifiers/01_clothes.txt" near line: 13244
[09:25:08][pdx_persistent_reader.cpp:268]: Error: "Unknown trigger type: spanish_clothes_pop_trigger, near line: 13277
Unknown trigger type: spanish_colony_clothes_pop_trigger, near line: 13278" in file: "gfx/portraits/portrait_modifiers/01_clothes.txt" near line: 13279
[09:25:08][pdx_persistent_reader.cpp:268]: Error: "Unknown trigger type: officers_clothes_pop_trigger, near line: 13280" in file: "gfx/portraits/portrait_modifiers/01_clothes.txt" near line: 13284
[09:25:08][pdx_persistent_reader.cpp:268]: Error: "Unknown trigger type: spanish_clothes_pop_trigger, near line: 13317
Unknown trigger type: spanish_colony_clothes_pop_trigger, near line: 13318" in file: "gfx/portraits/portrait_modifiers/01_clothes.txt" near line: 13319
[09:25:08][pdx_persistent_reader.cpp:268]: Error: "Unknown trigger type: soldier_clothes_pop_trigger, near line: 13320" in file: "gfx/portraits/portrait_modifiers/01_clothes.txt" near line: 13324
[09:25:08][pdx_persistent_reader.cpp:268]: Error: "Unknown trigger type: spanish_clothes_pop_trigger, near line: 13363
Unknown trigger type: spanish_colony_clothes_pop_trigger, near line: 13364" in file: "gfx/portraits/portrait_modifiers/01_clothes.txt" near line: 13365
[09:25:08][pdx_persistent_reader.cpp:268]: Error: "Unknown trigger type: officers_clothes_pop_trigger, near line: 13366" in file: "gfx/portraits/portrait_modifiers/01_clothes.txt" near line: 13371
[09:25:08][pdx_persistent_reader.cpp:268]: Error: "Unknown trigger type: spanish_clothes_pop_trigger, near line: 13403
Unknown trigger type: spanish_colony_clothes_pop_trigger, near line: 13404" in file: "gfx/portraits/portrait_modifiers/01_clothes.txt" near line: 13405
[09:25:08][pdx_persistent_reader.cpp:268]: Error: "Unknown trigger type: soldier_clothes_pop_trigger, near line: 13406" in file: "gfx/portraits/portrait_modifiers/01_clothes.txt" near line: 13411
[09:25:08][pdx_persistent_reader.cpp:268]: Error: "Unknown trigger type: spanish_clothes_pop_trigger, near line: 13449
Unknown trigger type: spanish_colony_clothes_pop_trigger, near line: 13450" in file: "gfx/portraits/portrait_modifiers/01_clothes.txt" near line: 13451
[09:25:08][pdx_persistent_reader.cpp:268]: Error: "Unknown trigger type: officers_clothes_pop_trigger, near line: 13452" in file: "gfx/portraits/portrait_modifiers/01_clothes.txt" near line: 13457
[09:25:08][pdx_persistent_reader.cpp:268]: Error: "Unknown trigger type: spanish_clothes_pop_trigger, near line: 13489
Unknown trigger type: spanish_colony_clothes_pop_trigger, near line: 13490" in file: "gfx/portraits/portrait_modifiers/01_clothes.txt" near line: 13491
[09:25:08][pdx_persistent_reader.cpp:268]: Error: "Unknown trigger type: soldier_clothes_pop_trigger, near line: 13492" in file: "gfx/portraits/portrait_modifiers/01_clothes.txt" near line: 13497
[09:25:08][pdx_persistent_reader.cpp:268]: Error: "Unknown trigger type: spanish_clothes_pop_trigger, near line: 13536" in file: "gfx/portraits/portrait_modifiers/01_clothes.txt" near line: 13540
[09:25:08][pdx_persistent_reader.cpp:268]: Error: "Unknown trigger type: spanish_colony_clothes_pop_trigger, near line: 13543" in file: "gfx/portraits/portrait_modifiers/01_clothes.txt" near line: 13544
[09:25:08][pdx_persistent_reader.cpp:268]: Error: "Unknown trigger type: soldier_clothes_pop_trigger, near line: 13546
Unknown trigger type: officers_clothes_pop_trigger, near line: 13547" in file: "gfx/portraits/portrait_modifiers/01_clothes.txt" near line: 13548
[09:25:08][pdx_persistent_reader.cpp:268]: Error: "Unknown trigger type: spanish_clothes_pop_trigger, near line: 13590
Unknown trigger type: soldier_clothes_pop_trigger, near line: 13592
Unknown trigger type: officers_clothes_pop_trigger, near line: 13593" in file: "gfx/portraits/portrait_modifiers/01_clothes.txt" near line: 13594
[09:25:08][pdx_persistent_reader.cpp:268]: Error: "Unknown trigger type: european_clothes_trigger, near line: 13640" in file: "gfx/portraits/portrait_modifiers/01_clothes.txt" near line: 13647
[09:25:08][pdx_persistent_reader.cpp:268]: Error: "Unknown trigger type: african_diaspora_clothes_trigger, near line: 13650" in file: "gfx/portraits/portrait_modifiers/01_clothes.txt" near line: 13651
[09:25:08][pdx_persistent_reader.cpp:268]: Error: "Unknown trigger type: politician_clothes_trigger, near line: 13653
Unknown trigger type: magnate_clothes_trigger, near line: 13654
Unknown trigger type: executive_clothes_trigger, near line: 13656" in file: "gfx/portraits/portrait_modifiers/01_clothes.txt" near line: 13659
[09:25:08][pdx_persistent_reader.cpp:268]: Error: "Unknown trigger type: european_clothes_trigger, near line: 13675
Unknown trigger type: ruler_clothes_trigger, near line: 13676
Unknown trigger type: monarchy_clothes_trigger, near line: 13677" in file: "gfx/portraits/portrait_modifiers/01_clothes.txt" near line: 13678
[09:25:08][pdx_persistent_reader.cpp:268]: Error: "Unknown trigger type: european_clothes_trigger, near line: 13716" in file: "gfx/portraits/portrait_modifiers/01_clothes.txt" near line: 13723
[09:25:08][pdx_persistent_reader.cpp:268]: Error: "Unknown trigger type: african_diaspora_clothes_trigger, near line: 13726" in file: "gfx/portraits/portrait_modifiers/01_clothes.txt" near line: 13727
[09:25:08][pdx_persistent_reader.cpp:268]: Error: "Unknown trigger type: politician_clothes_trigger, near line: 13728
Unknown trigger type: armed_forces_clothes_trigger, near line: 13729" in file: "gfx/portraits/portrait_modifiers/01_clothes.txt" near line: 13735
[09:25:08][pdx_persistent_reader.cpp:268]: Error: "Unknown trigger type: european_clothes_trigger, near line: 13742
Unknown trigger type: ruler_clothes_trigger, near line: 13743
Unknown trigger type: monarchy_clothes_trigger, near line: 13744" in file: "gfx/portraits/portrait_modifiers/01_clothes.txt" near line: 13745
[09:25:08][pdx_persistent_reader.cpp:268]: Error: "Unknown trigger type: japanese_shogun_clothes_trigger, near line: 13928" in file: "gfx/portraits/portrait_modifiers/01_clothes.txt" near line: 13929
[09:25:08][pdx_persistent_reader.cpp:268]: Error: "Unknown trigger type: japanese_imperial_clothes_trigger, near line: 13946
Unknown trigger type: japanese_restoration_trigger, near line: 13948" in file: "gfx/portraits/portrait_modifiers/01_clothes.txt" near line: 13949
[09:25:08][pdx_persistent_reader.cpp:268]: Error: "Unknown trigger type: japanese_clothes_pop_trigger, near line: 13973
Unknown trigger type: poor_clothes_pop_trigger, near line: 13974" in file: "gfx/portraits/portrait_modifiers/01_clothes.txt" near line: 13975
[09:25:08][pdx_persistent_reader.cpp:268]: Error: "Unknown trigger type: japanese_clothes_pop_trigger, near line: 13998
Unknown trigger type: clergy_clothes_pop_trigger, near line: 13999" in file: "gfx/portraits/portrait_modifiers/01_clothes.txt" near line: 14000
[09:25:08][pdx_persistent_reader.cpp:268]: Error: "Unknown trigger type: japanese_clothes_pop_trigger, near line: 14029
Unknown trigger type: middle_clothes_pop_trigger, near line: 14031
Unknown trigger type: upper_clothes_pop_trigger, near line: 14032" in file: "gfx/portraits/portrait_modifiers/01_clothes.txt" near line: 14033
[09:25:08][pdx_persistent_reader.cpp:268]: Error: "Unknown trigger type: clergy_clothes_pop_trigger, near line: 14034" in file: "gfx/portraits/portrait_modifiers/01_clothes.txt" near line: 14035
[09:25:08][pdx_persistent_reader.cpp:268]: Error: "Unknown trigger type: agitator_character_trigger, near line: 14039
Unknown trigger type: monarchy_clothes_trigger, near line: 14044" in file: "gfx/portraits/portrait_modifiers/01_clothes.txt" near line: 14045
[09:25:08][pdx_persistent_reader.cpp:268]: Error: "Unknown trigger type: japanese_restoration_trigger, near line: 14056" in file: "gfx/portraits/portrait_modifiers/01_clothes.txt" near line: 14057
[09:25:08][pdx_persistent_reader.cpp:268]: Error: "Unknown trigger type: korean_clothes_pop_trigger, near line: 14119
Unknown trigger type: poor_clothes_pop_trigger, near line: 14121
Unknown trigger type: middle_clothes_pop_trigger, near line: 14122
Unknown trigger type: soldier_clothes_pop_trigger, near line: 14123
Unknown trigger type: clergy_clothes_pop_trigger, near line: 14124" in file: "gfx/portraits/portrait_modifiers/01_clothes.txt" near line: 14125
[09:25:08][pdx_persistent_reader.cpp:268]: Error: "Unknown trigger type: korean_clothes_trigger, near line: 14146" in file: "gfx/portraits/portrait_modifiers/01_clothes.txt" near line: 14149
[09:25:08][pdx_persistent_reader.cpp:268]: Error: "Unknown trigger type: korean_clothes_pop_trigger, near line: 14152
Unknown trigger type: upper_clothes_pop_trigger, near line: 14154" in file: "gfx/portraits/portrait_modifiers/01_clothes.txt" near line: 14157
[09:25:08][pdx_persistent_reader.cpp:268]: Error: "Unknown trigger type: korean_clothes_trigger, near line: 14179" in file: "gfx/portraits/portrait_modifiers/01_clothes.txt" near line: 14187
[09:25:08][pdx_persistent_reader.cpp:268]: Error: "Unknown trigger type: korean_clothes_trigger, near line: 14196" in file: "gfx/portraits/portrait_modifiers/01_clothes.txt" near line: 14200
[09:25:08][pdx_persistent_reader.cpp:268]: Error: "Unknown trigger type: agitator_character_trigger, near line: 14219
Unknown trigger type: arabic_clothes_trigger, near line: 14221" in file: "gfx/portraits/portrait_modifiers/01_clothes.txt" near line: 14227
[09:25:08][pdx_persistent_reader.cpp:268]: Error: "Unknown trigger type: armed_forces_clothes_trigger, near line: 14231" in file: "gfx/portraits/portrait_modifiers/01_clothes.txt" near line: 14232
[09:25:08][pdx_persistent_reader.cpp:268]: Error: "Unknown trigger type: arabic_clothes_trigger, near line: 14250
Unknown trigger type: arabic_clothes_pop_trigger, near line: 14251" in file: "gfx/portraits/portrait_modifiers/01_clothes.txt" near line: 14255
[09:25:08][pdx_persistent_reader.cpp:268]: Error: "Unknown trigger type: military_clothes_trigger, near line: 14259
Unknown trigger type: officers_clothes_pop_trigger, near line: 14260
Unknown trigger type: armed_forces_clothes_trigger, near line: 14262
Unknown trigger type: politician_clothes_trigger, near line: 14264
Unknown trigger type: ruler_clothes_trigger, near line: 14265" in file: "gfx/portraits/portrait_modifiers/01_clothes.txt" near line: 14266
[09:25:08][pdx_persistent_reader.cpp:268]: Error: "Unknown trigger type: ethiopian_clothes_trigger, near line: 14321" in file: "gfx/portraits/portrait_modifiers/01_clothes.txt" near line: 14331
[09:25:08][pdx_persistent_reader.cpp:268]: Error: "Unknown trigger type: ethiopian_clothes_trigger, near line: 14379" in file: "gfx/portraits/portrait_modifiers/01_clothes.txt" near line: 14387
[09:25:08][pdx_persistent_reader.cpp:268]: Error: "Unknown trigger type: siamese_clothes_trigger, near line: 14428" in file: "gfx/portraits/portrait_modifiers/01_clothes.txt" near line: 14430
[09:25:08][pdx_persistent_reader.cpp:268]: Error: "Unknown trigger type: siamese_clothes_trigger, near line: 14453
Unknown trigger type: monarchy_clothes_trigger, near line: 14454" in file: "gfx/portraits/portrait_modifiers/01_clothes.txt" near line: 14455
[09:25:08][pdx_persistent_reader.cpp:268]: Error: "Unknown trigger type: military_clothes_trigger, near line: 14472" in file: "gfx/portraits/portrait_modifiers/01_clothes.txt" near line: 14474
[09:25:08][pdx_persistent_reader.cpp:268]: Error: "Unknown trigger type: military_clothes_trigger, near line: 14523" in file: "gfx/portraits/portrait_modifiers/01_clothes.txt" near line: 14526
[09:25:08][pdx_persistent_reader.cpp:268]: Error: "Unknown trigger type: military_clothes_trigger, near line: 14565" in file: "gfx/portraits/portrait_modifiers/01_clothes.txt" near line: 14569
[09:25:08][pdx_persistent_reader.cpp:268]: Error: "Unknown trigger type: politician_clothes_trigger, near line: 14572
Unknown trigger type: monarchy_clothes_trigger, near line: 14573
Unknown trigger type: devout_clothes_trigger, near line: 14575" in file: "gfx/portraits/portrait_modifiers/01_clothes.txt" near line: 14583
[09:25:08][pdx_persistent_reader.cpp:268]: Error: "Unknown trigger type: christian_clothes_trigger, near line: 14588
Unknown trigger type: ruler_clothes_trigger, near line: 14589" in file: "gfx/portraits/portrait_modifiers/01_clothes.txt" near line: 14592
[09:25:08][pdx_persistent_reader.cpp:268]: Error: "Unknown trigger type: military_clothes_trigger, near line: 14634
Unknown trigger type: european_clothes_trigger, near line: 14635" in file: "gfx/portraits/portrait_modifiers/01_clothes.txt" near line: 14641
[09:25:08][pdx_persistent_reader.cpp:268]: Error: "Unknown trigger type: european_clothes_pop_trigger, near line: 14667" in file: "gfx/portraits/portrait_modifiers/01_clothes.txt" near line: 14674
[09:25:08][pdx_persistent_reader.cpp:268]: Error: "Unknown trigger type: circumpolar_clothes_pop_trigger, near line: 14737
Unknown trigger type: poor_clothes_pop_trigger, near line: 14739
Unknown trigger type: middle_clothes_pop_trigger, near line: 14740
Unknown trigger type: upper_clothes_pop_trigger, near line: 14741
Unknown trigger type: clergy_clothes_pop_trigger, near line: 14742
Unknown trigger type: soldier_clothes_pop_trigger, near line: 14743
Unknown trigger type: officers_clothes_pop_trigger, near line: 14744" in file: "gfx/portraits/portrait_modifiers/01_clothes.txt" near line: 14745
[09:25:08][pdx_persistent_reader.cpp:268]: Error: "Unknown trigger type: sami_clothes_pop_trigger, near line: 14788
Unknown trigger type: poor_clothes_pop_trigger, near line: 14790
Unknown trigger type: middle_clothes_pop_trigger, near line: 14791
Unknown trigger type: upper_clothes_pop_trigger, near line: 14792
Unknown trigger type: clergy_clothes_pop_trigger, near line: 14793" in file: "gfx/portraits/portrait_modifiers/01_clothes.txt" near line: 14794
[09:25:08][pdx_persistent_reader.cpp:268]: Error: "Unknown trigger type: indigenous_oceanic_clothes_trigger, near line: 14828
Unknown trigger type: upper_clothes_pop_trigger, near line: 14829" in file: "gfx/portraits/portrait_modifiers/01_clothes.txt" near line: 14830
[09:25:08][pdx_persistent_reader.cpp:268]: Error: "Unknown trigger type: indigenous_oceanic_clothes_trigger, near line: 14833
Unknown trigger type: upper_clothes_pop_trigger, near line: 14834
Unknown trigger type: recognized_country_trigger, near line: 14835" in file: "gfx/portraits/portrait_modifiers/01_clothes.txt" near line: 14836
[09:25:08][pdx_persistent_reader.cpp:268]: Error: "Unknown trigger type: indigenous_oceanic_clothes_trigger, near line: 14910
Unknown trigger type: upper_clothes_pop_trigger, near line: 14912
Unknown trigger type: middle_clothes_pop_trigger, near line: 14913" in file: "gfx/portraits/portrait_modifiers/01_clothes.txt" near line: 14916
[09:25:08][pdx_persistent_reader.cpp:268]: Error: "Unknown trigger type: ruler_clothes_trigger, near line: 14925
Unknown trigger type: politician_clothes_trigger, near line: 14926
Unknown trigger type: magnate_clothes_trigger, near line: 14927
Unknown trigger type: executive_clothes_trigger, near line: 14929" in file: "gfx/portraits/portrait_modifiers/01_clothes.txt" near line: 14932
[09:25:08][pdx_persistent_reader.cpp:268]: Error: "Unknown trigger type: recognized_country_trigger, near line: 14938
Unknown trigger type: recognized_country_pop_trigger, near line: 14939" in file: "gfx/portraits/portrait_modifiers/01_clothes.txt" near line: 14947
[09:25:08][pdx_persistent_reader.cpp:268]: Error: "Unknown trigger type: south_american_clothes_pop_trigger, near line: 14987
Unknown trigger type: middle_clothes_pop_trigger, near line: 14988" in file: "gfx/portraits/portrait_modifiers/01_clothes.txt" near line: 14990
[09:25:08][pdx_persistent_reader.cpp:268]: Error: "Unknown trigger type: politician_clothes_trigger, near line: 14996
Unknown trigger type: military_clothes_trigger, near line: 14997" in file: "gfx/portraits/portrait_modifiers/01_clothes.txt" near line: 14998
[09:25:08][pdx_persistent_reader.cpp:268]: Error: "Unknown trigger type: magnate_clothes_trigger, near line: 15000
Unknown trigger type: military_clothes_trigger, near line: 15001" in file: "gfx/portraits/portrait_modifiers/01_clothes.txt" near line: 15002
[09:25:08][pdx_persistent_reader.cpp:268]: Error: "Unknown trigger type: executive_clothes_trigger, near line: 15004" in file: "gfx/portraits/portrait_modifiers/01_clothes.txt" near line: 15007
[09:25:08][pdx_persistent_reader.cpp:268]: Error: "Unknown trigger type: south_american_clothes_character_trigger, near line: 15010" in file: "gfx/portraits/portrait_modifiers/01_clothes.txt" near line: 15016
[09:25:08][pdx_persistent_reader.cpp:268]: Error: "Unknown trigger type: south_american_clothes_character_trigger, near line: 15023" in file: "gfx/portraits/portrait_modifiers/01_clothes.txt" near line: 15024
[09:25:08][pdx_persistent_reader.cpp:268]: Error: "Unknown trigger type: south_east_asia_clothes_pop_trigger, near line: 15044
Unknown trigger type: poor_clothes_pop_trigger, near line: 15046" in file: "gfx/portraits/portrait_modifiers/01_clothes.txt" near line: 15051
[09:25:08][pdx_persistent_reader.cpp:268]: Error: "Unknown trigger type: south_east_asia_clothes_pop_trigger, near line: 15071
Unknown trigger type: middle_clothes_pop_trigger, near line: 15072" in file: "gfx/portraits/portrait_modifiers/01_clothes.txt" near line: 15073
[09:25:08][pdx_persistent_reader.cpp:268]: Error: "Unknown trigger type: south_east_asia_clothes_pop_trigger, near line: 15096
Unknown trigger type: upper_clothes_pop_trigger, near line: 15098" in file: "gfx/portraits/portrait_modifiers/01_clothes.txt" near line: 15103
[09:25:08][pdx_persistent_reader.cpp:268]: Error: "Unknown trigger type: central_asian_clothes_pop_trigger, near line: 15135
Unknown trigger type: clergy_clothes_pop_trigger, near line: 15137
Unknown trigger type: upper_clothes_pop_trigger, near line: 15138" in file: "gfx/portraits/portrait_modifiers/01_clothes.txt" near line: 15139
[09:25:08][pdx_persistent_reader.cpp:268]: Error: "Unknown trigger type: central_asian_clothes_pop_trigger, near line: 15160
Unknown trigger type: middle_clothes_pop_trigger, near line: 15162
Unknown trigger type: poor_clothes_pop_trigger, near line: 15163" in file: "gfx/portraits/portrait_modifiers/01_clothes.txt" near line: 15164
[09:25:08][pdx_persistent_reader.cpp:268]: Error: "Unknown trigger type: indian_clothes_trigger, near line: 15185" in file: "gfx/portraits/portrait_modifiers/01_clothes.txt" near line: 15186
[09:25:08][pdx_persistent_reader.cpp:268]: Error: "Unknown trigger type: indian_clothes_trigger, near line: 15286
Unknown trigger type: monarchy_clothes_trigger, near line: 15287" in file: "gfx/portraits/portrait_modifiers/01_clothes.txt" near line: 15288
[09:25:08][pdx_persistent_reader.cpp:268]: Error: "Unknown trigger type: hindu_clothes_pop_trigger, near line: 15324
Unknown trigger type: clergy_clothes_pop_trigger, near line: 15325" in file: "gfx/portraits/portrait_modifiers/01_clothes.txt" near line: 15326
[09:25:08][pdx_persistent_reader.cpp:268]: Error: "Unknown trigger type: indian_clothes_pop_trigger, near line: 15344" in file: "gfx/portraits/portrait_modifiers/01_clothes.txt" near line: 15348
[09:25:08][pdx_persistent_reader.cpp:268]: Error: "Unknown trigger type: buddhist_clothes_pop_trigger, near line: 15352
Unknown trigger type: animist_clothes_pop_trigger, near line: 15353" in file: "gfx/portraits/portrait_modifiers/01_clothes.txt" near line: 15354
[09:25:08][pdx_persistent_reader.cpp:268]: Error: "Unknown trigger type: clergy_clothes_pop_trigger, near line: 15355" in file: "gfx/portraits/portrait_modifiers/01_clothes.txt" near line: 15356
[09:25:08][pdx_persistent_reader.cpp:268]: Error: "Unknown trigger type: indian_clothes_pop_trigger, near line: 15373
Unknown trigger type: poor_clothes_pop_trigger, near line: 15374" in file: "gfx/portraits/portrait_modifiers/01_clothes.txt" near line: 15375
[09:25:08][pdx_persistent_reader.cpp:268]: Error: "Unknown trigger type: indian_clothes_pop_trigger, near line: 15378
Unknown trigger type: clergy_clothes_pop_trigger, near line: 15379" in file: "gfx/portraits/portrait_modifiers/01_clothes.txt" near line: 15382
[09:25:08][pdx_persistent_reader.cpp:268]: Error: "Unknown trigger type: indian_clothes_pop_trigger, near line: 15401
Unknown trigger type: middle_clothes_pop_trigger, near line: 15403
Unknown trigger type: soldier_clothes_pop_trigger, near line: 15404" in file: "gfx/portraits/portrait_modifiers/01_clothes.txt" near line: 15405
[09:25:08][pdx_persistent_reader.cpp:268]: Error: "Unknown trigger type: indian_clothes_pop_trigger, near line: 15426
Unknown trigger type: upper_clothes_pop_trigger, near line: 15428
Unknown trigger type: officers_clothes_pop_trigger, near line: 15429" in file: "gfx/portraits/portrait_modifiers/01_clothes.txt" near line: 15430
[09:25:08][pdx_persistent_reader.cpp:268]: Error: "Unknown trigger type: clergy_clothes_pop_trigger, near line: 15433" in file: "gfx/portraits/portrait_modifiers/01_clothes.txt" near line: 15436
[09:25:08][pdx_persistent_reader.cpp:268]: Error: "Unknown trigger type: east_asian_clothes_pop_trigger, near line: 15489
Unknown trigger type: japanese_clothes_pop_trigger, near line: 15490
Unknown trigger type: poor_clothes_pop_trigger, near line: 15491
Unknown trigger type: korean_clothes_pop_trigger, near line: 15492" in file: "gfx/portraits/portrait_modifiers/01_clothes.txt" near line: 15493
[09:25:08][pdx_persistent_reader.cpp:268]: Error: "Unknown trigger type: east_asian_clothes_pop_trigger, near line: 15510
Unknown trigger type: japanese_clothes_pop_trigger, near line: 15511
Unknown trigger type: korean_clothes_pop_trigger, near line: 15512
Unknown trigger type: middle_clothes_pop_trigger, near line: 15514
Unknown trigger type: clergy_clothes_pop_trigger, near line: 15515" in file: "gfx/portraits/portrait_modifiers/01_clothes.txt" near line: 15516
[09:25:08][pdx_persistent_reader.cpp:268]: Error: "Unknown trigger type: east_asian_clothes_pop_trigger, near line: 15533
Unknown trigger type: japanese_clothes_pop_trigger, near line: 15534
Unknown trigger type: korean_clothes_pop_trigger, near line: 15535
Unknown trigger type: upper_clothes_pop_trigger, near line: 15536" in file: "gfx/portraits/portrait_modifiers/01_clothes.txt" near line: 15537
[09:25:08][pdx_persistent_reader.cpp:268]: Error: "Unknown trigger type: soldier_clothes_pop_trigger, near line: 15563
Unknown trigger type: poor_clothes_pop_trigger, near line: 15564" in file: "gfx/portraits/portrait_modifiers/01_clothes.txt" near line: 15565
[09:25:08][pdx_persistent_reader.cpp:268]: Error: "Unknown trigger type: arabic_clothes_pop_trigger, near line: 15569" in file: "gfx/portraits/portrait_modifiers/01_clothes.txt" near line: 15574
[09:25:08][pdx_persistent_reader.cpp:268]: Error: "Unknown trigger type: poor_clothes_pop_trigger, near line: 15583" in file: "gfx/portraits/portrait_modifiers/01_clothes.txt" near line: 15584
[09:25:08][pdx_persistent_reader.cpp:268]: Error: "Unknown trigger type: arabic_clothes_pop_trigger, near line: 15604" in file: "gfx/portraits/portrait_modifiers/01_clothes.txt" near line: 15608
[09:25:08][pdx_persistent_reader.cpp:268]: Error: "Unknown trigger type: middle_clothes_pop_trigger, near line: 15611" in file: "gfx/portraits/portrait_modifiers/01_clothes.txt" near line: 15612
[09:25:08][pdx_persistent_reader.cpp:268]: Error: "Unknown trigger type: arabic_clothes_pop_trigger, near line: 15630
Unknown trigger type: upper_clothes_pop_trigger, near line: 15631" in file: "gfx/portraits/portrait_modifiers/01_clothes.txt" near line: 15632
[09:25:08][pdx_persistent_reader.cpp:268]: Error: "Unknown trigger type: european_clothes_pop_trigger, near line: 15664
Unknown trigger type: african_diaspora_pop_clothes_trigger, near line: 15665" in file: "gfx/portraits/portrait_modifiers/01_clothes.txt" near line: 15666
[09:25:08][pdx_persistent_reader.cpp:268]: Error: "Unknown trigger type: slaves_clothes_pop_trigger, near line: 15667" in file: "gfx/portraits/portrait_modifiers/01_clothes.txt" near line: 15668
[09:25:08][pdx_persistent_reader.cpp:268]: Error: "Unknown trigger type: european_clothes_pop_trigger, near line: 15706
Unknown trigger type: african_diaspora_pop_clothes_trigger, near line: 15707" in file: "gfx/portraits/portrait_modifiers/01_clothes.txt" near line: 15708
[09:25:08][pdx_persistent_reader.cpp:268]: Error: "Unknown trigger type: middle_clothes_pop_trigger, near line: 15709" in file: "gfx/portraits/portrait_modifiers/01_clothes.txt" near line: 15710
[09:25:08][pdx_persistent_reader.cpp:268]: Error: "Unknown trigger type: japanese_clothes_pop_trigger, near line: 15720
Unknown trigger type: japanese_restoration_trigger, near line: 15722" in file: "gfx/portraits/portrait_modifiers/01_clothes.txt" near line: 15723
[09:25:08][pdx_persistent_reader.cpp:268]: Error: "Unknown trigger type: korean_clothes_pop_trigger, near line: 15726" in file: "gfx/portraits/portrait_modifiers/01_clothes.txt" near line: 15728
[09:25:08][pdx_persistent_reader.cpp:268]: Error: "Unknown trigger type: middle_clothes_pop_trigger, near line: 15733
Unknown trigger type: upper_clothes_pop_trigger, near line: 15734" in file: "gfx/portraits/portrait_modifiers/01_clothes.txt" near line: 15735
[09:25:08][pdx_persistent_reader.cpp:268]: Error: "Unknown trigger type: clergy_clothes_pop_trigger, near line: 15736" in file: "gfx/portraits/portrait_modifiers/01_clothes.txt" near line: 15737
[09:25:08][pdx_persistent_reader.cpp:268]: Error: "Unknown trigger type: european_clothes_pop_trigger, near line: 15769
Unknown trigger type: african_diaspora_pop_clothes_trigger, near line: 15770" in file: "gfx/portraits/portrait_modifiers/01_clothes.txt" near line: 15771
[09:25:08][pdx_persistent_reader.cpp:268]: Error: "Unknown trigger type: upper_clothes_pop_trigger, near line: 15772" in file: "gfx/portraits/portrait_modifiers/01_clothes.txt" near line: 15773
[09:25:08][pdx_persistent_reader.cpp:268]: Error: "Unknown trigger type: integrated_south_american_natives_pop_trigger, near line: 15806
Unknown trigger type: european_clothes_pop_trigger, near line: 15807
Unknown trigger type: african_diaspora_pop_clothes_trigger, near line: 15808" in file: "gfx/portraits/portrait_modifiers/01_clothes.txt" near line: 15809
[09:25:08][pdx_persistent_reader.cpp:268]: Error: "Unknown trigger type: soldier_clothes_pop_trigger, near line: 15811
Unknown trigger type: officers_clothes_pop_trigger, near line: 15812" in file: "gfx/portraits/portrait_modifiers/01_clothes.txt" near line: 15813
[09:25:08][pdx_persistent_reader.cpp:268]: Error: "Unknown trigger type: european_clothes_pop_trigger, near line: 15840
Unknown trigger type: african_diaspora_pop_clothes_trigger, near line: 15841
Unknown trigger type: arabic_clothes_pop_trigger, near line: 15842
Unknown trigger type: native_american_clothes_pop_trigger, near line: 15843
Unknown trigger type: cold_clothes_pop_trigger, near line: 15844" in file: "gfx/portraits/portrait_modifiers/01_clothes.txt" near line: 15845
[09:25:08][pdx_persistent_reader.cpp:268]: Error: "Unknown trigger type: slaves_clothes_pop_trigger, near line: 15846" in file: "gfx/portraits/portrait_modifiers/01_clothes.txt" near line: 15847
[09:25:08][pdx_persistent_reader.cpp:268]: Error: "Unknown trigger type: european_clothes_pop_trigger, near line: 15872
Unknown trigger type: african_diaspora_pop_clothes_trigger, near line: 15873
Unknown trigger type: arabic_clothes_pop_trigger, near line: 15874
Unknown trigger type: native_american_clothes_pop_trigger, near line: 15875
Unknown trigger type: cold_clothes_pop_trigger, near line: 15876" in file: "gfx/portraits/portrait_modifiers/01_clothes.txt" near line: 15877
[09:25:08][pdx_persistent_reader.cpp:268]: Error: "Unknown trigger type: slaves_clothes_pop_trigger, near line: 15879
Unknown trigger type: poor_clothes_pop_trigger, near line: 15880" in file: "gfx/portraits/portrait_modifiers/01_clothes.txt" near line: 15881
[09:25:08][pdx_persistent_reader.cpp:268]: Error: "Unknown trigger type: british_empire_clothes_pop_trigger, near line: 15906
Unknown trigger type: soldier_clothes_pop_trigger, near line: 15907" in file: "gfx/portraits/portrait_modifiers/01_clothes.txt" near line: 15910
[09:25:08][pdx_persistent_reader.cpp:268]: Error: "Unknown trigger type: british_empire_clothes_pop_trigger, near line: 15948
Unknown trigger type: soldier_clothes_pop_trigger, near line: 15949" in file: "gfx/portraits/portrait_modifiers/01_clothes.txt" near line: 15953
[09:25:08][pdx_persistent_reader.cpp:268]: Error: "Unknown trigger type: british_empire_clothes_pop_trigger, near line: 16004
Unknown trigger type: soldier_clothes_pop_trigger, near line: 16006
Unknown trigger type: officers_clothes_pop_trigger, near line: 16007" in file: "gfx/portraits/portrait_modifiers/01_clothes.txt" near line: 16008
[09:25:08][pdx_persistent_reader.cpp:268]: Error: "Unknown trigger type: british_empire_clothes_trigger, near line: 16018" in file: "gfx/portraits/portrait_modifiers/01_clothes.txt" near line: 16024
[09:25:08][pdx_persistent_reader.cpp:268]: Error: "Unknown trigger type: british_empire_clothes_pop_trigger, near line: 16061
Unknown trigger type: officers_clothes_pop_trigger, near line: 16062" in file: "gfx/portraits/portrait_modifiers/01_clothes.txt" near line: 16065
[09:25:08][pdx_persistent_reader.cpp:268]: Error: "Unknown trigger type: soldier_clothes_pop_trigger, near line: 16102
Unknown trigger type: officers_clothes_pop_trigger, near line: 16103" in file: "gfx/portraits/portrait_modifiers/01_clothes.txt" near line: 16104
[09:25:08][pdx_persistent_reader.cpp:268]: Error: "Unknown trigger type: british_empire_clothes_pop_trigger, near line: 16105" in file: "gfx/portraits/portrait_modifiers/01_clothes.txt" near line: 16109
[09:25:08][pdx_persistent_reader.cpp:268]: Error: "Unknown trigger type: japanese_restoration_trigger, near line: 16155" in file: "gfx/portraits/portrait_modifiers/01_clothes.txt" near line: 16156
[09:25:08][pdx_persistent_reader.cpp:268]: Error: "Unknown trigger type: military_clothes_trigger, near line: 16158
Unknown trigger type: monarchy_clothes_trigger, near line: 16159
Unknown trigger type: armed_forces_clothes_trigger, near line: 16161
Unknown trigger type: politician_clothes_trigger, near line: 16163
Unknown trigger type: junta_clothes_trigger, near line: 16164" in file: "gfx/portraits/portrait_modifiers/01_clothes.txt" near line: 16165
[09:25:08][pdx_persistent_reader.cpp:268]: Error: "Unknown trigger type: japanese_restoration_trigger, near line: 16212" in file: "gfx/portraits/portrait_modifiers/01_clothes.txt" near line: 16216
[09:25:08][pdx_persistent_reader.cpp:268]: Error: "Unknown trigger type: japanese_restoration_trigger, near line: 16229" in file: "gfx/portraits/portrait_modifiers/01_clothes.txt" near line: 16230
[09:25:08][pdx_persistent_reader.cpp:268]: Error: "Unknown trigger type: japanese_restoration_trigger, near line: 16281" in file: "gfx/portraits/portrait_modifiers/01_clothes.txt" near line: 16285
[09:25:08][pdx_persistent_reader.cpp:268]: Error: "Unknown trigger type: japanese_restoration_trigger, near line: 16297" in file: "gfx/portraits/portrait_modifiers/01_clothes.txt" near line: 16298
[09:25:08][pdx_persistent_reader.cpp:268]: Error: "Unknown trigger type: japanese_restoration_trigger, near line: 16326" in file: "gfx/portraits/portrait_modifiers/01_clothes.txt" near line: 16327
[09:25:08][pdx_persistent_reader.cpp:268]: Error: "Unknown trigger type: soldier_clothes_pop_trigger, near line: 16329
Unknown trigger type: officers_clothes_pop_trigger, near line: 16330" in file: "gfx/portraits/portrait_modifiers/01_clothes.txt" near line: 16331
[09:25:08][pdx_persistent_reader.cpp:268]: Error: "Unknown trigger type: korean_clothes_trigger, near line: 16369" in file: "gfx/portraits/portrait_modifiers/01_clothes.txt" near line: 16374
[09:25:08][pdx_persistent_reader.cpp:268]: Error: "Unknown trigger type: military_clothes_trigger, near line: 16377
Unknown trigger type: monarchy_clothes_trigger, near line: 16378
Unknown trigger type: armed_forces_clothes_trigger, near line: 16380
Unknown trigger type: politician_clothes_trigger, near line: 16382
Unknown trigger type: junta_clothes_trigger, near line: 16383" in file: "gfx/portraits/portrait_modifiers/01_clothes.txt" near line: 16384
[09:25:08][pdx_persistent_reader.cpp:268]: Error: "Unknown trigger type: korean_clothes_pop_trigger, near line: 16418" in file: "gfx/portraits/portrait_modifiers/01_clothes.txt" near line: 16422
[09:25:08][pdx_persistent_reader.cpp:268]: Error: "Unknown trigger type: soldier_clothes_pop_trigger, near line: 16425
Unknown trigger type: officers_clothes_pop_trigger, near line: 16426" in file: "gfx/portraits/portrait_modifiers/01_clothes.txt" near line: 16427
[09:25:08][pdx_persistent_reader.cpp:268]: Error: "Unknown trigger type: soldier_clothes_pop_trigger, near line: 16469
Unknown trigger type: officers_clothes_pop_trigger, near line: 16470" in file: "gfx/portraits/portrait_modifiers/01_clothes.txt" near line: 16471
[09:25:08][pdx_persistent_reader.cpp:268]: Error: "Unknown trigger type: arabic_clothes_pop_trigger, near line: 16514
Unknown trigger type: central_asian_clothes_pop_trigger, near line: 16515" in file: "gfx/portraits/portrait_modifiers/01_clothes.txt" near line: 16516
[09:25:08][pdx_persistent_reader.cpp:268]: Error: "Unknown trigger type: soldier_clothes_pop_trigger, near line: 16518
Unknown trigger type: officers_clothes_pop_trigger, near line: 16519" in file: "gfx/portraits/portrait_modifiers/01_clothes.txt" near line: 16520
[09:25:08][pdx_persistent_reader.cpp:268]: Error: "Unknown trigger type: slavic_clothes_pop_trigger, near line: 16546
Unknown trigger type: middle_clothes_pop_trigger, near line: 16547" in file: "gfx/portraits/portrait_modifiers/01_clothes.txt" near line: 16548
[09:25:08][pdx_persistent_reader.cpp:268]: Error: "Unknown trigger type: african_clothes_pop_trigger, near line: 16568
Unknown trigger type: african_diaspora_pop_clothes_trigger, near line: 16569
Unknown trigger type: poor_clothes_pop_trigger, near line: 16571" in file: "gfx/portraits/portrait_modifiers/01_clothes.txt" near line: 16572
[09:25:08][pdx_persistent_reader.cpp:268]: Error: "Unknown trigger type: african_clothes_pop_trigger, near line: 16595
Unknown trigger type: african_diaspora_pop_clothes_trigger, near line: 16596" in file: "gfx/portraits/portrait_modifiers/01_clothes.txt" near line: 16597
[09:25:08][pdx_persistent_reader.cpp:268]: Error: "Unknown trigger type: middle_clothes_pop_trigger, near line: 16612" in file: "gfx/portraits/portrait_modifiers/01_clothes.txt" near line: 16613
[09:25:08][pdx_persistent_reader.cpp:268]: Error: "Unknown trigger type: african_clothes_pop_trigger, near line: 16637
Unknown trigger type: african_diaspora_pop_clothes_trigger, near line: 16638" in file: "gfx/portraits/portrait_modifiers/01_clothes.txt" near line: 16639
[09:25:08][pdx_persistent_reader.cpp:268]: Error: "Unknown trigger type: upper_clothes_pop_trigger, near line: 16653" in file: "gfx/portraits/portrait_modifiers/01_clothes.txt" near line: 16654
[09:25:08][pdx_persistent_reader.cpp:268]: Error: "Unknown trigger type: african_clothes_pop_trigger, near line: 16656
Unknown trigger type: clergy_clothes_pop_trigger, near line: 16657" in file: "gfx/portraits/portrait_modifiers/01_clothes.txt" near line: 16661
[09:25:08][pdx_persistent_reader.cpp:268]: Error: "Unknown trigger type: native_american_clothes_pop_trigger, near line: 16797
Unknown trigger type: cold_clothes_pop_trigger, near line: 16798" in file: "gfx/portraits/portrait_modifiers/01_clothes.txt" near line: 16799
[09:25:08][pdx_persistent_reader.cpp:268]: Error: "Unknown trigger type: native_american_clothes_pop_trigger, near line: 16823
Unknown trigger type: poor_clothes_pop_trigger, near line: 16824" in file: "gfx/portraits/portrait_modifiers/01_clothes.txt" near line: 16825
[09:25:08][pdx_persistent_reader.cpp:268]: Error: "Unknown trigger type: native_american_clothes_pop_trigger, near line: 16850" in file: "gfx/portraits/portrait_modifiers/01_clothes.txt" near line: 16855
[09:25:08][pdx_persistent_reader.cpp:268]: Error: "Unknown trigger type: middle_clothes_pop_trigger, near line: 16858
Unknown trigger type: upper_clothes_pop_trigger, near line: 16859
Unknown trigger type: soldier_clothes_pop_trigger, near line: 16860" in file: "gfx/portraits/portrait_modifiers/01_clothes.txt" near line: 16861
[09:25:08][pdx_persistent_reader.cpp:268]: Error: "Unknown trigger type: clergy_clothes_pop_trigger, near line: 16862" in file: "gfx/portraits/portrait_modifiers/01_clothes.txt" near line: 16863
[09:25:08][pdx_persistent_reader.cpp:268]: Error: "Unknown trigger type: native_american_clothes_pop_trigger, near line: 16888
Unknown trigger type: clergy_clothes_pop_trigger, near line: 16889" in file: "gfx/portraits/portrait_modifiers/01_clothes.txt" near line: 16890
[09:25:08][pdx_persistent_reader.cpp:268]: Error: "Unknown trigger type: native_american_clothes_trigger, near line: 16921
Unknown trigger type: ruler_clothes_trigger, near line: 16922" in file: "gfx/portraits/portrait_modifiers/01_clothes.txt" near line: 16923
[09:25:08][pdx_persistent_reader.cpp:268]: Error: "Unknown trigger type: native_american_clothes_trigger, near line: 16950
Unknown trigger type: ruler_clothes_trigger, near line: 16951" in file: "gfx/portraits/portrait_modifiers/01_clothes.txt" near line: 16952
[09:25:08][pdx_persistent_reader.cpp:268]: Error: "Unknown trigger type: native_american_clothes_trigger, near line: 16979" in file: "gfx/portraits/portrait_modifiers/01_clothes.txt" near line: 16987
[09:25:08][pdx_persistent_reader.cpp:268]: Error: "Unknown trigger type: christian_clothes_pop_trigger, near line: 17011" in file: "gfx/portraits/portrait_modifiers/01_clothes.txt" near line: 17021
[09:25:08][pdx_persistent_reader.cpp:268]: Error: "Unknown trigger type: muslim_clothes_pop_trigger, near line: 17043" in file: "gfx/portraits/portrait_modifiers/01_clothes.txt" near line: 17046
[09:25:08][pdx_persistent_reader.cpp:268]: Error: "Unknown trigger type: european_clothes_pop_trigger, near line: 17048
Unknown trigger type: jewish_clothes_pop_trigger, near line: 17049" in file: "gfx/portraits/portrait_modifiers/01_clothes.txt" near line: 17050
[09:25:08][pdx_persistent_reader.cpp:268]: Error: "Unknown trigger type: clergy_clothes_pop_trigger, near line: 17052" in file: "gfx/portraits/portrait_modifiers/01_clothes.txt" near line: 17053
[09:25:08][pdx_persistent_reader.cpp:268]: Error: "Unknown trigger type: european_clothes_pop_trigger, near line: 17071
Unknown trigger type: jewish_clothes_pop_trigger, near line: 17072
Unknown trigger type: clergy_clothes_pop_trigger, near line: 17073" in file: "gfx/portraits/portrait_modifiers/01_clothes.txt" near line: 17074
[09:25:08][pdx_persistent_reader.cpp:268]: Error: "Unknown trigger type: military_clothes_trigger, near line: 17078
Unknown trigger type: european_clothes_trigger, near line: 17079" in file: "gfx/portraits/portrait_modifiers/01_clothes.txt" near line: 17085
[09:25:08][pdx_persistent_reader.cpp:268]: Error: "Unknown trigger type: european_clothes_pop_trigger, near line: 17111" in file: "gfx/portraits/portrait_modifiers/01_clothes.txt" near line: 17118
[09:25:08][pdx_persistent_reader.cpp:268]: Error: "Unknown trigger type: buddhist_clothes_pop_trigger, near line: 17138
Unknown trigger type: indian_clothes_pop_trigger, near line: 17140
Unknown trigger type: japanese_clothes_pop_trigger, near line: 17141" in file: "gfx/portraits/portrait_modifiers/01_clothes.txt" near line: 17145
[09:25:08][pdx_persistent_reader.cpp:268]: Error: "Unknown trigger type: clergy_clothes_pop_trigger, near line: 17148" in file: "gfx/portraits/portrait_modifiers/01_clothes.txt" near line: 17149
[09:25:08][pdx_persistent_reader.cpp:268]: Error: "Unknown trigger type: upper_clothes_pop_trigger, near line: 17205" in file: "gfx/portraits/portrait_modifiers/01_clothes.txt" near line: 17209
[09:25:08][pdx_persistent_reader.cpp:268]: Error: "Unknown trigger type: indian_clothes_pop_trigger, near line: 17250
Unknown trigger type: hindu_clothes_pop_trigger, near line: 17251
Unknown trigger type: middle_clothes_pop_trigger, near line: 17253
Unknown trigger type: upper_clothes_pop_trigger, near line: 17254" in file: "gfx/portraits/portrait_modifiers/01_clothes.txt" near line: 17255
[09:25:08][pdx_persistent_reader.cpp:268]: Error: "Unknown trigger type: indian_clothes_trigger, near line: 17261" in file: "gfx/portraits/portrait_modifiers/01_clothes.txt" near line: 17266
[09:25:08][pdx_persistent_reader.cpp:268]: Error: "Unknown trigger type: slavic_clothes_pop_trigger, near line: 17294
Unknown trigger type: nordic_clothes_pop_trigger, near line: 17295" in file: "gfx/portraits/portrait_modifiers/01_clothes.txt" near line: 17296
[09:25:08][pdx_persistent_reader.cpp:268]: Error: "Unknown trigger type: middle_clothes_pop_trigger, near line: 17298
Unknown trigger type: upper_clothes_pop_trigger, near line: 17299" in file: "gfx/portraits/portrait_modifiers/01_clothes.txt" near line: 17300
[09:25:08][pdx_persistent_reader.cpp:268]: Error: "Unknown trigger type: european_clothes_pop_trigger, near line: 17323
Unknown trigger type: south_american_clothes_pop_trigger, near line: 17324" in file: "gfx/portraits/portrait_modifiers/01_clothes.txt" near line: 17325
[09:25:08][pdx_persistent_reader.cpp:268]: Error: "Unknown trigger type: middle_clothes_pop_trigger, near line: 17327
Unknown trigger type: upper_clothes_pop_trigger, near line: 17328" in file: "gfx/portraits/portrait_modifiers/01_clothes.txt" near line: 17329
[09:25:08][pdx_persistent_reader.cpp:268]: Error: "Unknown trigger type: politician_clothes_trigger, near line: 17492
Unknown trigger type: military_clothes_trigger, near line: 17493" in file: "gfx/portraits/portrait_modifiers/01_clothes.txt" near line: 17494
[09:25:08][pdx_persistent_reader.cpp:268]: Error: "Unknown trigger type: magnate_clothes_trigger, near line: 17496
Unknown trigger type: military_clothes_trigger, near line: 17497
Unknown trigger type: monarchy_clothes_trigger, near line: 17498" in file: "gfx/portraits/portrait_modifiers/01_clothes.txt" near line: 17499
[09:25:08][pdx_persistent_reader.cpp:268]: Error: "Unknown trigger type: executive_clothes_trigger, near line: 17501" in file: "gfx/portraits/portrait_modifiers/01_clothes.txt" near line: 17504
[09:25:08][pdx_persistent_reader.cpp:268]: Error: "Unknown trigger type: ruler_clothes_trigger, near line: 17507
Unknown trigger type: republic_clothes_trigger, near line: 17508" in file: "gfx/portraits/portrait_modifiers/01_clothes.txt" near line: 17509
[09:25:08][pdx_persistent_reader.cpp:268]: Error: "Unknown trigger type: military_clothes_trigger, near line: 17511
Unknown trigger type: junta_clothes_trigger, near line: 17512
Unknown trigger type: south_american_clothes_character_trigger, near line: 17513" in file: "gfx/portraits/portrait_modifiers/01_clothes.txt" near line: 17519
[09:25:08][pdx_persistent_reader.cpp:268]: Error: "Unknown trigger type: south_american_clothes_pop_trigger, near line: 17525" in file: "gfx/portraits/portrait_modifiers/01_clothes.txt" near line: 17531
[09:25:08][pdx_persistent_reader.cpp:268]: Error: "Unknown trigger type: monarchy_clothes_trigger, near line: 17568" in file: "gfx/portraits/portrait_modifiers/01_clothes.txt" near line: 17570
[09:25:08][pdx_persistent_reader.cpp:268]: Error: "Unknown trigger type: military_clothes_trigger, near line: 17617
Unknown trigger type: armed_forces_clothes_trigger, near line: 17619
Unknown trigger type: politician_clothes_trigger, near line: 17621
Unknown trigger type: junta_clothes_trigger, near line: 17622" in file: "gfx/portraits/portrait_modifiers/01_clothes.txt" near line: 17623
[09:25:08][pdx_persistent_reader.cpp:268]: Error: "Unknown trigger type: officers_clothes_pop_trigger, near line: 17634" in file: "gfx/portraits/portrait_modifiers/01_clothes.txt" near line: 17635
[09:25:08][pdx_persistent_reader.cpp:268]: Error: "Unknown trigger type: european_clothes_trigger, near line: 17662" in file: "gfx/portraits/portrait_modifiers/01_clothes.txt" near line: 17668
[09:25:08][pdx_persistent_reader.cpp:268]: Error: "Unknown trigger type: african_diaspora_clothes_trigger, near line: 17671" in file: "gfx/portraits/portrait_modifiers/01_clothes.txt" near line: 17672
[09:25:08][pdx_persistent_reader.cpp:268]: Error: "Unknown trigger type: politician_clothes_trigger, near line: 17674
Unknown trigger type: executive_clothes_trigger, near line: 17675
Unknown trigger type: magnate_clothes_trigger, near line: 17676" in file: "gfx/portraits/portrait_modifiers/01_clothes.txt" near line: 17677
[09:25:08][pdx_persistent_reader.cpp:268]: Error: "Unknown trigger type: military_clothes_trigger, near line: 17679
Unknown trigger type: armed_forces_clothes_trigger, near line: 17680" in file: "gfx/portraits/portrait_modifiers/01_clothes.txt" near line: 17681
[09:25:08][pdx_persistent_reader.cpp:268]: Error: "Unknown trigger type: republic_clothes_trigger, near line: 17693" in file: "gfx/portraits/portrait_modifiers/01_clothes.txt" near line: 17696
[09:25:08][pdx_persistent_reader.cpp:268]: Error: "Unknown trigger type: european_clothes_trigger, near line: 17743
Unknown trigger type: african_diaspora_clothes_trigger, near line: 17744
Unknown trigger type: japanese_restoration_trigger, near line: 17751" in file: "gfx/portraits/portrait_modifiers/01_clothes.txt" near line: 17752
[09:25:08][pdx_persistent_reader.cpp:268]: Error: "Unknown trigger type: european_clothes_trigger, near line: 17756" in file: "gfx/portraits/portrait_modifiers/01_clothes.txt" near line: 17758
[09:25:08][pdx_persistent_reader.cpp:268]: Error: "Unknown trigger type: politician_clothes_trigger, near line: 17775" in file: "gfx/portraits/portrait_modifiers/01_clothes.txt" near line: 17778
[09:25:08][pdx_persistent_reader.cpp:268]: Error: "Unknown trigger type: executive_clothes_trigger, near line: 17780
Unknown trigger type: magnate_clothes_trigger, near line: 17781" in file: "gfx/portraits/portrait_modifiers/01_clothes.txt" near line: 17782
[09:25:08][pdx_persistent_reader.cpp:268]: Error: "Unknown trigger type: poor_clothes_pop_trigger, near line: 17862" in file: "gfx/portraits/portrait_modifiers/01_clothes.txt" near line: 17866
[09:25:08][pdx_persistent_reader.cpp:268]: Error: "Unknown trigger type: poor_clothes_pop_trigger, near line: 17905" in file: "gfx/portraits/portrait_modifiers/01_clothes.txt" near line: 17906
[09:25:08][pdx_persistent_reader.cpp:268]: Error: "Unknown trigger type: country_has_voting_franchise, near line: 18056" in file: "gfx/portraits/portrait_modifiers/01_clothes.txt" near line: 18060
[09:25:08][pdx_persistent_reader.cpp:268]: Error: "Unknown trigger type: soldier_clothes_pop_trigger, near line: 18088
Unknown trigger type: officers_clothes_pop_trigger, near line: 18089" in file: "gfx/portraits/portrait_modifiers/01_clothes.txt" near line: 18090
[09:25:08][pdx_persistent_reader.cpp:268]: Error: "Unknown trigger type: chinese_manchu_queue_hairstyle_pops_trigger, near line: 60
Unknown trigger type: chinese_manchu_queue_hairstyle_character_trigger, near line: 61" in file: "gfx/portraits/portrait_modifiers/01_hairstyles.txt" near line: 62
[09:25:08][pdx_persistent_reader.cpp:268]: Error: "Unknown trigger type: japanese_restoration_trigger, near line: 105" in file: "gfx/portraits/portrait_modifiers/01_hairstyles.txt" near line: 106
[09:25:08][pdx_persistent_reader.cpp:268]: Error: "Unknown trigger type: poor_clothes_pop_trigger, near line: 107" in file: "gfx/portraits/portrait_modifiers/01_hairstyles.txt" near line: 108
[09:25:08][pdx_persistent_reader.cpp:268]: Error: "Unknown trigger type: japanese_restoration_trigger, near line: 129" in file: "gfx/portraits/portrait_modifiers/01_hairstyles.txt" near line: 131
[09:25:08][pdx_persistent_reader.cpp:268]: Error: "Unknown trigger type: agitator_character_trigger, near line: 145" in file: "gfx/portraits/portrait_modifiers/01_hairstyles.txt" near line: 146
[09:25:08][pdx_persistent_reader.cpp:268]: Error: "Unknown trigger type: american_clothes_trigger, near line: 168" in file: "gfx/portraits/portrait_modifiers/01_hairstyles.txt" near line: 178
[09:25:08][pdx_persistent_reader.cpp:268]: Error: "Unknown trigger type: politician_clothes_trigger, near line: 214
Unknown trigger type: armed_forces_clothes_trigger, near line: 215" in file: "gfx/portraits/portrait_modifiers/01_hairstyles.txt" near line: 216
[09:25:08][pdx_persistent_reader.cpp:268]: Error: "Unknown trigger type: native_north_american_clothes_trigger, near line: 226
Unknown trigger type: ruler_clothes_trigger, near line: 227" in file: "gfx/portraits/portrait_modifiers/01_hairstyles.txt" near line: 231
[09:25:08][pdx_persistent_reader.cpp:268]: Error: "Unknown trigger type: european_clothes_pop_trigger, near line: 251
Unknown trigger type: poor_clothes_pop_trigger, near line: 252" in file: "gfx/portraits/portrait_modifiers/01_hairstyles.txt" near line: 253
[09:25:08][pdx_persistent_reader.cpp:268]: Error: "Unknown trigger type: clergy_clothes_pop_trigger, near line: 285" in file: "gfx/portraits/portrait_modifiers/01_hairstyles.txt" near line: 286
[09:25:08][pdx_persistent_reader.cpp:268]: Error: "Unknown trigger type: politician_clothes_trigger, near line: 288
Unknown trigger type: devout_clothes_trigger, near line: 289" in file: "gfx/portraits/portrait_modifiers/01_hairstyles.txt" near line: 294
[09:25:08][pdx_persistent_reader.cpp:268]: Error: "Unknown trigger type: indian_clothes_pop_trigger, near line: 322
Unknown trigger type: upper_clothes_pop_trigger, near line: 323" in file: "gfx/portraits/portrait_modifiers/01_hairstyles.txt" near line: 324
[09:25:08][pdx_persistent_reader.cpp:268]: Error: "Unknown trigger type: monarchy_clothes_trigger, near line: 396" in file: "gfx/portraits/portrait_modifiers/01_hairstyles.txt" near line: 397
[09:25:08][pdx_persistent_reader.cpp:268]: Error: "Unknown trigger type: european_clothes_trigger, near line: 87
Unknown trigger type: slavic_clothes_trigger, near line: 88
Unknown trigger type: south_american_clothes_character_trigger, near line: 90" in file: "gfx/portraits/portrait_modifiers/01_headgear.txt" near line: 95
[09:25:08][pdx_persistent_reader.cpp:268]: Error: "Unknown trigger type: agitator_character_trigger, near line: 98" in file: "gfx/portraits/portrait_modifiers/01_headgear.txt" near line: 99
[09:25:08][pdx_persistent_reader.cpp:268]: Error: "Unknown trigger type: south_american_clothes_character_trigger, near line: 116" in file: "gfx/portraits/portrait_modifiers/01_headgear.txt" near line: 125
[09:25:08][pdx_persistent_reader.cpp:268]: Error: "Unknown trigger type: agitator_character_trigger, near line: 128" in file: "gfx/portraits/portrait_modifiers/01_headgear.txt" near line: 133
[09:25:08][pdx_persistent_reader.cpp:268]: Error: "Unknown trigger type: agitator_character_trigger, near line: 202" in file: "gfx/portraits/portrait_modifiers/01_headgear.txt" near line: 203
[09:25:08][pdx_persistent_reader.cpp:268]: Error: "Unknown trigger type: korean_clothes_trigger, near line: 220
Unknown trigger type: agitator_character_trigger, near line: 221" in file: "gfx/portraits/portrait_modifiers/01_headgear.txt" near line: 222
[09:25:08][pdx_persistent_reader.cpp:268]: Error: "Unknown trigger type: japanese_clothes_trigger, near line: 239
Unknown trigger type: agitator_character_trigger, near line: 241
Unknown trigger type: politician_clothes_trigger, near line: 243
Unknown trigger type: armed_forces_clothes_trigger, near line: 244" in file: "gfx/portraits/portrait_modifiers/01_headgear.txt" near line: 247
[09:25:08][pdx_persistent_reader.cpp:268]: Error: "Unknown trigger type: armed_forces_clothes_trigger, near line: 494
Unknown trigger type: politician_clothes_trigger, near line: 495" in file: "gfx/portraits/portrait_modifiers/01_headgear.txt" near line: 497
[09:25:08][pdx_persistent_reader.cpp:268]: Error: "Unknown trigger type: armed_forces_clothes_trigger, near line: 548
Unknown trigger type: politician_clothes_trigger, near line: 549" in file: "gfx/portraits/portrait_modifiers/01_headgear.txt" near line: 551
[09:25:08][pdx_persistent_reader.cpp:268]: Error: "Unknown trigger type: chinese_imperial_clothes_trigger, near line: 1014" in file: "gfx/portraits/portrait_modifiers/01_headgear.txt" near line: 1015
[09:25:08][pdx_persistent_reader.cpp:268]: Error: "Unknown trigger type: japanese_imperial_clothes_trigger, near line: 1033
Unknown trigger type: japanese_shogun_clothes_trigger, near line: 1034" in file: "gfx/portraits/portrait_modifiers/01_headgear.txt" near line: 1035
[09:25:08][pdx_persistent_reader.cpp:268]: Error: "Unknown trigger type: japanese_restoration_trigger, near line: 1037" in file: "gfx/portraits/portrait_modifiers/01_headgear.txt" near line: 1038
[09:25:08][pdx_persistent_reader.cpp:268]: Error: "Unknown trigger type: european_clothes_trigger, near line: 1056
Unknown trigger type: monarchy_clothes_trigger, near line: 1057" in file: "gfx/portraits/portrait_modifiers/01_headgear.txt" near line: 1060
[09:25:08][pdx_persistent_reader.cpp:268]: Error: "Unknown trigger type: european_clothes_trigger, near line: 1078
Unknown trigger type: politician_clothes_trigger, near line: 1079
Unknown trigger type: armed_forces_clothes_trigger, near line: 1080" in file: "gfx/portraits/portrait_modifiers/01_headgear.txt" near line: 1083
[09:25:08][pdx_persistent_reader.cpp:268]: Error: "Unknown trigger type: montenegrin_clothes_trigger, near line: 1086
Unknown trigger type: serbian_clothes_trigger, near line: 1087" in file: "gfx/portraits/portrait_modifiers/01_headgear.txt" near line: 1088
[09:25:08][pdx_persistent_reader.cpp:268]: Error: "Unknown trigger type: indian_clothes_pop_trigger, near line: 1149
Unknown trigger type: soldier_clothes_pop_trigger, near line: 1151
Unknown trigger type: officers_clothes_pop_trigger, near line: 1152" in file: "gfx/portraits/portrait_modifiers/01_headgear.txt" near line: 1153
[09:25:08][pdx_persistent_reader.cpp:268]: Error: "Unknown trigger type: republic_clothes_trigger, near line: 1195
Unknown trigger type: european_clothes_trigger, near line: 1196
Unknown trigger type: american_clothes_trigger, near line: 1197
Unknown trigger type: hungarian_clothes_trigger, near line: 1198
Unknown trigger type: british_empire_clothes_trigger, near line: 1199
Unknown trigger type: french_empire_clothes_trigger, near line: 1200
Unknown trigger type: russian_empire_clothes_trigger, near line: 1201
Unknown trigger type: austrian_empire_clothes_trigger, near line: 1202
Unknown trigger type: german_clothes_trigger, near line: 1203
Unknown trigger type: bulgarian_clothes_trigger, near line: 1204
Unknown trigger type: serbian_clothes_trigger, near line: 1205
Unknown trigger type: montenegrin_clothes_trigger, near line: 1206
Unknown trigger type: spanish_empire_clothes_trigger, near line: 1207
Unknown trigger type: portuguese_empire_clothes_trigger, near line: 1208" in file: "gfx/portraits/portrait_modifiers/01_headgear.txt" near line: 1215
[09:25:08][pdx_persistent_reader.cpp:268]: Error: "Unknown trigger type: agitator_character_trigger, near line: 1219" in file: "gfx/portraits/portrait_modifiers/01_headgear.txt" near line: 1224
[09:25:08][pdx_persistent_reader.cpp:268]: Error: "Unknown trigger type: armed_forces_clothes_trigger, near line: 1226
Unknown trigger type: politician_clothes_trigger, near line: 1227" in file: "gfx/portraits/portrait_modifiers/01_headgear.txt" near line: 1228
[09:25:08][pdx_persistent_reader.cpp:268]: Error: "Unknown trigger type: officers_clothes_pop_trigger, near line: 1229" in file: "gfx/portraits/portrait_modifiers/01_headgear.txt" near line: 1230
[09:25:08][pdx_persistent_reader.cpp:268]: Error: "Unknown trigger type: european_clothes_trigger, near line: 1248
Unknown trigger type: agitator_character_trigger, near line: 1249" in file: "gfx/portraits/portrait_modifiers/01_headgear.txt" near line: 1254
[09:25:08][pdx_persistent_reader.cpp:268]: Error: "Unknown trigger type: european_clothes_trigger, near line: 1284" in file: "gfx/portraits/portrait_modifiers/01_headgear.txt" near line: 1289
[09:25:08][pdx_persistent_reader.cpp:268]: Error: "Unknown trigger type: african_diaspora_clothes_trigger, near line: 1291" in file: "gfx/portraits/portrait_modifiers/01_headgear.txt" near line: 1292
[09:25:08][pdx_persistent_reader.cpp:268]: Error: "Unknown trigger type: european_clothes_trigger, near line: 1347" in file: "gfx/portraits/portrait_modifiers/01_headgear.txt" near line: 1352
[09:25:08][pdx_persistent_reader.cpp:268]: Error: "Unknown trigger type: african_diaspora_clothes_trigger, near line: 1354" in file: "gfx/portraits/portrait_modifiers/01_headgear.txt" near line: 1355
[09:25:08][pdx_persistent_reader.cpp:268]: Error: "Unknown trigger type: american_clothes_pop_trigger, near line: 1412
Unknown trigger type: officers_clothes_pop_trigger, near line: 1414
Unknown trigger type: soldier_clothes_pop_trigger, near line: 1415" in file: "gfx/portraits/portrait_modifiers/01_headgear.txt" near line: 1416
[09:25:08][pdx_persistent_reader.cpp:268]: Error: "Unknown trigger type: american_clothes_pop_trigger, near line: 1441
Unknown trigger type: officers_clothes_pop_trigger, near line: 1443
Unknown trigger type: soldier_clothes_pop_trigger, near line: 1444" in file: "gfx/portraits/portrait_modifiers/01_headgear.txt" near line: 1445
[09:25:08][pdx_persistent_reader.cpp:268]: Error: "Unknown trigger type: american_clothes_trigger, near line: 1448
Unknown trigger type: agitator_character_trigger, near line: 1449" in file: "gfx/portraits/portrait_modifiers/01_headgear.txt" near line: 1455
[09:25:08][pdx_persistent_reader.cpp:268]: Error: "Unknown trigger type: politician_clothes_trigger, near line: 1457
Unknown trigger type: armed_forces_clothes_trigger, near line: 1458" in file: "gfx/portraits/portrait_modifiers/01_headgear.txt" near line: 1462
[09:25:08][pdx_persistent_reader.cpp:268]: Error: "Unknown trigger type: american_clothes_pop_trigger, near line: 1490
Unknown trigger type: officers_clothes_pop_trigger, near line: 1492
Unknown trigger type: soldier_clothes_pop_trigger, near line: 1493" in file: "gfx/portraits/portrait_modifiers/01_headgear.txt" near line: 1494
[09:25:08][pdx_persistent_reader.cpp:268]: Error: "Unknown trigger type: american_clothes_trigger, near line: 1497
Unknown trigger type: agitator_character_trigger, near line: 1498" in file: "gfx/portraits/portrait_modifiers/01_headgear.txt" near line: 1503
[09:25:08][pdx_persistent_reader.cpp:268]: Error: "Unknown trigger type: agitator_character_trigger, near line: 1534" in file: "gfx/portraits/portrait_modifiers/01_headgear.txt" near line: 1535
[09:25:08][pdx_persistent_reader.cpp:268]: Error: "Unknown trigger type: politician_clothes_trigger, near line: 1537
Unknown trigger type: armed_forces_clothes_trigger, near line: 1538" in file: "gfx/portraits/portrait_modifiers/01_headgear.txt" near line: 1543
[09:25:08][pdx_persistent_reader.cpp:268]: Error: "Unknown trigger type: agitator_character_trigger, near line: 1544" in file: "gfx/portraits/portrait_modifiers/01_headgear.txt" near line: 1545
[09:25:08][pdx_persistent_reader.cpp:268]: Error: "Unknown trigger type: british_empire_clothes_trigger, near line: 1574
Unknown trigger type: agitator_character_trigger, near line: 1575" in file: "gfx/portraits/portrait_modifiers/01_headgear.txt" near line: 1580
[09:25:08][pdx_persistent_reader.cpp:268]: Error: "Unknown trigger type: politician_clothes_trigger, near line: 1582
Unknown trigger type: armed_forces_clothes_trigger, near line: 1583" in file: "gfx/portraits/portrait_modifiers/01_headgear.txt" near line: 1586
[09:25:08][pdx_persistent_reader.cpp:268]: Error: "Unknown trigger type: soldier_clothes_pop_trigger, near line: 1624
Unknown trigger type: officers_clothes_pop_trigger, near line: 1625" in file: "gfx/portraits/portrait_modifiers/01_headgear.txt" near line: 1626
[09:25:08][pdx_persistent_reader.cpp:268]: Error: "Unknown trigger type: soldier_clothes_pop_trigger, near line: 1665
Unknown trigger type: officers_clothes_pop_trigger, near line: 1666" in file: "gfx/portraits/portrait_modifiers/01_headgear.txt" near line: 1667
[09:25:08][pdx_persistent_reader.cpp:268]: Error: "Unknown trigger type: british_empire_clothes_pop_trigger, near line: 1692
Unknown trigger type: officers_clothes_pop_trigger, near line: 1693" in file: "gfx/portraits/portrait_modifiers/01_headgear.txt" near line: 1698
[09:25:08][pdx_persistent_reader.cpp:268]: Error: "Unknown trigger type: british_empire_clothes_trigger, near line: 1708" in file: "gfx/portraits/portrait_modifiers/01_headgear.txt" near line: 1713
[09:25:08][pdx_persistent_reader.cpp:268]: Error: "Unknown trigger type: british_empire_clothes_p_trigger, near line: 1760
Unknown trigger type: officers_clothes_pop_trigger, near line: 1761" in file: "gfx/portraits/portrait_modifiers/01_headgear.txt" near line: 1762
[09:25:08][pdx_persistent_reader.cpp:268]: Error: "Unknown trigger type: french_empire_clothes_trigger, near line: 1779" in file: "gfx/portraits/portrait_modifiers/01_headgear.txt" near line: 1783
[09:25:08][pdx_persistent_reader.cpp:268]: Error: "Unknown trigger type: politician_clothes_trigger, near line: 1785
Unknown trigger type: armed_forces_clothes_trigger, near line: 1786" in file: "gfx/portraits/portrait_modifiers/01_headgear.txt" near line: 1787
[09:25:08][pdx_persistent_reader.cpp:268]: Error: "Unknown trigger type: agitator_character_trigger, near line: 1789" in file: "gfx/portraits/portrait_modifiers/01_headgear.txt" near line: 1795
[09:25:08][pdx_persistent_reader.cpp:268]: Error: "Unknown trigger type: soldier_clothes_pop_trigger, near line: 1827
Unknown trigger type: officers_clothes_pop_trigger, near line: 1828" in file: "gfx/portraits/portrait_modifiers/01_headgear.txt" near line: 1829
[09:25:08][pdx_persistent_reader.cpp:268]: Error: "Unknown trigger type: french_empire_clothes_trigger, near line: 1847" in file: "gfx/portraits/portrait_modifiers/01_headgear.txt" near line: 1851
[09:25:08][pdx_persistent_reader.cpp:268]: Error: "Unknown trigger type: politician_clothes_trigger, near line: 1853
Unknown trigger type: armed_forces_clothes_trigger, near line: 1854" in file: "gfx/portraits/portrait_modifiers/01_headgear.txt" near line: 1855
[09:25:08][pdx_persistent_reader.cpp:268]: Error: "Unknown trigger type: agitator_character_trigger, near line: 1857" in file: "gfx/portraits/portrait_modifiers/01_headgear.txt" near line: 1862
[09:25:08][pdx_persistent_reader.cpp:268]: Error: "Unknown trigger type: soldier_clothes_pop_trigger, near line: 1877
Unknown trigger type: officers_clothes_pop_trigger, near line: 1878" in file: "gfx/portraits/portrait_modifiers/01_headgear.txt" near line: 1879
[09:25:08][pdx_persistent_reader.cpp:268]: Error: "Unknown trigger type: french_empire_clothes_pop_trigger, near line: 1901
Unknown trigger type: officers_clothes_pop_trigger, near line: 1902" in file: "gfx/portraits/portrait_modifiers/01_headgear.txt" near line: 1906
[09:25:08][pdx_persistent_reader.cpp:268]: Error: "Unknown trigger type: japanese_restoration_trigger, near line: 1941
Unknown trigger type: japanese_modernizer_character_trigger, near line: 1942" in file: "gfx/portraits/portrait_modifiers/01_headgear.txt" near line: 1943
[09:25:08][pdx_persistent_reader.cpp:268]: Error: "Unknown trigger type: japanese_restoration_trigger, near line: 1969" in file: "gfx/portraits/portrait_modifiers/01_headgear.txt" near line: 1970
[09:25:08][pdx_persistent_reader.cpp:268]: Error: "Unknown trigger type: japanese_restoration_trigger, near line: 1996" in file: "gfx/portraits/portrait_modifiers/01_headgear.txt" near line: 1997
[09:25:08][pdx_persistent_reader.cpp:268]: Error: "Unknown trigger type: armed_forces_clothes_trigger, near line: 2009
Unknown trigger type: politician_clothes_trigger, near line: 2010" in file: "gfx/portraits/portrait_modifiers/01_headgear.txt" near line: 2011
[09:25:08][pdx_persistent_reader.cpp:268]: Error: "Unknown trigger type: japanese_restoration_trigger, near line: 2016" in file: "gfx/portraits/portrait_modifiers/01_headgear.txt" near line: 2017
[09:25:08][pdx_persistent_reader.cpp:268]: Error: "Unknown trigger type: japanese_restoration_trigger, near line: 2044" in file: "gfx/portraits/portrait_modifiers/01_headgear.txt" near line: 2045
[09:25:08][pdx_persistent_reader.cpp:268]: Error: "Unknown trigger type: japanese_restoration_trigger, near line: 2072" in file: "gfx/portraits/portrait_modifiers/01_headgear.txt" near line: 2073
[09:25:08][pdx_persistent_reader.cpp:268]: Error: "Unknown trigger type: japanese_restoration_trigger, near line: 2107" in file: "gfx/portraits/portrait_modifiers/01_headgear.txt" near line: 2108
[09:25:08][pdx_persistent_reader.cpp:268]: Error: "Unknown trigger type: japanese_restoration_trigger, near line: 2137" in file: "gfx/portraits/portrait_modifiers/01_headgear.txt" near line: 2138
[09:25:08][pdx_persistent_reader.cpp:268]: Error: "Unknown trigger type: japanese_restoration_trigger, near line: 2168" in file: "gfx/portraits/portrait_modifiers/01_headgear.txt" near line: 2169
[09:25:08][pdx_persistent_reader.cpp:268]: Error: "Unknown trigger type: armed_forces_clothes_trigger, near line: 2186
Unknown trigger type: politician_clothes_trigger, near line: 2187" in file: "gfx/portraits/portrait_modifiers/01_headgear.txt" near line: 2188
[09:25:08][pdx_persistent_reader.cpp:268]: Error: "Unknown trigger type: japanese_restoration_trigger, near line: 2194" in file: "gfx/portraits/portrait_modifiers/01_headgear.txt" near line: 2195
[09:25:08][pdx_persistent_reader.cpp:268]: Error: "Unknown trigger type: japanese_restoration_trigger, near line: 2222" in file: "gfx/portraits/portrait_modifiers/01_headgear.txt" near line: 2223
[09:25:08][pdx_persistent_reader.cpp:268]: Error: "Unknown trigger type: japanese_restoration_trigger, near line: 2250" in file: "gfx/portraits/portrait_modifiers/01_headgear.txt" near line: 2251
[09:25:08][pdx_persistent_reader.cpp:268]: Error: "Unknown trigger type: armed_forces_clothes_trigger, near line: 2268
Unknown trigger type: politician_clothes_trigger, near line: 2269" in file: "gfx/portraits/portrait_modifiers/01_headgear.txt" near line: 2270
[09:25:08][pdx_persistent_reader.cpp:268]: Error: "Unknown trigger type: japanese_restoration_trigger, near line: 2276" in file: "gfx/portraits/portrait_modifiers/01_headgear.txt" near line: 2277
[09:25:08][pdx_persistent_reader.cpp:268]: Error: "Unknown trigger type: japanese_restoration_trigger, near line: 2311" in file: "gfx/portraits/portrait_modifiers/01_headgear.txt" near line: 2312
[09:25:08][pdx_persistent_reader.cpp:268]: Error: "Unknown trigger type: is_in_hot_land_hq_trigger, near line: 2336" in file: "gfx/portraits/portrait_modifiers/01_headgear.txt" near line: 2346
[09:25:08][pdx_persistent_reader.cpp:268]: Error: "Unknown trigger type: japanese_restoration_trigger, near line: 2348" in file: "gfx/portraits/portrait_modifiers/01_headgear.txt" near line: 2349
[09:25:08][pdx_persistent_reader.cpp:268]: Error: "Unknown trigger type: japanese_clothes_pop_trigger, near line: 2369
Unknown trigger type: middle_clothes_pop_trigger, near line: 2371
Unknown trigger type: upper_clothes_pop_trigger, near line: 2372" in file: "gfx/portraits/portrait_modifiers/01_headgear.txt" near line: 2373
[09:25:08][pdx_persistent_reader.cpp:268]: Error: "Unknown trigger type: japanese_restoration_trigger, near line: 2380" in file: "gfx/portraits/portrait_modifiers/01_headgear.txt" near line: 2381
[09:25:08][pdx_persistent_reader.cpp:268]: Error: "Unknown trigger type: japanese_restoration_trigger, near line: 2416" in file: "gfx/portraits/portrait_modifiers/01_headgear.txt" near line: 2417
[09:25:08][pdx_persistent_reader.cpp:268]: Error: "Unknown trigger type: japanese_restoration_trigger, near line: 2448" in file: "gfx/portraits/portrait_modifiers/01_headgear.txt" near line: 2449
[09:25:08][pdx_persistent_reader.cpp:268]: Error: "Unknown trigger type: russian_empire_clothes_trigger, near line: 2467" in file: "gfx/portraits/portrait_modifiers/01_headgear.txt" near line: 2471
[09:25:08][pdx_persistent_reader.cpp:268]: Error: "Unknown trigger type: politician_clothes_trigger, near line: 2473
Unknown trigger type: armed_forces_clothes_trigger, near line: 2474" in file: "gfx/portraits/portrait_modifiers/01_headgear.txt" near line: 2475
[09:25:08][pdx_persistent_reader.cpp:268]: Error: "Unknown trigger type: agitator_character_trigger, near line: 2480" in file: "gfx/portraits/portrait_modifiers/01_headgear.txt" near line: 2481
[09:25:08][pdx_persistent_reader.cpp:268]: Error: "Unknown trigger type: russian_empire_clothes_pop_trigger, near line: 2501
Unknown trigger type: soldier_clothes_pop_trigger, near line: 2503
Unknown trigger type: officers_clothes_pop_trigger, near line: 2504" in file: "gfx/portraits/portrait_modifiers/01_headgear.txt" near line: 2505
[09:25:08][pdx_persistent_reader.cpp:268]: Error: "Unknown trigger type: russian_empire_clothes_pop_trigger, near line: 2527
Unknown trigger type: officers_clothes_pop_trigger, near line: 2529
Unknown trigger type: soldier_clothes_pop_trigger, near line: 2530" in file: "gfx/portraits/portrait_modifiers/01_headgear.txt" near line: 2531
[09:25:08][pdx_persistent_reader.cpp:268]: Error: "Unknown trigger type: russian_empire_clothes_trigger, near line: 2553
Unknown trigger type: agitator_character_trigger, near line: 2554" in file: "gfx/portraits/portrait_modifiers/01_headgear.txt" near line: 2558
[09:25:08][pdx_persistent_reader.cpp:268]: Error: "Unknown trigger type: austrian_empire_clothes_trigger, near line: 2581" in file: "gfx/portraits/portrait_modifiers/01_headgear.txt" near line: 2585
[09:25:08][pdx_persistent_reader.cpp:268]: Error: "Unknown trigger type: politician_clothes_trigger, near line: 2587
Unknown trigger type: armed_forces_clothes_trigger, near line: 2588" in file: "gfx/portraits/portrait_modifiers/01_headgear.txt" near line: 2589
[09:25:08][pdx_persistent_reader.cpp:268]: Error: "Unknown trigger type: agitator_character_trigger, near line: 2594" in file: "gfx/portraits/portrait_modifiers/01_headgear.txt" near line: 2595
[09:25:08][pdx_persistent_reader.cpp:268]: Error: "Unknown trigger type: austrian_empire_clothes_pop_trigger, near line: 2615
Unknown trigger type: officers_clothes_pop_trigger, near line: 2616" in file: "gfx/portraits/portrait_modifiers/01_headgear.txt" near line: 2617
[09:25:08][pdx_persistent_reader.cpp:268]: Error: "Unknown trigger type: austrian_empire_clothes_pop_trigger, near line: 2637
Unknown trigger type: soldier_clothes_pop_trigger, near line: 2638" in file: "gfx/portraits/portrait_modifiers/01_headgear.txt" near line: 2639
[09:25:08][pdx_persistent_reader.cpp:268]: Error: "Unknown trigger type: bulgarian_clothes_trigger, near line: 2659
Unknown trigger type: monarchy_clothes_trigger, near line: 2660" in file: "gfx/portraits/portrait_modifiers/01_headgear.txt" near line: 2663
[09:25:08][pdx_persistent_reader.cpp:268]: Error: "Unknown trigger type: agitator_character_trigger, near line: 2664" in file: "gfx/portraits/portrait_modifiers/01_headgear.txt" near line: 2665
[09:25:08][pdx_persistent_reader.cpp:268]: Error: "Unknown trigger type: bulgarian_clothes_trigger, near line: 2683" in file: "gfx/portraits/portrait_modifiers/01_headgear.txt" near line: 2686
[09:25:08][pdx_persistent_reader.cpp:268]: Error: "Unknown trigger type: politician_clothes_trigger, near line: 2694
Unknown trigger type: armed_forces_clothes_trigger, near line: 2695" in file: "gfx/portraits/portrait_modifiers/01_headgear.txt" near line: 2696
[09:25:08][pdx_persistent_reader.cpp:268]: Error: "Unknown trigger type: agitator_character_trigger, near line: 2701" in file: "gfx/portraits/portrait_modifiers/01_headgear.txt" near line: 2702
[09:25:08][pdx_persistent_reader.cpp:268]: Error: "Unknown trigger type: bulgarian_clothes_trigger, near line: 2720" in file: "gfx/portraits/portrait_modifiers/01_headgear.txt" near line: 2724
[09:25:08][pdx_persistent_reader.cpp:268]: Error: "Unknown trigger type: politician_clothes_trigger, near line: 2731
Unknown trigger type: armed_forces_clothes_trigger, near line: 2732" in file: "gfx/portraits/portrait_modifiers/01_headgear.txt" near line: 2733
[09:25:08][pdx_persistent_reader.cpp:268]: Error: "Unknown trigger type: agitator_character_trigger, near line: 2738" in file: "gfx/portraits/portrait_modifiers/01_headgear.txt" near line: 2739
[09:25:08][pdx_persistent_reader.cpp:268]: Error: "Unknown trigger type: bulgarian_clothes_pop_trigger, near line: 2759
Unknown trigger type: soldier_clothes_pop_trigger, near line: 2761
Unknown trigger type: officers_clothes_pop_trigger, near line: 2762" in file: "gfx/portraits/portrait_modifiers/01_headgear.txt" near line: 2763
[09:25:08][pdx_persistent_reader.cpp:268]: Error: "Unknown trigger type: bulgarian_clothes_pop_trigger, near line: 2789
Unknown trigger type: soldier_clothes_pop_trigger, near line: 2790" in file: "gfx/portraits/portrait_modifiers/01_headgear.txt" near line: 2794
[09:25:08][pdx_persistent_reader.cpp:268]: Error: "Unknown trigger type: bulgarian_clothes_pop_trigger, near line: 2816
Unknown trigger type: officers_clothes_pop_trigger, near line: 2817" in file: "gfx/portraits/portrait_modifiers/01_headgear.txt" near line: 2821
[09:25:08][pdx_persistent_reader.cpp:268]: Error: "Unknown trigger type: serbian_clothes_trigger, near line: 2843" in file: "gfx/portraits/portrait_modifiers/01_headgear.txt" near line: 2846
[09:25:08][pdx_persistent_reader.cpp:268]: Error: "Unknown trigger type: politician_clothes_trigger, near line: 2854
Unknown trigger type: armed_forces_clothes_trigger, near line: 2855" in file: "gfx/portraits/portrait_modifiers/01_headgear.txt" near line: 2856
[09:25:08][pdx_persistent_reader.cpp:268]: Error: "Unknown trigger type: agitator_character_trigger, near line: 2861" in file: "gfx/portraits/portrait_modifiers/01_headgear.txt" near line: 2862
[09:25:08][pdx_persistent_reader.cpp:268]: Error: "Unknown trigger type: serbian_clothes_pop_trigger, near line: 2880" in file: "gfx/portraits/portrait_modifiers/01_headgear.txt" near line: 2883
[09:25:08][pdx_persistent_reader.cpp:268]: Error: "Unknown trigger type: soldier_clothes_pop_trigger, near line: 2887
Unknown trigger type: officers_clothes_pop_trigger, near line: 2888" in file: "gfx/portraits/portrait_modifiers/01_headgear.txt" near line: 2889
[09:25:08][pdx_persistent_reader.cpp:268]: Error: "Unknown trigger type: serbian_clothes_trigger, near line: 2908" in file: "gfx/portraits/portrait_modifiers/01_headgear.txt" near line: 2912
[09:25:08][pdx_persistent_reader.cpp:268]: Error: "Unknown trigger type: politician_clothes_trigger, near line: 2920
Unknown trigger type: armed_forces_clothes_trigger, near line: 2921" in file: "gfx/portraits/portrait_modifiers/01_headgear.txt" near line: 2922
[09:25:08][pdx_persistent_reader.cpp:268]: Error: "Unknown trigger type: agitator_character_trigger, near line: 2927" in file: "gfx/portraits/portrait_modifiers/01_headgear.txt" near line: 2928
[09:25:08][pdx_persistent_reader.cpp:268]: Error: "Unknown trigger type: serbian_clothes_trigger, near line: 2946" in file: "gfx/portraits/portrait_modifiers/01_headgear.txt" near line: 2950
[09:25:08][pdx_persistent_reader.cpp:268]: Error: "Unknown trigger type: politician_clothes_trigger, near line: 2957
Unknown trigger type: armed_forces_clothes_trigger, near line: 2958" in file: "gfx/portraits/portrait_modifiers/01_headgear.txt" near line: 2959
[09:25:08][pdx_persistent_reader.cpp:268]: Error: "Unknown trigger type: agitator_character_trigger, near line: 2964" in file: "gfx/portraits/portrait_modifiers/01_headgear.txt" near line: 2965
[09:25:08][pdx_persistent_reader.cpp:268]: Error: "Unknown trigger type: serbian_clothes_pop_trigger, near line: 2983" in file: "gfx/portraits/portrait_modifiers/01_headgear.txt" near line: 2987
[09:25:08][pdx_persistent_reader.cpp:268]: Error: "Unknown trigger type: soldier_clothes_pop_trigger, near line: 2990" in file: "gfx/portraits/portrait_modifiers/01_headgear.txt" near line: 2991
[09:25:08][pdx_persistent_reader.cpp:268]: Error: "Unknown trigger type: serbian_clothes_pop_trigger, near line: 3009" in file: "gfx/portraits/portrait_modifiers/01_headgear.txt" near line: 3013
[09:25:08][pdx_persistent_reader.cpp:268]: Error: "Unknown trigger type: officers_clothes_pop_trigger, near line: 3016" in file: "gfx/portraits/portrait_modifiers/01_headgear.txt" near line: 3017
[09:25:08][pdx_persistent_reader.cpp:268]: Error: "Unknown trigger type: serbian_clothes_pop_trigger, near line: 3035" in file: "gfx/portraits/portrait_modifiers/01_headgear.txt" near line: 3039
[09:25:08][pdx_persistent_reader.cpp:268]: Error: "Unknown trigger type: soldier_clothes_pop_trigger, near line: 3042
Unknown trigger type: officers_clothes_pop_trigger, near line: 3043" in file: "gfx/portraits/portrait_modifiers/01_headgear.txt" near line: 3044
[09:25:08][pdx_persistent_reader.cpp:268]: Error: "Unknown trigger type: montenegrin_clothes_trigger, near line: 3067
Unknown trigger type: military_clothes_trigger, near line: 3071
Unknown trigger type: armed_forces_clothes_trigger, near line: 3073
Unknown trigger type: politician_clothes_trigger, near line: 3075
Unknown trigger type: ruler_clothes_trigger, near line: 3076" in file: "gfx/portraits/portrait_modifiers/01_headgear.txt" near line: 3077
[09:25:08][pdx_persistent_reader.cpp:268]: Error: "Unknown trigger type: montenegrin_clothes_pop_trigger, near line: 3105
Unknown trigger type: soldier_clothes_pop_trigger, near line: 3107
Unknown trigger type: officers_clothes_pop_trigger, near line: 3108" in file: "gfx/portraits/portrait_modifiers/01_headgear.txt" near line: 3109
[09:25:08][pdx_persistent_reader.cpp:268]: Error: "Unknown trigger type: montenegrin_clothes_trigger, near line: 3122" in file: "gfx/portraits/portrait_modifiers/01_headgear.txt" near line: 3128
[09:25:08][pdx_persistent_reader.cpp:268]: Error: "Unknown trigger type: military_clothes_trigger, near line: 3129
Unknown trigger type: armed_forces_clothes_trigger, near line: 3131
Unknown trigger type: politician_clothes_trigger, near line: 3133
Unknown trigger type: ruler_clothes_trigger, near line: 3134" in file: "gfx/portraits/portrait_modifiers/01_headgear.txt" near line: 3135
[09:25:08][pdx_persistent_reader.cpp:268]: Error: "Unknown trigger type: romanian_clothes_trigger, near line: 3162" in file: "gfx/portraits/portrait_modifiers/01_headgear.txt" near line: 3168
[09:25:08][pdx_persistent_reader.cpp:268]: Error: "Unknown trigger type: politician_clothes_trigger, near line: 3176
Unknown trigger type: armed_forces_clothes_trigger, near line: 3177" in file: "gfx/portraits/portrait_modifiers/01_headgear.txt" near line: 3178
[09:25:08][pdx_persistent_reader.cpp:268]: Error: "Unknown trigger type: agitator_character_trigger, near line: 3183" in file: "gfx/portraits/portrait_modifiers/01_headgear.txt" near line: 3184
[09:25:08][pdx_persistent_reader.cpp:268]: Error: "Unknown trigger type: romanian_clothes_pop_trigger, near line: 3210
Unknown trigger type: soldier_clothes_pop_trigger, near line: 3212
Unknown trigger type: officers_clothes_pop_trigger, near line: 3213" in file: "gfx/portraits/portrait_modifiers/01_headgear.txt" near line: 3214
[09:25:08][pdx_persistent_reader.cpp:268]: Error: "Unknown trigger type: romanian_clothes_trigger, near line: 3233" in file: "gfx/portraits/portrait_modifiers/01_headgear.txt" near line: 3239
[09:25:08][pdx_persistent_reader.cpp:268]: Error: "Unknown trigger type: politician_clothes_trigger, near line: 3250
Unknown trigger type: armed_forces_clothes_trigger, near line: 3251" in file: "gfx/portraits/portrait_modifiers/01_headgear.txt" near line: 3252
[09:25:08][pdx_persistent_reader.cpp:268]: Error: "Unknown trigger type: agitator_character_trigger, near line: 3257" in file: "gfx/portraits/portrait_modifiers/01_headgear.txt" near line: 3258
[09:25:08][pdx_persistent_reader.cpp:268]: Error: "Unknown trigger type: romanian_clothes_pop_trigger, near line: 3287
Unknown trigger type: soldier_clothes_pop_trigger, near line: 3289
Unknown trigger type: officers_clothes_pop_trigger, near line: 3290" in file: "gfx/portraits/portrait_modifiers/01_headgear.txt" near line: 3291
[09:25:08][pdx_persistent_reader.cpp:268]: Error: "Unknown trigger type: romanian_clothes_pop_trigger, near line: 3310" in file: "gfx/portraits/portrait_modifiers/01_headgear.txt" near line: 3314
[09:25:08][pdx_persistent_reader.cpp:268]: Error: "Unknown trigger type: soldier_clothes_pop_trigger, near line: 3317
Unknown trigger type: officers_clothes_pop_trigger, near line: 3318" in file: "gfx/portraits/portrait_modifiers/01_headgear.txt" near line: 3319
[09:25:08][pdx_persistent_reader.cpp:268]: Error: "Unknown trigger type: romanian_clothes_trigger, near line: 3338" in file: "gfx/portraits/portrait_modifiers/01_headgear.txt" near line: 3342
[09:25:08][pdx_persistent_reader.cpp:268]: Error: "Unknown trigger type: politician_clothes_trigger, near line: 3349
Unknown trigger type: armed_forces_clothes_trigger, near line: 3350" in file: "gfx/portraits/portrait_modifiers/01_headgear.txt" near line: 3351
[09:25:08][pdx_persistent_reader.cpp:268]: Error: "Unknown trigger type: agitator_character_trigger, near line: 3356" in file: "gfx/portraits/portrait_modifiers/01_headgear.txt" near line: 3357
[09:25:08][pdx_persistent_reader.cpp:268]: Error: "Unknown trigger type: romanian_clothes_trigger, near line: 3375" in file: "gfx/portraits/portrait_modifiers/01_headgear.txt" near line: 3379
[09:25:08][pdx_persistent_reader.cpp:268]: Error: "Unknown trigger type: politician_clothes_trigger, near line: 3386
Unknown trigger type: armed_forces_clothes_trigger, near line: 3387" in file: "gfx/portraits/portrait_modifiers/01_headgear.txt" near line: 3388
[09:25:08][pdx_persistent_reader.cpp:268]: Error: "Unknown trigger type: agitator_character_trigger, near line: 3393" in file: "gfx/portraits/portrait_modifiers/01_headgear.txt" near line: 3394
[09:25:08][pdx_persistent_reader.cpp:268]: Error: "Unknown trigger type: romanian_clothes_pop_trigger, near line: 3417
Unknown trigger type: soldier_clothes_pop_trigger, near line: 3419
Unknown trigger type: officers_clothes_pop_trigger, near line: 3420" in file: "gfx/portraits/portrait_modifiers/01_headgear.txt" near line: 3421
[09:25:08][pdx_persistent_reader.cpp:268]: Error: "Unknown trigger type: greek_clothes_trigger, near line: 3442
Unknown trigger type: armed_forces_clothes_trigger, near line: 3445" in file: "gfx/portraits/portrait_modifiers/01_headgear.txt" near line: 3449
[09:25:08][pdx_persistent_reader.cpp:268]: Error: "Unknown trigger type: agitator_character_trigger, near line: 3451" in file: "gfx/portraits/portrait_modifiers/01_headgear.txt" near line: 3452
[09:25:08][pdx_persistent_reader.cpp:268]: Error: "Unknown trigger type: greek_clothes_pop_trigger, near line: 3463
Unknown trigger type: officers_clothes_pop_trigger, near line: 3466
Unknown trigger type: soldier_clothes_pop_trigger, near line: 3467" in file: "gfx/portraits/portrait_modifiers/01_headgear.txt" near line: 3468
[09:25:08][pdx_persistent_reader.cpp:268]: Error: "Unknown trigger type: greek_clothes_trigger, near line: 3487" in file: "gfx/portraits/portrait_modifiers/01_headgear.txt" near line: 3490
[09:25:08][pdx_persistent_reader.cpp:268]: Error: "Unknown trigger type: politician_clothes_trigger, near line: 3498
Unknown trigger type: armed_forces_clothes_trigger, near line: 3499" in file: "gfx/portraits/portrait_modifiers/01_headgear.txt" near line: 3500
[09:25:08][pdx_persistent_reader.cpp:268]: Error: "Unknown trigger type: agitator_character_trigger, near line: 3505" in file: "gfx/portraits/portrait_modifiers/01_headgear.txt" near line: 3506
[09:25:08][pdx_persistent_reader.cpp:268]: Error: "Unknown trigger type: greek_clothes_trigger, near line: 3524" in file: "gfx/portraits/portrait_modifiers/01_headgear.txt" near line: 3528
[09:25:08][pdx_persistent_reader.cpp:268]: Error: "Unknown trigger type: politician_clothes_trigger, near line: 3536
Unknown trigger type: armed_forces_clothes_trigger, near line: 3537" in file: "gfx/portraits/portrait_modifiers/01_headgear.txt" near line: 3538
[09:25:08][pdx_persistent_reader.cpp:268]: Error: "Unknown trigger type: agitator_character_trigger, near line: 3543" in file: "gfx/portraits/portrait_modifiers/01_headgear.txt" near line: 3544
[09:25:08][pdx_persistent_reader.cpp:268]: Error: "Unknown trigger type: greek_clothes_pop_trigger, near line: 3568
Unknown trigger type: officers_clothes_pop_trigger, near line: 3570
Unknown trigger type: soldier_clothes_pop_trigger, near line: 3571" in file: "gfx/portraits/portrait_modifiers/01_headgear.txt" near line: 3572
[09:25:08][pdx_persistent_reader.cpp:268]: Error: "Unknown trigger type: greek_clothes_trigger, near line: 3591" in file: "gfx/portraits/portrait_modifiers/01_headgear.txt" near line: 3595
[09:25:08][pdx_persistent_reader.cpp:268]: Error: "Unknown trigger type: politician_clothes_trigger, near line: 3602
Unknown trigger type: armed_forces_clothes_trigger, near line: 3603" in file: "gfx/portraits/portrait_modifiers/01_headgear.txt" near line: 3604
[09:25:08][pdx_persistent_reader.cpp:268]: Error: "Unknown trigger type: agitator_character_trigger, near line: 3609" in file: "gfx/portraits/portrait_modifiers/01_headgear.txt" near line: 3610
[09:25:08][pdx_persistent_reader.cpp:268]: Error: "Unknown trigger type: greek_clothes_pop_trigger, near line: 3633
Unknown trigger type: officers_clothes_pop_trigger, near line: 3634" in file: "gfx/portraits/portrait_modifiers/01_headgear.txt" near line: 3635
[09:25:08][pdx_persistent_reader.cpp:268]: Error: "Unknown trigger type: greek_clothes_pop_trigger, near line: 3658
Unknown trigger type: soldier_clothes_pop_trigger, near line: 3659" in file: "gfx/portraits/portrait_modifiers/01_headgear.txt" near line: 3660
[09:25:08][pdx_persistent_reader.cpp:268]: Error: "Unknown trigger type: spanish_empire_clothes_trigger, near line: 3684" in file: "gfx/portraits/portrait_modifiers/01_headgear.txt" near line: 3688
[09:25:08][pdx_persistent_reader.cpp:268]: Error: "Unknown trigger type: military_marshal_clothes_trigger, near line: 3689
Unknown trigger type: armed_forces_clothes_trigger, near line: 3691
Unknown trigger type: politician_clothes_trigger, near line: 3693
Unknown trigger type: ruler_clothes_trigger, near line: 3694" in file: "gfx/portraits/portrait_modifiers/01_headgear.txt" near line: 3695
[09:25:08][pdx_persistent_reader.cpp:268]: Error: "Unknown trigger type: military_governor_clothes_trigger, near line: 3697" in file: "gfx/portraits/portrait_modifiers/01_headgear.txt" near line: 3698
[09:25:08][pdx_persistent_reader.cpp:268]: Error: "Unknown trigger type: spanish_empire_clothes_trigger, near line: 3725
Unknown trigger type: military_clothes_trigger, near line: 3727
Unknown trigger type: armed_forces_clothes_trigger, near line: 3729
Unknown trigger type: politician_clothes_trigger, near line: 3731
Unknown trigger type: ruler_clothes_trigger, near line: 3732" in file: "gfx/portraits/portrait_modifiers/01_headgear.txt" near line: 3733
[09:25:08][pdx_persistent_reader.cpp:268]: Error: "Unknown trigger type: spanish_clothes_pop_trigger, near line: 3761
Unknown trigger type: spanish_colony_clothes_pop_trigger, near line: 3762" in file: "gfx/portraits/portrait_modifiers/01_headgear.txt" near line: 3763
[09:25:08][pdx_persistent_reader.cpp:268]: Error: "Unknown trigger type: soldier_clothes_pop_trigger, near line: 3765
Unknown trigger type: officers_clothes_pop_trigger, near line: 3766" in file: "gfx/portraits/portrait_modifiers/01_headgear.txt" near line: 3767
[09:25:08][pdx_persistent_reader.cpp:268]: Error: "Unknown trigger type: spanish_clothes_pop_trigger, near line: 3795
Unknown trigger type: spanish_colony_clothes_pop_trigger, near line: 3796" in file: "gfx/portraits/portrait_modifiers/01_headgear.txt" near line: 3797
[09:25:08][pdx_persistent_reader.cpp:268]: Error: "Unknown trigger type: officers_clothes_pop_trigger, near line: 3798" in file: "gfx/portraits/portrait_modifiers/01_headgear.txt" near line: 3800
[09:25:08][pdx_persistent_reader.cpp:268]: Error: "Unknown trigger type: spanish_empire_clothes_trigger, near line: 3824
Unknown trigger type: military_clothes_trigger, near line: 3826
Unknown trigger type: armed_forces_clothes_trigger, near line: 3828
Unknown trigger type: politician_clothes_trigger, near line: 3830
Unknown trigger type: ruler_clothes_trigger, near line: 3831" in file: "gfx/portraits/portrait_modifiers/01_headgear.txt" near line: 3832
[09:25:08][pdx_persistent_reader.cpp:268]: Error: "Unknown trigger type: spanish_clothes_pop_trigger, near line: 3857
Unknown trigger type: soldier_clothes_pop_trigger, near line: 3859
Unknown trigger type: officers_clothes_pop_trigger, near line: 3860" in file: "gfx/portraits/portrait_modifiers/01_headgear.txt" near line: 3861
[09:25:08][pdx_persistent_reader.cpp:268]: Error: "Unknown trigger type: portuguese_empire_clothes_trigger, near line: 3889
Unknown trigger type: military_clothes_trigger, near line: 3891
Unknown trigger type: armed_forces_clothes_trigger, near line: 3893
Unknown trigger type: politician_clothes_trigger, near line: 3895
Unknown trigger type: ruler_clothes_trigger, near line: 3896" in file: "gfx/portraits/portrait_modifiers/01_headgear.txt" near line: 3897
[09:25:08][pdx_persistent_reader.cpp:268]: Error: "Unknown trigger type: portuguese_empire_clothes_pop_trigger, near line: 3924
Unknown trigger type: soldier_clothes_pop_trigger, near line: 3926
Unknown trigger type: officers_clothes_pop_trigger, near line: 3927" in file: "gfx/portraits/portrait_modifiers/01_headgear.txt" near line: 3928
[09:25:08][pdx_persistent_reader.cpp:268]: Error: "Unknown trigger type: portuguese_empire_clothes_pop_trigger, near line: 3955
Unknown trigger type: soldier_clothes_pop_trigger, near line: 3957
Unknown trigger type: officers_clothes_pop_trigger, near line: 3958" in file: "gfx/portraits/portrait_modifiers/01_headgear.txt" near line: 3959
[09:25:08][pdx_persistent_reader.cpp:268]: Error: "Unknown trigger type: portuguese_empire_clothes_pop_trigger, near line: 3985
Unknown trigger type: military_clothes_trigger, near line: 3987
Unknown trigger type: armed_forces_clothes_trigger, near line: 3989
Unknown trigger type: politician_clothes_trigger, near line: 3991
Unknown trigger type: ruler_clothes_trigger, near line: 3992" in file: "gfx/portraits/portrait_modifiers/01_headgear.txt" near line: 3993
[09:25:08][pdx_persistent_reader.cpp:268]: Error: "Unknown trigger type: portuguese_empire_clothes_pop_trigger, near line: 4018
Unknown trigger type: soldier_clothes_pop_trigger, near line: 4020
Unknown trigger type: officers_clothes_pop_trigger, near line: 4021" in file: "gfx/portraits/portrait_modifiers/01_headgear.txt" near line: 4022
[09:25:08][pdx_persistent_reader.cpp:268]: Error: "Unknown trigger type: korean_clothes_trigger, near line: 4043" in file: "gfx/portraits/portrait_modifiers/01_headgear.txt" near line: 4048
[09:25:08][pdx_persistent_reader.cpp:268]: Error: "Unknown trigger type: politician_clothes_trigger, near line: 4056
Unknown trigger type: armed_forces_clothes_trigger, near line: 4057" in file: "gfx/portraits/portrait_modifiers/01_headgear.txt" near line: 4059
[09:25:08][pdx_persistent_reader.cpp:268]: Error: "Unknown trigger type: agitator_character_trigger, near line: 4063" in file: "gfx/portraits/portrait_modifiers/01_headgear.txt" near line: 4064
[09:25:08][pdx_persistent_reader.cpp:268]: Error: "Unknown trigger type: korean_clothes_pop_trigger, near line: 4066" in file: "gfx/portraits/portrait_modifiers/01_headgear.txt" near line: 4070
[09:25:08][pdx_persistent_reader.cpp:268]: Error: "Unknown trigger type: soldier_clothes_pop_trigger, near line: 4073
Unknown trigger type: officers_clothes_pop_trigger, near line: 4074" in file: "gfx/portraits/portrait_modifiers/01_headgear.txt" near line: 4075
[09:25:08][pdx_persistent_reader.cpp:268]: Error: "Unknown trigger type: agitator_character_trigger, near line: 4115" in file: "gfx/portraits/portrait_modifiers/01_headgear.txt" near line: 4116
[09:25:08][pdx_persistent_reader.cpp:268]: Error: "Unknown trigger type: soldier_clothes_pop_trigger, near line: 4200
Unknown trigger type: officers_clothes_pop_trigger, near line: 4201" in file: "gfx/portraits/portrait_modifiers/01_headgear.txt" near line: 4202
[09:25:08][pdx_persistent_reader.cpp:268]: Error: "Unknown trigger type: carlist_clothes_trigger, near line: 4212
Unknown trigger type: military_clothes_trigger, near line: 4214
Unknown trigger type: monarchy_clothes_trigger, near line: 4215
Unknown trigger type: armed_forces_clothes_trigger, near line: 4217
Unknown trigger type: politician_clothes_trigger, near line: 4219
Unknown trigger type: ruler_clothes_trigger, near line: 4220" in file: "gfx/portraits/portrait_modifiers/01_headgear.txt" near line: 4221
[09:25:08][pdx_persistent_reader.cpp:268]: Error: "Unknown trigger type: character_has_carlist_ideology, near line: 4229" in file: "gfx/portraits/portrait_modifiers/01_headgear.txt" near line: 4237
[09:25:08][pdx_persistent_reader.cpp:268]: Error: "Unknown trigger type: carlist_clothes_pop_trigger, near line: 4256
Unknown trigger type: soldier_clothes_pop_trigger, near line: 4258
Unknown trigger type: officers_clothes_pop_trigger, near line: 4259" in file: "gfx/portraits/portrait_modifiers/01_headgear.txt" near line: 4260
[09:25:08][pdx_persistent_reader.cpp:268]: Error: "Unknown trigger type: carlist_clothes_trigger, near line: 4269
Unknown trigger type: military_clothes_trigger, near line: 4271
Unknown trigger type: monarchy_clothes_trigger, near line: 4272
Unknown trigger type: armed_forces_clothes_trigger, near line: 4274
Unknown trigger type: politician_clothes_trigger, near line: 4276
Unknown trigger type: ruler_clothes_trigger, near line: 4277" in file: "gfx/portraits/portrait_modifiers/01_headgear.txt" near line: 4278
[09:25:08][pdx_persistent_reader.cpp:268]: Error: "Unknown trigger type: officers_clothes_pop_trigger, near line: 4313
Unknown trigger type: soldier_clothes_pop_trigger, near line: 4314" in file: "gfx/portraits/portrait_modifiers/01_headgear.txt" near line: 4315
[09:25:08][pdx_persistent_reader.cpp:268]: Error: "Unknown trigger type: german_clothes_trigger, near line: 4333
Unknown trigger type: agitator_character_trigger, near line: 4334" in file: "gfx/portraits/portrait_modifiers/01_headgear.txt" near line: 4339
[09:25:08][pdx_persistent_reader.cpp:268]: Error: "Unknown trigger type: politician_clothes_trigger, near line: 4341
Unknown trigger type: armed_forces_clothes_trigger, near line: 4342" in file: "gfx/portraits/portrait_modifiers/01_headgear.txt" near line: 4343
[09:25:08][pdx_persistent_reader.cpp:268]: Error: "Unknown trigger type: german_clothes_pop_trigger, near line: 4362
Unknown trigger type: officers_clothes_pop_trigger, near line: 4363" in file: "gfx/portraits/portrait_modifiers/01_headgear.txt" near line: 4364
[09:25:08][pdx_persistent_reader.cpp:268]: Error: "Unknown trigger type: ethiopian_clothes_trigger, near line: 4381
Unknown trigger type: agitator_character_trigger, near line: 4382" in file: "gfx/portraits/portrait_modifiers/01_headgear.txt" near line: 4390
[09:25:08][pdx_persistent_reader.cpp:268]: Error: "Unknown trigger type: indian_clothes_trigger, near line: 4425
Unknown trigger type: agitator_character_trigger, near line: 4426" in file: "gfx/portraits/portrait_modifiers/01_headgear.txt" near line: 4429
[09:25:08][pdx_persistent_reader.cpp:268]: Error: "Unknown trigger type: indian_clothes_pop_trigger, near line: 4486
Unknown trigger type: upper_clothes_pop_trigger, near line: 4487" in file: "gfx/portraits/portrait_modifiers/01_headgear.txt" near line: 4488
[09:25:08][pdx_persistent_reader.cpp:268]: Error: "Unknown trigger type: arabic_clothes_trigger, near line: 4514" in file: "gfx/portraits/portrait_modifiers/01_headgear.txt" near line: 4517
[09:25:08][pdx_persistent_reader.cpp:268]: Error: "Unknown trigger type: arabic_clothes_pop_trigger, near line: 4522" in file: "gfx/portraits/portrait_modifiers/01_headgear.txt" near line: 4523
[09:25:08][pdx_persistent_reader.cpp:268]: Error: "Unknown trigger type: arabic_clothes_trigger, near line: 4586" in file: "gfx/portraits/portrait_modifiers/01_headgear.txt" near line: 4593
[09:25:08][pdx_persistent_reader.cpp:268]: Error: "Unknown trigger type: upper_clothes_pop_trigger, near line: 4652" in file: "gfx/portraits/portrait_modifiers/01_headgear.txt" near line: 4653
[09:25:08][pdx_persistent_reader.cpp:268]: Error: "Unknown trigger type: arabic_clothes_trigger, near line: 4736" in file: "gfx/portraits/portrait_modifiers/01_headgear.txt" near line: 4739
[09:25:08][pdx_persistent_reader.cpp:268]: Error: "Unknown trigger type: arabic_fez_trigger, near line: 4742" in file: "gfx/portraits/portrait_modifiers/01_headgear.txt" near line: 4743
[09:25:08][pdx_persistent_reader.cpp:268]: Error: "Unknown trigger type: officers_clothes_pop_trigger, near line: 4767
Unknown trigger type: soldier_clothes_pop_trigger, near line: 4768" in file: "gfx/portraits/portrait_modifiers/01_headgear.txt" near line: 4769
[09:25:08][pdx_persistent_reader.cpp:268]: Error: "Unknown trigger type: armed_forces_clothes_trigger, near line: 4788
Unknown trigger type: politician_clothes_trigger, near line: 4789" in file: "gfx/portraits/portrait_modifiers/01_headgear.txt" near line: 4790
[09:25:08][pdx_persistent_reader.cpp:268]: Error: "Unknown trigger type: monarchy_clothes_trigger, near line: 4808
Unknown trigger type: armed_forces_clothes_trigger, near line: 4810
Unknown trigger type: politician_clothes_trigger, near line: 4811" in file: "gfx/portraits/portrait_modifiers/01_headgear.txt" near line: 4812
[09:25:08][pdx_persistent_reader.cpp:268]: Error: "Unknown trigger type: arabic_clothes_pop_trigger, near line: 4889
Unknown trigger type: poor_clothes_pop_trigger, near line: 4890" in file: "gfx/portraits/portrait_modifiers/01_headgear.txt" near line: 4894
[09:25:08][pdx_persistent_reader.cpp:268]: Error: "Unknown trigger type: central_asian_clothes_pop_trigger, near line: 4913
Unknown trigger type: upper_clothes_pop_trigger, near line: 4914" in file: "gfx/portraits/portrait_modifiers/01_headgear.txt" near line: 4915
[09:25:08][pdx_persistent_reader.cpp:268]: Error: "Unknown trigger type: chinese_manchu_queue_hairstyle_pops_trigger, near line: 4956
Unknown trigger type: poor_clothes_pop_trigger, near line: 4957" in file: "gfx/portraits/portrait_modifiers/01_headgear.txt" near line: 4958
[09:25:08][pdx_persistent_reader.cpp:268]: Error: "Unknown trigger type: japanese_clothes_pop_trigger, near line: 4975
Unknown trigger type: japanese_restoration_trigger, near line: 4983" in file: "gfx/portraits/portrait_modifiers/01_headgear.txt" near line: 4984
[09:25:08][pdx_persistent_reader.cpp:268]: Error: "Unknown trigger type: upper_clothes_pop_trigger, near line: 5005
Unknown trigger type: european_clothes_pop_trigger, near line: 5007" in file: "gfx/portraits/portrait_modifiers/01_headgear.txt" near line: 5014
[09:25:08][pdx_persistent_reader.cpp:268]: Error: "Unknown trigger type: european_clothes_trigger, near line: 5021" in file: "gfx/portraits/portrait_modifiers/01_headgear.txt" near line: 5029
[09:25:08][pdx_persistent_reader.cpp:268]: Error: "Unknown trigger type: european_clothes_pop_trigger, near line: 5065
Unknown trigger type: middle_clothes_pop_trigger, near line: 5066" in file: "gfx/portraits/portrait_modifiers/01_headgear.txt" near line: 5067
[09:25:08][pdx_persistent_reader.cpp:268]: Error: "Unknown trigger type: european_clothes_pop_trigger, near line: 5084
Unknown trigger type: poor_clothes_pop_trigger, near line: 5085
Unknown trigger type: peasants_clothes_pop_trigger, near line: 5086" in file: "gfx/portraits/portrait_modifiers/01_headgear.txt" near line: 5087
[09:25:08][pdx_persistent_reader.cpp:268]: Error: "Unknown trigger type: native_american_clothes_trigger, near line: 5104
Unknown trigger type: ruler_clothes_trigger, near line: 5105" in file: "gfx/portraits/portrait_modifiers/01_headgear.txt" near line: 5108
[09:25:08][pdx_persistent_reader.cpp:268]: Error: "Unknown trigger type: native_north_american_clothes_trigger, near line: 5127
Unknown trigger type: ruler_clothes_trigger, near line: 5128" in file: "gfx/portraits/portrait_modifiers/01_headgear.txt" near line: 5132
[09:25:08][pdx_persistent_reader.cpp:268]: Error: "Unknown trigger type: ruler_clothes_trigger, near line: 5150" in file: "gfx/portraits/portrait_modifiers/01_headgear.txt" near line: 5160
[09:25:08][pdx_persistent_reader.cpp:268]: Error: "Unknown trigger type: native_american_clothes_pop_trigger, near line: 5180" in file: "gfx/portraits/portrait_modifiers/01_headgear.txt" near line: 5181
[09:25:08][pdx_persistent_reader.cpp:268]: Error: "Unknown trigger type: arabic_military_fez_pop_trigger, near line: 5198
Unknown trigger type: soldier_clothes_pop_trigger, near line: 5199" in file: "gfx/portraits/portrait_modifiers/01_headgear.txt" near line: 5200
[09:25:08][pdx_persistent_reader.cpp:268]: Error: "Unknown trigger type: peasants_clothes_pop_trigger, near line: 5219
Unknown trigger type: european_clothes_pop_trigger, near line: 5220" in file: "gfx/portraits/portrait_modifiers/01_headgear.txt" near line: 5221
[09:25:08][pdx_persistent_reader.cpp:268]: Error: "Unknown trigger type: upper_clothes_pop_trigger, near line: 5255" in file: "gfx/portraits/portrait_modifiers/01_headgear.txt" near line: 5259
[09:25:08][pdx_persistent_reader.cpp:268]: Error: "Unknown trigger type: slavic_clothes_pop_trigger, near line: 5301
Unknown trigger type: middle_clothes_pop_trigger, near line: 5302" in file: "gfx/portraits/portrait_modifiers/01_headgear.txt" near line: 5303
[09:25:08][pdx_persistent_reader.cpp:268]: Error: "Unknown trigger type: nordic_clothes_pop_trigger, near line: 5305
Unknown trigger type: middle_clothes_pop_trigger, near line: 5307
Unknown trigger type: upper_clothes_pop_trigger, near line: 5308" in file: "gfx/portraits/portrait_modifiers/01_headgear.txt" near line: 5309
[09:25:08][pdx_persistent_reader.cpp:268]: Error: "Unknown trigger type: european_clothes_pop_trigger, near line: 5335
Unknown trigger type: south_american_clothes_pop_trigger, near line: 5336" in file: "gfx/portraits/portrait_modifiers/01_headgear.txt" near line: 5337
[09:25:08][pdx_persistent_reader.cpp:268]: Error: "Unknown trigger type: middle_clothes_pop_trigger, near line: 5340
Unknown trigger type: upper_clothes_pop_trigger, near line: 5341" in file: "gfx/portraits/portrait_modifiers/01_headgear.txt" near line: 5342
[09:25:08][pdx_persistent_reader.cpp:268]: Error: "Unknown trigger type: military_clothes_trigger, near line: 5673
Unknown trigger type: armed_forces_clothes_trigger, near line: 5675
Unknown trigger type: politician_clothes_trigger, near line: 5676" in file: "gfx/portraits/portrait_modifiers/01_headgear.txt" near line: 5677
[09:25:08][pdx_persistent_reader.cpp:268]: Error: "Unknown trigger type: academics_clothes_pop_trigger, near line: 5762
Unknown trigger type: european_clothes_pop_trigger, near line: 5764
Unknown trigger type: african_diaspora_pop_clothes_trigger, near line: 5765" in file: "gfx/portraits/portrait_modifiers/01_headgear.txt" near line: 5766
[09:25:08][pdx_persistent_reader.cpp:268]: Error: "Unknown trigger type: slavic_clothes_pop_trigger, near line: 5767" in file: "gfx/portraits/portrait_modifiers/01_headgear.txt" near line: 5768
[09:25:08][pdx_persistent_reader.cpp:268]: Error: "Unknown trigger type: european_clothes_trigger, near line: 5775
Unknown trigger type: african_diaspora_clothes_trigger, near line: 5776" in file: "gfx/portraits/portrait_modifiers/01_headgear.txt" near line: 5777
[09:25:08][pdx_persistent_reader.cpp:268]: Error: "Unknown trigger type: ruler_clothes_trigger, near line: 5778" in file: "gfx/portraits/portrait_modifiers/01_headgear.txt" near line: 5787
[09:25:08][pdx_persistent_reader.cpp:268]: Error: "Unknown trigger type: aristocrats_clothes_pop_trigger, near line: 5834
Unknown trigger type: european_clothes_pop_trigger, near line: 5836
Unknown trigger type: african_diaspora_pop_clothes_trigger, near line: 5837" in file: "gfx/portraits/portrait_modifiers/01_headgear.txt" near line: 5838
[09:25:08][pdx_persistent_reader.cpp:268]: Error: "Unknown trigger type: european_clothes_trigger, near line: 5853
Unknown trigger type: african_diaspora_clothes_trigger, near line: 5854" in file: "gfx/portraits/portrait_modifiers/01_headgear.txt" near line: 5855
[09:25:08][pdx_persistent_reader.cpp:268]: Error: "Unknown trigger type: monarchy_clothes_trigger, near line: 5856" in file: "gfx/portraits/portrait_modifiers/01_headgear.txt" near line: 5863
[09:25:08][pdx_persistent_reader.cpp:268]: Error: "Unknown trigger type: military_clothes_trigger, near line: 5948" in file: "gfx/portraits/portrait_modifiers/01_headgear.txt" near line: 5953
[09:25:08][pdx_persistent_reader.cpp:268]: Error: "Unknown trigger type: politician_clothes_trigger, near line: 5956
Unknown trigger type: monarchy_clothes_trigger, near line: 5957
Unknown trigger type: devout_clothes_trigger, near line: 5959" in file: "gfx/portraits/portrait_modifiers/01_headgear.txt" near line: 5967
[09:25:08][pdx_persistent_reader.cpp:268]: Error: "Unknown trigger type: christian_clothes_trigger, near line: 5972
Unknown trigger type: ruler_clothes_trigger, near line: 5973" in file: "gfx/portraits/portrait_modifiers/01_headgear.txt" near line: 5976
[09:25:08][pdx_persistent_reader.cpp:268]: Error: "Unknown trigger type: military_clothes_trigger, near line: 6007" in file: "gfx/portraits/portrait_modifiers/01_headgear.txt" near line: 6010
[09:25:08][pdx_persistent_reader.cpp:268]: Error: "Unknown trigger type: military_clothes_trigger, near line: 6050" in file: "gfx/portraits/portrait_modifiers/01_headgear.txt" near line: 6054
[09:25:08][pdx_persistent_reader.cpp:268]: Error: "Unknown trigger type: politician_clothes_trigger, near line: 6057
Unknown trigger type: monarchy_clothes_trigger, near line: 6058
Unknown trigger type: devout_clothes_trigger, near line: 6060" in file: "gfx/portraits/portrait_modifiers/01_headgear.txt" near line: 6068
[09:25:08][pdx_persistent_reader.cpp:268]: Error: "Unknown trigger type: christian_clothes_trigger, near line: 6073
Unknown trigger type: ruler_clothes_trigger, near line: 6074" in file: "gfx/portraits/portrait_modifiers/01_headgear.txt" near line: 6077
[09:25:08][pdx_persistent_reader.cpp:268]: Error: "Unknown trigger type: ruler_clothes_trigger, near line: 6141" in file: "gfx/portraits/portrait_modifiers/01_headgear.txt" near line: 6144
[09:25:08][pdx_persistent_reader.cpp:268]: Error: "Unknown trigger type: european_clothes_trigger, near line: 6234
Unknown trigger type: african_diaspora_clothes_trigger, near line: 6235" in file: "gfx/portraits/portrait_modifiers/01_headgear.txt" near line: 6240
[09:25:08][pdx_persistent_reader.cpp:268]: Error: "Unknown trigger type: european_clothes_trigger, near line: 6243" in file: "gfx/portraits/portrait_modifiers/01_headgear.txt" near line: 6245
[09:25:08][pdx_persistent_reader.cpp:268]: Error: "Unknown trigger type: politician_clothes_trigger, near line: 6262" in file: "gfx/portraits/portrait_modifiers/01_headgear.txt" near line: 6265
[09:25:08][pdx_persistent_reader.cpp:268]: Error: "Unknown trigger type: executive_clothes_trigger, near line: 6267" in file: "gfx/portraits/portrait_modifiers/01_headgear.txt" near line: 6268
[09:25:08][pdx_persistent_reader.cpp:268]: Error: "Unknown trigger type: austrian_empire_clothes_pop_trigger, near line: 6293
Unknown trigger type: officers_clothes_pop_trigger, near line: 6295
Unknown trigger type: soldier_clothes_pop_trigger, near line: 6296" in file: "gfx/portraits/portrait_modifiers/01_headgear.txt" near line: 6297
[09:25:08][pdx_persistent_reader.cpp:268]: Error: "Unknown trigger type: soldier_clothes_pop_trigger, near line: 6334
Unknown trigger type: officers_clothes_pop_trigger, near line: 6335" in file: "gfx/portraits/portrait_modifiers/01_headgear.txt" near line: 6336
[09:25:08][pdx_persistent_reader.cpp:268]: Error: "Unknown trigger type: military_clothes_trigger, near line: 6373
Unknown trigger type: armed_forces_clothes_trigger, near line: 6375
Unknown trigger type: politician_clothes_trigger, near line: 6377
Unknown trigger type: ruler_clothes_trigger, near line: 6378" in file: "gfx/portraits/portrait_modifiers/01_headgear.txt" near line: 6379
[09:25:08][pdx_persistent_reader.cpp:268]: Error: "Unknown trigger type: soldier_clothes_pop_trigger, near line: 6441" in file: "gfx/portraits/portrait_modifiers/01_headgear.txt" near line: 6442
[09:25:08][pdx_persistent_reader.cpp:268]: Error: "Unknown trigger type: country_has_voting_franchise, near line: 6494" in file: "gfx/portraits/portrait_modifiers/01_headgear.txt" near line: 6498
[09:25:08][pdx_persistent_reader.cpp:268]: Error: "Unknown trigger type: officers_clothes_pop_trigger, near line: 6525" in file: "gfx/portraits/portrait_modifiers/01_headgear.txt" near line: 6526
[09:25:08][pdx_persistent_reader.cpp:268]: Error: "Unknown trigger type: overweight_trigger, near line: 16" in file: "gfx/portraits/portrait_modifiers/01_weight.txt" near line: 17
[09:25:08][pdx_persistent_reader.cpp:268]: Error: "Unknown trigger type: slightly_underweight_pop_trigger, near line: 33" in file: "gfx/portraits/portrait_modifiers/01_weight.txt" near line: 34
[09:25:08][pdx_persistent_reader.cpp:268]: Error: "Unknown trigger type: underweight_pop_trigger, near line: 50" in file: "gfx/portraits/portrait_modifiers/01_weight.txt" near line: 51
[09:25:08][pdx_persistent_reader.cpp:268]: Error: "Unknown trigger type: very_underweight_pop_trigger, near line: 67" in file: "gfx/portraits/portrait_modifiers/01_weight.txt" near line: 68
[09:25:08][pdx_persistent_reader.cpp:268]: Error: "Unknown trigger type: slightly_overweight_pop_trigger, near line: 84" in file: "gfx/portraits/portrait_modifiers/01_weight.txt" near line: 85
[09:25:08][pdx_persistent_reader.cpp:268]: Error: "Unknown trigger type: overweight_pop_trigger, near line: 101" in file: "gfx/portraits/portrait_modifiers/01_weight.txt" near line: 102
[09:25:08][pdx_persistent_reader.cpp:268]: Error: "Unknown trigger type: very_overweight_pop_trigger, near line: 118" in file: "gfx/portraits/portrait_modifiers/01_weight.txt" near line: 119
[09:25:08][pdx_persistent_reader.cpp:268]: Error: "Unknown trigger type: struggling_pop_trigger, near line: 60" in file: "gfx/portraits/portrait_animations/animations.txt" near line: 61
[09:25:08][pdx_persistent_reader.cpp:268]: Error: "Unknown trigger type: struggling_pop_trigger, near line: 78" in file: "gfx/portraits/portrait_animations/animations.txt" near line: 79
[09:25:08][pdx_persistent_reader.cpp:268]: Error: "Unknown trigger type: officers_clothes_pop_trigger, near line: 91
Unknown trigger type: japanese_clothes_pop_trigger, near line: 92
Unknown trigger type: struggling_pop_trigger, near line: 93
Unknown trigger type: japanese_restoration_trigger, near line: 95" in file: "gfx/portraits/portrait_animations/animations.txt" near line: 96
[09:25:08][pdx_persistent_reader.cpp:268]: Error: "Unknown trigger type: officers_clothes_pop_trigger, near line: 112
Unknown trigger type: struggling_pop_trigger, near line: 113" in file: "gfx/portraits/portrait_animations/animations.txt" near line: 114
[09:25:08][pdx_persistent_reader.cpp:268]: Error: "Unknown trigger type: laborers_clothes_pop_trigger, near line: 131
Unknown trigger type: struggling_pop_trigger, near line: 132" in file: "gfx/portraits/portrait_animations/animations.txt" near line: 133
[09:25:08][pdx_persistent_reader.cpp:268]: Error: "Unknown trigger type: hindu_clothes_pop_trigger, near line: 149
Unknown trigger type: buddhist_clothes_pop_trigger, near line: 150" in file: "gfx/portraits/portrait_animations/animations.txt" near line: 154
[09:25:08][pdx_persistent_reader.cpp:268]: Error: "Unknown trigger type: clergy_clothes_pop_trigger, near line: 157
Unknown trigger type: struggling_pop_trigger, near line: 158" in file: "gfx/portraits/portrait_animations/animations.txt" near line: 159
[09:25:08][pdx_persistent_reader.cpp:268]: Error: "Unknown trigger type: clergy_clothes_pop_trigger, near line: 171
Unknown trigger type: struggling_pop_trigger, near line: 172" in file: "gfx/portraits/portrait_animations/animations.txt" near line: 173
[09:25:08][pdx_persistent_reader.cpp:268]: Error: "Unknown trigger type: bureaucrats_clothes_pop_trigger, near line: 186
Unknown trigger type: struggling_pop_trigger, near line: 187" in file: "gfx/portraits/portrait_animations/animations.txt" near line: 188
[09:25:08][pdx_persistent_reader.cpp:268]: Error: "Unknown trigger type: soldier_clothes_pop_trigger, near line: 200
Unknown trigger type: struggling_pop_trigger, near line: 201
Unknown trigger type: montenegrin_clothes_pop_trigger, near line: 204" in file: "gfx/portraits/portrait_animations/animations.txt" near line: 209
[09:25:08][pdx_persistent_reader.cpp:268]: Error: "Unknown trigger type: soldier_clothes_pop_trigger, near line: 225
Unknown trigger type: struggling_pop_trigger, near line: 226" in file: "gfx/portraits/portrait_animations/animations.txt" near line: 227
[09:25:08][pdx_persistent_reader.cpp:268]: Error: "Unknown trigger type: farmers_clothes_pop_trigger, near line: 240
Unknown trigger type: struggling_pop_trigger, near line: 241" in file: "gfx/portraits/portrait_animations/animations.txt" near line: 242
[09:25:08][pdx_persistent_reader.cpp:268]: Error: "Unknown trigger type: slaves_clothes_pop_trigger, near line: 255" in file: "gfx/portraits/portrait_animations/animations.txt" near line: 256
[09:25:08][pdx_persistent_reader.cpp:268]: Error: "Unknown trigger type: peasants_clothes_pop_trigger, near line: 269
Unknown trigger type: struggling_pop_trigger, near line: 270" in file: "gfx/portraits/portrait_animations/animations.txt" near line: 271
[09:25:08][pdx_persistent_reader.cpp:268]: Error: "Unknown trigger type: upper_clothes_pop_trigger, near line: 284
Unknown trigger type: struggling_pop_trigger, near line: 285" in file: "gfx/portraits/portrait_animations/animations.txt" near line: 286
[09:25:08][pdx_persistent_reader.cpp:268]: Error: "Unknown trigger type: machinists_clothes_pop_trigger, near line: 299
Unknown trigger type: struggling_pop_trigger, near line: 300" in file: "gfx/portraits/portrait_animations/animations.txt" near line: 301
[09:25:08][pdx_persistent_reader.cpp:268]: Error: "Unknown trigger type: clerks_clothes_pop_trigger, near line: 314
Unknown trigger type: struggling_pop_trigger, near line: 315" in file: "gfx/portraits/portrait_animations/animations.txt" near line: 316
[09:25:08][pdx_persistent_reader.cpp:268]: Error: "Unknown trigger type: engineers_clothes_pop_trigger, near line: 329
Unknown trigger type: struggling_pop_trigger, near line: 330" in file: "gfx/portraits/portrait_animations/animations.txt" near line: 331
[09:25:08][pdx_persistent_reader.cpp:268]: Error: "Unknown trigger type: laborers_clothes_pop_trigger, near line: 344" in file: "gfx/portraits/portrait_animations/animations.txt" near line: 345
[09:25:08][pdx_persistent_reader.cpp:268]: Error: "Unknown trigger type: shopkeepers_clothes_pop_trigger, near line: 359
Unknown trigger type: struggling_pop_trigger, near line: 360" in file: "gfx/portraits/portrait_animations/animations.txt" near line: 361
[09:25:08][pdx_persistent_reader.cpp:268]: Error: "Unknown trigger type: upper_clothes_pop_trigger, near line: 374
Unknown trigger type: european_clothes_pop_trigger, near line: 375
Unknown trigger type: struggling_pop_trigger, near line: 376" in file: "gfx/portraits/portrait_animations/animations.txt" near line: 377
[09:25:08][pdx_persistent_reader.cpp:268]: Error: "Unknown trigger type: middle_clothes_pop_trigger, near line: 390
Unknown trigger type: struggling_pop_trigger, near line: 391" in file: "gfx/portraits/portrait_animations/animations.txt" near line: 392
[09:25:08][pdx_persistent_reader.cpp:268]: Error: "Unknown trigger type: middle_clothes_pop_trigger, near line: 405
Unknown trigger type: struggling_pop_trigger, near line: 406" in file: "gfx/portraits/portrait_animations/animations.txt" near line: 407
[09:25:08][pdx_persistent_reader.cpp:268]: Error: "Unknown trigger type: shopkeepers_clothes_pop_trigger, near line: 420
Unknown trigger type: struggling_pop_trigger, near line: 421" in file: "gfx/portraits/portrait_animations/animations.txt" near line: 422
[09:25:08][pdx_persistent_reader.cpp:268]: Error: "Unknown trigger type: aristocrats_clothes_pop_trigger, near line: 434
Unknown trigger type: european_clothes_pop_trigger, near line: 435
Unknown trigger type: struggling_pop_trigger, near line: 436" in file: "gfx/portraits/portrait_animations/animations.txt" near line: 437
[09:25:08][pdx_persistent_reader.cpp:268]: Error: "Unknown trigger type: aristocrats_clothes_pop_trigger, near line: 448
Unknown trigger type: european_clothes_pop_trigger, near line: 449
Unknown trigger type: struggling_pop_trigger, near line: 450" in file: "gfx/portraits/portrait_animations/animations.txt" near line: 451
[09:25:08][pdx_persistent_reader.cpp:268]: Error: "Unknown trigger type: officers_clothes_pop_trigger, near line: 470
Unknown trigger type: japanese_clothes_pop_trigger, near line: 471
Unknown trigger type: struggling_pop_trigger, near line: 472
Unknown trigger type: japanese_restoration_trigger, near line: 474" in file: "gfx/portraits/portrait_animations/animations.txt" near line: 475
[09:25:08][pdx_persistent_reader.cpp:268]: Error: "Unknown trigger type: officers_clothes_pop_trigger, near line: 491
Unknown trigger type: struggling_pop_trigger, near line: 492" in file: "gfx/portraits/portrait_animations/animations.txt" near line: 493
[09:25:08][pdx_persistent_reader.cpp:268]: Error: "Unknown trigger type: laborers_clothes_pop_trigger, near line: 508
Unknown trigger type: struggling_pop_trigger, near line: 509" in file: "gfx/portraits/portrait_animations/animations.txt" near line: 510
[09:25:08][pdx_persistent_reader.cpp:268]: Error: "Unknown trigger type: hindu_clothes_pop_trigger, near line: 525
Unknown trigger type: buddhist_clothes_pop_trigger, near line: 526" in file: "gfx/portraits/portrait_animations/animations.txt" near line: 527
[09:25:08][pdx_persistent_reader.cpp:268]: Error: "Unknown trigger type: clergy_clothes_pop_trigger, near line: 528
Unknown trigger type: struggling_pop_trigger, near line: 529" in file: "gfx/portraits/portrait_animations/animations.txt" near line: 530
[09:25:08][pdx_persistent_reader.cpp:268]: Error: "Unknown trigger type: clergy_clothes_pop_trigger, near line: 542
Unknown trigger type: struggling_pop_trigger, near line: 543" in file: "gfx/portraits/portrait_animations/animations.txt" near line: 544
[09:25:08][pdx_persistent_reader.cpp:268]: Error: "Unknown trigger type: bureaucrats_clothes_pop_trigger, near line: 557
Unknown trigger type: struggling_pop_trigger, near line: 558" in file: "gfx/portraits/portrait_animations/animations.txt" near line: 559
[09:25:08][pdx_persistent_reader.cpp:268]: Error: "Unknown trigger type: soldier_clothes_pop_trigger, near line: 572
Unknown trigger type: struggling_pop_trigger, near line: 573" in file: "gfx/portraits/portrait_animations/animations.txt" near line: 574
[09:25:08][pdx_persistent_reader.cpp:268]: Error: "Unknown trigger type: farmers_clothes_pop_trigger, near line: 587
Unknown trigger type: struggling_pop_trigger, near line: 588" in file: "gfx/portraits/portrait_animations/animations.txt" near line: 589
[09:25:08][pdx_persistent_reader.cpp:268]: Error: "Unknown trigger type: peasants_clothes_pop_trigger, near line: 604
Unknown trigger type: struggling_pop_trigger, near line: 605" in file: "gfx/portraits/portrait_animations/animations.txt" near line: 606
[09:25:08][pdx_persistent_reader.cpp:268]: Error: "Unknown trigger type: peasants_clothes_pop_trigger, near line: 619
Unknown trigger type: struggling_pop_trigger, near line: 620" in file: "gfx/portraits/portrait_animations/animations.txt" near line: 621
[09:25:08][pdx_persistent_reader.cpp:268]: Error: "Unknown trigger type: upper_clothes_pop_trigger, near line: 634
Unknown trigger type: struggling_pop_trigger, near line: 635" in file: "gfx/portraits/portrait_animations/animations.txt" near line: 636
[09:25:08][pdx_persistent_reader.cpp:268]: Error: "Unknown trigger type: machinists_clothes_pop_trigger, near line: 649
Unknown trigger type: struggling_pop_trigger, near line: 650" in file: "gfx/portraits/portrait_animations/animations.txt" near line: 651
[09:25:08][pdx_persistent_reader.cpp:268]: Error: "Unknown trigger type: clerks_clothes_pop_trigger, near line: 664
Unknown trigger type: struggling_pop_trigger, near line: 665" in file: "gfx/portraits/portrait_animations/animations.txt" near line: 666
[09:25:08][pdx_persistent_reader.cpp:268]: Error: "Unknown trigger type: engineers_clothes_pop_trigger, near line: 679
Unknown trigger type: struggling_pop_trigger, near line: 680" in file: "gfx/portraits/portrait_animations/animations.txt" near line: 681
[09:25:08][pdx_persistent_reader.cpp:268]: Error: "Unknown trigger type: shopkeepers_clothes_pop_trigger, near line: 694
Unknown trigger type: struggling_pop_trigger, near line: 695" in file: "gfx/portraits/portrait_animations/animations.txt" near line: 696
[09:25:08][pdx_persistent_reader.cpp:268]: Error: "Unknown trigger type: poor_clothes_pop_trigger, near line: 710
Unknown trigger type: struggling_pop_trigger, near line: 711" in file: "gfx/portraits/portrait_animations/animations.txt" near line: 712
[09:25:08][pdx_persistent_reader.cpp:268]: Error: "Unknown trigger type: middle_clothes_pop_trigger, near line: 725
Unknown trigger type: struggling_pop_trigger, near line: 726" in file: "gfx/portraits/portrait_animations/animations.txt" near line: 727
[09:25:08][pdx_persistent_reader.cpp:268]: Error: "Unknown trigger type: middle_clothes_pop_trigger, near line: 740
Unknown trigger type: struggling_pop_trigger, near line: 741" in file: "gfx/portraits/portrait_animations/animations.txt" near line: 742
[09:25:08][pdx_persistent_reader.cpp:268]: Error: "Unknown trigger type: upper_clothes_pop_trigger, near line: 755
Unknown trigger type: european_clothes_pop_trigger, near line: 756
Unknown trigger type: struggling_pop_trigger, near line: 757" in file: "gfx/portraits/portrait_animations/animations.txt" near line: 758
[09:25:08][pdx_persistent_reader.cpp:268]: Error: "Unknown trigger type: shopkeepers_clothes_pop_trigger, near line: 771
Unknown trigger type: struggling_pop_trigger, near line: 772" in file: "gfx/portraits/portrait_animations/animations.txt" near line: 773
[09:25:08][pdx_persistent_reader.cpp:268]: Error: "Unknown trigger type: aristocrats_clothes_pop_trigger, near line: 785
Unknown trigger type: european_clothes_pop_trigger, near line: 786
Unknown trigger type: struggling_pop_trigger, near line: 787" in file: "gfx/portraits/portrait_animations/animations.txt" near line: 788
[09:25:08][pdx_persistent_reader.cpp:268]: Error: "Unknown trigger type: aristocrats_clothes_pop_trigger, near line: 800
Unknown trigger type: european_clothes_pop_trigger, near line: 801
Unknown trigger type: struggling_pop_trigger, near line: 802" in file: "gfx/portraits/portrait_animations/animations.txt" near line: 803
[09:25:08][pdx_persistent_reader.cpp:268]: Error: "Unknown trigger type: aristocrats_clothes_pop_trigger, near line: 850
Unknown trigger type: capitalists_clothes_pop_trigger, near line: 851" in file: "gfx/portraits/portrait_animations/animations.txt" near line: 852
[09:25:08][pdx_persistent_reader.cpp:268]: Error: "Unknown trigger type: japanese_clothes_pop_trigger, near line: 854
Unknown trigger type: struggling_pop_trigger, near line: 855" in file: "gfx/portraits/portrait_animations/animations.txt" near line: 856
[09:25:08][pdx_persistent_reader.cpp:268]: Error: "Unknown trigger type: bureaucrats_clothes_pop_trigger, near line: 869
Unknown trigger type: japanese_clothes_pop_trigger, near line: 870
Unknown trigger type: struggling_pop_trigger, near line: 871" in file: "gfx/portraits/portrait_animations/animations.txt" near line: 872
[09:25:08][pdx_persistent_reader.cpp:268]: Error: "Unknown trigger type: upper_clothes_pop_trigger, near line: 885
Unknown trigger type: european_clothes_pop_trigger, near line: 886
Unknown trigger type: struggling_pop_trigger, near line: 887" in file: "gfx/portraits/portrait_animations/animations.txt" near line: 888
[09:25:08][pdx_persistent_reader.cpp:268]: Error: "Unknown trigger type: shopkeepers_clothes_pop_trigger, near line: 901
Unknown trigger type: struggling_pop_trigger, near line: 902" in file: "gfx/portraits/portrait_animations/animations.txt" near line: 903
[09:25:08][pdx_persistent_reader.cpp:268]: Error: "Unknown trigger type: middle_clothes_pop_trigger, near line: 917
Unknown trigger type: upper_clothes_pop_trigger, near line: 918" in file: "gfx/portraits/portrait_animations/animations.txt" near line: 919
[09:25:08][pdx_persistent_reader.cpp:268]: Error: "Unknown trigger type: struggling_pop_trigger, near line: 920" in file: "gfx/portraits/portrait_animations/animations.txt" near line: 921
[09:25:08][pdx_persistent_reader.cpp:268]: Error: "Unknown trigger type: middle_clothes_pop_trigger, near line: 934
Unknown trigger type: struggling_pop_trigger, near line: 935" in file: "gfx/portraits/portrait_animations/animations.txt" near line: 936
[09:25:08][pdx_persistent_reader.cpp:268]: Error: "Unknown trigger type: laborers_clothes_pop_trigger, near line: 948" in file: "gfx/portraits/portrait_animations/animations.txt" near line: 949
[09:25:08][pdx_persistent_reader.cpp:268]: Error: "Unknown trigger type: poor_clothes_pop_trigger, near line: 962
Unknown trigger type: struggling_pop_trigger, near line: 963" in file: "gfx/portraits/portrait_animations/animations.txt" near line: 964
[09:25:08][pdx_persistent_reader.cpp:268]: Error: "Unknown trigger type: slaves_clothes_pop_trigger, near line: 977" in file: "gfx/portraits/portrait_animations/animations.txt" near line: 978
[09:25:08][pdx_persistent_reader.cpp:268]: Error: "Unknown trigger type: laborers_clothes_pop_trigger, near line: 991
Unknown trigger type: struggling_pop_trigger, near line: 992" in file: "gfx/portraits/portrait_animations/animations.txt" near line: 993
[09:25:08][pdx_persistent_reader.cpp:268]: Error: "Unknown trigger type: soldier_clothes_pop_trigger, near line: 1006
Unknown trigger type: struggling_pop_trigger, near line: 1007" in file: "gfx/portraits/portrait_animations/animations.txt" near line: 1008
[09:25:08][pdx_persistent_reader.cpp:268]: Error: "Unknown trigger type: aristocrats_clothes_pop_trigger, near line: 1021
Unknown trigger type: struggling_pop_trigger, near line: 1022" in file: "gfx/portraits/portrait_animations/animations.txt" near line: 1023
[09:25:08][pdx_persistent_reader.cpp:268]: Error: "Unknown trigger type: clergy_clothes_pop_trigger, near line: 1036
Unknown trigger type: struggling_pop_trigger, near line: 1037" in file: "gfx/portraits/portrait_animations/animations.txt" near line: 1038
[09:25:08][pdx_persistent_reader.cpp:268]: Error: "Unknown trigger type: officers_clothes_pop_trigger, near line: 1049
Unknown trigger type: struggling_pop_trigger, near line: 1050" in file: "gfx/portraits/portrait_animations/animations.txt" near line: 1051
[09:25:08][pdx_persistent_reader.cpp:268]: Error: "Unknown trigger type: upper_clothes_pop_trigger, near line: 1067
Unknown trigger type: japanese_clothes_pop_trigger, near line: 1068
Unknown trigger type: struggling_pop_trigger, near line: 1069" in file: "gfx/portraits/portrait_animations/animations.txt" near line: 1070
[09:25:08][pdx_persistent_reader.cpp:268]: Error: "Unknown trigger type: upper_clothes_pop_trigger, near line: 1083
Unknown trigger type: european_clothes_pop_trigger, near line: 1084
Unknown trigger type: struggling_pop_trigger, near line: 1085" in file: "gfx/portraits/portrait_animations/animations.txt" near line: 1086
[09:25:08][pdx_persistent_reader.cpp:268]: Error: "Unknown trigger type: shopkeepers_clothes_pop_trigger, near line: 1099
Unknown trigger type: struggling_pop_trigger, near line: 1100" in file: "gfx/portraits/portrait_animations/animations.txt" near line: 1101
[09:25:08][pdx_persistent_reader.cpp:268]: Error: "Unknown trigger type: middle_clothes_pop_trigger, near line: 1114
Unknown trigger type: struggling_pop_trigger, near line: 1115" in file: "gfx/portraits/portrait_animations/animations.txt" near line: 1116
[09:25:08][pdx_persistent_reader.cpp:268]: Error: "Unknown trigger type: middle_clothes_pop_trigger, near line: 1129
Unknown trigger type: struggling_pop_trigger, near line: 1130" in file: "gfx/portraits/portrait_animations/animations.txt" near line: 1131
[09:25:08][pdx_persistent_reader.cpp:268]: Error: "Unknown trigger type: laborers_clothes_pop_trigger, near line: 1144
Unknown trigger type: struggling_pop_trigger, near line: 1145" in file: "gfx/portraits/portrait_animations/animations.txt" near line: 1146
[09:25:08][pdx_persistent_reader.cpp:268]: Error: "Unknown trigger type: peasants_clothes_pop_trigger, near line: 1158
Unknown trigger type: struggling_pop_trigger, near line: 1159" in file: "gfx/portraits/portrait_animations/animations.txt" near line: 1160
[09:25:08][pdx_persistent_reader.cpp:268]: Error: "Unknown trigger type: soldier_clothes_pop_trigger, near line: 1172
Unknown trigger type: struggling_pop_trigger, near line: 1173" in file: "gfx/portraits/portrait_animations/animations.txt" near line: 1174
[09:25:08][lexer.cpp:285]: File 'common/modifier_type_definitions/99_toe_land_reform_compat.txt' should be in utf8-bom encoding (will try to use it anyways)
[09:25:08][gamedatabase.h:378]: Duplicated key state_pop_support_movement_land_reform_add will not be created from file: common/modifier_type_definitions/99_toe_land_reform_compat.txt:6
[09:25:08][gamedatabase.h:378]: Duplicated key state_pop_support_movement_land_reform_mult will not be created from file: common/modifier_type_definitions/99_toe_land_reform_compat.txt:15
[09:25:08][pdx_persistent_reader.cpp:268]: Error: "Unknown trigger type: is_peasant_under_serfdom, near line: 43" in file: "common/pop_types/academics.txt" near line: 45
[09:25:08][pdx_persistent_reader.cpp:268]: Error: "Unknown trigger type: is_peasant_under_serfdom, near line: 93" in file: "common/pop_types/academics.txt" near line: 94
[09:25:08][pdx_persistent_reader.cpp:268]: Error: "Unknown trigger type: is_peasant_under_serfdom, near line: 36" in file: "common/pop_types/aristocrats.txt" near line: 38
[09:25:08][pdx_persistent_reader.cpp:268]: Error: "Unknown trigger type: is_peasant_under_serfdom, near line: 109" in file: "common/pop_types/aristocrats.txt" near line: 110
[09:25:08][pdx_persistent_reader.cpp:268]: Error: "Unknown trigger type: is_peasant_under_serfdom, near line: 41" in file: "common/pop_types/bureaucrats.txt" near line: 43
[09:25:08][pdx_persistent_reader.cpp:268]: Error: "Unknown trigger type: is_peasant_under_serfdom, near line: 106" in file: "common/pop_types/bureaucrats.txt" near line: 107
[09:25:08][pdx_persistent_reader.cpp:268]: Error: "Unknown trigger type: is_peasant_under_serfdom, near line: 34" in file: "common/pop_types/capitalists.txt" near line: 36
[09:25:08][pdx_persistent_reader.cpp:268]: Error: "Unknown trigger type: is_peasant_under_serfdom, near line: 84" in file: "common/pop_types/capitalists.txt" near line: 85
[09:25:08][pdx_persistent_reader.cpp:268]: Error: "Unknown trigger type: is_peasant_under_serfdom, near line: 95" in file: "common/pop_types/clergymen.txt" near line: 96
[09:25:08][pdx_persistent_reader.cpp:268]: Error: "Unknown trigger type: is_peasant_under_serfdom, near line: 70" in file: "common/pop_types/clerks.txt" near line: 71
[09:25:08][pdx_persistent_reader.cpp:268]: Error: "Unknown trigger type: is_peasant_under_serfdom, near line: 55" in file: "common/pop_types/engineers.txt" near line: 57
[09:25:08][pdx_persistent_reader.cpp:268]: Error: "Unknown trigger type: is_peasant_under_serfdom, near line: 91" in file: "common/pop_types/engineers.txt" near line: 92
[09:25:08][pdx_persistent_reader.cpp:268]: Error: "Unknown trigger type: is_peasant_under_serfdom, near line: 97" in file: "common/pop_types/farmers.txt" near line: 98
[09:25:08][pdx_persistent_reader.cpp:268]: Error: "Unknown trigger type: is_peasant_under_serfdom, near line: 85" in file: "common/pop_types/machinists.txt" near line: 86
[09:25:08][pdx_persistent_reader.cpp:268]: Error: "Unknown trigger type: is_peasant_under_serfdom, near line: 42" in file: "common/pop_types/officers.txt" near line: 48
[09:25:08][pdx_persistent_reader.cpp:268]: Error: "Unknown trigger type: is_peasant_under_serfdom, near line: 115" in file: "common/pop_types/officers.txt" near line: 116
[09:25:08][pdx_persistent_reader.cpp:268]: Error: "Unknown trigger type: is_peasant_under_serfdom, near line: 65" in file: "common/pop_types/shopkeepers.txt" near line: 66
[09:25:08][pdx_persistent_reader.cpp:268]: Error: "Unknown trigger type: default_auto_expand_rule, near line: 38" in file: "common/building_groups/00_building_groups.txt" near line: 39
[09:25:08][pdx_persistent_reader.cpp:268]: Error: "Unknown trigger type: default_auto_expand_rule, near line: 100" in file: "common/building_groups/00_building_groups.txt" near line: 101
[09:25:08][pdx_persistent_reader.cpp:268]: Error: "Unknown trigger type: default_auto_expand_rule, near line: 152" in file: "common/building_groups/00_building_groups.txt" near line: 153
[09:25:08][pdx_persistent_reader.cpp:268]: Error: "Unknown trigger type: default_auto_expand_rule, near line: 200" in file: "common/building_groups/00_building_groups.txt" near line: 201
[09:25:08][pdx_persistent_reader.cpp:268]: Error: "Unknown trigger type: default_auto_expand_rule, near line: 238" in file: "common/building_groups/00_building_groups.txt" near line: 239
[09:25:08][pdx_persistent_reader.cpp:268]: Error: "Unknown trigger type: default_auto_expand_rule, near line: 282" in file: "common/building_groups/00_building_groups.txt" near line: 283
[09:25:08][pdx_persistent_reader.cpp:268]: Error: "Unknown trigger type: default_auto_expand_rule, near line: 306" in file: "common/building_groups/00_building_groups.txt" near line: 307
[09:25:08][pdx_persistent_reader.cpp:268]: Error: "Unknown trigger type: default_auto_expand_rule, near line: 326" in file: "common/building_groups/00_building_groups.txt" near line: 327
[09:25:08][pdx_persistent_reader.cpp:268]: Error: "Unknown trigger type: default_auto_expand_rule, near line: 344" in file: "common/building_groups/00_building_groups.txt" near line: 345
[09:25:08][pdx_persistent_reader.cpp:268]: Error: "Unknown trigger type: default_auto_expand_rule, near line: 366" in file: "common/building_groups/00_building_groups.txt" near line: 367
[09:25:08][pdx_persistent_reader.cpp:268]: Error: "Unknown trigger type: default_auto_expand_rule, near line: 408" in file: "common/building_groups/00_building_groups.txt" near line: 409
[09:25:08][pdx_persistent_reader.cpp:268]: Error: "Unknown trigger type: default_auto_expand_rule, near line: 433" in file: "common/building_groups/00_building_groups.txt" near line: 434
[09:25:08][pdx_persistent_reader.cpp:268]: Error: "Unknown trigger type: can_impose_law_default, near line: 27" in file: "common/laws/00_army_model.txt" near line: 28
[09:25:08][pdx_persistent_reader.cpp:268]: Error: "Unknown trigger type: ai_has_enact_weight_modifier_journal_entries, near line: 65" in file: "common/laws/00_army_model.txt" near line: 65
[09:25:08][pdx_persistent_reader.cpp:268]: Error: "Unknown trigger type: can_impose_law_default, near line: 138" in file: "common/laws/00_army_model.txt" near line: 139
[09:25:08][pdx_persistent_reader.cpp:268]: Error: "Unknown trigger type: ai_has_enact_weight_modifier_journal_entries, near line: 169" in file: "common/laws/00_army_model.txt" near line: 169
[09:25:08][pdx_persistent_reader.cpp:268]: Error: "Unknown trigger type: ai_has_enact_weight_modifier_journal_entries, near line: 261" in file: "common/laws/00_army_model.txt" near line: 261
[09:25:08][pdx_persistent_reader.cpp:268]: Error: "Unknown trigger type: can_impose_law_default, near line: 293" in file: "common/laws/00_army_model.txt" near line: 294
[09:25:08][pdx_persistent_reader.cpp:268]: Error: "Unknown trigger type: ai_has_enact_weight_modifier_journal_entries, near line: 322" in file: "common/laws/00_army_model.txt" near line: 322
[09:25:08][pdx_persistent_reader.cpp:268]: Error: "Unknown trigger type: ai_has_enact_weight_modifier_journal_entries, near line: 48" in file: "common/laws/00_bureaucracy.txt" near line: 48
[09:25:08][pdx_persistent_reader.cpp:268]: Error: "Unknown trigger type: ai_has_enact_weight_modifier_journal_entries, near line: 102" in file: "common/laws/00_bureaucracy.txt" near line: 102
[09:25:08][pdx_persistent_reader.cpp:268]: Error: "Unknown trigger type: ai_has_enact_weight_modifier_journal_entries, near line: 139" in file: "common/laws/00_bureaucracy.txt" near line: 139
[09:25:08][pdx_persistent_reader.cpp:268]: Error: "Unknown trigger type: ai_has_enact_weight_modifier_journal_entries, near line: 194" in file: "common/laws/00_bureaucracy.txt" near line: 194
[09:25:08][pdx_persistent_reader.cpp:268]: Error: "Unknown trigger type: ai_has_enact_weight_modifier_journal_entries, near line: 48" in file: "common/laws/00_caste_hegemony.txt" near line: 48
[09:25:08][pdx_persistent_reader.cpp:268]: Error: "Unknown trigger type: ai_has_enact_weight_modifier_journal_entries, near line: 94" in file: "common/laws/00_caste_hegemony.txt" near line: 94
[09:25:08][pdx_persistent_reader.cpp:268]: Error: "Unknown trigger type: ai_has_enact_weight_modifier_journal_entries, near line: 127" in file: "common/laws/00_caste_hegemony.txt" near line: 127
[09:25:08][pdx_persistent_reader.cpp:268]: Error: "Unknown trigger type: ai_has_enact_weight_modifier_journal_entries, near line: 173" in file: "common/laws/00_caste_hegemony.txt" near line: 173
[09:25:08][pdx_persistent_reader.cpp:268]: Error: "Unknown trigger type: ai_has_enact_weight_modifier_journal_entries, near line: 220" in file: "common/laws/00_caste_hegemony.txt" near line: 220
[09:25:08][pdx_persistent_reader.cpp:268]: Error: "Unknown trigger type: ai_has_enact_weight_modifier_journal_entries, near line: 271" in file: "common/laws/00_caste_hegemony.txt" near line: 271
[09:25:08][pdx_persistent_reader.cpp:268]: Error: "Unknown trigger type: ai_has_enact_weight_modifier_journal_entries, near line: 314" in file: "common/laws/00_caste_hegemony.txt" near line: 314
[09:25:08][pdx_persistent_reader.cpp:268]: Error: "Unknown trigger type: can_impose_law_default, near line: 62" in file: "common/laws/00_church_and_state.txt" near line: 63
[09:25:08][pdx_persistent_reader.cpp:268]: Error: "Unknown trigger type: ai_has_enact_weight_modifier_journal_entries, near line: 77" in file: "common/laws/00_church_and_state.txt" near line: 77
[09:25:08][pdx_persistent_reader.cpp:268]: Error: "Unknown trigger type: ai_has_enact_weight_modifier_journal_entries, near line: 233" in file: "common/laws/00_church_and_state.txt" near line: 233
[09:25:08][pdx_persistent_reader.cpp:268]: Error: "Unknown trigger type: country_is_islamic, near line: 258" in file: "common/laws/00_church_and_state.txt" near line: 261
[09:25:08][pdx_persistent_reader.cpp:268]: Error: "Unknown trigger type: can_impose_law_default, near line: 328" in file: "common/laws/00_church_and_state.txt" near line: 329
[09:25:08][pdx_persistent_reader.cpp:268]: Error: "Unknown trigger type: ai_has_enact_weight_modifier_journal_entries, near line: 343" in file: "common/laws/00_church_and_state.txt" near line: 343
[09:25:08][pdx_persistent_reader.cpp:268]: Error: "Unknown trigger type: can_impose_law_default, near line: 411" in file: "common/laws/00_church_and_state.txt" near line: 412
[09:25:08][pdx_persistent_reader.cpp:268]: Error: "Unknown trigger type: ai_has_enact_weight_modifier_journal_entries, near line: 419" in file: "common/laws/00_church_and_state.txt" near line: 419
[09:25:08][pdx_persistent_reader.cpp:268]: Error: "Unknown trigger type: can_impose_law_default, near line: 505" in file: "common/laws/00_church_and_state.txt" near line: 506
[09:25:08][pdx_persistent_reader.cpp:268]: Error: "Unknown trigger type: ai_has_enact_weight_modifier_journal_entries, near line: 513" in file: "common/laws/00_church_and_state.txt" near line: 513
[09:25:08][pdx_persistent_reader.cpp:268]: Error: "Unknown trigger type: can_impose_law_default, near line: 597" in file: "common/laws/00_church_and_state.txt" near line: 598
[09:25:08][pdx_persistent_reader.cpp:268]: Error: "Unknown trigger type: ai_has_enact_weight_modifier_journal_entries, near line: 605" in file: "common/laws/00_church_and_state.txt" near line: 605
[09:25:08][pdx_persistent_reader.cpp:268]: Error: "Unknown trigger type: can_impose_law_default, near line: 31" in file: "common/laws/00_citizenship.txt" near line: 32
[09:25:08][pdx_persistent_reader.cpp:268]: Error: "Unknown trigger type: can_impose_law_default, near line: 148" in file: "common/laws/00_citizenship.txt" near line: 149
[09:25:08][pdx_persistent_reader.cpp:268]: Error: "Unknown trigger type: ai_has_enact_weight_modifier_journal_entries, near line: 241" in file: "common/laws/00_citizenship.txt" near line: 241
[09:25:08][pdx_persistent_reader.cpp:268]: Error: "Unknown trigger type: can_impose_law_default, near line: 273" in file: "common/laws/00_citizenship.txt" near line: 274
[09:25:08][pdx_persistent_reader.cpp:268]: Error: "Unknown trigger type: ai_has_enact_weight_modifier_journal_entries, near line: 362" in file: "common/laws/00_citizenship.txt" near line: 362
[09:25:08][pdx_persistent_reader.cpp:268]: Error: "Unknown trigger type: can_impose_law_default, near line: 400" in file: "common/laws/00_citizenship.txt" near line: 401
[09:25:08][pdx_persistent_reader.cpp:268]: Error: "Unknown trigger type: ai_has_enact_weight_modifier_journal_entries, near line: 480" in file: "common/laws/00_citizenship.txt" near line: 480
[09:25:08][pdx_persistent_reader.cpp:268]: Error: "Unknown trigger type: can_impose_law_default, near line: 524" in file: "common/laws/00_citizenship.txt" near line: 525
[09:25:08][pdx_persistent_reader.cpp:268]: Error: "Unknown trigger type: ai_has_enact_weight_modifier_journal_entries, near line: 605" in file: "common/laws/00_citizenship.txt" near line: 605
[09:25:08][pdx_persistent_reader.cpp:268]: Error: "Unknown trigger type: can_impose_law_default, near line: 651" in file: "common/laws/00_citizenship.txt" near line: 652
[09:25:08][pdx_persistent_reader.cpp:268]: Error: "Unknown trigger type: ai_has_enact_weight_modifier_journal_entries, near line: 716" in file: "common/laws/00_citizenship.txt" near line: 716
[09:25:08][pdx_persistent_reader.cpp:268]: Error: "Unknown trigger type: can_impose_law_default, near line: 61" in file: "common/laws/00_distribution_of_power.txt" near line: 62
[09:25:08][pdx_persistent_reader.cpp:268]: Error: "Unknown trigger type: ai_has_enact_weight_modifier_journal_entries, near line: 69" in file: "common/laws/00_distribution_of_power.txt" near line: 69
[09:25:08][pdx_persistent_reader.cpp:268]: Error: "Unknown trigger type: country_has_monarchy_law, near line: 138" in file: "common/laws/00_distribution_of_power.txt" near line: 143
[09:25:08][pdx_persistent_reader.cpp:268]: Error: "Unknown trigger type: country_has_monarchy_law, near line: 158
Unknown trigger type: country_has_non_monarchy_law, near line: 159" in file: "common/laws/00_distribution_of_power.txt" near line: 160
[09:25:08][pdx_persistent_reader.cpp:268]: Error: "Unknown trigger type: ai_has_enact_weight_modifier_journal_entries, near line: 229" in file: "common/laws/00_distribution_of_power.txt" near line: 229
[09:25:08][pdx_persistent_reader.cpp:268]: Error: "Unknown trigger type: can_impose_law_default, near line: 303" in file: "common/laws/00_distribution_of_power.txt" near line: 304
[09:25:08][pdx_persistent_reader.cpp:268]: Error: "Unknown trigger type: ai_has_enact_weight_modifier_journal_entries, near line: 311" in file: "common/laws/00_distribution_of_power.txt" near line: 311
[09:25:08][pdx_persistent_reader.cpp:268]: Error: "Unknown trigger type: can_impose_law_default, near line: 403" in file: "common/laws/00_distribution_of_power.txt" near line: 404
[09:25:08][pdx_persistent_reader.cpp:268]: Error: "Unknown trigger type: ai_has_enact_weight_modifier_journal_entries, near line: 411" in file: "common/laws/00_distribution_of_power.txt" near line: 411
[09:25:08][pdx_persistent_reader.cpp:268]: Error: "Unknown trigger type: can_impose_law_default, near line: 511" in file: "common/laws/00_distribution_of_power.txt" near line: 512
[09:25:08][pdx_persistent_reader.cpp:268]: Error: "Unknown trigger type: ai_has_enact_weight_modifier_journal_entries, near line: 519" in file: "common/laws/00_distribution_of_power.txt" near line: 519
[09:25:08][pdx_persistent_reader.cpp:268]: Error: "Unknown trigger type: ai_has_enact_weight_modifier_journal_entries, near line: 603" in file: "common/laws/00_distribution_of_power.txt" near line: 603
[09:25:08][pdx_persistent_reader.cpp:268]: Error: "Unknown trigger type: country_has_voting_franchise, near line: 656" in file: "common/laws/00_distribution_of_power.txt" near line: 657
[09:25:08][pdx_persistent_reader.cpp:268]: Error: "Unknown trigger type: country_has_voting_franchise, near line: 686" in file: "common/laws/00_distribution_of_power.txt" near line: 693
[09:25:08][pdx_persistent_reader.cpp:268]: Error: "Unknown trigger type: can_impose_law_default, near line: 695" in file: "common/laws/00_distribution_of_power.txt" near line: 696
[09:25:08][pdx_persistent_reader.cpp:268]: Error: "Unknown trigger type: ai_has_enact_weight_modifier_journal_entries, near line: 703" in file: "common/laws/00_distribution_of_power.txt" near line: 703
[09:25:08][pdx_persistent_reader.cpp:268]: Error: "Unknown trigger type: country_has_voting_franchise, near line: 793" in file: "common/laws/00_distribution_of_power.txt" near line: 794
[09:25:08][pdx_persistent_reader.cpp:268]: Error: "Unknown trigger type: country_has_voting_franchise, near line: 823" in file: "common/laws/00_distribution_of_power.txt" near line: 830
[09:25:08][pdx_persistent_reader.cpp:268]: Error: "Unknown trigger type: can_impose_law_default, near line: 832" in file: "common/laws/00_distribution_of_power.txt" near line: 833
[09:25:08][pdx_persistent_reader.cpp:268]: Error: "Unknown trigger type: ai_has_enact_weight_modifier_journal_entries, near line: 840" in file: "common/laws/00_distribution_of_power.txt" near line: 840
[09:25:08][pdx_persistent_reader.cpp:268]: Error: "Unknown trigger type: country_has_voting_franchise, near line: 934" in file: "common/laws/00_distribution_of_power.txt" near line: 935
[09:25:08][pdx_persistent_reader.cpp:268]: Error: "Unknown trigger type: country_has_voting_franchise, near line: 964" in file: "common/laws/00_distribution_of_power.txt" near line: 971
[09:25:08][pdx_persistent_reader.cpp:268]: Error: "Unknown trigger type: can_impose_law_default, near line: 973" in file: "common/laws/00_distribution_of_power.txt" near line: 974
[09:25:08][pdx_persistent_reader.cpp:268]: Error: "Unknown trigger type: ai_has_enact_weight_modifier_journal_entries, near line: 981" in file: "common/laws/00_distribution_of_power.txt" near line: 981
[09:25:08][pdx_persistent_reader.cpp:268]: Error: "Unknown trigger type: country_has_voting_franchise, near line: 1061" in file: "common/laws/00_distribution_of_power.txt" near line: 1062
[09:25:08][pdx_persistent_reader.cpp:268]: Error: "Unknown trigger type: country_has_voting_franchise, near line: 1091" in file: "common/laws/00_distribution_of_power.txt" near line: 1098
[09:25:08][pdx_persistent_reader.cpp:268]: Error: "Unknown trigger type: can_impose_law_default, near line: 1100" in file: "common/laws/00_distribution_of_power.txt" near line: 1101
[09:25:08][pdx_persistent_reader.cpp:268]: Error: "Unknown trigger type: ai_has_enact_weight_modifier_journal_entries, near line: 1108" in file: "common/laws/00_distribution_of_power.txt" near line: 1108
[09:25:08][pdx_persistent_reader.cpp:268]: Error: "Unknown trigger type: can_impose_law_default, near line: 1217" in file: "common/laws/00_distribution_of_power.txt" near line: 1218
[09:25:08][pdx_persistent_reader.cpp:268]: Error: "Unknown trigger type: ai_has_enact_weight_modifier_journal_entries, near line: 1226" in file: "common/laws/00_distribution_of_power.txt" near line: 1226
[09:25:08][pdx_persistent_reader.cpp:268]: Error: "Unknown trigger type: country_has_voting_franchise, near line: 1284" in file: "common/laws/00_distribution_of_power.txt" near line: 1285
[09:25:08][pdx_persistent_reader.cpp:268]: Error: "Unknown trigger type: country_has_voting_franchise, near line: 1351" in file: "common/laws/00_distribution_of_power.txt" near line: 1352
[09:25:08][pdx_persistent_reader.cpp:268]: Error: "Unknown trigger type: can_impose_law_default, near line: 1391" in file: "common/laws/00_distribution_of_power.txt" near line: 1392
[09:25:08][pdx_persistent_reader.cpp:268]: Error: "Unknown trigger type: ai_has_enact_weight_modifier_journal_entries, near line: 1400" in file: "common/laws/00_distribution_of_power.txt" near line: 1400
[09:25:08][pdx_persistent_reader.cpp:268]: Error: "Unknown trigger type: ai_has_enact_weight_modifier_journal_entries, near line: 29" in file: "common/laws/00_governance_principles.txt" near line: 29
[09:25:08][pdx_persistent_reader.cpp:268]: Error: "Unknown trigger type: can_impose_law_default, near line: 70" in file: "common/laws/00_governance_principles.txt" near line: 71
[09:25:08][pdx_persistent_reader.cpp:268]: Error: "Unknown trigger type: has_monarchist_ideology, near line: 84" in file: "common/laws/00_governance_principles.txt" near line: 85
[09:25:08][pdx_persistent_reader.cpp:268]: Error: "Unknown trigger type: ruler_is_bonapartist, near line: 117
Unknown trigger type: ruler_is_orleanist, near line: 118
Unknown trigger type: ruler_is_legitimist, near line: 119" in file: "common/laws/00_governance_principles.txt" near line: 120
[09:25:08][pdx_persistent_reader.cpp:268]: Error: "Unknown trigger type: is_citizenship_law, near line: 189" in file: "common/laws/00_governance_principles.txt" near line: 192
[09:25:08][pdx_persistent_reader.cpp:268]: Error: "Unknown trigger type: is_citizenship_law, near line: 200" in file: "common/laws/00_governance_principles.txt" near line: 203
[09:25:08][pdx_persistent_reader.cpp:268]: Error: "Unknown trigger type: is_citizenship_law, near line: 211" in file: "common/laws/00_governance_principles.txt" near line: 214
[09:25:08][pdx_persistent_reader.cpp:268]: Error: "Unknown trigger type: ai_has_enact_weight_modifier_journal_entries, near line: 243" in file: "common/laws/00_governance_principles.txt" near line: 243
[09:25:08][pdx_persistent_reader.cpp:268]: Error: "Unknown trigger type: country_is_colonial_or_company, near line: 303" in file: "common/laws/00_governance_principles.txt" near line: 304
[09:25:08][pdx_persistent_reader.cpp:268]: Error: "Unknown trigger type: country_is_colonial_or_company, near line: 307" in file: "common/laws/00_governance_principles.txt" near line: 308
[09:25:08][pdx_persistent_reader.cpp:268]: Error: "Unknown trigger type: country_is_colonial_or_company, near line: 312" in file: "common/laws/00_governance_principles.txt" near line: 314
[09:25:08][pdx_persistent_reader.cpp:268]: Error: "Unknown trigger type: can_impose_law_default, near line: 363" in file: "common/laws/00_governance_principles.txt" near line: 364
[09:25:08][pdx_persistent_reader.cpp:268]: Error: "Unknown trigger type: has_socialist_ideology, near line: 404" in file: "common/laws/00_governance_principles.txt" near line: 405
[09:25:08][pdx_persistent_reader.cpp:268]: Error: "Unknown trigger type: has_socialist_ideology, near line: 415" in file: "common/laws/00_governance_principles.txt" near line: 416
[09:25:08][pdx_persistent_reader.cpp:268]: Error: "Unknown trigger type: ai_has_enact_weight_modifier_journal_entries, near line: 431" in file: "common/laws/00_governance_principles.txt" near line: 431
[09:25:08][pdx_persistent_reader.cpp:268]: Error: "Unknown trigger type: can_impose_law_default, near line: 512" in file: "common/laws/00_governance_principles.txt" near line: 513
[09:25:08][pdx_persistent_reader.cpp:268]: Error: "Unknown trigger type: has_socialist_ideology, near line: 551" in file: "common/laws/00_governance_principles.txt" near line: 552
[09:25:08][pdx_persistent_reader.cpp:268]: Error: "Unknown trigger type: has_socialist_ideology, near line: 562" in file: "common/laws/00_governance_principles.txt" near line: 563
[09:25:08][pdx_persistent_reader.cpp:268]: Error: "Unknown trigger type: ai_has_enact_weight_modifier_journal_entries, near line: 573" in file: "common/laws/00_governance_principles.txt" near line: 573
[09:25:08][pdx_persistent_reader.cpp:268]: Error: "Unknown trigger type: can_impose_law_default, near line: 649" in file: "common/laws/00_governance_principles.txt" near line: 650
[09:25:08][pdx_persistent_reader.cpp:268]: Error: "Unknown trigger type: is_citizenship_law, near line: 673" in file: "common/laws/00_governance_principles.txt" near line: 676
[09:25:08][pdx_persistent_reader.cpp:268]: Error: "Unknown trigger type: is_citizenship_law, near line: 684" in file: "common/laws/00_governance_principles.txt" near line: 687
[09:25:08][pdx_persistent_reader.cpp:268]: Error: "Unknown trigger type: is_citizenship_law, near line: 695" in file: "common/laws/00_governance_principles.txt" near line: 698
[09:25:08][pdx_persistent_reader.cpp:268]: Error: "Unknown trigger type: ai_has_enact_weight_modifier_journal_entries, near line: 741" in file: "common/laws/00_governance_principles.txt" near line: 741
[09:25:08][pdx_persistent_reader.cpp:268]: Error: "Unknown trigger type: can_impose_law_default, near line: 863" in file: "common/laws/00_governance_principles.txt" near line: 864
[09:25:08][pdx_persistent_reader.cpp:268]: Error: "Unknown trigger type: has_socialist_ideology, near line: 877" in file: "common/laws/00_governance_principles.txt" near line: 878
[09:25:08][pdx_persistent_reader.cpp:268]: Error: "Unknown trigger type: ai_has_enact_weight_modifier_journal_entries, near line: 885" in file: "common/laws/00_governance_principles.txt" near line: 885
[09:25:08][pdx_persistent_reader.cpp:268]: Error: "Unknown trigger type: can_impose_law_default, near line: 986" in file: "common/laws/00_governance_principles.txt" near line: 987
[09:25:08][pdx_persistent_reader.cpp:268]: Error: "Unknown trigger type: ai_has_enact_weight_modifier_journal_entries, near line: 1023" in file: "common/laws/00_governance_principles.txt" near line: 1023
[09:25:08][pdx_persistent_reader.cpp:268]: Error: "Unknown trigger type: ruler_is_bonapartist, near line: 1114
Unknown trigger type: ruler_is_orleanist, near line: 1115
Unknown trigger type: ruler_is_legitimist, near line: 1116" in file: "common/laws/00_governance_principles.txt" near line: 1117
[09:25:08][pdx_persistent_reader.cpp:268]: Error: "Unknown trigger type: is_citizenship_law, near line: 1186" in file: "common/laws/00_governance_principles.txt" near line: 1189
[09:25:08][pdx_persistent_reader.cpp:268]: Error: "Unknown trigger type: is_citizenship_law, near line: 1197" in file: "common/laws/00_governance_principles.txt" near line: 1200
[09:25:08][pdx_persistent_reader.cpp:268]: Error: "Unknown trigger type: is_citizenship_law, near line: 1208" in file: "common/laws/00_governance_principles.txt" near line: 1211
[09:25:08][pdx_persistent_reader.cpp:268]: Error: "Unknown trigger type: can_impose_law_default, near line: 1245" in file: "common/laws/00_governance_principles.txt" near line: 1246
[09:25:08][pdx_persistent_reader.cpp:268]: Error: "Unknown trigger type: ai_has_enact_weight_modifier_journal_entries, near line: 1275" in file: "common/laws/00_governance_principles.txt" near line: 1275
[09:25:08][pdx_persistent_reader.cpp:268]: Error: "Unknown trigger type: ai_has_enact_weight_modifier_journal_entries, near line: 16" in file: "common/laws/00_internal_security.txt" near line: 16
[09:25:08][pdx_persistent_reader.cpp:268]: Error: "Unknown trigger type: ai_has_enact_weight_modifier_journal_entries, near line: 60" in file: "common/laws/00_internal_security.txt" near line: 60
[09:25:08][pdx_persistent_reader.cpp:268]: Error: "Unknown trigger type: ai_has_enact_weight_modifier_journal_entries, near line: 105" in file: "common/laws/00_internal_security.txt" near line: 105
[09:25:08][pdx_persistent_reader.cpp:268]: Error: "Unknown trigger type: ai_has_enact_weight_modifier_journal_entries, near line: 154" in file: "common/laws/00_internal_security.txt" near line: 154
[09:25:08][pdx_persistent_reader.cpp:268]: Error: "Unknown trigger type: ai_has_enact_weight_modifier_journal_entries, near line: 197" in file: "common/laws/00_internal_security.txt" near line: 197
[09:25:08][pdx_persistent_reader.cpp:268]: Error: "Unknown trigger type: ai_has_enact_weight_modifier_journal_entries, near line: 32" in file: "common/laws/00_navy_model.txt" near line: 32
[09:25:08][pdx_persistent_reader.cpp:268]: Error: "Unknown trigger type: ai_has_enact_weight_modifier_journal_entries, near line: 71" in file: "common/laws/00_navy_model.txt" near line: 71
[09:25:08][pdx_persistent_reader.cpp:268]: Error: "Unknown trigger type: ai_has_enact_weight_modifier_journal_entries, near line: 119" in file: "common/laws/00_navy_model.txt" near line: 119
[09:25:08][pdx_persistent_reader.cpp:268]: Error: "Unknown trigger type: ai_has_enact_weight_modifier_journal_entries, near line: 166" in file: "common/laws/00_navy_model.txt" near line: 166
[09:25:08][pdx_persistent_reader.cpp:268]: Error: "Unknown trigger type: ai_has_enact_weight_modifier_journal_entries, near line: 27" in file: "common/laws/01_colonial_affairs.txt" near line: 27
[09:25:08][pdx_persistent_reader.cpp:268]: Error: "Unknown trigger type: country_is_colonial_or_company, near line: 69" in file: "common/laws/01_colonial_affairs.txt" near line: 72
[09:25:08][pdx_persistent_reader.cpp:268]: Error: "Unknown trigger type: can_impose_law_default, near line: 112" in file: "common/laws/01_colonial_affairs.txt" near line: 113
[09:25:08][pdx_persistent_reader.cpp:268]: Error: "Unknown trigger type: ai_has_enact_weight_modifier_journal_entries, near line: 127" in file: "common/laws/01_colonial_affairs.txt" near line: 127
[09:25:08][pdx_persistent_reader.cpp:268]: Error: "Unknown trigger type: can_impose_law_default, near line: 202" in file: "common/laws/01_colonial_affairs.txt" near line: 203
[09:25:08][pdx_persistent_reader.cpp:268]: Error: "Unknown trigger type: ai_has_enact_weight_modifier_journal_entries, near line: 218" in file: "common/laws/01_colonial_affairs.txt" near line: 218
[09:25:08][pdx_persistent_reader.cpp:268]: Error: "Unknown trigger type: can_impose_law_default, near line: 309" in file: "common/laws/01_colonial_affairs.txt" near line: 310
[09:25:08][pdx_persistent_reader.cpp:268]: Error: "Unknown trigger type: ai_has_enact_weight_modifier_journal_entries, near line: 325" in file: "common/laws/01_colonial_affairs.txt" near line: 325
[09:25:08][pdx_persistent_reader.cpp:268]: Error: "Unknown trigger type: ai_has_enact_weight_modifier_journal_entries, near line: 51" in file: "common/laws/01_economic_system.txt" near line: 51
[09:25:08][pdx_persistent_reader.cpp:268]: Error: "Unknown trigger type: ai_has_enact_weight_modifier_journal_entries, near line: 91" in file: "common/laws/01_economic_system.txt" near line: 91
[09:25:08][pdx_persistent_reader.cpp:268]: Error: "Unknown trigger type: ai_has_enact_weight_modifier_journal_entries, near line: 175" in file: "common/laws/01_economic_system.txt" near line: 175
[09:25:08][pdx_persistent_reader.cpp:268]: Error: "Unknown trigger type: ai_has_enact_weight_modifier_journal_entries, near line: 324" in file: "common/laws/01_economic_system.txt" near line: 324
[09:25:08][pdx_persistent_reader.cpp:268]: Error: "Unknown trigger type: ai_has_enact_weight_modifier_journal_entries, near line: 429" in file: "common/laws/01_economic_system.txt" near line: 429
[09:25:08][pdx_persistent_reader.cpp:268]: Error: "Unknown trigger type: ai_has_enact_weight_modifier_journal_entries, near line: 474" in file: "common/laws/01_economic_system.txt" near line: 474
[09:25:08][pdx_persistent_reader.cpp:268]: Error: "Unknown trigger type: ai_has_enact_weight_modifier_journal_entries, near line: 545" in file: "common/laws/01_economic_system.txt" near line: 545
[09:25:08][pdx_persistent_reader.cpp:268]: Error: "Unknown trigger type: ai_has_enact_weight_modifier_journal_entries, near line: 653" in file: "common/laws/01_economic_system.txt" near line: 653
[09:25:08][pdx_persistent_reader.cpp:268]: Error: "Unknown trigger type: ai_has_enact_weight_modifier_journal_entries, near line: 30" in file: "common/laws/01_education_system.txt" near line: 30
[09:25:08][pdx_persistent_reader.cpp:268]: Error: "Unknown trigger type: can_impose_law_default, near line: 73" in file: "common/laws/01_education_system.txt" near line: 74
[09:25:08][pdx_persistent_reader.cpp:268]: Error: "Unknown trigger type: ai_has_enact_weight_modifier_journal_entries, near line: 81" in file: "common/laws/01_education_system.txt" near line: 81
[09:25:08][pdx_persistent_reader.cpp:268]: Error: "Unknown trigger type: can_impose_law_default, near line: 197" in file: "common/laws/01_education_system.txt" near line: 198
[09:25:08][pdx_persistent_reader.cpp:268]: Error: "Unknown trigger type: ai_has_enact_weight_modifier_journal_entries, near line: 205" in file: "common/laws/01_education_system.txt" near line: 205
[09:25:08][pdx_persistent_reader.cpp:268]: Error: "Unknown trigger type: can_impose_law_default, near line: 332" in file: "common/laws/01_education_system.txt" near line: 333
[09:25:08][pdx_persistent_reader.cpp:268]: Error: "Unknown trigger type: ai_has_enact_weight_modifier_journal_entries, near line: 340" in file: "common/laws/01_education_system.txt" near line: 340
[09:25:08][pdx_persistent_reader.cpp:268]: Error: "Unknown trigger type: ai_has_enact_weight_modifier_journal_entries, near line: 19" in file: "common/laws/01_health_system.txt" near line: 19
[09:25:08][pdx_persistent_reader.cpp:268]: Error: "Unknown trigger type: ai_has_enact_weight_modifier_journal_entries, near line: 59" in file: "common/laws/01_health_system.txt" near line: 59
[09:25:08][pdx_persistent_reader.cpp:268]: Error: "Unknown trigger type: ai_has_enact_weight_modifier_journal_entries, near line: 99" in file: "common/laws/01_health_system.txt" near line: 99
[09:25:08][pdx_persistent_reader.cpp:268]: Error: "Unknown trigger type: ai_has_enact_weight_modifier_journal_entries, near line: 126" in file: "common/laws/01_health_system.txt" near line: 126
[09:25:08][pdx_persistent_reader.cpp:268]: Error: "Unknown trigger type: ai_has_enact_weight_modifier_journal_entries, near line: 68" in file: "common/laws/01_land_reform.txt" near line: 68
[09:25:08][pdx_persistent_reader.cpp:268]: Error: "Unknown trigger type: ai_has_enact_weight_modifier_journal_entries, near line: 134" in file: "common/laws/01_land_reform.txt" near line: 134
[09:25:08][pdx_persistent_reader.cpp:268]: Error: "Unknown trigger type: ai_has_enact_weight_modifier_journal_entries, near line: 186" in file: "common/laws/01_land_reform.txt" near line: 186
[09:25:08][pdx_persistent_reader.cpp:268]: Error: "Unknown trigger type: ai_has_enact_weight_modifier_journal_entries, near line: 285" in file: "common/laws/01_land_reform.txt" near line: 285
[09:25:08][pdx_persistent_reader.cpp:268]: Error: "Unknown trigger type: ai_has_enact_weight_modifier_journal_entries, near line: 335" in file: "common/laws/01_land_reform.txt" near line: 335
[09:25:08][pdx_persistent_reader.cpp:268]: Error: "Unknown trigger type: ai_has_enact_weight_modifier_journal_entries, near line: 394" in file: "common/laws/01_land_reform.txt" near line: 394
[09:25:08][pdx_persistent_reader.cpp:268]: Error: "Unknown trigger type: country_is_colonial_or_company, near line: 431" in file: "common/laws/01_land_reform.txt" near line: 432
[09:25:08][pdx_persistent_reader.cpp:268]: Error: "Unknown trigger type: ai_has_enact_weight_modifier_journal_entries, near line: 482" in file: "common/laws/01_land_reform.txt" near line: 482
[09:25:08][pdx_persistent_reader.cpp:268]: Error: "Unknown trigger type: country_is_colonial_or_company, near line: 544" in file: "common/laws/01_land_reform.txt" near line: 547
[09:25:08][pdx_persistent_reader.cpp:268]: Error: "Unknown trigger type: ai_has_enact_weight_modifier_journal_entries, near line: 592" in file: "common/laws/01_land_reform.txt" near line: 592
[09:25:08][pdx_persistent_reader.cpp:268]: Error: "Unknown trigger type: ai_has_enact_weight_modifier_journal_entries, near line: 678" in file: "common/laws/01_land_reform.txt" near line: 678
[09:25:08][pdx_persistent_reader.cpp:268]: Error: "Unknown trigger type: ai_has_enact_weight_modifier_journal_entries, near line: 24" in file: "common/laws/01_policing.txt" near line: 24
[09:25:08][pdx_persistent_reader.cpp:268]: Error: "Unknown trigger type: can_impose_law_default, near line: 56" in file: "common/laws/01_policing.txt" near line: 57
[09:25:08][pdx_persistent_reader.cpp:268]: Error: "Unknown trigger type: ai_has_enact_weight_modifier_journal_entries, near line: 79" in file: "common/laws/01_policing.txt" near line: 79
[09:25:08][pdx_persistent_reader.cpp:268]: Error: "Unknown trigger type: can_impose_law_default, near line: 158" in file: "common/laws/01_policing.txt" near line: 159
[09:25:08][pdx_persistent_reader.cpp:268]: Error: "Unknown trigger type: ai_has_enact_weight_modifier_journal_entries, near line: 173" in file: "common/laws/01_policing.txt" near line: 173
[09:25:08][pdx_persistent_reader.cpp:268]: Error: "Unknown trigger type: can_impose_law_default, near line: 257" in file: "common/laws/01_policing.txt" near line: 258
[09:25:08][pdx_persistent_reader.cpp:268]: Error: "Unknown trigger type: ai_has_enact_weight_modifier_journal_entries, near line: 272" in file: "common/laws/01_policing.txt" near line: 272
[09:25:08][pdx_persistent_reader.cpp:268]: Error: "Unknown trigger type: ai_has_enact_weight_modifier_journal_entries, near line: 46" in file: "common/laws/01_taxation.txt" near line: 46
[09:25:08][pdx_persistent_reader.cpp:268]: Error: "Unknown trigger type: ai_has_enact_weight_modifier_journal_entries, near line: 93" in file: "common/laws/01_taxation.txt" near line: 93
[09:25:08][pdx_persistent_reader.cpp:268]: Error: "Unknown trigger type: ai_has_enact_weight_modifier_journal_entries, near line: 153" in file: "common/laws/01_taxation.txt" near line: 153
[09:25:08][pdx_persistent_reader.cpp:268]: Error: "Unknown trigger type: ai_has_enact_weight_modifier_journal_entries, near line: 236" in file: "common/laws/01_taxation.txt" near line: 236
[09:25:08][pdx_persistent_reader.cpp:268]: Error: "Unknown trigger type: ai_has_enact_weight_modifier_journal_entries, near line: 305" in file: "common/laws/01_taxation.txt" near line: 305
[09:25:08][pdx_persistent_reader.cpp:268]: Error: "Unknown trigger type: ai_has_enact_weight_modifier_journal_entries, near line: 38" in file: "common/laws/01_trade_policy.txt" near line: 38
[09:25:08][pdx_persistent_reader.cpp:268]: Error: "Unknown trigger type: ai_has_enact_weight_modifier_journal_entries, near line: 68" in file: "common/laws/01_trade_policy.txt" near line: 68
[09:25:08][pdx_persistent_reader.cpp:268]: Error: "Unknown trigger type: ai_has_enact_weight_modifier_journal_entries, near line: 128" in file: "common/laws/01_trade_policy.txt" near line: 128
[09:25:08][pdx_persistent_reader.cpp:268]: Error: "Unknown trigger type: ai_has_enact_weight_modifier_journal_entries, near line: 198" in file: "common/laws/01_trade_policy.txt" near line: 198
[09:25:08][pdx_persistent_reader.cpp:268]: Error: "Unknown trigger type: ai_has_enact_weight_modifier_journal_entries, near line: 259" in file: "common/laws/01_trade_policy.txt" near line: 259
[09:25:08][pdx_persistent_reader.cpp:268]: Error: "Unknown trigger type: ai_has_enact_weight_modifier_journal_entries, near line: 336" in file: "common/laws/01_trade_policy.txt" near line: 336
[09:25:08][pdx_persistent_reader.cpp:268]: Error: "Unknown trigger type: ai_has_enact_weight_modifier_journal_entries, near line: 32" in file: "common/laws/02_childrens_rights.txt" near line: 32
[09:25:08][pdx_persistent_reader.cpp:268]: Error: "Unknown trigger type: ai_has_enact_weight_modifier_journal_entries, near line: 75" in file: "common/laws/02_childrens_rights.txt" near line: 75
[09:25:08][pdx_persistent_reader.cpp:268]: Error: "Unknown trigger type: ai_has_enact_weight_modifier_journal_entries, near line: 105" in file: "common/laws/02_childrens_rights.txt" near line: 105
[09:25:08][pdx_persistent_reader.cpp:268]: Error: "Unknown trigger type: ai_has_enact_weight_modifier_journal_entries, near line: 28" in file: "common/laws/02_free_speech.txt" near line: 28
[09:25:08][pdx_persistent_reader.cpp:268]: Error: "Unknown trigger type: ai_has_enact_weight_modifier_journal_entries, near line: 57" in file: "common/laws/02_free_speech.txt" near line: 57
[09:25:08][pdx_persistent_reader.cpp:268]: Error: "Unknown trigger type: ai_has_enact_weight_modifier_journal_entries, near line: 80" in file: "common/laws/02_free_speech.txt" near line: 80
[09:25:08][pdx_persistent_reader.cpp:268]: Error: "Unknown trigger type: ai_has_enact_weight_modifier_journal_entries, near line: 121" in file: "common/laws/02_free_speech.txt" near line: 121
[09:25:08][pdx_persistent_reader.cpp:268]: Error: "Unknown trigger type: ai_has_enact_weight_modifier_journal_entries, near line: 18" in file: "common/laws/02_labor_rights.txt" near line: 18
[09:25:08][pdx_persistent_reader.cpp:268]: Error: "Unknown trigger type: ai_has_enact_weight_modifier_journal_entries, near line: 41" in file: "common/laws/02_labor_rights.txt" near line: 41
[09:25:08][pdx_persistent_reader.cpp:268]: Error: "Unknown trigger type: ai_has_enact_weight_modifier_journal_entries, near line: 67" in file: "common/laws/02_labor_rights.txt" near line: 67
[09:25:08][pdx_persistent_reader.cpp:268]: Error: "Unknown trigger type: ai_has_enact_weight_modifier_journal_entries, near line: 63" in file: "common/laws/02_labour_associations.txt" near line: 63
[09:25:08][pdx_persistent_reader.cpp:268]: Error: "Unknown trigger type: ai_has_enact_weight_modifier_journal_entries, near line: 116" in file: "common/laws/02_labour_associations.txt" near line: 116
[09:25:08][pdx_persistent_reader.cpp:268]: Error: "Unknown trigger type: ai_has_enact_weight_modifier_journal_entries, near line: 188" in file: "common/laws/02_labour_associations.txt" near line: 188
[09:25:08][pdx_persistent_reader.cpp:268]: Error: "Unknown trigger type: ai_has_enact_weight_modifier_journal_entries, near line: 263" in file: "common/laws/02_labour_associations.txt" near line: 263
[09:25:08][pdx_persistent_reader.cpp:268]: Error: "Unknown trigger type: ai_has_enact_weight_modifier_journal_entries, near line: 347" in file: "common/laws/02_labour_associations.txt" near line: 347
[09:25:08][pdx_persistent_reader.cpp:268]: Error: "Unknown trigger type: ai_has_enact_weight_modifier_journal_entries, near line: 417" in file: "common/laws/02_labour_associations.txt" near line: 417
[09:25:08][pdx_persistent_reader.cpp:268]: Error: "Unknown trigger type: ai_has_enact_weight_modifier_journal_entries, near line: 19" in file: "common/laws/02_migration.txt" near line: 19
[09:25:08][pdx_persistent_reader.cpp:268]: Error: "Unknown trigger type: ai_has_enact_weight_modifier_journal_entries, near line: 68" in file: "common/laws/02_migration.txt" near line: 68
[09:25:08][pdx_persistent_reader.cpp:268]: Error: "Unknown trigger type: ai_has_enact_weight_modifier_journal_entries, near line: 128" in file: "common/laws/02_migration.txt" near line: 128
[09:25:08][pdx_persistent_reader.cpp:268]: Error: "Unknown trigger type: ai_has_enact_weight_modifier_journal_entries, near line: 37" in file: "common/laws/02_rights_of_women.txt" near line: 37
[09:25:08][pdx_persistent_reader.cpp:268]: Error: "Unknown trigger type: ai_has_enact_weight_modifier_journal_entries, near line: 121" in file: "common/laws/02_rights_of_women.txt" near line: 121
[09:25:08][pdx_persistent_reader.cpp:268]: Error: "Unknown trigger type: ai_has_enact_weight_modifier_journal_entries, near line: 163" in file: "common/laws/02_rights_of_women.txt" near line: 163
[09:25:08][pdx_persistent_reader.cpp:268]: Error: "Unknown trigger type: ai_has_enact_weight_modifier_journal_entries, near line: 202" in file: "common/laws/02_rights_of_women.txt" near line: 202
[09:25:08][pdx_persistent_reader.cpp:268]: Error: "Unknown trigger type: ai_has_enact_weight_modifier_journal_entries, near line: 74" in file: "common/laws/02_slavery.txt" near line: 74
[09:25:08][pdx_persistent_reader.cpp:268]: Error: "Unknown trigger type: ai_has_enact_weight_modifier_journal_entries, near line: 217" in file: "common/laws/02_slavery.txt" near line: 217
[09:25:08][pdx_persistent_reader.cpp:268]: Error: "Unknown trigger type: ai_has_enact_weight_modifier_journal_entries, near line: 291" in file: "common/laws/02_slavery.txt" near line: 291
[09:25:08][pdx_persistent_reader.cpp:268]: Error: "Unknown trigger type: ai_has_enact_weight_modifier_journal_entries, near line: 384" in file: "common/laws/02_slavery.txt" near line: 384
[09:25:08][pdx_persistent_reader.cpp:268]: Error: "Unknown trigger type: ai_has_enact_weight_modifier_journal_entries, near line: 479" in file: "common/laws/02_slavery.txt" near line: 479
[09:25:08][pdx_persistent_reader.cpp:268]: Error: "Unknown trigger type: ai_has_enact_weight_modifier_journal_entries, near line: 23" in file: "common/laws/02_welfare.txt" near line: 23
[09:25:08][pdx_persistent_reader.cpp:268]: Error: "Unknown trigger type: ai_has_enact_weight_modifier_journal_entries, near line: 93" in file: "common/laws/02_welfare.txt" near line: 93
[09:25:08][pdx_persistent_reader.cpp:268]: Error: "Unknown trigger type: ai_has_enact_weight_modifier_journal_entries, near line: 119" in file: "common/laws/02_welfare.txt" near line: 119
[09:25:08][pdx_persistent_reader.cpp:268]: Error: "Unknown trigger type: ai_has_enact_weight_modifier_journal_entries, near line: 159" in file: "common/laws/02_welfare.txt" near line: 159
[09:25:08][pdx_persistent_reader.cpp:268]: Error: "Unknown trigger type: country_is_colonial_or_company, near line: 18" in file: "common/laws/98_toe_land_reform_compat.txt" near line: 19
[09:25:08][pdx_persistent_reader.cpp:268]: Error: "Unknown trigger type: ai_has_enact_weight_modifier_journal_entries, near line: 57" in file: "common/laws/98_toe_land_reform_compat.txt" near line: 57
[09:25:08][pdx_persistent_reader.cpp:268]: Error: "Unknown trigger type: interest_group_has_socialist_ideology, near line: 758" in file: "common/amendments/00_amendments_enactment_04.txt" near line: 759
[09:25:08][pdx_persistent_reader.cpp:268]: Error: "Unknown trigger type: interest_group_has_socialist_ideology, near line: 917
Unknown trigger type: interest_group_has_progressive_ideology, near line: 918" in file: "common/amendments/00_amendments_enactment_04.txt" near line: 919
[09:25:08][pdx_persistent_reader.cpp:268]: Error: "Unknown trigger type: country_has_voting_franchise, near line: 45" in file: "common/amendments/00_amendments_historical_04.txt" near line: 46
[09:25:08][pdx_persistent_reader.cpp:268]: Error: "Unknown trigger type: country_is_colonial_or_company, near line: 570" in file: "common/technology/technologies/30_society.txt" near line: 572
[09:25:08][gfx_dds_loader.cpp:442]: Block compressed texture 'gfx/interface/icons/invention_icons/naval_oil_propulsion.dds' does not have a height and width that are a multiple of 4, which will cause edge pixels to be incorrect. Either re-export the texture, or, for very small textures, change the format to uncompressed.
[09:25:08][map.cpp:264]: Failed to read province string! at map_data/adjacencies.csv:20
[09:25:09][pdx_persistent_reader.cpp:268]: Error: "Unknown trigger type: trade_center_construction_allowed, near line: 253" in file: "common/buildings/11_private_infrastructure.txt" near line: 254
[09:25:09][pdx_persistent_reader.cpp:268]: Error: "Unknown trigger type: trade_center_construction_allowed, near line: 257" in file: "common/buildings/11_private_infrastructure.txt" near line: 258
[09:25:09][pdx_persistent_reader.cpp:268]: Error: "Unknown trigger type: has_powerful_protectors, near line: 652" in file: "common/script_values/01_power_bloc_values.txt" near line: 655
[09:25:09][pdx_persistent_reader.cpp:268]: Error: "Unknown trigger type: has_powerful_protectors, near line: 1386" in file: "common/script_values/01_power_bloc_values.txt" near line: 1389
[09:25:09][pdx_persistent_reader.cpp:268]: Error: "Unknown trigger type: on_river, near line: 42" in file: "common/script_values/cultural_community_values.txt" near line: 43
[09:25:09][pdx_persistent_reader.cpp:268]: Error: "Unknown trigger type: country_has_emperor_in_power, near line: 212" in file: "common/script_values/ep2_japan_values.txt" near line: 213
[09:25:09][pdx_persistent_reader.cpp:268]: Error: "Unknown trigger type: company_is_zaibatsu, near line: 275" in file: "common/script_values/ep2_japan_values.txt" near line: 276
[09:25:09][pdx_persistent_reader.cpp:268]: Error: "Unknown trigger type: company_is_zaibatsu, near line: 280" in file: "common/script_values/ep2_japan_values.txt" near line: 281
[09:25:09][jomini_script_system.cpp:247]: Script system error!
  Error: untyped trigger [ Unknwon trigger 'is_princely_state' ]
  Script location: common/script_values/india_values.txt:120

[09:25:09][pdx_persistent_reader.cpp:268]: Error: "Unknown trigger type: is_princely_state, near line: 121" in file: "common/script_values/india_values.txt" near line: 123
[09:25:09][jomini_script_system.cpp:247]: Script system error!
  Error: untyped trigger [ Unknwon trigger 'is_princely_state' ]
  Script location: common/script_values/india_values.txt:131

[09:25:09][pdx_persistent_reader.cpp:268]: Error: "Unknown trigger type: is_princely_state, near line: 132" in file: "common/script_values/india_values.txt" near line: 136
[09:25:09][jomini_script_system.cpp:247]: Script system error!
  Error: untyped trigger [ Unknwon trigger 'is_princely_state' ]
  Script location: common/script_values/india_values.txt:144

[09:25:09][pdx_persistent_reader.cpp:268]: Error: "Unknown trigger type: is_princely_state, near line: 145" in file: "common/script_values/india_values.txt" near line: 149
[09:25:09][pdx_persistent_reader.cpp:268]: Error: "Unknown trigger type: has_conservative_ideology, near line: 36
Unknown trigger type: has_reactionary_ideology, near line: 37" in file: "common/script_values/ip4_je_values.txt" near line: 38
[09:25:09][pdx_persistent_reader.cpp:268]: Error: "Unknown trigger type: has_conservative_ideology, near line: 57
Unknown trigger type: has_reactionary_ideology, near line: 58" in file: "common/script_values/ip4_je_values.txt" near line: 59
[09:25:09][pdx_persistent_reader.cpp:268]: Error: "Unknown trigger type: has_liberal_ideology, near line: 74
Unknown trigger type: has_progressive_ideology, near line: 75" in file: "common/script_values/ip4_je_values.txt" near line: 76
[09:25:09][pdx_persistent_reader.cpp:268]: Error: "Unknown trigger type: has_liberal_ideology, near line: 93
Unknown trigger type: has_progressive_ideology, near line: 94" in file: "common/script_values/ip4_je_values.txt" near line: 95
[09:25:09][pdx_persistent_reader.cpp:268]: Error: "Unknown trigger type: has_liberal_ideology, near line: 115
Unknown trigger type: has_progressive_ideology, near line: 116" in file: "common/script_values/ip4_je_values.txt" near line: 117
[09:25:09][pdx_persistent_reader.cpp:268]: Error: "Unknown trigger type: has_liberal_ideology, near line: 128
Unknown trigger type: has_progressive_ideology, near line: 129" in file: "common/script_values/ip4_je_values.txt" near line: 130
[09:25:09][pdx_persistent_reader.cpp:268]: Error: "Unknown trigger type: has_liberal_ideology, near line: 144
Unknown trigger type: has_progressive_ideology, near line: 145" in file: "common/script_values/ip4_je_values.txt" near line: 146
[09:25:09][pdx_persistent_reader.cpp:268]: Error: "Unknown trigger type: has_liberal_ideology, near line: 157
Unknown trigger type: has_progressive_ideology, near line: 158" in file: "common/script_values/ip4_je_values.txt" near line: 159
[09:25:09][pdx_persistent_reader.cpp:268]: Error: "Unknown trigger type: movement_is_liberal, near line: 169" in file: "common/script_values/ip4_je_values.txt" near line: 170
[09:25:09][pdx_persistent_reader.cpp:268]: Error: "Unknown trigger type: movement_is_liberal, near line: 176" in file: "common/script_values/ip4_je_values.txt" near line: 177
[09:25:09][pdx_persistent_reader.cpp:268]: Error: "Unknown trigger type: has_liberal_ideology, near line: 214
Unknown trigger type: has_progressive_ideology, near line: 215" in file: "common/script_values/ip4_je_values.txt" near line: 216
[09:25:09][pdx_persistent_reader.cpp:268]: Error: "Unknown trigger type: has_liberal_ideology, near line: 235
Unknown trigger type: has_progressive_ideology, near line: 236" in file: "common/script_values/ip4_je_values.txt" near line: 237
[09:25:09][pdx_persistent_reader.cpp:268]: Error: "Unknown trigger type: has_conservative_ideology, near line: 252
Unknown trigger type: has_reactionary_ideology, near line: 253" in file: "common/script_values/ip4_je_values.txt" near line: 254
[09:25:09][pdx_persistent_reader.cpp:268]: Error: "Unknown trigger type: has_conservative_ideology, near line: 271
Unknown trigger type: has_reactionary_ideology, near line: 272" in file: "common/script_values/ip4_je_values.txt" near line: 273
[09:25:09][pdx_persistent_reader.cpp:268]: Error: "Unknown trigger type: has_reactionary_ideology, near line: 293
Unknown trigger type: has_conservative_ideology, near line: 294" in file: "common/script_values/ip4_je_values.txt" near line: 295
[09:25:09][pdx_persistent_reader.cpp:268]: Error: "Unknown trigger type: has_reactionary_ideology, near line: 306
Unknown trigger type: has_conservative_ideology, near line: 307" in file: "common/script_values/ip4_je_values.txt" near line: 308
[09:25:09][pdx_persistent_reader.cpp:268]: Error: "Unknown trigger type: has_reactionary_ideology, near line: 322
Unknown trigger type: has_conservative_ideology, near line: 323" in file: "common/script_values/ip4_je_values.txt" near line: 324
[09:25:09][pdx_persistent_reader.cpp:268]: Error: "Unknown trigger type: has_reactionary_ideology, near line: 335
Unknown trigger type: has_conservative_ideology, near line: 336" in file: "common/script_values/ip4_je_values.txt" near line: 337
[09:25:09][pdx_persistent_reader.cpp:268]: Error: "Unknown trigger type: movement_is_conservative, near line: 347" in file: "common/script_values/ip4_je_values.txt" near line: 348
[09:25:09][pdx_persistent_reader.cpp:268]: Error: "Unknown trigger type: movement_is_conservative, near line: 354" in file: "common/script_values/ip4_je_values.txt" near line: 355
[09:25:09][pdx_persistent_reader.cpp:268]: Error: "Unknown trigger type: interest_group_has_conservative_ideology, near line: 456
Unknown trigger type: interest_group_has_reactionary_ideology, near line: 457" in file: "common/script_values/ip4_je_values.txt" near line: 458
[09:25:09][pdx_persistent_reader.cpp:268]: Error: "Unknown trigger type: interest_group_has_liberal_ideology, near line: 479
Unknown trigger type: interest_group_has_progressive_ideology, near line: 480" in file: "common/script_values/ip4_je_values.txt" near line: 481
[09:25:09][pdx_persistent_reader.cpp:268]: Error: "Unknown trigger type: movement_is_liberal, near line: 207
Unknown trigger type: movement_is_socialist, near line: 208" in file: "common/script_values/je_values.txt" near line: 209
[09:25:09][pdx_persistent_reader.cpp:268]: Error: "Unknown trigger type: ig_counts_as_marginal, near line: 82" in file: "common/script_values/negotiation_values.txt" near line: 86
[09:25:09][pdx_persistent_reader.cpp:268]: Error: "Unknown trigger type: opposes_law, near line: 132" in file: "common/script_values/negotiation_values.txt" near line: 135
[09:25:09][pdx_persistent_reader.cpp:268]: Error: "Unknown trigger type: opposes_law, near line: 140" in file: "common/script_values/negotiation_values.txt" near line: 142
[09:25:09][pdx_persistent_reader.cpp:268]: Error: "Unknown trigger type: supports_law, near line: 208" in file: "common/script_values/negotiation_values.txt" near line: 211
[09:25:09][pdx_persistent_reader.cpp:268]: Error: "Unknown trigger type: supports_law, near line: 220" in file: "common/script_values/negotiation_values.txt" near line: 223
[09:25:09][pdx_persistent_reader.cpp:268]: Error: "Unknown trigger type: opposes_law, near line: 239" in file: "common/script_values/negotiation_values.txt" near line: 242
[09:25:09][pdx_persistent_reader.cpp:268]: Error: "Unknown trigger type: opposes_law, near line: 251" in file: "common/script_values/negotiation_values.txt" near line: 254
[09:25:09][pdx_persistent_reader.cpp:268]: Error: "Unknown trigger type: opposes_law, near line: 269" in file: "common/script_values/negotiation_values.txt" near line: 271
[09:25:09][pdx_persistent_reader.cpp:268]: Error: "Unknown trigger type: opposes_law, near line: 424" in file: "common/script_values/negotiation_values.txt" near line: 426
[09:25:09][pdx_persistent_reader.cpp:268]: Error: "Unknown trigger type: is_in_building_group, near line: 680" in file: "common/script_values/negotiation_values.txt" near line: 683
[09:25:09][jomini_effect.cpp:542]: Unknown effect every_state_in_africa at common/scripted_effects/0000_debug_effects.txt:16
[09:25:09][pdx_persistent_reader.cpp:268]: Error: "Unknown trigger type: country_is_islamic, near line: 24" in file: "common/scripted_effects/00_political_setup.txt" near line: 25
[09:25:09][pdx_persistent_reader.cpp:268]: Error: "Unknown trigger type: country_is_islamic, near line: 51" in file: "common/scripted_effects/00_political_setup.txt" near line: 52
[09:25:09][pdx_persistent_reader.cpp:268]: Error: "Unknown trigger type: country_is_islamic, near line: 77" in file: "common/scripted_effects/00_political_setup.txt" near line: 78
[09:25:09][pdx_persistent_reader.cpp:268]: Error: "Unknown trigger type: country_has_voting_franchise, near line: 277" in file: "common/scripted_effects/00_scripted_effects.txt" near line: 278
[09:25:09][pdx_persistent_reader.cpp:268]: Error: "Unknown trigger type: country_is_islamic, near line: 120" in file: "common/scripted_effects/00_political_setup.txt" near line: 121
[09:25:09][pdx_persistent_reader.cpp:268]: Error: "Unknown trigger type: country_has_voting_franchise, near line: 288" in file: "common/scripted_effects/00_scripted_effects.txt" near line: 289
[09:25:09][pdx_persistent_reader.cpp:268]: Error: "Unknown trigger type: agitator_supports_enaction, near line: 322" in file: "common/scripted_effects/00_scripted_effects.txt" near line: 323
[09:25:09][jomini_effect.cpp:542]: Unknown effect every_state_in_italy_old at common/scripted_effects/00_unification_effects.txt:2
[09:25:09][pdx_persistent_reader.cpp:268]: Error: "Unknown trigger type: ig_counts_as_marginal, near line: 2357" in file: "common/scripted_effects/00_victoria_adversarial_scripted_effects.txt" near line: 2358
[09:25:09][pdx_persistent_reader.cpp:268]: Error: "Unknown trigger type: agitator_opposes_enaction, near line: 363" in file: "common/scripted_effects/00_scripted_effects.txt" near line: 364
[09:25:09][pdx_persistent_reader.cpp:268]: Error: "Unknown trigger type: ig_counts_as_marginal, near line: 1076" in file: "common/scripted_effects/00_victoria_adversarial_scripted_effects.txt" near line: 1077
[09:25:09][jomini_effect.cpp:542]: Unknown effect every_state_in_lesser_germany at common/scripted_effects/00_unification_effects.txt:11
[09:25:09][pdx_persistent_reader.cpp:268]: Error: "Unknown trigger type: ig_counts_as_marginal, near line: 1089" in file: "common/scripted_effects/00_victoria_adversarial_scripted_effects.txt" near line: 1090
[09:25:09][pdx_persistent_reader.cpp:268]: Error: "Unknown trigger type: has_gov_regency, near line: 424" in file: "common/scripted_effects/00_scripted_effects.txt" near line: 425
[09:25:09][pdx_persistent_reader.cpp:268]: Error: "Unknown trigger type: ig_counts_as_marginal, near line: 18" in file: "common/scripted_effects/00_victoria_adversarial_scripted_effects.txt" near line: 19
[09:25:09][pdx_persistent_reader.cpp:268]: Error: "Unknown trigger type: ig_counts_as_marginal, near line: 1122" in file: "common/scripted_effects/00_victoria_adversarial_scripted_effects.txt" near line: 1123
[09:25:09][pdx_persistent_reader.cpp:268]: Error: "Unknown trigger type: ig_counts_as_marginal, near line: 1136" in file: "common/scripted_effects/00_victoria_adversarial_scripted_effects.txt" near line: 1137
[09:25:09][pdx_persistent_reader.cpp:268]: Error: "Unknown trigger type: je_danubian_federation_czech_button_visible, near line: 1148" in file: "common/scripted_effects/00_victoria_ip3_scripted_effects.txt" near line: 1153
[09:25:09][pdx_persistent_reader.cpp:268]: Error: "Unknown trigger type: has_gov_regency, near line: 816" in file: "common/scripted_effects/00_victoria_ip4_scripted_effects.txt" near line: 817
[09:25:09][pdx_persistent_reader.cpp:268]: Error: "Unknown trigger type: je_danubian_federation_slovak_button_visible, near line: 1160" in file: "common/scripted_effects/00_victoria_ip3_scripted_effects.txt" near line: 1165
[09:25:09][pdx_persistent_reader.cpp:268]: Error: "Unknown trigger type: ig_counts_as_marginal, near line: 1172" in file: "common/scripted_effects/00_victoria_adversarial_scripted_effects.txt" near line: 1173
[09:25:09][pdx_persistent_reader.cpp:268]: Error: "Unknown trigger type: ig_counts_as_marginal, near line: 2369" in file: "common/scripted_effects/00_victoria_adversarial_scripted_effects.txt" near line: 2370
[09:25:09][pdx_persistent_reader.cpp:268]: Error: "Unknown trigger type: has_gov_regency, near line: 407" in file: "common/scripted_effects/00_victoria_ip4_scripted_effects.txt" near line: 408
[09:25:09][pdx_persistent_reader.cpp:268]: Error: "Unknown trigger type: glorious_revolution_coup_trigger, near line: 409
Unknown trigger type: dynastic_coup_trigger, near line: 410" in file: "common/scripted_effects/00_victoria_ip4_scripted_effects.txt" near line: 411
[09:25:09][pdx_persistent_reader.cpp:268]: Error: "Unknown trigger type: ig_counts_as_marginal, near line: 1185" in file: "common/scripted_effects/00_victoria_adversarial_scripted_effects.txt" near line: 1186
[09:25:09][pdx_persistent_reader.cpp:268]: Error: "Unknown trigger type: has_gov_regency, near line: 415" in file: "common/scripted_effects/00_victoria_ip4_scripted_effects.txt" near line: 416
[09:25:09][pdx_persistent_reader.cpp:268]: Error: "Unknown trigger type: party_has_members, near line: 1623" in file: "common/scripted_effects/00_victoria_scripted_effects.txt" near line: 1625
[09:25:09][pdx_persistent_reader.cpp:268]: Error: "Unknown trigger type: ig_counts_as_marginal, near line: 99" in file: "common/scripted_effects/00_victoria_adversarial_scripted_effects.txt" near line: 100
[09:25:09][pdx_persistent_reader.cpp:268]: Error: "Unknown trigger type: character_has_carlist_ideology, near line: 470" in file: "common/scripted_effects/00_victoria_royal_successions.txt" near line: 471
[09:25:09][pdx_persistent_reader.cpp:268]: Error: "Unknown trigger type: has_gov_regency, near line: 1299" in file: "common/scripted_effects/00_victoria_ip4_scripted_effects.txt" near line: 1300
[09:25:09][pdx_persistent_reader.cpp:268]: Error: "Unknown trigger type: country_has_voting_franchise, near line: 478" in file: "common/scripted_effects/00_victoria_ip4_scripted_effects.txt" near line: 480
[09:25:09][pdx_persistent_reader.cpp:268]: Error: "Unknown trigger type: has_gov_regency, near line: 842" in file: "common/scripted_effects/00_victoria_ip4_scripted_effects.txt" near line: 843
[09:25:09][pdx_persistent_reader.cpp:268]: Error: "Unknown trigger type: je_danubian_federation_polish_button_visible, near line: 1172" in file: "common/scripted_effects/00_victoria_ip3_scripted_effects.txt" near line: 1177
[09:25:09][pdx_persistent_reader.cpp:268]: Error: "Unknown trigger type: character_has_carlist_ideology, near line: 477" in file: "common/scripted_effects/00_victoria_royal_successions.txt" near line: 478
[09:25:09][pdx_persistent_reader.cpp:268]: Error: "Unknown trigger type: ruler_is_bonapartist, near line: 2549" in file: "common/scripted_effects/00_victoria_scripted_effects.txt" near line: 2550
[09:25:09][pdx_persistent_reader.cpp:268]: Error: "Unknown trigger type: ig_counts_as_marginal, near line: 1240" in file: "common/scripted_effects/00_victoria_adversarial_scripted_effects.txt" near line: 1241
[09:25:09][pdx_persistent_reader.cpp:268]: Error: "Unknown trigger type: country_has_voting_franchise, near line: 852" in file: "common/scripted_effects/00_victoria_ip4_scripted_effects.txt" near line: 854
[09:25:09][pdx_persistent_reader.cpp:268]: Error: "Unknown trigger type: ig_counts_as_marginal, near line: 2412" in file: "common/scripted_effects/00_victoria_adversarial_scripted_effects.txt" near line: 2413
[09:25:09][pdx_persistent_reader.cpp:268]: Error: "Unknown trigger type: party_has_members, near line: 1661" in file: "common/scripted_effects/00_victoria_scripted_effects.txt" near line: 1663
[09:25:09][pdx_persistent_reader.cpp:268]: Error: "Unknown trigger type: has_gov_regency, near line: 1352" in file: "common/scripted_effects/00_victoria_ip4_scripted_effects.txt" near line: 1353
[09:25:09][pdx_persistent_reader.cpp:268]: Error: "Unknown trigger type: ig_counts_as_marginal, near line: 2426" in file: "common/scripted_effects/00_victoria_adversarial_scripted_effects.txt" near line: 2427
[09:25:09][pdx_persistent_reader.cpp:268]: Error: "Unknown trigger type: ig_counts_as_marginal, near line: 127" in file: "common/scripted_effects/00_victoria_adversarial_scripted_effects.txt" near line: 128
[09:25:09][pdx_persistent_reader.cpp:268]: Error: "Unknown trigger type: law_is_valid_for_ig_petition, near line: 519" in file: "common/scripted_effects/00_victoria_ip4_scripted_effects.txt" near line: 523
[09:25:09][pdx_persistent_reader.cpp:268]: Error: "Unknown trigger type: ig_counts_as_marginal, near line: 147" in file: "common/scripted_effects/00_victoria_adversarial_scripted_effects.txt" near line: 148
[09:25:09][pdx_persistent_reader.cpp:268]: Error: "Unknown trigger type: country_has_voting_franchise, near line: 2536" in file: "common/scripted_effects/00_victoria_ip4_scripted_effects.txt" near line: 2538
[09:25:09][pdx_persistent_reader.cpp:268]: Error: "Unknown trigger type: ruler_is_bonapartist, near line: 2211" in file: "common/scripted_effects/00_victoria_scripted_effects.txt" near line: 2212
[09:25:09][pdx_persistent_reader.cpp:268]: Error: "Unknown trigger type: ig_counts_as_marginal, near line: 164" in file: "common/scripted_effects/00_victoria_adversarial_scripted_effects.txt" near line: 165
[09:25:09][pdx_persistent_reader.cpp:268]: Error: "Unknown trigger type: je_danubian_federation_hungarian_button_visible, near line: 1184" in file: "common/scripted_effects/00_victoria_ip3_scripted_effects.txt" near line: 1189
[09:25:09][pdx_persistent_reader.cpp:268]: Error: "Unknown trigger type: ruler_is_orleanist, near line: 2560" in file: "common/scripted_effects/00_victoria_scripted_effects.txt" near line: 2561
[09:25:09][pdx_persistent_reader.cpp:268]: Error: "Unknown trigger type: je_danubian_federation_hungarian_button_visible, near line: 1196" in file: "common/scripted_effects/00_victoria_ip3_scripted_effects.txt" near line: 1201
[09:25:09][pdx_persistent_reader.cpp:268]: Error: "Unknown trigger type: has_gov_regency, near line: 1046" in file: "common/scripted_effects/00_victoria_ip4_scripted_effects.txt" near line: 1047
[09:25:09][pdx_persistent_reader.cpp:268]: Error: "Unknown trigger type: party_has_members, near line: 1692" in file: "common/scripted_effects/00_victoria_scripted_effects.txt" near line: 1694
[09:25:09][pdx_persistent_reader.cpp:268]: Error: "Unknown trigger type: je_danubian_federation_slovene_button_visible, near line: 1208" in file: "common/scripted_effects/00_victoria_ip3_scripted_effects.txt" near line: 1213
[09:25:09][pdx_persistent_reader.cpp:268]: Error: "Unknown trigger type: ruler_is_legitimist, near line: 2571" in file: "common/scripted_effects/00_victoria_scripted_effects.txt" near line: 2572
[09:25:09][pdx_persistent_reader.cpp:268]: Error: "Unknown trigger type: ig_counts_as_marginal, near line: 1252" in file: "common/scripted_effects/00_victoria_adversarial_scripted_effects.txt" near line: 1253
[09:25:09][pdx_persistent_reader.cpp:268]: Error: "Unknown trigger type: party_has_members, near line: 1723" in file: "common/scripted_effects/00_victoria_scripted_effects.txt" near line: 1725
[09:25:09][pdx_persistent_reader.cpp:268]: Error: "Unknown trigger type: character_has_miguelist_ideology, near line: 683" in file: "common/scripted_effects/00_victoria_royal_successions.txt" near line: 684
[09:25:09][pdx_persistent_reader.cpp:268]: Error: "Unknown trigger type: has_gov_regency, near line: 1111" in file: "common/scripted_effects/00_victoria_ip4_scripted_effects.txt" near line: 1112
[09:25:09][pdx_persistent_reader.cpp:268]: Error: "Unknown trigger type: country_has_voting_franchise, near line: 3196" in file: "common/scripted_effects/00_victoria_scripted_effects.txt" near line: 3198
[09:25:09][pdx_persistent_reader.cpp:268]: Error: "Unknown trigger type: has_gov_regency, near line: 1413" in file: "common/scripted_effects/00_victoria_ip4_scripted_effects.txt" near line: 1414
[09:25:09][pdx_persistent_reader.cpp:268]: Error: "Unknown trigger type: law_is_valid_for_ig_petition, near line: 532" in file: "common/scripted_effects/00_victoria_ip4_scripted_effects.txt" near line: 536
[09:25:09][pdx_persistent_reader.cpp:268]: Error: "Unknown trigger type: character_has_miguelist_ideology, near line: 690" in file: "common/scripted_effects/00_victoria_royal_successions.txt" near line: 691
[09:25:09][pdx_persistent_reader.cpp:268]: Error: "Unknown trigger type: ig_counts_as_marginal, near line: 3294" in file: "common/scripted_effects/00_victoria_scripted_effects.txt" near line: 3295
[09:25:09][pdx_persistent_reader.cpp:268]: Error: "Unknown trigger type: ig_counts_as_marginal, near line: 2516" in file: "common/scripted_effects/00_victoria_adversarial_scripted_effects.txt" near line: 2517
[09:25:09][pdx_persistent_reader.cpp:268]: Error: "Unknown trigger type: ruler_is_orleanist, near line: 2290" in file: "common/scripted_effects/00_victoria_scripted_effects.txt" near line: 2291
[09:25:09][pdx_persistent_reader.cpp:268]: Error: "Unknown trigger type: ig_counts_as_marginal, near line: 183" in file: "common/scripted_effects/00_victoria_adversarial_scripted_effects.txt" near line: 184
[09:25:09][pdx_persistent_reader.cpp:268]: Error: "Unknown trigger type: party_has_members, near line: 1757" in file: "common/scripted_effects/00_victoria_scripted_effects.txt" near line: 1759
[09:25:09][pdx_persistent_reader.cpp:268]: Error: "Unknown trigger type: pro_lobby_war_valid_check, near line: 3779" in file: "common/scripted_effects/00_victoria_scripted_effects.txt" near line: 3780
[09:25:09][jomini_script_system.cpp:247]: Script system error!
  Error: untyped trigger [ Unknwon trigger 'is_princely_state' ]
  Script location: common/scripted_lists/victoria_scripted_lists.txt:1

[09:25:09][pdx_persistent_reader.cpp:268]: Error: "Unknown trigger type: ideology_social_democrat_valid_trigger, near line: 323" in file: "common/scripted_effects/00_victoria_scripted_effects.txt" near line: 329
[09:25:09][pdx_persistent_reader.cpp:268]: Error: "Unknown trigger type: glorious_revolution_coup_trigger, near line: 552" in file: "common/scripted_effects/00_victoria_ip4_scripted_effects.txt" near line: 553
[09:25:09][pdx_persistent_reader.cpp:268]: Error: "Unknown trigger type: ig_counts_as_marginal, near line: 2535" in file: "common/scripted_effects/00_victoria_adversarial_scripted_effects.txt" near line: 2536
[09:25:09][jomini_script_system.cpp:247]: Script system error!
  Error: untyped trigger [ Unknwon trigger 'is_princely_state' ]
  Script location: common/scripted_lists/victoria_scripted_lists.txt:1

[09:25:09][pdx_persistent_reader.cpp:268]: Error: "Unknown trigger type: pro_lobby_leave_power_bloc_valid_check, near line: 3785" in file: "common/scripted_effects/00_victoria_scripted_effects.txt" near line: 3786
[09:25:09][pdx_persistent_reader.cpp:268]: Error: "Unknown trigger type: ig_counts_as_marginal, near line: 1284" in file: "common/scripted_effects/00_victoria_adversarial_scripted_effects.txt" near line: 1285
[09:25:09][pdx_persistent_reader.cpp:268]: Error: "Unknown trigger type: ruler_is_legitimist, near line: 2372" in file: "common/scripted_effects/00_victoria_scripted_effects.txt" near line: 2373
[09:25:09][pdx_persistent_reader.cpp:268]: Error: "Unknown trigger type: je_danubian_federation_croat_button_visible, near line: 1220" in file: "common/scripted_effects/00_victoria_ip3_scripted_effects.txt" near line: 1225
[09:25:09][pdx_persistent_reader.cpp:268]: Error: "Unknown trigger type: has_gov_regency, near line: 2145" in file: "common/scripted_effects/00_victoria_ip4_scripted_effects.txt" near line: 2146
[09:25:09][pdx_persistent_reader.cpp:268]: Error: "Unknown trigger type: has_gov_regency, near line: 1464" in file: "common/scripted_effects/00_victoria_ip4_scripted_effects.txt" near line: 1465
[09:25:09][pdx_persistent_reader.cpp:268]: Error: "Unknown trigger type: party_has_members, near line: 1792" in file: "common/scripted_effects/00_victoria_scripted_effects.txt" near line: 1794
[09:25:09][pdx_persistent_reader.cpp:268]: Error: "Unknown trigger type: ideology_communist_valid_trigger, near line: 347" in file: "common/scripted_effects/00_victoria_scripted_effects.txt" near line: 353
[09:25:09][pdx_persistent_reader.cpp:268]: Error: "Unknown trigger type: ig_counts_as_marginal, near line: 337" in file: "common/scripted_effects/00_victoria_adversarial_scripted_effects.txt" near line: 338
[09:25:09][pdx_persistent_reader.cpp:268]: Error: "Unknown trigger type: ig_counts_as_marginal, near line: 2549" in file: "common/scripted_effects/00_victoria_adversarial_scripted_effects.txt" near line: 2550
[09:25:09][pdx_persistent_reader.cpp:268]: Error: "Unknown trigger type: je_danubian_federation_romanian_button_visible, near line: 1232" in file: "common/scripted_effects/00_victoria_ip3_scripted_effects.txt" near line: 1237
[09:25:09][pdx_persistent_reader.cpp:268]: Error: "Unknown trigger type: has_gov_regency, near line: 1527" in file: "common/scripted_effects/00_victoria_ip4_scripted_effects.txt" near line: 1528
[09:25:09][pdx_persistent_reader.cpp:268]: Error: "Unknown trigger type: anti_lobby_war_valid_check, near line: 4001" in file: "common/scripted_effects/00_victoria_scripted_effects.txt" near line: 4002
[09:25:09][pdx_persistent_reader.cpp:268]: Error: "Unknown trigger type: ig_counts_as_marginal, near line: 1297" in file: "common/scripted_effects/00_victoria_adversarial_scripted_effects.txt" near line: 1298
[09:25:09][pdx_persistent_reader.cpp:268]: Error: "Unknown trigger type: ruler_is_bonapartist, near line: 2512" in file: "common/scripted_effects/00_victoria_scripted_effects.txt" near line: 2513
[09:25:09][pdx_persistent_reader.cpp:268]: Error: "Unknown trigger type: ideology_vanguardist_valid_trigger, near line: 403" in file: "common/scripted_effects/00_victoria_scripted_effects.txt" near line: 409
[09:25:09][pdx_persistent_reader.cpp:268]: Error: "Unknown trigger type: building_can_be_promised, near line: 391" in file: "common/scripted_effects/04_negotiation_scripted_effects.txt" near line: 392
[09:25:09][pdx_persistent_reader.cpp:268]: Error: "Unknown trigger type: anti_lobby_leave_power_bloc_valid_check, near line: 4007" in file: "common/scripted_effects/00_victoria_scripted_effects.txt" near line: 4008
[09:25:09][pdx_persistent_reader.cpp:268]: Error: "Unknown trigger type: can_propose_difficult_law, near line: 87" in file: "common/scripted_effects/04_negotiation_scripted_effects.txt" near line: 88
[09:25:09][pdx_persistent_reader.cpp:268]: Error: "Unknown trigger type: dynastic_coup_trigger, near line: 573" in file: "common/scripted_effects/00_victoria_ip4_scripted_effects.txt" near line: 574
[09:25:09][pdx_persistent_reader.cpp:268]: Error: "Unknown trigger type: je_danubian_federation_north_italian_button_visible, near line: 1244" in file: "common/scripted_effects/00_victoria_ip3_scripted_effects.txt" near line: 1249
[09:25:09][pdx_persistent_reader.cpp:268]: Error: "Unknown trigger type: party_has_members, near line: 1823" in file: "common/scripted_effects/00_victoria_scripted_effects.txt" near line: 1825
[09:25:09][pdx_persistent_reader.cpp:268]: Error: "Unknown trigger type: building_can_be_promised, near line: 405" in file: "common/scripted_effects/04_negotiation_scripted_effects.txt" near line: 406
[09:25:09][pdx_persistent_reader.cpp:268]: Error: "Unknown trigger type: ig_counts_as_marginal, near line: 414" in file: "common/scripted_effects/00_victoria_adversarial_scripted_effects.txt" near line: 415
[09:25:09][pdx_persistent_reader.cpp:268]: Error: "Unknown trigger type: ig_counts_as_marginal, near line: 2587" in file: "common/scripted_effects/00_victoria_adversarial_scripted_effects.txt" near line: 2588
[09:25:09][pdx_persistent_reader.cpp:268]: Error: "Unknown trigger type: ruler_is_orleanist, near line: 2523" in file: "common/scripted_effects/00_victoria_scripted_effects.txt" near line: 2524
[09:25:09][pdx_persistent_reader.cpp:268]: Error: "Unknown trigger type: has_gov_regency, near line: 1591" in file: "common/scripted_effects/00_victoria_ip4_scripted_effects.txt" near line: 1592
[09:25:09][pdx_persistent_reader.cpp:268]: Error: "Unknown trigger type: ruler_is_legitimist, near line: 2534" in file: "common/scripted_effects/00_victoria_scripted_effects.txt" near line: 2535
[09:25:09][pdx_persistent_reader.cpp:268]: Error: "Unknown trigger type: ig_counts_as_marginal, near line: 2603" in file: "common/scripted_effects/00_victoria_adversarial_scripted_effects.txt" near line: 2604
[09:25:09][pdx_persistent_reader.cpp:268]: Error: "Unknown trigger type: is_princely_state, near line: 2" in file: "common/scripted_lists/victoria_scripted_lists.txt" near line: 2
[09:25:09][pdx_persistent_reader.cpp:268]: Error: "Unknown trigger type: ig_counts_as_marginal, near line: 425" in file: "common/scripted_effects/00_victoria_adversarial_scripted_effects.txt" near line: 426
[09:25:09][pdx_persistent_reader.cpp:268]: Error: "Unknown trigger type: je_danubian_federation_serb_button_visible, near line: 1256" in file: "common/scripted_effects/00_victoria_ip3_scripted_effects.txt" near line: 1261
[09:25:09][pdx_persistent_reader.cpp:268]: Error: "Unknown trigger type: is_difficult_law, near line: 90
Unknown trigger type: neg_universal_law_checks, near line: 91" in file: "common/scripted_effects/04_negotiation_scripted_effects.txt" near line: 92
[09:25:09][pdx_persistent_reader.cpp:268]: Error: "Unknown trigger type: ig_counts_as_marginal, near line: 460" in file: "common/scripted_effects/00_victoria_adversarial_scripted_effects.txt" near line: 461
[09:25:09][jomini_script_system.cpp:247]: Script system error!
  Error: untyped trigger [ Unknwon trigger 'is_princely_state' ]
  Script location: common/scripted_lists/victoria_scripted_lists.txt:1

[09:25:09][pdx_persistent_reader.cpp:268]: Error: "Unknown trigger type: je_danubian_federation_ukrainian_button_visible, near line: 1268" in file: "common/scripted_effects/00_victoria_ip3_scripted_effects.txt" near line: 1273
[09:25:09][pdx_persistent_reader.cpp:268]: Error: "Unknown trigger type: state_is_homeland_of_indian_cultures, near line: 5076" in file: "common/scripted_effects/00_victoria_scripted_effects.txt" near line: 5077
[09:25:09][pdx_persistent_reader.cpp:268]: Error: "Unknown trigger type: is_princely_state, near line: 2" in file: "common/scripted_lists/victoria_scripted_lists.txt" near line: 2
[09:25:09][pdx_persistent_reader.cpp:268]: Error: "Unknown trigger type: can_propose_medium_law, near line: 96" in file: "common/scripted_effects/04_negotiation_scripted_effects.txt" near line: 97
[09:25:09][pdx_persistent_reader.cpp:268]: Error: "Unknown trigger type: building_can_be_promised, near line: 415" in file: "common/scripted_effects/04_negotiation_scripted_effects.txt" near line: 416
[09:25:09][pdx_persistent_reader.cpp:268]: Error: "Unknown trigger type: ideology_anarchist_valid_trigger, near line: 459" in file: "common/scripted_effects/00_victoria_scripted_effects.txt" near line: 465
[09:25:09][pdx_persistent_reader.cpp:268]: Error: "Unknown trigger type: is_medium_law, near line: 99
Unknown trigger type: neg_universal_law_checks, near line: 100" in file: "common/scripted_effects/04_negotiation_scripted_effects.txt" near line: 101
[09:25:09][pdx_persistent_reader.cpp:268]: Error: "Unknown trigger type: has_gov_regency, near line: 669" in file: "common/scripted_effects/00_victoria_ip4_scripted_effects.txt" near line: 670
[09:25:09][pdx_persistent_reader.cpp:268]: Error: "Unknown trigger type: ig_counts_as_marginal, near line: 473" in file: "common/scripted_effects/00_victoria_adversarial_scripted_effects.txt" near line: 474
[09:25:09][pdx_persistent_reader.cpp:268]: Error: "Unknown trigger type: ig_counts_as_marginal, near line: 1468" in file: "common/scripted_effects/00_victoria_adversarial_scripted_effects.txt" near line: 1469
[09:25:09][pdx_persistent_reader.cpp:268]: Error: "Unknown trigger type: is_princely_state, near line: 2" in file: "common/scripted_lists/victoria_scripted_lists.txt" near line: 2
[09:25:09][pdx_persistent_reader.cpp:268]: Error: "Unknown trigger type: building_can_be_promised, near line: 431" in file: "common/scripted_effects/04_negotiation_scripted_effects.txt" near line: 432
[09:25:09][pdx_persistent_reader.cpp:268]: Error: "Unknown trigger type: can_propose_easy_law, near line: 105" in file: "common/scripted_effects/04_negotiation_scripted_effects.txt" near line: 106
[09:25:09][jomini_script_system.cpp:247]: Script system error!
  Error: untyped trigger [ Unknwon trigger 'is_princely_state' ]
  Script location: common/scripted_lists/victoria_scripted_lists.txt:1

[09:25:09][pdx_persistent_reader.cpp:268]: Error: "Unknown trigger type: ideology_ethno_nationalist_valid_trigger, near line: 515" in file: "common/scripted_effects/00_victoria_scripted_effects.txt" near line: 521
[09:25:09][pdx_persistent_reader.cpp:268]: Error: "Unknown trigger type: is_easy_law, near line: 108
Unknown trigger type: neg_universal_law_checks, near line: 109" in file: "common/scripted_effects/04_negotiation_scripted_effects.txt" near line: 110
[09:25:09][pdx_persistent_reader.cpp:268]: Error: "Unknown trigger type: carlist_coup_trigger, near line: 683" in file: "common/scripted_effects/00_victoria_ip4_scripted_effects.txt" near line: 684
[09:25:09][pdx_persistent_reader.cpp:268]: Error: "Unknown trigger type: ig_counts_as_marginal, near line: 1507" in file: "common/scripted_effects/00_victoria_adversarial_scripted_effects.txt" near line: 1508
[09:25:09][pdx_persistent_reader.cpp:268]: Error: "Unknown trigger type: ig_counts_as_marginal, near line: 505" in file: "common/scripted_effects/00_victoria_adversarial_scripted_effects.txt" near line: 506
[09:25:09][pdx_persistent_reader.cpp:268]: Error: "Unknown trigger type: is_princely_state, near line: 2" in file: "common/scripted_lists/victoria_scripted_lists.txt" near line: 2
[09:25:09][pdx_persistent_reader.cpp:268]: Error: "Unknown trigger type: country_has_voting_franchise, near line: 688" in file: "common/scripted_effects/00_victoria_ip4_scripted_effects.txt" near line: 689
[09:25:09][pdx_persistent_reader.cpp:268]: Error: "Unknown trigger type: ig_counts_as_marginal, near line: 519" in file: "common/scripted_effects/00_victoria_adversarial_scripted_effects.txt" near line: 520
[09:25:09][pdx_persistent_reader.cpp:268]: Error: "Unknown trigger type: building_can_be_promised, near line: 449" in file: "common/scripted_effects/04_negotiation_scripted_effects.txt" near line: 450
[09:25:09][pdx_persistent_reader.cpp:268]: Error: "Unknown trigger type: ideology_nihilist_valid_trigger, near line: 610" in file: "common/scripted_effects/00_victoria_scripted_effects.txt" near line: 617
[09:25:09][pdx_persistent_reader.cpp:268]: Error: "Unknown trigger type: isabelline_coup_trigger, near line: 695" in file: "common/scripted_effects/00_victoria_ip4_scripted_effects.txt" near line: 696
[09:25:09][pdx_persistent_reader.cpp:268]: Error: "Unknown trigger type: ig_counts_as_marginal, near line: 1527" in file: "common/scripted_effects/00_victoria_adversarial_scripted_effects.txt" near line: 1528
[09:25:09][pdx_persistent_reader.cpp:268]: Error: "Unknown trigger type: amendment_banned_from_enactment, near line: 152
Unknown trigger type: amendment_is_valid_for_promise_quest_degree, near line: 153
Unknown trigger type: amendment_is_generic, near line: 155" in file: "common/scripted_effects/04_negotiation_scripted_effects.txt" near line: 159
[09:25:09][pdx_persistent_reader.cpp:268]: Error: "Unknown trigger type: ideology_radical_valid_trigger, near line: 651" in file: "common/scripted_effects/00_victoria_scripted_effects.txt" near line: 657
[09:25:09][pdx_persistent_reader.cpp:268]: Error: "Unknown trigger type: miguelist_coup_trigger, near line: 701" in file: "common/scripted_effects/00_victoria_ip4_scripted_effects.txt" near line: 702
[09:25:09][pdx_persistent_reader.cpp:268]: Error: "Unknown trigger type: country_has_voting_franchise, near line: 706" in file: "common/scripted_effects/00_victoria_ip4_scripted_effects.txt" near line: 707
[09:25:09][pdx_persistent_reader.cpp:268]: Error: "Unknown trigger type: amendment_banned_from_enactment, near line: 168
Unknown trigger type: amendment_is_valid_for_promise_quest_degree, near line: 169
Unknown trigger type: amendment_is_generic, near line: 171" in file: "common/scripted_effects/04_negotiation_scripted_effects.txt" near line: 175
[09:25:09][pdx_persistent_reader.cpp:268]: Error: "Unknown trigger type: ideology_fascist_valid_trigger, near line: 699" in file: "common/scripted_effects/00_victoria_scripted_effects.txt" near line: 706
[09:25:09][pdx_persistent_reader.cpp:268]: Error: "Unknown trigger type: constitutional_portugal_coup_trigger, near line: 713" in file: "common/scripted_effects/00_victoria_ip4_scripted_effects.txt" near line: 714
[09:25:09][pdx_persistent_reader.cpp:268]: Error: "Unknown trigger type: building_can_be_promised, near line: 461" in file: "common/scripted_effects/04_negotiation_scripted_effects.txt" near line: 462
[09:25:09][pdx_persistent_reader.cpp:268]: Error: "Unknown trigger type: ig_counts_as_marginal, near line: 565" in file: "common/scripted_effects/00_victoria_adversarial_scripted_effects.txt" near line: 566
[09:25:09][pdx_persistent_reader.cpp:268]: Error: "Unknown trigger type: ig_counts_as_marginal, near line: 49
Unknown trigger type: supports_law, near line: 50" in file: "common/scripted_effects/04_neg_event_options_scripted_effects.txt" near line: 51
[09:25:09][pdx_persistent_reader.cpp:268]: Error: "Unknown trigger type: amendment_banned_from_enactment, near line: 187
Unknown trigger type: amendment_is_valid_for_promise_quest_degree, near line: 188" in file: "common/scripted_effects/04_negotiation_scripted_effects.txt" near line: 193
[09:25:09][pdx_persistent_reader.cpp:268]: Error: "Unknown trigger type: ig_counts_as_marginal, near line: 1582" in file: "common/scripted_effects/00_victoria_adversarial_scripted_effects.txt" near line: 1583
[09:25:09][pdx_persistent_reader.cpp:268]: Error: "Unknown trigger type: orleanist_coup_trigger, near line: 719" in file: "common/scripted_effects/00_victoria_ip4_scripted_effects.txt" near line: 720
[09:25:09][pdx_persistent_reader.cpp:268]: Error: "Unknown trigger type: ideology_market_liberal_valid_trigger, near line: 767" in file: "common/scripted_effects/00_victoria_scripted_effects.txt" near line: 773
[09:25:09][pdx_persistent_reader.cpp:268]: Error: "Unknown trigger type: building_can_be_promised, near line: 472" in file: "common/scripted_effects/04_negotiation_scripted_effects.txt" near line: 473
[09:25:09][pdx_persistent_reader.cpp:268]: Error: "Unknown trigger type: ig_counts_as_marginal, near line: 60
Unknown trigger type: supports_law, near line: 61" in file: "common/scripted_effects/04_neg_event_options_scripted_effects.txt" near line: 62
[09:25:09][pdx_persistent_reader.cpp:268]: Error: "Unknown trigger type: ig_counts_as_marginal, near line: 614" in file: "common/scripted_effects/00_victoria_adversarial_scripted_effects.txt" near line: 615
[09:25:09][pdx_persistent_reader.cpp:268]: Error: "Unknown trigger type: ig_counts_as_marginal, near line: 1602" in file: "common/scripted_effects/00_victoria_adversarial_scripted_effects.txt" near line: 1603
[09:25:09][pdx_persistent_reader.cpp:268]: Error: "Unknown trigger type: has_enough_arable_land, near line: 228" in file: "common/scripted_effects/04_negotiation_scripted_effects.txt" near line: 229
[09:25:09][pdx_persistent_reader.cpp:268]: Error: "Unknown trigger type: ideology_luddite_valid_trigger, near line: 819" in file: "common/scripted_effects/00_victoria_scripted_effects.txt" near line: 826
[09:25:09][pdx_persistent_reader.cpp:268]: Error: "Unknown trigger type: bonapartist_coup_trigger, near line: 725" in file: "common/scripted_effects/00_victoria_ip4_scripted_effects.txt" near line: 726
[09:25:09][pdx_persistent_reader.cpp:268]: Error: "Unknown trigger type: neg_option_2_trigger, near line: 125" in file: "common/scripted_effects/04_neg_event_options_scripted_effects.txt" near line: 126
[09:25:09][pdx_persistent_reader.cpp:268]: Error: "Unknown trigger type: building_group_can_be_promised, near line: 245" in file: "common/scripted_effects/04_negotiation_scripted_effects.txt" near line: 246
[09:25:09][pdx_persistent_reader.cpp:268]: Error: "Unknown trigger type: ig_counts_as_marginal, near line: 654" in file: "common/scripted_effects/00_victoria_adversarial_scripted_effects.txt" near line: 655
[09:25:09][pdx_persistent_reader.cpp:268]: Error: "Unknown trigger type: neg_option_3_trigger, near line: 134" in file: "common/scripted_effects/04_neg_event_options_scripted_effects.txt" near line: 135
[09:25:09][pdx_persistent_reader.cpp:268]: Error: "Unknown trigger type: legitimist_coup_trigger, near line: 731" in file: "common/scripted_effects/00_victoria_ip4_scripted_effects.txt" near line: 732
[09:25:09][pdx_persistent_reader.cpp:268]: Error: "Unknown trigger type: building_group_can_be_promised, near line: 264" in file: "common/scripted_effects/04_negotiation_scripted_effects.txt" near line: 265
[09:25:09][pdx_persistent_reader.cpp:268]: Error: "Unknown trigger type: country_has_voting_franchise, near line: 736" in file: "common/scripted_effects/00_victoria_ip4_scripted_effects.txt" near line: 737
[09:25:09][pdx_persistent_reader.cpp:268]: Error: "Unknown trigger type: neg_option_4_trigger, near line: 144" in file: "common/scripted_effects/04_neg_event_options_scripted_effects.txt" near line: 145
[09:25:09][pdx_persistent_reader.cpp:268]: Error: "Unknown trigger type: ig_counts_as_marginal, near line: 708" in file: "common/scripted_effects/00_victoria_adversarial_scripted_effects.txt" near line: 709
[09:25:09][pdx_persistent_reader.cpp:268]: Error: "Unknown trigger type: building_can_be_promised, near line: 509" in file: "common/scripted_effects/04_negotiation_scripted_effects.txt" near line: 510
[09:25:09][pdx_persistent_reader.cpp:268]: Error: "Unknown trigger type: ig_counts_as_marginal, near line: 1676" in file: "common/scripted_effects/00_victoria_adversarial_scripted_effects.txt" near line: 1677
[09:25:09][pdx_persistent_reader.cpp:268]: Error: "Unknown trigger type: building_group_can_be_promised, near line: 282" in file: "common/scripted_effects/04_negotiation_scripted_effects.txt" near line: 283
[09:25:09][pdx_persistent_reader.cpp:268]: Error: "Unknown trigger type: neg_option_5_trigger, near line: 154" in file: "common/scripted_effects/04_neg_event_options_scripted_effects.txt" near line: 155
[09:25:09][pdx_persistent_reader.cpp:268]: Error: "Unknown trigger type: ig_counts_as_marginal, near line: 728" in file: "common/scripted_effects/00_victoria_adversarial_scripted_effects.txt" near line: 729
[09:25:09][pdx_persistent_reader.cpp:268]: Error: "Unknown trigger type: ideology_feminist_valid_trigger, near line: 909" in file: "common/scripted_effects/00_victoria_scripted_effects.txt" near line: 915
[09:25:09][pdx_persistent_reader.cpp:268]: Error: "Unknown trigger type: ig_counts_as_marginal, near line: 1702" in file: "common/scripted_effects/00_victoria_adversarial_scripted_effects.txt" near line: 1703
[09:25:09][pdx_persistent_reader.cpp:268]: Error: "Unknown trigger type: ideology_humanitarian_valid_trigger, near line: 933" in file: "common/scripted_effects/00_victoria_scripted_effects.txt" near line: 941
[09:25:09][pdx_persistent_reader.cpp:268]: Error: "Unknown trigger type: ig_counts_as_marginal, near line: 757" in file: "common/scripted_effects/00_victoria_adversarial_scripted_effects.txt" near line: 758
[09:25:09][pdx_persistent_reader.cpp:268]: Error: "Unknown trigger type: building_can_be_promised, near line: 549" in file: "common/scripted_effects/04_negotiation_scripted_effects.txt" near line: 550
[09:25:09][pdx_persistent_reader.cpp:268]: Error: "Unknown trigger type: neg_option_6_trigger, near line: 164" in file: "common/scripted_effects/04_neg_event_options_scripted_effects.txt" near line: 165
[09:25:09][pdx_persistent_reader.cpp:268]: Error: "Unknown trigger type: ideology_traditionalist_valid_trigger, near line: 960" in file: "common/scripted_effects/00_victoria_scripted_effects.txt" near line: 964
[09:25:09][pdx_persistent_reader.cpp:268]: Error: "Unknown trigger type: ig_counts_as_marginal, near line: 777" in file: "common/scripted_effects/00_victoria_adversarial_scripted_effects.txt" near line: 778
[09:25:09][pdx_persistent_reader.cpp:268]: Error: "Unknown trigger type: building_group_can_be_promised, near line: 300" in file: "common/scripted_effects/04_negotiation_scripted_effects.txt" near line: 301
[09:25:09][pdx_persistent_reader.cpp:268]: Error: "Unknown trigger type: building_can_be_promised, near line: 569" in file: "common/scripted_effects/04_negotiation_scripted_effects.txt" near line: 570
[09:25:09][pdx_persistent_reader.cpp:268]: Error: "Unknown trigger type: neg_option_7_trigger, near line: 174" in file: "common/scripted_effects/04_neg_event_options_scripted_effects.txt" near line: 175
[09:25:09][pdx_persistent_reader.cpp:268]: Error: "Unknown trigger type: ig_counts_as_marginal, near line: 1715" in file: "common/scripted_effects/00_victoria_adversarial_scripted_effects.txt" near line: 1716
[09:25:09][pdx_persistent_reader.cpp:268]: Error: "Unknown trigger type: building_can_be_promised, near line: 588" in file: "common/scripted_effects/04_negotiation_scripted_effects.txt" near line: 589
[09:25:09][pdx_persistent_reader.cpp:268]: Error: "Unknown trigger type: ig_counts_as_marginal, near line: 818" in file: "common/scripted_effects/00_victoria_adversarial_scripted_effects.txt" near line: 819
[09:25:09][pdx_persistent_reader.cpp:268]: Error: "Unknown trigger type: building_group_can_be_promised, near line: 318" in file: "common/scripted_effects/04_negotiation_scripted_effects.txt" near line: 319
[09:25:09][pdx_persistent_reader.cpp:268]: Error: "Unknown trigger type: building_can_be_promised, near line: 599" in file: "common/scripted_effects/04_negotiation_scripted_effects.txt" near line: 600
[09:25:09][pdx_persistent_reader.cpp:268]: Error: "Unknown trigger type: neg_option_8_trigger, near line: 187" in file: "common/scripted_effects/04_neg_event_options_scripted_effects.txt" near line: 188
[09:25:09][pdx_persistent_reader.cpp:268]: Error: "Unknown trigger type: ideology_republican_leader_valid_trigger, near line: 1041" in file: "common/scripted_effects/00_victoria_scripted_effects.txt" near line: 1045
[09:25:09][pdx_persistent_reader.cpp:268]: Error: "Unknown trigger type: ig_counts_as_marginal, near line: 1781" in file: "common/scripted_effects/00_victoria_adversarial_scripted_effects.txt" near line: 1782
[09:25:09][pdx_persistent_reader.cpp:268]: Error: "Unknown trigger type: neg_option_9_trigger, near line: 197" in file: "common/scripted_effects/04_neg_event_options_scripted_effects.txt" near line: 198
[09:25:09][pdx_persistent_reader.cpp:268]: Error: "Unknown trigger type: building_can_be_promised, near line: 610" in file: "common/scripted_effects/04_negotiation_scripted_effects.txt" near line: 611
[09:25:09][pdx_persistent_reader.cpp:268]: Error: "Unknown trigger type: ig_counts_as_marginal, near line: 856" in file: "common/scripted_effects/00_victoria_adversarial_scripted_effects.txt" near line: 857
[09:25:09][pdx_persistent_reader.cpp:268]: Error: "Unknown trigger type: building_group_can_be_promised, near line: 329" in file: "common/scripted_effects/04_negotiation_scripted_effects.txt" near line: 330
[09:25:09][pdx_persistent_reader.cpp:268]: Error: "Unknown trigger type: ideology_abolitionist_valid_trigger, near line: 1103" in file: "common/scripted_effects/00_victoria_scripted_effects.txt" near line: 1108
[09:25:09][pdx_persistent_reader.cpp:268]: Error: "Unknown trigger type: ig_counts_as_marginal, near line: 876" in file: "common/scripted_effects/00_victoria_adversarial_scripted_effects.txt" near line: 877
[09:25:09][pdx_persistent_reader.cpp:268]: Error: "Unknown trigger type: ig_counts_as_marginal, near line: 1815" in file: "common/scripted_effects/00_victoria_adversarial_scripted_effects.txt" near line: 1816
[09:25:09][pdx_persistent_reader.cpp:268]: Error: "Unknown trigger type: neg_option_2_trigger, near line: 232" in file: "common/scripted_effects/04_neg_event_options_scripted_effects.txt" near line: 233
[09:25:09][pdx_persistent_reader.cpp:268]: Error: "Unknown trigger type: building_can_be_promised, near line: 621" in file: "common/scripted_effects/04_negotiation_scripted_effects.txt" near line: 622
[09:25:09][pdx_persistent_reader.cpp:268]: Error: "Unknown trigger type: ideology_positivist_valid_trigger, near line: 1160" in file: "common/scripted_effects/00_victoria_scripted_effects.txt" near line: 1165
[09:25:09][pdx_persistent_reader.cpp:268]: Error: "Unknown trigger type: ig_counts_as_marginal, near line: 930" in file: "common/scripted_effects/00_victoria_adversarial_scripted_effects.txt" near line: 931
[09:25:09][pdx_persistent_reader.cpp:268]: Error: "Unknown trigger type: ig_counts_as_marginal, near line: 1878" in file: "common/scripted_effects/00_victoria_adversarial_scripted_effects.txt" near line: 1879
[09:25:09][pdx_persistent_reader.cpp:268]: Error: "Unknown trigger type: ig_counts_as_marginal, near line: 943" in file: "common/scripted_effects/00_victoria_adversarial_scripted_effects.txt" near line: 944
[09:25:09][pdx_persistent_reader.cpp:268]: Error: "Unknown trigger type: country_has_voting_franchise, near line: 1174" in file: "common/scripted_effects/00_victoria_scripted_effects.txt" near line: 1175
[09:25:09][pdx_persistent_reader.cpp:268]: Error: "Unknown trigger type: building_can_be_promised, near line: 643" in file: "common/scripted_effects/04_negotiation_scripted_effects.txt" near line: 644
[09:25:09][pdx_persistent_reader.cpp:268]: Error: "Unknown trigger type: neg_option_3_trigger, near line: 244" in file: "common/scripted_effects/04_neg_event_options_scripted_effects.txt" near line: 245
[09:25:09][pdx_persistent_reader.cpp:268]: Error: "Unknown trigger type: ig_counts_as_marginal, near line: 1915" in file: "common/scripted_effects/00_victoria_adversarial_scripted_effects.txt" near line: 1916
[09:25:09][pdx_persistent_reader.cpp:268]: Error: "Unknown trigger type: ig_counts_as_marginal, near line: 976" in file: "common/scripted_effects/00_victoria_adversarial_scripted_effects.txt" near line: 977
[09:25:09][pdx_persistent_reader.cpp:268]: Error: "Unknown trigger type: ig_counts_as_marginal, near line: 989" in file: "common/scripted_effects/00_victoria_adversarial_scripted_effects.txt" near line: 990
[09:25:09][pdx_persistent_reader.cpp:268]: Error: "Unknown trigger type: neg_option_4_trigger, near line: 257" in file: "common/scripted_effects/04_neg_event_options_scripted_effects.txt" near line: 258
[09:25:09][pdx_persistent_reader.cpp:268]: Error: "Unknown trigger type: ig_counts_as_marginal, near line: 1928" in file: "common/scripted_effects/00_victoria_adversarial_scripted_effects.txt" near line: 1929
[09:25:09][pdx_persistent_reader.cpp:268]: Error: "Unknown trigger type: ideology_humanitarian_royalist_valid_trigger, near line: 1200" in file: "common/scripted_effects/00_victoria_scripted_effects.txt" near line: 1208
[09:25:09][pdx_persistent_reader.cpp:268]: Error: "Unknown trigger type: building_can_be_promised, near line: 657" in file: "common/scripted_effects/04_negotiation_scripted_effects.txt" near line: 658
[09:25:09][pdx_persistent_reader.cpp:268]: Error: "Unknown trigger type: ig_counts_as_marginal, near line: 1017" in file: "common/scripted_effects/00_victoria_adversarial_scripted_effects.txt" near line: 1018
[09:25:09][pdx_persistent_reader.cpp:268]: Error: "Unknown trigger type: neg_option_5_trigger, near line: 270" in file: "common/scripted_effects/04_neg_event_options_scripted_effects.txt" near line: 271
[09:25:09][pdx_persistent_reader.cpp:268]: Error: "Unknown trigger type: ideology_corporatist_leader_valid_trigger, near line: 1227" in file: "common/scripted_effects/00_victoria_scripted_effects.txt" near line: 1234
[09:25:09][pdx_persistent_reader.cpp:268]: Error: "Unknown trigger type: ig_counts_as_marginal, near line: 1956" in file: "common/scripted_effects/00_victoria_adversarial_scripted_effects.txt" near line: 1957
[09:25:09][pdx_persistent_reader.cpp:268]: Error: "Unknown trigger type: neg_option_6_trigger, near line: 283" in file: "common/scripted_effects/04_neg_event_options_scripted_effects.txt" near line: 284
[09:25:09][pdx_persistent_reader.cpp:268]: Error: "Unknown trigger type: ig_counts_as_marginal, near line: 1030" in file: "common/scripted_effects/00_victoria_adversarial_scripted_effects.txt" near line: 1031
[09:25:09][pdx_persistent_reader.cpp:268]: Error: "Unknown trigger type: ideology_liberal_leader_valid_trigger, near line: 1255" in file: "common/scripted_effects/00_victoria_scripted_effects.txt" near line: 1262
[09:25:09][pdx_persistent_reader.cpp:268]: Error: "Unknown trigger type: country_has_voting_franchise, near line: 1271" in file: "common/scripted_effects/00_victoria_scripted_effects.txt" near line: 1272
[09:25:09][pdx_persistent_reader.cpp:268]: Error: "Unknown trigger type: ideology_land_reformer_valid_trigger, near line: 1281" in file: "common/scripted_effects/00_victoria_scripted_effects.txt" near line: 1288
[09:25:09][pdx_persistent_reader.cpp:268]: Error: "Unknown trigger type: neg_option_7_trigger, near line: 296" in file: "common/scripted_effects/04_neg_event_options_scripted_effects.txt" near line: 297
[09:25:09][pdx_persistent_reader.cpp:268]: Error: "Unknown trigger type: neg_option_8_trigger, near line: 312" in file: "common/scripted_effects/04_neg_event_options_scripted_effects.txt" near line: 313
[09:25:09][pdx_persistent_reader.cpp:268]: Error: "Unknown trigger type: ig_counts_as_marginal, near line: 2024" in file: "common/scripted_effects/00_victoria_adversarial_scripted_effects.txt" near line: 2025
[09:25:09][pdx_persistent_reader.cpp:268]: Error: "Unknown trigger type: ideology_utilitarian_leader_valid_trigger, near line: 1323" in file: "common/scripted_effects/00_victoria_scripted_effects.txt" near line: 1326
[09:25:09][pdx_persistent_reader.cpp:268]: Error: "Unknown trigger type: neg_option_9_trigger, near line: 325" in file: "common/scripted_effects/04_neg_event_options_scripted_effects.txt" near line: 326
[09:25:09][pdx_persistent_reader.cpp:268]: Error: "Unknown trigger type: ig_counts_as_marginal, near line: 2035" in file: "common/scripted_effects/00_victoria_adversarial_scripted_effects.txt" near line: 2036
[09:25:09][pdx_persistent_reader.cpp:268]: Error: "Unknown trigger type: neg_option_2_trigger, near line: 362" in file: "common/scripted_effects/04_neg_event_options_scripted_effects.txt" near line: 363
[09:25:09][pdx_persistent_reader.cpp:268]: Error: "Unknown trigger type: ig_counts_as_marginal, near line: 2057" in file: "common/scripted_effects/00_victoria_adversarial_scripted_effects.txt" near line: 2058
[09:25:09][pdx_persistent_reader.cpp:268]: Error: "Unknown trigger type: has_socialist_ideology, near line: 1446" in file: "common/scripted_effects/00_victoria_scripted_effects.txt" near line: 1447
[09:25:09][pdx_persistent_reader.cpp:268]: Error: "Unknown trigger type: neg_option_3_trigger, near line: 375" in file: "common/scripted_effects/04_neg_event_options_scripted_effects.txt" near line: 376
[09:25:09][pdx_persistent_reader.cpp:268]: Error: "Unknown trigger type: ig_counts_as_marginal, near line: 2070" in file: "common/scripted_effects/00_victoria_adversarial_scripted_effects.txt" near line: 2071
[09:25:09][pdx_persistent_reader.cpp:268]: Error: "Unknown trigger type: has_socialist_ideology, near line: 1451" in file: "common/scripted_effects/00_victoria_scripted_effects.txt" near line: 1452
[09:25:09][pdx_persistent_reader.cpp:268]: Error: "Unknown trigger type: neg_option_4_trigger, near line: 389" in file: "common/scripted_effects/04_neg_event_options_scripted_effects.txt" near line: 390
[09:25:09][pdx_persistent_reader.cpp:268]: Error: "Unknown trigger type: has_socialist_ideology, near line: 1460" in file: "common/scripted_effects/00_victoria_scripted_effects.txt" near line: 1461
[09:25:09][pdx_persistent_reader.cpp:268]: Error: "Unknown trigger type: ig_counts_as_marginal, near line: 2100" in file: "common/scripted_effects/00_victoria_adversarial_scripted_effects.txt" near line: 2101
[09:25:09][pdx_persistent_reader.cpp:268]: Error: "Unknown trigger type: neg_option_5_trigger, near line: 403" in file: "common/scripted_effects/04_neg_event_options_scripted_effects.txt" near line: 404
[09:25:09][pdx_persistent_reader.cpp:268]: Error: "Unknown trigger type: has_progressive_ideology, near line: 1470" in file: "common/scripted_effects/00_victoria_scripted_effects.txt" near line: 1471
[09:25:09][pdx_persistent_reader.cpp:268]: Error: "Unknown trigger type: ig_counts_as_marginal, near line: 2115" in file: "common/scripted_effects/00_victoria_adversarial_scripted_effects.txt" near line: 2116
[09:25:09][pdx_persistent_reader.cpp:268]: Error: "Unknown trigger type: neg_option_6_trigger, near line: 417" in file: "common/scripted_effects/04_neg_event_options_scripted_effects.txt" near line: 418
[09:25:09][pdx_persistent_reader.cpp:268]: Error: "Unknown trigger type: has_progressive_ideology, near line: 1475" in file: "common/scripted_effects/00_victoria_scripted_effects.txt" near line: 1476
[09:25:09][pdx_persistent_reader.cpp:268]: Error: "Unknown trigger type: has_progressive_ideology, near line: 1484" in file: "common/scripted_effects/00_victoria_scripted_effects.txt" near line: 1485
[09:25:09][pdx_persistent_reader.cpp:268]: Error: "Unknown trigger type: neg_option_7_trigger, near line: 431" in file: "common/scripted_effects/04_neg_event_options_scripted_effects.txt" near line: 432
[09:25:09][pdx_persistent_reader.cpp:268]: Error: "Unknown trigger type: has_liberal_ideology, near line: 1494" in file: "common/scripted_effects/00_victoria_scripted_effects.txt" near line: 1495
[09:25:09][pdx_persistent_reader.cpp:268]: Error: "Unknown trigger type: neg_option_8_trigger, near line: 448" in file: "common/scripted_effects/04_neg_event_options_scripted_effects.txt" near line: 449
[09:25:09][pdx_persistent_reader.cpp:268]: Error: "Unknown trigger type: ig_counts_as_marginal, near line: 2162" in file: "common/scripted_effects/00_victoria_adversarial_scripted_effects.txt" near line: 2163
[09:25:09][pdx_persistent_reader.cpp:268]: Error: "Unknown trigger type: has_liberal_ideology, near line: 1499" in file: "common/scripted_effects/00_victoria_scripted_effects.txt" near line: 1500
[09:25:09][pdx_persistent_reader.cpp:268]: Error: "Unknown trigger type: neg_option_9_trigger, near line: 462" in file: "common/scripted_effects/04_neg_event_options_scripted_effects.txt" near line: 463
[09:25:09][pdx_persistent_reader.cpp:268]: Error: "Unknown trigger type: ig_counts_as_marginal, near line: 2176" in file: "common/scripted_effects/00_victoria_adversarial_scripted_effects.txt" near line: 2177
[09:25:09][pdx_persistent_reader.cpp:268]: Error: "Unknown trigger type: has_liberal_ideology, near line: 1508" in file: "common/scripted_effects/00_victoria_scripted_effects.txt" near line: 1509
[09:25:09][pdx_persistent_reader.cpp:268]: Error: "Unknown trigger type: has_reactionary_ideology, near line: 1518" in file: "common/scripted_effects/00_victoria_scripted_effects.txt" near line: 1519
[09:25:09][pdx_persistent_reader.cpp:268]: Error: "Unknown trigger type: ig_counts_as_marginal, near line: 2210" in file: "common/scripted_effects/00_victoria_adversarial_scripted_effects.txt" near line: 2211
[09:25:09][pdx_persistent_reader.cpp:268]: Error: "Unknown trigger type: has_reactionary_ideology, near line: 1523" in file: "common/scripted_effects/00_victoria_scripted_effects.txt" near line: 1524
[09:25:09][pdx_persistent_reader.cpp:268]: Error: "Unknown trigger type: ig_counts_as_marginal, near line: 2224" in file: "common/scripted_effects/00_victoria_adversarial_scripted_effects.txt" near line: 2225
[09:25:09][pdx_persistent_reader.cpp:268]: Error: "Unknown trigger type: has_reactionary_ideology, near line: 1532" in file: "common/scripted_effects/00_victoria_scripted_effects.txt" near line: 1533
[09:25:09][pdx_persistent_reader.cpp:268]: Error: "Unknown trigger type: ig_counts_as_marginal, near line: 2257" in file: "common/scripted_effects/00_victoria_adversarial_scripted_effects.txt" near line: 2258
[09:25:09][pdx_persistent_reader.cpp:268]: Error: "Unknown trigger type: has_conservative_ideology, near line: 1542" in file: "common/scripted_effects/00_victoria_scripted_effects.txt" near line: 1543
[09:25:09][pdx_persistent_reader.cpp:268]: Error: "Unknown trigger type: has_conservative_ideology, near line: 1547" in file: "common/scripted_effects/00_victoria_scripted_effects.txt" near line: 1548
[09:25:09][pdx_persistent_reader.cpp:268]: Error: "Unknown trigger type: ig_counts_as_marginal, near line: 2270" in file: "common/scripted_effects/00_victoria_adversarial_scripted_effects.txt" near line: 2271
[09:25:09][pdx_persistent_reader.cpp:268]: Error: "Unknown trigger type: has_conservative_ideology, near line: 1556" in file: "common/scripted_effects/00_victoria_scripted_effects.txt" near line: 1557
[09:25:09][pdx_persistent_reader.cpp:268]: Error: "Unknown trigger type: party_has_members, near line: 1566" in file: "common/scripted_effects/00_victoria_scripted_effects.txt" near line: 1567
[09:25:09][pdx_persistent_reader.cpp:268]: Error: "Unknown trigger type: party_has_members, near line: 1581" in file: "common/scripted_effects/00_victoria_scripted_effects.txt" near line: 1583
[09:25:09][state_region_template.cpp:328]: Duplicate resources with the same type (金鉱山) in state region (北米2)
[09:25:09][state_region_template.cpp:328]: Duplicate resources with the same type (金鉱山) in state region (パルン)
[09:25:09][state_region_template.cpp:328]: Duplicate resources with the same type (金鉱山) in state region (コーサル)
[09:25:09][state_region_template.cpp:328]: Duplicate resources with the same type (金鉱山) in state region (東欧78)
[09:25:09][state_region_template.cpp:328]: Duplicate resources with the same type (金鉱山) in state region (バイゼル)
[09:25:09][state_region_template.cpp:328]: Duplicate resources with the same type (金鉱山) in state region (北米51)
[09:25:09][state_region_template.cpp:328]: Duplicate resources with the same type (金鉱山) in state region (南レフリア東島)
[09:25:09][state_region_template.cpp:328]: Duplicate resources with the same type (金鉱山) in state region (西亜3)
[09:25:09][state_region_template.cpp:328]: Duplicate resources with the same type (金鉱山) in state region (豪34)
[09:25:09][state_region_template.cpp:328]: Duplicate resources with the same type (金鉱山) in state region (豪40)
[09:25:09][state_region_template.cpp:328]: Duplicate resources with the same type (金鉱山) in state region (豪36)
[09:25:09][state_region_template.cpp:328]: Duplicate resources with the same type (金鉱山) in state region (豪31)
[09:25:09][state_region_template.cpp:328]: Duplicate resources with the same type (金鉱山) in state region (北阿4)
[09:25:09][state_region_template.cpp:328]: Duplicate resources with the same type (金鉱山) in state region (東欧76)
[09:25:09][state_region_template.cpp:328]: Duplicate resources with the same type (金鉱山) in state region (西亜24)
[09:25:09][state_region_template.cpp:328]: Duplicate resources with the same type (金鉱山) in state region (西亜68)
[09:25:09][state_region_template.cpp:328]: Duplicate resources with the same type (金鉱山) in state region (東亜7)
[09:25:09][state_region_template.cpp:328]: Duplicate resources with the same type (金鉱山) in state region (東亜2)
[09:25:09][state_region_template.cpp:328]: Duplicate resources with the same type (金鉱山) in state region (東亜5)
[09:25:09][pdx_persistent_reader.cpp:268]: Error: "Unknown trigger type: has_ep2_soundtrack_dlc_trigger, near line: 10" in file: "music/dlc_ep2_music.txt" near line: 10
[09:25:09][pdx_persistent_reader.cpp:268]: Error: "Unknown trigger type: has_ep2_soundtrack_dlc_trigger, near line: 20" in file: "music/dlc_ep2_music.txt" near line: 20
[09:25:09][pdx_persistent_reader.cpp:268]: Error: "Unknown trigger type: has_ep2_soundtrack_dlc_trigger, near line: 30" in file: "music/dlc_ep2_music.txt" near line: 30
[09:25:09][pdx_persistent_reader.cpp:268]: Error: "Unknown trigger type: has_ep2_soundtrack_dlc_trigger, near line: 40" in file: "music/dlc_ep2_music.txt" near line: 40
[09:25:09][pdx_persistent_reader.cpp:268]: Error: "Unknown trigger type: has_ep2_soundtrack_dlc_trigger, near line: 50" in file: "music/dlc_ep2_music.txt" near line: 50
[09:25:09][pdx_persistent_reader.cpp:268]: Error: "Unknown trigger type: has_ep2_soundtrack_dlc_trigger, near line: 60" in file: "music/dlc_ep2_music.txt" near line: 60
[09:25:09][pdx_persistent_reader.cpp:268]: Error: "Unknown trigger type: has_ep2_soundtrack_dlc_trigger, near line: 70" in file: "music/dlc_ep2_music.txt" near line: 70
[09:25:09][pdx_persistent_reader.cpp:268]: Error: "Unknown trigger type: has_ep2_soundtrack_dlc_trigger, near line: 80" in file: "music/dlc_ep2_music.txt" near line: 80
[09:25:09][pdx_persistent_reader.cpp:268]: Error: "Unknown trigger type: has_mp1_soundtrack_dlc_trigger, near line: 11" in file: "music/dlc_mp1_music.txt" near line: 11
[09:25:09][pdx_persistent_reader.cpp:268]: Error: "Unknown trigger type: has_mp1_soundtrack_dlc_trigger, near line: 21" in file: "music/dlc_mp1_music.txt" near line: 21
[09:25:09][pdx_persistent_reader.cpp:268]: Error: "Unknown trigger type: has_mp1_soundtrack_dlc_trigger, near line: 31" in file: "music/dlc_mp1_music.txt" near line: 31
[09:25:09][pdx_persistent_reader.cpp:268]: Error: "Unknown trigger type: has_mp1_soundtrack_dlc_trigger, near line: 41" in file: "music/dlc_mp1_music.txt" near line: 41
[09:25:09][pdx_persistent_reader.cpp:268]: Error: "Unknown trigger type: has_mp1_soundtrack_dlc_trigger, near line: 51" in file: "music/dlc_mp1_music.txt" near line: 51
[09:25:09][pdx_persistent_reader.cpp:268]: Error: "Unknown trigger type: has_mp1_soundtrack_dlc_trigger, near line: 61" in file: "music/dlc_mp1_music.txt" near line: 61
[09:25:09][pdx_persistent_reader.cpp:268]: Error: "Unknown trigger type: has_mp1_soundtrack_dlc_trigger, near line: 71" in file: "music/dlc_mp1_music.txt" near line: 71
[09:25:09][pdx_persistent_reader.cpp:268]: Error: "Unknown trigger type: has_mp1_soundtrack_dlc_trigger, near line: 81" in file: "music/dlc_mp1_music.txt" near line: 81
[09:25:09][pdx_persistent_reader.cpp:268]: Error: "Unknown trigger type: has_mp1_soundtrack_dlc_trigger, near line: 91" in file: "music/dlc_mp1_music.txt" near line: 91
[09:25:09][pdx_persistent_reader.cpp:268]: Error: "Unknown trigger type: has_mp1_soundtrack_dlc_trigger, near line: 101" in file: "music/dlc_mp1_music.txt" near line: 101
[09:25:09][pdx_persistent_reader.cpp:268]: Error: "Unknown trigger type: has_mp1_soundtrack_dlc_trigger, near line: 111" in file: "music/dlc_mp1_music.txt" near line: 111
[09:25:09][pdx_persistent_reader.cpp:268]: Error: "Unknown trigger type: has_mp1_soundtrack_dlc_trigger, near line: 121" in file: "music/dlc_mp1_music.txt" near line: 121
[09:25:09][pdx_persistent_reader.cpp:268]: Error: "Unknown trigger type: has_mp1_soundtrack_dlc_trigger, near line: 131" in file: "music/dlc_mp1_music.txt" near line: 131
[09:25:09][pdx_persistent_reader.cpp:268]: Error: "Unknown trigger type: has_mp2_soundtrack_dlc_trigger, near line: 10" in file: "music/dlc_mp2_music.txt" near line: 10
[09:25:09][pdx_persistent_reader.cpp:268]: Error: "Unknown trigger type: has_mp2_soundtrack_dlc_trigger, near line: 20" in file: "music/dlc_mp2_music.txt" near line: 20
[09:25:09][pdx_persistent_reader.cpp:268]: Error: "Unknown trigger type: has_mp2_soundtrack_dlc_trigger, near line: 30" in file: "music/dlc_mp2_music.txt" near line: 30
[09:25:09][pdx_persistent_reader.cpp:268]: Error: "Unknown trigger type: has_mp2_soundtrack_dlc_trigger, near line: 40" in file: "music/dlc_mp2_music.txt" near line: 40
[09:25:09][pdx_persistent_reader.cpp:268]: Error: "Unknown trigger type: has_mp2_soundtrack_dlc_trigger, near line: 50" in file: "music/dlc_mp2_music.txt" near line: 50
[09:25:09][pdx_persistent_reader.cpp:268]: Error: "Unknown trigger type: has_mp2_soundtrack_dlc_trigger, near line: 60" in file: "music/dlc_mp2_music.txt" near line: 60
[09:25:09][pdx_persistent_reader.cpp:268]: Error: "Unknown trigger type: has_mp2_soundtrack_dlc_trigger, near line: 70" in file: "music/dlc_mp2_music.txt" near line: 70
[09:25:09][pdx_persistent_reader.cpp:268]: Error: "Unknown trigger type: has_mp2_soundtrack_dlc_trigger, near line: 80" in file: "music/dlc_mp2_music.txt" near line: 80
[09:25:09][pdx_persistent_reader.cpp:268]: Error: "Unknown trigger type: has_mp2_soundtrack_dlc_trigger, near line: 90" in file: "music/dlc_mp2_music.txt" near line: 90
[09:25:09][pdx_persistent_reader.cpp:268]: Error: "Unknown trigger type: has_mp2_soundtrack_dlc_trigger, near line: 100" in file: "music/dlc_mp2_music.txt" near line: 100
[09:25:09][pdx_persistent_reader.cpp:268]: Error: "Unknown trigger type: has_mp2_soundtrack_dlc_trigger, near line: 110" in file: "music/dlc_mp2_music.txt" near line: 110
[09:25:09][pdx_persistent_reader.cpp:268]: Error: "Unknown trigger type: has_v2_soundtrack_dlc_trigger, near line: 19" in file: "music/preorder_music.txt" near line: 19
[09:25:09][pdx_persistent_reader.cpp:268]: Error: "Unknown trigger type: has_v2_soundtrack_dlc_trigger, near line: 29" in file: "music/preorder_music.txt" near line: 29
[09:25:09][pdx_persistent_reader.cpp:268]: Error: "Unknown trigger type: has_v2_soundtrack_dlc_trigger, near line: 39" in file: "music/preorder_music.txt" near line: 39
[09:25:09][pdx_persistent_reader.cpp:268]: Error: "Unknown trigger type: has_v2_soundtrack_dlc_trigger, near line: 49" in file: "music/preorder_music.txt" near line: 49
[09:25:09][pdx_persistent_reader.cpp:268]: Error: "Unknown trigger type: has_v2_soundtrack_dlc_trigger, near line: 59" in file: "music/preorder_music.txt" near line: 59
[09:25:09][pdx_persistent_reader.cpp:268]: Error: "Unknown trigger type: has_v2_soundtrack_dlc_trigger, near line: 69" in file: "music/preorder_music.txt" near line: 69
[09:25:09][pdx_persistent_reader.cpp:268]: Error: "Unknown trigger type: has_v2_soundtrack_dlc_trigger, near line: 79" in file: "music/preorder_music.txt" near line: 79
[09:25:09][pdx_persistent_reader.cpp:268]: Error: "Unknown trigger type: has_v2_soundtrack_dlc_trigger, near line: 89" in file: "music/preorder_music.txt" near line: 89
[09:25:09][pdx_persistent_reader.cpp:268]: Error: "Unknown trigger type: has_v2_soundtrack_dlc_trigger, near line: 99" in file: "music/preorder_music.txt" near line: 99
[09:25:09][pdx_persistent_reader.cpp:268]: Error: "Unknown trigger type: has_v2_soundtrack_dlc_trigger, near line: 109" in file: "music/preorder_music.txt" near line: 109
[09:25:09][pdx_persistent_reader.cpp:268]: Error: "Unknown trigger type: has_v2_soundtrack_dlc_trigger, near line: 119" in file: "music/preorder_music.txt" near line: 119
[09:25:09][pdx_persistent_reader.cpp:268]: Error: "Unknown trigger type: has_v2_soundtrack_dlc_trigger, near line: 129" in file: "music/preorder_music.txt" near line: 129
[09:25:09][pdx_persistent_reader.cpp:268]: Error: "Unknown trigger type: has_v2_soundtrack_dlc_trigger, near line: 139" in file: "music/preorder_music.txt" near line: 139
[09:25:09][pdx_persistent_reader.cpp:268]: Error: "Unknown trigger type: has_v2_soundtrack_dlc_trigger, near line: 149" in file: "music/preorder_music.txt" near line: 149
[09:25:09][pdx_persistent_reader.cpp:268]: Error: "Unknown trigger type: has_v2_soundtrack_dlc_trigger, near line: 159" in file: "music/preorder_music.txt" near line: 159
[09:25:09][pdx_persistent_reader.cpp:268]: Error: "Unknown trigger type: has_v2_soundtrack_dlc_trigger, near line: 169" in file: "music/preorder_music.txt" near line: 169
[09:25:09][pdx_persistent_reader.cpp:268]: Error: "Unknown trigger type: has_v2_soundtrack_dlc_trigger, near line: 179" in file: "music/preorder_music.txt" near line: 179
[09:25:09][jomini_mapobject_database.cpp:916]: could not find entity [env_rough_water]. gfx/map/map_object_data/env_effects.txt:79
[09:25:09][jomini_mapobject_database.cpp:894]: could not find pdxmesh object with key [bottom_extension_mesh]. gfx/map/map_object_data/papermap_items.txt:7
[09:25:09][jomini_mapobject_database.cpp:894]: could not find pdxmesh object with key [line_horizontal_mesh]. gfx/map/map_object_data/papermap_items.txt:28
[09:25:09][jomini_mapobject_database.cpp:894]: could not find pdxmesh object with key [line_equator_mesh]. gfx/map/map_object_data/papermap_items.txt:46
[09:25:09][jomini_mapobject_database.cpp:894]: could not find pdxmesh object with key [paper_map_cigarbox_01_mesh]. gfx/map/map_object_data/papermap_items.txt:56
[09:25:09][jomini_mapobject_database.cpp:894]: could not find pdxmesh object with key [paper_map_inkspots_01_mesh]. gfx/map/map_object_data/papermap_items.txt:66
[09:25:09][jomini_mapobject_database.cpp:894]: could not find pdxmesh object with key [paper_map_inkspots_01_mesh]. gfx/map/map_object_data/papermap_items.txt:76
[09:25:09][jomini_mapobject_database.cpp:894]: could not find pdxmesh object with key [paper_map_object_compass_mesh]. gfx/map/map_object_data/papermap_items.txt:86
[09:25:09][jomini_mapobject_database.cpp:894]: could not find pdxmesh object with key [paper_map_object_divider_mesh]. gfx/map/map_object_data/papermap_items.txt:96
[09:25:09][jomini_mapobject_database.cpp:894]: could not find pdxmesh object with key [paper_map_object_fountain_pen_mesh]. gfx/map/map_object_data/papermap_items.txt:106
[09:25:09][jomini_mapobject_database.cpp:894]: could not find pdxmesh object with key [paper_map_sealed_stamp_letter_01_mesh]. gfx/map/map_object_data/papermap_items.txt:116
[09:25:09][jomini_mapobject_database.cpp:894]: could not find pdxmesh object with key [paper_map_table_bottom_mesh]. gfx/map/map_object_data/papermap_items.txt:126
[09:25:09][jomini_mapobject_database.cpp:894]: could not find pdxmesh object with key [paper_map_table_top_mesh]. gfx/map/map_object_data/papermap_items.txt:136
[09:25:09][jomini_mapobject_database.cpp:894]: could not find pdxmesh object with key [top_extension_mesh]. gfx/map/map_object_data/papermap_items.txt:159
[09:25:09][jomini_mapobject_database.cpp:894]: could not find pdxmesh object with key [line_vertical_mesh]. gfx/map/map_object_data/papermap_items.txt:168
[09:25:09][jomini_mapobject_database.cpp:894]: could not find pdxmesh object with key [african_province_farm_01_mesh]. gfx/map/map_object_data/generated/african_dynamic_farmland_objects_generator_1.txt:7
[09:25:09][jomini_mapobject_database.cpp:894]: could not find pdxmesh object with key [african_province_farm_01_mesh]. gfx/map/map_object_data/generated/african_dynamic_farmland_objects_generator_1.txt:16
[09:25:09][jomini_mapobject_database.cpp:894]: could not find pdxmesh object with key [african_province_subfarm_01_mesh]. gfx/map/map_object_data/generated/african_dynamic_farmland_objects_generator_1.txt:25
[09:25:09][jomini_mapobject_database.cpp:894]: could not find pdxmesh object with key [african_province_subfarm_02_mesh]. gfx/map/map_object_data/generated/african_dynamic_farmland_objects_generator_1.txt:34
[09:25:09][jomini_mapobject_database.cpp:388]: Could not add object with key [edgeofworld_papermap]. Key is already used. gfx/map/map_object_data/papermap_edge.txt:11
[09:25:09][jomini_mapobject_database.cpp:894]: could not find pdxmesh object with key [african_forestry_camp_01_mesh]. gfx/map/map_object_data/generated/african_dynamic_forestry_objects_generator_1.txt:7
[09:25:09][jomini_mapobject_database.cpp:388]: Could not add object with key [papermap_endofworld]. Key is already used. gfx/map/map_object_data/papermap_edge.txt:24
[09:25:09][jomini_mapobject_database.cpp:894]: could not find pdxmesh object with key [african_forestry_camp_02_mesh]. gfx/map/map_object_data/generated/african_dynamic_forestry_objects_generator_1.txt:16
[09:25:09][jomini_mapobject_database.cpp:894]: could not find pdxmesh object with key [arabic_province_farm_01_mesh]. gfx/map/map_object_data/generated/arabic_dynamic_farmland_objects_generator_1.txt:7
[09:25:09][jomini_mapobject_database.cpp:894]: could not find pdxmesh object with key [arabic_province_subfarm_01_mesh]. gfx/map/map_object_data/generated/arabic_dynamic_farmland_objects_generator_1.txt:16
[09:25:09][jomini_mapobject_database.cpp:894]: could not find pdxmesh object with key [arabic_province_subfarm_02_mesh]. gfx/map/map_object_data/generated/arabic_dynamic_farmland_objects_generator_1.txt:25
[09:25:09][jomini_mapobject_database.cpp:894]: could not find pdxmesh object with key [asian_province_farm_01_mesh]. gfx/map/map_object_data/generated/asian_dynamic_farmland_objects_generator_1.txt:7
[09:25:09][jomini_mapobject_database.cpp:894]: could not find pdxmesh object with key [asian_province_farm_02_mesh]. gfx/map/map_object_data/generated/asian_dynamic_farmland_objects_generator_1.txt:16
[09:25:09][jomini_mapobject_database.cpp:894]: could not find pdxmesh object with key [arabic_forestry_camp_01_mesh]. gfx/map/map_object_data/generated/arabic_dynamic_forestry_objects_generator_1.txt:7
[09:25:09][jomini_mapobject_database.cpp:894]: could not find pdxmesh object with key [arabic_forestry_camp_02_mesh]. gfx/map/map_object_data/generated/arabic_dynamic_forestry_objects_generator_1.txt:16
[09:25:09][jomini_mapobject_database.cpp:894]: could not find pdxmesh object with key [latin_province_farm_01_mesh]. gfx/map/map_object_data/generated/latin_dynamic_farmland_objects_generator_1.txt:7
[09:25:09][jomini_mapobject_database.cpp:894]: could not find pdxmesh object with key [latin_province_subfarm_01_mesh]. gfx/map/map_object_data/generated/latin_dynamic_farmland_objects_generator_1.txt:16
[09:25:09][jomini_mapobject_database.cpp:894]: could not find pdxmesh object with key [latin_province_subfarm_02_mesh]. gfx/map/map_object_data/generated/latin_dynamic_farmland_objects_generator_1.txt:25
[09:25:09][jomini_mapobject_database.cpp:894]: could not find pdxmesh object with key [european_province_subfarm_01_mesh]. gfx/map/map_object_data/generated/european_dynamic_farmland_objects_generator_1.txt:369
[09:25:09][jomini_mapobject_database.cpp:894]: could not find pdxmesh object with key [latin_forestry_camp_01_mesh]. gfx/map/map_object_data/generated/latin_dynamic_forestry_objects_generator_1.txt:7
[09:25:09][jomini_mapobject_database.cpp:894]: could not find pdxmesh object with key [latin_forestry_camp_02_mesh]. gfx/map/map_object_data/generated/latin_dynamic_forestry_objects_generator_1.txt:16
[09:25:09][jomini_mapobject_database.cpp:894]: could not find pdxmesh object with key [european_province_subfarm_02_mesh]. gfx/map/map_object_data/generated/european_dynamic_farmland_objects_generator_1.txt:549
[09:25:09][jomini_mapobject_database.cpp:1297]: map object "revolution_mapobject_generator_petty_bourgeoisie_2" has an invalid layer "revolution_dynamic_petty_bourgeoisie". gfx/map/map_object_data/generated/revolution_mapobject_generator_petty_bourgeoisie.txt
[09:25:09][jomini_mapobject_database.cpp:1297]: map object "revolution_mapobject_generator_intelligentsia_2" has an invalid layer "revolution_dynamic_intelligentsia". gfx/map/map_object_data/generated/revolution_mapobject_generator_intelligentsia.txt
[09:25:09][jomini_mapobject_database.cpp:1297]: map object "revolution_mapobject_generator_rural_folk_0" has an invalid layer "revolution_dynamic_rural_folk". gfx/map/map_object_data/generated/revolution_mapobject_generator_rural_folk.txt
[09:25:09][jomini_mapobject_database.cpp:1297]: map object "revolution_mapobject_generator_landowners_1" has an invalid layer "revolution_dynamic_landowners". gfx/map/map_object_data/generated/revolution_mapobject_generator_landowners.txt
[09:25:09][jomini_mapobject_database.cpp:1297]: map object "revolution_mapobject_generator_trade_unions_1" has an invalid layer "revolution_dynamic_trade_unions". gfx/map/map_object_data/generated/revolution_mapobject_generator_trade_unions.txt
[09:25:09][jomini_mapobject_database.cpp:1297]: map object "revolution_mapobject_generator_intelligentsia_1" has an invalid layer "revolution_dynamic_intelligentsia". gfx/map/map_object_data/generated/revolution_mapobject_generator_intelligentsia.txt
[09:25:09][jomini_mapobject_database.cpp:1297]: map object "revolution_mapobject_generator_landowners_2" has an invalid layer "revolution_dynamic_landowners". gfx/map/map_object_data/generated/revolution_mapobject_generator_landowners.txt
[09:25:09][jomini_mapobject_database.cpp:1297]: map object "revolution_mapobject_generator_armed_forces_1" has an invalid layer "revolution_dynamic_armed_forces". gfx/map/map_object_data/generated/revolution_mapobject_generator_armed_forces.txt
[09:25:09][jomini_mapobject_database.cpp:1297]: map object "revolution_mapobject_generator_armed_forces_0" has an invalid layer "revolution_dynamic_armed_forces". gfx/map/map_object_data/generated/revolution_mapobject_generator_armed_forces.txt
[09:25:09][jomini_mapobject_database.cpp:1297]: map object "revolution_mapobject_generator_rural_folk_2" has an invalid layer "revolution_dynamic_rural_folk". gfx/map/map_object_data/generated/revolution_mapobject_generator_rural_folk.txt
[09:25:09][jomini_mapobject_database.cpp:1297]: map object "revolution_mapobject_generator_petty_bourgeoisie_0" has an invalid layer "revolution_dynamic_petty_bourgeoisie". gfx/map/map_object_data/generated/revolution_mapobject_generator_petty_bourgeoisie.txt
[09:25:09][jomini_mapobject_database.cpp:1297]: map object "revolution_mapobject_generator_landowners_0" has an invalid layer "revolution_dynamic_landowners". gfx/map/map_object_data/generated/revolution_mapobject_generator_landowners.txt
[09:25:09][jomini_mapobject_database.cpp:1297]: map object "revolution_mapobject_generator_industrialists_1" has an invalid layer "revolution_dynamic_industrialists". gfx/map/map_object_data/generated/revolution_mapobject_generator_industrialists.txt
[09:25:09][jomini_mapobject_database.cpp:1297]: map object "revolution_mapobject_generator_intelligentsia_0" has an invalid layer "revolution_dynamic_intelligentsia". gfx/map/map_object_data/generated/revolution_mapobject_generator_intelligentsia.txt
[09:25:09][jomini_mapobject_database.cpp:1297]: map object "revolution_mapobject_generator_devout_2" has an invalid layer "revolution_dynamic_devout". gfx/map/map_object_data/generated/revolution_mapobject_generator_devout.txt
[09:25:09][jomini_mapobject_database.cpp:1297]: map object "revolution_mapobject_generator_devout_1" has an invalid layer "revolution_dynamic_devout". gfx/map/map_object_data/generated/revolution_mapobject_generator_devout.txt
[09:25:09][jomini_mapobject_database.cpp:1297]: map object "revolution_mapobject_generator_trade_unions_0" has an invalid layer "revolution_dynamic_trade_unions". gfx/map/map_object_data/generated/revolution_mapobject_generator_trade_unions.txt
[09:25:09][jomini_mapobject_database.cpp:1297]: map object "revolution_mapobject_generator_trade_unions_2" has an invalid layer "revolution_dynamic_trade_unions". gfx/map/map_object_data/generated/revolution_mapobject_generator_trade_unions.txt
[09:25:09][jomini_mapobject_database.cpp:1297]: map object "revolution_mapobject_generator_petty_bourgeoisie_1" has an invalid layer "revolution_dynamic_petty_bourgeoisie". gfx/map/map_object_data/generated/revolution_mapobject_generator_petty_bourgeoisie.txt
[09:25:09][jomini_mapobject_database.cpp:1297]: map object "revolution_mapobject_generator_armed_forces_2" has an invalid layer "revolution_dynamic_armed_forces". gfx/map/map_object_data/generated/revolution_mapobject_generator_armed_forces.txt
[09:25:09][jomini_mapobject_database.cpp:1297]: map object "revolution_mapobject_generator_industrialists_2" has an invalid layer "revolution_dynamic_industrialists". gfx/map/map_object_data/generated/revolution_mapobject_generator_industrialists.txt
[09:25:09][jomini_mapobject_database.cpp:1297]: map object "revolution_mapobject_generator_rural_folk_1" has an invalid layer "revolution_dynamic_rural_folk". gfx/map/map_object_data/generated/revolution_mapobject_generator_rural_folk.txt
[09:25:09][jomini_mapobject_database.cpp:1297]: map object "revolution_mapobject_generator_devout_0" has an invalid layer "revolution_dynamic_devout". gfx/map/map_object_data/generated/revolution_mapobject_generator_devout.txt
[09:25:09][jomini_mapobject_database.cpp:1297]: map object "revolution_mapobject_generator_industrialists_0" has an invalid layer "revolution_dynamic_industrialists". gfx/map/map_object_data/generated/revolution_mapobject_generator_industrialists.txt
[09:25:09][pdx_persistent_reader.cpp:268]: Error: "Unknown trigger type: coa_def_cross_trigger, near line: 70" in file: "common/coat_of_arms/template_lists/coa_templates.txt" near line: 71
[09:25:09][pdx_persistent_reader.cpp:268]: Error: "Unknown trigger type: coa_def_crescent_trigger, near line: 86
Unknown trigger type: coa_def_buddhist_trigger, near line: 87" in file: "common/coat_of_arms/template_lists/coa_templates.txt" near line: 89
[09:25:09][pdx_persistent_reader.cpp:268]: Error: "Unknown trigger type: coa_def_african_trigger, near line: 100" in file: "common/coat_of_arms/template_lists/coa_templates.txt" near line: 101
[09:25:09][pdx_persistent_reader.cpp:268]: Error: "Unknown trigger type: coa_def_west_african_trigger, near line: 110" in file: "common/coat_of_arms/template_lists/coa_templates.txt" near line: 111
[09:25:09][pdx_persistent_reader.cpp:268]: Error: "Unknown trigger type: coa_def_monarchy_flag_trigger, near line: 156" in file: "common/coat_of_arms/template_lists/coa_templates.txt" near line: 157
[09:25:09][pdx_persistent_reader.cpp:268]: Error: "Unknown trigger type: coa_republic_trigger, near line: 165" in file: "common/coat_of_arms/template_lists/coa_templates.txt" near line: 166
[09:25:09][pdx_persistent_reader.cpp:268]: Error: "Unknown trigger type: coa_def_italian_trigger, near line: 181
Unknown trigger type: coa_def_iberian_trigger, near line: 182" in file: "common/coat_of_arms/template_lists/coa_templates.txt" near line: 183
[09:25:09][pdx_persistent_reader.cpp:268]: Error: "Unknown trigger type: coa_def_native_american_trigger, near line: 202" in file: "common/coat_of_arms/template_lists/coa_templates.txt" near line: 203
[09:25:09][pdx_persistent_reader.cpp:268]: Error: "Unknown trigger type: coa_def_fascist_flag_trigger, near line: 313" in file: "common/coat_of_arms/template_lists/coa_templates.txt" near line: 314
[09:25:09][pdx_persistent_reader.cpp:268]: Error: "Unknown trigger type: coa_def_hispanic_american_trigger, near line: 386" in file: "common/coat_of_arms/template_lists/coa_templates.txt" near line: 387
[09:25:09][pdx_persistent_reader.cpp:268]: Error: "Unknown trigger type: coa_def_native_american_trigger, near line: 398" in file: "common/coat_of_arms/template_lists/coa_templates.txt" near line: 399
[09:25:09][pdx_persistent_reader.cpp:268]: Error: "Unknown trigger type: coa_def_african_trigger, near line: 14" in file: "common/coat_of_arms/template_lists/color_lists.txt" near line: 15
[09:25:09][pdx_persistent_reader.cpp:268]: Error: "Unknown trigger type: coa_def_oceanic_trigger, near line: 23" in file: "common/coat_of_arms/template_lists/color_lists.txt" near line: 24
[09:25:09][pdx_persistent_reader.cpp:268]: Error: "Unknown trigger type: coa_def_african_trigger, near line: 38" in file: "common/coat_of_arms/template_lists/color_lists.txt" near line: 39
[09:25:09][pdx_persistent_reader.cpp:268]: Error: "Unknown trigger type: coa_def_native_american_trigger, near line: 45" in file: "common/coat_of_arms/template_lists/color_lists.txt" near line: 46
[09:25:09][pdx_persistent_reader.cpp:268]: Error: "Unknown trigger type: coa_def_oceanic_trigger, near line: 120" in file: "common/coat_of_arms/template_lists/color_lists.txt" near line: 121
[09:25:09][pdx_persistent_reader.cpp:268]: Error: "Unknown trigger type: coa_def_african_trigger, near line: 126" in file: "common/coat_of_arms/template_lists/color_lists.txt" near line: 127
[09:25:09][pdx_persistent_reader.cpp:268]: Error: "Unknown trigger type: coa_def_native_american_trigger, near line: 133" in file: "common/coat_of_arms/template_lists/color_lists.txt" near line: 134
[09:25:09][pdx_persistent_reader.cpp:268]: Error: "Unknown trigger type: coa_def_crescent_trigger, near line: 139" in file: "common/coat_of_arms/template_lists/color_lists.txt" near line: 140
[09:25:09][pdx_persistent_reader.cpp:268]: Error: "Unknown trigger type: coa_def_cross_trigger, near line: 23" in file: "common/coat_of_arms/template_lists/colored_emblem_lists.txt" near line: 24
[09:25:09][pdx_persistent_reader.cpp:268]: Error: "Unknown trigger type: coa_def_cross_trigger, near line: 31
Unknown trigger type: coa_def_theocracy_flag_trigger, near line: 32" in file: "common/coat_of_arms/template_lists/colored_emblem_lists.txt" near line: 33
[09:25:09][pdx_persistent_reader.cpp:268]: Error: "Unknown trigger type: coa_def_native_american_trigger, near line: 46" in file: "common/coat_of_arms/template_lists/colored_emblem_lists.txt" near line: 47
[09:25:09][pdx_persistent_reader.cpp:268]: Error: "Unknown trigger type: coa_def_crescent_trigger, near line: 99" in file: "common/coat_of_arms/template_lists/colored_emblem_lists.txt" near line: 100
[09:25:09][pdx_persistent_reader.cpp:268]: Error: "Unknown trigger type: coa_def_buddhist_trigger, near line: 199" in file: "common/coat_of_arms/template_lists/colored_emblem_lists.txt" near line: 200
[09:25:09][pdx_persistent_reader.cpp:268]: Error: "Unknown trigger type: coa_def_buddhist_trigger, near line: 240
Unknown trigger type: coa_def_crescent_trigger, near line: 241" in file: "common/coat_of_arms/template_lists/colored_emblem_lists.txt" near line: 242
[09:25:09][pdx_persistent_reader.cpp:268]: Error: "Unknown trigger type: coa_def_communist_flag_trigger, near line: 310" in file: "common/coat_of_arms/template_lists/colored_emblem_lists.txt" near line: 311
[09:25:09][pdx_persistent_reader.cpp:268]: Error: "Unknown trigger type: coa_def_russian_ensign_trigger, near line: 324" in file: "common/coat_of_arms/template_lists/colored_emblem_lists.txt" near line: 325
[09:25:09][pdx_persistent_reader.cpp:268]: Error: "Unknown trigger type: coa_def_monarchy_flag_trigger, near line: 332" in file: "common/coat_of_arms/template_lists/colored_emblem_lists.txt" near line: 335
[09:25:09][pdx_persistent_reader.cpp:268]: Error: "Unknown trigger type: coa_def_oceanic_trigger, near line: 344" in file: "common/coat_of_arms/template_lists/colored_emblem_lists.txt" near line: 345
[09:25:09][pdx_persistent_reader.cpp:268]: Error: "Unknown trigger type: coa_def_african_trigger, near line: 366
Unknown trigger type: coa_def_crescent_trigger, near line: 367
Unknown trigger type: coa_def_cross_trigger, near line: 368" in file: "common/coat_of_arms/template_lists/colored_emblem_lists.txt" near line: 369
[09:25:09][pdx_persistent_reader.cpp:268]: Error: "Unknown trigger type: coa_def_german_trigger, near line: 423" in file: "common/coat_of_arms/template_lists/colored_emblem_lists.txt" near line: 424
[09:25:09][pdx_persistent_reader.cpp:268]: Error: "Unknown trigger type: coa_def_turkic_trigger, near line: 430" in file: "common/coat_of_arms/template_lists/colored_emblem_lists.txt" near line: 431
[09:25:09][pdx_persistent_reader.cpp:268]: Error: "Unknown trigger type: coa_def_cross_trigger, near line: 465" in file: "common/coat_of_arms/template_lists/colored_emblem_lists.txt" near line: 466
[09:25:09][pdx_persistent_reader.cpp:268]: Error: "Unknown trigger type: coa_def_cross_trigger, near line: 473
Unknown trigger type: coa_def_italian_trigger, near line: 474" in file: "common/coat_of_arms/template_lists/colored_emblem_lists.txt" near line: 475
[09:25:09][pdx_persistent_reader.cpp:268]: Error: "Unknown trigger type: coa_def_cross_trigger, near line: 480
Unknown trigger type: coa_def_hispanic_american_trigger, near line: 481" in file: "common/coat_of_arms/template_lists/colored_emblem_lists.txt" near line: 482
[09:25:09][pdx_persistent_reader.cpp:268]: Error: "Unknown trigger type: coa_def_nordic_cross_trigger, near line: 493" in file: "common/coat_of_arms/template_lists/colored_emblem_lists.txt" near line: 494
[09:25:09][pdx_persistent_reader.cpp:268]: Error: "Unknown trigger type: coa_def_african_trigger, near line: 502" in file: "common/coat_of_arms/template_lists/colored_emblem_lists.txt" near line: 503
[09:25:09][pdx_persistent_reader.cpp:268]: Error: "Unknown trigger type: coa_def_crescent_trigger, near line: 520" in file: "common/coat_of_arms/template_lists/colored_emblem_lists.txt" near line: 521
[09:25:09][pdx_persistent_reader.cpp:268]: Error: "Unknown trigger type: coa_def_native_american_trigger, near line: 528" in file: "common/coat_of_arms/template_lists/colored_emblem_lists.txt" near line: 529
[09:25:09][pdx_persistent_reader.cpp:268]: Error: "Unknown trigger type: coa_def_oceanic_trigger, near line: 534" in file: "common/coat_of_arms/template_lists/colored_emblem_lists.txt" near line: 535
[09:25:09][pdx_persistent_reader.cpp:268]: Error: "Unknown trigger type: coa_def_german_trigger, near line: 598" in file: "common/coat_of_arms/template_lists/colored_emblem_lists.txt" near line: 599
[09:25:09][pdx_persistent_reader.cpp:268]: Error: "Unknown trigger type: coa_def_german_trigger, near line: 613" in file: "common/coat_of_arms/template_lists/colored_emblem_lists.txt" near line: 614
[09:25:09][pdx_persistent_reader.cpp:268]: Error: "Unknown trigger type: coa_def_cross_trigger, near line: 643" in file: "common/coat_of_arms/template_lists/colored_emblem_lists.txt" near line: 644
[09:25:09][pdx_persistent_reader.cpp:268]: Error: "Unknown trigger type: coa_def_buddhist_trigger, near line: 675" in file: "common/coat_of_arms/template_lists/colored_emblem_lists.txt" near line: 676
[09:25:09][pdx_persistent_reader.cpp:268]: Error: "Unknown trigger type: coa_def_crescent_trigger, near line: 682" in file: "common/coat_of_arms/template_lists/colored_emblem_lists.txt" near line: 683
[09:25:09][pdx_persistent_reader.cpp:268]: Error: "Unknown trigger type: coa_def_crescent_trigger, near line: 693
Unknown trigger type: coa_def_theocracy_flag_trigger, near line: 694" in file: "common/coat_of_arms/template_lists/colored_emblem_lists.txt" near line: 695
[09:25:09][pdx_persistent_reader.cpp:268]: Error: "Unknown trigger type: coa_def_native_american_trigger, near line: 706" in file: "common/coat_of_arms/template_lists/colored_emblem_lists.txt" near line: 707
[09:25:09][pdx_persistent_reader.cpp:268]: Error: "Unknown trigger type: coa_def_native_american_trigger, near line: 719" in file: "common/coat_of_arms/template_lists/colored_emblem_lists.txt" near line: 720
[09:25:09][pdx_persistent_reader.cpp:268]: Error: "Unknown trigger type: coa_def_cross_trigger, near line: 770" in file: "common/coat_of_arms/template_lists/colored_emblem_lists.txt" near line: 771
[09:25:09][pdx_persistent_reader.cpp:268]: Error: "Unknown trigger type: coa_def_native_american_trigger, near line: 776" in file: "common/coat_of_arms/template_lists/colored_emblem_lists.txt" near line: 777
[09:25:09][pdx_persistent_reader.cpp:268]: Error: "Unknown trigger type: coa_def_crescent_trigger, near line: 784" in file: "common/coat_of_arms/template_lists/colored_emblem_lists.txt" near line: 785
[09:25:09][pdx_persistent_reader.cpp:268]: Error: "Unknown trigger type: coa_def_buddhist_trigger, near line: 851" in file: "common/coat_of_arms/template_lists/colored_emblem_lists.txt" near line: 852
[09:25:09][pdx_persistent_reader.cpp:268]: Error: "Unknown trigger type: coa_def_buddhist_trigger, near line: 878
Unknown trigger type: coa_def_crescent_trigger, near line: 879" in file: "common/coat_of_arms/template_lists/colored_emblem_lists.txt" near line: 880
[09:25:09][pdx_persistent_reader.cpp:268]: Error: "Unknown trigger type: coa_def_oceanic_trigger, near line: 902" in file: "common/coat_of_arms/template_lists/colored_emblem_lists.txt" near line: 903
[09:25:09][pdx_persistent_reader.cpp:268]: Error: "Unknown trigger type: coa_def_turkic_trigger, near line: 915" in file: "common/coat_of_arms/template_lists/colored_emblem_lists.txt" near line: 916
[09:25:09][pdx_persistent_reader.cpp:268]: Error: "Unknown trigger type: coa_def_russian_ensign_trigger, near line: 952" in file: "common/coat_of_arms/template_lists/colored_emblem_lists.txt" near line: 953
[09:25:09][pdx_persistent_reader.cpp:268]: Error: "Unknown trigger type: coa_def_american_ensign_trigger, near line: 960" in file: "common/coat_of_arms/template_lists/colored_emblem_lists.txt" near line: 961
[09:25:09][pdx_persistent_reader.cpp:268]: Error: "Unknown trigger type: coa_def_italian_trigger, near line: 967" in file: "common/coat_of_arms/template_lists/colored_emblem_lists.txt" near line: 968
[09:25:09][pdx_persistent_reader.cpp:268]: Error: "Unknown trigger type: coa_def_african_trigger, near line: 975" in file: "common/coat_of_arms/template_lists/colored_emblem_lists.txt" near line: 976
[09:25:09][pdx_persistent_reader.cpp:268]: Error: "Unknown trigger type: coa_def_crescent_trigger, near line: 989" in file: "common/coat_of_arms/template_lists/colored_emblem_lists.txt" near line: 990
[09:25:09][pdx_persistent_reader.cpp:268]: Error: "Unknown trigger type: coa_communist_trigger, near line: 1335" in file: "common/coat_of_arms/template_lists/colored_emblem_lists.txt" near line: 1336
[09:25:09][pdx_persistent_reader.cpp:268]: Error: "Unknown trigger type: coa_fascist_trigger, near line: 1358" in file: "common/coat_of_arms/template_lists/colored_emblem_lists.txt" near line: 1359
[09:25:09][pdx_persistent_reader.cpp:268]: Error: "Unknown trigger type: coa_def_crescent_trigger, near line: 16" in file: "common/coat_of_arms/template_lists/pattern_lists.txt" near line: 17
[09:25:09][pdx_persistent_reader.cpp:268]: Error: "Unknown trigger type: coa_def_west_african_trigger, near line: 23" in file: "common/coat_of_arms/template_lists/pattern_lists.txt" near line: 24
[09:25:09][pdx_persistent_reader.cpp:268]: Error: "Unknown trigger type: coa_def_crescent_trigger, near line: 52" in file: "common/coat_of_arms/template_lists/pattern_lists.txt" near line: 53
[09:25:09][pdx_persistent_reader.cpp:268]: Error: "Unknown trigger type: coa_def_crescent_trigger, near line: 64" in file: "common/coat_of_arms/template_lists/pattern_lists.txt" near line: 65
[09:25:09][pdx_persistent_reader.cpp:268]: Error: "Unknown trigger type: coa_def_native_american_trigger, near line: 70" in file: "common/coat_of_arms/template_lists/pattern_lists.txt" near line: 71
[09:25:09][pdx_persistent_reader.cpp:268]: Error: "Unknown trigger type: coa_def_monarchy_flag_trigger, near line: 18" in file: "common/coat_of_arms/template_lists/textured_emblem_lists.txt" near line: 19
[09:25:09][pdx_persistent_reader.cpp:268]: Error: "Unknown trigger type: coa_def_theocracy_flag_trigger, near line: 24" in file: "common/coat_of_arms/template_lists/textured_emblem_lists.txt" near line: 25
[09:25:09][pdx_persistent_reader.cpp:268]: Error: "Unknown trigger type: coa_def_buddhist_trigger, near line: 62" in file: "common/coat_of_arms/template_lists/textured_emblem_lists.txt" near line: 63
[09:25:09][pdx_persistent_reader.cpp:268]: Error: "Unknown trigger type: is_being_incorporated, near line: 68" in file: "common/tutorial_lessons/00_tutorial_lessons_incorporate_state.txt" near line: 69
[09:25:09][pdx_persistent_reader.cpp:268]: Error: "Unknown trigger type: is_being_incorporated, near line: 89" in file: "common/tutorial_lessons/00_tutorial_lessons_incorporate_state.txt" near line: 90
[09:25:09][lexer.cpp:285]: File 'common/country_definitions/99_toe_latest_log_country_compat.txt' should be in utf8-bom encoding (will try to use it anyways)
[09:25:09][pdx_persistent_reader.cpp:268]: Error: "Unknown trigger type: ideology_traditionalist_valid_trigger, near line: 174" in file: "common/ideologies/01_character_ideologies.txt" near line: 175
[09:25:09][pdx_persistent_reader.cpp:268]: Error: "Unknown trigger type: ideology_traditionalist_valid_trigger, near line: 188" in file: "common/ideologies/01_character_ideologies.txt" near line: 189
[09:25:09][pdx_persistent_reader.cpp:268]: Error: "Unknown trigger type: ideology_traditionalist_minoritarian_valid_trigger, near line: 374" in file: "common/ideologies/01_character_ideologies.txt" near line: 375
[09:25:09][pdx_persistent_reader.cpp:268]: Error: "Unknown trigger type: ideology_traditionalist_minoritarian_valid_trigger, near line: 392" in file: "common/ideologies/01_character_ideologies.txt" near line: 393
[09:25:09][pdx_persistent_reader.cpp:268]: Error: "Unknown trigger type: ideology_nihilist_valid_trigger, near line: 570" in file: "common/ideologies/01_character_ideologies.txt" near line: 571
[09:25:09][pdx_persistent_reader.cpp:268]: Error: "Unknown trigger type: country_has_monarchy_law, near line: 590" in file: "common/ideologies/01_character_ideologies.txt" near line: 591
[09:25:09][pdx_persistent_reader.cpp:268]: Error: "Unknown trigger type: ideology_nihilist_valid_trigger, near line: 598" in file: "common/ideologies/01_character_ideologies.txt" near line: 599
[09:25:09][pdx_persistent_reader.cpp:268]: Error: "Unknown trigger type: ideology_republican_leader_valid_trigger, near line: 874" in file: "common/ideologies/01_character_ideologies.txt" near line: 875
[09:25:09][pdx_persistent_reader.cpp:268]: Error: "Unknown trigger type: country_has_monarchy_law, near line: 893" in file: "common/ideologies/01_character_ideologies.txt" near line: 894
[09:25:09][pdx_persistent_reader.cpp:268]: Error: "Unknown trigger type: ideology_republican_leader_valid_trigger, near line: 901" in file: "common/ideologies/01_character_ideologies.txt" near line: 902
[09:25:09][pdx_persistent_reader.cpp:268]: Error: "Unknown trigger type: country_has_monarchy_law, near line: 939" in file: "common/ideologies/01_character_ideologies.txt" near line: 940
[09:25:09][pdx_persistent_reader.cpp:268]: Error: "Unknown trigger type: country_has_monarchy_law, near line: 1098" in file: "common/ideologies/01_character_ideologies.txt" near line: 1099
[09:25:09][pdx_persistent_reader.cpp:268]: Error: "Unknown trigger type: ideology_radical_valid_trigger, near line: 1261" in file: "common/ideologies/01_character_ideologies.txt" near line: 1262
[09:25:09][pdx_persistent_reader.cpp:268]: Error: "Unknown trigger type: country_has_monarchy_law, near line: 1282" in file: "common/ideologies/01_character_ideologies.txt" near line: 1283
[09:25:09][pdx_persistent_reader.cpp:268]: Error: "Unknown trigger type: ideology_radical_valid_trigger, near line: 1290" in file: "common/ideologies/01_character_ideologies.txt" near line: 1291
[09:25:09][pdx_persistent_reader.cpp:268]: Error: "Unknown trigger type: ideology_feminist_valid_trigger, near line: 1961" in file: "common/ideologies/01_character_ideologies.txt" near line: 1962
[09:25:09][pdx_persistent_reader.cpp:268]: Error: "Unknown trigger type: ideology_feminist_valid_trigger, near line: 1973" in file: "common/ideologies/01_character_ideologies.txt" near line: 1974
[09:25:09][pdx_persistent_reader.cpp:268]: Error: "Unknown trigger type: country_has_voting_franchise, near line: 1989" in file: "common/ideologies/01_character_ideologies.txt" near line: 1991
[09:25:09][pdx_persistent_reader.cpp:268]: Error: "Unknown trigger type: country_has_voting_franchise, near line: 2123" in file: "common/ideologies/01_character_ideologies.txt" near line: 2125
[09:25:09][pdx_persistent_reader.cpp:268]: Error: "Unknown trigger type: ideology_abolitionist_valid_trigger, near line: 2227" in file: "common/ideologies/01_character_ideologies.txt" near line: 2228
[09:25:09][pdx_persistent_reader.cpp:268]: Error: "Unknown trigger type: ideology_abolitionist_valid_trigger, near line: 2232" in file: "common/ideologies/01_character_ideologies.txt" near line: 2233
[09:25:09][pdx_persistent_reader.cpp:268]: Error: "Unknown trigger type: ideology_slaver_valid_trigger, near line: 2415" in file: "common/ideologies/01_character_ideologies.txt" near line: 2416
[09:25:09][pdx_persistent_reader.cpp:268]: Error: "Unknown trigger type: ideology_slaver_valid_trigger, near line: 2420" in file: "common/ideologies/01_character_ideologies.txt" near line: 2421
[09:25:09][pdx_persistent_reader.cpp:268]: Error: "Unknown trigger type: ideology_pacifist_valid_trigger, near line: 2578" in file: "common/ideologies/01_character_ideologies.txt" near line: 2579
[09:25:09][pdx_persistent_reader.cpp:268]: Error: "Unknown trigger type: ideology_jingoist_leader_valid_trigger, near line: 2837" in file: "common/ideologies/01_character_ideologies.txt" near line: 2838
[09:25:09][pdx_persistent_reader.cpp:268]: Error: "Unknown trigger type: ideology_jingoist_leader_valid_trigger, near line: 2850" in file: "common/ideologies/01_character_ideologies.txt" near line: 2851
[09:25:09][pdx_persistent_reader.cpp:268]: Error: "Unknown trigger type: ideology_royalist_valid_trigger, near line: 3114" in file: "common/ideologies/01_character_ideologies.txt" near line: 3115
[09:25:09][pdx_persistent_reader.cpp:268]: Error: "Unknown trigger type: country_has_monarchy_law, near line: 3122" in file: "common/ideologies/01_character_ideologies.txt" near line: 3123
[09:25:09][pdx_persistent_reader.cpp:268]: Error: "Unknown trigger type: ideology_royalist_valid_trigger, near line: 3126" in file: "common/ideologies/01_character_ideologies.txt" near line: 3127
[09:25:09][pdx_persistent_reader.cpp:268]: Error: "Unknown trigger type: country_has_monarchy_law, near line: 3151" in file: "common/ideologies/01_character_ideologies.txt" near line: 3151
[09:25:09][pdx_persistent_reader.cpp:268]: Error: "Unknown trigger type: country_has_monarchy_law, near line: 3164" in file: "common/ideologies/01_character_ideologies.txt" near line: 3165
[09:25:09][pdx_persistent_reader.cpp:268]: Error: "Unknown trigger type: country_has_monarchy_law, near line: 3239" in file: "common/ideologies/01_character_ideologies.txt" near line: 3239
[09:25:09][pdx_persistent_reader.cpp:268]: Error: "Unknown trigger type: country_has_monarchy_law, near line: 3249" in file: "common/ideologies/01_character_ideologies.txt" near line: 3250
[09:25:09][pdx_persistent_reader.cpp:268]: Error: "Unknown trigger type: ideology_social_democrat_valid_trigger, near line: 3339" in file: "common/ideologies/01_character_ideologies.txt" near line: 3340
[09:25:09][pdx_persistent_reader.cpp:268]: Error: "Unknown trigger type: ideology_social_democrat_valid_trigger, near line: 3354" in file: "common/ideologies/01_character_ideologies.txt" near line: 3355
[09:25:09][pdx_persistent_reader.cpp:268]: Error: "Unknown trigger type: ideology_communist_valid_trigger, near line: 3658" in file: "common/ideologies/01_character_ideologies.txt" near line: 3659
[09:25:09][pdx_persistent_reader.cpp:268]: Error: "Unknown trigger type: country_has_monarchy_law, near line: 3675" in file: "common/ideologies/01_character_ideologies.txt" near line: 3676
[09:25:09][pdx_persistent_reader.cpp:268]: Error: "Unknown trigger type: ideology_communist_valid_trigger, near line: 3683" in file: "common/ideologies/01_character_ideologies.txt" near line: 3684
[09:25:09][pdx_persistent_reader.cpp:268]: Error: "Unknown trigger type: ideology_vanguardist_valid_trigger, near line: 4077" in file: "common/ideologies/01_character_ideologies.txt" near line: 4078
[09:25:09][pdx_persistent_reader.cpp:268]: Error: "Unknown trigger type: country_has_monarchy_law, near line: 4095" in file: "common/ideologies/01_character_ideologies.txt" near line: 4096
[09:25:09][pdx_persistent_reader.cpp:268]: Error: "Unknown trigger type: ideology_vanguardist_valid_trigger, near line: 4103" in file: "common/ideologies/01_character_ideologies.txt" near line: 4104
[09:25:09][pdx_persistent_reader.cpp:268]: Error: "Unknown trigger type: ideology_fascist_valid_trigger, near line: 4646" in file: "common/ideologies/01_character_ideologies.txt" near line: 4647
[09:25:09][pdx_persistent_reader.cpp:268]: Error: "Unknown trigger type: ideology_fascist_valid_trigger, near line: 4661" in file: "common/ideologies/01_character_ideologies.txt" near line: 4662
[09:25:09][pdx_persistent_reader.cpp:268]: Error: "Unknown trigger type: ideology_anarchist_valid_trigger, near line: 5190" in file: "common/ideologies/01_character_ideologies.txt" near line: 5191
[09:25:09][pdx_persistent_reader.cpp:268]: Error: "Unknown trigger type: country_has_monarchy_law, near line: 5208" in file: "common/ideologies/01_character_ideologies.txt" near line: 5209
[09:25:09][pdx_persistent_reader.cpp:268]: Error: "Unknown trigger type: ideology_anarchist_valid_trigger, near line: 5216" in file: "common/ideologies/01_character_ideologies.txt" near line: 5217
[09:25:09][pdx_persistent_reader.cpp:268]: Error: "Unknown trigger type: ideology_ethno_nationalist_valid_trigger, near line: 5563" in file: "common/ideologies/01_character_ideologies.txt" near line: 5564
[09:25:09][pdx_persistent_reader.cpp:268]: Error: "Unknown trigger type: ideology_ethno_nationalist_valid_trigger, near line: 5576" in file: "common/ideologies/01_character_ideologies.txt" near line: 5577
[09:25:09][pdx_persistent_reader.cpp:268]: Error: "Unknown trigger type: ideology_theocrat_valid_trigger, near line: 5827" in file: "common/ideologies/01_character_ideologies.txt" near line: 5828
[09:25:09][pdx_persistent_reader.cpp:268]: Error: "Unknown trigger type: ideology_theocrat_valid_trigger, near line: 5840" in file: "common/ideologies/01_character_ideologies.txt" near line: 5841
[09:25:09][pdx_persistent_reader.cpp:268]: Error: "Unknown trigger type: country_has_monarchy_law, near line: 5864" in file: "common/ideologies/01_character_ideologies.txt" near line: 5865
[09:25:09][pdx_persistent_reader.cpp:268]: Error: "Unknown trigger type: country_has_monarchy_law, near line: 5949" in file: "common/ideologies/01_character_ideologies.txt" near line: 5950
[09:25:09][pdx_persistent_reader.cpp:268]: Error: "Unknown trigger type: ig_counts_as_marginal, near line: 6066" in file: "common/ideologies/01_character_ideologies.txt" near line: 6067
[09:25:09][pdx_persistent_reader.cpp:268]: Error: "Unknown trigger type: ideology_market_liberal_valid_trigger, near line: 6072" in file: "common/ideologies/01_character_ideologies.txt" near line: 6073
[09:25:09][pdx_persistent_reader.cpp:268]: Error: "Unknown trigger type: ideology_market_liberal_valid_trigger, near line: 6089" in file: "common/ideologies/01_character_ideologies.txt" near line: 6090
[09:25:09][pdx_persistent_reader.cpp:268]: Error: "Unknown trigger type: ideology_luddite_valid_trigger, near line: 6490" in file: "common/ideologies/01_character_ideologies.txt" near line: 6491
[09:25:09][pdx_persistent_reader.cpp:268]: Error: "Unknown trigger type: ideology_luddite_valid_trigger, near line: 6503" in file: "common/ideologies/01_character_ideologies.txt" near line: 6504
[09:25:09][pdx_persistent_reader.cpp:268]: Error: "Unknown trigger type: ideology_authoritarian_valid_trigger, near line: 6703" in file: "common/ideologies/01_character_ideologies.txt" near line: 6704
[09:25:09][pdx_persistent_reader.cpp:268]: Error: "Unknown trigger type: ideology_authoritarian_valid_trigger, near line: 6720" in file: "common/ideologies/01_character_ideologies.txt" near line: 6721
[09:25:09][pdx_persistent_reader.cpp:268]: Error: "Unknown trigger type: ig_counts_as_marginal, near line: 7025" in file: "common/ideologies/01_character_ideologies.txt" near line: 7026
[09:25:09][pdx_persistent_reader.cpp:268]: Error: "Unknown trigger type: ideology_protectionist_valid_trigger, near line: 7031" in file: "common/ideologies/01_character_ideologies.txt" near line: 7032
[09:25:09][pdx_persistent_reader.cpp:268]: Error: "Unknown trigger type: ideology_protectionist_valid_trigger, near line: 7044" in file: "common/ideologies/01_character_ideologies.txt" near line: 7045
[09:25:09][pdx_persistent_reader.cpp:268]: Error: "Unknown trigger type: ideology_humanitarian_valid_trigger, near line: 7340" in file: "common/ideologies/01_character_ideologies.txt" near line: 7341
[09:25:09][pdx_persistent_reader.cpp:268]: Error: "Unknown trigger type: ideology_humanitarian_valid_trigger, near line: 7355" in file: "common/ideologies/01_character_ideologies.txt" near line: 7356
[09:25:09][pdx_persistent_reader.cpp:268]: Error: "Unknown trigger type: ideology_jacksonian_democrat_valid_trigger, near line: 7641" in file: "common/ideologies/01_character_ideologies.txt" near line: 7642
[09:25:09][pdx_persistent_reader.cpp:268]: Error: "Unknown trigger type: ideology_jacksonian_democrat_valid_trigger, near line: 7656" in file: "common/ideologies/01_character_ideologies.txt" near line: 7657
[09:25:09][pdx_persistent_reader.cpp:268]: Error: "Unknown trigger type: ideology_positivist_valid_trigger, near line: 7751" in file: "common/ideologies/01_character_ideologies.txt" near line: 7752
[09:25:09][pdx_persistent_reader.cpp:268]: Error: "Unknown trigger type: country_has_monarchy_law, near line: 7768" in file: "common/ideologies/01_character_ideologies.txt" near line: 7769
[09:25:09][pdx_persistent_reader.cpp:268]: Error: "Unknown trigger type: ideology_positivist_valid_trigger, near line: 7776" in file: "common/ideologies/01_character_ideologies.txt" near line: 7777
[09:25:09][pdx_persistent_reader.cpp:268]: Error: "Unknown trigger type: country_has_monarchy_law, near line: 7846" in file: "common/ideologies/01_character_ideologies.txt" near line: 7852
[09:25:09][pdx_persistent_reader.cpp:268]: Error: "Unknown trigger type: country_has_monarchy_law, near line: 7989" in file: "common/ideologies/01_character_ideologies.txt" near line: 7995
[09:25:09][pdx_persistent_reader.cpp:268]: Error: "Unknown trigger type: ideology_land_reformer_valid_trigger, near line: 8063" in file: "common/ideologies/01_character_ideologies.txt" near line: 8064
[09:25:09][pdx_persistent_reader.cpp:268]: Error: "Unknown trigger type: ideology_land_reformer_valid_trigger, near line: 8081" in file: "common/ideologies/01_character_ideologies.txt" near line: 8082
[09:25:09][pdx_persistent_reader.cpp:268]: Error: "Unknown trigger type: ideology_integralist_valid_trigger, near line: 8383" in file: "common/ideologies/01_character_ideologies.txt" near line: 8384
[09:25:09][pdx_persistent_reader.cpp:268]: Error: "Unknown trigger type: ideology_integralist_valid_trigger, near line: 8398" in file: "common/ideologies/01_character_ideologies.txt" near line: 8399
[09:25:09][pdx_persistent_reader.cpp:268]: Error: "Unknown trigger type: country_has_monarchy_law, near line: 8942" in file: "common/ideologies/01_character_ideologies.txt" near line: 8944
[09:25:09][pdx_persistent_reader.cpp:268]: Error: "Unknown trigger type: country_has_monarchy_law, near line: 9087" in file: "common/ideologies/01_character_ideologies.txt" near line: 9089
[09:25:09][pdx_persistent_reader.cpp:268]: Error: "Unknown trigger type: ideology_humanitarian_royalist_valid_trigger, near line: 9468" in file: "common/ideologies/01_character_ideologies.txt" near line: 9469
[09:25:09][pdx_persistent_reader.cpp:268]: Error: "Unknown trigger type: ideology_humanitarian_royalist_valid_trigger, near line: 9483" in file: "common/ideologies/01_character_ideologies.txt" near line: 9484
[09:25:09][pdx_persistent_reader.cpp:268]: Error: "Unknown trigger type: country_has_monarchy_law, near line: 9508" in file: "common/ideologies/01_character_ideologies.txt" near line: 9509
[09:25:09][pdx_persistent_reader.cpp:268]: Error: "Unknown trigger type: country_has_monarchy_law, near line: 9653" in file: "common/ideologies/01_character_ideologies.txt" near line: 9654
[09:25:09][pdx_persistent_reader.cpp:268]: Error: "Unknown trigger type: ideology_despotic_utopian_valid_trigger, near line: 9803" in file: "common/ideologies/01_character_ideologies.txt" near line: 9804
[09:25:09][pdx_persistent_reader.cpp:268]: Error: "Unknown trigger type: ideology_despotic_utopian_valid_trigger, near line: 9809" in file: "common/ideologies/01_character_ideologies.txt" near line: 9810
[09:25:09][pdx_persistent_reader.cpp:268]: Error: "Unknown trigger type: ideology_utilitarian_leader_valid_trigger, near line: 10029" in file: "common/ideologies/01_character_ideologies.txt" near line: 10030
[09:25:09][pdx_persistent_reader.cpp:268]: Error: "Unknown trigger type: ideology_utilitarian_leader_valid_trigger, near line: 10047" in file: "common/ideologies/01_character_ideologies.txt" near line: 10048
[09:25:09][pdx_persistent_reader.cpp:268]: Error: "Unknown trigger type: country_is_colonial_or_company, near line: 10169" in file: "common/ideologies/01_character_ideologies.txt" near line: 10170
[09:25:09][pdx_persistent_reader.cpp:268]: Error: "Unknown trigger type: ideology_sovereignist_leader_valid_trigger, near line: 10173" in file: "common/ideologies/01_character_ideologies.txt" near line: 10174
[09:25:09][pdx_persistent_reader.cpp:268]: Error: "Unknown trigger type: ideology_sovereignist_leader_valid_trigger, near line: 10181" in file: "common/ideologies/01_character_ideologies.txt" near line: 10182
[09:25:09][pdx_persistent_reader.cpp:268]: Error: "Unknown trigger type: ideology_utopian_valid_trigger, near line: 10306" in file: "common/ideologies/01_character_ideologies.txt" near line: 10307
[09:25:09][pdx_persistent_reader.cpp:268]: Error: "Unknown trigger type: country_has_monarchy_law, near line: 10331" in file: "common/ideologies/01_character_ideologies.txt" near line: 10332
[09:25:09][pdx_persistent_reader.cpp:268]: Error: "Unknown trigger type: ideology_utopian_valid_trigger, near line: 10339" in file: "common/ideologies/01_character_ideologies.txt" near line: 10340
[09:25:09][pdx_persistent_reader.cpp:268]: Error: "Unknown trigger type: ideology_modernizer_leader_valid_trigger, near line: 10478" in file: "common/ideologies/01_character_ideologies.txt" near line: 10479
[09:25:09][pdx_persistent_reader.cpp:268]: Error: "Unknown trigger type: ideology_modernizer_leader_valid_trigger, near line: 10498" in file: "common/ideologies/01_character_ideologies.txt" near line: 10499
[09:25:09][pdx_persistent_reader.cpp:268]: Error: "Unknown trigger type: ideology_carlist_valid_trigger, near line: 10667" in file: "common/ideologies/01_character_ideologies.txt" near line: 10668
[09:25:09][pdx_persistent_reader.cpp:268]: Error: "Unknown trigger type: ideology_carlist_valid_trigger, near line: 10683" in file: "common/ideologies/01_character_ideologies.txt" near line: 10684
[09:25:09][pdx_persistent_reader.cpp:268]: Error: "Unknown trigger type: country_has_monarchy_law, near line: 10708" in file: "common/ideologies/01_character_ideologies.txt" near line: 10708
[09:25:09][pdx_persistent_reader.cpp:268]: Error: "Unknown trigger type: character_has_carlist_ideology, near line: 10737" in file: "common/ideologies/01_character_ideologies.txt" near line: 10737
[09:25:09][pdx_persistent_reader.cpp:268]: Error: "Unknown trigger type: character_has_carlist_ideology, near line: 10752" in file: "common/ideologies/01_character_ideologies.txt" near line: 10752
[09:25:09][pdx_persistent_reader.cpp:268]: Error: "Unknown trigger type: country_has_monarchy_law, near line: 10795" in file: "common/ideologies/01_character_ideologies.txt" near line: 10795
[09:25:09][pdx_persistent_reader.cpp:268]: Error: "Unknown trigger type: character_has_carlist_ideology, near line: 10818" in file: "common/ideologies/01_character_ideologies.txt" near line: 10818
