[09:18:57][jomini_script_system.cpp:247]: Script system error!
  Error: scripted_bar_progress trigger [ Invalid database object 'expedition_peril_progress_bar' ]
  Script location: events/expedition_events/niger_river_expedition_events.txt:1701

[09:18:57][jomini_script_system.cpp:247]: Script system error!
  Error: scripted_bar_progress trigger [ Invalid database object 'expedition_peril_progress_bar' ]
  Script location: events/expedition_events/niger_river_expedition_events.txt:1704

[09:18:57][jomini_script_system.cpp:247]: Script system error!
  Error: scripted_bar_progress trigger [ Invalid database object 'expedition_peril_progress_bar' ]
  Script location: events/expedition_events/niger_river_expedition_events.txt:1707

[09:18:57][jomini_script_system.cpp:247]: Script system error!
  Error: scripted_bar_progress trigger [ Invalid database object 'expedition_peril_progress_bar' ]
  Script location: events/expedition_events/west_america_expedition_events.txt:1083

[09:18:57][jomini_script_system.cpp:247]: Script system error!
  Error: scripted_bar_progress trigger [ Invalid database object 'expedition_peril_progress_bar' ]
  Script location: events/expedition_events/west_america_expedition_events.txt:1091

[09:18:57][jomini_script_system.cpp:247]: Script system error!
  Error: scripted_bar_progress trigger [ Invalid database object 'expedition_peril_progress_bar' ]
  Script location: events/expedition_events/west_america_expedition_events.txt:1151

[09:18:57][jomini_script_system.cpp:247]: Script system error!
  Error: scripted_bar_progress trigger [ Invalid database object 'expedition_peril_progress_bar' ]
  Script location: events/expedition_events/west_america_expedition_events.txt:1159

[09:18:57][jomini_script_system.cpp:247]: Script system error!
  Error: scripted_bar_progress trigger [ Invalid database object 'expedition_progress_bar' ]
  Script location: events/expedition_events/west_america_expedition_events.txt:1336

[09:18:57][jomini_script_system.cpp:247]: Script system error!
  Error: scripted_bar_progress trigger [ Invalid database object 'expedition_progress_bar' ]
  Script location: events/expedition_events/west_america_expedition_events.txt:1479

[09:18:57][jomini_script_system.cpp:247]: Script system error!
  Error: scripted_bar_progress trigger [ Invalid database object 'expedition_peril_progress_bar' ]
  Script location: events/expedition_events/west_america_expedition_events.txt:1937

[09:18:57][jomini_script_system.cpp:247]: Script system error!
  Error: scripted_bar_progress trigger [ Invalid database object 'lands_of_anarchy_tribes_of_marrakech_bar' ]
  Script location: events/iberia_events/morocco_makhzen_events.txt:62

[09:18:57][jomini_script_system.cpp:247]: Script system error!
  Error: scripted_bar_progress trigger [ Invalid database object 'lands_of_anarchy_tribes_of_al_rif_bar' ]
  Script location: events/iberia_events/morocco_makhzen_events.txt:75

[09:18:57][jomini_script_system.cpp:247]: Script system error!
  Error: scripted_bar_progress trigger [ Invalid database object 'lands_of_anarchy_tribes_of_inner_morocco_bar' ]
  Script location: events/iberia_events/morocco_makhzen_events.txt:88

[09:18:57][jomini_script_system.cpp:247]: Script system error!
  Error: scripted_bar_progress trigger [ Invalid database object 'expedition_peril_progress_bar' ]
  Script location: common/journal_entries/00_antarctica.txt:64

[09:18:57][jomini_script_system.cpp:247]: Script system error!
  Error: scripted_bar_progress trigger [ Invalid database object 'expedition_progress_bar' ]
  Script location: common/journal_entries/00_antarctica.txt:93

[09:18:57][jomini_script_system.cpp:247]: Script system error!
  Error: scripted_bar_progress trigger [ Invalid database object 'expedition_peril_progress_bar' ]
  Script location: common/journal_entries/00_central_africa.txt:90

[09:18:57][jomini_script_system.cpp:247]: Script system error!
  Error: scripted_bar_progress trigger [ Invalid database object 'expedition_progress_bar' ]
  Script location: common/journal_entries/00_central_africa.txt:120

[09:18:57][jomini_script_system.cpp:247]: Script system error!
  Error: scripted_bar_progress trigger [ Invalid database object 'communism_1_progress_bar' ]
  Script location: common/journal_entries/00_communism.txt:55

[09:18:57][jomini_script_system.cpp:247]: Script system error!
  Error: scripted_bar_progress trigger [ Invalid database object 'expedition_peril_progress_bar' ]
  Script location: common/journal_entries/00_congo.txt:91

[09:18:57][jomini_script_system.cpp:247]: Script system error!
  Error: scripted_bar_progress trigger [ Invalid database object 'expedition_progress_bar' ]
  Script location: common/journal_entries/00_congo.txt:105

[09:18:57][jomini_script_system.cpp:247]: Script system error!
  Error: scripted_bar_progress trigger [ Invalid database object 'expedition_progress_bar' ]
  Script location: common/journal_entries/00_congo.txt:128

[09:18:57][jomini_script_system.cpp:247]: Script system error!
  Error: scripted_bar_progress trigger [ Invalid database object 'expedition_progress_bar' ]
  Script location: common/journal_entries/00_niger_river.txt:84

[09:18:57][jomini_script_system.cpp:247]: Script system error!
  Error: scripted_bar_progress trigger [ Invalid database object 'expedition_peril_progress_bar' ]
  Script location: common/journal_entries/00_niger_river.txt:113

[09:18:57][jomini_script_system.cpp:247]: Script system error!
  Error: scripted_bar_progress trigger [ Invalid database object 'earn_recognition_progress_bar' ]
  Script location: common/journal_entries/00_request_recognition.txt:49

[09:18:57][jomini_script_system.cpp:247]: Script system error!
  Error: scripted_bar_progress trigger [ Invalid database object 'expedition_progress_bar' ]
  Script location: common/journal_entries/00_west_america.txt:89

[09:18:57][jomini_script_system.cpp:247]: Script system error!
  Error: scripted_bar_progress trigger [ Invalid database object 'expedition_peril_progress_bar' ]
  Script location: common/journal_entries/00_west_america.txt:125

[09:18:57][jomini_script_system.cpp:247]: Script system error!
  Error: scripted_bar_progress trigger [ Invalid database object 'je_ip4_coup_progress_bar' ]
  Script location: common/journal_entries/01_coup.txt:74

[09:18:57][jomini_script_system.cpp:247]: Script system error!
  Error: scripted_bar_progress trigger [ Invalid database object 'je_ip4_coup_progress_bar' ]
  Script location: common/journal_entries/01_coup.txt:98

[09:18:57][jomini_script_system.cpp:247]: Script system error!
  Error: scripted_bar_progress trigger [ Invalid database object 'je_caudillo_progress_bar' ]
  Script location: common/journal_entries/02_caudillo.txt:30

[09:18:57][jomini_script_system.cpp:247]: Script system error!
  Error: scripted_bar_progress trigger [ Invalid database object 'je_caudillo_progress_bar' ]
  Script location: common/journal_entries/02_caudillo.txt:50

[09:18:57][jomini_script_system.cpp:247]: Script system error!
  Error: scripted_bar_progress trigger [ Invalid database object 'sikh_empire_progress_bar' ]
  Script location: common/journal_entries/04_sikh_empire.txt:24

[09:18:57][jomini_script_system.cpp:247]: Script system error!
  Error: scripted_bar_progress trigger [ Invalid database object 'sikh_empire_intrigue_bar' ]
  Script location: common/journal_entries/04_sikh_empire.txt:119

[09:18:57][jomini_script_system.cpp:247]: Script system error!
  Error: scripted_bar_progress trigger [ Invalid database object 'balkan_league_timeout_bar' ]
  Script location: common/journal_entries/05_balkan_wars.txt:164

[09:18:57][jomini_script_system.cpp:247]: Script system error!
  Error: scripted_bar_progress trigger [ Invalid database object 'je_technocracy_progress_bar' ]
  Script location: common/journal_entries/05_technocracy.txt:33

[09:18:57][jomini_script_system.cpp:247]: Script system error!
  Error: scripted_bar_progress trigger [ Invalid database object 'lands_of_anarchy_tribes_of_al_rif_bar' ]
  Script location: common/journal_entries/06_morocco_lands_of_anarchy.txt:92

[09:18:57][jomini_script_system.cpp:247]: Script system error!
  Error: scripted_bar_progress trigger [ Invalid database object 'lands_of_anarchy_tribes_of_marrakech_bar' ]
  Script location: common/journal_entries/06_morocco_lands_of_anarchy.txt:110

[09:18:57][jomini_script_system.cpp:247]: Script system error!
  Error: scripted_bar_progress trigger [ Invalid database object 'lands_of_anarchy_tribes_of_inner_morocco_bar' ]
  Script location: common/journal_entries/06_morocco_lands_of_anarchy.txt:129

[09:18:57][jomini_script_system.cpp:247]: Script system error!
  Error: scripted_bar_progress trigger [ Invalid database object 'lands_of_anarchy_tribes_of_marrakech_bar' ]
  Script location: common/journal_entries/06_morocco_lands_of_anarchy.txt:155

[09:18:57][jomini_script_system.cpp:247]: Script system error!
  Error: scripted_bar_progress trigger [ Invalid database object 'lands_of_anarchy_tribes_of_al_rif_bar' ]
  Script location: common/journal_entries/06_morocco_lands_of_anarchy.txt:158

[09:18:57][jomini_script_system.cpp:247]: Script system error!
  Error: scripted_bar_progress trigger [ Invalid database object 'lands_of_anarchy_tribes_of_inner_morocco_bar' ]
  Script location: common/journal_entries/06_morocco_lands_of_anarchy.txt:161

[09:18:57][jomini_script_system.cpp:247]: Script system error!
  Error: scripted_bar_progress trigger [ Invalid database object 'lands_of_anarchy_tribes_of_marrakech_bar' ]
  Script location: common/journal_entries/06_morocco_lands_of_anarchy.txt:206

[09:18:57][jomini_script_system.cpp:247]: Script system error!
  Error: scripted_bar_progress trigger [ Invalid database object 'lands_of_anarchy_tribes_of_al_rif_bar' ]
  Script location: common/journal_entries/06_morocco_lands_of_anarchy.txt:209

[09:18:57][jomini_script_system.cpp:247]: Script system error!
  Error: scripted_bar_progress trigger [ Invalid database object 'lands_of_anarchy_tribes_of_inner_morocco_bar' ]
  Script location: common/journal_entries/06_morocco_lands_of_anarchy.txt:212

[09:18:57][jomini_script_system.cpp:247]: Script system error!
  Error: scripted_bar_progress trigger [ Invalid database object 'divided_monarchists_orleanist_progress_bar' ]
  Script location: common/journal_entries/99_toe_paido_national_integration.txt:97

[09:18:57][jomini_script_system.cpp:247]: Script system error!
  Error: scripted_bar_progress trigger [ Invalid database object 'divided_monarchists_legitimist_progress_bar' ]
  Script location: common/journal_entries/99_toe_paido_national_integration.txt:98

[09:18:57][jomini_script_system.cpp:247]: Script system error!
  Error: scripted_bar_progress trigger [ Invalid database object 'divided_monarchists_orleanist_progress_bar' ]
  Script location: common/journal_entries/99_toe_paido_national_integration.txt:107

[09:18:57][jomini_script_system.cpp:247]: Script system error!
  Error: scripted_bar_progress trigger [ Invalid database object 'divided_monarchists_legitimist_progress_bar' ]
  Script location: common/journal_entries/99_toe_paido_national_integration.txt:107

[09:18:57][jomini_script_system.cpp:247]: Script system error!
  Error: owns_entire_state_region trigger [ Invalid database object 'STATE_SVEALAND' ]
  Script location: common/customizable_localization/02_events.txt:357

[09:18:57][jomini_trigger.cpp:224]: PostValidate of trigger 'owns_entire_state_region' returned false at common/customizable_localization/02_events.txt:357
[09:18:57][jomini_script_system.cpp:247]: Script system error!
  Error: owns_entire_state_region trigger [ Invalid database object 'STATE_SVEALAND' ]
  Script location: common/customizable_localization/02_events.txt:366

[09:18:57][jomini_trigger.cpp:224]: PostValidate of trigger 'owns_entire_state_region' returned false at common/customizable_localization/02_events.txt:366
[09:18:57][jomini_script_system.cpp:247]: Script system error!
  Error: owns_entire_state_region trigger [ Invalid database object 'STATE_MOSCOW' ]
  Script location: common/customizable_localization/02_events.txt:375

[09:18:57][jomini_trigger.cpp:224]: PostValidate of trigger 'owns_entire_state_region' returned false at common/customizable_localization/02_events.txt:375
[09:18:57][jomini_script_system.cpp:247]: Script system error!
  Error: owns_entire_state_region trigger [ Invalid database object 'STATE_DISTRICT_OF_COLUMBIA' ]
  Script location: common/customizable_localization/02_events.txt:384

[09:18:57][jomini_trigger.cpp:224]: PostValidate of trigger 'owns_entire_state_region' returned false at common/customizable_localization/02_events.txt:384
[09:18:57][jomini_script_system.cpp:247]: Script system error!
  Error: scripted_bar_progress trigger [ Invalid progress bar:  ]
  Script location: common/customizable_localization/10_expedition_loc.txt:6

[09:18:57][jomini_trigger.cpp:224]: PostValidate of trigger 'scripted_bar_progress' returned false at common/customizable_localization/10_expedition_loc.txt:6
[09:18:57][jomini_script_system.cpp:247]: Script system error!
  Error: scripted_bar_progress trigger [ Invalid progress bar:  ]
  Script location: common/customizable_localization/10_expedition_loc.txt:12

[09:18:57][jomini_trigger.cpp:224]: PostValidate of trigger 'scripted_bar_progress' returned false at common/customizable_localization/10_expedition_loc.txt:12
[09:18:57][jomini_script_system.cpp:247]: Script system error!
  Error: scripted_bar_progress trigger [ Invalid progress bar:  ]
  Script location: common/customizable_localization/10_expedition_loc.txt:13

[09:18:57][jomini_trigger.cpp:224]: PostValidate of trigger 'scripted_bar_progress' returned false at common/customizable_localization/10_expedition_loc.txt:13
[09:18:57][jomini_script_system.cpp:247]: Script system error!
  Error: scripted_bar_progress trigger [ Invalid progress bar:  ]
  Script location: common/customizable_localization/10_expedition_loc.txt:19

[09:18:57][jomini_trigger.cpp:224]: PostValidate of trigger 'scripted_bar_progress' returned false at common/customizable_localization/10_expedition_loc.txt:19
[09:18:57][jomini_script_system.cpp:247]: Script system error!
  Error: scripted_bar_progress trigger [ Invalid progress bar:  ]
  Script location: common/customizable_localization/10_expedition_loc.txt:20

[09:18:57][jomini_trigger.cpp:224]: PostValidate of trigger 'scripted_bar_progress' returned false at common/customizable_localization/10_expedition_loc.txt:20
[09:18:57][jomini_script_system.cpp:247]: Script system error!
  Error: scripted_bar_progress trigger [ Invalid progress bar:  ]
  Script location: common/customizable_localization/10_expedition_loc.txt:26

[09:18:57][jomini_trigger.cpp:224]: PostValidate of trigger 'scripted_bar_progress' returned false at common/customizable_localization/10_expedition_loc.txt:26
[09:18:57][jomini_script_system.cpp:247]: Script system error!
  Error: scripted_bar_progress trigger [ Invalid progress bar:  ]
  Script location: common/customizable_localization/10_expedition_loc.txt:37

[09:18:57][jomini_trigger.cpp:224]: PostValidate of trigger 'scripted_bar_progress' returned false at common/customizable_localization/10_expedition_loc.txt:37
[09:18:57][jomini_script_system.cpp:247]: Script system error!
  Error: scripted_bar_progress trigger [ Invalid progress bar:  ]
  Script location: common/customizable_localization/10_expedition_loc.txt:43

[09:18:57][jomini_trigger.cpp:224]: PostValidate of trigger 'scripted_bar_progress' returned false at common/customizable_localization/10_expedition_loc.txt:43
[09:18:57][jomini_script_system.cpp:247]: Script system error!
  Error: scripted_bar_progress trigger [ Invalid progress bar:  ]
  Script location: common/customizable_localization/10_expedition_loc.txt:44

[09:18:57][jomini_trigger.cpp:224]: PostValidate of trigger 'scripted_bar_progress' returned false at common/customizable_localization/10_expedition_loc.txt:44
[09:18:57][jomini_script_system.cpp:247]: Script system error!
  Error: scripted_bar_progress trigger [ Invalid progress bar:  ]
  Script location: common/customizable_localization/10_expedition_loc.txt:50

[09:18:57][jomini_trigger.cpp:224]: PostValidate of trigger 'scripted_bar_progress' returned false at common/customizable_localization/10_expedition_loc.txt:50
[09:18:57][jomini_script_system.cpp:247]: Script system error!
  Error: scripted_bar_progress trigger [ Invalid progress bar:  ]
  Script location: common/customizable_localization/10_expedition_loc.txt:51

[09:18:57][jomini_trigger.cpp:224]: PostValidate of trigger 'scripted_bar_progress' returned false at common/customizable_localization/10_expedition_loc.txt:51
[09:18:57][jomini_script_system.cpp:247]: Script system error!
  Error: scripted_bar_progress trigger [ Invalid progress bar:  ]
  Script location: common/customizable_localization/10_expedition_loc.txt:57

[09:18:57][jomini_trigger.cpp:224]: PostValidate of trigger 'scripted_bar_progress' returned false at common/customizable_localization/10_expedition_loc.txt:57
[09:18:57][jomini_script_system.cpp:247]: Script system error!
  Error: has_template trigger [ Invalid database object 'gbr_william_hanover_template' ]
  Script location: gfx/portraits/portrait_modifiers/01_accessories.txt:142

[09:18:57][jomini_trigger.cpp:224]: PostValidate of trigger 'has_template' returned false at gfx/portraits/portrait_modifiers/01_accessories.txt:142
[09:18:57][jomini_script_system.cpp:247]: Script system error!
  Error: has_template trigger [ Invalid database object 'POR_miguel_i_de_braganca_template' ]
  Script location: gfx/portraits/portrait_modifiers/01_accessories.txt:1497

[09:18:57][jomini_trigger.cpp:224]: PostValidate of trigger 'has_template' returned false at gfx/portraits/portrait_modifiers/01_accessories.txt:1497
[09:18:57][jomini_script_system.cpp:247]: Script system error!
  Error: has_template trigger [ Invalid database object 'rus_leon_trotsky_character_template' ]
  Script location: gfx/portraits/portrait_modifiers/01_accessories.txt:1554

[09:18:57][jomini_trigger.cpp:224]: PostValidate of trigger 'has_template' returned false at gfx/portraits/portrait_modifiers/01_accessories.txt:1554
[09:18:57][jomini_script_system.cpp:247]: Script system error!
  Error: has_template trigger [ Invalid database object 'agitator_nestor_makhno' ]
  Script location: gfx/portraits/portrait_modifiers/01_accessories.txt:1555

[09:18:57][jomini_trigger.cpp:224]: PostValidate of trigger 'has_template' returned false at gfx/portraits/portrait_modifiers/01_accessories.txt:1555
[09:18:57][jomini_script_system.cpp:247]: Script system error!
  Error: has_template trigger [ Invalid database object 'rus_leon_trotsky_character_template' ]
  Script location: gfx/portraits/portrait_modifiers/01_accessories.txt:1626

[09:18:57][jomini_trigger.cpp:224]: PostValidate of trigger 'has_template' returned false at gfx/portraits/portrait_modifiers/01_accessories.txt:1626
[09:18:57][jomini_script_system.cpp:247]: Script system error!
  Error: has_template trigger [ Invalid database object 'agitator_nestor_makhno' ]
  Script location: gfx/portraits/portrait_modifiers/01_accessories.txt:1627

[09:18:57][jomini_trigger.cpp:224]: PostValidate of trigger 'has_template' returned false at gfx/portraits/portrait_modifiers/01_accessories.txt:1627
[09:18:57][jomini_script_system.cpp:247]: Script system error!
  Error: has_template trigger [ Invalid database object 'rus_leon_trotsky_character_template' ]
  Script location: gfx/portraits/portrait_modifiers/01_accessories.txt:1780

[09:18:57][jomini_trigger.cpp:224]: PostValidate of trigger 'has_template' returned false at gfx/portraits/portrait_modifiers/01_accessories.txt:1780
[09:18:57][jomini_script_system.cpp:247]: Script system error!
  Error: has_template trigger [ Invalid database object 'agitator_nestor_makhno' ]
  Script location: gfx/portraits/portrait_modifiers/01_accessories.txt:1781

[09:18:57][jomini_trigger.cpp:224]: PostValidate of trigger 'has_template' returned false at gfx/portraits/portrait_modifiers/01_accessories.txt:1781
[09:18:57][jomini_script_system.cpp:247]: Script system error!
  Error: has_template trigger [ Invalid database object 'agitator_john_stuart_mill' ]
  Script location: gfx/portraits/portrait_modifiers/01_accessories.txt:3596

[09:18:57][jomini_trigger.cpp:224]: PostValidate of trigger 'has_template' returned false at gfx/portraits/portrait_modifiers/01_accessories.txt:3596
[09:18:57][jomini_script_system.cpp:247]: Script system error!
  Error: has_template trigger [ Invalid database object 'rus_leon_trotsky_character_template' ]
  Script location: gfx/portraits/portrait_modifiers/01_accessories.txt:3598

[09:18:57][jomini_trigger.cpp:224]: PostValidate of trigger 'has_template' returned false at gfx/portraits/portrait_modifiers/01_accessories.txt:3598
[09:18:57][jomini_script_system.cpp:247]: Script system error!
  Error: has_template trigger [ Invalid database object 'BIC_mohandas_karamchand_gandhi' ]
  Script location: gfx/portraits/portrait_modifiers/01_accessories.txt:3921

[09:18:57][jomini_trigger.cpp:224]: PostValidate of trigger 'has_template' returned false at gfx/portraits/portrait_modifiers/01_accessories.txt:3921
[09:18:57][jomini_script_system.cpp:247]: Script system error!
  Error: has_template trigger [ Invalid database object 'BIC_gopal_gokhale' ]
  Script location: gfx/portraits/portrait_modifiers/01_accessories.txt:3922

[09:18:57][jomini_trigger.cpp:224]: PostValidate of trigger 'has_template' returned false at gfx/portraits/portrait_modifiers/01_accessories.txt:3922
[09:18:57][jomini_script_system.cpp:247]: Script system error!
  Error: has_template trigger [ Invalid database object 'JAP_showa_yamato' ]
  Script location: gfx/portraits/portrait_modifiers/01_accessories.txt:3923

[09:18:57][jomini_trigger.cpp:224]: PostValidate of trigger 'has_template' returned false at gfx/portraits/portrait_modifiers/01_accessories.txt:3923
[09:18:57][jomini_script_system.cpp:247]: Script system error!
  Error: has_template trigger [ Invalid database object 'BRZ_emperor_pedro_02' ]
  Script location: gfx/portraits/portrait_modifiers/01_beards.txt:249

[09:18:57][jomini_trigger.cpp:224]: PostValidate of trigger 'has_template' returned false at gfx/portraits/portrait_modifiers/01_beards.txt:249
[09:18:57][jomini_script_system.cpp:247]: Script system error!
  Error: has_template trigger [ Invalid database object 'BRZ_virgulino_ferreira' ]
  Script location: gfx/portraits/portrait_modifiers/01_clothes.txt:316

[09:18:57][jomini_trigger.cpp:224]: PostValidate of trigger 'has_template' returned false at gfx/portraits/portrait_modifiers/01_clothes.txt:316
[09:18:57][jomini_script_system.cpp:247]: Script system error!
  Error: has_template trigger [ Invalid database object 'rus_lenin_character_template' ]
  Script location: gfx/portraits/portrait_modifiers/01_clothes.txt:499

[09:18:57][jomini_trigger.cpp:224]: PostValidate of trigger 'has_template' returned false at gfx/portraits/portrait_modifiers/01_clothes.txt:499
[09:18:57][jomini_script_system.cpp:247]: Script system error!
  Error: has_template trigger [ Invalid database object 'rus_mikhail_bakunin_character_template' ]
  Script location: gfx/portraits/portrait_modifiers/01_clothes.txt:541

[09:18:57][jomini_trigger.cpp:224]: PostValidate of trigger 'has_template' returned false at gfx/portraits/portrait_modifiers/01_clothes.txt:541
[09:18:57][jomini_script_system.cpp:247]: Script system error!
  Error: has_template trigger [ Invalid database object 'gbr_william_hanover_template' ]
  Script location: gfx/portraits/portrait_modifiers/01_clothes.txt:658

[09:18:57][jomini_trigger.cpp:224]: PostValidate of trigger 'has_template' returned false at gfx/portraits/portrait_modifiers/01_clothes.txt:658
[09:18:57][jomini_script_system.cpp:247]: Script system error!
  Error: has_template trigger [ Invalid database object 'gbr_charles_dickens_character_template' ]
  Script location: gfx/portraits/portrait_modifiers/01_clothes.txt:789

[09:18:57][jomini_trigger.cpp:224]: PostValidate of trigger 'has_template' returned false at gfx/portraits/portrait_modifiers/01_clothes.txt:789
[09:18:57][jomini_script_system.cpp:247]: Script system error!
  Error: has_template trigger [ Invalid database object 'gbr_pankhurst_character_template' ]
  Script location: gfx/portraits/portrait_modifiers/01_clothes.txt:855

[09:18:57][jomini_trigger.cpp:224]: PostValidate of trigger 'has_template' returned false at gfx/portraits/portrait_modifiers/01_clothes.txt:855
[09:18:57][jomini_script_system.cpp:247]: Script system error!
  Error: has_template trigger [ Invalid database object 'rus_jaroslaw_dabrowski_character_template' ]
  Script location: gfx/portraits/portrait_modifiers/01_clothes.txt:1089

[09:18:57][jomini_trigger.cpp:224]: PostValidate of trigger 'has_template' returned false at gfx/portraits/portrait_modifiers/01_clothes.txt:1089
[09:18:57][jomini_script_system.cpp:247]: Script system error!
  Error: has_template trigger [ Invalid database object 'agitator_john_stuart_mill' ]
  Script location: gfx/portraits/portrait_modifiers/01_clothes.txt:1150

[09:18:57][jomini_trigger.cpp:224]: PostValidate of trigger 'has_template' returned false at gfx/portraits/portrait_modifiers/01_clothes.txt:1150
[09:18:57][jomini_script_system.cpp:247]: Script system error!
  Error: has_template trigger [ Invalid database object 'rus_pyotr_kropotkin_character_template' ]
  Script location: gfx/portraits/portrait_modifiers/01_clothes.txt:1242

[09:18:57][jomini_trigger.cpp:224]: PostValidate of trigger 'has_template' returned false at gfx/portraits/portrait_modifiers/01_clothes.txt:1242
[09:18:57][jomini_script_system.cpp:247]: Script system error!
  Error: has_template trigger [ Invalid database object 'agitator_nestor_makhno' ]
  Script location: gfx/portraits/portrait_modifiers/01_clothes.txt:1387

[09:18:57][jomini_trigger.cpp:224]: PostValidate of trigger 'has_template' returned false at gfx/portraits/portrait_modifiers/01_clothes.txt:1387
[09:18:57][jomini_script_system.cpp:247]: Script system error!
  Error: has_template trigger [ Invalid database object 'agitator_dmitry_ivanovich_pisarev' ]
  Script location: gfx/portraits/portrait_modifiers/01_clothes.txt:1535

[09:18:57][jomini_trigger.cpp:224]: PostValidate of trigger 'has_template' returned false at gfx/portraits/portrait_modifiers/01_clothes.txt:1535
[09:18:57][jomini_script_system.cpp:247]: Script system error!
  Error: has_template trigger [ Invalid database object 'chi_sun_yat_sen_character_template' ]
  Script location: gfx/portraits/portrait_modifiers/01_clothes.txt:1607

[09:18:57][jomini_trigger.cpp:224]: PostValidate of trigger 'has_template' returned false at gfx/portraits/portrait_modifiers/01_clothes.txt:1607
[09:18:57][jomini_script_system.cpp:247]: Script system error!
  Error: has_template trigger [ Invalid database object 'rus_leon_trotsky_character_template' ]
  Script location: gfx/portraits/portrait_modifiers/01_clothes.txt:1657

[09:18:57][jomini_trigger.cpp:224]: PostValidate of trigger 'has_template' returned false at gfx/portraits/portrait_modifiers/01_clothes.txt:1657
[09:18:57][jomini_script_system.cpp:247]: Script system error!
  Error: has_template trigger [ Invalid database object 'BRZ_virgulino_ferreira' ]
  Script location: gfx/portraits/portrait_modifiers/01_clothes.txt:1794

[09:18:57][jomini_trigger.cpp:224]: PostValidate of trigger 'has_template' returned false at gfx/portraits/portrait_modifiers/01_clothes.txt:1794
[09:18:57][jomini_script_system.cpp:247]: Script system error!
  Error: has_template trigger [ Invalid database object 'BRZ_getulio_vargas_character_template' ]
  Script location: gfx/portraits/portrait_modifiers/01_clothes.txt:1827

[09:18:57][jomini_trigger.cpp:224]: PostValidate of trigger 'has_template' returned false at gfx/portraits/portrait_modifiers/01_clothes.txt:1827
[09:18:57][jomini_script_system.cpp:247]: Script system error!
  Error: has_template trigger [ Invalid database object 'gbr_george_curzon' ]
  Script location: gfx/portraits/portrait_modifiers/01_clothes.txt:1987

[09:18:57][jomini_trigger.cpp:224]: PostValidate of trigger 'has_template' returned false at gfx/portraits/portrait_modifiers/01_clothes.txt:1987
[09:18:57][jomini_script_system.cpp:247]: Script system error!
  Error: has_template trigger [ Invalid database object 'BIC_amy_carmichael' ]
  Script location: gfx/portraits/portrait_modifiers/01_clothes.txt:2089

[09:18:57][jomini_trigger.cpp:224]: PostValidate of trigger 'has_template' returned false at gfx/portraits/portrait_modifiers/01_clothes.txt:2089
[09:18:57][jomini_script_system.cpp:247]: Script system error!
  Error: has_template trigger [ Invalid database object 'BIC_sarojini_naidu' ]
  Script location: gfx/portraits/portrait_modifiers/01_clothes.txt:2121

[09:18:57][jomini_trigger.cpp:224]: PostValidate of trigger 'has_template' returned false at gfx/portraits/portrait_modifiers/01_clothes.txt:2121
[09:18:57][jomini_script_system.cpp:247]: Script system error!
  Error: has_template trigger [ Invalid database object 'BIC_bipin_chandra_pal' ]
  Script location: gfx/portraits/portrait_modifiers/01_clothes.txt:2146

[09:18:57][jomini_trigger.cpp:224]: PostValidate of trigger 'has_template' returned false at gfx/portraits/portrait_modifiers/01_clothes.txt:2146
[09:18:57][jomini_script_system.cpp:247]: Script system error!
  Error: has_template trigger [ Invalid database object 'BIC_charles_canning' ]
  Script location: gfx/portraits/portrait_modifiers/01_clothes.txt:2177

[09:18:57][jomini_trigger.cpp:224]: PostValidate of trigger 'has_template' returned false at gfx/portraits/portrait_modifiers/01_clothes.txt:2177
[09:18:57][jomini_script_system.cpp:247]: Script system error!
  Error: has_template trigger [ Invalid database object 'BIC_dadabhai_naoroji' ]
  Script location: gfx/portraits/portrait_modifiers/01_clothes.txt:2202

[09:18:57][jomini_trigger.cpp:224]: PostValidate of trigger 'has_template' returned false at gfx/portraits/portrait_modifiers/01_clothes.txt:2202
[09:18:57][jomini_script_system.cpp:247]: Script system error!
  Error: has_template trigger [ Invalid database object 'BIC_debendranath_tagore' ]
  Script location: gfx/portraits/portrait_modifiers/01_clothes.txt:2227

[09:18:57][jomini_trigger.cpp:224]: PostValidate of trigger 'has_template' returned false at gfx/portraits/portrait_modifiers/01_clothes.txt:2227
[09:18:57][jomini_script_system.cpp:247]: Script system error!
  Error: has_template trigger [ Invalid database object 'pan_dhian_singh' ]
  Script location: gfx/portraits/portrait_modifiers/01_clothes.txt:2252

[09:18:57][jomini_trigger.cpp:224]: PostValidate of trigger 'has_template' returned false at gfx/portraits/portrait_modifiers/01_clothes.txt:2252
[09:18:57][jomini_script_system.cpp:247]: Script system error!
  Error: has_template trigger [ Invalid database object 'pan_duleep_singh' ]
  Script location: gfx/portraits/portrait_modifiers/01_clothes.txt:2291

[09:18:57][jomini_trigger.cpp:224]: PostValidate of trigger 'has_template' returned false at gfx/portraits/portrait_modifiers/01_clothes.txt:2291
[09:18:57][jomini_script_system.cpp:247]: Script system error!
  Error: has_template trigger [ Invalid database object 'KAS_gulab_singh' ]
  Script location: gfx/portraits/portrait_modifiers/01_clothes.txt:2317

[09:18:57][jomini_trigger.cpp:224]: PostValidate of trigger 'has_template' returned false at gfx/portraits/portrait_modifiers/01_clothes.txt:2317
[09:18:57][jomini_script_system.cpp:247]: Script system error!
  Error: has_template trigger [ Invalid database object 'BIC_henry_petty-fitzmaurice' ]
  Script location: gfx/portraits/portrait_modifiers/01_clothes.txt:2342

[09:18:57][jomini_trigger.cpp:224]: PostValidate of trigger 'has_template' returned false at gfx/portraits/portrait_modifiers/01_clothes.txt:2342
[09:18:57][jomini_script_system.cpp:247]: Script system error!
  Error: has_template trigger [ Invalid database object 'BIC_jamshedji_tata' ]
  Script location: gfx/portraits/portrait_modifiers/01_clothes.txt:2367

[09:18:57][jomini_trigger.cpp:224]: PostValidate of trigger 'has_template' returned false at gfx/portraits/portrait_modifiers/01_clothes.txt:2367
[09:18:57][jomini_script_system.cpp:247]: Script system error!
  Error: has_template trigger [ Invalid database object 'PAN_jind_kaur' ]
  Script location: gfx/portraits/portrait_modifiers/01_clothes.txt:2393

[09:18:57][jomini_trigger.cpp:224]: PostValidate of trigger 'has_template' returned false at gfx/portraits/portrait_modifiers/01_clothes.txt:2393
[09:18:57][jomini_script_system.cpp:247]: Script system error!
  Error: has_template trigger [ Invalid database object 'BIC_john_lawrence' ]
  Script location: gfx/portraits/portrait_modifiers/01_clothes.txt:2424

[09:18:57][jomini_trigger.cpp:224]: PostValidate of trigger 'has_template' returned false at gfx/portraits/portrait_modifiers/01_clothes.txt:2424
[09:18:57][jomini_script_system.cpp:247]: Script system error!
  Error: has_template trigger [ Invalid database object 'pan_kharak_singh' ]
  Script location: gfx/portraits/portrait_modifiers/01_clothes.txt:2449

[09:18:57][jomini_trigger.cpp:224]: PostValidate of trigger 'has_template' returned false at gfx/portraits/portrait_modifiers/01_clothes.txt:2449
[09:18:57][jomini_script_system.cpp:247]: Script system error!
  Error: has_template trigger [ Invalid database object 'BIC_lakshmeshwar_singh' ]
  Script location: gfx/portraits/portrait_modifiers/01_clothes.txt:2475

[09:18:57][jomini_trigger.cpp:224]: PostValidate of trigger 'has_template' returned false at gfx/portraits/portrait_modifiers/01_clothes.txt:2475
[09:18:57][jomini_script_system.cpp:247]: Script system error!
  Error: has_template trigger [ Invalid database object 'BIC_lala_lajpat_rai' ]
  Script location: gfx/portraits/portrait_modifiers/01_clothes.txt:2507

[09:18:57][jomini_trigger.cpp:224]: PostValidate of trigger 'has_template' returned false at gfx/portraits/portrait_modifiers/01_clothes.txt:2507
[09:18:57][jomini_script_system.cpp:247]: Script system error!
  Error: has_template trigger [ Invalid database object 'BIC_maulana_azad' ]
  Script location: gfx/portraits/portrait_modifiers/01_clothes.txt:2558

[09:18:57][jomini_trigger.cpp:224]: PostValidate of trigger 'has_template' returned false at gfx/portraits/portrait_modifiers/01_clothes.txt:2558
[09:18:57][jomini_script_system.cpp:247]: Script system error!
  Error: has_template trigger [ Invalid database object 'BIC_narayan_lokhande' ]
  Script location: gfx/portraits/portrait_modifiers/01_clothes.txt:2615

[09:18:57][jomini_trigger.cpp:224]: PostValidate of trigger 'has_template' returned false at gfx/portraits/portrait_modifiers/01_clothes.txt:2615
[09:18:57][jomini_script_system.cpp:247]: Script system error!
  Error: has_template trigger [ Invalid database object 'BIC_pandita_ramabai_sarasvati' ]
  Script location: gfx/portraits/portrait_modifiers/01_clothes.txt:2634

[09:18:57][jomini_trigger.cpp:224]: PostValidate of trigger 'has_template' returned false at gfx/portraits/portrait_modifiers/01_clothes.txt:2634
[09:18:57][jomini_script_system.cpp:247]: Script system error!
  Error: has_template trigger [ Invalid database object 'BIC_rabindranath_tagore' ]
  Script location: gfx/portraits/portrait_modifiers/01_clothes.txt:2659

[09:18:57][jomini_trigger.cpp:224]: PostValidate of trigger 'has_template' returned false at gfx/portraits/portrait_modifiers/01_clothes.txt:2659
[09:18:57][jomini_script_system.cpp:247]: Script system error!
  Error: has_template trigger [ Invalid database object 'BIC_reginald_dyer' ]
  Script location: gfx/portraits/portrait_modifiers/01_clothes.txt:2759

[09:18:57][jomini_trigger.cpp:224]: PostValidate of trigger 'has_template' returned false at gfx/portraits/portrait_modifiers/01_clothes.txt:2759
[09:18:57][jomini_script_system.cpp:247]: Script system error!
  Error: has_template trigger [ Invalid database object 'BIC_erode_venkatappa_ramasamy' ]
  Script location: gfx/portraits/portrait_modifiers/01_clothes.txt:2890

[09:18:57][jomini_trigger.cpp:224]: PostValidate of trigger 'has_template' returned false at gfx/portraits/portrait_modifiers/01_clothes.txt:2890
[09:18:57][jomini_script_system.cpp:247]: Script system error!
  Error: has_template trigger [ Invalid database object 'BIC_muhammad_ali_jinnah' ]
  Script location: gfx/portraits/portrait_modifiers/01_clothes.txt:2999

[09:18:57][jomini_trigger.cpp:224]: PostValidate of trigger 'has_template' returned false at gfx/portraits/portrait_modifiers/01_clothes.txt:2999
[09:18:57][jomini_script_system.cpp:247]: Script system error!
  Error: has_template trigger [ Invalid database object 'BIC_mohandas_karamchand_gandhi' ]
  Script location: gfx/portraits/portrait_modifiers/01_clothes.txt:3033

[09:18:57][jomini_trigger.cpp:224]: PostValidate of trigger 'has_template' returned false at gfx/portraits/portrait_modifiers/01_clothes.txt:3033
[09:18:57][jomini_script_system.cpp:247]: Script system error!
  Error: has_template trigger [ Invalid database object 'BIC_jawaharlal_nehru' ]
  Script location: gfx/portraits/portrait_modifiers/01_clothes.txt:3061

[09:18:57][jomini_trigger.cpp:224]: PostValidate of trigger 'has_template' returned false at gfx/portraits/portrait_modifiers/01_clothes.txt:3061
[09:18:57][jomini_script_system.cpp:247]: Script system error!
  Error: has_template trigger [ Invalid database object 'BIC_bal_gangadhar_tilak' ]
  Script location: gfx/portraits/portrait_modifiers/01_clothes.txt:3096

[09:18:57][jomini_trigger.cpp:224]: PostValidate of trigger 'has_template' returned false at gfx/portraits/portrait_modifiers/01_clothes.txt:3096
[09:18:57][jomini_script_system.cpp:247]: Script system error!
  Error: has_template trigger [ Invalid database object 'BIC_gopal_gokhale' ]
  Script location: gfx/portraits/portrait_modifiers/01_clothes.txt:3097

[09:18:57][jomini_trigger.cpp:224]: PostValidate of trigger 'has_template' returned false at gfx/portraits/portrait_modifiers/01_clothes.txt:3097
[09:18:57][jomini_script_system.cpp:247]: Script system error!
  Error: has_template trigger [ Invalid database object 'BIC_amy_carmichael' ]
  Script location: gfx/portraits/portrait_modifiers/01_clothes.txt:3159

[09:18:57][jomini_trigger.cpp:224]: PostValidate of trigger 'has_template' returned false at gfx/portraits/portrait_modifiers/01_clothes.txt:3159
[09:18:57][jomini_script_system.cpp:247]: Script system error!
  Error: has_template trigger [ Invalid database object 'BIC_motilal_nehru' ]
  Script location: gfx/portraits/portrait_modifiers/01_clothes.txt:3192

[09:18:57][jomini_trigger.cpp:224]: PostValidate of trigger 'has_template' returned false at gfx/portraits/portrait_modifiers/01_clothes.txt:3192
[09:18:57][jomini_script_system.cpp:247]: Script system error!
  Error: has_template trigger [ Invalid database object 'BIC_mithuben_petit' ]
  Script location: gfx/portraits/portrait_modifiers/01_clothes.txt:3220

[09:18:57][jomini_trigger.cpp:224]: PostValidate of trigger 'has_template' returned false at gfx/portraits/portrait_modifiers/01_clothes.txt:3220
[09:18:57][jomini_script_system.cpp:247]: Script system error!
  Error: has_template trigger [ Invalid database object 'BIC_damodar_hari_chapekar' ]
  Script location: gfx/portraits/portrait_modifiers/01_clothes.txt:3254

[09:18:57][jomini_trigger.cpp:224]: PostValidate of trigger 'has_template' returned false at gfx/portraits/portrait_modifiers/01_clothes.txt:3254
[09:18:57][jomini_script_system.cpp:247]: Script system error!
  Error: has_template trigger [ Invalid database object 'BIC_jiddu_krishnamurti' ]
  Script location: gfx/portraits/portrait_modifiers/01_clothes.txt:3281

[09:18:57][jomini_trigger.cpp:224]: PostValidate of trigger 'has_template' returned false at gfx/portraits/portrait_modifiers/01_clothes.txt:3281
[09:18:57][jomini_script_system.cpp:247]: Script system error!
  Error: has_template trigger [ Invalid database object 'BIC_khudiram_bose' ]
  Script location: gfx/portraits/portrait_modifiers/01_clothes.txt:3308

[09:18:57][jomini_trigger.cpp:224]: PostValidate of trigger 'has_template' returned false at gfx/portraits/portrait_modifiers/01_clothes.txt:3308
[09:18:57][jomini_script_system.cpp:247]: Script system error!
  Error: has_template trigger [ Invalid database object 'BIC_JOD_pratap_singh_of_idar' ]
  Script location: gfx/portraits/portrait_modifiers/01_clothes.txt:3341

[09:18:57][jomini_trigger.cpp:224]: PostValidate of trigger 'has_template' returned false at gfx/portraits/portrait_modifiers/01_clothes.txt:3341
[09:18:57][jomini_script_system.cpp:247]: Script system error!
  Error: has_template trigger [ Invalid database object 'BIC_swami_vivkananda' ]
  Script location: gfx/portraits/portrait_modifiers/01_clothes.txt:3383

[09:18:57][jomini_trigger.cpp:224]: PostValidate of trigger 'has_template' returned false at gfx/portraits/portrait_modifiers/01_clothes.txt:3383
[09:18:57][jomini_script_system.cpp:247]: Script system error!
  Error: has_template trigger [ Invalid database object 'BIC_amritlal_thakkar' ]
  Script location: gfx/portraits/portrait_modifiers/01_clothes.txt:3409

[09:18:57][jomini_trigger.cpp:224]: PostValidate of trigger 'has_template' returned false at gfx/portraits/portrait_modifiers/01_clothes.txt:3409
[09:18:57][jomini_script_system.cpp:247]: Script system error!
  Error: has_template trigger [ Invalid database object 'PAN_lal_singh' ]
  Script location: gfx/portraits/portrait_modifiers/01_clothes.txt:3435

[09:18:57][jomini_trigger.cpp:224]: PostValidate of trigger 'has_template' returned false at gfx/portraits/portrait_modifiers/01_clothes.txt:3435
[09:18:57][jomini_script_system.cpp:247]: Script system error!
  Error: has_template trigger [ Invalid database object 'PAN_chand_kaur' ]
  Script location: gfx/portraits/portrait_modifiers/01_clothes.txt:3462

[09:18:57][jomini_trigger.cpp:224]: PostValidate of trigger 'has_template' returned false at gfx/portraits/portrait_modifiers/01_clothes.txt:3462
[09:18:57][jomini_script_system.cpp:247]: Script system error!
  Error: has_template trigger [ Invalid database object 'BIC_henry_godwin' ]
  Script location: gfx/portraits/portrait_modifiers/01_clothes.txt:3488

[09:18:57][jomini_trigger.cpp:224]: PostValidate of trigger 'has_template' returned false at gfx/portraits/portrait_modifiers/01_clothes.txt:3488
[09:18:57][jomini_script_system.cpp:247]: Script system error!
  Error: has_template trigger [ Invalid database object 'GBR_annie_besant' ]
  Script location: gfx/portraits/portrait_modifiers/01_clothes.txt:3509

[09:18:57][jomini_trigger.cpp:224]: PostValidate of trigger 'has_template' returned false at gfx/portraits/portrait_modifiers/01_clothes.txt:3509
[09:18:57][jomini_script_system.cpp:247]: Script system error!
  Error: has_template trigger [ Invalid database object 'BIC_bhimrao_ramji_ambedkar' ]
  Script location: gfx/portraits/portrait_modifiers/01_clothes.txt:3541

[09:18:57][jomini_trigger.cpp:224]: PostValidate of trigger 'has_template' returned false at gfx/portraits/portrait_modifiers/01_clothes.txt:3541
[09:18:57][jomini_script_system.cpp:247]: Script system error!
  Error: has_template trigger [ Invalid database object 'BIC_udham_singh' ]
  Script location: gfx/portraits/portrait_modifiers/01_clothes.txt:3574

[09:18:57][jomini_trigger.cpp:224]: PostValidate of trigger 'has_template' returned false at gfx/portraits/portrait_modifiers/01_clothes.txt:3574
[09:18:57][jomini_script_system.cpp:247]: Script system error!
  Error: has_template trigger [ Invalid database object 'BIC_bhagat_singh' ]
  Script location: gfx/portraits/portrait_modifiers/01_clothes.txt:3601

[09:18:57][jomini_trigger.cpp:224]: PostValidate of trigger 'has_template' returned false at gfx/portraits/portrait_modifiers/01_clothes.txt:3601
[09:18:57][jomini_script_system.cpp:247]: Script system error!
  Error: has_template trigger [ Invalid database object 'BIC_dwarkanath_tagore' ]
  Script location: gfx/portraits/portrait_modifiers/01_clothes.txt:3622

[09:18:57][jomini_trigger.cpp:224]: PostValidate of trigger 'has_template' returned false at gfx/portraits/portrait_modifiers/01_clothes.txt:3622
[09:18:57][jomini_script_system.cpp:247]: Script system error!
  Error: has_template trigger [ Invalid database object 'BIC_radhakanta_deb' ]
  Script location: gfx/portraits/portrait_modifiers/01_clothes.txt:3642

[09:18:57][jomini_trigger.cpp:224]: PostValidate of trigger 'has_template' returned false at gfx/portraits/portrait_modifiers/01_clothes.txt:3642
[09:18:57][jomini_script_system.cpp:247]: Script system error!
  Error: has_template trigger [ Invalid database object 'GBR_florence_nightingale' ]
  Script location: gfx/portraits/portrait_modifiers/01_clothes.txt:3662

[09:18:57][jomini_trigger.cpp:224]: PostValidate of trigger 'has_template' returned false at gfx/portraits/portrait_modifiers/01_clothes.txt:3662
[09:18:57][jomini_script_system.cpp:247]: Script system error!
  Error: has_template trigger [ Invalid database object 'aus_klemens_von_metternich' ]
  Script location: gfx/portraits/portrait_modifiers/01_clothes.txt:3698

[09:18:57][jomini_trigger.cpp:224]: PostValidate of trigger 'has_template' returned false at gfx/portraits/portrait_modifiers/01_clothes.txt:3698
[09:18:57][jomini_script_system.cpp:247]: Script system error!
  Error: has_template trigger [ Invalid database object 'POR_miguel_i_de_braganca_template' ]
  Script location: gfx/portraits/portrait_modifiers/01_clothes.txt:3819

[09:18:57][jomini_trigger.cpp:224]: PostValidate of trigger 'has_template' returned false at gfx/portraits/portrait_modifiers/01_clothes.txt:3819
[09:18:57][jomini_script_system.cpp:247]: Script system error!
  Error: has_template trigger [ Invalid database object 'SER_milos_obrenovic' ]
  Script location: gfx/portraits/portrait_modifiers/01_clothes.txt:3857

[09:18:57][jomini_trigger.cpp:224]: PostValidate of trigger 'has_template' returned false at gfx/portraits/portrait_modifiers/01_clothes.txt:3857
[09:18:57][jomini_script_system.cpp:247]: Script system error!
  Error: has_template trigger [ Invalid database object 'SER_milan_obrenovic' ]
  Script location: gfx/portraits/portrait_modifiers/01_clothes.txt:3901

[09:18:57][jomini_trigger.cpp:224]: PostValidate of trigger 'has_template' returned false at gfx/portraits/portrait_modifiers/01_clothes.txt:3901
[09:18:57][jomini_script_system.cpp:247]: Script system error!
  Error: has_template trigger [ Invalid database object 'SER_mihailo_obrenovic' ]
  Script location: gfx/portraits/portrait_modifiers/01_clothes.txt:3945

[09:18:57][jomini_trigger.cpp:224]: PostValidate of trigger 'has_template' returned false at gfx/portraits/portrait_modifiers/01_clothes.txt:3945
[09:18:57][jomini_script_system.cpp:247]: Script system error!
  Error: has_template trigger [ Invalid database object 'AUS_baron_alexander_von_bach' ]
  Script location: gfx/portraits/portrait_modifiers/01_clothes.txt:4025

[09:18:57][jomini_trigger.cpp:224]: PostValidate of trigger 'has_template' returned false at gfx/portraits/portrait_modifiers/01_clothes.txt:4025
[09:18:57][jomini_script_system.cpp:247]: Script system error!
  Error: has_template trigger [ Invalid database object 'SER_alexandar_karadordevic' ]
  Script location: gfx/portraits/portrait_modifiers/01_clothes.txt:4070

[09:18:57][jomini_trigger.cpp:224]: PostValidate of trigger 'has_template' returned false at gfx/portraits/portrait_modifiers/01_clothes.txt:4070
[09:18:57][jomini_script_system.cpp:247]: Script system error!
  Error: has_template trigger [ Invalid database object 'aus_rudolf_habsburg' ]
  Script location: gfx/portraits/portrait_modifiers/01_clothes.txt:4164

[09:18:57][jomini_trigger.cpp:224]: PostValidate of trigger 'has_template' returned false at gfx/portraits/portrait_modifiers/01_clothes.txt:4164
[09:18:57][jomini_script_system.cpp:247]: Script system error!
  Error: has_template trigger [ Invalid database object 'aus_karl_I_habsburg' ]
  Script location: gfx/portraits/portrait_modifiers/01_clothes.txt:4209

[09:18:57][jomini_trigger.cpp:224]: PostValidate of trigger 'has_template' returned false at gfx/portraits/portrait_modifiers/01_clothes.txt:4209
[09:18:57][jomini_script_system.cpp:247]: Script system error!
  Error: has_template trigger [ Invalid database object 'aus_franz_ferdinand' ]
  Script location: gfx/portraits/portrait_modifiers/01_clothes.txt:4210

[09:18:57][jomini_trigger.cpp:224]: PostValidate of trigger 'has_template' returned false at gfx/portraits/portrait_modifiers/01_clothes.txt:4210
[09:18:57][jomini_script_system.cpp:247]: Script system error!
  Error: has_template trigger [ Invalid database object 'aus_maximilian_I_habsburg_template' ]
  Script location: gfx/portraits/portrait_modifiers/01_clothes.txt:4243

[09:18:57][jomini_trigger.cpp:224]: PostValidate of trigger 'has_template' returned false at gfx/portraits/portrait_modifiers/01_clothes.txt:4243
[09:18:57][jomini_script_system.cpp:247]: Script system error!
  Error: has_template trigger [ Invalid database object 'mon_petar_II_petrovic_njegos' ]
  Script location: gfx/portraits/portrait_modifiers/01_clothes.txt:4306

[09:18:57][jomini_trigger.cpp:224]: PostValidate of trigger 'has_template' returned false at gfx/portraits/portrait_modifiers/01_clothes.txt:4306
[09:18:57][jomini_script_system.cpp:247]: Script system error!
  Error: has_template trigger [ Invalid database object 'mon_danilo_petrovic_njegos' ]
  Script location: gfx/portraits/portrait_modifiers/01_clothes.txt:4307

[09:18:57][jomini_trigger.cpp:224]: PostValidate of trigger 'has_template' returned false at gfx/portraits/portrait_modifiers/01_clothes.txt:4307
[09:18:57][jomini_script_system.cpp:247]: Script system error!
  Error: has_template trigger [ Invalid database object 'mon_dordije_petrovic_njegos' ]
  Script location: gfx/portraits/portrait_modifiers/01_clothes.txt:4308

[09:18:57][jomini_trigger.cpp:224]: PostValidate of trigger 'has_template' returned false at gfx/portraits/portrait_modifiers/01_clothes.txt:4308
[09:18:57][jomini_script_system.cpp:247]: Script system error!
  Error: has_template trigger [ Invalid database object 'mon_nikola_petrovic_njegos' ]
  Script location: gfx/portraits/portrait_modifiers/01_clothes.txt:4309

[09:18:57][jomini_trigger.cpp:224]: PostValidate of trigger 'has_template' returned false at gfx/portraits/portrait_modifiers/01_clothes.txt:4309
[09:18:57][jomini_script_system.cpp:247]: Script system error!
  Error: has_template trigger [ Invalid database object 'mon_general_novica_cerovic' ]
  Script location: gfx/portraits/portrait_modifiers/01_clothes.txt:4310

[09:18:57][jomini_trigger.cpp:224]: PostValidate of trigger 'has_template' returned false at gfx/portraits/portrait_modifiers/01_clothes.txt:4310
[09:18:57][jomini_script_system.cpp:247]: Script system error!
  Error: has_template trigger [ Invalid database object 'mon_general_mirko_petrovic_njegos' ]
  Script location: gfx/portraits/portrait_modifiers/01_clothes.txt:4311

[09:18:57][jomini_trigger.cpp:224]: PostValidate of trigger 'has_template' returned false at gfx/portraits/portrait_modifiers/01_clothes.txt:4311
[09:18:57][jomini_script_system.cpp:247]: Script system error!
  Error: has_template trigger [ Invalid database object 'mon_general_petar_vukotić' ]
  Script location: gfx/portraits/portrait_modifiers/01_clothes.txt:4312

[09:18:57][jomini_trigger.cpp:224]: PostValidate of trigger 'has_template' returned false at gfx/portraits/portrait_modifiers/01_clothes.txt:4312
[09:18:57][jomini_script_system.cpp:247]: Script system error!
  Error: has_template trigger [ Invalid database object 'mon_ali_pasha_rizvanbegovic' ]
  Script location: gfx/portraits/portrait_modifiers/01_clothes.txt:4339

[09:18:57][jomini_trigger.cpp:224]: PostValidate of trigger 'has_template' returned false at gfx/portraits/portrait_modifiers/01_clothes.txt:4339
[09:18:57][jomini_script_system.cpp:247]: Script system error!
  Error: has_template trigger [ Invalid database object 'CUB_jose_marti' ]
  Script location: gfx/portraits/portrait_modifiers/01_clothes.txt:4372

[09:18:57][jomini_trigger.cpp:224]: PostValidate of trigger 'has_template' returned false at gfx/portraits/portrait_modifiers/01_clothes.txt:4372
[09:18:57][jomini_script_system.cpp:247]: Script system error!
  Error: has_template trigger [ Invalid database object 'SPA_antonio_canovas' ]
  Script location: gfx/portraits/portrait_modifiers/01_clothes.txt:4373

[09:18:57][jomini_trigger.cpp:224]: PostValidate of trigger 'has_template' returned false at gfx/portraits/portrait_modifiers/01_clothes.txt:4373
[09:18:57][jomini_script_system.cpp:247]: Script system error!
  Error: has_template trigger [ Invalid database object 'SPA_praxedes_sagasta' ]
  Script location: gfx/portraits/portrait_modifiers/01_clothes.txt:4374

[09:18:57][jomini_trigger.cpp:224]: PostValidate of trigger 'has_template' returned false at gfx/portraits/portrait_modifiers/01_clothes.txt:4374
[09:18:57][jomini_script_system.cpp:247]: Script system error!
  Error: has_template trigger [ Invalid database object 'SPA_pablo_iglesias_posse' ]
  Script location: gfx/portraits/portrait_modifiers/01_clothes.txt:4376

[09:18:57][jomini_trigger.cpp:224]: PostValidate of trigger 'has_template' returned false at gfx/portraits/portrait_modifiers/01_clothes.txt:4376
[09:18:57][jomini_script_system.cpp:247]: Script system error!
  Error: has_template trigger [ Invalid database object 'GBR_thomas_ismay' ]
  Script location: gfx/portraits/portrait_modifiers/01_clothes.txt:4377

[09:18:57][jomini_trigger.cpp:224]: PostValidate of trigger 'has_template' returned false at gfx/portraits/portrait_modifiers/01_clothes.txt:4377
[09:18:57][jomini_script_system.cpp:247]: Script system error!
  Error: has_template trigger [ Invalid database object 'GBR_joseph_ismay' ]
  Script location: gfx/portraits/portrait_modifiers/01_clothes.txt:4378

[09:18:57][jomini_trigger.cpp:224]: PostValidate of trigger 'has_template' returned false at gfx/portraits/portrait_modifiers/01_clothes.txt:4378
[09:18:57][jomini_script_system.cpp:247]: Script system error!
  Error: has_template trigger [ Invalid database object 'CUB_maximo_gomez' ]
  Script location: gfx/portraits/portrait_modifiers/01_clothes.txt:4435

[09:18:57][jomini_trigger.cpp:224]: PostValidate of trigger 'has_template' returned false at gfx/portraits/portrait_modifiers/01_clothes.txt:4435
[09:18:57][jomini_script_system.cpp:247]: Script system error!
  Error: has_template trigger [ Invalid database object 'CUB_antonio_maceo' ]
  Script location: gfx/portraits/portrait_modifiers/01_clothes.txt:4436

[09:18:57][jomini_trigger.cpp:224]: PostValidate of trigger 'has_template' returned false at gfx/portraits/portrait_modifiers/01_clothes.txt:4436
[09:18:57][jomini_script_system.cpp:247]: Script system error!
  Error: has_template trigger [ Invalid database object 'fra_auguste_comte_character_template' ]
  Script location: gfx/portraits/portrait_modifiers/01_clothes.txt:4469

[09:18:57][jomini_trigger.cpp:224]: PostValidate of trigger 'has_template' returned false at gfx/portraits/portrait_modifiers/01_clothes.txt:4469
[09:18:57][jomini_script_system.cpp:247]: Script system error!
  Error: has_template trigger [ Invalid database object 'swe_lars_magnus_ericsson' ]
  Script location: gfx/portraits/portrait_modifiers/01_clothes.txt:4535

[09:18:57][jomini_trigger.cpp:224]: PostValidate of trigger 'has_template' returned false at gfx/portraits/portrait_modifiers/01_clothes.txt:4535
[09:18:57][jomini_script_system.cpp:247]: Script system error!
  Error: has_template trigger [ Invalid database object 'CUB_carlos_manuel_de_cespedes' ]
  Script location: gfx/portraits/portrait_modifiers/01_clothes.txt:4536

[09:18:57][jomini_trigger.cpp:224]: PostValidate of trigger 'has_template' returned false at gfx/portraits/portrait_modifiers/01_clothes.txt:4536
[09:18:57][jomini_script_system.cpp:247]: Script system error!
  Error: has_template trigger [ Invalid database object 'SPA_emilio_castelar' ]
  Script location: gfx/portraits/portrait_modifiers/01_clothes.txt:4538

[09:18:57][jomini_trigger.cpp:224]: PostValidate of trigger 'has_template' returned false at gfx/portraits/portrait_modifiers/01_clothes.txt:4538
[09:18:57][jomini_script_system.cpp:247]: Script system error!
  Error: has_template trigger [ Invalid database object 'GBR_isambard_kingdom_brunel' ]
  Script location: gfx/portraits/portrait_modifiers/01_clothes.txt:4612

[09:18:57][jomini_trigger.cpp:224]: PostValidate of trigger 'has_template' returned false at gfx/portraits/portrait_modifiers/01_clothes.txt:4612
[09:18:57][jomini_script_system.cpp:247]: Script system error!
  Error: has_template trigger [ Invalid database object 'garibaldi_character_template' ]
  Script location: gfx/portraits/portrait_modifiers/01_clothes.txt:7285

[09:18:57][jomini_trigger.cpp:224]: PostValidate of trigger 'has_template' returned false at gfx/portraits/portrait_modifiers/01_clothes.txt:7285
[09:18:57][jomini_script_system.cpp:247]: Script system error!
  Error: is_unification_candidate trigger [ Invalid country formation ]
  Script location: gfx/portraits/portrait_modifiers/01_clothes.txt:7289

[09:18:57][jomini_trigger.cpp:224]: PostValidate of trigger 'is_unification_candidate' returned false at gfx/portraits/portrait_modifiers/01_clothes.txt:7289
[09:18:57][jomini_script_system.cpp:247]: Script system error!
  Error: has_government_type trigger [ Invalid database object 'gov_dual_monarchy' ]
  Script location: gfx/portraits/portrait_modifiers/01_clothes.txt:8512

[09:18:57][jomini_trigger.cpp:224]: PostValidate of trigger 'has_government_type' returned false at gfx/portraits/portrait_modifiers/01_clothes.txt:8512
[09:18:57][jomini_script_system.cpp:247]: Script system error!
  Error: has_government_type trigger [ Invalid database object 'gov_triple_monarchy' ]
  Script location: gfx/portraits/portrait_modifiers/01_clothes.txt:8513

[09:18:57][jomini_trigger.cpp:224]: PostValidate of trigger 'has_government_type' returned false at gfx/portraits/portrait_modifiers/01_clothes.txt:8513
[09:18:57][jomini_script_system.cpp:247]: Script system error!
  Error: has_government_type trigger [ Invalid database object 'gov_dual_monarchy' ]
  Script location: gfx/portraits/portrait_modifiers/01_clothes.txt:8556

[09:18:57][jomini_trigger.cpp:224]: PostValidate of trigger 'has_government_type' returned false at gfx/portraits/portrait_modifiers/01_clothes.txt:8556
[09:18:57][jomini_script_system.cpp:247]: Script system error!
  Error: has_government_type trigger [ Invalid database object 'gov_triple_monarchy' ]
  Script location: gfx/portraits/portrait_modifiers/01_clothes.txt:8557

[09:18:57][jomini_trigger.cpp:224]: PostValidate of trigger 'has_government_type' returned false at gfx/portraits/portrait_modifiers/01_clothes.txt:8557
[09:18:57][jomini_script_system.cpp:247]: Script system error!
  Error: has_government_type trigger [ Invalid database object 'gov_dual_monarchy' ]
  Script location: gfx/portraits/portrait_modifiers/01_clothes.txt:8750

[09:18:57][jomini_trigger.cpp:224]: PostValidate of trigger 'has_government_type' returned false at gfx/portraits/portrait_modifiers/01_clothes.txt:8750
[09:18:57][jomini_script_system.cpp:247]: Script system error!
  Error: has_government_type trigger [ Invalid database object 'gov_triple_monarchy' ]
  Script location: gfx/portraits/portrait_modifiers/01_clothes.txt:8751

[09:18:57][jomini_trigger.cpp:224]: PostValidate of trigger 'has_government_type' returned false at gfx/portraits/portrait_modifiers/01_clothes.txt:8751
[09:18:57][jomini_script_system.cpp:247]: Script system error!
  Error: has_government_type trigger [ Invalid database object 'gov_dual_monarchy' ]
  Script location: gfx/portraits/portrait_modifiers/01_clothes.txt:8800

[09:18:57][jomini_trigger.cpp:224]: PostValidate of trigger 'has_government_type' returned false at gfx/portraits/portrait_modifiers/01_clothes.txt:8800
[09:18:57][jomini_script_system.cpp:247]: Script system error!
  Error: has_government_type trigger [ Invalid database object 'gov_triple_monarchy' ]
  Script location: gfx/portraits/portrait_modifiers/01_clothes.txt:8801

[09:18:57][jomini_trigger.cpp:224]: PostValidate of trigger 'has_government_type' returned false at gfx/portraits/portrait_modifiers/01_clothes.txt:8801
[09:18:57][jomini_script_system.cpp:247]: Script system error!
  Error: has_template trigger [ Invalid database object 'SPA_baldomero_espartero' ]
  Script location: gfx/portraits/portrait_modifiers/01_clothes.txt:12974

[09:18:57][jomini_trigger.cpp:224]: PostValidate of trigger 'has_template' returned false at gfx/portraits/portrait_modifiers/01_clothes.txt:12974
[09:18:57][jomini_script_system.cpp:247]: Script system error!
  Error: has_template trigger [ Invalid database object 'FRA_francois-rene_de_chateaubriand' ]
  Script location: gfx/portraits/portrait_modifiers/01_clothes.txt:14474

[09:18:57][jomini_trigger.cpp:224]: PostValidate of trigger 'has_template' returned false at gfx/portraits/portrait_modifiers/01_clothes.txt:14474
[09:18:57][jomini_script_system.cpp:247]: Script system error!
  Error: has_template trigger [ Invalid database object 'FRA_francois-rene_de_chateaubriand' ]
  Script location: gfx/portraits/portrait_modifiers/01_clothes.txt:14526

[09:18:57][jomini_trigger.cpp:224]: PostValidate of trigger 'has_template' returned false at gfx/portraits/portrait_modifiers/01_clothes.txt:14526
[09:18:57][jomini_script_system.cpp:247]: Script system error!
  Error: has_template trigger [ Invalid database object 'FRA_francois-rene_de_chateaubriand' ]
  Script location: gfx/portraits/portrait_modifiers/01_clothes.txt:14569

[09:18:57][jomini_trigger.cpp:224]: PostValidate of trigger 'has_template' returned false at gfx/portraits/portrait_modifiers/01_clothes.txt:14569
[09:18:57][jomini_script_system.cpp:247]: Script system error!
  Error: has_template trigger [ Invalid database object 'JAP_aizawa_seishisai' ]
  Script location: gfx/portraits/portrait_modifiers/01_clothes.txt:18163

[09:18:57][jomini_trigger.cpp:224]: PostValidate of trigger 'has_template' returned false at gfx/portraits/portrait_modifiers/01_clothes.txt:18163
[09:18:57][jomini_script_system.cpp:247]: Script system error!
  Error: has_template trigger [ Invalid database object 'BRZ_getulio_vargas_character_template' ]
  Script location: gfx/portraits/portrait_modifiers/01_headgear.txt:23

[09:18:57][jomini_trigger.cpp:224]: PostValidate of trigger 'has_template' returned false at gfx/portraits/portrait_modifiers/01_headgear.txt:23
[09:18:57][jomini_script_system.cpp:247]: Script system error!
  Error: has_template trigger [ Invalid database object 'BIC_jiddu_krishnamurti' ]
  Script location: gfx/portraits/portrait_modifiers/01_headgear.txt:25

[09:18:57][jomini_trigger.cpp:224]: PostValidate of trigger 'has_template' returned false at gfx/portraits/portrait_modifiers/01_headgear.txt:25
[09:18:57][jomini_script_system.cpp:247]: Script system error!
  Error: has_template trigger [ Invalid database object 'BIC_khudiram_bose' ]
  Script location: gfx/portraits/portrait_modifiers/01_headgear.txt:26

[09:18:57][jomini_trigger.cpp:224]: PostValidate of trigger 'has_template' returned false at gfx/portraits/portrait_modifiers/01_headgear.txt:26
[09:18:57][jomini_script_system.cpp:247]: Script system error!
  Error: has_template trigger [ Invalid database object 'BIC_amy_carmichael' ]
  Script location: gfx/portraits/portrait_modifiers/01_headgear.txt:27

[09:18:57][jomini_trigger.cpp:224]: PostValidate of trigger 'has_template' returned false at gfx/portraits/portrait_modifiers/01_headgear.txt:27
[09:18:57][jomini_script_system.cpp:247]: Script system error!
  Error: has_template trigger [ Invalid database object 'BIC_charles_canning' ]
  Script location: gfx/portraits/portrait_modifiers/01_headgear.txt:28

[09:18:57][jomini_trigger.cpp:224]: PostValidate of trigger 'has_template' returned false at gfx/portraits/portrait_modifiers/01_headgear.txt:28
[09:18:57][jomini_script_system.cpp:247]: Script system error!
  Error: has_template trigger [ Invalid database object 'BIC_henry_petty-fitzmaurice' ]
  Script location: gfx/portraits/portrait_modifiers/01_headgear.txt:29

[09:18:57][jomini_trigger.cpp:224]: PostValidate of trigger 'has_template' returned false at gfx/portraits/portrait_modifiers/01_headgear.txt:29
[09:18:57][jomini_script_system.cpp:247]: Script system error!
  Error: has_template trigger [ Invalid database object 'BIC_jamshedji_tata' ]
  Script location: gfx/portraits/portrait_modifiers/01_headgear.txt:30

[09:18:57][jomini_trigger.cpp:224]: PostValidate of trigger 'has_template' returned false at gfx/portraits/portrait_modifiers/01_headgear.txt:30
[09:18:57][jomini_script_system.cpp:247]: Script system error!
  Error: has_template trigger [ Invalid database object 'BIC_pandita_ramabai_sarasvati' ]
  Script location: gfx/portraits/portrait_modifiers/01_headgear.txt:31

[09:18:57][jomini_trigger.cpp:224]: PostValidate of trigger 'has_template' returned false at gfx/portraits/portrait_modifiers/01_headgear.txt:31
[09:18:57][jomini_script_system.cpp:247]: Script system error!
  Error: has_template trigger [ Invalid database object 'BIC_reginald_dyer' ]
  Script location: gfx/portraits/portrait_modifiers/01_headgear.txt:32

[09:18:57][jomini_trigger.cpp:224]: PostValidate of trigger 'has_template' returned false at gfx/portraits/portrait_modifiers/01_headgear.txt:32
[09:18:57][jomini_script_system.cpp:247]: Script system error!
  Error: has_template trigger [ Invalid database object 'aus_klemens_von_metternich' ]
  Script location: gfx/portraits/portrait_modifiers/01_headgear.txt:33

[09:18:57][jomini_trigger.cpp:224]: PostValidate of trigger 'has_template' returned false at gfx/portraits/portrait_modifiers/01_headgear.txt:33
[09:18:57][jomini_script_system.cpp:247]: Script system error!
  Error: has_template trigger [ Invalid database object 'mon_dordije_petrovic_njegos' ]
  Script location: gfx/portraits/portrait_modifiers/01_headgear.txt:34

[09:18:57][jomini_trigger.cpp:224]: PostValidate of trigger 'has_template' returned false at gfx/portraits/portrait_modifiers/01_headgear.txt:34
[09:18:57][jomini_script_system.cpp:247]: Script system error!
  Error: has_template trigger [ Invalid database object 'RUS_alexander_fyodorovich_kerensky' ]
  Script location: gfx/portraits/portrait_modifiers/01_headgear.txt:36

[09:18:57][jomini_trigger.cpp:224]: PostValidate of trigger 'has_template' returned false at gfx/portraits/portrait_modifiers/01_headgear.txt:36
[09:18:57][jomini_script_system.cpp:247]: Script system error!
  Error: has_template trigger [ Invalid database object 'fra_auguste_comte_character_template' ]
  Script location: gfx/portraits/portrait_modifiers/01_headgear.txt:37

[09:18:57][jomini_trigger.cpp:224]: PostValidate of trigger 'has_template' returned false at gfx/portraits/portrait_modifiers/01_headgear.txt:37
[09:18:57][jomini_script_system.cpp:247]: Script system error!
  Error: has_template trigger [ Invalid database object 'rus_lenin_character_template' ]
  Script location: gfx/portraits/portrait_modifiers/01_headgear.txt:41

[09:18:57][jomini_trigger.cpp:224]: PostValidate of trigger 'has_template' returned false at gfx/portraits/portrait_modifiers/01_headgear.txt:41
[09:18:57][jomini_script_system.cpp:247]: Script system error!
  Error: has_template trigger [ Invalid database object 'gbr_pankhurst_character_template' ]
  Script location: gfx/portraits/portrait_modifiers/01_headgear.txt:42

[09:18:57][jomini_trigger.cpp:224]: PostValidate of trigger 'has_template' returned false at gfx/portraits/portrait_modifiers/01_headgear.txt:42
[09:18:57][jomini_script_system.cpp:247]: Script system error!
  Error: has_template trigger [ Invalid database object 'GBR_thomas_ismay' ]
  Script location: gfx/portraits/portrait_modifiers/01_headgear.txt:45

[09:18:57][jomini_trigger.cpp:224]: PostValidate of trigger 'has_template' returned false at gfx/portraits/portrait_modifiers/01_headgear.txt:45
[09:18:57][jomini_script_system.cpp:247]: Script system error!
  Error: has_template trigger [ Invalid database object 'GBR_joseph_ismay' ]
  Script location: gfx/portraits/portrait_modifiers/01_headgear.txt:46

[09:18:57][jomini_trigger.cpp:224]: PostValidate of trigger 'has_template' returned false at gfx/portraits/portrait_modifiers/01_headgear.txt:46
[09:18:57][jomini_script_system.cpp:247]: Script system error!
  Error: has_template trigger [ Invalid database object 'BRZ_virgulino_ferreira' ]
  Script location: gfx/portraits/portrait_modifiers/01_headgear.txt:155

[09:18:57][jomini_trigger.cpp:224]: PostValidate of trigger 'has_template' returned false at gfx/portraits/portrait_modifiers/01_headgear.txt:155
[09:18:57][jomini_script_system.cpp:247]: Script system error!
  Error: has_template trigger [ Invalid database object 'rus_lenin_character_template' ]
  Script location: gfx/portraits/portrait_modifiers/01_headgear.txt:273

[09:18:57][jomini_trigger.cpp:224]: PostValidate of trigger 'has_template' returned false at gfx/portraits/portrait_modifiers/01_headgear.txt:273
[09:18:57][jomini_script_system.cpp:247]: Script system error!
  Error: has_template trigger [ Invalid database object 'gbr_pankhurst_character_template' ]
  Script location: gfx/portraits/portrait_modifiers/01_headgear.txt:295

[09:18:57][jomini_trigger.cpp:224]: PostValidate of trigger 'has_template' returned false at gfx/portraits/portrait_modifiers/01_headgear.txt:295
[09:18:57][jomini_script_system.cpp:247]: Script system error!
  Error: has_template trigger [ Invalid database object 'pan_duleep_singh' ]
  Script location: gfx/portraits/portrait_modifiers/01_headgear.txt:436

[09:18:57][jomini_trigger.cpp:224]: PostValidate of trigger 'has_template' returned false at gfx/portraits/portrait_modifiers/01_headgear.txt:436
[09:18:57][jomini_script_system.cpp:247]: Script system error!
  Error: has_template trigger [ Invalid database object 'BIC_mithuben_petit' ]
  Script location: gfx/portraits/portrait_modifiers/01_headgear.txt:461

[09:18:57][jomini_trigger.cpp:224]: PostValidate of trigger 'has_template' returned false at gfx/portraits/portrait_modifiers/01_headgear.txt:461
[09:18:57][jomini_script_system.cpp:247]: Script system error!
  Error: has_template trigger [ Invalid database object 'BIC_JOD_pratap_singh_of_idar' ]
  Script location: gfx/portraits/portrait_modifiers/01_headgear.txt:482

[09:18:57][jomini_trigger.cpp:224]: PostValidate of trigger 'has_template' returned false at gfx/portraits/portrait_modifiers/01_headgear.txt:482
[09:18:57][jomini_script_system.cpp:247]: Script system error!
  Error: has_template trigger [ Invalid database object 'BIC_JOD_pratap_singh_of_idar' ]
  Script location: gfx/portraits/portrait_modifiers/01_headgear.txt:526

[09:18:57][jomini_trigger.cpp:224]: PostValidate of trigger 'has_template' returned false at gfx/portraits/portrait_modifiers/01_headgear.txt:526
[09:18:57][jomini_script_system.cpp:247]: Script system error!
  Error: has_template trigger [ Invalid database object 'BIC_jawaharlal_nehru' ]
  Script location: gfx/portraits/portrait_modifiers/01_headgear.txt:585

[09:18:57][jomini_trigger.cpp:224]: PostValidate of trigger 'has_template' returned false at gfx/portraits/portrait_modifiers/01_headgear.txt:585
[09:18:57][jomini_script_system.cpp:247]: Script system error!
  Error: has_template trigger [ Invalid database object 'BIC_muhammad_ali_jinnah' ]
  Script location: gfx/portraits/portrait_modifiers/01_headgear.txt:650

[09:18:57][jomini_trigger.cpp:224]: PostValidate of trigger 'has_template' returned false at gfx/portraits/portrait_modifiers/01_headgear.txt:650
[09:18:57][jomini_script_system.cpp:247]: Script system error!
  Error: has_template trigger [ Invalid database object 'BIC_dwarkanath_tagore' ]
  Script location: gfx/portraits/portrait_modifiers/01_headgear.txt:673

[09:18:57][jomini_trigger.cpp:224]: PostValidate of trigger 'has_template' returned false at gfx/portraits/portrait_modifiers/01_headgear.txt:673
[09:18:57][jomini_script_system.cpp:247]: Script system error!
  Error: has_template trigger [ Invalid database object 'BIC_bhagat_singh' ]
  Script location: gfx/portraits/portrait_modifiers/01_headgear.txt:696

[09:18:57][jomini_trigger.cpp:224]: PostValidate of trigger 'has_template' returned false at gfx/portraits/portrait_modifiers/01_headgear.txt:696
[09:18:57][jomini_script_system.cpp:247]: Script system error!
  Error: has_template trigger [ Invalid database object 'BIC_radhakanta_deb' ]
  Script location: gfx/portraits/portrait_modifiers/01_headgear.txt:719

[09:18:57][jomini_trigger.cpp:224]: PostValidate of trigger 'has_template' returned false at gfx/portraits/portrait_modifiers/01_headgear.txt:719
[09:18:57][jomini_script_system.cpp:247]: Script system error!
  Error: has_template trigger [ Invalid database object 'GBR_isambard_kingdom_brunel' ]
  Script location: gfx/portraits/portrait_modifiers/01_headgear.txt:765

[09:18:57][jomini_trigger.cpp:224]: PostValidate of trigger 'has_template' returned false at gfx/portraits/portrait_modifiers/01_headgear.txt:765
[09:18:57][jomini_script_system.cpp:247]: Script system error!
  Error: has_template trigger [ Invalid database object 'HBC_george_simpson' ]
  Script location: gfx/portraits/portrait_modifiers/01_headgear.txt:788

[09:18:57][jomini_trigger.cpp:224]: PostValidate of trigger 'has_template' returned false at gfx/portraits/portrait_modifiers/01_headgear.txt:788
[09:18:57][jomini_script_system.cpp:247]: Script system error!
  Error: has_template trigger [ Invalid database object 'BIC_george_eden' ]
  Script location: gfx/portraits/portrait_modifiers/01_headgear.txt:811

[09:18:57][jomini_trigger.cpp:224]: PostValidate of trigger 'has_template' returned false at gfx/portraits/portrait_modifiers/01_headgear.txt:811
[09:18:57][jomini_script_system.cpp:247]: Script system error!
  Error: has_template trigger [ Invalid database object 'GBR_john_maple' ]
  Script location: gfx/portraits/portrait_modifiers/01_headgear.txt:880

[09:18:57][jomini_trigger.cpp:224]: PostValidate of trigger 'has_template' returned false at gfx/portraits/portrait_modifiers/01_headgear.txt:880
[09:18:57][jomini_script_system.cpp:247]: Script system error!
  Error: has_template trigger [ Invalid database object 'mon_petar_II_petrovic_njegos' ]
  Script location: gfx/portraits/portrait_modifiers/01_headgear.txt:949

[09:18:57][jomini_trigger.cpp:224]: PostValidate of trigger 'has_template' returned false at gfx/portraits/portrait_modifiers/01_headgear.txt:949
[09:18:57][jomini_script_system.cpp:247]: Script system error!
  Error: has_template trigger [ Invalid database object 'mon_nikola_petrovic_njegos' ]
  Script location: gfx/portraits/portrait_modifiers/01_headgear.txt:950

[09:18:57][jomini_trigger.cpp:224]: PostValidate of trigger 'has_template' returned false at gfx/portraits/portrait_modifiers/01_headgear.txt:950
[09:18:57][jomini_script_system.cpp:247]: Script system error!
  Error: has_template trigger [ Invalid database object 'mon_general_novica_cerovic' ]
  Script location: gfx/portraits/portrait_modifiers/01_headgear.txt:951

[09:18:57][jomini_trigger.cpp:224]: PostValidate of trigger 'has_template' returned false at gfx/portraits/portrait_modifiers/01_headgear.txt:951
[09:18:57][jomini_script_system.cpp:247]: Script system error!
  Error: has_template trigger [ Invalid database object 'mon_ali_pasha_rizvanbegovic' ]
  Script location: gfx/portraits/portrait_modifiers/01_headgear.txt:972

[09:18:57][jomini_trigger.cpp:224]: PostValidate of trigger 'has_template' returned false at gfx/portraits/portrait_modifiers/01_headgear.txt:972
[09:18:57][jomini_script_system.cpp:247]: Script system error!
  Error: has_template trigger [ Invalid database object 'mon_general_mirko_petrovic_njegos' ]
  Script location: gfx/portraits/portrait_modifiers/01_headgear.txt:992

[09:18:57][jomini_trigger.cpp:224]: PostValidate of trigger 'has_template' returned false at gfx/portraits/portrait_modifiers/01_headgear.txt:992
[09:18:57][jomini_script_system.cpp:247]: Script system error!
  Error: has_template trigger [ Invalid database object 'agitator_john_stuart_mill' ]
  Script location: gfx/portraits/portrait_modifiers/01_headgear.txt:1107

[09:18:57][jomini_trigger.cpp:224]: PostValidate of trigger 'has_template' returned false at gfx/portraits/portrait_modifiers/01_headgear.txt:1107
[09:18:57][jomini_script_system.cpp:247]: Script system error!
  Error: has_template trigger [ Invalid database object 'SPA_baldomero_espartero' ]
  Script location: gfx/portraits/portrait_modifiers/01_headgear.txt:3687

[09:18:57][jomini_trigger.cpp:224]: PostValidate of trigger 'has_template' returned false at gfx/portraits/portrait_modifiers/01_headgear.txt:3687
[09:18:57][jomini_script_system.cpp:247]: Script system error!
  Error: has_template trigger [ Invalid database object 'SPC_carlos_v_de_borbon_template' ]
  Script location: gfx/portraits/portrait_modifiers/01_headgear.txt:4231

[09:18:57][jomini_trigger.cpp:224]: PostValidate of trigger 'has_template' returned false at gfx/portraits/portrait_modifiers/01_headgear.txt:4231
[09:18:57][jomini_script_system.cpp:247]: Script system error!
  Error: has_template trigger [ Invalid database object 'SPC_carlos_vi_de_borbon_template' ]
  Script location: gfx/portraits/portrait_modifiers/01_headgear.txt:4232

[09:18:57][jomini_trigger.cpp:224]: PostValidate of trigger 'has_template' returned false at gfx/portraits/portrait_modifiers/01_headgear.txt:4232
[09:18:57][jomini_script_system.cpp:247]: Script system error!
  Error: has_template trigger [ Invalid database object 'SPC_juan_iii_de_borbon_template' ]
  Script location: gfx/portraits/portrait_modifiers/01_headgear.txt:4233

[09:18:57][jomini_trigger.cpp:224]: PostValidate of trigger 'has_template' returned false at gfx/portraits/portrait_modifiers/01_headgear.txt:4233
[09:18:57][jomini_script_system.cpp:247]: Script system error!
  Error: has_template trigger [ Invalid database object 'SPC_carlos_vii_de_borbon_template' ]
  Script location: gfx/portraits/portrait_modifiers/01_headgear.txt:4234

[09:18:57][jomini_trigger.cpp:224]: PostValidate of trigger 'has_template' returned false at gfx/portraits/portrait_modifiers/01_headgear.txt:4234
[09:18:57][jomini_script_system.cpp:247]: Script system error!
  Error: has_template trigger [ Invalid database object 'SPC_jaime_iii_de_borbon_template' ]
  Script location: gfx/portraits/portrait_modifiers/01_headgear.txt:4235

[09:18:57][jomini_trigger.cpp:224]: PostValidate of trigger 'has_template' returned false at gfx/portraits/portrait_modifiers/01_headgear.txt:4235
[09:18:57][jomini_script_system.cpp:247]: Script system error!
  Error: has_template trigger [ Invalid database object 'SPC_alfonso_i_de_borbon_template' ]
  Script location: gfx/portraits/portrait_modifiers/01_headgear.txt:4236

[09:18:57][jomini_trigger.cpp:224]: PostValidate of trigger 'has_template' returned false at gfx/portraits/portrait_modifiers/01_headgear.txt:4236
[09:18:57][jomini_script_system.cpp:247]: Script system error!
  Error: is_unification_candidate trigger [ Invalid country formation ]
  Script location: gfx/portraits/portrait_modifiers/01_headgear.txt:4304

[09:18:57][jomini_trigger.cpp:224]: PostValidate of trigger 'is_unification_candidate' returned false at gfx/portraits/portrait_modifiers/01_headgear.txt:4304
[09:18:57][jomini_script_system.cpp:247]: Script system error!
  Error: has_template trigger [ Invalid database object 'BIC_lakshmeshwar_singh' ]
  Script location: gfx/portraits/portrait_modifiers/01_headgear.txt:4435

[09:18:57][jomini_trigger.cpp:224]: PostValidate of trigger 'has_template' returned false at gfx/portraits/portrait_modifiers/01_headgear.txt:4435
[09:18:57][jomini_script_system.cpp:247]: Script system error!
  Error: has_template trigger [ Invalid database object 'KAS_gulab_singh' ]
  Script location: gfx/portraits/portrait_modifiers/01_headgear.txt:4436

[09:18:57][jomini_trigger.cpp:224]: PostValidate of trigger 'has_template' returned false at gfx/portraits/portrait_modifiers/01_headgear.txt:4436
[09:18:57][jomini_script_system.cpp:247]: Script system error!
  Error: has_template trigger [ Invalid database object 'PAN_chand_kaur' ]
  Script location: gfx/portraits/portrait_modifiers/01_headgear.txt:4493

[09:18:57][jomini_trigger.cpp:224]: PostValidate of trigger 'has_template' returned false at gfx/portraits/portrait_modifiers/01_headgear.txt:4493
[09:18:57][jomini_script_system.cpp:247]: Script system error!
  Error: has_template trigger [ Invalid database object 'PAN_jind_kaur' ]
  Script location: gfx/portraits/portrait_modifiers/01_headgear.txt:4494

[09:18:57][jomini_trigger.cpp:224]: PostValidate of trigger 'has_template' returned false at gfx/portraits/portrait_modifiers/01_headgear.txt:4494
[09:18:57][jomini_script_system.cpp:247]: Script system error!
  Error: has_template trigger [ Invalid database object 'BIC_narayan_lokhande' ]
  Script location: gfx/portraits/portrait_modifiers/01_headgear.txt:4606

[09:18:57][jomini_trigger.cpp:224]: PostValidate of trigger 'has_template' returned false at gfx/portraits/portrait_modifiers/01_headgear.txt:4606
[09:18:57][jomini_script_system.cpp:247]: Script system error!
  Error: has_template trigger [ Invalid database object 'PAN_lal_singh' ]
  Script location: gfx/portraits/portrait_modifiers/01_headgear.txt:4607

[09:18:57][jomini_trigger.cpp:224]: PostValidate of trigger 'has_template' returned false at gfx/portraits/portrait_modifiers/01_headgear.txt:4607
[09:18:57][jomini_script_system.cpp:247]: Script system error!
  Error: has_template trigger [ Invalid database object 'BIC_udham_singh' ]
  Script location: gfx/portraits/portrait_modifiers/01_headgear.txt:4608

[09:18:57][jomini_trigger.cpp:224]: PostValidate of trigger 'has_template' returned false at gfx/portraits/portrait_modifiers/01_headgear.txt:4608
[09:18:57][jomini_script_system.cpp:247]: Script system error!
  Error: has_template trigger [ Invalid database object 'BIC_lala_lajpat_rai' ]
  Script location: gfx/portraits/portrait_modifiers/01_headgear.txt:4609

[09:18:57][jomini_trigger.cpp:224]: PostValidate of trigger 'has_template' returned false at gfx/portraits/portrait_modifiers/01_headgear.txt:4609
[09:18:57][jomini_script_system.cpp:247]: Script system error!
  Error: has_template trigger [ Invalid database object 'BIC_maulana_azad' ]
  Script location: gfx/portraits/portrait_modifiers/01_headgear.txt:5502

[09:18:57][jomini_trigger.cpp:224]: PostValidate of trigger 'has_template' returned false at gfx/portraits/portrait_modifiers/01_headgear.txt:5502
[09:18:57][jomini_script_system.cpp:247]: Script system error!
  Error: can_form_nation trigger [ Invalid database object 'AFG' ]
  Script location: gfx/portraits/portrait_modifiers/01_headgear.txt:5633

[09:18:57][jomini_trigger.cpp:224]: PostValidate of trigger 'can_form_nation' returned false at gfx/portraits/portrait_modifiers/01_headgear.txt:5633
[09:18:57][jomini_script_system.cpp:247]: Script system error!
  Error: has_template trigger [ Invalid database object 'FRA_francois-rene_de_chateaubriand' ]
  Script location: gfx/portraits/portrait_modifiers/01_headgear.txt:5953

[09:18:57][jomini_trigger.cpp:224]: PostValidate of trigger 'has_template' returned false at gfx/portraits/portrait_modifiers/01_headgear.txt:5953
[09:18:57][jomini_script_system.cpp:247]: Script system error!
  Error: has_template trigger [ Invalid database object 'FRA_francois-rene_de_chateaubriand' ]
  Script location: gfx/portraits/portrait_modifiers/01_headgear.txt:6010

[09:18:57][jomini_trigger.cpp:224]: PostValidate of trigger 'has_template' returned false at gfx/portraits/portrait_modifiers/01_headgear.txt:6010
[09:18:57][jomini_script_system.cpp:247]: Script system error!
  Error: has_template trigger [ Invalid database object 'FRA_francois-rene_de_chateaubriand' ]
  Script location: gfx/portraits/portrait_modifiers/01_headgear.txt:6054

[09:18:57][jomini_trigger.cpp:224]: PostValidate of trigger 'has_template' returned false at gfx/portraits/portrait_modifiers/01_headgear.txt:6054
[09:18:57][jomini_script_system.cpp:247]: Script system error!
  Error: has_template trigger [ Invalid database object 'BIC_bal_gangadhar_tilak' ]
  Script location: gfx/portraits/portrait_modifiers/01_headgear.txt:6210

[09:18:57][jomini_trigger.cpp:224]: PostValidate of trigger 'has_template' returned false at gfx/portraits/portrait_modifiers/01_headgear.txt:6210
[09:18:57][jomini_script_system.cpp:247]: Script system error!
  Error: has_template trigger [ Invalid database object 'BIC_gopal_gokhale' ]
  Script location: gfx/portraits/portrait_modifiers/01_headgear.txt:6211

[09:18:57][jomini_trigger.cpp:224]: PostValidate of trigger 'has_template' returned false at gfx/portraits/portrait_modifiers/01_headgear.txt:6211
[09:18:57][jomini_script_system.cpp:247]: Script system error!
  Error: has_template trigger [ Invalid database object 'BIC_damodar_hari_chapekar' ]
  Script location: gfx/portraits/portrait_modifiers/01_headgear.txt:6212

[09:18:57][jomini_trigger.cpp:224]: PostValidate of trigger 'has_template' returned false at gfx/portraits/portrait_modifiers/01_headgear.txt:6212
[09:18:57][jomini_script_system.cpp:247]: Script system error!
  Error: has_journal_entry trigger [ Invalid database object 'je_tenpo_crisis' ]
  Script location: common/laws/00_bureaucracy.txt:156

[09:18:57][jomini_trigger.cpp:224]: PostValidate of trigger 'has_journal_entry' returned false at common/laws/00_bureaucracy.txt:156
[09:18:57][jomini_script_system.cpp:247]: Script system error!
  Error: has_journal_entry trigger [ Invalid database object 'je_tenpo_crisis' ]
  Script location: common/laws/00_bureaucracy.txt:200

[09:18:57][jomini_trigger.cpp:224]: PostValidate of trigger 'has_journal_entry' returned false at common/laws/00_bureaucracy.txt:200
[09:18:57][jomini_script_system.cpp:247]: Script system error!
  Error: has_journal_entry trigger [ Invalid database object 'je_tenpo_crisis' ]
  Script location: common/laws/00_caste_hegemony.txt:226

[09:18:57][jomini_trigger.cpp:224]: PostValidate of trigger 'has_journal_entry' returned false at common/laws/00_caste_hegemony.txt:226
[09:18:57][jomini_script_system.cpp:247]: Script system error!
  Error: has_journal_entry trigger [ Invalid database object 'je_tenpo_crisis' ]
  Script location: common/laws/00_caste_hegemony.txt:320

[09:18:57][jomini_trigger.cpp:224]: PostValidate of trigger 'has_journal_entry' returned false at common/laws/00_caste_hegemony.txt:320
[09:18:57][jomini_script_system.cpp:247]: Script system error!
  Error: has_journal_entry trigger [ Invalid database object 'je_zaibatsu' ]
  Script location: common/laws/00_distribution_of_power.txt:418

[09:18:57][jomini_trigger.cpp:224]: PostValidate of trigger 'has_journal_entry' returned false at common/laws/00_distribution_of_power.txt:418
[09:18:57][jomini_script_system.cpp:247]: Script system error!
  Error: has_journal_entry trigger [ Invalid database object 'je_zaibatsu' ]
  Script location: common/laws/00_distribution_of_power.txt:847

[09:18:57][jomini_trigger.cpp:224]: PostValidate of trigger 'has_journal_entry' returned false at common/laws/00_distribution_of_power.txt:847
[09:18:57][jomini_script_system.cpp:247]: Script system error!
  Error: has_journal_entry trigger [ Invalid database object 'je_zaibatsu' ]
  Script location: common/laws/00_distribution_of_power.txt:1115

[09:18:57][jomini_trigger.cpp:224]: PostValidate of trigger 'has_journal_entry' returned false at common/laws/00_distribution_of_power.txt:1115
[09:18:57][jomini_script_system.cpp:247]: Script system error!
  Error: has_journal_entry trigger [ Invalid database object 'je_zaibatsu' ]
  Script location: common/laws/00_distribution_of_power.txt:1407

[09:18:57][jomini_trigger.cpp:224]: PostValidate of trigger 'has_journal_entry' returned false at common/laws/00_distribution_of_power.txt:1407
[09:18:57][jomini_script_system.cpp:247]: Script system error!
  Error: has_template trigger [ Invalid database object 'POR_manuel_ii_de_braganca_template' ]
  Script location: common/laws/00_governance_principles.txt:389

[09:18:57][jomini_trigger.cpp:224]: PostValidate of trigger 'has_template' returned false at common/laws/00_governance_principles.txt:389
[09:18:57][jomini_script_system.cpp:247]: Script system error!
  Error: has_template trigger [ Invalid database object 'POR_manuel_ii_de_braganca_template' ]
  Script location: common/laws/00_governance_principles.txt:536

[09:18:57][jomini_trigger.cpp:224]: PostValidate of trigger 'has_template' returned false at common/laws/00_governance_principles.txt:536
[09:18:57][jomini_script_system.cpp:247]: Script system error!
  Error: has_template trigger [ Invalid database object 'POR_manuel_ii_de_braganca_template' ]
  Script location: common/laws/00_governance_principles.txt:847

[09:18:57][jomini_trigger.cpp:224]: PostValidate of trigger 'has_template' returned false at common/laws/00_governance_principles.txt:847
[09:18:57][jomini_script_system.cpp:247]: Script system error!
  Error: has_template trigger [ Invalid database object 'POR_manuel_ii_de_braganca_template' ]
  Script location: common/laws/00_governance_principles.txt:945

[09:18:57][jomini_trigger.cpp:224]: PostValidate of trigger 'has_template' returned false at common/laws/00_governance_principles.txt:945
[09:18:57][jomini_script_system.cpp:247]: Script system error!
  Error: has_journal_entry trigger [ Invalid database object 'je_tenpo_crisis' ]
  Script location: common/laws/00_internal_security.txt:160

[09:18:57][jomini_trigger.cpp:224]: PostValidate of trigger 'has_journal_entry' returned false at common/laws/00_internal_security.txt:160
[09:18:57][jomini_script_system.cpp:247]: Script system error!
  Error: has_template trigger [ Invalid database object 'aus_ferdinand_I_habsburg_template' ]
  Script location: common/amendments/00_amendments_content_04.txt:30

[09:18:57][jomini_trigger.cpp:224]: PostValidate of trigger 'has_template' returned false at common/amendments/00_amendments_content_04.txt:30
[09:18:57][jomini_script_system.cpp:247]: Script system error!
  Error: has_template trigger [ Invalid database object 'aus_ferdinand_I_habsburg_template' ]
  Script location: common/amendments/00_amendments_content_04.txt:42

[09:18:57][jomini_trigger.cpp:224]: PostValidate of trigger 'has_template' returned false at common/amendments/00_amendments_content_04.txt:42
[09:18:57][jomini_script_system.cpp:247]: Script system error!
  Error: has_template trigger [ Invalid database object 'aus_ferdinand_I_habsburg_template' ]
  Script location: common/amendments/00_amendments_content_04.txt:83

[09:18:57][jomini_trigger.cpp:224]: PostValidate of trigger 'has_template' returned false at common/amendments/00_amendments_content_04.txt:83
[09:18:57][jomini_script_system.cpp:247]: Script system error!
  Error: has_template trigger [ Invalid database object 'aus_ferdinand_I_habsburg_template' ]
  Script location: common/amendments/00_amendments_content_04.txt:95

[09:18:57][jomini_trigger.cpp:224]: PostValidate of trigger 'has_template' returned false at common/amendments/00_amendments_content_04.txt:95
[09:18:57][jomini_script_system.cpp:247]: Script system error!
  Error: has_template trigger [ Invalid database object 'aus_ferdinand_I_habsburg_template' ]
  Script location: common/amendments/00_amendments_historical_04.txt:353

[09:18:57][jomini_trigger.cpp:224]: PostValidate of trigger 'has_template' returned false at common/amendments/00_amendments_historical_04.txt:353
[09:18:57][jomini_script_system.cpp:247]: Script system error!
  Error: has_template trigger [ Invalid database object 'aus_ferdinand_I_habsburg_template' ]
  Script location: common/amendments/00_amendments_historical_04.txt:365

[09:18:57][jomini_trigger.cpp:224]: PostValidate of trigger 'has_template' returned false at common/amendments/00_amendments_historical_04.txt:365
[09:18:57][jomini_script_system.cpp:247]: Script system error!
  Error: has_journal_entry trigger [ Invalid database object 'je_tenpo_crisis' ]
  Script location: common/buildings/05_military.txt:85

[09:18:57][jomini_trigger.cpp:224]: PostValidate of trigger 'has_journal_entry' returned false at common/buildings/05_military.txt:85
[09:18:57][jomini_script_system.cpp:247]: Script system error!
  Error: has_government_type trigger [ Invalid database object 'gov_zhuz' ]
  Script location: common/script_values/00_diplomacy_values.txt:185

[09:18:57][jomini_trigger.cpp:224]: PostValidate of trigger 'has_government_type' returned false at common/script_values/00_diplomacy_values.txt:185
[09:18:57][jomini_script_system.cpp:247]: Script system error!
  Error: scripted_bar_progress trigger [ Invalid progress bar:  ]
  Script location: common/script_values/ip4_je_values.txt:6

[09:18:57][jomini_trigger.cpp:224]: PostValidate of trigger 'scripted_bar_progress' returned false at common/script_values/ip4_je_values.txt:6
[09:18:57][jomini_script_system.cpp:247]: Script system error!
  Error: scripted_bar_progress trigger [ Invalid progress bar:  ]
  Script location: common/script_values/ip4_je_values.txt:17

[09:18:57][jomini_trigger.cpp:224]: PostValidate of trigger 'scripted_bar_progress' returned false at common/script_values/ip4_je_values.txt:17
[09:18:57][jomini_script_system.cpp:247]: Script system error!
  Error: owns_entire_state_region trigger [ Invalid database object 'STATE_WEST_GALICIA' ]
  Script location: common/script_values/je_values.txt:192

[09:18:57][jomini_trigger.cpp:224]: PostValidate of trigger 'owns_entire_state_region' returned false at common/script_values/je_values.txt:192
[09:18:57][jomini_script_system.cpp:247]: Script system error!
  Error: is_in_geographic_region trigger [ Invalid database object 'geographic_region_indochina' ]
  Script location: common/scripted_triggers/00_geography_triggers.txt:36

[09:18:57][jomini_trigger.cpp:224]: PostValidate of trigger 'is_in_geographic_region' returned false at common/scripted_triggers/00_geography_triggers.txt:36
[09:18:57][jomini_script_system.cpp:247]: Script system error!
  Error: is_in_geographic_region trigger [ Invalid database object 'geographic_region_oceania' ]
  Script location: common/scripted_triggers/00_geography_triggers.txt:59

[09:18:57][jomini_trigger.cpp:224]: PostValidate of trigger 'is_in_geographic_region' returned false at common/scripted_triggers/00_geography_triggers.txt:59
[09:18:57][jomini_script_system.cpp:247]: Script system error!
  Error: is_in_geographic_region trigger [ Invalid database object 'geographic_region_indochina' ]
  Script location: common/scripted_triggers/00_geography_triggers.txt:37

[09:18:57][jomini_trigger.cpp:224]: PostValidate of trigger 'is_in_geographic_region' returned false at common/scripted_triggers/00_geography_triggers.txt:37
[09:18:57][jomini_script_system.cpp:247]: Script system error!
  Error: is_in_geographic_region trigger [ Invalid database object 'geographic_region_south_china' ]
  Script location: common/scripted_triggers/00_geography_triggers.txt:38

[09:18:57][jomini_trigger.cpp:224]: PostValidate of trigger 'is_in_geographic_region' returned false at common/scripted_triggers/00_geography_triggers.txt:38
[09:18:57][jomini_script_system.cpp:247]: Script system error!
  Error: is_in_geographic_region trigger [ Invalid database object 'geographic_region_gran_colombia' ]
  Script location: common/scripted_triggers/00_geography_triggers.txt:49

[09:18:57][jomini_trigger.cpp:224]: PostValidate of trigger 'is_in_geographic_region' returned false at common/scripted_triggers/00_geography_triggers.txt:49
[09:18:57][jomini_script_system.cpp:247]: Script system error!
  Error: is_in_geographic_region trigger [ Invalid database object 'geographic_region_north_china' ]
  Script location: common/scripted_triggers/00_geography_triggers.txt:39

[09:18:57][jomini_trigger.cpp:224]: PostValidate of trigger 'is_in_geographic_region' returned false at common/scripted_triggers/00_geography_triggers.txt:39
[09:18:57][jomini_script_system.cpp:247]: Script system error!
  Error: is_in_geographic_region trigger [ Invalid database object 'geographic_region_nile_basin' ]
  Script location: common/scripted_triggers/00_geography_triggers.txt:65

[09:18:57][jomini_trigger.cpp:224]: PostValidate of trigger 'is_in_geographic_region' returned false at common/scripted_triggers/00_geography_triggers.txt:65
[09:18:57][jomini_script_system.cpp:247]: Script system error!
  Error: is_in_geographic_region trigger [ Invalid database object 'geographic_region_andes' ]
  Script location: common/scripted_triggers/00_geography_triggers.txt:50

[09:18:57][jomini_trigger.cpp:224]: PostValidate of trigger 'is_in_geographic_region' returned false at common/scripted_triggers/00_geography_triggers.txt:50
[09:18:57][jomini_script_system.cpp:247]: Script system error!
  Error: is_in_geographic_region trigger [ Invalid database object 'geographic_region_brazil' ]
  Script location: common/scripted_triggers/00_geography_triggers.txt:51

[09:18:57][jomini_trigger.cpp:224]: PostValidate of trigger 'is_in_geographic_region' returned false at common/scripted_triggers/00_geography_triggers.txt:51
[09:18:57][jomini_script_system.cpp:247]: Script system error!
  Error: is_in_geographic_region trigger [ Invalid database object 'geographic_region_la_plata' ]
  Script location: common/scripted_triggers/00_geography_triggers.txt:52

[09:18:57][jomini_trigger.cpp:224]: PostValidate of trigger 'is_in_geographic_region' returned false at common/scripted_triggers/00_geography_triggers.txt:52
[09:18:57][jomini_script_system.cpp:247]: Script system error!
  Error: is_in_geographic_region trigger [ Invalid database object 'geographic_region_nile_basin' ]
  Script location: common/scripted_triggers/00_geography_triggers.txt:15

[09:18:57][jomini_trigger.cpp:224]: PostValidate of trigger 'is_in_geographic_region' returned false at common/scripted_triggers/00_geography_triggers.txt:15
[09:18:57][jomini_script_system.cpp:247]: Script system error!
  Error: is_in_geographic_region trigger [ Invalid database object 'geographic_region_indochina' ]
  Script location: common/scripted_triggers/00_geography_triggers.txt:29

[09:18:57][jomini_trigger.cpp:224]: PostValidate of trigger 'is_in_geographic_region' returned false at common/scripted_triggers/00_geography_triggers.txt:29
[09:18:57][jomini_script_system.cpp:247]: Script system error!
  Error: is_in_geographic_region trigger [ Invalid database object 'geographic_region_south_china' ]
  Script location: common/scripted_triggers/00_geography_triggers.txt:30

[09:18:57][jomini_trigger.cpp:224]: PostValidate of trigger 'is_in_geographic_region' returned false at common/scripted_triggers/00_geography_triggers.txt:30
[09:18:57][jomini_script_system.cpp:247]: Script system error!
  Error: owns_entire_state_region trigger [ Invalid database object 'STATE_UPPER_SILESIA' ]
  Script location: common/scripted_effects/00_dynamic_state_names_europe.txt:1626

[09:18:57][jomini_trigger.cpp:224]: PostValidate of trigger 'owns_entire_state_region' returned false at common/scripted_effects/00_dynamic_state_names_europe.txt:1626
[09:18:57][jomini_script_system.cpp:247]: Script system error!
  Error: scripted_bar_progress trigger [ Invalid progress bar:  ]
  Script location: common/scripted_effects/00_expedition_effects.txt:136

[09:18:57][jomini_trigger.cpp:224]: PostValidate of trigger 'scripted_bar_progress' returned false at common/scripted_effects/00_expedition_effects.txt:136
[09:18:57][jomini_script_system.cpp:247]: Script system error!
  Error: scripted_bar_progress trigger [ Invalid progress bar:  ]
  Script location: common/scripted_effects/00_expedition_effects.txt:149

[09:18:57][jomini_trigger.cpp:224]: PostValidate of trigger 'scripted_bar_progress' returned false at common/scripted_effects/00_expedition_effects.txt:149
[09:18:57][jomini_script_system.cpp:247]: Script system error!
  Error: scripted_bar_progress trigger [ Invalid progress bar:  ]
  Script location: common/scripted_effects/00_expedition_effects.txt:150

[09:18:57][jomini_trigger.cpp:224]: PostValidate of trigger 'scripted_bar_progress' returned false at common/scripted_effects/00_expedition_effects.txt:150
[09:18:57][jomini_script_system.cpp:247]: Script system error!
  Error: scripted_bar_progress trigger [ Invalid progress bar:  ]
  Script location: common/scripted_effects/00_expedition_effects.txt:163

[09:18:57][jomini_trigger.cpp:224]: PostValidate of trigger 'scripted_bar_progress' returned false at common/scripted_effects/00_expedition_effects.txt:163
[09:18:57][jomini_script_system.cpp:247]: Script system error!
  Error: scripted_bar_progress trigger [ Invalid progress bar:  ]
  Script location: common/scripted_effects/00_expedition_effects.txt:164

[09:18:57][jomini_trigger.cpp:224]: PostValidate of trigger 'scripted_bar_progress' returned false at common/scripted_effects/00_expedition_effects.txt:164
[09:18:57][jomini_script_system.cpp:247]: Script system error!
  Error: scripted_bar_progress trigger [ Invalid progress bar:  ]
  Script location: common/scripted_effects/00_expedition_effects.txt:177

[09:18:57][jomini_trigger.cpp:224]: PostValidate of trigger 'scripted_bar_progress' returned false at common/scripted_effects/00_expedition_effects.txt:177
[09:18:57][jomini_script_system.cpp:247]: Script system error!
  Error: scripted_bar_progress trigger [ Invalid progress bar:  ]
  Script location: common/scripted_effects/00_expedition_effects.txt:201

[09:18:57][jomini_trigger.cpp:224]: PostValidate of trigger 'scripted_bar_progress' returned false at common/scripted_effects/00_expedition_effects.txt:201
[09:18:57][jomini_script_system.cpp:247]: Script system error!
  Error: scripted_bar_progress trigger [ Invalid progress bar:  ]
  Script location: common/scripted_effects/00_expedition_effects.txt:214

[09:18:57][jomini_trigger.cpp:224]: PostValidate of trigger 'scripted_bar_progress' returned false at common/scripted_effects/00_expedition_effects.txt:214
[09:18:57][jomini_script_system.cpp:247]: Script system error!
  Error: scripted_bar_progress trigger [ Invalid progress bar:  ]
  Script location: common/scripted_effects/00_expedition_effects.txt:227

[09:18:57][jomini_trigger.cpp:224]: PostValidate of trigger 'scripted_bar_progress' returned false at common/scripted_effects/00_expedition_effects.txt:227
[09:18:57][jomini_script_system.cpp:247]: Script system error!
  Error: scripted_bar_progress trigger [ Invalid progress bar:  ]
  Script location: common/scripted_effects/00_expedition_effects.txt:240

[09:18:57][jomini_trigger.cpp:224]: PostValidate of trigger 'scripted_bar_progress' returned false at common/scripted_effects/00_expedition_effects.txt:240
[09:18:57][jomini_script_system.cpp:247]: Script system error!
  Error: scripted_bar_progress trigger [ Invalid progress bar:  ]
  Script location: common/scripted_effects/00_expedition_effects.txt:253

[09:18:57][jomini_trigger.cpp:224]: PostValidate of trigger 'scripted_bar_progress' returned false at common/scripted_effects/00_expedition_effects.txt:253
[09:18:57][jomini_script_system.cpp:247]: Script system error!
  Error: scripted_bar_progress trigger [ Invalid progress bar:  ]
  Script location: common/scripted_effects/00_expedition_effects.txt:266

[09:18:57][jomini_trigger.cpp:224]: PostValidate of trigger 'scripted_bar_progress' returned false at common/scripted_effects/00_expedition_effects.txt:266
[09:18:57][jomini_script_system.cpp:247]: Script system error!
  Error: scripted_bar_progress trigger [ Invalid progress bar:  ]
  Script location: common/scripted_effects/00_expedition_effects.txt:279

[09:18:57][jomini_trigger.cpp:224]: PostValidate of trigger 'scripted_bar_progress' returned false at common/scripted_effects/00_expedition_effects.txt:279
[09:18:57][jomini_script_system.cpp:247]: Script system error!
  Error: scripted_bar_progress trigger [ Invalid progress bar:  ]
  Script location: common/scripted_effects/00_expedition_effects.txt:292

[09:18:57][jomini_trigger.cpp:224]: PostValidate of trigger 'scripted_bar_progress' returned false at common/scripted_effects/00_expedition_effects.txt:292
[09:18:57][jomini_script_system.cpp:247]: Script system error!
  Error: scripted_bar_progress trigger [ Invalid progress bar:  ]
  Script location: common/scripted_effects/00_expedition_effects.txt:324

[09:18:57][jomini_trigger.cpp:224]: PostValidate of trigger 'scripted_bar_progress' returned false at common/scripted_effects/00_expedition_effects.txt:324
[09:18:57][jomini_script_system.cpp:247]: Script system error!
  Error: scripted_bar_progress trigger [ Invalid progress bar:  ]
  Script location: common/scripted_effects/00_expedition_effects.txt:13

[09:18:57][jomini_trigger.cpp:224]: PostValidate of trigger 'scripted_bar_progress' returned false at common/scripted_effects/00_expedition_effects.txt:13
[09:18:57][jomini_script_system.cpp:247]: Script system error!
  Error: scripted_bar_progress trigger [ Invalid progress bar:  ]
  Script location: common/scripted_effects/00_expedition_effects.txt:337

[09:18:57][jomini_trigger.cpp:224]: PostValidate of trigger 'scripted_bar_progress' returned false at common/scripted_effects/00_expedition_effects.txt:337
[09:18:57][jomini_script_system.cpp:247]: Script system error!
  Error: scripted_bar_progress trigger [ Invalid progress bar:  ]
  Script location: common/scripted_effects/00_expedition_effects.txt:26

[09:18:57][jomini_trigger.cpp:224]: PostValidate of trigger 'scripted_bar_progress' returned false at common/scripted_effects/00_expedition_effects.txt:26
[09:18:57][jomini_script_system.cpp:247]: Script system error!
  Error: scripted_bar_progress trigger [ Invalid progress bar:  ]
  Script location: common/scripted_effects/00_expedition_effects.txt:350

[09:18:57][jomini_trigger.cpp:224]: PostValidate of trigger 'scripted_bar_progress' returned false at common/scripted_effects/00_expedition_effects.txt:350
[09:18:57][jomini_script_system.cpp:247]: Script system error!
  Error: scripted_bar_progress trigger [ Invalid progress bar:  ]
  Script location: common/scripted_effects/00_expedition_effects.txt:39

[09:18:57][jomini_trigger.cpp:224]: PostValidate of trigger 'scripted_bar_progress' returned false at common/scripted_effects/00_expedition_effects.txt:39
[09:18:57][jomini_script_system.cpp:247]: Script system error!
  Error: scripted_bar_progress trigger [ Invalid progress bar:  ]
  Script location: common/scripted_effects/00_expedition_effects.txt:363

[09:18:57][jomini_trigger.cpp:224]: PostValidate of trigger 'scripted_bar_progress' returned false at common/scripted_effects/00_expedition_effects.txt:363
[09:18:57][jomini_script_system.cpp:247]: Script system error!
  Error: scripted_bar_progress trigger [ Invalid progress bar:  ]
  Script location: common/scripted_effects/00_expedition_effects.txt:52

[09:18:57][jomini_trigger.cpp:224]: PostValidate of trigger 'scripted_bar_progress' returned false at common/scripted_effects/00_expedition_effects.txt:52
[09:18:57][jomini_script_system.cpp:247]: Script system error!
  Error: scripted_bar_progress trigger [ Invalid progress bar:  ]
  Script location: common/scripted_effects/00_expedition_effects.txt:376

[09:18:57][jomini_trigger.cpp:224]: PostValidate of trigger 'scripted_bar_progress' returned false at common/scripted_effects/00_expedition_effects.txt:376
[09:18:57][jomini_script_system.cpp:247]: Script system error!
  Error: scripted_bar_progress trigger [ Invalid progress bar:  ]
  Script location: common/scripted_effects/00_expedition_effects.txt:65

[09:18:57][jomini_trigger.cpp:224]: PostValidate of trigger 'scripted_bar_progress' returned false at common/scripted_effects/00_expedition_effects.txt:65
[09:18:57][jomini_script_system.cpp:247]: Script system error!
  Error: scripted_bar_progress trigger [ Invalid progress bar:  ]
  Script location: common/scripted_effects/00_expedition_effects.txt:389

[09:18:57][jomini_trigger.cpp:224]: PostValidate of trigger 'scripted_bar_progress' returned false at common/scripted_effects/00_expedition_effects.txt:389
[09:18:57][jomini_script_system.cpp:247]: Script system error!
  Error: scripted_bar_progress trigger [ Invalid progress bar:  ]
  Script location: common/scripted_effects/00_expedition_effects.txt:402

[09:18:57][jomini_trigger.cpp:224]: PostValidate of trigger 'scripted_bar_progress' returned false at common/scripted_effects/00_expedition_effects.txt:402
[09:18:57][jomini_script_system.cpp:247]: Script system error!
  Error: scripted_bar_progress trigger [ Invalid progress bar:  ]
  Script location: common/scripted_effects/00_expedition_effects.txt:78

[09:18:57][jomini_trigger.cpp:224]: PostValidate of trigger 'scripted_bar_progress' returned false at common/scripted_effects/00_expedition_effects.txt:78
[09:18:57][jomini_script_system.cpp:247]: Script system error!
  Error: scripted_bar_progress trigger [ Invalid progress bar:  ]
  Script location: common/scripted_effects/00_expedition_effects.txt:91

[09:18:57][jomini_trigger.cpp:224]: PostValidate of trigger 'scripted_bar_progress' returned false at common/scripted_effects/00_expedition_effects.txt:91
[09:18:57][jomini_script_system.cpp:247]: Script system error!
  Error: scripted_bar_progress trigger [ Invalid progress bar:  ]
  Script location: common/scripted_effects/00_expedition_effects.txt:415

[09:18:57][jomini_trigger.cpp:224]: PostValidate of trigger 'scripted_bar_progress' returned false at common/scripted_effects/00_expedition_effects.txt:415
[09:18:57][jomini_script_system.cpp:247]: Script system error!
  Error: scripted_bar_progress trigger [ Invalid progress bar:  ]
  Script location: common/scripted_effects/00_expedition_effects.txt:104

[09:18:57][jomini_trigger.cpp:224]: PostValidate of trigger 'scripted_bar_progress' returned false at common/scripted_effects/00_expedition_effects.txt:104
[09:18:57][jomini_script_system.cpp:247]: Script system error!
  Error: has_template trigger [ Invalid database object 'FRA_napoleon_eugene_louis_bonaparte' ]
  Script location: common/scripted_effects/00_victoria_ip4_scripted_effects.txt:2033

[09:18:57][jomini_trigger.cpp:224]: PostValidate of trigger 'has_template' returned false at common/scripted_effects/00_victoria_ip4_scripted_effects.txt:2033
[09:18:57][jomini_script_system.cpp:247]: Script system error!
  Error: has_template trigger [ Invalid database object 'FRA_napoleon_eugene_louis_bonaparte' ]
  Script location: common/scripted_effects/00_victoria_ip4_scripted_effects.txt:2038

[09:18:57][jomini_trigger.cpp:224]: PostValidate of trigger 'has_template' returned false at common/scripted_effects/00_victoria_ip4_scripted_effects.txt:2038
[09:18:57][jomini_script_system.cpp:247]: Script system error!
  Error: has_template trigger [ Invalid database object 'swe_oscar_bernadotte_template' ]
  Script location: common/scripted_effects/00_victoria_royal_successions.txt:63

[09:18:57][jomini_trigger.cpp:224]: PostValidate of trigger 'has_template' returned false at common/scripted_effects/00_victoria_royal_successions.txt:63
[09:18:57][jomini_script_system.cpp:247]: Script system error!
  Error: has_template trigger [ Invalid database object 'aus_franz_josef_I_habsburg_template' ]
  Script location: common/scripted_effects/00_victoria_royal_successions.txt:74

[09:18:57][jomini_trigger.cpp:224]: PostValidate of trigger 'has_template' returned false at common/scripted_effects/00_victoria_royal_successions.txt:74
[09:18:57][jomini_script_system.cpp:247]: Script system error!
  Error: has_template trigger [ Invalid database object 'spa_isabel_de_borbon_template' ]
  Script location: common/scripted_effects/00_victoria_heir_generation.txt:215

[09:18:57][jomini_trigger.cpp:224]: PostValidate of trigger 'has_template' returned false at common/scripted_effects/00_victoria_heir_generation.txt:215
[09:18:57][jomini_script_system.cpp:247]: Script system error!
  Error: has_template trigger [ Invalid database object 'FRA_napoleon_eugene_louis_bonaparte' ]
  Script location: common/scripted_effects/00_victoria_royal_successions.txt:445

[09:18:57][jomini_trigger.cpp:224]: PostValidate of trigger 'has_template' returned false at common/scripted_effects/00_victoria_royal_successions.txt:445
[09:18:57][jomini_script_system.cpp:247]: Script system error!
  Error: has_template trigger [ Invalid database object 'aus_franz_josef_I_habsburg_template' ]
  Script location: common/scripted_effects/00_victoria_royal_successions.txt:86

[09:18:57][jomini_trigger.cpp:224]: PostValidate of trigger 'has_template' returned false at common/scripted_effects/00_victoria_royal_successions.txt:86
[09:18:57][jomini_script_system.cpp:247]: Script system error!
  Error: has_template trigger [ Invalid database object 'aus_maximilian_I_habsburg_template' ]
  Script location: common/scripted_effects/00_victoria_royal_successions.txt:87

[09:18:57][jomini_trigger.cpp:224]: PostValidate of trigger 'has_template' returned false at common/scripted_effects/00_victoria_royal_successions.txt:87
[09:18:57][jomini_script_system.cpp:247]: Script system error!
  Error: has_template trigger [ Invalid database object 'JAP_ninko_yamato' ]
  Script location: common/scripted_effects/00_victoria_royal_successions.txt:949

[09:18:57][jomini_trigger.cpp:224]: PostValidate of trigger 'has_template' returned false at common/scripted_effects/00_victoria_royal_successions.txt:949
[09:18:57][jomini_script_system.cpp:247]: Script system error!
  Error: has_template trigger [ Invalid database object 'FRA_victor_bonaparte' ]
  Script location: common/scripted_effects/00_victoria_ip4_scripted_effects.txt:2033

[09:18:57][jomini_trigger.cpp:224]: PostValidate of trigger 'has_template' returned false at common/scripted_effects/00_victoria_ip4_scripted_effects.txt:2033
[09:18:57][jomini_script_system.cpp:247]: Script system error!
  Error: has_template trigger [ Invalid database object 'FRA_victor_bonaparte' ]
  Script location: common/scripted_effects/00_victoria_ip4_scripted_effects.txt:2038

[09:18:57][jomini_trigger.cpp:224]: PostValidate of trigger 'has_template' returned false at common/scripted_effects/00_victoria_ip4_scripted_effects.txt:2038
[09:18:57][jomini_script_system.cpp:247]: Script system error!
  Error: has_template trigger [ Invalid database object 'spa_isabel_de_borbon_template' ]
  Script location: common/scripted_effects/00_victoria_heir_generation.txt:229

[09:18:57][jomini_trigger.cpp:224]: PostValidate of trigger 'has_template' returned false at common/scripted_effects/00_victoria_heir_generation.txt:229
[09:18:57][jomini_script_system.cpp:247]: Script system error!
  Error: has_template trigger [ Invalid database object 'aus_franz_ferdinand' ]
  Script location: common/scripted_effects/00_victoria_royal_successions.txt:99

[09:18:57][jomini_trigger.cpp:224]: PostValidate of trigger 'has_template' returned false at common/scripted_effects/00_victoria_royal_successions.txt:99
[09:18:57][jomini_script_system.cpp:247]: Script system error!
  Error: has_template trigger [ Invalid database object 'spa_alfonso_xii_de_borbon_template' ]
  Script location: common/scripted_effects/00_victoria_heir_generation.txt:242

[09:18:57][jomini_trigger.cpp:224]: PostValidate of trigger 'has_template' returned false at common/scripted_effects/00_victoria_heir_generation.txt:242
[09:18:57][jomini_script_system.cpp:247]: Script system error!
  Error: has_template trigger [ Invalid database object 'FRA_victor_bonaparte' ]
  Script location: common/scripted_effects/00_victoria_royal_successions.txt:456

[09:18:57][jomini_trigger.cpp:224]: PostValidate of trigger 'has_template' returned false at common/scripted_effects/00_victoria_royal_successions.txt:456
[09:18:57][jomini_script_system.cpp:247]: Script system error!
  Error: has_template trigger [ Invalid database object 'SER_milan_obrenovic' ]
  Script location: common/scripted_effects/00_victoria_royal_successions.txt:132

[09:18:57][jomini_trigger.cpp:224]: PostValidate of trigger 'has_template' returned false at common/scripted_effects/00_victoria_royal_successions.txt:132
[09:18:57][jomini_script_system.cpp:247]: Script system error!
  Error: has_template trigger [ Invalid database object 'SER_mihailo_obrenovic' ]
  Script location: common/scripted_effects/00_victoria_royal_successions.txt:142

[09:18:57][jomini_trigger.cpp:224]: PostValidate of trigger 'has_template' returned false at common/scripted_effects/00_victoria_royal_successions.txt:142
[09:18:57][jomini_script_system.cpp:247]: Script system error!
  Error: has_template trigger [ Invalid database object 'SPC_carlos_v_de_borbon_template' ]
  Script location: common/scripted_effects/00_victoria_heir_generation.txt:255

[09:18:57][jomini_trigger.cpp:224]: PostValidate of trigger 'has_template' returned false at common/scripted_effects/00_victoria_heir_generation.txt:255
[09:18:57][jomini_script_system.cpp:247]: Script system error!
  Error: has_template trigger [ Invalid database object 'JAP_komei_yamato' ]
  Script location: common/scripted_effects/00_victoria_royal_successions.txt:985

[09:18:57][jomini_trigger.cpp:224]: PostValidate of trigger 'has_template' returned false at common/scripted_effects/00_victoria_royal_successions.txt:985
[09:18:57][jomini_script_system.cpp:247]: Script system error!
  Error: has_template trigger [ Invalid database object 'FRA_louis_bonaparte' ]
  Script location: common/scripted_effects/00_victoria_ip4_scripted_effects.txt:2033

[09:18:57][jomini_trigger.cpp:224]: PostValidate of trigger 'has_template' returned false at common/scripted_effects/00_victoria_ip4_scripted_effects.txt:2033
[09:18:57][jomini_script_system.cpp:247]: Script system error!
  Error: has_template trigger [ Invalid database object 'FRA_louis_bonaparte' ]
  Script location: common/scripted_effects/00_victoria_ip4_scripted_effects.txt:2038

[09:18:57][jomini_trigger.cpp:224]: PostValidate of trigger 'has_template' returned false at common/scripted_effects/00_victoria_ip4_scripted_effects.txt:2038
[09:18:57][jomini_script_system.cpp:247]: Script system error!
  Error: has_template trigger [ Invalid database object 'SER_milan_iv_obrenovic' ]
  Script location: common/scripted_effects/00_victoria_royal_successions.txt:157

[09:18:57][jomini_trigger.cpp:224]: PostValidate of trigger 'has_template' returned false at common/scripted_effects/00_victoria_royal_successions.txt:157
[09:18:57][jomini_script_system.cpp:247]: Script system error!
  Error: has_template trigger [ Invalid database object 'SPC_carlos_vi_de_borbon_template' ]
  Script location: common/scripted_effects/00_victoria_heir_generation.txt:268

[09:18:57][jomini_trigger.cpp:224]: PostValidate of trigger 'has_template' returned false at common/scripted_effects/00_victoria_heir_generation.txt:268
[09:18:57][jomini_script_system.cpp:247]: Script system error!
  Error: has_template trigger [ Invalid database object 'SER_alexandar_karadordevic' ]
  Script location: common/scripted_effects/00_victoria_royal_successions.txt:173

[09:18:57][jomini_trigger.cpp:224]: PostValidate of trigger 'has_template' returned false at common/scripted_effects/00_victoria_royal_successions.txt:173
[09:18:57][jomini_script_system.cpp:247]: Script system error!
  Error: has_template trigger [ Invalid database object 'SER_petar_i_karadordevic' ]
  Script location: common/scripted_effects/00_victoria_royal_successions.txt:184

[09:18:57][jomini_trigger.cpp:224]: PostValidate of trigger 'has_template' returned false at common/scripted_effects/00_victoria_royal_successions.txt:184
[09:18:57][jomini_script_system.cpp:247]: Script system error!
  Error: has_template trigger [ Invalid database object 'SPC_juan_iii_de_borbon_template' ]
  Script location: common/scripted_effects/00_victoria_heir_generation.txt:282

[09:18:57][jomini_trigger.cpp:224]: PostValidate of trigger 'has_template' returned false at common/scripted_effects/00_victoria_heir_generation.txt:282
[09:18:57][jomini_script_system.cpp:247]: Script system error!
  Error: has_template trigger [ Invalid database object 'JAP_meiji_yamato' ]
  Script location: common/scripted_effects/00_victoria_royal_successions.txt:1015

[09:18:57][jomini_trigger.cpp:224]: PostValidate of trigger 'has_template' returned false at common/scripted_effects/00_victoria_royal_successions.txt:1015
[09:18:57][jomini_script_system.cpp:247]: Script system error!
  Error: has_template trigger [ Invalid database object 'SER_george_karadordevic' ]
  Script location: common/scripted_effects/00_victoria_royal_successions.txt:195

[09:18:57][jomini_trigger.cpp:224]: PostValidate of trigger 'has_template' returned false at common/scripted_effects/00_victoria_royal_successions.txt:195
[09:18:57][jomini_script_system.cpp:247]: Script system error!
  Error: has_template trigger [ Invalid database object 'SER_alexander_i_karadordevic' ]
  Script location: common/scripted_effects/00_victoria_royal_successions.txt:206

[09:18:57][jomini_trigger.cpp:224]: PostValidate of trigger 'has_template' returned false at common/scripted_effects/00_victoria_royal_successions.txt:206
[09:18:57][jomini_script_system.cpp:247]: Script system error!
  Error: has_template trigger [ Invalid database object 'SPC_carlos_vii_de_borbon_template' ]
  Script location: common/scripted_effects/00_victoria_heir_generation.txt:296

[09:18:57][jomini_trigger.cpp:224]: PostValidate of trigger 'has_template' returned false at common/scripted_effects/00_victoria_heir_generation.txt:296
[09:18:57][jomini_script_system.cpp:247]: Script system error!
  Error: has_template trigger [ Invalid database object 'JAP_taisho_yamato' ]
  Script location: common/scripted_effects/00_victoria_royal_successions.txt:1044

[09:18:57][jomini_trigger.cpp:224]: PostValidate of trigger 'has_template' returned false at common/scripted_effects/00_victoria_royal_successions.txt:1044
[09:18:57][jomini_script_system.cpp:247]: Script system error!
  Error: has_template trigger [ Invalid database object 'tur_abdulmecid_osmanoglu_template' ]
  Script location: common/scripted_effects/00_victoria_royal_successions.txt:221

[09:18:57][jomini_trigger.cpp:224]: PostValidate of trigger 'has_template' returned false at common/scripted_effects/00_victoria_royal_successions.txt:221
[09:18:57][jomini_script_system.cpp:247]: Script system error!
  Error: has_template trigger [ Invalid database object 'SPC_jaime_iii_de_borbon_template' ]
  Script location: common/scripted_effects/00_victoria_heir_generation.txt:309

[09:18:57][jomini_trigger.cpp:224]: PostValidate of trigger 'has_template' returned false at common/scripted_effects/00_victoria_heir_generation.txt:309
[09:18:57][jomini_script_system.cpp:247]: Script system error!
  Error: has_template trigger [ Invalid database object 'tur_abdulaziz_osmanoglu_template' ]
  Script location: common/scripted_effects/00_victoria_royal_successions.txt:233

[09:18:57][jomini_trigger.cpp:224]: PostValidate of trigger 'has_template' returned false at common/scripted_effects/00_victoria_royal_successions.txt:233
[09:18:57][jomini_script_system.cpp:247]: Script system error!
  Error: has_template trigger [ Invalid database object 'tur_murad_v_osmanoglu_template' ]
  Script location: common/scripted_effects/00_victoria_royal_successions.txt:245

[09:18:57][jomini_trigger.cpp:224]: PostValidate of trigger 'has_template' returned false at common/scripted_effects/00_victoria_royal_successions.txt:245
[09:18:57][jomini_script_system.cpp:247]: Script system error!
  Error: has_template trigger [ Invalid database object 'tur_abdulhamid_ii_osmanoglu_template' ]
  Script location: common/scripted_effects/00_victoria_royal_successions.txt:257

[09:18:57][jomini_trigger.cpp:224]: PostValidate of trigger 'has_template' returned false at common/scripted_effects/00_victoria_royal_successions.txt:257
[09:18:57][jomini_script_system.cpp:247]: Script system error!
  Error: has_template trigger [ Invalid database object 'tur_reshad_osmanoglu_template' ]
  Script location: common/scripted_effects/00_victoria_royal_successions.txt:269

[09:18:57][jomini_trigger.cpp:224]: PostValidate of trigger 'has_template' returned false at common/scripted_effects/00_victoria_royal_successions.txt:269
[09:18:57][jomini_script_system.cpp:247]: Script system error!
  Error: has_template trigger [ Invalid database object 'FRA_ferdinand_philippe' ]
  Script location: common/scripted_effects/00_victoria_royal_successions.txt:310

[09:18:57][jomini_trigger.cpp:224]: PostValidate of trigger 'has_template' returned false at common/scripted_effects/00_victoria_royal_successions.txt:310
[09:18:57][jomini_script_system.cpp:247]: Script system error!
  Error: has_template trigger [ Invalid database object 'FRA_philippe_de_orleans_of_paris' ]
  Script location: common/scripted_effects/00_victoria_ip4_scripted_effects.txt:2033

[09:18:57][jomini_trigger.cpp:224]: PostValidate of trigger 'has_template' returned false at common/scripted_effects/00_victoria_ip4_scripted_effects.txt:2033
[09:18:57][jomini_script_system.cpp:247]: Script system error!
  Error: has_template trigger [ Invalid database object 'FRA_philippe_de_orleans_of_paris' ]
  Script location: common/scripted_effects/00_victoria_ip4_scripted_effects.txt:2038

[09:18:57][jomini_trigger.cpp:224]: PostValidate of trigger 'has_template' returned false at common/scripted_effects/00_victoria_ip4_scripted_effects.txt:2038
[09:18:57][jomini_script_system.cpp:247]: Script system error!
  Error: has_template trigger [ Invalid database object 'FRA_philippe_de_orleans_of_paris' ]
  Script location: common/scripted_effects/00_victoria_ip4_scripted_effects.txt:2005

[09:18:57][jomini_trigger.cpp:224]: PostValidate of trigger 'has_template' returned false at common/scripted_effects/00_victoria_ip4_scripted_effects.txt:2005
[09:18:57][jomini_script_system.cpp:247]: Script system error!
  Error: has_template trigger [ Invalid database object 'RUS_alexander_ii' ]
  Script location: common/scripted_effects/00_victoria_royal_successions.txt:4

[09:18:57][jomini_trigger.cpp:224]: PostValidate of trigger 'has_template' returned false at common/scripted_effects/00_victoria_royal_successions.txt:4
[09:18:57][jomini_script_system.cpp:247]: Script system error!
  Error: has_template trigger [ Invalid database object 'FRA_philippe_de_orleans_of_paris' ]
  Script location: common/scripted_effects/00_victoria_ip4_scripted_effects.txt:2010

[09:18:57][jomini_trigger.cpp:224]: PostValidate of trigger 'has_template' returned false at common/scripted_effects/00_victoria_ip4_scripted_effects.txt:2010
[09:18:57][jomini_script_system.cpp:247]: Script system error!
  Error: has_template trigger [ Invalid database object 'RUS_tsarevich_nicholas_alexandrovich' ]
  Script location: common/scripted_effects/00_victoria_royal_successions.txt:11

[09:18:57][jomini_trigger.cpp:224]: PostValidate of trigger 'has_template' returned false at common/scripted_effects/00_victoria_royal_successions.txt:11
[09:18:57][jomini_script_system.cpp:247]: Script system error!
  Error: has_template trigger [ Invalid database object 'RUS_alexander_iii' ]
  Script location: common/scripted_effects/00_victoria_royal_successions.txt:18

[09:18:57][jomini_trigger.cpp:224]: PostValidate of trigger 'has_template' returned false at common/scripted_effects/00_victoria_royal_successions.txt:18
[09:18:57][jomini_script_system.cpp:247]: Script system error!
  Error: has_template trigger [ Invalid database object 'RUS_nicholas_ii' ]
  Script location: common/scripted_effects/00_victoria_royal_successions.txt:25

[09:18:57][jomini_trigger.cpp:224]: PostValidate of trigger 'has_template' returned false at common/scripted_effects/00_victoria_royal_successions.txt:25
[09:18:57][jomini_script_system.cpp:247]: Script system error!
  Error: has_template trigger [ Invalid database object 'RUS_alexei_ii' ]
  Script location: common/scripted_effects/00_victoria_royal_successions.txt:32

[09:18:57][jomini_trigger.cpp:224]: PostValidate of trigger 'has_template' returned false at common/scripted_effects/00_victoria_royal_successions.txt:32
[09:18:57][jomini_script_system.cpp:247]: Script system error!
  Error: has_template trigger [ Invalid database object 'RUS_michael_ii' ]
  Script location: common/scripted_effects/00_victoria_royal_successions.txt:39

[09:18:57][jomini_trigger.cpp:224]: PostValidate of trigger 'has_template' returned false at common/scripted_effects/00_victoria_royal_successions.txt:39
[09:18:57][jomini_script_system.cpp:247]: Script system error!
  Error: has_template trigger [ Invalid database object 'RUS_george_i' ]
  Script location: common/scripted_effects/00_victoria_royal_successions.txt:46

[09:18:57][jomini_trigger.cpp:224]: PostValidate of trigger 'has_template' returned false at common/scripted_effects/00_victoria_royal_successions.txt:46
[09:18:57][jomini_script_system.cpp:247]: Script system error!
  Error: has_template trigger [ Invalid database object 'FRA_philippe_de_orleans_of_orleans' ]
  Script location: common/scripted_effects/00_victoria_ip4_scripted_effects.txt:2005

[09:18:57][jomini_trigger.cpp:224]: PostValidate of trigger 'has_template' returned false at common/scripted_effects/00_victoria_ip4_scripted_effects.txt:2005
[09:18:57][jomini_script_system.cpp:247]: Script system error!
  Error: has_template trigger [ Invalid database object 'FRA_philippe_de_orleans_of_orleans' ]
  Script location: common/scripted_effects/00_victoria_ip4_scripted_effects.txt:2010

[09:18:57][jomini_trigger.cpp:224]: PostValidate of trigger 'has_template' returned false at common/scripted_effects/00_victoria_ip4_scripted_effects.txt:2010
[09:18:57][jomini_script_system.cpp:247]: Script system error!
  Error: has_template trigger [ Invalid database object 'FRA_jean_de_orleans' ]
  Script location: common/scripted_effects/00_victoria_ip4_scripted_effects.txt:2005

[09:18:57][jomini_trigger.cpp:224]: PostValidate of trigger 'has_template' returned false at common/scripted_effects/00_victoria_ip4_scripted_effects.txt:2005
[09:18:57][jomini_script_system.cpp:247]: Script system error!
  Error: has_template trigger [ Invalid database object 'FRA_jean_de_orleans' ]
  Script location: common/scripted_effects/00_victoria_ip4_scripted_effects.txt:2010

[09:18:57][jomini_trigger.cpp:224]: PostValidate of trigger 'has_template' returned false at common/scripted_effects/00_victoria_ip4_scripted_effects.txt:2010
[09:18:57][jomini_script_system.cpp:247]: Script system error!
  Error: has_template trigger [ Invalid database object 'FRA_henri_de_orleans' ]
  Script location: common/scripted_effects/00_victoria_ip4_scripted_effects.txt:2005

[09:18:57][jomini_trigger.cpp:224]: PostValidate of trigger 'has_template' returned false at common/scripted_effects/00_victoria_ip4_scripted_effects.txt:2005
[09:18:57][jomini_script_system.cpp:247]: Script system error!
  Error: has_template trigger [ Invalid database object 'FRA_henri_de_orleans' ]
  Script location: common/scripted_effects/00_victoria_ip4_scripted_effects.txt:2010

[09:18:57][jomini_trigger.cpp:224]: PostValidate of trigger 'has_template' returned false at common/scripted_effects/00_victoria_ip4_scripted_effects.txt:2010
[09:18:57][jomini_script_system.cpp:247]: Script system error!
  Error: owns_entire_state_region trigger [ Invalid database object 'STATE_HYDERABAD' ]
  Script location: common/scripted_effects/00_victoria_scripted_effects.txt:4619

[09:18:57][jomini_trigger.cpp:224]: PostValidate of trigger 'owns_entire_state_region' returned false at common/scripted_effects/00_victoria_scripted_effects.txt:4619
[09:18:57][jomini_script_system.cpp:247]: Script system error!
  Error: owns_entire_state_region trigger [ Invalid database object 'STATE_HYDERABAD' ]
  Script location: common/scripted_effects/00_victoria_scripted_effects.txt:4632

[09:18:57][jomini_trigger.cpp:224]: PostValidate of trigger 'owns_entire_state_region' returned false at common/scripted_effects/00_victoria_scripted_effects.txt:4632
[09:18:57][jomini_script_system.cpp:247]: Script system error!
  Error: has_template trigger [ Invalid database object 'SPC_carlos_v_de_borbon_template' ]
  Script location: common/scripted_effects/00_victoria_royal_successions.txt:491

[09:18:57][jomini_trigger.cpp:224]: PostValidate of trigger 'has_template' returned false at common/scripted_effects/00_victoria_royal_successions.txt:491
[09:18:57][jomini_script_system.cpp:247]: Script system error!
  Error: has_template trigger [ Invalid database object 'SPC_carlos_vi_de_borbon_template' ]
  Script location: common/scripted_effects/00_victoria_royal_successions.txt:506

[09:18:57][jomini_trigger.cpp:224]: PostValidate of trigger 'has_template' returned false at common/scripted_effects/00_victoria_royal_successions.txt:506
[09:18:57][jomini_script_system.cpp:247]: Script system error!
  Error: has_template trigger [ Invalid database object 'SPC_juan_iii_de_borbon_template' ]
  Script location: common/scripted_effects/00_victoria_royal_successions.txt:512

[09:18:57][jomini_trigger.cpp:224]: PostValidate of trigger 'has_template' returned false at common/scripted_effects/00_victoria_royal_successions.txt:512
[09:18:57][jomini_script_system.cpp:247]: Script system error!
  Error: has_template trigger [ Invalid database object 'SPC_juan_iii_de_borbon_template' ]
  Script location: common/scripted_effects/00_victoria_royal_successions.txt:517

[09:18:57][jomini_trigger.cpp:224]: PostValidate of trigger 'has_template' returned false at common/scripted_effects/00_victoria_royal_successions.txt:517
[09:18:57][jomini_script_system.cpp:247]: Script system error!
  Error: has_template trigger [ Invalid database object 'SPC_juan_iii_de_borbon_template' ]
  Script location: common/scripted_effects/00_victoria_royal_successions.txt:539

[09:18:57][jomini_trigger.cpp:224]: PostValidate of trigger 'has_template' returned false at common/scripted_effects/00_victoria_royal_successions.txt:539
[09:18:57][jomini_script_system.cpp:247]: Script system error!
  Error: has_template trigger [ Invalid database object 'SPC_carlos_vii_de_borbon_template' ]
  Script location: common/scripted_effects/00_victoria_royal_successions.txt:546

[09:18:57][jomini_trigger.cpp:224]: PostValidate of trigger 'has_template' returned false at common/scripted_effects/00_victoria_royal_successions.txt:546
[09:18:57][jomini_script_system.cpp:247]: Script system error!
  Error: has_template trigger [ Invalid database object 'SPC_carlos_vii_de_borbon_template' ]
  Script location: common/scripted_effects/00_victoria_royal_successions.txt:551

[09:18:57][jomini_trigger.cpp:224]: PostValidate of trigger 'has_template' returned false at common/scripted_effects/00_victoria_royal_successions.txt:551
[09:18:57][jomini_script_system.cpp:247]: Script system error!
  Error: has_template trigger [ Invalid database object 'SPC_carlos_vii_de_borbon_template' ]
  Script location: common/scripted_effects/00_victoria_royal_successions.txt:573

[09:18:57][jomini_trigger.cpp:224]: PostValidate of trigger 'has_template' returned false at common/scripted_effects/00_victoria_royal_successions.txt:573
[09:18:57][jomini_script_system.cpp:247]: Script system error!
  Error: has_template trigger [ Invalid database object 'SPC_jaime_iii_de_borbon_template' ]
  Script location: common/scripted_effects/00_victoria_royal_successions.txt:580

[09:18:57][jomini_trigger.cpp:224]: PostValidate of trigger 'has_template' returned false at common/scripted_effects/00_victoria_royal_successions.txt:580
[09:18:57][jomini_script_system.cpp:247]: Script system error!
  Error: has_template trigger [ Invalid database object 'SPC_jaime_iii_de_borbon_template' ]
  Script location: common/scripted_effects/00_victoria_royal_successions.txt:585

[09:18:57][jomini_trigger.cpp:224]: PostValidate of trigger 'has_template' returned false at common/scripted_effects/00_victoria_royal_successions.txt:585
[09:18:57][jomini_script_system.cpp:247]: Script system error!
  Error: has_template trigger [ Invalid database object 'SPC_jaime_iii_de_borbon_template' ]
  Script location: common/scripted_effects/00_victoria_royal_successions.txt:607

[09:18:57][jomini_trigger.cpp:224]: PostValidate of trigger 'has_template' returned false at common/scripted_effects/00_victoria_royal_successions.txt:607
[09:18:57][jomini_script_system.cpp:247]: Script system error!
  Error: has_template trigger [ Invalid database object 'SPC_alfonso_i_de_borbon_template' ]
  Script location: common/scripted_effects/00_victoria_royal_successions.txt:613

[09:18:57][jomini_trigger.cpp:224]: PostValidate of trigger 'has_template' returned false at common/scripted_effects/00_victoria_royal_successions.txt:613
[09:18:57][jomini_script_system.cpp:247]: Script system error!
  Error: has_template trigger [ Invalid database object 'SPC_alfonso_i_de_borbon_template' ]
  Script location: common/scripted_effects/00_victoria_royal_successions.txt:618

[09:18:57][jomini_trigger.cpp:224]: PostValidate of trigger 'has_template' returned false at common/scripted_effects/00_victoria_royal_successions.txt:618
[09:18:57][jomini_script_system.cpp:247]: Script system error!
  Error: has_template trigger [ Invalid database object 'spa_isabel_de_borbon_template' ]
  Script location: common/scripted_effects/00_victoria_royal_successions.txt:645

[09:18:57][jomini_trigger.cpp:224]: PostValidate of trigger 'has_template' returned false at common/scripted_effects/00_victoria_royal_successions.txt:645
[09:18:57][jomini_script_system.cpp:247]: Script system error!
  Error: has_template trigger [ Invalid database object 'spa_isabel_de_borbon_template' ]
  Script location: common/scripted_effects/00_victoria_royal_successions.txt:657

[09:18:57][jomini_trigger.cpp:224]: PostValidate of trigger 'has_template' returned false at common/scripted_effects/00_victoria_royal_successions.txt:657
[09:18:57][jomini_script_system.cpp:247]: Script system error!
  Error: has_template trigger [ Invalid database object 'spa_alfonso_xii_de_borbon_template' ]
  Script location: common/scripted_effects/00_victoria_royal_successions.txt:669

[09:18:57][jomini_trigger.cpp:224]: PostValidate of trigger 'has_template' returned false at common/scripted_effects/00_victoria_royal_successions.txt:669
[09:18:57][jomini_script_system.cpp:247]: Script system error!
  Error: has_template trigger [ Invalid database object 'FRA_napoleon_eugene_louis_bonaparte' ]
  Script location: common/scripted_effects/00_victoria_ip4_scripted_effects.txt:2005

[09:18:57][jomini_trigger.cpp:224]: PostValidate of trigger 'has_template' returned false at common/scripted_effects/00_victoria_ip4_scripted_effects.txt:2005
[09:18:57][jomini_script_system.cpp:247]: Script system error!
  Error: has_template trigger [ Invalid database object 'FRA_napoleon_eugene_louis_bonaparte' ]
  Script location: common/scripted_effects/00_victoria_ip4_scripted_effects.txt:2010

[09:18:57][jomini_trigger.cpp:224]: PostValidate of trigger 'has_template' returned false at common/scripted_effects/00_victoria_ip4_scripted_effects.txt:2010
[09:18:57][jomini_script_system.cpp:247]: Script system error!
  Error: has_template trigger [ Invalid database object 'FRA_victor_bonaparte' ]
  Script location: common/scripted_effects/00_victoria_ip4_scripted_effects.txt:2005

[09:18:57][jomini_trigger.cpp:224]: PostValidate of trigger 'has_template' returned false at common/scripted_effects/00_victoria_ip4_scripted_effects.txt:2005
[09:18:57][jomini_script_system.cpp:247]: Script system error!
  Error: has_template trigger [ Invalid database object 'FRA_victor_bonaparte' ]
  Script location: common/scripted_effects/00_victoria_ip4_scripted_effects.txt:2010

[09:18:57][jomini_trigger.cpp:224]: PostValidate of trigger 'has_template' returned false at common/scripted_effects/00_victoria_ip4_scripted_effects.txt:2010
[09:18:57][jomini_script_system.cpp:247]: Script system error!
  Error: has_template trigger [ Invalid database object 'FRA_louis_bonaparte' ]
  Script location: common/scripted_effects/00_victoria_ip4_scripted_effects.txt:2005

[09:18:57][jomini_trigger.cpp:224]: PostValidate of trigger 'has_template' returned false at common/scripted_effects/00_victoria_ip4_scripted_effects.txt:2005
[09:18:57][jomini_script_system.cpp:247]: Script system error!
  Error: has_template trigger [ Invalid database object 'FRA_louis_bonaparte' ]
  Script location: common/scripted_effects/00_victoria_ip4_scripted_effects.txt:2010

[09:18:57][jomini_trigger.cpp:224]: PostValidate of trigger 'has_template' returned false at common/scripted_effects/00_victoria_ip4_scripted_effects.txt:2010
[09:18:57][jomini_script_system.cpp:247]: Script system error!
  Error: has_template trigger [ Invalid database object 'FRA_henri_de_bourbon' ]
  Script location: common/scripted_effects/00_victoria_ip4_scripted_effects.txt:2005

[09:18:57][jomini_trigger.cpp:224]: PostValidate of trigger 'has_template' returned false at common/scripted_effects/00_victoria_ip4_scripted_effects.txt:2005
[09:18:57][jomini_script_system.cpp:247]: Script system error!
  Error: has_template trigger [ Invalid database object 'FRA_henri_de_bourbon' ]
  Script location: common/scripted_effects/00_victoria_ip4_scripted_effects.txt:2010

[09:18:57][jomini_trigger.cpp:224]: PostValidate of trigger 'has_template' returned false at common/scripted_effects/00_victoria_ip4_scripted_effects.txt:2010
[09:18:57][jomini_script_system.cpp:247]: Script system error!
  Error: has_template trigger [ Invalid database object 'SPC_juan_iii_de_borbon_template' ]
  Script location: common/scripted_effects/00_victoria_ip4_scripted_effects.txt:2005

[09:18:57][jomini_trigger.cpp:224]: PostValidate of trigger 'has_template' returned false at common/scripted_effects/00_victoria_ip4_scripted_effects.txt:2005
[09:18:57][jomini_script_system.cpp:247]: Script system error!
  Error: has_template trigger [ Invalid database object 'SPC_juan_iii_de_borbon_template' ]
  Script location: common/scripted_effects/00_victoria_ip4_scripted_effects.txt:2010

[09:18:57][jomini_trigger.cpp:224]: PostValidate of trigger 'has_template' returned false at common/scripted_effects/00_victoria_ip4_scripted_effects.txt:2010
[09:18:57][jomini_script_system.cpp:247]: Script system error!
  Error: has_template trigger [ Invalid database object 'SPC_carlos_vii_de_borbon_template' ]
  Script location: common/scripted_effects/00_victoria_ip4_scripted_effects.txt:2005

[09:18:57][jomini_trigger.cpp:224]: PostValidate of trigger 'has_template' returned false at common/scripted_effects/00_victoria_ip4_scripted_effects.txt:2005
[09:18:57][jomini_script_system.cpp:247]: Script system error!
  Error: has_template trigger [ Invalid database object 'SPC_carlos_vii_de_borbon_template' ]
  Script location: common/scripted_effects/00_victoria_ip4_scripted_effects.txt:2010

[09:18:57][jomini_trigger.cpp:224]: PostValidate of trigger 'has_template' returned false at common/scripted_effects/00_victoria_ip4_scripted_effects.txt:2010
[09:18:57][jomini_script_system.cpp:247]: Script system error!
  Error: has_template trigger [ Invalid database object 'POR_miguel_i_de_braganca_template' ]
  Script location: common/scripted_effects/00_victoria_royal_successions.txt:704

[09:18:57][jomini_trigger.cpp:224]: PostValidate of trigger 'has_template' returned false at common/scripted_effects/00_victoria_royal_successions.txt:704
[09:18:57][jomini_script_system.cpp:247]: Script system error!
  Error: has_template trigger [ Invalid database object 'POR_miguel_i_de_braganca_template' ]
  Script location: common/scripted_effects/00_victoria_royal_successions.txt:717

[09:18:57][jomini_trigger.cpp:224]: PostValidate of trigger 'has_template' returned false at common/scripted_effects/00_victoria_royal_successions.txt:717
[09:18:57][jomini_script_system.cpp:247]: Script system error!
  Error: has_template trigger [ Invalid database object 'SPC_jaime_iii_de_borbon_template' ]
  Script location: common/scripted_effects/00_victoria_ip4_scripted_effects.txt:2005

[09:18:57][jomini_trigger.cpp:224]: PostValidate of trigger 'has_template' returned false at common/scripted_effects/00_victoria_ip4_scripted_effects.txt:2005
[09:18:57][jomini_script_system.cpp:247]: Script system error!
  Error: has_template trigger [ Invalid database object 'SPC_jaime_iii_de_borbon_template' ]
  Script location: common/scripted_effects/00_victoria_ip4_scripted_effects.txt:2010

[09:18:57][jomini_trigger.cpp:224]: PostValidate of trigger 'has_template' returned false at common/scripted_effects/00_victoria_ip4_scripted_effects.txt:2010
[09:18:57][jomini_script_system.cpp:247]: Script system error!
  Error: has_template trigger [ Invalid database object 'POR_miguel_i_de_braganca_template' ]
  Script location: common/scripted_effects/00_victoria_royal_successions.txt:730

[09:18:57][jomini_trigger.cpp:224]: PostValidate of trigger 'has_template' returned false at common/scripted_effects/00_victoria_royal_successions.txt:730
[09:18:57][jomini_script_system.cpp:247]: Script system error!
  Error: has_template trigger [ Invalid database object 'POR_maria_das_neves_de_braganca_template' ]
  Script location: common/scripted_effects/00_victoria_royal_successions.txt:731

[09:18:57][jomini_trigger.cpp:224]: PostValidate of trigger 'has_template' returned false at common/scripted_effects/00_victoria_royal_successions.txt:731
[09:18:57][jomini_script_system.cpp:247]: Script system error!
  Error: has_template trigger [ Invalid database object 'POR_miguel_januario_de_braganca_template' ]
  Script location: common/scripted_effects/00_victoria_royal_successions.txt:744

[09:18:57][jomini_trigger.cpp:224]: PostValidate of trigger 'has_template' returned false at common/scripted_effects/00_victoria_royal_successions.txt:744
[09:18:57][jomini_script_system.cpp:247]: Script system error!
  Error: has_template trigger [ Invalid database object 'SPC_alfonso_i_de_borbon_template' ]
  Script location: common/scripted_effects/00_victoria_ip4_scripted_effects.txt:2005

[09:18:57][jomini_trigger.cpp:224]: PostValidate of trigger 'has_template' returned false at common/scripted_effects/00_victoria_ip4_scripted_effects.txt:2005
[09:18:57][jomini_script_system.cpp:247]: Script system error!
  Error: has_template trigger [ Invalid database object 'POR_maria_ii_de_braganca' ]
  Script location: common/scripted_effects/00_victoria_royal_successions.txt:759

[09:18:57][jomini_trigger.cpp:224]: PostValidate of trigger 'has_template' returned false at common/scripted_effects/00_victoria_royal_successions.txt:759
[09:18:57][jomini_script_system.cpp:247]: Script system error!
  Error: has_template trigger [ Invalid database object 'SPC_alfonso_i_de_borbon_template' ]
  Script location: common/scripted_effects/00_victoria_ip4_scripted_effects.txt:2010

[09:18:57][jomini_trigger.cpp:224]: PostValidate of trigger 'has_template' returned false at common/scripted_effects/00_victoria_ip4_scripted_effects.txt:2010
[09:18:57][jomini_script_system.cpp:247]: Script system error!
  Error: has_template trigger [ Invalid database object 'POR_pedro_v_de_braganca_template' ]
  Script location: common/scripted_effects/00_victoria_royal_successions.txt:771

[09:18:57][jomini_trigger.cpp:224]: PostValidate of trigger 'has_template' returned false at common/scripted_effects/00_victoria_royal_successions.txt:771
[09:18:57][jomini_script_system.cpp:247]: Script system error!
  Error: has_template trigger [ Invalid database object 'POR_luis_i_de_braganca_template' ]
  Script location: common/scripted_effects/00_victoria_royal_successions.txt:783

[09:18:57][jomini_trigger.cpp:224]: PostValidate of trigger 'has_template' returned false at common/scripted_effects/00_victoria_royal_successions.txt:783
[09:18:57][jomini_script_system.cpp:247]: Script system error!
  Error: has_template trigger [ Invalid database object 'POR_carlos_i_de_braganca_template' ]
  Script location: common/scripted_effects/00_victoria_royal_successions.txt:795

[09:18:57][jomini_trigger.cpp:224]: PostValidate of trigger 'has_template' returned false at common/scripted_effects/00_victoria_royal_successions.txt:795
[09:18:57][jomini_script_system.cpp:247]: Script system error!
  Error: has_template trigger [ Invalid database object 'MOR_muhammad_al_alawi' ]
  Script location: common/scripted_effects/00_victoria_royal_successions.txt:810

[09:18:57][jomini_trigger.cpp:224]: PostValidate of trigger 'has_template' returned false at common/scripted_effects/00_victoria_royal_successions.txt:810
[09:18:57][jomini_script_system.cpp:247]: Script system error!
  Error: has_template trigger [ Invalid database object 'MOR_hasan_al_alawi' ]
  Script location: common/scripted_effects/00_victoria_royal_successions.txt:821

[09:18:57][jomini_trigger.cpp:224]: PostValidate of trigger 'has_template' returned false at common/scripted_effects/00_victoria_royal_successions.txt:821
[09:18:57][jomini_script_system.cpp:247]: Script system error!
  Error: has_template trigger [ Invalid database object 'MOR_abdelaziz_al_alawi' ]
  Script location: common/scripted_effects/00_victoria_royal_successions.txt:832

[09:18:57][jomini_trigger.cpp:224]: PostValidate of trigger 'has_template' returned false at common/scripted_effects/00_victoria_royal_successions.txt:832
[09:18:57][jomini_script_system.cpp:247]: Script system error!
  Error: has_template trigger [ Invalid database object 'MOR_abd_alhafid_al_alawi' ]
  Script location: common/scripted_effects/00_victoria_royal_successions.txt:843

[09:18:57][jomini_trigger.cpp:224]: PostValidate of trigger 'has_template' returned false at common/scripted_effects/00_victoria_royal_successions.txt:843
[09:18:57][jomini_script_system.cpp:247]: Script system error!
  Error: has_template trigger [ Invalid database object 'MOR_yusef_al_alawi' ]
  Script location: common/scripted_effects/00_victoria_royal_successions.txt:855

[09:18:57][jomini_trigger.cpp:224]: PostValidate of trigger 'has_template' returned false at common/scripted_effects/00_victoria_royal_successions.txt:855
[09:18:57][jomini_script_system.cpp:247]: Script system error!
  Error: has_template trigger [ Invalid database object 'JAP_ieyoshi_tokugawa' ]
  Script location: common/scripted_effects/00_victoria_royal_successions.txt:869

[09:18:57][jomini_trigger.cpp:224]: PostValidate of trigger 'has_template' returned false at common/scripted_effects/00_victoria_royal_successions.txt:869
[09:18:57][jomini_script_system.cpp:247]: Script system error!
  Error: has_template trigger [ Invalid database object 'JAP_iesada_tokugawa' ]
  Script location: common/scripted_effects/00_victoria_royal_successions.txt:885

[09:18:57][jomini_trigger.cpp:224]: PostValidate of trigger 'has_template' returned false at common/scripted_effects/00_victoria_royal_successions.txt:885
[09:18:57][jomini_script_system.cpp:247]: Script system error!
  Error: has_template trigger [ Invalid database object 'JAP_iemochi_tokugawa' ]
  Script location: common/scripted_effects/00_victoria_royal_successions.txt:900

[09:18:57][jomini_trigger.cpp:224]: PostValidate of trigger 'has_template' returned false at common/scripted_effects/00_victoria_royal_successions.txt:900
[09:18:57][jomini_script_system.cpp:247]: Script system error!
  Error: has_template trigger [ Invalid database object 'JAP_yoshinobu_tokugawa' ]
  Script location: common/scripted_effects/00_victoria_royal_successions.txt:915

[09:18:57][jomini_trigger.cpp:224]: PostValidate of trigger 'has_template' returned false at common/scripted_effects/00_victoria_royal_successions.txt:915
[09:18:57][jomini_script_system.cpp:247]: Script system error!
  Error: has_template trigger [ Invalid database object 'JAP_iesato_tokugawa' ]
  Script location: common/scripted_effects/00_victoria_royal_successions.txt:927

[09:18:57][jomini_trigger.cpp:224]: PostValidate of trigger 'has_template' returned false at common/scripted_effects/00_victoria_royal_successions.txt:927
[09:18:57][jomini_script_system.cpp:247]: Script system error!
  Error: has_template trigger [ Invalid database object 'FRA_ferdinand_philippe' ]
  Script location: common/scripted_effects/00_victoria_ip4_scripted_effects.txt:2005

[09:18:57][jomini_trigger.cpp:224]: PostValidate of trigger 'has_template' returned false at common/scripted_effects/00_victoria_ip4_scripted_effects.txt:2005
[09:18:57][jomini_script_system.cpp:247]: Script system error!
  Error: has_template trigger [ Invalid database object 'FRA_ferdinand_philippe' ]
  Script location: common/scripted_effects/00_victoria_ip4_scripted_effects.txt:2010

[09:18:57][jomini_trigger.cpp:224]: PostValidate of trigger 'has_template' returned false at common/scripted_effects/00_victoria_ip4_scripted_effects.txt:2010
[09:18:57][jomini_script_system.cpp:247]: Script system error!
  Error: has_template trigger [ Invalid database object 'POR_miguel_i_de_braganca_template' ]
  Script location: common/scripted_effects/00_victoria_ip4_scripted_effects.txt:2005

[09:18:57][jomini_trigger.cpp:224]: PostValidate of trigger 'has_template' returned false at common/scripted_effects/00_victoria_ip4_scripted_effects.txt:2005
[09:18:57][jomini_script_system.cpp:247]: Script system error!
  Error: has_template trigger [ Invalid database object 'POR_miguel_i_de_braganca_template' ]
  Script location: common/scripted_effects/00_victoria_ip4_scripted_effects.txt:2010

[09:18:57][jomini_trigger.cpp:224]: PostValidate of trigger 'has_template' returned false at common/scripted_effects/00_victoria_ip4_scripted_effects.txt:2010
[09:18:57][jomini_script_system.cpp:247]: Script system error!
  Error: has_template trigger [ Invalid database object 'JAP_ninko_yamato' ]
  Script location: common/scripted_effects/00_victoria_heir_generation.txt:13

[09:18:57][jomini_trigger.cpp:224]: PostValidate of trigger 'has_template' returned false at common/scripted_effects/00_victoria_heir_generation.txt:13
[09:18:57][jomini_script_system.cpp:247]: Script system error!
  Error: has_template trigger [ Invalid database object 'JAP_komei_yamato' ]
  Script location: common/scripted_effects/00_victoria_heir_generation.txt:29

[09:18:57][jomini_trigger.cpp:224]: PostValidate of trigger 'has_template' returned false at common/scripted_effects/00_victoria_heir_generation.txt:29
[09:18:57][jomini_script_system.cpp:247]: Script system error!
  Error: has_template trigger [ Invalid database object 'JAP_meiji_yamato' ]
  Script location: common/scripted_effects/00_victoria_heir_generation.txt:45

[09:18:57][jomini_trigger.cpp:224]: PostValidate of trigger 'has_template' returned false at common/scripted_effects/00_victoria_heir_generation.txt:45
[09:18:57][jomini_script_system.cpp:247]: Script system error!
  Error: has_template trigger [ Invalid database object 'JAP_taisho_yamato' ]
  Script location: common/scripted_effects/00_victoria_heir_generation.txt:61

[09:18:57][jomini_trigger.cpp:224]: PostValidate of trigger 'has_template' returned false at common/scripted_effects/00_victoria_heir_generation.txt:61
[09:18:57][jomini_script_system.cpp:247]: Script system error!
  Error: is_template_used trigger [ Invalid database object 'JAP_iesada_tokugawa' ]
  Script location: common/scripted_effects/00_victoria_heir_generation.txt:81

[09:18:57][jomini_trigger.cpp:224]: PostValidate of trigger 'is_template_used' returned false at common/scripted_effects/00_victoria_heir_generation.txt:81
[09:18:57][jomini_script_system.cpp:247]: Script system error!
  Error: has_template trigger [ Invalid database object 'JAP_ieyoshi_tokugawa' ]
  Script location: common/scripted_effects/00_victoria_heir_generation.txt:83

[09:18:57][jomini_trigger.cpp:224]: PostValidate of trigger 'has_template' returned false at common/scripted_effects/00_victoria_heir_generation.txt:83
[09:18:57][jomini_script_system.cpp:247]: Script system error!
  Error: is_template_used trigger [ Invalid database object 'JAP_iemochi_tokugawa' ]
  Script location: common/scripted_effects/00_victoria_heir_generation.txt:97

[09:18:57][jomini_trigger.cpp:224]: PostValidate of trigger 'is_template_used' returned false at common/scripted_effects/00_victoria_heir_generation.txt:97
[09:18:57][jomini_script_system.cpp:247]: Script system error!
  Error: has_template trigger [ Invalid database object 'JAP_iesada_tokugawa' ]
  Script location: common/scripted_effects/00_victoria_heir_generation.txt:99

[09:18:57][jomini_trigger.cpp:224]: PostValidate of trigger 'has_template' returned false at common/scripted_effects/00_victoria_heir_generation.txt:99
[09:18:57][jomini_script_system.cpp:247]: Script system error!
  Error: is_template_used trigger [ Invalid database object 'JAP_yoshinobu_tokugawa' ]
  Script location: common/scripted_effects/00_victoria_heir_generation.txt:113

[09:18:57][jomini_trigger.cpp:224]: PostValidate of trigger 'is_template_used' returned false at common/scripted_effects/00_victoria_heir_generation.txt:113
[09:18:57][jomini_script_system.cpp:247]: Script system error!
  Error: has_template trigger [ Invalid database object 'JAP_iemochi_tokugawa' ]
  Script location: common/scripted_effects/00_victoria_heir_generation.txt:115

[09:18:57][jomini_trigger.cpp:224]: PostValidate of trigger 'has_template' returned false at common/scripted_effects/00_victoria_heir_generation.txt:115
[09:18:57][jomini_script_system.cpp:247]: Script system error!
  Error: is_template_used trigger [ Invalid database object 'JAP_iesato_tokugawa' ]
  Script location: common/scripted_effects/00_victoria_heir_generation.txt:128

[09:18:57][jomini_trigger.cpp:224]: PostValidate of trigger 'is_template_used' returned false at common/scripted_effects/00_victoria_heir_generation.txt:128
[09:18:57][jomini_script_system.cpp:247]: Script system error!
  Error: has_template trigger [ Invalid database object 'JAP_iemochi_tokugawa' ]
  Script location: common/scripted_effects/00_victoria_heir_generation.txt:131

[09:18:57][jomini_trigger.cpp:224]: PostValidate of trigger 'has_template' returned false at common/scripted_effects/00_victoria_heir_generation.txt:131
[09:18:57][jomini_script_system.cpp:247]: Script system error!
  Error: has_template trigger [ Invalid database object 'JAP_yoshinobu_tokugawa' ]
  Script location: common/scripted_effects/00_victoria_heir_generation.txt:132

[09:18:57][jomini_trigger.cpp:224]: PostValidate of trigger 'has_template' returned false at common/scripted_effects/00_victoria_heir_generation.txt:132
[09:18:57][jomini_script_system.cpp:247]: Script system error!
  Error: has_template trigger [ Invalid database object 'POR_maria_ii_de_braganca' ]
  Script location: common/scripted_effects/00_victoria_heir_generation.txt:152

[09:18:57][jomini_trigger.cpp:224]: PostValidate of trigger 'has_template' returned false at common/scripted_effects/00_victoria_heir_generation.txt:152
[09:18:57][jomini_script_system.cpp:247]: Script system error!
  Error: has_template trigger [ Invalid database object 'gbr_queen_victoria_template' ]
  Script location: common/scripted_effects/00_victoria_heir_generation.txt:168

[09:18:57][jomini_trigger.cpp:224]: PostValidate of trigger 'has_template' returned false at common/scripted_effects/00_victoria_heir_generation.txt:168
[09:18:57][jomini_script_system.cpp:247]: Script system error!
  Error: has_template trigger [ Invalid database object 'gbr_albert_edward_template' ]
  Script location: common/scripted_effects/00_victoria_heir_generation.txt:182

[09:18:57][jomini_trigger.cpp:224]: PostValidate of trigger 'has_template' returned false at common/scripted_effects/00_victoria_heir_generation.txt:182
[09:18:57][jomini_script_system.cpp:247]: Script system error!
  Error: is_template_used trigger [ Invalid database object 'FRA_napoleon_eugene_louis_bonaparte' ]
  Script location: common/scripted_effects/00_victoria_heir_generation.txt:197

[09:18:57][jomini_trigger.cpp:224]: PostValidate of trigger 'is_template_used' returned false at common/scripted_effects/00_victoria_heir_generation.txt:197
[09:18:57][jomini_script_system.cpp:247]: Script system error!
  Error: has_template trigger [ Invalid database object 'rus_jaroslaw_dabrowski_character_template' ]
  Script location: common/scripted_effects/00_victoria_scripted_effects.txt:1878

[09:18:57][jomini_trigger.cpp:224]: PostValidate of trigger 'has_template' returned false at common/scripted_effects/00_victoria_scripted_effects.txt:1878
[09:18:57][jomini_script_system.cpp:247]: Script system error!
  Error: has_template trigger [ Invalid database object 'rus_jaroslaw_dabrowski_character_template' ]
  Script location: common/scripted_effects/00_victoria_scripted_effects.txt:1885

[09:18:57][jomini_trigger.cpp:224]: PostValidate of trigger 'has_template' returned false at common/scripted_effects/00_victoria_scripted_effects.txt:1885
[09:18:57][jomini_script_system.cpp:247]: Script system error!
  Error: has_template trigger [ Invalid database object 'rus_jaroslaw_dabrowski_character_template' ]
  Script location: common/scripted_effects/00_victoria_scripted_effects.txt:1897

[09:18:57][jomini_trigger.cpp:224]: PostValidate of trigger 'has_template' returned false at common/scripted_effects/00_victoria_scripted_effects.txt:1897
[09:18:57][jomini_script_system.cpp:247]: Script system error!
  Error: has_template trigger [ Invalid database object 'rus_jaroslaw_dabrowski_character_template' ]
  Script location: common/scripted_effects/00_victoria_scripted_effects.txt:1902

[09:18:57][jomini_trigger.cpp:224]: PostValidate of trigger 'has_template' returned false at common/scripted_effects/00_victoria_scripted_effects.txt:1902
[09:18:57][jomini_script_system.cpp:247]: Script system error!
  Error: has_template trigger [ Invalid database object 'FRA_philippe_de_orleans_of_paris' ]
  Script location: common/scripted_effects/00_victoria_royal_successions.txt:322

[09:18:57][jomini_trigger.cpp:224]: PostValidate of trigger 'has_template' returned false at common/scripted_effects/00_victoria_royal_successions.txt:322
[09:18:57][jomini_script_system.cpp:247]: Script system error!
  Error: has_template trigger [ Invalid database object 'aus_klemens_von_metternich' ]
  Script location: common/scripted_effects/00_victoria_scripted_effects.txt:2057

[09:18:57][jomini_trigger.cpp:224]: PostValidate of trigger 'has_template' returned false at common/scripted_effects/00_victoria_scripted_effects.txt:2057
[09:18:57][jomini_script_system.cpp:247]: Script system error!
  Error: has_template trigger [ Invalid database object 'FRA_philippe_de_orleans_of_orleans' ]
  Script location: common/scripted_effects/00_victoria_ip4_scripted_effects.txt:2033

[09:18:57][jomini_trigger.cpp:224]: PostValidate of trigger 'has_template' returned false at common/scripted_effects/00_victoria_ip4_scripted_effects.txt:2033
[09:18:57][jomini_script_system.cpp:247]: Script system error!
  Error: has_template trigger [ Invalid database object 'FRA_philippe_de_orleans_of_orleans' ]
  Script location: common/scripted_effects/00_victoria_ip4_scripted_effects.txt:2038

[09:18:57][jomini_trigger.cpp:224]: PostValidate of trigger 'has_template' returned false at common/scripted_effects/00_victoria_ip4_scripted_effects.txt:2038
[09:18:57][jomini_script_system.cpp:247]: Script system error!
  Error: has_template trigger [ Invalid database object 'FRA_philippe_de_orleans_of_orleans' ]
  Script location: common/scripted_effects/00_victoria_royal_successions.txt:334

[09:18:57][jomini_trigger.cpp:224]: PostValidate of trigger 'has_template' returned false at common/scripted_effects/00_victoria_royal_successions.txt:334
[09:18:57][jomini_script_system.cpp:247]: Script system error!
  Error: has_template trigger [ Invalid database object 'FRA_jean_de_orleans' ]
  Script location: common/scripted_effects/00_victoria_ip4_scripted_effects.txt:2033

[09:18:57][jomini_trigger.cpp:224]: PostValidate of trigger 'has_template' returned false at common/scripted_effects/00_victoria_ip4_scripted_effects.txt:2033
[09:18:57][jomini_script_system.cpp:247]: Script system error!
  Error: has_template trigger [ Invalid database object 'FRA_jean_de_orleans' ]
  Script location: common/scripted_effects/00_victoria_ip4_scripted_effects.txt:2038

[09:18:57][jomini_trigger.cpp:224]: PostValidate of trigger 'has_template' returned false at common/scripted_effects/00_victoria_ip4_scripted_effects.txt:2038
[09:18:57][jomini_script_system.cpp:247]: Script system error!
  Error: has_template trigger [ Invalid database object 'FRA_jean_de_orleans' ]
  Script location: common/scripted_effects/00_victoria_royal_successions.txt:346

[09:18:57][jomini_trigger.cpp:224]: PostValidate of trigger 'has_template' returned false at common/scripted_effects/00_victoria_royal_successions.txt:346
[09:18:57][jomini_script_system.cpp:247]: Script system error!
  Error: has_template trigger [ Invalid database object 'FRA_henri_de_orleans' ]
  Script location: common/scripted_effects/00_victoria_ip4_scripted_effects.txt:2033

[09:18:57][jomini_trigger.cpp:224]: PostValidate of trigger 'has_template' returned false at common/scripted_effects/00_victoria_ip4_scripted_effects.txt:2033
[09:18:57][jomini_script_system.cpp:247]: Script system error!
  Error: has_template trigger [ Invalid database object 'FRA_henri_de_orleans' ]
  Script location: common/scripted_effects/00_victoria_ip4_scripted_effects.txt:2038

[09:18:57][jomini_trigger.cpp:224]: PostValidate of trigger 'has_template' returned false at common/scripted_effects/00_victoria_ip4_scripted_effects.txt:2038
[09:18:57][jomini_script_system.cpp:247]: Script system error!
  Error: has_template trigger [ Invalid database object 'FRA_louis_antoine_de_bourbon' ]
  Script location: common/scripted_effects/00_victoria_ip4_scripted_effects.txt:2005

[09:18:57][jomini_trigger.cpp:224]: PostValidate of trigger 'has_template' returned false at common/scripted_effects/00_victoria_ip4_scripted_effects.txt:2005
[09:18:57][jomini_script_system.cpp:247]: Script system error!
  Error: has_template trigger [ Invalid database object 'FRA_louis_antoine_de_bourbon' ]
  Script location: common/scripted_effects/00_victoria_ip4_scripted_effects.txt:2010

[09:18:57][jomini_trigger.cpp:224]: PostValidate of trigger 'has_template' returned false at common/scripted_effects/00_victoria_ip4_scripted_effects.txt:2010
[09:18:57][jomini_script_system.cpp:247]: Script system error!
  Error: has_template trigger [ Invalid database object 'FRA_louis_antoine_de_bourbon' ]
  Script location: common/scripted_effects/00_victoria_royal_successions.txt:361

[09:18:57][jomini_trigger.cpp:224]: PostValidate of trigger 'has_template' returned false at common/scripted_effects/00_victoria_royal_successions.txt:361
[09:18:57][jomini_script_system.cpp:247]: Script system error!
  Error: has_template trigger [ Invalid database object 'FRA_henri_de_bourbon' ]
  Script location: common/scripted_effects/00_victoria_ip4_scripted_effects.txt:2033

[09:18:57][jomini_trigger.cpp:224]: PostValidate of trigger 'has_template' returned false at common/scripted_effects/00_victoria_ip4_scripted_effects.txt:2033
[09:18:57][jomini_script_system.cpp:247]: Script system error!
  Error: has_template trigger [ Invalid database object 'FRA_henri_de_bourbon' ]
  Script location: common/scripted_effects/00_victoria_ip4_scripted_effects.txt:2038

[09:18:57][jomini_trigger.cpp:224]: PostValidate of trigger 'has_template' returned false at common/scripted_effects/00_victoria_ip4_scripted_effects.txt:2038
[09:18:57][jomini_script_system.cpp:247]: Script system error!
  Error: has_template trigger [ Invalid database object 'FRA_henri_de_bourbon' ]
  Script location: common/scripted_effects/00_victoria_royal_successions.txt:372

[09:18:57][jomini_trigger.cpp:224]: PostValidate of trigger 'has_template' returned false at common/scripted_effects/00_victoria_royal_successions.txt:372
[09:18:57][jomini_script_system.cpp:247]: Script system error!
  Error: has_template trigger [ Invalid database object 'SPC_juan_iii_de_borbon_template' ]
  Script location: common/scripted_effects/00_victoria_ip4_scripted_effects.txt:2033

[09:18:57][jomini_trigger.cpp:224]: PostValidate of trigger 'has_template' returned false at common/scripted_effects/00_victoria_ip4_scripted_effects.txt:2033
[09:18:57][jomini_script_system.cpp:247]: Script system error!
  Error: has_template trigger [ Invalid database object 'SPC_juan_iii_de_borbon_template' ]
  Script location: common/scripted_effects/00_victoria_ip4_scripted_effects.txt:2038

[09:18:57][jomini_trigger.cpp:224]: PostValidate of trigger 'has_template' returned false at common/scripted_effects/00_victoria_ip4_scripted_effects.txt:2038
[09:18:57][jomini_script_system.cpp:247]: Script system error!
  Error: has_template trigger [ Invalid database object 'SPC_juan_iii_de_borbon_template' ]
  Script location: common/scripted_effects/00_victoria_royal_successions.txt:386

[09:18:57][jomini_trigger.cpp:224]: PostValidate of trigger 'has_template' returned false at common/scripted_effects/00_victoria_royal_successions.txt:386
[09:18:57][jomini_script_system.cpp:247]: Script system error!
  Error: has_template trigger [ Invalid database object 'SPC_carlos_vii_de_borbon_template' ]
  Script location: common/scripted_effects/00_victoria_ip4_scripted_effects.txt:2033

[09:18:57][jomini_trigger.cpp:224]: PostValidate of trigger 'has_template' returned false at common/scripted_effects/00_victoria_ip4_scripted_effects.txt:2033
[09:18:57][jomini_script_system.cpp:247]: Script system error!
  Error: has_template trigger [ Invalid database object 'SPC_carlos_vii_de_borbon_template' ]
  Script location: common/scripted_effects/00_victoria_ip4_scripted_effects.txt:2038

[09:18:57][jomini_trigger.cpp:224]: PostValidate of trigger 'has_template' returned false at common/scripted_effects/00_victoria_ip4_scripted_effects.txt:2038
[09:18:57][jomini_script_system.cpp:247]: Script system error!
  Error: has_template trigger [ Invalid database object 'SPC_carlos_vii_de_borbon_template' ]
  Script location: common/scripted_effects/00_victoria_royal_successions.txt:401

[09:18:57][jomini_trigger.cpp:224]: PostValidate of trigger 'has_template' returned false at common/scripted_effects/00_victoria_royal_successions.txt:401
[09:18:57][jomini_script_system.cpp:247]: Script system error!
  Error: has_template trigger [ Invalid database object 'SPC_jaime_iii_de_borbon_template' ]
  Script location: common/scripted_effects/00_victoria_ip4_scripted_effects.txt:2033

[09:18:57][jomini_trigger.cpp:224]: PostValidate of trigger 'has_template' returned false at common/scripted_effects/00_victoria_ip4_scripted_effects.txt:2033
[09:18:57][jomini_script_system.cpp:247]: Script system error!
  Error: has_template trigger [ Invalid database object 'SPC_jaime_iii_de_borbon_template' ]
  Script location: common/scripted_effects/00_victoria_ip4_scripted_effects.txt:2038

[09:18:57][jomini_trigger.cpp:224]: PostValidate of trigger 'has_template' returned false at common/scripted_effects/00_victoria_ip4_scripted_effects.txt:2038
[09:18:57][jomini_script_system.cpp:247]: Script system error!
  Error: has_template trigger [ Invalid database object 'SPC_jaime_iii_de_borbon_template' ]
  Script location: common/scripted_effects/00_victoria_royal_successions.txt:416

[09:18:57][jomini_trigger.cpp:224]: PostValidate of trigger 'has_template' returned false at common/scripted_effects/00_victoria_royal_successions.txt:416
[09:18:57][jomini_script_system.cpp:247]: Script system error!
  Error: has_template trigger [ Invalid database object 'SPC_alfonso_i_de_borbon_template' ]
  Script location: common/scripted_effects/00_victoria_ip4_scripted_effects.txt:2033

[09:18:57][jomini_trigger.cpp:224]: PostValidate of trigger 'has_template' returned false at common/scripted_effects/00_victoria_ip4_scripted_effects.txt:2033
[09:18:57][jomini_script_system.cpp:247]: Script system error!
  Error: has_template trigger [ Invalid database object 'SPC_alfonso_i_de_borbon_template' ]
  Script location: common/scripted_effects/00_victoria_ip4_scripted_effects.txt:2038

[09:18:57][jomini_trigger.cpp:224]: PostValidate of trigger 'has_template' returned false at common/scripted_effects/00_victoria_ip4_scripted_effects.txt:2038
[09:18:57][jomini_script_system.cpp:247]: Script system error!
  Error: owns_entire_state_region trigger [ Invalid database object 'STATE_BRANDENBURG' ]
  Script location: common/coat_of_arms/template_lists/textured_emblem_lists.txt:34

[09:18:57][jomini_trigger.cpp:224]: PostValidate of trigger 'owns_entire_state_region' returned false at common/coat_of_arms/template_lists/textured_emblem_lists.txt:34
[09:18:57][jomini_script_system.cpp:247]: Script system error!
  Error: owns_entire_state_region trigger [ Invalid database object 'STATE_NEW_CASTILE' ]
  Script location: common/coat_of_arms/template_lists/textured_emblem_lists.txt:44

[09:18:57][jomini_trigger.cpp:224]: PostValidate of trigger 'owns_entire_state_region' returned false at common/coat_of_arms/template_lists/textured_emblem_lists.txt:44
[09:18:57][jomini_script_system.cpp:247]: Script system error!
  Error: owns_entire_state_region trigger [ Invalid database object 'STATE_ESTREMADURA' ]
  Script location: common/coat_of_arms/template_lists/textured_emblem_lists.txt:54

[09:18:57][jomini_trigger.cpp:224]: PostValidate of trigger 'owns_entire_state_region' returned false at common/coat_of_arms/template_lists/textured_emblem_lists.txt:54
[09:18:57][jomini_script_system.cpp:247]: Script system error!
  Error: has_template trigger [ Invalid database object 'RUS_alexander_iii' ]
  Script location: common/ideologies/01_character_ideologies.txt:248

[09:18:57][jomini_trigger.cpp:224]: PostValidate of trigger 'has_template' returned false at common/ideologies/01_character_ideologies.txt:248
[09:18:57][jomini_script_system.cpp:247]: Script system error!
  Error: has_template trigger [ Invalid database object 'RUS_alexander_iii' ]
  Script location: common/ideologies/01_character_ideologies.txt:306

[09:18:57][jomini_trigger.cpp:224]: PostValidate of trigger 'has_template' returned false at common/ideologies/01_character_ideologies.txt:306
[09:18:57][jomini_script_system.cpp:247]: Script system error!
  Error: has_template trigger [ Invalid database object 'RUS_alexander_iii' ]
  Script location: common/ideologies/01_character_ideologies.txt:452

[09:18:57][jomini_trigger.cpp:224]: PostValidate of trigger 'has_template' returned false at common/ideologies/01_character_ideologies.txt:452
[09:18:57][jomini_script_system.cpp:247]: Script system error!
  Error: has_template trigger [ Invalid database object 'RUS_alexander_iii' ]
  Script location: common/ideologies/01_character_ideologies.txt:510

[09:18:57][jomini_trigger.cpp:224]: PostValidate of trigger 'has_template' returned false at common/ideologies/01_character_ideologies.txt:510
[09:18:57][jomini_script_system.cpp:247]: Script system error!
  Error: has_template trigger [ Invalid database object 'RUS_alexei_ii' ]
  Script location: common/ideologies/01_character_ideologies.txt:2959

[09:18:57][jomini_trigger.cpp:224]: PostValidate of trigger 'has_template' returned false at common/ideologies/01_character_ideologies.txt:2959
[09:18:57][jomini_script_system.cpp:247]: Script system error!
  Error: has_template trigger [ Invalid database object 'RUS_alexei_ii' ]
  Script location: common/ideologies/01_character_ideologies.txt:3055

[09:18:57][jomini_trigger.cpp:224]: PostValidate of trigger 'has_template' returned false at common/ideologies/01_character_ideologies.txt:3055
[09:18:57][jomini_script_system.cpp:247]: Script system error!
  Error: has_template trigger [ Invalid database object 'RUS_alexander_ii' ]
  Script location: common/ideologies/01_character_ideologies.txt:6233

[09:18:57][jomini_trigger.cpp:224]: PostValidate of trigger 'has_template' returned false at common/ideologies/01_character_ideologies.txt:6233
[09:18:57][jomini_script_system.cpp:247]: Script system error!
  Error: has_template trigger [ Invalid database object 'RUS_alexander_ii' ]
  Script location: common/ideologies/01_character_ideologies.txt:6431

[09:18:57][jomini_trigger.cpp:224]: PostValidate of trigger 'has_template' returned false at common/ideologies/01_character_ideologies.txt:6431
[09:18:57][jomini_script_system.cpp:247]: Script system error!
  Error: has_template trigger [ Invalid database object 'POR_maria_ii_de_braganca' ]
  Script location: common/parties/conservative_party.txt:74

[09:18:57][jomini_trigger.cpp:224]: PostValidate of trigger 'has_template' returned false at common/parties/conservative_party.txt:74
[09:18:57][jomini_script_system.cpp:247]: Script system error!
  Error: has_template trigger [ Invalid database object 'POR_maria_ii_de_braganca' ]
  Script location: common/parties/conservative_party.txt:85

[09:18:57][jomini_trigger.cpp:224]: PostValidate of trigger 'has_template' returned false at common/parties/conservative_party.txt:85
[09:18:57][jomini_script_system.cpp:247]: Script system error!
  Error: has_template trigger [ Invalid database object 'POR_sidonio_pais' ]
  Script location: common/parties/conservative_party.txt:113

[09:18:57][jomini_trigger.cpp:224]: PostValidate of trigger 'has_template' returned false at common/parties/conservative_party.txt:113
[09:18:57][jomini_script_system.cpp:247]: Script system error!
  Error: has_template trigger [ Invalid database object 'POR_sidonio_pais' ]
  Script location: common/parties/conservative_party.txt:129

[09:18:57][jomini_trigger.cpp:224]: PostValidate of trigger 'has_template' returned false at common/parties/conservative_party.txt:129
[09:18:57][jomini_script_system.cpp:247]: Script system error!
  Error: has_template trigger [ Invalid database object 'SPA_baldomero_espartero' ]
  Script location: common/parties/conservative_party.txt:937

[09:18:57][jomini_trigger.cpp:224]: PostValidate of trigger 'has_template' returned false at common/parties/conservative_party.txt:937
[09:18:57][jomini_script_system.cpp:247]: Script system error!
  Error: has_template trigger [ Invalid database object 'SPA_ramon_maria_narvaez' ]
  Script location: common/parties/conservative_party.txt:948

[09:18:57][jomini_trigger.cpp:224]: PostValidate of trigger 'has_template' returned false at common/parties/conservative_party.txt:948
[09:18:57][jomini_script_system.cpp:247]: Script system error!
  Error: has_template trigger [ Invalid database object 'POR_maria_ii_de_braganca' ]
  Script location: common/parties/free_trade_party.txt:132

[09:18:57][jomini_trigger.cpp:224]: PostValidate of trigger 'has_template' returned false at common/parties/free_trade_party.txt:132
[09:18:57][jomini_script_system.cpp:247]: Script system error!
  Error: has_template trigger [ Invalid database object 'POR_maria_ii_de_braganca' ]
  Script location: common/parties/liberal_party.txt:268

[09:18:57][jomini_trigger.cpp:224]: PostValidate of trigger 'has_template' returned false at common/parties/liberal_party.txt:268
[09:18:57][jomini_script_system.cpp:247]: Script system error!
  Error: has_template trigger [ Invalid database object 'POR_maria_ii_de_braganca' ]
  Script location: common/parties/liberal_party.txt:279

[09:18:57][jomini_trigger.cpp:224]: PostValidate of trigger 'has_template' returned false at common/parties/liberal_party.txt:279
[09:18:57][jomini_script_system.cpp:247]: Script system error!
  Error: is_in_geographic_region trigger [ Invalid database object 'geographic_region_west_siberia_old' ]
  Script location: common/scripted_triggers/00_geography_triggers.txt:79

[09:18:57][jomini_trigger.cpp:224]: PostValidate of trigger 'is_in_geographic_region' returned false at common/scripted_triggers/00_geography_triggers.txt:79
[09:18:57][jomini_script_system.cpp:247]: Script system error!
  Error: is_in_geographic_region trigger [ Invalid database object 'geographic_region_east_siberia_old' ]
  Script location: common/scripted_triggers/00_geography_triggers.txt:80

[09:18:57][jomini_trigger.cpp:224]: PostValidate of trigger 'is_in_geographic_region' returned false at common/scripted_triggers/00_geography_triggers.txt:80
[09:18:57][jomini_script_system.cpp:247]: Script system error!
  Error: is_in_geographic_region trigger [ Invalid database object 'geographic_region_canada_old' ]
  Script location: common/scripted_triggers/00_geography_triggers.txt:82

[09:18:57][jomini_trigger.cpp:224]: PostValidate of trigger 'is_in_geographic_region' returned false at common/scripted_triggers/00_geography_triggers.txt:82
[09:18:57][jomini_script_system.cpp:247]: Script system error!
  Error: is_in_geographic_region trigger [ Invalid database object 'geographic_region_pacific_coast_old' ]
  Script location: common/scripted_triggers/00_geography_triggers.txt:83

[09:18:57][jomini_trigger.cpp:224]: PostValidate of trigger 'is_in_geographic_region' returned false at common/scripted_triggers/00_geography_triggers.txt:83
[09:18:57][jomini_script_system.cpp:247]: Script system error!
  Error: is_in_geographic_region trigger [ Invalid database object 'geographic_region_finland_old' ]
  Script location: common/scripted_triggers/00_geography_triggers.txt:86

[09:18:57][jomini_trigger.cpp:224]: PostValidate of trigger 'is_in_geographic_region' returned false at common/scripted_triggers/00_geography_triggers.txt:86
[09:18:57][jomini_script_system.cpp:247]: Script system error!
  Error: is_in_geographic_region trigger [ Invalid database object 'geographic_region_arctic_russia_old' ]
  Script location: common/scripted_triggers/00_geography_triggers.txt:87

[09:18:57][jomini_trigger.cpp:224]: PostValidate of trigger 'is_in_geographic_region' returned false at common/scripted_triggers/00_geography_triggers.txt:87
[09:18:57][jomini_script_system.cpp:247]: Script system error!
  Error: is_in_geographic_region trigger [ Invalid database object 'geographic_region_urals_old' ]
  Script location: common/scripted_triggers/00_geography_triggers.txt:88

[09:18:57][jomini_trigger.cpp:224]: PostValidate of trigger 'is_in_geographic_region' returned false at common/scripted_triggers/00_geography_triggers.txt:88
[09:18:57][jomini_script_system.cpp:247]: Script system error!
  Error: is_in_geographic_region trigger [ Invalid database object 'geographic_region_baltic_states_old' ]
  Script location: common/scripted_triggers/00_geography_triggers.txt:89

[09:18:57][jomini_trigger.cpp:224]: PostValidate of trigger 'is_in_geographic_region' returned false at common/scripted_triggers/00_geography_triggers.txt:89
[09:18:57][jomini_script_system.cpp:247]: Script system error!
  Error: is_in_geographic_region trigger [ Invalid database object 'geographic_region_oceania' ]
  Script location: common/scripted_triggers/00_geography_triggers.txt:100

[09:18:57][jomini_trigger.cpp:224]: PostValidate of trigger 'is_in_geographic_region' returned false at common/scripted_triggers/00_geography_triggers.txt:100
[09:18:57][jomini_script_system.cpp:247]: Script system error!
  Error: is_in_geographic_region trigger [ Invalid database object 'geographic_region_caucasus_old' ]
  Script location: common/scripted_triggers/00_geography_triggers.txt:105

[09:18:57][jomini_trigger.cpp:224]: PostValidate of trigger 'is_in_geographic_region' returned false at common/scripted_triggers/00_geography_triggers.txt:105
[09:18:57][jomini_script_system.cpp:247]: Script system error!
  Error: is_in_geographic_region trigger [ Invalid database object 'geographic_region_canada_old' ]
  Script location: common/scripted_triggers/00_geography_triggers.txt:106

[09:18:57][jomini_trigger.cpp:224]: PostValidate of trigger 'is_in_geographic_region' returned false at common/scripted_triggers/00_geography_triggers.txt:106
[09:18:57][jomini_script_system.cpp:247]: Script system error!
  Error: is_in_geographic_region trigger [ Invalid database object 'geographic_region_great_plains_old' ]
  Script location: common/scripted_triggers/00_geography_triggers.txt:107

[09:18:57][jomini_trigger.cpp:224]: PostValidate of trigger 'is_in_geographic_region' returned false at common/scripted_triggers/00_geography_triggers.txt:107
[09:18:57][jomini_script_system.cpp:247]: Script system error!
  Error: is_in_geographic_region trigger [ Invalid database object 'geographic_region_la_plata' ]
  Script location: common/scripted_triggers/00_geography_triggers.txt:109

[09:18:57][jomini_trigger.cpp:224]: PostValidate of trigger 'is_in_geographic_region' returned false at common/scripted_triggers/00_geography_triggers.txt:109
[09:18:57][jomini_script_system.cpp:247]: Script system error!
  Error: is_in_geographic_region trigger [ Invalid database object 'geographic_region_nile_basin' ]
  Script location: common/scripted_triggers/00_geography_triggers.txt:115

[09:18:57][jomini_trigger.cpp:224]: PostValidate of trigger 'is_in_geographic_region' returned false at common/scripted_triggers/00_geography_triggers.txt:115
[09:18:57][jomini_script_system.cpp:247]: Script system error!
  Error: is_in_geographic_region trigger [ Invalid database object 'geographic_region_indochina' ]
  Script location: common/scripted_triggers/00_geography_triggers.txt:123

[09:18:57][jomini_trigger.cpp:224]: PostValidate of trigger 'is_in_geographic_region' returned false at common/scripted_triggers/00_geography_triggers.txt:123
[09:18:57][jomini_script_system.cpp:247]: Script system error!
  Error: is_in_geographic_region trigger [ Invalid database object 'geographic_region_south_china' ]
  Script location: common/scripted_triggers/00_geography_triggers.txt:124

[09:18:57][jomini_trigger.cpp:224]: PostValidate of trigger 'is_in_geographic_region' returned false at common/scripted_triggers/00_geography_triggers.txt:124
[09:18:57][jomini_script_system.cpp:247]: Script system error!
  Error: is_in_geographic_region trigger [ Invalid database object 'geographic_region_oceania' ]
  Script location: common/scripted_triggers/00_geography_triggers.txt:125

[09:18:57][jomini_trigger.cpp:224]: PostValidate of trigger 'is_in_geographic_region' returned false at common/scripted_triggers/00_geography_triggers.txt:125
[09:18:57][jomini_script_system.cpp:247]: Script system error!
  Error: is_in_geographic_region trigger [ Invalid database object 'geographic_region_madras_old' ]
  Script location: common/scripted_triggers/00_geography_triggers.txt:129

[09:18:57][jomini_trigger.cpp:224]: PostValidate of trigger 'is_in_geographic_region' returned false at common/scripted_triggers/00_geography_triggers.txt:129
[09:18:57][jomini_script_system.cpp:247]: Script system error!
  Error: is_in_geographic_region trigger [ Invalid database object 'geographic_region_bengal_old' ]
  Script location: common/scripted_triggers/00_geography_triggers.txt:130

[09:18:57][jomini_trigger.cpp:224]: PostValidate of trigger 'is_in_geographic_region' returned false at common/scripted_triggers/00_geography_triggers.txt:130
[09:18:57][jomini_script_system.cpp:247]: Script system error!
  Error: is_in_geographic_region trigger [ Invalid database object 'geographic_region_bombay_old' ]
  Script location: common/scripted_triggers/00_geography_triggers.txt:131

[09:18:57][jomini_trigger.cpp:224]: PostValidate of trigger 'is_in_geographic_region' returned false at common/scripted_triggers/00_geography_triggers.txt:131
[09:18:57][jomini_script_system.cpp:247]: Script system error!
  Error: is_in_geographic_region trigger [ Invalid database object 'geographic_region_punjab_old' ]
  Script location: common/scripted_triggers/00_geography_triggers.txt:132

[09:18:57][jomini_trigger.cpp:224]: PostValidate of trigger 'is_in_geographic_region' returned false at common/scripted_triggers/00_geography_triggers.txt:132
[09:18:57][jomini_script_system.cpp:247]: Script system error!
  Error: is_in_geographic_region trigger [ Invalid database object 'geographic_region_central_india_old' ]
  Script location: common/scripted_triggers/00_geography_triggers.txt:133

[09:18:57][jomini_trigger.cpp:224]: PostValidate of trigger 'is_in_geographic_region' returned false at common/scripted_triggers/00_geography_triggers.txt:133
[09:18:57][jomini_script_system.cpp:247]: Script system error!
  Error: is_in_geographic_region trigger [ Invalid database object 'geographic_region_brazil' ]
  Script location: common/scripted_triggers/00_geography_triggers.txt:136

[09:18:57][jomini_trigger.cpp:224]: PostValidate of trigger 'is_in_geographic_region' returned false at common/scripted_triggers/00_geography_triggers.txt:136
[09:18:57][jomini_script_system.cpp:247]: Script system error!
  Error: is_in_geographic_region trigger [ Invalid database object 'geographic_region_gran_colombia' ]
  Script location: common/scripted_triggers/00_geography_triggers.txt:137

[09:18:57][jomini_trigger.cpp:224]: PostValidate of trigger 'is_in_geographic_region' returned false at common/scripted_triggers/00_geography_triggers.txt:137
[09:18:57][jomini_script_system.cpp:247]: Script system error!
  Error: is_in_geographic_region trigger [ Invalid database object 'geographic_region_nile_basin' ]
  Script location: common/scripted_triggers/00_geography_triggers.txt:163

[09:18:57][jomini_trigger.cpp:224]: PostValidate of trigger 'is_in_geographic_region' returned false at common/scripted_triggers/00_geography_triggers.txt:163
[09:18:57][jomini_script_system.cpp:247]: Script system error!
  Error: is_in_geographic_region trigger [ Invalid database object 'geographic_region_madras_old' ]
  Script location: common/scripted_triggers/00_geography_triggers.txt:170

[09:18:57][jomini_trigger.cpp:224]: PostValidate of trigger 'is_in_geographic_region' returned false at common/scripted_triggers/00_geography_triggers.txt:170
[09:18:57][jomini_script_system.cpp:247]: Script system error!
  Error: is_in_geographic_region trigger [ Invalid database object 'geographic_region_bengal_old' ]
  Script location: common/scripted_triggers/00_geography_triggers.txt:171

[09:18:57][jomini_trigger.cpp:224]: PostValidate of trigger 'is_in_geographic_region' returned false at common/scripted_triggers/00_geography_triggers.txt:171
[09:18:57][jomini_script_system.cpp:247]: Script system error!
  Error: is_in_geographic_region trigger [ Invalid database object 'geographic_region_bombay_old' ]
  Script location: common/scripted_triggers/00_geography_triggers.txt:172

[09:18:57][jomini_trigger.cpp:224]: PostValidate of trigger 'is_in_geographic_region' returned false at common/scripted_triggers/00_geography_triggers.txt:172
[09:18:57][jomini_script_system.cpp:247]: Script system error!
  Error: is_in_geographic_region trigger [ Invalid database object 'geographic_region_punjab_old' ]
  Script location: common/scripted_triggers/00_geography_triggers.txt:173

[09:18:57][jomini_trigger.cpp:224]: PostValidate of trigger 'is_in_geographic_region' returned false at common/scripted_triggers/00_geography_triggers.txt:173
[09:18:57][jomini_script_system.cpp:247]: Script system error!
  Error: is_in_geographic_region trigger [ Invalid database object 'geographic_region_central_india_old' ]
  Script location: common/scripted_triggers/00_geography_triggers.txt:174

[09:18:57][jomini_trigger.cpp:224]: PostValidate of trigger 'is_in_geographic_region' returned false at common/scripted_triggers/00_geography_triggers.txt:174
[09:18:57][jomini_script_system.cpp:247]: Script system error!
  Error: is_in_geographic_region trigger [ Invalid database object 'geographic_region_brazil' ]
  Script location: common/scripted_triggers/00_geography_triggers.txt:175

[09:18:57][jomini_trigger.cpp:224]: PostValidate of trigger 'is_in_geographic_region' returned false at common/scripted_triggers/00_geography_triggers.txt:175
[09:18:57][jomini_script_system.cpp:247]: Script system error!
  Error: is_in_geographic_region trigger [ Invalid database object 'geographic_region_andes' ]
  Script location: common/scripted_triggers/00_geography_triggers.txt:176

[09:18:57][jomini_trigger.cpp:224]: PostValidate of trigger 'is_in_geographic_region' returned false at common/scripted_triggers/00_geography_triggers.txt:176
[09:18:57][jomini_script_system.cpp:247]: Script system error!
  Error: is_in_geographic_region trigger [ Invalid database object 'geographic_region_la_plata' ]
  Script location: common/scripted_triggers/00_geography_triggers.txt:177

[09:18:57][jomini_trigger.cpp:224]: PostValidate of trigger 'is_in_geographic_region' returned false at common/scripted_triggers/00_geography_triggers.txt:177
[09:18:57][jomini_script_system.cpp:247]: Script system error!
  Error: is_in_geographic_region trigger [ Invalid database object 'geographic_region_gran_colombia' ]
  Script location: common/scripted_triggers/00_geography_triggers.txt:178

[09:18:57][jomini_trigger.cpp:224]: PostValidate of trigger 'is_in_geographic_region' returned false at common/scripted_triggers/00_geography_triggers.txt:178
[09:18:57][jomini_script_system.cpp:247]: Script system error!
  Error: is_in_geographic_region trigger [ Invalid database object 'geographic_region_great_plains_old' ]
  Script location: common/scripted_triggers/00_geography_triggers.txt:179

[09:18:57][jomini_trigger.cpp:224]: PostValidate of trigger 'is_in_geographic_region' returned false at common/scripted_triggers/00_geography_triggers.txt:179
[09:18:57][jomini_script_system.cpp:247]: Script system error!
  Error: is_in_geographic_region trigger [ Invalid database object 'geographic_region_west_siberia_old' ]
  Script location: common/scripted_triggers/00_geography_triggers.txt:185

[09:18:57][jomini_trigger.cpp:224]: PostValidate of trigger 'is_in_geographic_region' returned false at common/scripted_triggers/00_geography_triggers.txt:185
[09:18:57][jomini_script_system.cpp:247]: Script system error!
  Error: is_in_geographic_region trigger [ Invalid database object 'geographic_region_east_siberia_old' ]
  Script location: common/scripted_triggers/00_geography_triggers.txt:186

[09:18:57][jomini_trigger.cpp:224]: PostValidate of trigger 'is_in_geographic_region' returned false at common/scripted_triggers/00_geography_triggers.txt:186
[09:18:57][jomini_script_system.cpp:247]: Script system error!
  Error: is_in_geographic_region trigger [ Invalid database object 'geographic_region_arctic_russia_old' ]
  Script location: common/scripted_triggers/00_geography_triggers.txt:188

[09:18:57][jomini_trigger.cpp:224]: PostValidate of trigger 'is_in_geographic_region' returned false at common/scripted_triggers/00_geography_triggers.txt:188
[09:18:57][jomini_script_system.cpp:247]: Script system error!
  Error: scripted_bar_progress trigger [ Invalid progress bar:  ]
  Script location: events/expedition_events/antarctic_expedition_events.txt:225

[09:18:57][jomini_trigger.cpp:224]: PostValidate of trigger 'scripted_bar_progress' returned false at events/expedition_events/antarctic_expedition_events.txt:225
[09:18:57][jomini_script_system.cpp:247]: Script system error!
  Error: scripted_bar_progress trigger [ Invalid progress bar:  ]
  Script location: events/expedition_events/antarctic_expedition_events.txt:351

[09:18:57][jomini_trigger.cpp:224]: PostValidate of trigger 'scripted_bar_progress' returned false at events/expedition_events/antarctic_expedition_events.txt:351
[09:18:57][jomini_script_system.cpp:247]: Script system error!
  Error: scripted_bar_progress trigger [ Invalid progress bar:  ]
  Script location: events/expedition_events/antarctic_expedition_events.txt:409

[09:18:57][jomini_trigger.cpp:224]: PostValidate of trigger 'scripted_bar_progress' returned false at events/expedition_events/antarctic_expedition_events.txt:409
[09:18:57][jomini_script_system.cpp:247]: Script system error!
  Error: scripted_bar_progress trigger [ Invalid progress bar:  ]
  Script location: events/expedition_events/antarctic_expedition_events.txt:417

[09:18:57][jomini_trigger.cpp:224]: PostValidate of trigger 'scripted_bar_progress' returned false at events/expedition_events/antarctic_expedition_events.txt:417
[09:18:57][jomini_script_system.cpp:247]: Script system error!
  Error: scripted_bar_progress trigger [ Invalid progress bar:  ]
  Script location: events/expedition_events/antarctic_expedition_events.txt:435

[09:18:57][jomini_trigger.cpp:224]: PostValidate of trigger 'scripted_bar_progress' returned false at events/expedition_events/antarctic_expedition_events.txt:435
[09:18:57][jomini_script_system.cpp:247]: Script system error!
  Error: scripted_bar_progress trigger [ Invalid progress bar:  ]
  Script location: events/expedition_events/antarctic_expedition_events.txt:569

[09:18:57][jomini_trigger.cpp:224]: PostValidate of trigger 'scripted_bar_progress' returned false at events/expedition_events/antarctic_expedition_events.txt:569
[09:18:57][jomini_script_system.cpp:247]: Script system error!
  Error: scripted_bar_progress trigger [ Invalid progress bar:  ]
  Script location: events/expedition_events/antarctic_expedition_events.txt:638

[09:18:57][jomini_trigger.cpp:224]: PostValidate of trigger 'scripted_bar_progress' returned false at events/expedition_events/antarctic_expedition_events.txt:638
[09:18:57][jomini_script_system.cpp:247]: Script system error!
  Error: scripted_bar_progress trigger [ Invalid progress bar:  ]
  Script location: events/expedition_events/antarctic_expedition_events.txt:773

[09:18:57][jomini_trigger.cpp:224]: PostValidate of trigger 'scripted_bar_progress' returned false at events/expedition_events/antarctic_expedition_events.txt:773
[09:18:57][jomini_script_system.cpp:247]: Script system error!
  Error: scripted_bar_progress trigger [ Invalid progress bar:  ]
  Script location: events/expedition_events/antarctic_expedition_events.txt:997

[09:18:57][jomini_trigger.cpp:224]: PostValidate of trigger 'scripted_bar_progress' returned false at events/expedition_events/antarctic_expedition_events.txt:997
[09:18:57][jomini_script_system.cpp:247]: Script system error!
  Error: scripted_bar_progress trigger [ Invalid progress bar:  ]
  Script location: events/expedition_events/antarctic_expedition_events.txt:1063

[09:18:57][jomini_trigger.cpp:224]: PostValidate of trigger 'scripted_bar_progress' returned false at events/expedition_events/antarctic_expedition_events.txt:1063
[09:18:57][jomini_script_system.cpp:247]: Script system error!
  Error: scripted_bar_progress trigger [ Invalid progress bar:  ]
  Script location: events/expedition_events/antarctic_expedition_events.txt:1146

[09:18:57][jomini_trigger.cpp:224]: PostValidate of trigger 'scripted_bar_progress' returned false at events/expedition_events/antarctic_expedition_events.txt:1146
[09:18:57][jomini_script_system.cpp:247]: Script system error!
  Error: scripted_bar_progress trigger [ Invalid progress bar:  ]
  Script location: events/expedition_events/antarctic_expedition_events.txt:1154

[09:18:57][jomini_trigger.cpp:224]: PostValidate of trigger 'scripted_bar_progress' returned false at events/expedition_events/antarctic_expedition_events.txt:1154
[09:18:57][jomini_script_system.cpp:247]: Script system error!
  Error: scripted_bar_progress trigger [ Invalid progress bar:  ]
  Script location: events/expedition_events/antarctic_expedition_events.txt:1172

[09:18:57][jomini_trigger.cpp:224]: PostValidate of trigger 'scripted_bar_progress' returned false at events/expedition_events/antarctic_expedition_events.txt:1172
[09:18:57][jomini_script_system.cpp:247]: Script system error!
  Error: scripted_bar_progress trigger [ Invalid progress bar:  ]
  Script location: events/expedition_events/congo_river_expedition_events.txt:378

[09:18:57][jomini_trigger.cpp:224]: PostValidate of trigger 'scripted_bar_progress' returned false at events/expedition_events/congo_river_expedition_events.txt:378
[09:18:57][jomini_script_system.cpp:247]: Script system error!
  Error: scripted_bar_progress trigger [ Invalid progress bar:  ]
  Script location: events/expedition_events/congo_river_expedition_events.txt:444

[09:18:57][jomini_trigger.cpp:224]: PostValidate of trigger 'scripted_bar_progress' returned false at events/expedition_events/congo_river_expedition_events.txt:444
[09:18:57][jomini_script_system.cpp:247]: Script system error!
  Error: scripted_bar_progress trigger [ Invalid progress bar:  ]
  Script location: events/expedition_events/congo_river_expedition_events.txt:447

[09:18:57][jomini_trigger.cpp:224]: PostValidate of trigger 'scripted_bar_progress' returned false at events/expedition_events/congo_river_expedition_events.txt:447
[09:18:57][jomini_script_system.cpp:247]: Script system error!
  Error: scripted_bar_progress trigger [ Invalid progress bar:  ]
  Script location: events/expedition_events/congo_river_expedition_events.txt:493

[09:18:57][jomini_trigger.cpp:224]: PostValidate of trigger 'scripted_bar_progress' returned false at events/expedition_events/congo_river_expedition_events.txt:493
[09:18:57][jomini_script_system.cpp:247]: Script system error!
  Error: scripted_bar_progress trigger [ Invalid progress bar:  ]
  Script location: events/expedition_events/congo_river_expedition_events.txt:626

[09:18:57][jomini_trigger.cpp:224]: PostValidate of trigger 'scripted_bar_progress' returned false at events/expedition_events/congo_river_expedition_events.txt:626
[09:18:57][jomini_script_system.cpp:247]: Script system error!
  Error: scripted_bar_progress trigger [ Invalid progress bar:  ]
  Script location: events/expedition_events/congo_river_expedition_events.txt:801

[09:18:57][jomini_trigger.cpp:224]: PostValidate of trigger 'scripted_bar_progress' returned false at events/expedition_events/congo_river_expedition_events.txt:801
[09:18:57][jomini_script_system.cpp:247]: Script system error!
  Error: scripted_bar_progress trigger [ Invalid progress bar:  ]
  Script location: events/expedition_events/congo_river_expedition_events.txt:848

[09:18:57][jomini_trigger.cpp:224]: PostValidate of trigger 'scripted_bar_progress' returned false at events/expedition_events/congo_river_expedition_events.txt:848
[09:18:57][jomini_script_system.cpp:247]: Script system error!
  Error: scripted_bar_progress trigger [ Invalid progress bar:  ]
  Script location: events/expedition_events/congo_river_expedition_events.txt:907

[09:18:57][jomini_trigger.cpp:224]: PostValidate of trigger 'scripted_bar_progress' returned false at events/expedition_events/congo_river_expedition_events.txt:907
[09:18:57][jomini_script_system.cpp:247]: Script system error!
  Error: scripted_bar_progress trigger [ Invalid progress bar:  ]
  Script location: events/expedition_events/congo_river_expedition_events.txt:910

[09:18:57][jomini_trigger.cpp:224]: PostValidate of trigger 'scripted_bar_progress' returned false at events/expedition_events/congo_river_expedition_events.txt:910
[09:18:57][jomini_script_system.cpp:247]: Script system error!
  Error: scripted_bar_progress trigger [ Invalid progress bar:  ]
  Script location: events/expedition_events/congo_river_expedition_events.txt:967

[09:18:57][jomini_trigger.cpp:224]: PostValidate of trigger 'scripted_bar_progress' returned false at events/expedition_events/congo_river_expedition_events.txt:967
[09:18:57][jomini_script_system.cpp:247]: Script system error!
  Error: scripted_bar_progress trigger [ Invalid progress bar:  ]
  Script location: events/expedition_events/congo_river_expedition_events.txt:1031

[09:18:57][jomini_trigger.cpp:224]: PostValidate of trigger 'scripted_bar_progress' returned false at events/expedition_events/congo_river_expedition_events.txt:1031
[09:18:57][jomini_script_system.cpp:247]: Script system error!
  Error: scripted_bar_progress trigger [ Invalid progress bar:  ]
  Script location: events/expedition_events/congo_river_expedition_events.txt:1034

[09:18:57][jomini_trigger.cpp:224]: PostValidate of trigger 'scripted_bar_progress' returned false at events/expedition_events/congo_river_expedition_events.txt:1034
[09:18:57][jomini_script_system.cpp:247]: Script system error!
  Error: scripted_bar_progress trigger [ Invalid progress bar:  ]
  Script location: events/expedition_events/congo_river_expedition_events.txt:1037

[09:18:57][jomini_trigger.cpp:224]: PostValidate of trigger 'scripted_bar_progress' returned false at events/expedition_events/congo_river_expedition_events.txt:1037
[09:18:57][jomini_script_system.cpp:247]: Script system error!
  Error: scripted_bar_progress trigger [ Invalid progress bar:  ]
  Script location: events/expedition_events/niger_river_expedition_events.txt:316

[09:18:57][jomini_trigger.cpp:224]: PostValidate of trigger 'scripted_bar_progress' returned false at events/expedition_events/niger_river_expedition_events.txt:316
[09:18:57][jomini_script_system.cpp:247]: Script system error!
  Error: scripted_bar_progress trigger [ Invalid progress bar:  ]
  Script location: events/expedition_events/niger_river_expedition_events.txt:319

[09:18:57][jomini_trigger.cpp:224]: PostValidate of trigger 'scripted_bar_progress' returned false at events/expedition_events/niger_river_expedition_events.txt:319
[09:18:57][jomini_script_system.cpp:247]: Script system error!
  Error: scripted_bar_progress trigger [ Invalid progress bar:  ]
  Script location: events/expedition_events/niger_river_expedition_events.txt:322

[09:18:57][jomini_trigger.cpp:224]: PostValidate of trigger 'scripted_bar_progress' returned false at events/expedition_events/niger_river_expedition_events.txt:322
[09:18:57][jomini_script_system.cpp:247]: Script system error!
  Error: scripted_bar_progress trigger [ Invalid progress bar:  ]
  Script location: events/expedition_events/niger_river_expedition_events.txt:473

[09:18:57][jomini_trigger.cpp:224]: PostValidate of trigger 'scripted_bar_progress' returned false at events/expedition_events/niger_river_expedition_events.txt:473
[09:18:57][jomini_script_system.cpp:247]: Script system error!
  Error: scripted_bar_progress trigger [ Invalid progress bar:  ]
  Script location: events/expedition_events/niger_river_expedition_events.txt:622

[09:18:57][jomini_trigger.cpp:224]: PostValidate of trigger 'scripted_bar_progress' returned false at events/expedition_events/niger_river_expedition_events.txt:622
[09:18:57][jomini_script_system.cpp:247]: Script system error!
  Error: scripted_bar_progress trigger [ Invalid progress bar:  ]
  Script location: events/expedition_events/niger_river_expedition_events.txt:625

[09:18:57][jomini_trigger.cpp:224]: PostValidate of trigger 'scripted_bar_progress' returned false at events/expedition_events/niger_river_expedition_events.txt:625
[09:18:57][jomini_script_system.cpp:247]: Script system error!
  Error: scripted_bar_progress trigger [ Invalid progress bar:  ]
  Script location: events/expedition_events/niger_river_expedition_events.txt:1052

[09:18:57][jomini_trigger.cpp:224]: PostValidate of trigger 'scripted_bar_progress' returned false at events/expedition_events/niger_river_expedition_events.txt:1052
[09:18:57][jomini_script_system.cpp:247]: Script system error!
  Error: scripted_bar_progress trigger [ Invalid progress bar:  ]
  Script location: events/expedition_events/niger_river_expedition_events.txt:1055

[09:18:57][jomini_trigger.cpp:224]: PostValidate of trigger 'scripted_bar_progress' returned false at events/expedition_events/niger_river_expedition_events.txt:1055
[09:18:57][jomini_script_system.cpp:247]: Script system error!
  Error: scripted_bar_progress trigger [ Invalid progress bar:  ]
  Script location: events/expedition_events/niger_river_expedition_events.txt:1058

[09:18:57][jomini_trigger.cpp:224]: PostValidate of trigger 'scripted_bar_progress' returned false at events/expedition_events/niger_river_expedition_events.txt:1058
[09:18:57][jomini_script_system.cpp:247]: Script system error!
  Error: scripted_bar_progress trigger [ Invalid progress bar:  ]
  Script location: events/expedition_events/niger_river_expedition_events.txt:1350

[09:18:57][jomini_trigger.cpp:224]: PostValidate of trigger 'scripted_bar_progress' returned false at events/expedition_events/niger_river_expedition_events.txt:1350
[09:18:57][jomini_script_system.cpp:247]: Script system error!
  Error: scripted_bar_progress trigger [ Invalid progress bar:  ]
  Script location: events/expedition_events/niger_river_expedition_events.txt:1353

[09:18:57][jomini_trigger.cpp:224]: PostValidate of trigger 'scripted_bar_progress' returned false at events/expedition_events/niger_river_expedition_events.txt:1353
[09:18:57][jomini_script_system.cpp:247]: Script system error!
  Error: scripted_bar_progress trigger [ Invalid progress bar:  ]
  Script location: events/expedition_events/niger_river_expedition_events.txt:1472

[09:18:57][jomini_trigger.cpp:224]: PostValidate of trigger 'scripted_bar_progress' returned false at events/expedition_events/niger_river_expedition_events.txt:1472
[09:18:57][jomini_script_system.cpp:247]: Script system error!
  Error: scripted_bar_progress trigger [ Invalid progress bar:  ]
  Script location: events/expedition_events/niger_river_expedition_events.txt:1475

[09:18:57][jomini_trigger.cpp:224]: PostValidate of trigger 'scripted_bar_progress' returned false at events/expedition_events/niger_river_expedition_events.txt:1475
[09:18:57][jomini_script_system.cpp:247]: Script system error!
  Error: scripted_bar_progress trigger [ Invalid progress bar:  ]
  Script location: events/expedition_events/niger_river_expedition_events.txt:1478

[09:18:57][jomini_trigger.cpp:224]: PostValidate of trigger 'scripted_bar_progress' returned false at events/expedition_events/niger_river_expedition_events.txt:1478
[09:18:57][jomini_script_system.cpp:247]: Script system error!
  Error: scripted_bar_progress trigger [ Invalid progress bar:  ]
  Script location: events/expedition_events/niger_river_expedition_events.txt:1678

[09:18:57][jomini_trigger.cpp:224]: PostValidate of trigger 'scripted_bar_progress' returned false at events/expedition_events/niger_river_expedition_events.txt:1678
[09:18:57][jomini_script_system.cpp:247]: Script system error!
  Error: scripted_bar_progress trigger [ Invalid progress bar:  ]
  Script location: events/expedition_events/niger_river_expedition_events.txt:1681

[09:18:57][jomini_trigger.cpp:224]: PostValidate of trigger 'scripted_bar_progress' returned false at events/expedition_events/niger_river_expedition_events.txt:1681
[09:18:57][jomini_script_system.cpp:247]: Script system error!
  Error: scripted_bar_progress trigger [ Invalid progress bar:  ]
  Script location: events/expedition_events/niger_river_expedition_events.txt:1684

[09:18:57][jomini_trigger.cpp:224]: PostValidate of trigger 'scripted_bar_progress' returned false at events/expedition_events/niger_river_expedition_events.txt:1684
[09:18:57][jomini_script_system.cpp:247]: Script system error!
  Error: scripted_bar_progress trigger [ Invalid progress bar:  ]
  Script location: events/expedition_events/niger_river_expedition_events.txt:1687

[09:18:57][jomini_trigger.cpp:224]: PostValidate of trigger 'scripted_bar_progress' returned false at events/expedition_events/niger_river_expedition_events.txt:1687
[09:18:57][jomini_script_system.cpp:247]: Script system error!
  Error: scripted_bar_progress trigger [ Invalid progress bar:  ]
  Script location: events/expedition_events/niger_river_expedition_events.txt:1690

[09:18:57][jomini_trigger.cpp:224]: PostValidate of trigger 'scripted_bar_progress' returned false at events/expedition_events/niger_river_expedition_events.txt:1690
[09:18:57][jomini_script_system.cpp:247]: Script system error!
  Error: scripted_bar_progress trigger [ Invalid progress bar:  ]
  Script location: events/expedition_events/niger_river_expedition_events.txt:1695

[09:18:57][jomini_trigger.cpp:224]: PostValidate of trigger 'scripted_bar_progress' returned false at events/expedition_events/niger_river_expedition_events.txt:1695
[09:18:57][jomini_script_system.cpp:247]: Script system error!
  Error: scripted_bar_progress trigger [ Invalid progress bar:  ]
  Script location: events/expedition_events/niger_river_expedition_events.txt:1698

[09:18:57][jomini_trigger.cpp:224]: PostValidate of trigger 'scripted_bar_progress' returned false at events/expedition_events/niger_river_expedition_events.txt:1698
[09:18:57][jomini_script_system.cpp:247]: Script system error!
  Error: scripted_bar_progress trigger [ Invalid progress bar:  ]
  Script location: events/expedition_events/niger_river_expedition_events.txt:1701

[09:18:57][jomini_trigger.cpp:224]: PostValidate of trigger 'scripted_bar_progress' returned false at events/expedition_events/niger_river_expedition_events.txt:1701
[09:18:57][jomini_script_system.cpp:247]: Script system error!
  Error: scripted_bar_progress trigger [ Invalid progress bar:  ]
  Script location: events/expedition_events/niger_river_expedition_events.txt:1704

[09:18:57][jomini_trigger.cpp:224]: PostValidate of trigger 'scripted_bar_progress' returned false at events/expedition_events/niger_river_expedition_events.txt:1704
[09:18:57][jomini_script_system.cpp:247]: Script system error!
  Error: scripted_bar_progress trigger [ Invalid progress bar:  ]
  Script location: events/expedition_events/niger_river_expedition_events.txt:1707

[09:18:57][jomini_trigger.cpp:224]: PostValidate of trigger 'scripted_bar_progress' returned false at events/expedition_events/niger_river_expedition_events.txt:1707
[09:18:57][jomini_script_system.cpp:247]: Script system error!
  Error: scripted_bar_progress trigger [ Invalid progress bar:  ]
  Script location: events/expedition_events/west_america_expedition_events.txt:1083

[09:18:57][jomini_trigger.cpp:224]: PostValidate of trigger 'scripted_bar_progress' returned false at events/expedition_events/west_america_expedition_events.txt:1083
[09:18:57][jomini_script_system.cpp:247]: Script system error!
  Error: scripted_bar_progress trigger [ Invalid progress bar:  ]
  Script location: events/expedition_events/west_america_expedition_events.txt:1091

[09:18:57][jomini_trigger.cpp:224]: PostValidate of trigger 'scripted_bar_progress' returned false at events/expedition_events/west_america_expedition_events.txt:1091
[09:18:57][jomini_script_system.cpp:247]: Script system error!
  Error: scripted_bar_progress trigger [ Invalid progress bar:  ]
  Script location: events/expedition_events/west_america_expedition_events.txt:1151

[09:18:57][jomini_trigger.cpp:224]: PostValidate of trigger 'scripted_bar_progress' returned false at events/expedition_events/west_america_expedition_events.txt:1151
[09:18:57][jomini_script_system.cpp:247]: Script system error!
  Error: scripted_bar_progress trigger [ Invalid progress bar:  ]
  Script location: events/expedition_events/west_america_expedition_events.txt:1159

[09:18:57][jomini_trigger.cpp:224]: PostValidate of trigger 'scripted_bar_progress' returned false at events/expedition_events/west_america_expedition_events.txt:1159
[09:18:57][jomini_script_system.cpp:247]: Script system error!
  Error: scripted_bar_progress trigger [ Invalid progress bar:  ]
  Script location: events/expedition_events/west_america_expedition_events.txt:1336

[09:18:57][jomini_trigger.cpp:224]: PostValidate of trigger 'scripted_bar_progress' returned false at events/expedition_events/west_america_expedition_events.txt:1336
[09:18:57][jomini_script_system.cpp:247]: Script system error!
  Error: scripted_bar_progress trigger [ Invalid progress bar:  ]
  Script location: events/expedition_events/west_america_expedition_events.txt:1479

[09:18:57][jomini_trigger.cpp:224]: PostValidate of trigger 'scripted_bar_progress' returned false at events/expedition_events/west_america_expedition_events.txt:1479
[09:18:57][jomini_script_system.cpp:247]: Script system error!
  Error: scripted_bar_progress trigger [ Invalid progress bar:  ]
  Script location: events/expedition_events/west_america_expedition_events.txt:1937

[09:18:57][jomini_trigger.cpp:224]: PostValidate of trigger 'scripted_bar_progress' returned false at events/expedition_events/west_america_expedition_events.txt:1937
[09:18:57][jomini_script_system.cpp:247]: Script system error!
  Error: scripted_bar_progress trigger [ Invalid progress bar:  ]
  Script location: events/iberia_events/morocco_makhzen_events.txt:62

[09:18:57][jomini_trigger.cpp:224]: PostValidate of trigger 'scripted_bar_progress' returned false at events/iberia_events/morocco_makhzen_events.txt:62
[09:18:57][jomini_script_system.cpp:247]: Script system error!
  Error: scripted_bar_progress trigger [ Invalid progress bar:  ]
  Script location: events/iberia_events/morocco_makhzen_events.txt:75

[09:18:57][jomini_trigger.cpp:224]: PostValidate of trigger 'scripted_bar_progress' returned false at events/iberia_events/morocco_makhzen_events.txt:75
[09:18:57][jomini_script_system.cpp:247]: Script system error!
  Error: scripted_bar_progress trigger [ Invalid progress bar:  ]
  Script location: events/iberia_events/morocco_makhzen_events.txt:88

[09:18:57][jomini_trigger.cpp:224]: PostValidate of trigger 'scripted_bar_progress' returned false at events/iberia_events/morocco_makhzen_events.txt:88
[09:18:57][jomini_script_system.cpp:247]: Script system error!
  Error: owns_entire_state_region trigger [ Invalid database object 'STATE_BAVARIA' ]
  Script location: common/character_templates/historical_commanders_europe.txt:56

[09:18:57][jomini_trigger.cpp:224]: PostValidate of trigger 'owns_entire_state_region' returned false at common/character_templates/historical_commanders_europe.txt:56
[09:18:57][jomini_script_system.cpp:247]: Script system error!
  Error: owns_entire_state_region trigger [ Invalid database object 'STATE_BRANDENBURG' ]
  Script location: common/character_templates/historical_commanders_europe.txt:602

[09:18:57][jomini_trigger.cpp:224]: PostValidate of trigger 'owns_entire_state_region' returned false at common/character_templates/historical_commanders_europe.txt:602
[09:18:57][jomini_script_system.cpp:247]: Script system error!
  Error: owns_entire_state_region trigger [ Invalid database object 'STATE_RHINELAND' ]
  Script location: common/character_templates/historical_commanders_europe.txt:639

[09:18:57][jomini_trigger.cpp:224]: PostValidate of trigger 'owns_entire_state_region' returned false at common/character_templates/historical_commanders_europe.txt:639
[09:18:57][jomini_script_system.cpp:247]: Script system error!
  Error: owns_entire_state_region trigger [ Invalid database object 'STATE_MECKLENBURG' ]
  Script location: common/character_templates/historical_commanders_europe.txt:737

[09:18:57][jomini_trigger.cpp:224]: PostValidate of trigger 'owns_entire_state_region' returned false at common/character_templates/historical_commanders_europe.txt:737
[09:18:57][jomini_script_system.cpp:247]: Script system error!
  Error: owns_entire_state_region trigger [ Invalid database object 'STATE_POMERANIA' ]
  Script location: common/character_templates/historical_commanders_europe.txt:775

[09:18:57][jomini_trigger.cpp:224]: PostValidate of trigger 'owns_entire_state_region' returned false at common/character_templates/historical_commanders_europe.txt:775
[09:18:57][jomini_script_system.cpp:247]: Script system error!
  Error: owns_entire_state_region trigger [ Invalid database object 'STATE_POMERANIA' ]
  Script location: common/character_templates/historical_commanders_europe.txt:813

[09:18:57][jomini_trigger.cpp:224]: PostValidate of trigger 'owns_entire_state_region' returned false at common/character_templates/historical_commanders_europe.txt:813
[09:18:57][jomini_script_system.cpp:247]: Script system error!
  Error: owns_entire_state_region trigger [ Invalid database object 'STATE_POMERANIA' ]
  Script location: common/character_templates/historical_commanders_europe.txt:851

[09:18:57][jomini_trigger.cpp:224]: PostValidate of trigger 'owns_entire_state_region' returned false at common/character_templates/historical_commanders_europe.txt:851
[09:18:57][jomini_script_system.cpp:247]: Script system error!
  Error: owns_entire_state_region trigger [ Invalid database object 'STATE_POSEN' ]
  Script location: common/character_templates/historical_commanders_europe.txt:888

[09:18:57][jomini_trigger.cpp:224]: PostValidate of trigger 'owns_entire_state_region' returned false at common/character_templates/historical_commanders_europe.txt:888
[09:18:57][jomini_script_system.cpp:247]: Script system error!
  Error: owns_entire_state_region trigger [ Invalid database object 'STATE_POSEN' ]
  Script location: common/character_templates/historical_commanders_europe.txt:926

[09:18:57][jomini_trigger.cpp:224]: PostValidate of trigger 'owns_entire_state_region' returned false at common/character_templates/historical_commanders_europe.txt:926
[09:18:57][jomini_script_system.cpp:247]: Script system error!
  Error: owns_entire_state_region trigger [ Invalid database object 'STATE_PIEDMONT' ]
  Script location: common/character_templates/historical_commanders_europe.txt:964

[09:18:57][jomini_trigger.cpp:224]: PostValidate of trigger 'owns_entire_state_region' returned false at common/character_templates/historical_commanders_europe.txt:964
[09:18:57][jomini_script_system.cpp:247]: Script system error!
  Error: owns_entire_state_region trigger [ Invalid database object 'STATE_PIEDMONT' ]
  Script location: common/character_templates/historical_commanders_europe.txt:999

[09:18:57][jomini_trigger.cpp:224]: PostValidate of trigger 'owns_entire_state_region' returned false at common/character_templates/historical_commanders_europe.txt:999
[09:18:57][jomini_script_system.cpp:247]: Script system error!
  Error: owns_entire_state_region trigger [ Invalid database object 'STATE_PIEDMONT' ]
  Script location: common/character_templates/historical_commanders_europe.txt:1036

[09:18:57][jomini_trigger.cpp:224]: PostValidate of trigger 'owns_entire_state_region' returned false at common/character_templates/historical_commanders_europe.txt:1036
[09:18:57][jomini_script_system.cpp:247]: Script system error!
  Error: owns_entire_state_region trigger [ Invalid database object 'STATE_PIEDMONT' ]
  Script location: common/character_templates/historical_commanders_europe.txt:1072

[09:18:57][jomini_trigger.cpp:224]: PostValidate of trigger 'owns_entire_state_region' returned false at common/character_templates/historical_commanders_europe.txt:1072
[09:18:57][jomini_script_system.cpp:247]: Script system error!
  Error: owns_entire_state_region trigger [ Invalid database object 'STATE_PIEDMONT' ]
  Script location: common/character_templates/historical_commanders_europe.txt:1109

[09:18:57][jomini_trigger.cpp:224]: PostValidate of trigger 'owns_entire_state_region' returned false at common/character_templates/historical_commanders_europe.txt:1109
[09:18:57][jomini_script_system.cpp:247]: Script system error!
  Error: owns_entire_state_region trigger [ Invalid database object 'STATE_PIEDMONT' ]
  Script location: common/character_templates/historical_commanders_europe.txt:1144

[09:18:57][jomini_trigger.cpp:224]: PostValidate of trigger 'owns_entire_state_region' returned false at common/character_templates/historical_commanders_europe.txt:1144
[09:18:57][jomini_script_system.cpp:247]: Script system error!
  Error: owns_entire_state_region trigger [ Invalid database object 'STATE_SAXONY' ]
  Script location: common/character_templates/historical_commanders_europe.txt:1182

[09:18:57][jomini_trigger.cpp:224]: PostValidate of trigger 'owns_entire_state_region' returned false at common/character_templates/historical_commanders_europe.txt:1182
[09:18:57][jomini_script_system.cpp:247]: Script system error!
  Error: owns_entire_state_region trigger [ Invalid database object 'STATE_PIEDMONT' ]
  Script location: common/character_templates/historical_commanders_europe.txt:1220

[09:18:57][jomini_trigger.cpp:224]: PostValidate of trigger 'owns_entire_state_region' returned false at common/character_templates/historical_commanders_europe.txt:1220
[09:18:57][jomini_script_system.cpp:247]: Script system error!
  Error: owns_entire_state_region trigger [ Invalid database object 'STATE_ZAMBEZIA' ]
  Script location: common/on_actions/00_code_on_actions.txt:421

[09:18:57][jomini_trigger.cpp:224]: PostValidate of trigger 'owns_entire_state_region' returned false at common/on_actions/00_code_on_actions.txt:421
[09:18:57][jomini_script_system.cpp:247]: Script system error!
  Error: owns_entire_state_region trigger [ Invalid database object 'STATE_ZAMBEZIA' ]
  Script location: common/on_actions/00_code_on_actions.txt:423

[09:18:57][jomini_trigger.cpp:224]: PostValidate of trigger 'owns_entire_state_region' returned false at common/on_actions/00_code_on_actions.txt:423
[09:18:57][jomini_script_system.cpp:247]: Script system error!
  Error: owns_entire_state_region trigger [ Invalid database object 'STATE_EAST_ANGOLA' ]
  Script location: common/on_actions/00_code_on_actions.txt:427

[09:18:57][jomini_trigger.cpp:224]: PostValidate of trigger 'owns_entire_state_region' returned false at common/on_actions/00_code_on_actions.txt:427
[09:18:57][jomini_script_system.cpp:247]: Script system error!
  Error: owns_entire_state_region trigger [ Invalid database object 'STATE_EAST_ANGOLA' ]
  Script location: common/on_actions/00_code_on_actions.txt:429

[09:18:57][jomini_trigger.cpp:224]: PostValidate of trigger 'owns_entire_state_region' returned false at common/on_actions/00_code_on_actions.txt:429
[09:18:57][jomini_script_system.cpp:247]: Script system error!
  Error: has_template trigger [ Invalid database object 'tur_abdulaziz_osmanoglu_template' ]
  Script location: common/on_actions/00_code_on_actions.txt:573

[09:18:57][jomini_trigger.cpp:224]: PostValidate of trigger 'has_template' returned false at common/on_actions/00_code_on_actions.txt:573
[09:18:57][jomini_script_system.cpp:247]: Script system error!
  Error: has_template trigger [ Invalid database object 'tur_murad_v_osmanoglu_template' ]
  Script location: common/on_actions/00_code_on_actions.txt:594

[09:18:57][jomini_trigger.cpp:224]: PostValidate of trigger 'has_template' returned false at common/on_actions/00_code_on_actions.txt:594
[09:18:57][jomini_script_system.cpp:247]: Script system error!
  Error: has_template trigger [ Invalid database object 'tur_abdulmecid_osmanoglu_template' ]
  Script location: common/on_actions/00_code_on_actions.txt:607

[09:18:57][jomini_trigger.cpp:224]: PostValidate of trigger 'has_template' returned false at common/on_actions/00_code_on_actions.txt:607
[09:18:57][jomini_script_system.cpp:247]: Script system error!
  Error: has_template trigger [ Invalid database object 'POR_pedro_v_de_braganca_template' ]
  Script location: common/on_actions/00_code_on_actions.txt:629

[09:18:57][jomini_trigger.cpp:224]: PostValidate of trigger 'has_template' returned false at common/on_actions/00_code_on_actions.txt:629
[09:18:57][jomini_script_system.cpp:247]: Script system error!
  Error: has_template trigger [ Invalid database object 'POR_pedro_v_de_braganca_template' ]
  Script location: common/on_actions/00_code_on_actions.txt:639

[09:18:57][jomini_trigger.cpp:224]: PostValidate of trigger 'has_template' returned false at common/on_actions/00_code_on_actions.txt:639
[09:18:57][jomini_script_system.cpp:247]: Script system error!
  Error: has_template trigger [ Invalid database object 'POR_luis_i_de_braganca_template' ]
  Script location: common/on_actions/00_code_on_actions.txt:651

[09:18:57][jomini_trigger.cpp:224]: PostValidate of trigger 'has_template' returned false at common/on_actions/00_code_on_actions.txt:651
[09:18:57][jomini_script_system.cpp:247]: Script system error!
  Error: has_template trigger [ Invalid database object 'POR_luis_i_de_braganca_template' ]
  Script location: common/on_actions/00_code_on_actions.txt:667

[09:18:57][jomini_trigger.cpp:224]: PostValidate of trigger 'has_template' returned false at common/on_actions/00_code_on_actions.txt:667
[09:18:57][jomini_script_system.cpp:247]: Script system error!
  Error: has_template trigger [ Invalid database object 'POR_luis_i_de_braganca_template' ]
  Script location: common/on_actions/00_code_on_actions.txt:675

[09:18:57][jomini_trigger.cpp:224]: PostValidate of trigger 'has_template' returned false at common/on_actions/00_code_on_actions.txt:675
[09:18:57][jomini_script_system.cpp:247]: Script system error!
  Error: has_template trigger [ Invalid database object 'POR_luis_i_de_braganca_template' ]
  Script location: common/on_actions/00_code_on_actions.txt:680

[09:18:57][jomini_trigger.cpp:224]: PostValidate of trigger 'has_template' returned false at common/on_actions/00_code_on_actions.txt:680
[09:18:57][jomini_script_system.cpp:247]: Script system error!
  Error: has_template trigger [ Invalid database object 'spa_alfonso_xii_de_borbon_template' ]
  Script location: common/on_actions/00_code_on_actions.txt:693

[09:18:57][jomini_trigger.cpp:224]: PostValidate of trigger 'has_template' returned false at common/on_actions/00_code_on_actions.txt:693
[09:18:57][jomini_script_system.cpp:247]: Script system error!
  Error: has_template trigger [ Invalid database object 'spa_alfonso_xii_de_borbon_template' ]
  Script location: common/on_actions/00_code_on_actions.txt:700

[09:18:57][jomini_trigger.cpp:224]: PostValidate of trigger 'has_template' returned false at common/on_actions/00_code_on_actions.txt:700
[09:18:57][jomini_script_system.cpp:247]: Script system error!
  Error: has_template trigger [ Invalid database object 'spa_alfonso_xii_de_borbon_template' ]
  Script location: common/on_actions/00_code_on_actions.txt:705

[09:18:57][jomini_trigger.cpp:224]: PostValidate of trigger 'has_template' returned false at common/on_actions/00_code_on_actions.txt:705
[09:18:57][jomini_script_system.cpp:247]: Script system error!
  Error: has_template trigger [ Invalid database object 'SPC_carlos_vi_de_borbon_template' ]
  Script location: common/on_actions/00_code_on_actions.txt:718

[09:18:57][jomini_trigger.cpp:224]: PostValidate of trigger 'has_template' returned false at common/on_actions/00_code_on_actions.txt:718
[09:18:57][jomini_script_system.cpp:247]: Script system error!
  Error: has_template trigger [ Invalid database object 'SPC_carlos_vi_de_borbon_template' ]
  Script location: common/on_actions/00_code_on_actions.txt:734

[09:18:57][jomini_trigger.cpp:224]: PostValidate of trigger 'has_template' returned false at common/on_actions/00_code_on_actions.txt:734
[09:18:57][jomini_script_system.cpp:247]: Script system error!
  Error: has_template trigger [ Invalid database object 'SPC_carlos_vi_de_borbon_template' ]
  Script location: common/on_actions/00_code_on_actions.txt:742

[09:18:57][jomini_trigger.cpp:224]: PostValidate of trigger 'has_template' returned false at common/on_actions/00_code_on_actions.txt:742
[09:18:57][jomini_script_system.cpp:247]: Script system error!
  Error: has_template trigger [ Invalid database object 'SPC_carlos_vi_de_borbon_template' ]
  Script location: common/on_actions/00_code_on_actions.txt:747

[09:18:57][jomini_trigger.cpp:224]: PostValidate of trigger 'has_template' returned false at common/on_actions/00_code_on_actions.txt:747
[09:18:57][jomini_script_system.cpp:247]: Script system error!
  Error: has_template trigger [ Invalid database object 'SPC_jaime_iii_de_borbon_template' ]
  Script location: common/on_actions/00_code_on_actions.txt:760

[09:18:57][jomini_trigger.cpp:224]: PostValidate of trigger 'has_template' returned false at common/on_actions/00_code_on_actions.txt:760
[09:18:57][jomini_script_system.cpp:247]: Script system error!
  Error: has_template trigger [ Invalid database object 'SPC_jaime_iii_de_borbon_template' ]
  Script location: common/on_actions/00_code_on_actions.txt:767

[09:18:57][jomini_trigger.cpp:224]: PostValidate of trigger 'has_template' returned false at common/on_actions/00_code_on_actions.txt:767
[09:18:57][jomini_script_system.cpp:247]: Script system error!
  Error: has_template trigger [ Invalid database object 'SPC_jaime_iii_de_borbon_template' ]
  Script location: common/on_actions/00_code_on_actions.txt:772

[09:18:57][jomini_trigger.cpp:224]: PostValidate of trigger 'has_template' returned false at common/on_actions/00_code_on_actions.txt:772
[09:18:57][jomini_script_system.cpp:247]: Script system error!
  Error: has_template trigger [ Invalid database object 'MOR_muhammad_al_alawi' ]
  Script location: common/on_actions/00_code_on_actions.txt:785

[09:18:57][jomini_trigger.cpp:224]: PostValidate of trigger 'has_template' returned false at common/on_actions/00_code_on_actions.txt:785
[09:18:57][jomini_script_system.cpp:247]: Script system error!
  Error: has_template trigger [ Invalid database object 'MOR_muhammad_al_alawi' ]
  Script location: common/on_actions/00_code_on_actions.txt:792

[09:18:57][jomini_trigger.cpp:224]: PostValidate of trigger 'has_template' returned false at common/on_actions/00_code_on_actions.txt:792
[09:18:57][jomini_script_system.cpp:247]: Script system error!
  Error: has_template trigger [ Invalid database object 'MOR_muhammad_al_alawi' ]
  Script location: common/on_actions/00_code_on_actions.txt:797

[09:18:57][jomini_trigger.cpp:224]: PostValidate of trigger 'has_template' returned false at common/on_actions/00_code_on_actions.txt:797
[09:18:57][jomini_script_system.cpp:247]: Script system error!
  Error: has_template trigger [ Invalid database object 'MOR_hasan_al_alawi' ]
  Script location: common/on_actions/00_code_on_actions.txt:810

[09:18:57][jomini_trigger.cpp:224]: PostValidate of trigger 'has_template' returned false at common/on_actions/00_code_on_actions.txt:810
[09:18:57][jomini_script_system.cpp:247]: Script system error!
  Error: has_template trigger [ Invalid database object 'MOR_hasan_al_alawi' ]
  Script location: common/on_actions/00_code_on_actions.txt:817

[09:18:57][jomini_trigger.cpp:224]: PostValidate of trigger 'has_template' returned false at common/on_actions/00_code_on_actions.txt:817
[09:18:57][jomini_script_system.cpp:247]: Script system error!
  Error: has_template trigger [ Invalid database object 'MOR_hasan_al_alawi' ]
  Script location: common/on_actions/00_code_on_actions.txt:822

[09:18:57][jomini_trigger.cpp:224]: PostValidate of trigger 'has_template' returned false at common/on_actions/00_code_on_actions.txt:822
[09:18:57][jomini_script_system.cpp:247]: Script system error!
  Error: has_template trigger [ Invalid database object 'mon_petar_II_petrovic_njegos' ]
  Script location: common/on_actions/00_code_on_actions.txt:888

[09:18:57][jomini_trigger.cpp:224]: PostValidate of trigger 'has_template' returned false at common/on_actions/00_code_on_actions.txt:888
[09:18:57][jomini_script_system.cpp:247]: Script system error!
  Error: has_template trigger [ Invalid database object 'mon_danilo_petrovic_njegos' ]
  Script location: common/on_actions/00_code_on_actions.txt:896

[09:18:57][jomini_trigger.cpp:224]: PostValidate of trigger 'has_template' returned false at common/on_actions/00_code_on_actions.txt:896
[09:18:57][jomini_script_system.cpp:247]: Script system error!
  Error: has_template trigger [ Invalid database object 'mon_danilo_petrovic_njegos' ]
  Script location: common/on_actions/00_code_on_actions.txt:936

[09:18:57][jomini_trigger.cpp:224]: PostValidate of trigger 'has_template' returned false at common/on_actions/00_code_on_actions.txt:936
[09:18:57][jomini_script_system.cpp:247]: Script system error!
  Error: has_template trigger [ Invalid database object 'swe_charles_bernadotte_template' ]
  Script location: common/on_actions/00_code_on_actions.txt:974

[09:18:57][jomini_trigger.cpp:224]: PostValidate of trigger 'has_template' returned false at common/on_actions/00_code_on_actions.txt:974
[09:18:57][jomini_script_system.cpp:247]: Script system error!
  Error: has_template trigger [ Invalid database object 'JAP_tokugawa_nariyuki' ]
  Script location: common/on_actions/00_code_on_actions.txt:1056

[09:18:57][jomini_trigger.cpp:224]: PostValidate of trigger 'has_template' returned false at common/on_actions/00_code_on_actions.txt:1056
[09:18:57][jomini_script_system.cpp:247]: Script system error!
  Error: has_template trigger [ Invalid database object 'JAP_tokugawa_narikatsu' ]
  Script location: common/on_actions/00_code_on_actions.txt:1061

[09:18:57][jomini_trigger.cpp:224]: PostValidate of trigger 'has_template' returned false at common/on_actions/00_code_on_actions.txt:1061
[09:18:57][jomini_script_system.cpp:247]: Script system error!
  Error: has_template trigger [ Invalid database object 'gbr_albert_edward_template' ]
  Script location: common/on_actions/00_code_on_actions.txt:1121

[09:18:57][jomini_trigger.cpp:224]: PostValidate of trigger 'has_template' returned false at common/on_actions/00_code_on_actions.txt:1121
[09:18:57][jomini_script_system.cpp:247]: Script system error!
  Error: has_template trigger [ Invalid database object 'gbr_george_v_template' ]
  Script location: common/on_actions/00_code_on_actions.txt:1124

[09:18:57][jomini_trigger.cpp:224]: PostValidate of trigger 'has_template' returned false at common/on_actions/00_code_on_actions.txt:1124
[09:18:57][jomini_script_system.cpp:247]: Script system error!
  Error: is_company_type trigger [ target: Not found in database class CCompanyTypeDatabase ]
  Script location: common/on_actions/00_code_on_actions.txt:1462

[09:18:57][jomini_trigger.cpp:224]: PostValidate of trigger 'is_company_type' returned false at common/on_actions/00_code_on_actions.txt:1462
[09:18:57][jomini_script_system.cpp:247]: Script system error!
  Error: is_supporting_unification_candidate trigger [ country_formation: Not found in database class CCountryFormationDatabase ]
  Script location: common/on_actions/00_code_on_actions.txt:2490

[09:18:57][jomini_script_system.cpp:247]: Script system error!
  Error: is_supporting_unification_candidate trigger [ Invalid diplomatic action type! ]
  Script location: common/on_actions/00_code_on_actions.txt:2490

[09:18:57][jomini_trigger.cpp:224]: PostValidate of trigger 'is_supporting_unification_candidate' returned false at common/on_actions/00_code_on_actions.txt:2490
[09:18:57][jomini_script_system.cpp:247]: Script system error!
  Error: is_supporting_unification_candidate trigger [ country_formation: Not found in database class CCountryFormationDatabase ]
  Script location: common/on_actions/00_code_on_actions.txt:2499

[09:18:57][jomini_script_system.cpp:247]: Script system error!
  Error: is_supporting_unification_candidate trigger [ Invalid diplomatic action type! ]
  Script location: common/on_actions/00_code_on_actions.txt:2499

[09:18:57][jomini_trigger.cpp:224]: PostValidate of trigger 'is_supporting_unification_candidate' returned false at common/on_actions/00_code_on_actions.txt:2499
[09:18:57][jomini_script_system.cpp:247]: Script system error!
  Error: is_supporting_unification_candidate trigger [ country_formation: Not found in database class CCountryFormationDatabase ]
  Script location: common/on_actions/00_code_on_actions.txt:2509

[09:18:57][jomini_script_system.cpp:247]: Script system error!
  Error: is_supporting_unification_candidate trigger [ Invalid diplomatic action type! ]
  Script location: common/on_actions/00_code_on_actions.txt:2509

[09:18:57][jomini_trigger.cpp:224]: PostValidate of trigger 'is_supporting_unification_candidate' returned false at common/on_actions/00_code_on_actions.txt:2509
[09:18:57][jomini_script_system.cpp:247]: Script system error!
  Error: has_template trigger [ Invalid database object 'HAW_kamehameha_iii' ]
  Script location: common/on_actions/00_code_on_actions.txt:2613

[09:18:57][jomini_trigger.cpp:224]: PostValidate of trigger 'has_template' returned false at common/on_actions/00_code_on_actions.txt:2613
[09:18:57][jomini_script_system.cpp:247]: Script system error!
  Error: has_template trigger [ Invalid database object 'garibaldi_character_template' ]
  Script location: common/on_actions/00_code_on_actions.txt:2708

[09:18:57][jomini_trigger.cpp:224]: PostValidate of trigger 'has_template' returned false at common/on_actions/00_code_on_actions.txt:2708
[09:18:57][jomini_script_system.cpp:247]: Script system error!
  Error: has_template trigger [ Invalid database object 'SPA_baldomero_espartero' ]
  Script location: common/on_actions/00_code_on_actions.txt:2715

[09:18:57][jomini_trigger.cpp:224]: PostValidate of trigger 'has_template' returned false at common/on_actions/00_code_on_actions.txt:2715
[09:18:57][jomini_script_system.cpp:247]: Script system error!
  Error: has_template trigger [ Invalid database object 'aus_franz_josef_I_habsburg_template' ]
  Script location: common/on_actions/00_code_on_actions.txt:2747

[09:18:57][jomini_trigger.cpp:224]: PostValidate of trigger 'has_template' returned false at common/on_actions/00_code_on_actions.txt:2747
[09:18:57][jomini_script_system.cpp:247]: Script system error!
  Error: has_template trigger [ Invalid database object 'mon_danilo_petrovic_njegos' ]
  Script location: common/on_actions/00_code_on_actions.txt:2765

[09:18:57][jomini_trigger.cpp:224]: PostValidate of trigger 'has_template' returned false at common/on_actions/00_code_on_actions.txt:2765
[09:18:57][jomini_script_system.cpp:247]: Script system error!
  Error: has_template trigger [ Invalid database object 'mon_petar_II_petrovic_njegos' ]
  Script location: common/on_actions/00_code_on_actions.txt:2769

[09:18:57][jomini_trigger.cpp:224]: PostValidate of trigger 'has_template' returned false at common/on_actions/00_code_on_actions.txt:2769
[09:18:57][jomini_script_system.cpp:247]: Script system error!
  Error: has_template trigger [ Invalid database object 'SER_milan_obrenovic' ]
  Script location: common/on_actions/00_code_on_actions.txt:2776

[09:18:57][jomini_trigger.cpp:224]: PostValidate of trigger 'has_template' returned false at common/on_actions/00_code_on_actions.txt:2776
[09:18:57][jomini_script_system.cpp:247]: Script system error!
  Error: has_template trigger [ Invalid database object 'SER_milos_obrenovic' ]
  Script location: common/on_actions/00_code_on_actions.txt:2780

[09:18:57][jomini_trigger.cpp:224]: PostValidate of trigger 'has_template' returned false at common/on_actions/00_code_on_actions.txt:2780
[09:18:57][jomini_script_system.cpp:247]: Script system error!
  Error: has_template trigger [ Invalid database object 'JAP_iemochi_tokugawa' ]
  Script location: common/on_actions/00_code_on_actions.txt:2930

[09:18:57][jomini_trigger.cpp:224]: PostValidate of trigger 'has_template' returned false at common/on_actions/00_code_on_actions.txt:2930
[09:18:57][jomini_script_system.cpp:247]: Script system error!
  Error: owns_entire_state_region trigger [ Invalid database object 'STATE_RIO_GRANDE_DO_SUL' ]
  Script location: common/on_actions/00_code_on_actions.txt:6322

[09:18:57][jomini_trigger.cpp:224]: PostValidate of trigger 'owns_entire_state_region' returned false at common/on_actions/00_code_on_actions.txt:6322
[09:18:57][jomini_script_system.cpp:247]: Script system error!
  Error: owns_entire_state_region trigger [ Invalid database object 'STATE_SANTA_CATARINA' ]
  Script location: common/on_actions/00_code_on_actions.txt:6323

[09:18:57][jomini_trigger.cpp:224]: PostValidate of trigger 'owns_entire_state_region' returned false at common/on_actions/00_code_on_actions.txt:6323
[09:18:57][jomini_script_system.cpp:247]: Script system error!
  Error: owns_entire_state_region trigger [ Invalid database object 'STATE_PARA' ]
  Script location: common/on_actions/00_code_on_actions.txt:6340

[09:18:57][jomini_trigger.cpp:224]: PostValidate of trigger 'owns_entire_state_region' returned false at common/on_actions/00_code_on_actions.txt:6340
[09:18:57][jomini_script_system.cpp:247]: Script system error!
  Error: owns_entire_state_region trigger [ Invalid database object 'STATE_RIO_GRANDE_DO_SUL' ]
  Script location: common/on_actions/00_code_on_actions.txt:6358

[09:18:57][jomini_trigger.cpp:224]: PostValidate of trigger 'owns_entire_state_region' returned false at common/on_actions/00_code_on_actions.txt:6358
[09:18:57][jomini_script_system.cpp:247]: Script system error!
  Error: country_or_subject_owns_entire_state_region trigger [ Invalid database object 'STATE_PUNJAB' ]
  Script location: common/on_actions/00_code_on_actions.txt:6507

[09:18:57][jomini_trigger.cpp:224]: PostValidate of trigger 'country_or_subject_owns_entire_state_region' returned false at common/on_actions/00_code_on_actions.txt:6507
[09:18:57][jomini_script_system.cpp:247]: Script system error!
  Error: has_template trigger [ Invalid database object 'JAP_iesada_tokugawa' ]
  Script location: common/on_actions/00_code_on_actions.txt:6772

[09:18:57][jomini_trigger.cpp:224]: PostValidate of trigger 'has_template' returned false at common/on_actions/00_code_on_actions.txt:6772
[09:18:57][jomini_script_system.cpp:247]: Script system error!
  Error: has_template trigger [ Invalid database object 'HAW_kamehameha_iii' ]
  Script location: common/on_actions/00_on_actions_yearly.txt:446

[09:18:57][jomini_trigger.cpp:224]: PostValidate of trigger 'has_template' returned false at common/on_actions/00_on_actions_yearly.txt:446
[09:18:57][jomini_script_system.cpp:247]: Script system error!
  Error: is_in_geographic_region trigger [ Invalid database object 'geographic_region_central_america' ]
  Script location: common/scripted_triggers/00_gfx_buildings_graphics_triggers.txt:20

[09:18:57][jomini_trigger.cpp:224]: PostValidate of trigger 'is_in_geographic_region' returned false at common/scripted_triggers/00_gfx_buildings_graphics_triggers.txt:20
[09:18:57][jomini_script_system.cpp:247]: Script system error!
  Error: scripted_bar_progress trigger [ Invalid progress bar:  ]
  Script location: common/journal_entries/00_antarctica.txt:64

[09:18:57][jomini_trigger.cpp:224]: PostValidate of trigger 'scripted_bar_progress' returned false at common/journal_entries/00_antarctica.txt:64
[09:18:57][jomini_script_system.cpp:247]: Script system error!
  Error: scripted_bar_progress trigger [ Invalid progress bar:  ]
  Script location: common/journal_entries/00_antarctica.txt:93

[09:18:57][jomini_trigger.cpp:224]: PostValidate of trigger 'scripted_bar_progress' returned false at common/journal_entries/00_antarctica.txt:93
[09:18:57][jomini_script_system.cpp:247]: Script system error!
  Error: scripted_bar_progress trigger [ Invalid progress bar:  ]
  Script location: common/journal_entries/00_central_africa.txt:90

[09:18:57][jomini_trigger.cpp:224]: PostValidate of trigger 'scripted_bar_progress' returned false at common/journal_entries/00_central_africa.txt:90
[09:18:57][jomini_script_system.cpp:247]: Script system error!
  Error: scripted_bar_progress trigger [ Invalid progress bar:  ]
  Script location: common/journal_entries/00_central_africa.txt:120

[09:18:57][jomini_trigger.cpp:224]: PostValidate of trigger 'scripted_bar_progress' returned false at common/journal_entries/00_central_africa.txt:120
[09:18:57][jomini_script_system.cpp:247]: Script system error!
  Error: scripted_bar_progress trigger [ Invalid progress bar:  ]
  Script location: common/journal_entries/00_communism.txt:55

[09:18:57][jomini_trigger.cpp:224]: PostValidate of trigger 'scripted_bar_progress' returned false at common/journal_entries/00_communism.txt:55
[09:18:57][jomini_script_system.cpp:247]: Script system error!
  Error: scripted_bar_progress trigger [ Invalid progress bar:  ]
  Script location: common/journal_entries/00_congo.txt:91

[09:18:57][jomini_trigger.cpp:224]: PostValidate of trigger 'scripted_bar_progress' returned false at common/journal_entries/00_congo.txt:91
[09:18:57][jomini_script_system.cpp:247]: Script system error!
  Error: scripted_bar_progress trigger [ Invalid progress bar:  ]
  Script location: common/journal_entries/00_congo.txt:105

[09:18:57][jomini_trigger.cpp:224]: PostValidate of trigger 'scripted_bar_progress' returned false at common/journal_entries/00_congo.txt:105
[09:18:57][jomini_script_system.cpp:247]: Script system error!
  Error: scripted_bar_progress trigger [ Invalid progress bar:  ]
  Script location: common/journal_entries/00_congo.txt:128

[09:18:57][jomini_trigger.cpp:224]: PostValidate of trigger 'scripted_bar_progress' returned false at common/journal_entries/00_congo.txt:128
[09:18:57][jomini_script_system.cpp:247]: Script system error!
  Error: can_form_nation trigger [ Invalid database object 'ETH' ]
  Script location: common/journal_entries/00_ethiopia.txt:7

[09:18:57][jomini_trigger.cpp:224]: PostValidate of trigger 'can_form_nation' returned false at common/journal_entries/00_ethiopia.txt:7
[09:18:57][jomini_script_system.cpp:247]: Script system error!
  Error: can_form_nation trigger [ Invalid database object 'ETH' ]
  Script location: common/journal_entries/00_ethiopia.txt:11

[09:18:57][jomini_trigger.cpp:224]: PostValidate of trigger 'can_form_nation' returned false at common/journal_entries/00_ethiopia.txt:11
[09:18:57][jomini_script_system.cpp:247]: Script system error!
  Error: scripted_bar_progress trigger [ Invalid progress bar:  ]
  Script location: common/journal_entries/00_niger_river.txt:84

[09:18:57][jomini_trigger.cpp:224]: PostValidate of trigger 'scripted_bar_progress' returned false at common/journal_entries/00_niger_river.txt:84
[09:18:57][jomini_script_system.cpp:247]: Script system error!
  Error: scripted_bar_progress trigger [ Invalid progress bar:  ]
  Script location: common/journal_entries/00_niger_river.txt:113

[09:18:57][jomini_trigger.cpp:224]: PostValidate of trigger 'scripted_bar_progress' returned false at common/journal_entries/00_niger_river.txt:113
[09:18:57][jomini_script_system.cpp:247]: Script system error!
  Error: scripted_bar_progress trigger [ Invalid progress bar:  ]
  Script location: common/journal_entries/00_request_recognition.txt:49

[09:18:57][jomini_trigger.cpp:224]: PostValidate of trigger 'scripted_bar_progress' returned false at common/journal_entries/00_request_recognition.txt:49
[09:18:57][jomini_script_system.cpp:247]: Script system error!
  Error: scripted_bar_progress trigger [ Invalid progress bar:  ]
  Script location: common/journal_entries/00_west_america.txt:89

[09:18:57][jomini_trigger.cpp:224]: PostValidate of trigger 'scripted_bar_progress' returned false at common/journal_entries/00_west_america.txt:89
[09:18:57][jomini_script_system.cpp:247]: Script system error!
  Error: scripted_bar_progress trigger [ Invalid progress bar:  ]
  Script location: common/journal_entries/00_west_america.txt:125

[09:18:57][jomini_trigger.cpp:224]: PostValidate of trigger 'scripted_bar_progress' returned false at common/journal_entries/00_west_america.txt:125
[09:18:57][jomini_script_system.cpp:247]: Script system error!
  Error: scripted_bar_progress trigger [ Invalid progress bar:  ]
  Script location: common/journal_entries/01_coup.txt:74

[09:18:57][jomini_trigger.cpp:224]: PostValidate of trigger 'scripted_bar_progress' returned false at common/journal_entries/01_coup.txt:74
[09:18:57][jomini_script_system.cpp:247]: Script system error!
  Error: scripted_bar_progress trigger [ Invalid progress bar:  ]
  Script location: common/journal_entries/01_coup.txt:98

[09:18:57][jomini_trigger.cpp:224]: PostValidate of trigger 'scripted_bar_progress' returned false at common/journal_entries/01_coup.txt:98
[09:18:57][jomini_script_system.cpp:247]: Script system error!
  Error: scripted_bar_progress trigger [ Invalid progress bar:  ]
  Script location: common/journal_entries/02_caudillo.txt:30

[09:18:57][jomini_trigger.cpp:224]: PostValidate of trigger 'scripted_bar_progress' returned false at common/journal_entries/02_caudillo.txt:30
[09:18:57][jomini_script_system.cpp:247]: Script system error!
  Error: scripted_bar_progress trigger [ Invalid progress bar:  ]
  Script location: common/journal_entries/02_caudillo.txt:50

[09:18:57][jomini_trigger.cpp:224]: PostValidate of trigger 'scripted_bar_progress' returned false at common/journal_entries/02_caudillo.txt:50
[09:18:57][jomini_script_system.cpp:247]: Script system error!
  Error: is_in_geographic_region trigger [ Invalid database object 'geographic_region_central_america' ]
  Script location: common/journal_entries/02_south_america_migration.txt:153

[09:18:57][jomini_trigger.cpp:224]: PostValidate of trigger 'is_in_geographic_region' returned false at common/journal_entries/02_south_america_migration.txt:153
[09:18:57][jomini_script_system.cpp:247]: Script system error!
  Error: is_in_geographic_region trigger [ Invalid database object 'geographic_region_central_america' ]
  Script location: common/journal_entries/02_south_america_migration.txt:188

[09:18:57][jomini_trigger.cpp:224]: PostValidate of trigger 'is_in_geographic_region' returned false at common/journal_entries/02_south_america_migration.txt:188
[09:18:57][jomini_script_system.cpp:247]: Script system error!
  Error: is_in_geographic_region trigger [ Invalid database object 'geographic_region_central_america' ]
  Script location: common/journal_entries/02_south_america_migration.txt:221

[09:18:57][jomini_trigger.cpp:224]: PostValidate of trigger 'is_in_geographic_region' returned false at common/journal_entries/02_south_america_migration.txt:221
[09:18:57][jomini_script_system.cpp:247]: Script system error!
  Error: is_in_geographic_region trigger [ Invalid database object 'geographic_region_central_america' ]
  Script location: common/journal_entries/02_south_america_migration.txt:237

[09:18:57][jomini_trigger.cpp:224]: PostValidate of trigger 'is_in_geographic_region' returned false at common/journal_entries/02_south_america_migration.txt:237
[09:18:57][jomini_script_system.cpp:247]: Script system error!
  Error: is_in_geographic_region trigger [ Invalid database object 'geographic_region_northeast_asia' ]
  Script location: common/journal_entries/03_korea.txt:211

[09:18:57][jomini_trigger.cpp:224]: PostValidate of trigger 'is_in_geographic_region' returned false at common/journal_entries/03_korea.txt:211
[09:18:57][jomini_script_system.cpp:247]: Script system error!
  Error: scripted_bar_progress trigger [ Invalid progress bar:  ]
  Script location: common/journal_entries/04_sikh_empire.txt:24

[09:18:57][jomini_trigger.cpp:224]: PostValidate of trigger 'scripted_bar_progress' returned false at common/journal_entries/04_sikh_empire.txt:24
[09:18:57][jomini_script_system.cpp:247]: Script system error!
  Error: has_template trigger [ Invalid database object 'pan_dhian_singh' ]
  Script location: common/journal_entries/04_sikh_empire.txt:60

[09:18:57][jomini_trigger.cpp:224]: PostValidate of trigger 'has_template' returned false at common/journal_entries/04_sikh_empire.txt:60
[09:18:57][jomini_script_system.cpp:247]: Script system error!
  Error: has_template trigger [ Invalid database object 'pan_ranjit_singh' ]
  Script location: common/journal_entries/04_sikh_empire.txt:74

[09:18:57][jomini_trigger.cpp:224]: PostValidate of trigger 'has_template' returned false at common/journal_entries/04_sikh_empire.txt:74
[09:18:57][jomini_script_system.cpp:247]: Script system error!
  Error: has_template trigger [ Invalid database object 'pan_ranjit_singh' ]
  Script location: common/journal_entries/04_sikh_empire.txt:87

[09:18:57][jomini_trigger.cpp:224]: PostValidate of trigger 'has_template' returned false at common/journal_entries/04_sikh_empire.txt:87
[09:18:57][jomini_script_system.cpp:247]: Script system error!
  Error: has_template trigger [ Invalid database object 'pan_datar_kaur' ]
  Script location: common/journal_entries/04_sikh_empire.txt:98

[09:18:57][jomini_trigger.cpp:224]: PostValidate of trigger 'has_template' returned false at common/journal_entries/04_sikh_empire.txt:98
[09:18:57][jomini_script_system.cpp:247]: Script system error!
  Error: has_template trigger [ Invalid database object 'pan_datar_kaur' ]
  Script location: common/journal_entries/04_sikh_empire.txt:107

[09:18:57][jomini_trigger.cpp:224]: PostValidate of trigger 'has_template' returned false at common/journal_entries/04_sikh_empire.txt:107
[09:18:57][jomini_script_system.cpp:247]: Script system error!
  Error: scripted_bar_progress trigger [ Invalid progress bar:  ]
  Script location: common/journal_entries/04_sikh_empire.txt:119

[09:18:57][jomini_trigger.cpp:224]: PostValidate of trigger 'scripted_bar_progress' returned false at common/journal_entries/04_sikh_empire.txt:119
[09:18:57][jomini_script_system.cpp:247]: Script system error!
  Error: has_template trigger [ Invalid database object 'pan_kharak_singh' ]
  Script location: common/journal_entries/04_sikh_empire.txt:124

[09:18:57][jomini_trigger.cpp:224]: PostValidate of trigger 'has_template' returned false at common/journal_entries/04_sikh_empire.txt:124
[09:18:57][jomini_script_system.cpp:247]: Script system error!
  Error: has_template trigger [ Invalid database object 'pan_nau_nihal_singh' ]
  Script location: common/journal_entries/04_sikh_empire.txt:131

[09:18:57][jomini_trigger.cpp:224]: PostValidate of trigger 'has_template' returned false at common/journal_entries/04_sikh_empire.txt:131
[09:18:57][jomini_script_system.cpp:247]: Script system error!
  Error: has_template trigger [ Invalid database object 'pan_sher_singh' ]
  Script location: common/journal_entries/04_sikh_empire.txt:141

[09:18:57][jomini_trigger.cpp:224]: PostValidate of trigger 'has_template' returned false at common/journal_entries/04_sikh_empire.txt:141
[09:18:57][jomini_script_system.cpp:247]: Script system error!
  Error: has_template trigger [ Invalid database object 'pan_duleep_singh' ]
  Script location: common/journal_entries/04_sikh_empire.txt:166

[09:18:57][jomini_trigger.cpp:224]: PostValidate of trigger 'has_template' returned false at common/journal_entries/04_sikh_empire.txt:166
[09:18:57][jomini_script_system.cpp:247]: Script system error!
  Error: has_template trigger [ Invalid database object 'pan_duleep_singh' ]
  Script location: common/journal_entries/04_sikh_empire.txt:175

[09:18:57][jomini_trigger.cpp:224]: PostValidate of trigger 'has_template' returned false at common/journal_entries/04_sikh_empire.txt:175
[09:18:57][jomini_script_system.cpp:247]: Script system error!
  Error: is_in_geographic_region trigger [ Invalid database object 'geographic_region_balkans' ]
  Script location: common/journal_entries/05_balkan_national_awakening.txt:8

[09:18:57][jomini_trigger.cpp:224]: PostValidate of trigger 'is_in_geographic_region' returned false at common/journal_entries/05_balkan_national_awakening.txt:8
[09:18:57][jomini_script_system.cpp:247]: Script system error!
  Error: scripted_bar_progress trigger [ Invalid progress bar:  ]
  Script location: common/journal_entries/05_balkan_wars.txt:164

[09:18:57][jomini_trigger.cpp:224]: PostValidate of trigger 'scripted_bar_progress' returned false at common/journal_entries/05_balkan_wars.txt:164
[09:18:57][jomini_script_system.cpp:247]: Script system error!
  Error: scripted_bar_progress trigger [ Invalid progress bar:  ]
  Script location: common/journal_entries/05_technocracy.txt:33

[09:18:57][jomini_trigger.cpp:224]: PostValidate of trigger 'scripted_bar_progress' returned false at common/journal_entries/05_technocracy.txt:33
[09:18:57][jomini_script_system.cpp:247]: Script system error!
  Error: scripted_bar_progress trigger [ Invalid progress bar:  ]
  Script location: common/journal_entries/06_morocco_lands_of_anarchy.txt:92

[09:18:57][jomini_trigger.cpp:224]: PostValidate of trigger 'scripted_bar_progress' returned false at common/journal_entries/06_morocco_lands_of_anarchy.txt:92
[09:18:57][jomini_script_system.cpp:247]: Script system error!
  Error: scripted_bar_progress trigger [ Invalid progress bar:  ]
  Script location: common/journal_entries/06_morocco_lands_of_anarchy.txt:110

[09:18:57][jomini_trigger.cpp:224]: PostValidate of trigger 'scripted_bar_progress' returned false at common/journal_entries/06_morocco_lands_of_anarchy.txt:110
[09:18:57][jomini_script_system.cpp:247]: Script system error!
  Error: scripted_bar_progress trigger [ Invalid progress bar:  ]
  Script location: common/journal_entries/06_morocco_lands_of_anarchy.txt:129

[09:18:57][jomini_trigger.cpp:224]: PostValidate of trigger 'scripted_bar_progress' returned false at common/journal_entries/06_morocco_lands_of_anarchy.txt:129
[09:18:57][jomini_script_system.cpp:247]: Script system error!
  Error: scripted_bar_progress trigger [ Invalid progress bar:  ]
  Script location: common/journal_entries/06_morocco_lands_of_anarchy.txt:155

[09:18:57][jomini_trigger.cpp:224]: PostValidate of trigger 'scripted_bar_progress' returned false at common/journal_entries/06_morocco_lands_of_anarchy.txt:155
[09:18:57][jomini_script_system.cpp:247]: Script system error!
  Error: scripted_bar_progress trigger [ Invalid progress bar:  ]
  Script location: common/journal_entries/06_morocco_lands_of_anarchy.txt:158

[09:18:57][jomini_trigger.cpp:224]: PostValidate of trigger 'scripted_bar_progress' returned false at common/journal_entries/06_morocco_lands_of_anarchy.txt:158
[09:18:57][jomini_script_system.cpp:247]: Script system error!
  Error: scripted_bar_progress trigger [ Invalid progress bar:  ]
  Script location: common/journal_entries/06_morocco_lands_of_anarchy.txt:161

[09:18:57][jomini_trigger.cpp:224]: PostValidate of trigger 'scripted_bar_progress' returned false at common/journal_entries/06_morocco_lands_of_anarchy.txt:161
[09:18:57][jomini_script_system.cpp:247]: Script system error!
  Error: scripted_bar_progress trigger [ Invalid progress bar:  ]
  Script location: common/journal_entries/06_morocco_lands_of_anarchy.txt:206

[09:18:57][jomini_trigger.cpp:224]: PostValidate of trigger 'scripted_bar_progress' returned false at common/journal_entries/06_morocco_lands_of_anarchy.txt:206
[09:18:57][jomini_script_system.cpp:247]: Script system error!
  Error: scripted_bar_progress trigger [ Invalid progress bar:  ]
  Script location: common/journal_entries/06_morocco_lands_of_anarchy.txt:209

[09:18:57][jomini_trigger.cpp:224]: PostValidate of trigger 'scripted_bar_progress' returned false at common/journal_entries/06_morocco_lands_of_anarchy.txt:209
[09:18:57][jomini_script_system.cpp:247]: Script system error!
  Error: scripted_bar_progress trigger [ Invalid progress bar:  ]
  Script location: common/journal_entries/06_morocco_lands_of_anarchy.txt:212

[09:18:57][jomini_trigger.cpp:224]: PostValidate of trigger 'scripted_bar_progress' returned false at common/journal_entries/06_morocco_lands_of_anarchy.txt:212
[09:18:57][jomini_script_system.cpp:247]: Script system error!
  Error: scripted_bar_progress trigger [ Invalid progress bar:  ]
  Script location: common/journal_entries/99_toe_paido_national_integration.txt:97

[09:18:57][jomini_trigger.cpp:224]: PostValidate of trigger 'scripted_bar_progress' returned false at common/journal_entries/99_toe_paido_national_integration.txt:97
[09:18:57][jomini_script_system.cpp:247]: Script system error!
  Error: scripted_bar_progress trigger [ Invalid progress bar:  ]
  Script location: common/journal_entries/99_toe_paido_national_integration.txt:98

[09:18:57][jomini_trigger.cpp:224]: PostValidate of trigger 'scripted_bar_progress' returned false at common/journal_entries/99_toe_paido_national_integration.txt:98
[09:18:57][jomini_script_system.cpp:247]: Script system error!
  Error: scripted_bar_progress trigger [ Invalid progress bar:  ]
  Script location: common/journal_entries/99_toe_paido_national_integration.txt:107

[09:18:57][jomini_trigger.cpp:224]: PostValidate of trigger 'scripted_bar_progress' returned false at common/journal_entries/99_toe_paido_national_integration.txt:107
[09:18:57][jomini_script_system.cpp:247]: Script system error!
  Error: scripted_bar_progress trigger [ Invalid progress bar:  ]
  Script location: common/journal_entries/99_toe_paido_national_integration.txt:107

[09:18:57][jomini_trigger.cpp:224]: PostValidate of trigger 'scripted_bar_progress' returned false at common/journal_entries/99_toe_paido_national_integration.txt:107
[09:18:57][jomini_script_system.cpp:247]: Script system error!
  Error: is_company_type trigger [ target: Not found in database class CCompanyTypeDatabase ]
  Script location: common/company_charter_types/00_company_charter_types.txt:315

[09:18:57][jomini_trigger.cpp:224]: PostValidate of trigger 'is_company_type' returned false at common/company_charter_types/00_company_charter_types.txt:315
[09:18:57][jomini_script_system.cpp:247]: Script system error!
  Error: is_company_type trigger [ target: Not found in database class CCompanyTypeDatabase ]
  Script location: common/company_charter_types/00_company_charter_types.txt:309

[09:18:57][jomini_trigger.cpp:224]: PostValidate of trigger 'is_company_type' returned false at common/company_charter_types/00_company_charter_types.txt:309
[09:18:57][jomini_script_system.cpp:247]: Script system error!
  Error: is_company_type trigger [ target: Not found in database class CCompanyTypeDatabase ]
  Script location: common/company_charter_types/00_company_charter_types.txt:375

[09:18:57][jomini_trigger.cpp:224]: PostValidate of trigger 'is_company_type' returned false at common/company_charter_types/00_company_charter_types.txt:375
[09:18:57][jomini_script_system.cpp:247]: Script system error!
  Error: is_company_type trigger [ target: Not found in database class CCompanyTypeDatabase ]
  Script location: common/company_charter_types/00_company_charter_types.txt:381

[09:18:57][jomini_trigger.cpp:224]: PostValidate of trigger 'is_company_type' returned false at common/company_charter_types/00_company_charter_types.txt:381
[09:18:57][jomini_script_system.cpp:247]: Script system error!
  Error: is_company_type trigger [ target: Not found in database class CCompanyTypeDatabase ]
  Script location: common/company_charter_types/00_company_charter_types.txt:369

[09:18:57][jomini_trigger.cpp:224]: PostValidate of trigger 'is_company_type' returned false at common/company_charter_types/00_company_charter_types.txt:369
[09:18:57][jomini_script_system.cpp:247]: Script system error!
  Error: is_company_type trigger [ target: Not found in database class CCompanyTypeDatabase ]
  Script location: common/company_charter_types/00_company_charter_types.txt:351

[09:18:57][jomini_trigger.cpp:224]: PostValidate of trigger 'is_company_type' returned false at common/company_charter_types/00_company_charter_types.txt:351
[09:18:57][jomini_script_system.cpp:247]: Script system error!
  Error: is_company_type trigger [ target: Not found in database class CCompanyTypeDatabase ]
  Script location: common/company_charter_types/00_company_charter_types.txt:363

[09:18:57][jomini_trigger.cpp:224]: PostValidate of trigger 'is_company_type' returned false at common/company_charter_types/00_company_charter_types.txt:363
[09:18:57][jomini_script_system.cpp:247]: Script system error!
  Error: is_company_type trigger [ target: Not found in database class CCompanyTypeDatabase ]
  Script location: common/company_charter_types/00_company_charter_types.txt:357

[09:18:57][jomini_trigger.cpp:224]: PostValidate of trigger 'is_company_type' returned false at common/company_charter_types/00_company_charter_types.txt:357
[09:18:57][jomini_script_system.cpp:247]: Script system error!
  Error: is_company_type trigger [ target: Not found in database class CCompanyTypeDatabase ]
  Script location: common/company_charter_types/00_company_charter_types.txt:321

[09:18:57][jomini_trigger.cpp:224]: PostValidate of trigger 'is_company_type' returned false at common/company_charter_types/00_company_charter_types.txt:321
[09:18:57][jomini_script_system.cpp:247]: Script system error!
  Error: is_company_type trigger [ target: Not found in database class CCompanyTypeDatabase ]
  Script location: common/company_charter_types/00_company_charter_types.txt:339

[09:18:57][jomini_trigger.cpp:224]: PostValidate of trigger 'is_company_type' returned false at common/company_charter_types/00_company_charter_types.txt:339
[09:18:57][jomini_script_system.cpp:247]: Script system error!
  Error: is_company_type trigger [ target: Not found in database class CCompanyTypeDatabase ]
  Script location: common/company_charter_types/00_company_charter_types.txt:345

[09:18:57][jomini_trigger.cpp:224]: PostValidate of trigger 'is_company_type' returned false at common/company_charter_types/00_company_charter_types.txt:345
[09:18:57][jomini_script_system.cpp:247]: Script system error!
  Error: is_company_type trigger [ target: Not found in database class CCompanyTypeDatabase ]
  Script location: common/company_charter_types/00_company_charter_types.txt:333

[09:18:57][jomini_trigger.cpp:224]: PostValidate of trigger 'is_company_type' returned false at common/company_charter_types/00_company_charter_types.txt:333
[09:18:57][jomini_script_system.cpp:247]: Script system error!
  Error: is_company_type trigger [ target: Not found in database class CCompanyTypeDatabase ]
  Script location: common/company_charter_types/00_company_charter_types.txt:327

[09:18:57][jomini_trigger.cpp:224]: PostValidate of trigger 'is_company_type' returned false at common/company_charter_types/00_company_charter_types.txt:327
[09:18:57][jomini_script_system.cpp:247]: Script system error!
  Error: has_journal_entry trigger [ Invalid database object 'je_zaibatsu' ]
  Script location: common/company_charter_types/00_company_charter_types.txt:90

[09:18:57][jomini_trigger.cpp:224]: PostValidate of trigger 'has_journal_entry' returned false at common/company_charter_types/00_company_charter_types.txt:90
[09:18:57][jomini_script_system.cpp:247]: Script system error!
  Error: has_journal_entry trigger [ Invalid database object 'je_zaibatsu' ]
  Script location: common/company_charter_types/00_company_charter_types.txt:106

[09:18:57][jomini_trigger.cpp:224]: PostValidate of trigger 'has_journal_entry' returned false at common/company_charter_types/00_company_charter_types.txt:106
[09:18:57][jomini_script_system.cpp:247]: Script system error!
  Error: has_journal_entry trigger [ Invalid database object 'je_zaibatsu' ]
  Script location: common/company_charter_types/00_company_charter_types.txt:149

[09:18:57][jomini_trigger.cpp:224]: PostValidate of trigger 'has_journal_entry' returned false at common/company_charter_types/00_company_charter_types.txt:149
[09:18:57][jomini_script_system.cpp:247]: Script system error!
  Error: has_journal_entry trigger [ Invalid database object 'je_zaibatsu' ]
  Script location: common/company_charter_types/00_company_charter_types.txt:165

[09:18:57][jomini_trigger.cpp:224]: PostValidate of trigger 'has_journal_entry' returned false at common/company_charter_types/00_company_charter_types.txt:165
[09:18:57][jomini_script_system.cpp:247]: Script system error!
  Error: has_journal_entry trigger [ Invalid database object 'je_zaibatsu' ]
  Script location: common/company_charter_types/00_company_charter_types.txt:211

[09:18:57][jomini_trigger.cpp:224]: PostValidate of trigger 'has_journal_entry' returned false at common/company_charter_types/00_company_charter_types.txt:211
[09:18:57][jomini_script_system.cpp:247]: Script system error!
  Error: has_journal_entry trigger [ Invalid database object 'je_zaibatsu' ]
  Script location: common/company_charter_types/00_company_charter_types.txt:227

[09:18:57][jomini_trigger.cpp:224]: PostValidate of trigger 'has_journal_entry' returned false at common/company_charter_types/00_company_charter_types.txt:227
[09:18:57][jomini_script_system.cpp:247]: Script system error!
  Error: is_company_type trigger [ target: Not found in database class CCompanyTypeDatabase ]
  Script location: common/company_charter_types/00_company_charter_types.txt:258

[09:18:57][jomini_trigger.cpp:224]: PostValidate of trigger 'is_company_type' returned false at common/company_charter_types/00_company_charter_types.txt:258
[09:18:57][jomini_script_system.cpp:247]: Script system error!
  Error: is_company_type trigger [ target: Not found in database class CCompanyTypeDatabase ]
  Script location: common/company_charter_types/00_company_charter_types.txt:259

[09:18:57][jomini_trigger.cpp:224]: PostValidate of trigger 'is_company_type' returned false at common/company_charter_types/00_company_charter_types.txt:259
[09:18:57][jomini_script_system.cpp:247]: Script system error!
  Error: is_company_type trigger [ target: Not found in database class CCompanyTypeDatabase ]
  Script location: common/company_charter_types/00_company_charter_types.txt:260

[09:18:57][jomini_trigger.cpp:224]: PostValidate of trigger 'is_company_type' returned false at common/company_charter_types/00_company_charter_types.txt:260
[09:18:57][jomini_script_system.cpp:247]: Script system error!
  Error: is_company_type trigger [ target: Not found in database class CCompanyTypeDatabase ]
  Script location: common/company_charter_types/00_company_charter_types.txt:261

[09:18:57][jomini_trigger.cpp:224]: PostValidate of trigger 'is_company_type' returned false at common/company_charter_types/00_company_charter_types.txt:261
[09:18:57][jomini_script_system.cpp:247]: Script system error!
  Error: is_company_type trigger [ target: Not found in database class CCompanyTypeDatabase ]
  Script location: common/company_charter_types/00_company_charter_types.txt:262

[09:18:57][jomini_trigger.cpp:224]: PostValidate of trigger 'is_company_type' returned false at common/company_charter_types/00_company_charter_types.txt:262
[09:18:57][jomini_script_system.cpp:247]: Script system error!
  Error: is_company_type trigger [ target: Not found in database class CCompanyTypeDatabase ]
  Script location: common/company_charter_types/00_company_charter_types.txt:263

[09:18:57][jomini_trigger.cpp:224]: PostValidate of trigger 'is_company_type' returned false at common/company_charter_types/00_company_charter_types.txt:263
[09:18:57][jomini_script_system.cpp:247]: Script system error!
  Error: is_company_type trigger [ target: Not found in database class CCompanyTypeDatabase ]
  Script location: common/company_charter_types/00_company_charter_types.txt:264

[09:18:57][jomini_trigger.cpp:224]: PostValidate of trigger 'is_company_type' returned false at common/company_charter_types/00_company_charter_types.txt:264
[09:18:57][jomini_script_system.cpp:247]: Script system error!
  Error: is_company_type trigger [ target: Not found in database class CCompanyTypeDatabase ]
  Script location: common/company_charter_types/00_company_charter_types.txt:265

[09:18:57][jomini_trigger.cpp:224]: PostValidate of trigger 'is_company_type' returned false at common/company_charter_types/00_company_charter_types.txt:265
[09:18:57][jomini_script_system.cpp:247]: Script system error!
  Error: is_company_type trigger [ target: Not found in database class CCompanyTypeDatabase ]
  Script location: common/company_charter_types/00_company_charter_types.txt:266

[09:18:57][jomini_trigger.cpp:224]: PostValidate of trigger 'is_company_type' returned false at common/company_charter_types/00_company_charter_types.txt:266
[09:18:57][jomini_script_system.cpp:247]: Script system error!
  Error: is_company_type trigger [ target: Not found in database class CCompanyTypeDatabase ]
  Script location: common/company_charter_types/00_company_charter_types.txt:267

[09:18:57][jomini_trigger.cpp:224]: PostValidate of trigger 'is_company_type' returned false at common/company_charter_types/00_company_charter_types.txt:267
[09:18:57][jomini_script_system.cpp:247]: Script system error!
  Error: is_company_type trigger [ target: Not found in database class CCompanyTypeDatabase ]
  Script location: common/company_charter_types/00_company_charter_types.txt:268

[09:18:57][jomini_trigger.cpp:224]: PostValidate of trigger 'is_company_type' returned false at common/company_charter_types/00_company_charter_types.txt:268
[09:18:57][jomini_script_system.cpp:247]: Script system error!
  Error: is_company_type trigger [ target: Not found in database class CCompanyTypeDatabase ]
  Script location: common/company_charter_types/00_company_charter_types.txt:269

[09:18:57][jomini_trigger.cpp:224]: PostValidate of trigger 'is_company_type' returned false at common/company_charter_types/00_company_charter_types.txt:269
[09:18:57][jomini_script_system.cpp:247]: Script system error!
  Error: is_company_type trigger [ target: Not found in database class CCompanyTypeDatabase ]
  Script location: common/company_charter_types/00_company_charter_types.txt:270

[09:18:57][jomini_trigger.cpp:224]: PostValidate of trigger 'is_company_type' returned false at common/company_charter_types/00_company_charter_types.txt:270
[09:18:57][jomini_script_system.cpp:247]: Script system error!
  Error: can_form_nation trigger [ Invalid database object 'ETH' ]
  Script location: common/diplomatic_catalysts/00_diplomatic_catalysts.txt:1676

[09:18:57][jomini_trigger.cpp:224]: PostValidate of trigger 'can_form_nation' returned false at common/diplomatic_catalysts/00_diplomatic_catalysts.txt:1676
[09:18:57][jomini_script_system.cpp:247]: Script system error!
  Error: has_journal_entry trigger [ Invalid database object 'je_communal_divides' ]
  Script location: common/political_movement_pop_support/00_political_movement_pop_support.txt:254

[09:18:57][jomini_trigger.cpp:224]: PostValidate of trigger 'has_journal_entry' returned false at common/political_movement_pop_support/00_political_movement_pop_support.txt:254
[09:18:57][jomini_script_system.cpp:247]: Script system error!
  Error: has_journal_entry trigger [ Invalid database object 'je_spanish_anarchism' ]
  Script location: common/political_movements/00_ideological_movements.txt:3163

[09:18:57][jomini_trigger.cpp:224]: PostValidate of trigger 'has_journal_entry' returned false at common/political_movements/00_ideological_movements.txt:3163
[09:18:57][jomini_script_system.cpp:247]: Script system error!
  Error: has_template trigger [ Invalid database object 'BIC_muhammad_ali_jinnah' ]
  Script location: common/political_movements/04_national_movements.txt:457

[09:18:57][jomini_trigger.cpp:224]: PostValidate of trigger 'has_template' returned false at common/political_movements/04_national_movements.txt:457
[09:18:57][jomini_script_system.cpp:247]: Script system error!
  Error: is_unification_candidate trigger [ Invalid country formation ]
  Script location: common/ai_strategies/02_diplomatic_strategies.txt:1442

[09:18:57][jomini_trigger.cpp:224]: PostValidate of trigger 'is_unification_candidate' returned false at common/ai_strategies/02_diplomatic_strategies.txt:1442
[09:18:57][jomini_script_system.cpp:247]: Script system error!
  Error: is_unification_candidate trigger [ Invalid country formation ]
  Script location: common/ai_strategies/02_diplomatic_strategies.txt:1461

[09:18:57][jomini_trigger.cpp:224]: PostValidate of trigger 'is_unification_candidate' returned false at common/ai_strategies/02_diplomatic_strategies.txt:1461
[09:18:57][jomini_script_system.cpp:247]: Script system error!
  Error: is_unification_candidate trigger [ Invalid country formation ]
  Script location: common/ai_strategies/02_diplomatic_strategies.txt:1600

[09:18:57][jomini_trigger.cpp:224]: PostValidate of trigger 'is_unification_candidate' returned false at common/ai_strategies/02_diplomatic_strategies.txt:1600
[09:18:57][jomini_script_system.cpp:247]: Script system error!
  Error: is_supporting_unification_candidate trigger [ country_formation: Not found in database class CCountryFormationDatabase ]
  Script location: common/ai_strategies/02_diplomatic_strategies.txt:1602

[09:18:57][jomini_script_system.cpp:247]: Script system error!
  Error: is_supporting_unification_candidate trigger [ Invalid diplomatic action type! ]
  Script location: common/ai_strategies/02_diplomatic_strategies.txt:1602

[09:18:57][jomini_trigger.cpp:224]: PostValidate of trigger 'is_supporting_unification_candidate' returned false at common/ai_strategies/02_diplomatic_strategies.txt:1602
[09:18:57][jomini_script_system.cpp:247]: Script system error!
  Error: is_unification_candidate trigger [ Invalid country formation ]
  Script location: common/ai_strategies/02_diplomatic_strategies.txt:1619

[09:18:57][jomini_trigger.cpp:224]: PostValidate of trigger 'is_unification_candidate' returned false at common/ai_strategies/02_diplomatic_strategies.txt:1619
[09:18:57][jomini_script_system.cpp:247]: Script system error!
  Error: is_supporting_unification_candidate trigger [ country_formation: Not found in database class CCountryFormationDatabase ]
  Script location: common/ai_strategies/02_diplomatic_strategies.txt:1621

[09:18:57][jomini_script_system.cpp:247]: Script system error!
  Error: is_supporting_unification_candidate trigger [ Invalid diplomatic action type! ]
  Script location: common/ai_strategies/02_diplomatic_strategies.txt:1621

[09:18:57][jomini_trigger.cpp:224]: PostValidate of trigger 'is_supporting_unification_candidate' returned false at common/ai_strategies/02_diplomatic_strategies.txt:1621
[09:18:57][jomini_script_system.cpp:247]: Script system error!
  Error: is_unification_candidate trigger [ Invalid country formation ]
  Script location: common/ai_strategies/02_diplomatic_strategies.txt:1634

[09:18:57][jomini_trigger.cpp:224]: PostValidate of trigger 'is_unification_candidate' returned false at common/ai_strategies/02_diplomatic_strategies.txt:1634
[09:18:57][jomini_script_system.cpp:247]: Script system error!
  Error: is_unification_candidate trigger [ Invalid country formation ]
  Script location: common/ai_strategies/02_diplomatic_strategies.txt:1645

[09:18:57][jomini_trigger.cpp:224]: PostValidate of trigger 'is_unification_candidate' returned false at common/ai_strategies/02_diplomatic_strategies.txt:1645
[09:18:57][jomini_script_system.cpp:247]: Script system error!
  Error: is_unification_candidate trigger [ Invalid country formation ]
  Script location: common/ai_strategies/02_diplomatic_strategies.txt:1892

[09:18:57][jomini_trigger.cpp:224]: PostValidate of trigger 'is_unification_candidate' returned false at common/ai_strategies/02_diplomatic_strategies.txt:1892
[09:18:57][jomini_script_system.cpp:247]: Script system error!
  Error: is_supporting_unification_candidate trigger [ country_formation: Not found in database class CCountryFormationDatabase ]
  Script location: common/ai_strategies/02_diplomatic_strategies.txt:1894

[09:18:57][jomini_script_system.cpp:247]: Script system error!
  Error: is_supporting_unification_candidate trigger [ Invalid diplomatic action type! ]
  Script location: common/ai_strategies/02_diplomatic_strategies.txt:1894

[09:18:57][jomini_trigger.cpp:224]: PostValidate of trigger 'is_supporting_unification_candidate' returned false at common/ai_strategies/02_diplomatic_strategies.txt:1894
[09:18:57][jomini_script_system.cpp:247]: Script system error!
  Error: is_unification_candidate trigger [ Invalid country formation ]
  Script location: common/ai_strategies/02_diplomatic_strategies.txt:1912

[09:18:57][jomini_trigger.cpp:224]: PostValidate of trigger 'is_unification_candidate' returned false at common/ai_strategies/02_diplomatic_strategies.txt:1912
[09:18:57][jomini_script_system.cpp:247]: Script system error!
  Error: is_supporting_unification_candidate trigger [ country_formation: Not found in database class CCountryFormationDatabase ]
  Script location: common/ai_strategies/02_diplomatic_strategies.txt:1913

[09:18:57][jomini_script_system.cpp:247]: Script system error!
  Error: is_supporting_unification_candidate trigger [ Invalid diplomatic action type! ]
  Script location: common/ai_strategies/02_diplomatic_strategies.txt:1913

[09:18:57][jomini_trigger.cpp:224]: PostValidate of trigger 'is_supporting_unification_candidate' returned false at common/ai_strategies/02_diplomatic_strategies.txt:1913
[09:18:57][jomini_script_system.cpp:247]: Script system error!
  Error: is_unification_candidate trigger [ Invalid country formation ]
  Script location: common/ai_strategies/02_diplomatic_strategies.txt:1926

[09:18:57][jomini_trigger.cpp:224]: PostValidate of trigger 'is_unification_candidate' returned false at common/ai_strategies/02_diplomatic_strategies.txt:1926
[09:18:57][jomini_script_system.cpp:247]: Script system error!
  Error: is_unification_candidate trigger [ Invalid country formation ]
  Script location: common/ai_strategies/02_diplomatic_strategies.txt:1937

[09:18:57][jomini_trigger.cpp:224]: PostValidate of trigger 'is_unification_candidate' returned false at common/ai_strategies/02_diplomatic_strategies.txt:1937
[09:18:57][jomini_script_system.cpp:247]: Script system error!
  Error: can_form_nation trigger [ Invalid database object 'YUG' ]
  Script location: common/ai_strategies/02_diplomatic_strategies.txt:3246

[09:18:57][jomini_trigger.cpp:224]: PostValidate of trigger 'can_form_nation' returned false at common/ai_strategies/02_diplomatic_strategies.txt:3246
[09:18:57][jomini_script_system.cpp:247]: Script system error!
  Error: is_unification_candidate trigger [ Invalid country formation ]
  Script location: common/ai_strategies/02_diplomatic_strategies.txt:3283

[09:18:57][jomini_trigger.cpp:224]: PostValidate of trigger 'is_unification_candidate' returned false at common/ai_strategies/02_diplomatic_strategies.txt:3283
[09:18:57][jomini_script_system.cpp:247]: Script system error!
  Error: is_unification_candidate trigger [ Invalid country formation ]
  Script location: common/ai_strategies/02_diplomatic_strategies.txt:3300

[09:18:57][jomini_trigger.cpp:224]: PostValidate of trigger 'is_unification_candidate' returned false at common/ai_strategies/02_diplomatic_strategies.txt:3300
[09:18:57][jomini_script_system.cpp:247]: Script system error!
  Error: is_unification_candidate trigger [ Invalid country formation ]
  Script location: common/ai_strategies/02_diplomatic_strategies.txt:3404

[09:18:57][jomini_trigger.cpp:224]: PostValidate of trigger 'is_unification_candidate' returned false at common/ai_strategies/02_diplomatic_strategies.txt:3404
[09:18:57][jomini_script_system.cpp:247]: Script system error!
  Error: is_supporting_unification_candidate trigger [ country_formation: Not found in database class CCountryFormationDatabase ]
  Script location: common/ai_strategies/02_diplomatic_strategies.txt:3406

[09:18:57][jomini_script_system.cpp:247]: Script system error!
  Error: is_supporting_unification_candidate trigger [ Invalid diplomatic action type! ]
  Script location: common/ai_strategies/02_diplomatic_strategies.txt:3406

[09:18:57][jomini_trigger.cpp:224]: PostValidate of trigger 'is_supporting_unification_candidate' returned false at common/ai_strategies/02_diplomatic_strategies.txt:3406
[09:18:57][jomini_script_system.cpp:247]: Script system error!
  Error: is_unification_candidate trigger [ Invalid country formation ]
  Script location: common/ai_strategies/02_diplomatic_strategies.txt:3421

[09:18:57][jomini_trigger.cpp:224]: PostValidate of trigger 'is_unification_candidate' returned false at common/ai_strategies/02_diplomatic_strategies.txt:3421
[09:18:57][jomini_script_system.cpp:247]: Script system error!
  Error: is_supporting_unification_candidate trigger [ country_formation: Not found in database class CCountryFormationDatabase ]
  Script location: common/ai_strategies/02_diplomatic_strategies.txt:3423

[09:18:57][jomini_script_system.cpp:247]: Script system error!
  Error: is_supporting_unification_candidate trigger [ Invalid diplomatic action type! ]
  Script location: common/ai_strategies/02_diplomatic_strategies.txt:3423

[09:18:57][jomini_trigger.cpp:224]: PostValidate of trigger 'is_supporting_unification_candidate' returned false at common/ai_strategies/02_diplomatic_strategies.txt:3423
[09:18:57][jomini_script_system.cpp:247]: Script system error!
  Error: is_unification_candidate trigger [ Invalid country formation ]
  Script location: common/ai_strategies/02_diplomatic_strategies.txt:3440

[09:18:57][jomini_trigger.cpp:224]: PostValidate of trigger 'is_unification_candidate' returned false at common/ai_strategies/02_diplomatic_strategies.txt:3440
[09:18:57][jomini_script_system.cpp:247]: Script system error!
  Error: can_form_nation trigger [ Invalid database object 'YUG' ]
  Script location: common/ai_strategies/02_diplomatic_strategies.txt:3444

[09:18:57][jomini_trigger.cpp:224]: PostValidate of trigger 'can_form_nation' returned false at common/ai_strategies/02_diplomatic_strategies.txt:3444
[09:18:57][jomini_script_system.cpp:247]: Script system error!
  Error: can_form_nation trigger [ Invalid database object 'ETH' ]
  Script location: common/diplomatic_plays/00_diplomatic_plays.txt:1071

[09:18:57][jomini_trigger.cpp:224]: PostValidate of trigger 'can_form_nation' returned false at common/diplomatic_plays/00_diplomatic_plays.txt:1071
[09:18:57][jomini_script_system.cpp:247]: Script system error!
  Error: can_form_nation trigger [ Invalid database object 'ARA' ]
  Script location: common/diplomatic_plays/00_diplomatic_plays.txt:1131

[09:18:57][jomini_trigger.cpp:224]: PostValidate of trigger 'can_form_nation' returned false at common/diplomatic_plays/00_diplomatic_plays.txt:1131
[09:18:57][jomini_script_system.cpp:247]: Script system error!
  Error: can_form_nation trigger [ Invalid database object 'ARA' ]
  Script location: common/diplomatic_plays/00_diplomatic_plays.txt:1139

[09:18:57][jomini_trigger.cpp:224]: PostValidate of trigger 'can_form_nation' returned false at common/diplomatic_plays/00_diplomatic_plays.txt:1139
[09:18:57][jomini_script_system.cpp:247]: Script system error!
  Error: can_form_nation trigger [ Invalid database object 'ARA' ]
  Script location: common/diplomatic_plays/00_diplomatic_plays.txt:1146

[09:18:57][jomini_trigger.cpp:224]: PostValidate of trigger 'can_form_nation' returned false at common/diplomatic_plays/00_diplomatic_plays.txt:1146
[09:18:57][jomini_script_system.cpp:247]: Script system error!
  Error: can_form_nation trigger [ Invalid database object 'BHT' ]
  Script location: common/diplomatic_plays/00_diplomatic_plays.txt:1165

[09:18:57][jomini_trigger.cpp:224]: PostValidate of trigger 'can_form_nation' returned false at common/diplomatic_plays/00_diplomatic_plays.txt:1165
[09:18:57][jomini_script_system.cpp:247]: Script system error!
  Error: can_form_nation trigger [ Invalid database object 'BHT' ]
  Script location: common/diplomatic_plays/00_diplomatic_plays.txt:1177

[09:18:57][jomini_trigger.cpp:224]: PostValidate of trigger 'can_form_nation' returned false at common/diplomatic_plays/00_diplomatic_plays.txt:1177
[09:18:57][jomini_script_system.cpp:247]: Script system error!
  Error: can_form_nation trigger [ Invalid database object 'BHT' ]
  Script location: common/diplomatic_plays/00_diplomatic_plays.txt:1187

[09:18:57][jomini_trigger.cpp:224]: PostValidate of trigger 'can_form_nation' returned false at common/diplomatic_plays/00_diplomatic_plays.txt:1187
[09:18:57][jomini_script_system.cpp:247]: Script system error!
  Error: can_form_nation trigger [ Invalid database object 'IDN' ]
  Script location: common/diplomatic_plays/00_diplomatic_plays.txt:1213

[09:18:57][jomini_trigger.cpp:224]: PostValidate of trigger 'can_form_nation' returned false at common/diplomatic_plays/00_diplomatic_plays.txt:1213
[09:18:57][jomini_script_system.cpp:247]: Script system error!
  Error: can_form_nation trigger [ Invalid database object 'IDN' ]
  Script location: common/diplomatic_plays/00_diplomatic_plays.txt:1223

[09:18:57][jomini_trigger.cpp:224]: PostValidate of trigger 'can_form_nation' returned false at common/diplomatic_plays/00_diplomatic_plays.txt:1223
[09:18:57][jomini_script_system.cpp:247]: Script system error!
  Error: can_form_nation trigger [ Invalid database object 'IDN' ]
  Script location: common/diplomatic_plays/00_diplomatic_plays.txt:1230

[09:18:57][jomini_trigger.cpp:224]: PostValidate of trigger 'can_form_nation' returned false at common/diplomatic_plays/00_diplomatic_plays.txt:1230
[09:18:57][jomini_script_system.cpp:247]: Script system error!
  Error: can_form_nation trigger [ Invalid database object 'FND' ]
  Script location: common/diplomatic_plays/00_diplomatic_plays.txt:1261

[09:18:57][jomini_trigger.cpp:224]: PostValidate of trigger 'can_form_nation' returned false at common/diplomatic_plays/00_diplomatic_plays.txt:1261
[09:18:57][map.cpp:227]: Province is missing default terrain! ProvRef: x0899EA
[09:18:57][map.cpp:227]: Province is missing default terrain! ProvRef: xF13DF9
[09:18:57][map.cpp:227]: Province is missing default terrain! ProvRef: x568FEC
[09:18:57][state_region_template.cpp:1597]: State Region STATE_NSM_077 (346) is coastal but is missing a port hub
[09:18:57][state_region_template.cpp:1597]: State Region STATE_NSM_624 (347) is coastal but is missing a port hub
[09:18:57][state_region_template.cpp:1597]: State Region STATE_NSM_625 (348) is coastal but is missing a port hub
[09:18:57][state_region_template.cpp:1597]: State Region STATE_NSM_626 (349) is coastal but is missing a port hub
[09:18:57][state_region_template.cpp:1597]: State Region STATE_NSM_320 (376) is coastal but is missing a port hub
[09:18:57][state_region_template.cpp:1597]: State Region STATE_NSM_458 (384) is coastal but is missing a port hub
[09:18:57][state_region_template.cpp:1636]: No Port / Treaty Port province designated for coastal State Region: STATE_NSM_077
[09:18:57][state_region_template.cpp:1636]: No Port / Treaty Port province designated for coastal State Region: STATE_NSM_624
[09:18:57][state_region_template.cpp:1636]: No Port / Treaty Port province designated for coastal State Region: STATE_NSM_625
[09:18:57][state_region_template.cpp:1636]: No Port / Treaty Port province designated for coastal State Region: STATE_NSM_626
[09:18:57][state_region_template.cpp:1636]: No Port / Treaty Port province designated for coastal State Region: STATE_NSM_320
[09:18:57][state_region_template.cpp:1636]: No Port / Treaty Port province designated for coastal State Region: STATE_NSM_458
[09:18:58][state_region_template.cpp:1753]: If the state region is considered coastal land, it should always have an exit region! State Region: STATE_NSM_077
[09:18:58][state_region_template.cpp:1753]: If the state region is considered coastal land, it should always have an exit region! State Region: STATE_NSM_624
[09:18:58][state_region_template.cpp:1753]: If the state region is considered coastal land, it should always have an exit region! State Region: STATE_NSM_625
[09:18:58][state_region_template.cpp:1753]: If the state region is considered coastal land, it should always have an exit region! State Region: STATE_NSM_626
[09:18:58][state_region_template.cpp:1753]: If the state region is considered coastal land, it should always have an exit region! State Region: STATE_NSM_320
[09:18:58][state_region_template.cpp:1753]: If the state region is considered coastal land, it should always have an exit region! State Region: STATE_NSM_458
[09:18:58][state_region_template.cpp:1988]: State Region STATE_NSM_401, hub city is located at province xDC5138 which is located in state region STATE_NSM_525
[09:18:58][state_region_template.cpp:1988]: State Region STATE_NSM_401, hub port is located at province xDC5138 which is located in state region STATE_NSM_525
[09:18:58][strategicregions.cpp:377]: Strategic region is missing provinces for a capital! Strategic Region: region_north_china
[09:18:58][strategicregions.cpp:377]: Strategic region is missing provinces for a capital! Strategic Region: region_south_china
[09:18:58][strategicregions.cpp:377]: Strategic region is missing provinces for a capital! Strategic Region: region_oceania
[09:18:58][strategicregions.cpp:377]: Strategic region is missing provinces for a capital! Strategic Region: region_arabia
[09:18:58][strategicregions.cpp:377]: Strategic region is missing provinces for a capital! Strategic Region: region_balkans
[09:18:58][strategicregions.cpp:377]: Strategic region is missing provinces for a capital! Strategic Region: region_brazil
[09:18:58][strategicregions.cpp:377]: Strategic region is missing provinces for a capital! Strategic Region: region_central_asia
[09:18:58][strategicregions.cpp:377]: Strategic region is missing provinces for a capital! Strategic Region: region_central_europe
[09:18:58][strategicregions.cpp:377]: Strategic region is missing provinces for a capital! Strategic Region: region_east_africa
[09:18:58][strategicregions.cpp:377]: Strategic region is missing provinces for a capital! Strategic Region: region_equatorial_africa
[09:18:58][strategicregions.cpp:377]: Strategic region is missing provinces for a capital! Strategic Region: region_great_plains
[09:18:58][strategicregions.cpp:377]: Strategic region is missing provinces for a capital! Strategic Region: region_greater_persia
[09:18:58][strategicregions.cpp:377]: Strategic region is missing provinces for a capital! Strategic Region: region_gulf_of_finland
[09:18:58][strategicregions.cpp:377]: Strategic region is missing provinces for a capital! Strategic Region: region_himalayas
[09:18:58][strategicregions.cpp:377]: Strategic region is missing provinces for a capital! Strategic Region: region_indonesia
[09:18:58][strategicregions.cpp:377]: Strategic region is missing provinces for a capital! Strategic Region: region_near_east
[09:18:58][strategicregions.cpp:377]: Strategic region is missing provinces for a capital! Strategic Region: region_nile_basin
[09:18:58][strategicregions.cpp:377]: Strategic region is missing provinces for a capital! Strategic Region: region_north_africa
[09:18:58][strategicregions.cpp:377]: Strategic region is missing provinces for a capital! Strategic Region: region_north_india
[09:18:58][strategicregions.cpp:377]: Strategic region is missing provinces for a capital! Strategic Region: region_northeast_asia
[09:18:58][strategicregions.cpp:377]: Strategic region is missing provinces for a capital! Strategic Region: region_northern_baltic_sea
[09:18:58][strategicregions.cpp:377]: Strategic region is missing provinces for a capital! Strategic Region: region_pacific_coast
[09:18:58][strategicregions.cpp:377]: Strategic region is missing provinces for a capital! Strategic Region: region_russia
[09:18:58][strategicregions.cpp:377]: Strategic region is missing provinces for a capital! Strategic Region: region_siberia
[09:18:58][strategicregions.cpp:377]: Strategic region is missing provinces for a capital! Strategic Region: region_south_india
[09:18:58][strategicregions.cpp:377]: Strategic region is missing provinces for a capital! Strategic Region: region_southern_africa
[09:18:58][strategicregions.cpp:377]: Strategic region is missing provinces for a capital! Strategic Region: region_southern_baltic_sea
[09:18:58][strategicregions.cpp:377]: Strategic region is missing provinces for a capital! Strategic Region: region_southern_europe
[09:18:58][strategicregions.cpp:377]: Strategic region is missing provinces for a capital! Strategic Region: region_west_africa
[09:18:58][strategicregions.cpp:377]: Strategic region is missing provinces for a capital! Strategic Region: region_western_europe
[09:18:58][strategicregions.cpp:377]: Strategic region is missing provinces for a capital! Strategic Region: region_northern_europe
[09:18:58][strategicregions.cpp:377]: Strategic region is missing provinces for a capital! Strategic Region: region_eastern_europe
[09:18:58][strategicregions.cpp:377]: Strategic region is missing provinces for a capital! Strategic Region: region_indochina
[09:18:58][strategicregions.cpp:377]: Strategic region is missing provinces for a capital! Strategic Region: region_canada
[09:18:58][strategicregions.cpp:377]: Strategic region is missing provinces for a capital! Strategic Region: region_atlantic_coast
[09:18:58][strategicregions.cpp:377]: Strategic region is missing provinces for a capital! Strategic Region: region_central_america
[09:18:58][strategicregions.cpp:377]: Strategic region is missing provinces for a capital! Strategic Region: region_andes
[09:18:58][strategicregions.cpp:377]: Strategic region is missing provinces for a capital! Strategic Region: region_la_plata
[09:18:58][strategicregions.cpp:377]: Strategic region is missing provinces for a capital! Strategic Region: region_gran_colombia
[09:18:58][culture_graphics_type.cpp:33]: Culture graphics type french doesn't have any cultures
[09:18:58][travel_node_definition.cpp:239]: Anchor ID 1 is of type land, but in a non-land state region ?
[09:18:58][travel_node_definition.cpp:239]: Anchor ID 2 is of type land, but in a non-land state region ?
[09:18:58][travel_node_definition.cpp:299]: Port node in 'トリリア' is not located on land province which would lead to travel access issues. Consider fixing it in the map editor
[09:18:58][travel_node_definition.cpp:299]: Port node in 'ポツ' is not located on land province which would lead to travel access issues. Consider fixing it in the map editor
[09:18:58][travel_node_definition.cpp:299]: Port node in 'カルダン' is not located on land province which would lead to travel access issues. Consider fixing it in the map editor
[09:18:58][travel_connection_definition.cpp:73]: Strip between locators 1 and 2 has unknown anchor 1
[09:18:58][travel_connection_definition.cpp:73]: Strip between locators 1 and 41700 has unknown anchor 1
[09:18:58][travel_connection_definition.cpp:73]: Strip between locators 1 and 41703 has unknown anchor 1
[09:18:58][travel_connection_definition.cpp:64]: Strip between locators 6402 and 8395008 has anchors of different type (naval/land)
[09:18:58][travel_connection_definition.cpp:64]: Strip between locators 73201 and 8395008 has anchors of different type (naval/land)
[09:18:58][travel_connection_definition.cpp:64]: Strip between locators 7800 and 8396408 has anchors of different type (naval/land)
[09:18:58][travel_connection_definition.cpp:64]: Strip between locators 21503 and 8396408 has anchors of different type (naval/land)
[09:18:58][travel_connection_definition.cpp:64]: Strip between locators 18500 and 8407108 has anchors of different type (naval/land)
[09:18:58][travel_connection_definition.cpp:64]: Strip between locators 18501 and 8407108 has anchors of different type (naval/land)
[09:18:58][travel_connection_definition.cpp:64]: Strip between locators 30003 and 8418608 has anchors of different type (naval/land)
[09:18:58][travel_connection_definition.cpp:64]: Strip between locators 32302 and 8420908 has anchors of different type (naval/land)
[09:18:58][travel_connection_definition.cpp:64]: Strip between locators 42703 and 8431308 has anchors of different type (naval/land)
[09:18:58][travel_connection_definition.cpp:64]: Strip between locators 40303 and 8441508 has anchors of different type (naval/land)
[09:18:58][travel_connection_definition.cpp:64]: Strip between locators 52900 and 8441508 has anchors of different type (naval/land)
[09:18:58][travel_connection_definition.cpp:64]: Strip between locators 52902 and 8441508 has anchors of different type (naval/land)
[09:18:58][travel_connection_definition.cpp:73]: Strip between locators 8450208 and 8446308 has unknown anchor 8450208
[09:18:58][travel_connection_definition.cpp:78]: Strip between locators 8449208 and 8451408 has unknown anchor 8451408
[09:18:58][travel_connection_definition.cpp:78]: Strip between locators 8451208 and 8451408 has unknown anchor 8451408
[09:18:58][travel_connection_definition.cpp:78]: Strip between locators 8396308 and 8451908 has unknown anchor 8451908
[09:18:58][travel_connection_definition.cpp:78]: Strip between locators 8420608 and 8451908 has unknown anchor 8451908
[09:18:58][travel_connection_definition.cpp:78]: Strip between locators 8434408 and 8451908 has unknown anchor 8451908
[09:18:58][travel_connection_definition.cpp:78]: Strip between locators 8451508 and 8451908 has unknown anchor 8451908
[09:18:58][travel_connection_definition.cpp:78]: Strip between locators 8409408 and 8452208 has unknown anchor 8452208
[09:18:58][travel_connection_definition.cpp:78]: Strip between locators 8430308 and 8452208 has unknown anchor 8452208
[09:18:58][travel_connection_definition.cpp:78]: Strip between locators 8449608 and 8452208 has unknown anchor 8452208
[09:18:58][travel_connection_definition.cpp:78]: Strip between locators 8451708 and 8452208 has unknown anchor 8452208
[09:18:58][travel_connection_definition.cpp:78]: Strip between locators 8451808 and 8452208 has unknown anchor 8452208
[09:18:58][travel_connection_definition.cpp:78]: Strip between locators 8434308 and 8452308 has unknown anchor 8452308
[09:18:58][travel_connection_definition.cpp:78]: Strip between locators 8451808 and 8452308 has unknown anchor 8452308
[09:18:58][travel_connection_definition.cpp:78]: Strip between locators 8452108 and 8452308 has unknown anchor 8452308
[09:18:58][travel_connection_definition.cpp:73]: Strip between locators 8452208 and 8452408 has unknown anchor 8452208
[09:18:58][travel_connection_definition.cpp:78]: Strip between locators 8406908 and 8452508 has unknown anchor 8452508
[09:18:58][travel_connection_definition.cpp:78]: Strip between locators 8420308 and 8452508 has unknown anchor 8452508
[09:18:58][travel_connection_definition.cpp:78]: Strip between locators 8425208 and 8452508 has unknown anchor 8452508
[09:18:58][travel_connection_definition.cpp:78]: Strip between locators 8451508 and 8452508 has unknown anchor 8452508
[09:18:58][travel_connection_definition.cpp:73]: Strip between locators 8452208 and 8452508 has unknown anchor 8452208
[09:18:58][travel_connection_definition.cpp:78]: Strip between locators 8452408 and 8452508 has unknown anchor 8452508
[09:18:58][travel_connection_definition.cpp:78]: Strip between locators 8396108 and 8452708 has unknown anchor 8452708
[09:18:58][travel_connection_definition.cpp:78]: Strip between locators 8434008 and 8452708 has unknown anchor 8452708
[09:18:58][travel_connection_definition.cpp:73]: Strip between locators 8452208 and 8452708 has unknown anchor 8452208
[09:18:58][travel_connection_definition.cpp:78]: Strip between locators 8391508 and 8452808 has unknown anchor 8452808
[09:18:58][travel_connection_definition.cpp:78]: Strip between locators 8398308 and 8452808 has unknown anchor 8452808
[09:18:58][travel_connection_definition.cpp:78]: Strip between locators 8441408 and 8452808 has unknown anchor 8452808
[09:18:58][travel_connection_definition.cpp:78]: Strip between locators 8452108 and 8452808 has unknown anchor 8452808
[09:18:58][travel_connection_definition.cpp:78]: Strip between locators 8406808 and 8452908 has unknown anchor 8452908
[09:18:58][travel_connection_definition.cpp:78]: Strip between locators 8424308 and 8452908 has unknown anchor 8452908
[09:18:58][travel_connection_definition.cpp:78]: Strip between locators 8436908 and 8452908 has unknown anchor 8452908
[09:18:58][travel_connection_definition.cpp:73]: Strip between locators 8451408 and 8452908 has unknown anchor 8451408
[09:18:58][travel_connection_definition.cpp:78]: Strip between locators 8452008 and 8452908 has unknown anchor 8452908
[09:18:58][travel_connection_definition.cpp:73]: Strip between locators 8452808 and 8452908 has unknown anchor 8452808
[09:18:58][travel_connection_definition.cpp:73]: Strip between locators 8452208 and 8453008 has unknown anchor 8452208
[09:18:58][travel_connection_definition.cpp:73]: Strip between locators 8452308 and 8453008 has unknown anchor 8452308
[09:18:58][travel_connection_definition.cpp:110]: Harbor node 8390108 in state 中央諸島部3 has no port node to connect to
[09:18:58][travel_connection_definition.cpp:110]: Harbor node 8392408 in state ルーファ has no port node to connect to
[09:18:58][travel_connection_definition.cpp:110]: Harbor node 8393508 in state 西亜60 has no port node to connect to
[09:18:58][travel_connection_definition.cpp:110]: Harbor node 8395308 in state 豪43 has no port node to connect to
[09:18:58][travel_connection_definition.cpp:110]: Harbor node 8401508 in state 西亜1 has no port node to connect to
[09:18:58][travel_connection_definition.cpp:110]: Harbor node 8407508 in state 中央諸島部11 has no port node to connect to
[09:18:58][travel_connection_definition.cpp:110]: Harbor node 8410008 in state 西欧54 has no port node to connect to
[09:18:58][travel_connection_definition.cpp:110]: Harbor node 8416608 in state 北阿70 has no port node to connect to
[09:18:58][travel_connection_definition.cpp:110]: Harbor node 8416808 in state 南レフリア東島 has no port node to connect to
[09:18:58][travel_connection_definition.cpp:110]: Harbor node 8417408 in state 東欧84 has no port node to connect to
[09:18:58][travel_connection_definition.cpp:110]: Harbor node 8422708 in state 西亜40 has no port node to connect to
[09:18:58][travel_connection_definition.cpp:110]: Harbor node 8422908 in state 豪42 has no port node to connect to
[09:18:58][travel_connection_definition.cpp:110]: Harbor node 8425808 in state 中央諸島部17 has no port node to connect to
[09:18:58][travel_connection_definition.cpp:110]: Harbor node 8428308 in state 西欧10 has no port node to connect to
[09:18:58][travel_connection_definition.cpp:110]: Harbor node 8430508 in state 西欧41 has no port node to connect to
[09:18:58][travel_connection_definition.cpp:110]: Harbor node 8432908 in state 中央諸島部12 has no port node to connect to
[09:18:58][travel_connection_definition.cpp:128]: Port node 5903 in state 北米34 has no harbor node to connect to
[09:18:58][travel_connection_definition.cpp:128]: Port node 62203 in state レフリア湾岸 has no harbor node to connect to
[09:18:58][travel_connection_definition.cpp:128]: Port node 83503 in state アトランティカ北東部 has no harbor node to connect to
[09:18:58][travel_connection_definition.cpp:128]: Port node 83603 in state アトランティカ東部 has no harbor node to connect to
[09:18:58][travel_connection_definition.cpp:252]: State region STATE_NSM_320 contains 6 nodes, but none of the nodes are connected to another state region
[09:18:58][travel_connection_definition.cpp:252]: State region STATE_NSM_458 contains 6 nodes, but none of the nodes are connected to another state region
[09:18:58][travel_connection_definition.cpp:252]: State region STATE_NSM_417 contains 3 nodes, but none of the nodes are connected to another state region
[09:18:58][travel_connection_definition.cpp:252]: State region STATE_NSM_493 contains 3 nodes, but none of the nodes are connected to another state region
[09:18:58][travel_connection_definition.cpp:252]: State region STATE_NSM_520 contains 6 nodes, but none of the nodes are connected to another state region
[09:18:58][travel_connection_definition.cpp:252]: State region STATE_NSM_SEA_010 contains 1 nodes, but none of the nodes are connected to another state region
[09:18:58][travel_node_definition.cpp:477]: Harbor travel node 'STATE_NSM_015_harbor' is not connected to a port travel node
[09:18:58][travel_node_definition.cpp:477]: Harbor travel node 'STATE_NSM_038_harbor' is not connected to a port travel node
[09:18:58][travel_node_definition.cpp:477]: Harbor travel node 'STATE_NSM_049_harbor' is not connected to a port travel node
[09:18:58][travel_node_definition.cpp:477]: Harbor travel node 'STATE_NSM_067_harbor' is not connected to a port travel node
[09:18:58][travel_node_definition.cpp:477]: Harbor travel node 'STATE_NSM_129_harbor' is not connected to a port travel node
[09:18:58][travel_node_definition.cpp:477]: Harbor travel node 'STATE_NSM_189_harbor' is not connected to a port travel node
[09:18:58][travel_node_definition.cpp:477]: Harbor travel node 'STATE_NSM_214_harbor' is not connected to a port travel node
[09:18:58][travel_node_definition.cpp:477]: Harbor travel node 'STATE_NSM_280_harbor' is not connected to a port travel node
[09:18:58][travel_node_definition.cpp:477]: Harbor travel node 'STATE_NSM_282_harbor' is not connected to a port travel node
[09:18:58][travel_node_definition.cpp:477]: Harbor travel node 'STATE_NSM_288_harbor' is not connected to a port travel node
[09:18:58][travel_node_definition.cpp:477]: Harbor travel node 'STATE_NSM_341_harbor' is not connected to a port travel node
[09:18:58][travel_node_definition.cpp:477]: Harbor travel node 'STATE_NSM_343_harbor' is not connected to a port travel node
[09:18:58][travel_node_definition.cpp:477]: Harbor travel node 'STATE_NSM_372_harbor' is not connected to a port travel node
[09:18:58][travel_node_definition.cpp:477]: Harbor travel node 'STATE_NSM_397_harbor' is not connected to a port travel node
[09:18:58][travel_node_definition.cpp:477]: Harbor travel node 'STATE_NSM_419_harbor' is not connected to a port travel node
[09:18:58][travel_node_definition.cpp:477]: Harbor travel node 'STATE_NSM_443_harbor' is not connected to a port travel node
[09:18:58][travel_connection_definition.cpp:398]: Cannot connect state adjacency connection, no connection node found in state .
[09:18:58][travel_connection_definition.cpp:398]: Cannot connect state adjacency connection, no connection node found in state .
[09:18:58][travel_connection_definition.cpp:398]: Cannot connect state adjacency connection, no connection node found in state .
[09:18:58][eventtargetlinks.cpp:137]: Invalid database object key 'company_william_sandford' file location: common/character_templates/country_ast.txt:451
[09:18:58][eventtargetlinks.cpp:137]: Invalid database object key 'company_john_cockerill' file location: common/character_templates/country_bel.txt:193
[09:18:58][eventtargetlinks.cpp:137]: Invalid database object key 'company_ap_moller' file location: common/character_templates/country_den.txt:250
[09:18:58][eventtargetlinks.cpp:137]: Invalid database object key 'company_chr_hansens' file location: common/character_templates/country_den.txt:278
[09:18:58][eventtargetlinks.cpp:137]: Invalid database object key 'company_misr' file location: common/character_templates/country_egy.txt:215
[09:18:58][eventtargetlinks.cpp:137]: Invalid database object key 'company_manfred_weiss' file location: common/character_templates/country_hun.txt:200
[09:18:58][eventtargetlinks.cpp:137]: Invalid database object key 'company_fiat' file location: common/character_templates/country_ita.txt:555
[09:18:58][eventtargetlinks.cpp:137]: Invalid database object key 'company_ansaldo' file location: common/character_templates/country_ita.txt:583
[09:18:58][eventtargetlinks.cpp:137]: Invalid database object key 'company_aker_mek' file location: common/character_templates/country_nor.txt:24
[09:18:58][eventtargetlinks.cpp:137]: Invalid database object key 'company_norsk_hydro' file location: common/character_templates/country_nor.txt:53
[09:18:58][eventtargetlinks.cpp:137]: Invalid database object key 'company_krupp' file location: common/character_templates/country_pru.txt:207
[09:18:58][eventtargetlinks.cpp:137]: Invalid database object key 'company_siemens_and_halske' file location: common/character_templates/country_pru.txt:235
[09:18:58][eventtargetlinks.cpp:4498]: Failed to find country! Country: ORA, File Location: common/character_templates/country_saf.txt:73
[09:18:58][eventtargetlinks.cpp:4498]: Failed to find country! Country: ORA, File Location: common/character_templates/country_saf.txt:121
[09:18:58][eventtargetlinks.cpp:4498]: Failed to find country! Country: TRN, File Location: common/character_templates/country_saf.txt:122
[09:18:58][eventtargetlinks.cpp:4498]: Failed to find country! Country: TRN, File Location: common/character_templates/country_saf.txt:209
[09:18:58][eventtargetlinks.cpp:4498]: Failed to find country! Country: ORA, File Location: common/character_templates/country_saf.txt:218
[09:18:58][eventtargetlinks.cpp:4498]: Failed to find country! Country: TRN, File Location: common/character_templates/country_saf.txt:248
[09:18:58][eventtargetlinks.cpp:4498]: Failed to find country! Country: ORA, File Location: common/character_templates/country_saf.txt:257
[09:18:58][eventtargetlinks.cpp:4498]: Failed to find country! Country: TRN, File Location: common/character_templates/country_saf.txt:296
[09:18:58][eventtargetlinks.cpp:4498]: Failed to find country! Country: TRN, File Location: common/character_templates/country_saf.txt:335
[09:18:58][eventtargetlinks.cpp:4498]: Failed to find country! Country: TRN, File Location: common/character_templates/country_saf.txt:336
[09:18:58][eventtargetlinks.cpp:4498]: Failed to find country! Country: TRN, File Location: common/character_templates/country_saf.txt:379
[09:18:58][eventtargetlinks.cpp:4498]: Failed to find country! Country: TRN, File Location: common/character_templates/country_saf.txt:424
[09:18:58][eventtargetlinks.cpp:4498]: Failed to find country! Country: TRN, File Location: common/character_templates/country_saf.txt:462
[09:18:58][eventtargetlinks.cpp:137]: Invalid database object key 'company_de_beers' file location: common/character_templates/country_saf.txt:723
[09:18:58][eventtargetlinks.cpp:4498]: Failed to find country! Country: TRS, File Location: common/character_templates/country_trs.txt:81
[09:18:58][eventtargetlinks.cpp:4498]: Failed to find country! Country: TRS, File Location: common/character_templates/country_trs.txt:112
[09:18:58][eventtargetlinks.cpp:4498]: Failed to find country! Country: TRS, File Location: common/character_templates/country_trs.txt:134
[09:18:58][eventtargetlinks.cpp:4498]: Failed to find country! Country: TRS, File Location: common/character_templates/country_trs.txt:177
[09:18:58][eventtargetlinks.cpp:4498]: Failed to find country! Country: TRS, File Location: common/character_templates/country_trs.txt:179
[09:18:58][eventtargetlinks.cpp:137]: Invalid database object key 'company_general_electric' file location: common/character_templates/country_usa.txt:376
[09:18:58][eventtargetlinks.cpp:137]: Invalid database object key 'company_general_electric' file location: common/character_templates/country_usa.txt:386
[09:18:58][eventtargetlinks.cpp:137]: Invalid database object key 'company_ford_motor' file location: common/character_templates/country_usa.txt:563
[09:18:58][eventtargetlinks.cpp:137]: Invalid database object key 'company_ford_motor' file location: common/character_templates/country_usa.txt:599
[09:18:58][eventtargetlinks.cpp:137]: Invalid database object key 'company_william_cramp' file location: common/character_templates/country_usa.txt:1177
[09:18:58][eventtargetlinks.cpp:137]: Invalid database object key 'company_standard_oil' file location: common/character_templates/country_usa.txt:1209
[09:18:58][eventtargetlinks.cpp:137]: Invalid database object key 'company_us_steel' file location: common/character_templates/country_usa.txt:1241
[09:18:58][eventtargetlinks.cpp:137]: Invalid database object key 'company_colt_firearms' file location: common/character_templates/country_usa.txt:1273
[09:18:58][eventtargetlinks.cpp:137]: Invalid database object key 'company_lee_wilson' file location: common/character_templates/country_usa.txt:1305
[09:18:58][eventtargetlinks.cpp:4498]: Failed to find country! Country: ZUL, File Location: common/character_templates/country_zul.txt:135
[09:18:58][eventtargetlinks.cpp:4498]: Failed to find country! Country: ASA, File Location: common/character_templates/historical_agitators.txt:220
[09:18:58][eventtargetlinks.cpp:4498]: Failed to find country! Country: OCC, File Location: common/character_templates/historical_agitators.txt:839
[09:18:58][eventtargetlinks.cpp:4498]: Failed to find country! Country: AGJ, File Location: common/character_templates/historical_agitators.txt:987
[09:18:58][eventtargetlinks.cpp:4498]: Failed to find country! Country: SAX, File Location: common/character_templates/historical_agitators.txt:1024
[09:18:58][eventtargetlinks.cpp:4498]: Failed to find country! Country: CAT, File Location: common/character_templates/historical_agitators.txt:1064
[09:18:58][eventtargetlinks.cpp:4498]: Failed to find country! Country: ASA, File Location: common/character_templates/historical_agitators.txt:1215
[09:18:58][eventtargetlinks.cpp:4498]: Failed to find country! Country: MAS, File Location: common/character_templates/historical_commanders_africa.txt:27
[09:18:58][eventtargetlinks.cpp:4498]: Failed to find country! Country: MAS, File Location: common/character_templates/historical_commanders_africa.txt:28
[09:18:58][eventtargetlinks.cpp:4498]: Failed to find country! Country: MAS, File Location: common/character_templates/historical_commanders_africa.txt:101
[09:18:58][eventtargetlinks.cpp:4498]: Failed to find country! Country: MAS, File Location: common/character_templates/historical_commanders_africa.txt:102
[09:18:58][eventtargetlinks.cpp:4498]: Failed to find country! Country: JHN, File Location: common/character_templates/historical_commanders_asia.txt:137
[09:18:58][eventtargetlinks.cpp:4498]: Failed to find country! Country: JHN, File Location: common/character_templates/historical_commanders_asia.txt:138
[09:18:58][eventtargetlinks.cpp:4498]: Failed to find country! Country: JHN, File Location: common/character_templates/historical_commanders_asia.txt:142
[09:18:58][eventtargetlinks.cpp:4498]: Failed to find country! Country: SAR, File Location: common/character_templates/historical_commanders_europe.txt:957
[09:18:58][eventtargetlinks.cpp:4498]: Failed to find country! Country: SAR, File Location: common/character_templates/historical_commanders_europe.txt:958
[09:18:58][eventtargetlinks.cpp:4498]: Failed to find country! Country: SAR, File Location: common/character_templates/historical_commanders_europe.txt:961
[09:18:58][eventtargetlinks.cpp:4498]: Failed to find country! Country: SAR, File Location: common/character_templates/historical_commanders_europe.txt:992
[09:18:58][eventtargetlinks.cpp:4498]: Failed to find country! Country: SAR, File Location: common/character_templates/historical_commanders_europe.txt:993
[09:18:58][eventtargetlinks.cpp:4498]: Failed to find country! Country: SAR, File Location: common/character_templates/historical_commanders_europe.txt:996
[09:18:58][eventtargetlinks.cpp:4498]: Failed to find country! Country: SAR, File Location: common/character_templates/historical_commanders_europe.txt:1029
[09:18:58][eventtargetlinks.cpp:4498]: Failed to find country! Country: SAR, File Location: common/character_templates/historical_commanders_europe.txt:1030
[09:18:58][eventtargetlinks.cpp:4498]: Failed to find country! Country: SAR, File Location: common/character_templates/historical_commanders_europe.txt:1033
[09:18:58][eventtargetlinks.cpp:4498]: Failed to find country! Country: SAR, File Location: common/character_templates/historical_commanders_europe.txt:1065
[09:18:58][eventtargetlinks.cpp:4498]: Failed to find country! Country: SAR, File Location: common/character_templates/historical_commanders_europe.txt:1066
[09:18:58][eventtargetlinks.cpp:4498]: Failed to find country! Country: SAR, File Location: common/character_templates/historical_commanders_europe.txt:1069
[09:18:58][eventtargetlinks.cpp:4498]: Failed to find country! Country: SAR, File Location: common/character_templates/historical_commanders_europe.txt:1102
[09:18:58][eventtargetlinks.cpp:4498]: Failed to find country! Country: SAR, File Location: common/character_templates/historical_commanders_europe.txt:1103
[09:18:58][eventtargetlinks.cpp:4498]: Failed to find country! Country: SAR, File Location: common/character_templates/historical_commanders_europe.txt:1106
[09:18:58][eventtargetlinks.cpp:4498]: Failed to find country! Country: SAR, File Location: common/character_templates/historical_commanders_europe.txt:1137
[09:18:58][eventtargetlinks.cpp:4498]: Failed to find country! Country: SAR, File Location: common/character_templates/historical_commanders_europe.txt:1138
[09:18:58][eventtargetlinks.cpp:4498]: Failed to find country! Country: SAR, File Location: common/character_templates/historical_commanders_europe.txt:1141
[09:18:58][eventtargetlinks.cpp:4498]: Failed to find country! Country: SAX, File Location: common/character_templates/historical_commanders_europe.txt:1175
[09:18:58][eventtargetlinks.cpp:4498]: Failed to find country! Country: SAX, File Location: common/character_templates/historical_commanders_europe.txt:1176
[09:18:58][eventtargetlinks.cpp:4498]: Failed to find country! Country: SAX, File Location: common/character_templates/historical_commanders_europe.txt:1179
[09:18:58][eventtargetlinks.cpp:137]: Invalid database object key 'company_ingolstadt_electrical_company' file location: common/character_templates/spooky_templates.txt:86
[09:18:58][eventtargetlinks.cpp:5457]: Failed to scope to goods by key 'water'
[09:18:58][eventtargetlinks.cpp:5457]: Failed to scope to goods by key 'space_assets'
[09:18:58][eventtargetlinks.cpp:137]: Invalid database object key 'company_yasuda' file location: common/company_charter_types/00_company_charter_types.txt:218
[09:18:58][eventtargetlinks.cpp:137]: Invalid database object key 'company_mitsubishi' file location: common/company_charter_types/00_company_charter_types.txt:216
[09:18:58][eventtargetlinks.cpp:137]: Invalid database object key 'company_sumitomo' file location: common/company_charter_types/00_company_charter_types.txt:217
[09:18:58][eventtargetlinks.cpp:137]: Invalid database object key 'company_yasuda' file location: common/company_charter_types/00_company_charter_types.txt:234
[09:18:58][eventtargetlinks.cpp:137]: Invalid database object key 'company_sumitomo' file location: common/company_charter_types/00_company_charter_types.txt:233
[09:18:58][eventtargetlinks.cpp:137]: Invalid database object key 'company_mitsubishi' file location: common/company_charter_types/00_company_charter_types.txt:232
[09:18:58][eventtargetlinks.cpp:137]: Invalid database object key 'company_mitsui' file location: common/company_charter_types/00_company_charter_types.txt:231
[09:18:58][eventtargetlinks.cpp:137]: Invalid database object key 'company_mitsui' file location: common/company_charter_types/00_company_charter_types.txt:94
[09:18:58][eventtargetlinks.cpp:137]: Invalid database object key 'company_mitsubishi' file location: common/company_charter_types/00_company_charter_types.txt:95
[09:18:58][eventtargetlinks.cpp:137]: Invalid database object key 'company_sumitomo' file location: common/company_charter_types/00_company_charter_types.txt:96
[09:18:58][eventtargetlinks.cpp:137]: Invalid database object key 'company_yasuda' file location: common/company_charter_types/00_company_charter_types.txt:97
[09:18:58][eventtargetlinks.cpp:137]: Invalid database object key 'company_mitsui' file location: common/company_charter_types/00_company_charter_types.txt:110
[09:18:58][eventtargetlinks.cpp:137]: Invalid database object key 'company_mitsubishi' file location: common/company_charter_types/00_company_charter_types.txt:111
[09:18:58][eventtargetlinks.cpp:137]: Invalid database object key 'company_sumitomo' file location: common/company_charter_types/00_company_charter_types.txt:112
[09:18:58][eventtargetlinks.cpp:137]: Invalid database object key 'company_yasuda' file location: common/company_charter_types/00_company_charter_types.txt:113
[09:18:58][eventtargetlinks.cpp:137]: Invalid database object key 'company_mitsui' file location: common/company_charter_types/00_company_charter_types.txt:153
[09:18:58][eventtargetlinks.cpp:137]: Invalid database object key 'company_mitsubishi' file location: common/company_charter_types/00_company_charter_types.txt:154
[09:18:58][eventtargetlinks.cpp:137]: Invalid database object key 'company_sumitomo' file location: common/company_charter_types/00_company_charter_types.txt:155
[09:18:58][eventtargetlinks.cpp:137]: Invalid database object key 'company_yasuda' file location: common/company_charter_types/00_company_charter_types.txt:156
[09:18:58][eventtargetlinks.cpp:137]: Invalid database object key 'company_mitsui' file location: common/company_charter_types/00_company_charter_types.txt:169
[09:18:58][eventtargetlinks.cpp:137]: Invalid database object key 'company_mitsubishi' file location: common/company_charter_types/00_company_charter_types.txt:170
[09:18:58][eventtargetlinks.cpp:137]: Invalid database object key 'company_sumitomo' file location: common/company_charter_types/00_company_charter_types.txt:171
[09:18:58][eventtargetlinks.cpp:137]: Invalid database object key 'company_yasuda' file location: common/company_charter_types/00_company_charter_types.txt:172
[09:18:58][eventtargetlinks.cpp:137]: Invalid database object key 'company_mitsui' file location: common/company_charter_types/00_company_charter_types.txt:215
[09:18:58][eventtargetlinks.cpp:4498]: Failed to find country! Country: TRS, File Location: common/history/lobbies/00_lobbies.txt:152
[09:18:58][eventtargetlinks.cpp:4498]: Failed to find country! Country: JAB, File Location: common/history/lobbies/00_lobbies.txt:175
[09:18:58][eventtargetlinks.cpp:4498]: Failed to find country! Country: LUC, File Location: common/history/lobbies/00_lobbies.txt:183
[09:18:58][eventtargetlinks.cpp:4498]: Failed to find country! Country: MOD, File Location: common/history/lobbies/00_lobbies.txt:209
[09:18:58][eventtargetlinks.cpp:4498]: Failed to find country! Country: PAR, File Location: common/history/lobbies/00_lobbies.txt:286
[09:18:58][eventtargetlinks.cpp:4498]: Failed to find country! Country: SAR, File Location: common/history/lobbies/00_lobbies.txt:345
[09:18:58][eventtargetlinks.cpp:4498]: Failed to find country! Country: TUS, File Location: common/history/lobbies/00_lobbies.txt:442
[09:18:58][eventtargetlinks.cpp:137]: Invalid database object key 'combat_unit_type_toe_early_marines' file location: common/history/military_formations/00_WestEurope_army.txt:26
[09:18:58][eventtargetlinks.cpp:137]: Invalid database object key 'combat_unit_type_toe_early_marines' file location: common/history/military_formations/00_WestEurope_army.txt:31
[09:18:58][eventtargetlinks.cpp:4498]: Failed to find country! Country: PCO, File Location: common/history/political_movements/00_movements.txt:127
[09:18:58][jomini_eventmanager.cpp:118]: 'german_unification.3' does not have a valid namespace
[09:18:58][jomini_script_system.cpp:247]: Script system error!
  Error: trigger_event effect [ Event not found! EventID: german_unification.3 ]
  Script location: common/character_templates/country_pru.txt:47

[09:18:58][jomini_eventmanager.cpp:118]: 'boxer_rebellion_events.1' does not have a valid namespace
[09:18:58][jomini_script_system.cpp:247]: Script system error!
  Error: trigger_event effect [ Event not found! EventID: boxer_rebellion_events.1 ]
  Script location: common/journal_entries/00_boxer_rebellion.txt:30

[09:18:58][jomini_eventmanager.cpp:118]: 'boxer_rebellion_events.2' does not have a valid namespace
[09:18:58][jomini_script_system.cpp:247]: Script system error!
  Error: trigger_event effect [ Event not found! EventID: boxer_rebellion_events.2 ]
  Script location: common/journal_entries/00_boxer_rebellion.txt:43

[09:18:58][jomini_eventmanager.cpp:118]: 'boxer_rebellion_events.3' does not have a valid namespace
[09:18:58][jomini_script_system.cpp:247]: Script system error!
  Error: trigger_event effect [ Event not found! EventID: boxer_rebellion_events.3 ]
  Script location: common/journal_entries/00_boxer_rebellion.txt:47

[09:18:58][jomini_script_system.cpp:247]: Script system error!
  Error: add_progress effect [ Invalid progress bar: expedition_progress_bar ]
  Script location: common/scripted_effects/00_expedition_effects.txt:712

[09:18:58][jomini_effect.cpp:141]: PostValidate of effect 'add_progress' returned false at common/scripted_effects/00_expedition_effects.txt:712
[09:18:58][jomini_script_system.cpp:247]: Script system error!
  Error: add_progress effect [ Invalid progress bar: expedition_progress_bar ]
  Script location: common/scripted_effects/00_expedition_effects.txt:720

[09:18:58][jomini_effect.cpp:141]: PostValidate of effect 'add_progress' returned false at common/scripted_effects/00_expedition_effects.txt:720
[09:18:58][jomini_script_system.cpp:247]: Script system error!
  Error: add_progress effect [ Invalid progress bar: expedition_progress_bar ]
  Script location: common/scripted_effects/00_expedition_effects.txt:728

[09:18:58][jomini_effect.cpp:141]: PostValidate of effect 'add_progress' returned false at common/scripted_effects/00_expedition_effects.txt:728
[09:18:58][jomini_script_system.cpp:247]: Script system error!
  Error: add_progress effect [ Invalid progress bar: expedition_progress_bar ]
  Script location: common/scripted_effects/00_expedition_effects.txt:736

[09:18:58][jomini_effect.cpp:141]: PostValidate of effect 'add_progress' returned false at common/scripted_effects/00_expedition_effects.txt:736
[09:18:58][jomini_script_system.cpp:247]: Script system error!
  Error: add_progress effect [ Invalid progress bar: expedition_progress_bar ]
  Script location: common/scripted_effects/00_expedition_effects.txt:744

[09:18:58][jomini_effect.cpp:141]: PostValidate of effect 'add_progress' returned false at common/scripted_effects/00_expedition_effects.txt:744
[09:18:58][jomini_script_system.cpp:247]: Script system error!
  Error: add_progress effect [ Invalid progress bar: expedition_progress_bar ]
  Script location: common/scripted_effects/00_expedition_effects.txt:755

[09:18:58][jomini_effect.cpp:141]: PostValidate of effect 'add_progress' returned false at common/scripted_effects/00_expedition_effects.txt:755
[09:18:58][jomini_script_system.cpp:247]: Script system error!
  Error: add_progress effect [ Invalid progress bar: expedition_progress_bar ]
  Script location: common/scripted_effects/00_expedition_effects.txt:763

[09:18:58][jomini_effect.cpp:141]: PostValidate of effect 'add_progress' returned false at common/scripted_effects/00_expedition_effects.txt:763
[09:18:58][jomini_script_system.cpp:247]: Script system error!
  Error: add_progress effect [ Invalid progress bar: expedition_progress_bar ]
  Script location: common/scripted_effects/00_expedition_effects.txt:771

[09:18:58][jomini_effect.cpp:141]: PostValidate of effect 'add_progress' returned false at common/scripted_effects/00_expedition_effects.txt:771
[09:18:58][jomini_script_system.cpp:247]: Script system error!
  Error: add_progress effect [ Invalid progress bar: expedition_progress_bar ]
  Script location: common/scripted_effects/00_expedition_effects.txt:779

[09:18:58][jomini_effect.cpp:141]: PostValidate of effect 'add_progress' returned false at common/scripted_effects/00_expedition_effects.txt:779
[09:18:58][jomini_script_system.cpp:247]: Script system error!
  Error: add_progress effect [ Invalid progress bar: expedition_progress_bar ]
  Script location: common/scripted_effects/00_expedition_effects.txt:787

[09:18:58][jomini_effect.cpp:141]: PostValidate of effect 'add_progress' returned false at common/scripted_effects/00_expedition_effects.txt:787
[09:18:58][jomini_script_system.cpp:247]: Script system error!
  Error: add_progress effect [ Invalid progress bar: expedition_progress_bar ]
  Script location: common/scripted_effects/00_expedition_effects.txt:798

[09:18:58][jomini_effect.cpp:141]: PostValidate of effect 'add_progress' returned false at common/scripted_effects/00_expedition_effects.txt:798
[09:18:58][jomini_script_system.cpp:247]: Script system error!
  Error: add_progress effect [ Invalid progress bar: expedition_progress_bar ]
  Script location: common/scripted_effects/00_expedition_effects.txt:806

[09:18:58][jomini_effect.cpp:141]: PostValidate of effect 'add_progress' returned false at common/scripted_effects/00_expedition_effects.txt:806
[09:18:58][jomini_script_system.cpp:247]: Script system error!
  Error: add_progress effect [ Invalid progress bar: expedition_progress_bar ]
  Script location: common/scripted_effects/00_expedition_effects.txt:814

[09:18:58][jomini_effect.cpp:141]: PostValidate of effect 'add_progress' returned false at common/scripted_effects/00_expedition_effects.txt:814
[09:18:58][jomini_script_system.cpp:247]: Script system error!
  Error: add_progress effect [ Invalid progress bar: expedition_progress_bar ]
  Script location: common/scripted_effects/00_expedition_effects.txt:822

[09:18:58][jomini_effect.cpp:141]: PostValidate of effect 'add_progress' returned false at common/scripted_effects/00_expedition_effects.txt:822
[09:18:58][jomini_script_system.cpp:247]: Script system error!
  Error: add_progress effect [ Invalid progress bar: expedition_progress_bar ]
  Script location: common/scripted_effects/00_expedition_effects.txt:830

[09:18:58][jomini_effect.cpp:141]: PostValidate of effect 'add_progress' returned false at common/scripted_effects/00_expedition_effects.txt:830
[09:18:58][jomini_script_system.cpp:247]: Script system error!
  Error: add_progress effect [ Invalid progress bar: expedition_peril_progress_bar ]
  Script location: common/scripted_effects/00_expedition_effects.txt:451

[09:18:58][jomini_effect.cpp:141]: PostValidate of effect 'add_progress' returned false at common/scripted_effects/00_expedition_effects.txt:451
[09:18:58][jomini_script_system.cpp:247]: Script system error!
  Error: add_progress effect [ Invalid progress bar: expedition_peril_progress_bar ]
  Script location: common/scripted_effects/00_expedition_effects.txt:459

[09:18:58][jomini_effect.cpp:141]: PostValidate of effect 'add_progress' returned false at common/scripted_effects/00_expedition_effects.txt:459
[09:18:58][jomini_script_system.cpp:247]: Script system error!
  Error: add_progress effect [ Invalid progress bar: expedition_peril_progress_bar ]
  Script location: common/scripted_effects/00_expedition_effects.txt:467

[09:18:58][jomini_effect.cpp:141]: PostValidate of effect 'add_progress' returned false at common/scripted_effects/00_expedition_effects.txt:467
[09:18:58][jomini_script_system.cpp:247]: Script system error!
  Error: add_progress effect [ Invalid progress bar: expedition_peril_progress_bar ]
  Script location: common/scripted_effects/00_expedition_effects.txt:475

[09:18:58][jomini_effect.cpp:141]: PostValidate of effect 'add_progress' returned false at common/scripted_effects/00_expedition_effects.txt:475
[09:18:58][jomini_script_system.cpp:247]: Script system error!
  Error: add_progress effect [ Invalid progress bar: expedition_peril_progress_bar ]
  Script location: common/scripted_effects/00_expedition_effects.txt:483

[09:18:58][jomini_effect.cpp:141]: PostValidate of effect 'add_progress' returned false at common/scripted_effects/00_expedition_effects.txt:483
[09:18:58][jomini_script_system.cpp:247]: Script system error!
  Error: add_progress effect [ Invalid progress bar: expedition_peril_progress_bar ]
  Script location: common/scripted_effects/00_expedition_effects.txt:494

[09:18:58][jomini_effect.cpp:141]: PostValidate of effect 'add_progress' returned false at common/scripted_effects/00_expedition_effects.txt:494
[09:18:58][jomini_script_system.cpp:247]: Script system error!
  Error: add_progress effect [ Invalid progress bar: expedition_peril_progress_bar ]
  Script location: common/scripted_effects/00_expedition_effects.txt:502

[09:18:58][jomini_effect.cpp:141]: PostValidate of effect 'add_progress' returned false at common/scripted_effects/00_expedition_effects.txt:502
[09:18:58][jomini_script_system.cpp:247]: Script system error!
  Error: add_progress effect [ Invalid progress bar: expedition_peril_progress_bar ]
  Script location: common/scripted_effects/00_expedition_effects.txt:510

[09:18:58][jomini_effect.cpp:141]: PostValidate of effect 'add_progress' returned false at common/scripted_effects/00_expedition_effects.txt:510
[09:18:58][jomini_script_system.cpp:247]: Script system error!
  Error: add_progress effect [ Invalid progress bar: expedition_peril_progress_bar ]
  Script location: common/scripted_effects/00_expedition_effects.txt:518

[09:18:58][jomini_effect.cpp:141]: PostValidate of effect 'add_progress' returned false at common/scripted_effects/00_expedition_effects.txt:518
[09:18:58][jomini_script_system.cpp:247]: Script system error!
  Error: add_progress effect [ Invalid progress bar: expedition_peril_progress_bar ]
  Script location: common/scripted_effects/00_expedition_effects.txt:526

[09:18:58][jomini_effect.cpp:141]: PostValidate of effect 'add_progress' returned false at common/scripted_effects/00_expedition_effects.txt:526
[09:18:58][jomini_script_system.cpp:247]: Script system error!
  Error: add_progress effect [ Invalid progress bar: expedition_peril_progress_bar ]
  Script location: common/scripted_effects/00_expedition_effects.txt:537

[09:18:58][jomini_effect.cpp:141]: PostValidate of effect 'add_progress' returned false at common/scripted_effects/00_expedition_effects.txt:537
[09:18:58][jomini_script_system.cpp:247]: Script system error!
  Error: add_progress effect [ Invalid progress bar: expedition_peril_progress_bar ]
  Script location: common/scripted_effects/00_expedition_effects.txt:545

[09:18:58][jomini_effect.cpp:141]: PostValidate of effect 'add_progress' returned false at common/scripted_effects/00_expedition_effects.txt:545
[09:18:58][jomini_script_system.cpp:247]: Script system error!
  Error: add_progress effect [ Invalid progress bar: expedition_peril_progress_bar ]
  Script location: common/scripted_effects/00_expedition_effects.txt:553

[09:18:58][jomini_effect.cpp:141]: PostValidate of effect 'add_progress' returned false at common/scripted_effects/00_expedition_effects.txt:553
[09:18:58][jomini_script_system.cpp:247]: Script system error!
  Error: add_progress effect [ Invalid progress bar: expedition_peril_progress_bar ]
  Script location: common/scripted_effects/00_expedition_effects.txt:561

[09:18:58][jomini_effect.cpp:141]: PostValidate of effect 'add_progress' returned false at common/scripted_effects/00_expedition_effects.txt:561
[09:18:58][jomini_script_system.cpp:247]: Script system error!
  Error: add_progress effect [ Invalid progress bar: expedition_peril_progress_bar ]
  Script location: common/scripted_effects/00_expedition_effects.txt:569

[09:18:58][jomini_effect.cpp:141]: PostValidate of effect 'add_progress' returned false at common/scripted_effects/00_expedition_effects.txt:569
[09:18:58][jomini_script_system.cpp:247]: Script system error!
  Error: add_progress effect [ Invalid progress bar: expedition_peril_progress_bar ]
  Script location: common/scripted_effects/00_expedition_effects.txt:581

[09:18:58][jomini_effect.cpp:141]: PostValidate of effect 'add_progress' returned false at common/scripted_effects/00_expedition_effects.txt:581
[09:18:58][jomini_script_system.cpp:247]: Script system error!
  Error: add_progress effect [ Invalid progress bar: expedition_peril_progress_bar ]
  Script location: common/scripted_effects/00_expedition_effects.txt:589

[09:18:58][jomini_effect.cpp:141]: PostValidate of effect 'add_progress' returned false at common/scripted_effects/00_expedition_effects.txt:589
[09:18:58][jomini_script_system.cpp:247]: Script system error!
  Error: add_progress effect [ Invalid progress bar: expedition_peril_progress_bar ]
  Script location: common/scripted_effects/00_expedition_effects.txt:597

[09:18:58][jomini_effect.cpp:141]: PostValidate of effect 'add_progress' returned false at common/scripted_effects/00_expedition_effects.txt:597
[09:18:58][jomini_script_system.cpp:247]: Script system error!
  Error: add_progress effect [ Invalid progress bar: expedition_peril_progress_bar ]
  Script location: common/scripted_effects/00_expedition_effects.txt:605

[09:18:58][jomini_effect.cpp:141]: PostValidate of effect 'add_progress' returned false at common/scripted_effects/00_expedition_effects.txt:605
[09:18:58][jomini_script_system.cpp:247]: Script system error!
  Error: add_progress effect [ Invalid progress bar: expedition_peril_progress_bar ]
  Script location: common/scripted_effects/00_expedition_effects.txt:613

[09:18:58][jomini_effect.cpp:141]: PostValidate of effect 'add_progress' returned false at common/scripted_effects/00_expedition_effects.txt:613
[09:18:58][jomini_script_system.cpp:247]: Script system error!
  Error: add_progress effect [ Invalid progress bar: expedition_peril_progress_bar ]
  Script location: common/scripted_effects/00_expedition_effects.txt:625

[09:18:58][jomini_effect.cpp:141]: PostValidate of effect 'add_progress' returned false at common/scripted_effects/00_expedition_effects.txt:625
[09:18:58][jomini_script_system.cpp:247]: Script system error!
  Error: add_progress effect [ Invalid progress bar: expedition_peril_progress_bar ]
  Script location: common/scripted_effects/00_expedition_effects.txt:633

[09:18:58][jomini_effect.cpp:141]: PostValidate of effect 'add_progress' returned false at common/scripted_effects/00_expedition_effects.txt:633
[09:18:58][jomini_script_system.cpp:247]: Script system error!
  Error: add_progress effect [ Invalid progress bar: expedition_peril_progress_bar ]
  Script location: common/scripted_effects/00_expedition_effects.txt:641

[09:18:58][jomini_effect.cpp:141]: PostValidate of effect 'add_progress' returned false at common/scripted_effects/00_expedition_effects.txt:641
[09:18:58][jomini_script_system.cpp:247]: Script system error!
  Error: add_progress effect [ Invalid progress bar: expedition_peril_progress_bar ]
  Script location: common/scripted_effects/00_expedition_effects.txt:649

[09:18:58][jomini_effect.cpp:141]: PostValidate of effect 'add_progress' returned false at common/scripted_effects/00_expedition_effects.txt:649
[09:18:58][jomini_script_system.cpp:247]: Script system error!
  Error: add_progress effect [ Invalid progress bar: expedition_peril_progress_bar ]
  Script location: common/scripted_effects/00_expedition_effects.txt:657

[09:18:58][jomini_effect.cpp:141]: PostValidate of effect 'add_progress' returned false at common/scripted_effects/00_expedition_effects.txt:657
[09:18:58][jomini_script_system.cpp:247]: Script system error!
  Error: add_progress effect [ Invalid progress bar: expedition_progress_bar ]
  Script location: common/scripted_effects/00_expedition_effects.txt:669

[09:18:58][jomini_effect.cpp:141]: PostValidate of effect 'add_progress' returned false at common/scripted_effects/00_expedition_effects.txt:669
[09:18:58][jomini_script_system.cpp:247]: Script system error!
  Error: add_progress effect [ Invalid progress bar: expedition_progress_bar ]
  Script location: common/scripted_effects/00_expedition_effects.txt:677

[09:18:58][jomini_effect.cpp:141]: PostValidate of effect 'add_progress' returned false at common/scripted_effects/00_expedition_effects.txt:677
[09:18:58][jomini_script_system.cpp:247]: Script system error!
  Error: add_progress effect [ Invalid progress bar: expedition_progress_bar ]
  Script location: common/scripted_effects/00_expedition_effects.txt:685

[09:18:58][jomini_effect.cpp:141]: PostValidate of effect 'add_progress' returned false at common/scripted_effects/00_expedition_effects.txt:685
[09:18:58][jomini_script_system.cpp:247]: Script system error!
  Error: add_progress effect [ Invalid progress bar: expedition_progress_bar ]
  Script location: common/scripted_effects/00_expedition_effects.txt:693

[09:18:58][jomini_effect.cpp:141]: PostValidate of effect 'add_progress' returned false at common/scripted_effects/00_expedition_effects.txt:693
[09:18:58][jomini_script_system.cpp:247]: Script system error!
  Error: add_progress effect [ Invalid progress bar: expedition_progress_bar ]
  Script location: common/scripted_effects/00_expedition_effects.txt:701

[09:18:58][jomini_effect.cpp:141]: PostValidate of effect 'add_progress' returned false at common/scripted_effects/00_expedition_effects.txt:701
[09:18:58][jomini_script_system.cpp:247]: Script system error!
  Error: add_progress effect [ Invalid progress bar: divided_monarchists_bonapartist_progress_bar ]
  Script location: common/scripted_effects/00_victoria_scripted_effects.txt:2554

[09:18:58][jomini_effect.cpp:141]: PostValidate of effect 'add_progress' returned false at common/scripted_effects/00_victoria_scripted_effects.txt:2554
[09:18:58][jomini_script_system.cpp:247]: Script system error!
  Error: add_progress effect [ Invalid progress bar: divided_monarchists_orleanist_progress_bar ]
  Script location: common/scripted_effects/00_victoria_scripted_effects.txt:2565

[09:18:58][jomini_effect.cpp:141]: PostValidate of effect 'add_progress' returned false at common/scripted_effects/00_victoria_scripted_effects.txt:2565
[09:18:58][jomini_script_system.cpp:247]: Script system error!
  Error: add_progress effect [ Invalid progress bar: divided_monarchists_legitimist_progress_bar ]
  Script location: common/scripted_effects/00_victoria_scripted_effects.txt:2576

[09:18:58][jomini_effect.cpp:141]: PostValidate of effect 'add_progress' returned false at common/scripted_effects/00_victoria_scripted_effects.txt:2576
[09:18:58][jomini_script_system.cpp:247]: Script system error!
  Error: add_progress effect [ Invalid progress bar: divided_monarchists_bonapartist_progress_bar ]
  Script location: common/scripted_effects/00_victoria_scripted_effects.txt:2619

[09:18:58][jomini_effect.cpp:141]: PostValidate of effect 'add_progress' returned false at common/scripted_effects/00_victoria_scripted_effects.txt:2619
[09:18:58][jomini_script_system.cpp:247]: Script system error!
  Error: add_progress effect [ Invalid progress bar: divided_monarchists_orleanist_progress_bar ]
  Script location: common/scripted_effects/00_victoria_scripted_effects.txt:2661

[09:18:58][jomini_effect.cpp:141]: PostValidate of effect 'add_progress' returned false at common/scripted_effects/00_victoria_scripted_effects.txt:2661
[09:18:58][jomini_script_system.cpp:247]: Script system error!
  Error: add_progress effect [ Invalid progress bar: divided_monarchists_legitimist_progress_bar ]
  Script location: common/scripted_effects/00_victoria_scripted_effects.txt:2703

[09:18:58][jomini_effect.cpp:141]: PostValidate of effect 'add_progress' returned false at common/scripted_effects/00_victoria_scripted_effects.txt:2703
[09:18:58][jomini_script_system.cpp:247]: Script system error!
  Error: add_progress effect [ Invalid progress bar: divided_monarchists_bonapartist_progress_bar ]
  Script location: common/scripted_effects/00_victoria_scripted_effects.txt:2422

[09:18:58][jomini_effect.cpp:141]: PostValidate of effect 'add_progress' returned false at common/scripted_effects/00_victoria_scripted_effects.txt:2422
[09:18:58][jomini_script_system.cpp:247]: Script system error!
  Error: add_progress effect [ Invalid progress bar: divided_monarchists_orleanist_progress_bar ]
  Script location: common/scripted_effects/00_victoria_scripted_effects.txt:2437

[09:18:58][jomini_effect.cpp:141]: PostValidate of effect 'add_progress' returned false at common/scripted_effects/00_victoria_scripted_effects.txt:2437
[09:18:58][jomini_script_system.cpp:247]: Script system error!
  Error: add_progress effect [ Invalid progress bar: divided_monarchists_legitimist_progress_bar ]
  Script location: common/scripted_effects/00_victoria_scripted_effects.txt:2452

[09:18:58][jomini_effect.cpp:141]: PostValidate of effect 'add_progress' returned false at common/scripted_effects/00_victoria_scripted_effects.txt:2452
[09:18:58][jomini_script_system.cpp:247]: Script system error!
  Error: add_progress effect [ Invalid progress bar: divided_monarchists_bonapartist_progress_bar ]
  Script location: common/scripted_effects/00_victoria_scripted_effects.txt:2471

[09:18:58][jomini_effect.cpp:141]: PostValidate of effect 'add_progress' returned false at common/scripted_effects/00_victoria_scripted_effects.txt:2471
[09:18:58][jomini_script_system.cpp:247]: Script system error!
  Error: add_progress effect [ Invalid progress bar: divided_monarchists_orleanist_progress_bar ]
  Script location: common/scripted_effects/00_victoria_scripted_effects.txt:2486

[09:18:58][jomini_effect.cpp:141]: PostValidate of effect 'add_progress' returned false at common/scripted_effects/00_victoria_scripted_effects.txt:2486
[09:18:58][jomini_script_system.cpp:247]: Script system error!
  Error: add_progress effect [ Invalid progress bar: divided_monarchists_legitimist_progress_bar ]
  Script location: common/scripted_effects/00_victoria_scripted_effects.txt:2501

[09:18:58][jomini_effect.cpp:141]: PostValidate of effect 'add_progress' returned false at common/scripted_effects/00_victoria_scripted_effects.txt:2501
[09:18:58][jomini_script_system.cpp:247]: Script system error!
  Error: add_progress effect [ Invalid progress bar: divided_monarchists_bonapartist_progress_bar ]
  Script location: common/scripted_effects/00_victoria_scripted_effects.txt:2517

[09:18:58][jomini_effect.cpp:141]: PostValidate of effect 'add_progress' returned false at common/scripted_effects/00_victoria_scripted_effects.txt:2517
[09:18:58][jomini_script_system.cpp:247]: Script system error!
  Error: add_progress effect [ Invalid progress bar: divided_monarchists_orleanist_progress_bar ]
  Script location: common/scripted_effects/00_victoria_scripted_effects.txt:2528

[09:18:58][jomini_effect.cpp:141]: PostValidate of effect 'add_progress' returned false at common/scripted_effects/00_victoria_scripted_effects.txt:2528
[09:18:58][jomini_script_system.cpp:247]: Script system error!
  Error: add_progress effect [ Invalid progress bar: divided_monarchists_legitimist_progress_bar ]
  Script location: common/scripted_effects/00_victoria_scripted_effects.txt:2539

[09:18:58][jomini_effect.cpp:141]: PostValidate of effect 'add_progress' returned false at common/scripted_effects/00_victoria_scripted_effects.txt:2539
[09:18:58][jomini_script_system.cpp:247]: Script system error!
  Error: add_progress effect [ Invalid progress bar: je_ip4_coup_progress_bar ]
  Script location: events/agitators_events/coup_events.txt:89

[09:18:58][jomini_effect.cpp:141]: PostValidate of effect 'add_progress' returned false at events/agitators_events/coup_events.txt:89
[09:18:58][jomini_script_system.cpp:247]: Script system error!
  Error: add_progress effect [ Invalid progress bar: je_ip4_coup_progress_bar ]
  Script location: events/agitators_events/coup_events.txt:95

[09:18:58][jomini_effect.cpp:141]: PostValidate of effect 'add_progress' returned false at events/agitators_events/coup_events.txt:95
[09:18:58][jomini_script_system.cpp:247]: Script system error!
  Error: add_progress effect [ Invalid progress bar: je_ip4_coup_progress_bar ]
  Script location: events/agitators_events/coup_events.txt:115

[09:18:58][jomini_effect.cpp:141]: PostValidate of effect 'add_progress' returned false at events/agitators_events/coup_events.txt:115
[09:18:58][jomini_script_system.cpp:247]: Script system error!
  Error: add_progress effect [ Invalid progress bar: je_ip4_coup_progress_bar ]
  Script location: events/agitators_events/coup_events.txt:121

[09:18:58][jomini_effect.cpp:141]: PostValidate of effect 'add_progress' returned false at events/agitators_events/coup_events.txt:121
[09:18:58][jomini_script_system.cpp:247]: Script system error!
  Error: add_progress effect [ Invalid progress bar: je_ip4_coup_progress_bar ]
  Script location: events/agitators_events/coup_events.txt:195

[09:18:58][jomini_effect.cpp:141]: PostValidate of effect 'add_progress' returned false at events/agitators_events/coup_events.txt:195
[09:18:58][jomini_script_system.cpp:247]: Script system error!
  Error: add_progress effect [ Invalid progress bar: je_ip4_coup_progress_bar ]
  Script location: events/agitators_events/coup_events.txt:269

[09:18:58][jomini_effect.cpp:141]: PostValidate of effect 'add_progress' returned false at events/agitators_events/coup_events.txt:269
[09:18:58][jomini_script_system.cpp:247]: Script system error!
  Error: add_progress effect [ Invalid progress bar: je_ip4_coup_progress_bar ]
  Script location: events/agitators_events/coup_events.txt:288

[09:18:58][jomini_effect.cpp:141]: PostValidate of effect 'add_progress' returned false at events/agitators_events/coup_events.txt:288
[09:18:58][jomini_script_system.cpp:247]: Script system error!
  Error: add_progress effect [ Invalid progress bar: je_ip4_coup_progress_bar ]
  Script location: events/agitators_events/coup_events.txt:358

[09:18:58][jomini_effect.cpp:141]: PostValidate of effect 'add_progress' returned false at events/agitators_events/coup_events.txt:358
[09:18:58][jomini_script_system.cpp:247]: Script system error!
  Error: add_progress effect [ Invalid progress bar: je_ip4_coup_progress_bar ]
  Script location: events/agitators_events/coup_events.txt:397

[09:18:58][jomini_effect.cpp:141]: PostValidate of effect 'add_progress' returned false at events/agitators_events/coup_events.txt:397
[09:18:58][jomini_script_system.cpp:247]: Script system error!
  Error: add_progress effect [ Invalid progress bar: je_ip4_coup_progress_bar ]
  Script location: events/agitators_events/coup_events.txt:460

[09:18:58][jomini_effect.cpp:141]: PostValidate of effect 'add_progress' returned false at events/agitators_events/coup_events.txt:460
[09:18:58][jomini_script_system.cpp:247]: Script system error!
  Error: add_progress effect [ Invalid progress bar: je_ip4_coup_progress_bar ]
  Script location: events/agitators_events/coup_events.txt:467

[09:18:58][jomini_effect.cpp:141]: PostValidate of effect 'add_progress' returned false at events/agitators_events/coup_events.txt:467
[09:18:58][jomini_script_system.cpp:247]: Script system error!
  Error: add_progress effect [ Invalid progress bar: je_ip4_coup_progress_bar ]
  Script location: events/agitators_events/coup_events.txt:526

[09:18:58][jomini_effect.cpp:141]: PostValidate of effect 'add_progress' returned false at events/agitators_events/coup_events.txt:526
[09:18:58][jomini_script_system.cpp:247]: Script system error!
  Error: add_progress effect [ Invalid progress bar: je_ip4_coup_progress_bar ]
  Script location: events/agitators_events/coup_events.txt:625

[09:18:58][jomini_effect.cpp:141]: PostValidate of effect 'add_progress' returned false at events/agitators_events/coup_events.txt:625
[09:18:58][jomini_script_system.cpp:247]: Script system error!
  Error: add_progress effect [ Invalid progress bar: je_ip4_coup_progress_bar ]
  Script location: events/agitators_events/coup_events.txt:639

[09:18:58][jomini_effect.cpp:141]: PostValidate of effect 'add_progress' returned false at events/agitators_events/coup_events.txt:639
[09:18:58][jomini_script_system.cpp:247]: Script system error!
  Error: add_progress effect [ Invalid progress bar: je_ip4_coup_progress_bar ]
  Script location: events/agitators_events/coup_events.txt:723

[09:18:58][jomini_effect.cpp:141]: PostValidate of effect 'add_progress' returned false at events/agitators_events/coup_events.txt:723
[09:18:58][jomini_script_system.cpp:247]: Script system error!
  Error: add_progress effect [ Invalid progress bar: je_ip4_coup_progress_bar ]
  Script location: events/agitators_events/coup_events.txt:807

[09:18:58][jomini_effect.cpp:141]: PostValidate of effect 'add_progress' returned false at events/agitators_events/coup_events.txt:807
[09:18:58][jomini_script_system.cpp:247]: Script system error!
  Error: add_progress effect [ Invalid progress bar: je_ip4_coup_progress_bar ]
  Script location: events/agitators_events/coup_events.txt:820

[09:18:58][jomini_effect.cpp:141]: PostValidate of effect 'add_progress' returned false at events/agitators_events/coup_events.txt:820
[09:18:58][jomini_script_system.cpp:247]: Script system error!
  Error: add_progress effect [ Invalid progress bar: je_ip4_coup_progress_bar ]
  Script location: events/agitators_events/coup_events.txt:890

[09:18:58][jomini_effect.cpp:141]: PostValidate of effect 'add_progress' returned false at events/agitators_events/coup_events.txt:890
[09:18:58][jomini_script_system.cpp:247]: Script system error!
  Error: add_progress effect [ Invalid progress bar: positivist_progress_bar ]
  Script location: events/brazil/positivism.txt:173

[09:18:58][jomini_effect.cpp:141]: PostValidate of effect 'add_progress' returned false at events/brazil/positivism.txt:173
[09:18:58][jomini_script_system.cpp:247]: Script system error!
  Error: add_progress effect [ Invalid progress bar: positivist_progress_bar ]
  Script location: events/brazil/positivism.txt:206

[09:18:58][jomini_effect.cpp:141]: PostValidate of effect 'add_progress' returned false at events/brazil/positivism.txt:206
[09:18:58][jomini_script_system.cpp:247]: Script system error!
  Error: add_progress effect [ Invalid progress bar: positivist_progress_bar ]
  Script location: events/brazil/positivism.txt:660

[09:18:58][jomini_effect.cpp:141]: PostValidate of effect 'add_progress' returned false at events/brazil/positivism.txt:660
[09:18:58][jomini_script_system.cpp:247]: Script system error!
  Error: add_progress effect [ Invalid progress bar: positivist_progress_bar ]
  Script location: events/brazil/positivism.txt:677

[09:18:58][jomini_effect.cpp:141]: PostValidate of effect 'add_progress' returned false at events/brazil/positivism.txt:677
[09:18:58][jomini_script_system.cpp:247]: Script system error!
  Error: add_progress effect [ Invalid progress bar: positivist_progress_bar ]
  Script location: events/brazil/positivism.txt:726

[09:18:58][jomini_effect.cpp:141]: PostValidate of effect 'add_progress' returned false at events/brazil/positivism.txt:726
[09:18:58][jomini_script_system.cpp:247]: Script system error!
  Error: add_progress effect [ Invalid progress bar: positivist_progress_bar ]
  Script location: events/brazil/positivism.txt:748

[09:18:58][jomini_effect.cpp:141]: PostValidate of effect 'add_progress' returned false at events/brazil/positivism.txt:748
[09:18:58][jomini_script_system.cpp:247]: Script system error!
  Error: add_progress effect [ Invalid progress bar: positivist_progress_bar ]
  Script location: events/brazil/positivism.txt:784

[09:18:58][jomini_effect.cpp:141]: PostValidate of effect 'add_progress' returned false at events/brazil/positivism.txt:784
[09:18:58][jomini_script_system.cpp:247]: Script system error!
  Error: add_progress effect [ Invalid progress bar: positivist_progress_bar ]
  Script location: events/brazil/positivism.txt:843

[09:18:58][jomini_effect.cpp:141]: PostValidate of effect 'add_progress' returned false at events/brazil/positivism.txt:843
[09:18:58][jomini_script_system.cpp:247]: Script system error!
  Error: add_progress effect [ Invalid progress bar: positivist_progress_bar ]
  Script location: events/brazil/positivism.txt:863

[09:18:58][jomini_effect.cpp:141]: PostValidate of effect 'add_progress' returned false at events/brazil/positivism.txt:863
[09:18:58][jomini_script_system.cpp:247]: Script system error!
  Error: add_progress effect [ Invalid progress bar: positivist_progress_bar ]
  Script location: events/brazil/positivism.txt:938

[09:18:58][jomini_effect.cpp:141]: PostValidate of effect 'add_progress' returned false at events/brazil/positivism.txt:938
[09:18:58][jomini_script_system.cpp:247]: Script system error!
  Error: add_progress effect [ Invalid progress bar: positivist_progress_bar ]
  Script location: events/brazil/positivism.txt:1010

[09:18:58][jomini_effect.cpp:141]: PostValidate of effect 'add_progress' returned false at events/brazil/positivism.txt:1010
[09:18:58][jomini_script_system.cpp:247]: Script system error!
  Error: add_progress effect [ Invalid progress bar: positivist_progress_bar ]
  Script location: events/brazil/positivism.txt:1035

[09:18:58][jomini_effect.cpp:141]: PostValidate of effect 'add_progress' returned false at events/brazil/positivism.txt:1035
[09:18:58][jomini_script_system.cpp:247]: Script system error!
  Error: add_progress effect [ Invalid progress bar: je_ip4_coup_progress_bar ]
  Script location: events/iberia_events/ip4_coup_events.txt:862

[09:18:58][jomini_effect.cpp:141]: PostValidate of effect 'add_progress' returned false at events/iberia_events/ip4_coup_events.txt:862
[09:18:58][jomini_script_system.cpp:247]: Script system error!
  Error: add_progress effect [ Invalid progress bar: earn_recognition_progress_bar ]
  Script location: common/on_actions/00_code_on_actions.txt:6536

[09:18:58][jomini_effect.cpp:141]: PostValidate of effect 'add_progress' returned false at common/on_actions/00_code_on_actions.txt:6536
[09:18:58][jomini_script_system.cpp:247]: Script system error!
  Error: add_progress effect [ Invalid progress bar: earn_recognition_progress_bar ]
  Script location: common/on_actions/00_code_on_actions.txt:6567

[09:18:58][jomini_effect.cpp:141]: PostValidate of effect 'add_progress' returned false at common/on_actions/00_code_on_actions.txt:6567
[09:18:58][jomini_script_system.cpp:247]: Script system error!
  Error: add_progress effect [ Invalid progress bar: austrian_neo_absolutism_constitutional_pressure_progress_bar ]
  Script location: common/on_actions/00_code_on_actions.txt:6614

[09:18:58][jomini_effect.cpp:141]: PostValidate of effect 'add_progress' returned false at common/on_actions/00_code_on_actions.txt:6614
[09:18:58][jomini_script_system.cpp:247]: Script system error!
  Error: add_progress effect [ Invalid progress bar: austrian_neo_absolutism_constitutional_pressure_progress_bar ]
  Script location: common/on_actions/00_code_on_actions.txt:6645

[09:18:58][jomini_effect.cpp:141]: PostValidate of effect 'add_progress' returned false at common/on_actions/00_code_on_actions.txt:6645
[09:18:58][jomini_script_system.cpp:247]: Script system error!
  Error: add_progress effect [ Invalid progress bar: je_the_first_carlist_war_score_bar ]
  Script location: common/on_actions/ip4_on_actions.txt:48

[09:18:58][jomini_effect.cpp:141]: PostValidate of effect 'add_progress' returned false at common/on_actions/ip4_on_actions.txt:48
[09:18:58][jomini_script_system.cpp:247]: Script system error!
  Error: add_progress effect [ Invalid progress bar: je_the_first_carlist_war_score_bar ]
  Script location: common/on_actions/ip4_on_actions.txt:60

[09:18:58][jomini_effect.cpp:141]: PostValidate of effect 'add_progress' returned false at common/on_actions/ip4_on_actions.txt:60
[09:18:58][jomini_script_system.cpp:247]: Script system error!
  Error: add_progress effect [ Invalid progress bar: je_caudillo_progress_bar ]
  Script location: common/scripted_buttons/caudillo_buttons.txt:19

[09:18:58][jomini_effect.cpp:141]: PostValidate of effect 'add_progress' returned false at common/scripted_buttons/caudillo_buttons.txt:19
[09:18:58][jomini_script_system.cpp:247]: Script system error!
  Error: set_bar_progress effect [ Invalid progress bar: bulgaria_military_progress_bar ]
  Script location: common/journal_entries/05_bulgaria_je.txt:46

[09:18:58][jomini_effect.cpp:141]: PostValidate of effect 'set_bar_progress' returned false at common/journal_entries/05_bulgaria_je.txt:46
[09:18:58][jomini_script_system.cpp:247]: Script system error!
  Error: set_bar_progress effect [ Invalid progress bar: montenegrin_raiding_progress_bar ]
  Script location: common/journal_entries/05_montenegro_je.txt:153

[09:18:58][jomini_effect.cpp:141]: PostValidate of effect 'set_bar_progress' returned false at common/journal_entries/05_montenegro_je.txt:153
[09:18:58][jomini_script_system.cpp:247]: Script system error!
  Error: add_progress effect [ Invalid progress bar: divided_monarchists_orleanist_progress_bar ]
  Script location: common/journal_entries/99_toe_paido_national_integration.txt:85

[09:18:58][jomini_effect.cpp:141]: PostValidate of effect 'add_progress' returned false at common/journal_entries/99_toe_paido_national_integration.txt:85
[09:18:58][jomini_script_system.cpp:247]: Script system error!
  Error: add_progress effect [ Invalid progress bar: je_caudillo_progress_bar ]
  Script location: common/character_interactions/00_character_interactions.txt:713

[09:18:58][jomini_effect.cpp:141]: PostValidate of effect 'add_progress' returned false at common/character_interactions/00_character_interactions.txt:713
[09:18:58][jomini_script_system.cpp:247]: Script system error!
  Error: add_progress effect [ Invalid progress bar: je_caudillo_progress_bar ]
  Script location: common/character_interactions/00_character_interactions.txt:723

[09:18:58][jomini_effect.cpp:141]: PostValidate of effect 'add_progress' returned false at common/character_interactions/00_character_interactions.txt:723
[09:18:58][jomini_script_system.cpp:247]: Script system error!
  Error: create_political_movement effect [ type: Not found in database class CPoliticalMovementTypeDatabase ]
  Script location: common/history/political_movements/00_movements.txt:177

[09:18:58][jomini_effect.cpp:141]: PostValidate of effect 'create_political_movement' returned false at common/history/political_movements/00_movements.txt:177
[09:18:58][jomini_effect.cpp:1139]: Variable 'caudillo_kingmaker' is used but is never set. Setting it in an unused scripted trigger or effect does not count
[09:18:58][jomini_effect.cpp:1139]: Variable 'recalled_iwakura_mission' is used but is never set. Setting it in an unused scripted trigger or effect does not count
[09:18:58][jomini_effect.cpp:1139]: Variable 'proposed_status_quo' is used but is never set. Setting it in an unused scripted trigger or effect does not count
[09:18:58][jomini_effect.cpp:1139]: Variable 'fascist_uptick' is used but is never set. Setting it in an unused scripted trigger or effect does not count
[09:18:58][jomini_effect.cpp:1139]: Variable 'AI_EXPEDITION_WAMERICA' is used but is never set. Setting it in an unused scripted trigger or effect does not count
[09:18:58][jomini_effect.cpp:1139]: Variable 'strike_police_crackdown_var' is used but is never set. Setting it in an unused scripted trigger or effect does not count
[09:18:58][jomini_effect.cpp:1139]: Variable 'is_stirner_var' is used but is never set. Setting it in an unused scripted trigger or effect does not count
[09:18:58][jomini_effect.cpp:1139]: Variable 'grunderzeit_happened_global_var' is used but is never set. Setting it in an unused scripted trigger or effect does not count
[09:18:58][jomini_effect.cpp:1139]: Variable 'killing_own_ruler' is used but is never set. Setting it in an unused scripted trigger or effect does not count
[09:18:58][jomini_effect.cpp:1139]: Variable 'cached_daimyo_loyalty' is used but is never set. Setting it in an unused scripted trigger or effect does not count
[09:18:58][jomini_effect.cpp:1139]: Variable 'austria_folded_to_hungary_var' is used but is never set. Setting it in an unused scripted trigger or effect does not count
[09:18:58][jomini_effect.cpp:1139]: Variable 'transleithania_var' is used but is never set. Setting it in an unused scripted trigger or effect does not count
[09:18:58][jomini_effect.cpp:1139]: Variable 'accepted_gran_teatro_project' is used but is never set. Setting it in an unused scripted trigger or effect does not count
[09:18:58][jomini_effect.cpp:1139]: Variable 'upgraded_latifundias_law_var' is used but is never set. Setting it in an unused scripted trigger or effect does not count
[09:18:58][jomini_effect.cpp:1139]: Variable 'lusofonia_1_fired' is used but is never set. Setting it in an unused scripted trigger or effect does not count
[09:18:58][jomini_effect.cpp:1139]: Variable 'KOR_korean_empire_declared' is used but is never set. Setting it in an unused scripted trigger or effect does not count
[09:18:58][jomini_effect.cpp:1139]: Variable 'haiti_friend' is used but is never set. Setting it in an unused scripted trigger or effect does not count
[09:18:58][jomini_effect.cpp:1139]: Variable 'king_searching_var' is used but is never set. Setting it in an unused scripted trigger or effect does not count
[09:18:58][jomini_effect.cpp:1135]: Variable 'achievement_everyone_disliked_that_var' is set but is never used. Note that use in localization doesn't count due to technical limitations. Use in unused scripted triggers and effects also does not count
[09:18:58][jomini_effect.cpp:1139]: Variable 'tibet_expedition_var' is used but is never set. Setting it in an unused scripted trigger or effect does not count
[09:18:58][jomini_effect.cpp:1139]: Variable 'sided_with_korean_gov' is used but is never set. Setting it in an unused scripted trigger or effect does not count
[09:18:58][jomini_effect.cpp:1139]: Variable 'temporary_immortality_var' is used but is never set. Setting it in an unused scripted trigger or effect does not count
[09:18:58][jomini_effect.cpp:1135]: Variable 'indochina_intervention_happened' is set but is never used. Note that use in localization doesn't count due to technical limitations. Use in unused scripted triggers and effects also does not count
[09:18:58][jomini_effect.cpp:1139]: Variable 'caudillo_liberal' is used but is never set. Setting it in an unused scripted trigger or effect does not count
[09:18:58][jomini_effect.cpp:1135]: Variable 'niger_river_explored' is set but is never used. Note that use in localization doesn't count due to technical limitations. Use in unused scripted triggers and effects also does not count
[09:18:58][jomini_effect.cpp:1139]: Variable 'strike_promised_pensions' is used but is never set. Setting it in an unused scripted trigger or effect does not count
[09:18:58][jomini_effect.cpp:1139]: Variable 'ezo_waiting_for_shogun' is used but is never set. Setting it in an unused scripted trigger or effect does not count
[09:18:58][jomini_effect.cpp:1139]: Variable 'mon_are_barbarians' is used but is never set. Setting it in an unused scripted trigger or effect does not count
[09:18:58][jomini_effect.cpp:1135]: Variable 'completed_sikh_sovereignty_je' is set but is never used. Note that use in localization doesn't count due to technical limitations. Use in unused scripted triggers and effects also does not count
[09:18:58][jomini_effect.cpp:1139]: Variable 'accepted_kaisergelb_kaiserforum' is used but is never set. Setting it in an unused scripted trigger or effect does not count
[09:18:58][jomini_effect.cpp:1139]: Variable 'mon_state_formation_6_fired' is used but is never set. Setting it in an unused scripted trigger or effect does not count
[09:18:58][jomini_effect.cpp:1139]: Variable 'caucasus_failure_var' is used but is never set. Setting it in an unused scripted trigger or effect does not count
[09:18:58][jomini_effect.cpp:1135]: Variable 'army_is_strongest_var' is set but is never used. Note that use in localization doesn't count due to technical limitations. Use in unused scripted triggers and effects also does not count
[09:18:58][jomini_effect.cpp:1139]: Variable 'bul_pursued_bulgarian_empire' is used but is never set. Setting it in an unused scripted trigger or effect does not count
[09:18:58][jomini_effect.cpp:1139]: Variable 'accepted_pena_palace_project' is used but is never set. Setting it in an unused scripted trigger or effect does not count
[09:18:58][jomini_effect.cpp:1139]: Variable 'grunderzeit_quarterly_count_2' is used but is never set. Setting it in an unused scripted trigger or effect does not count
[09:18:58][jomini_effect.cpp:1139]: Variable 'failed_coups' is used but is never set. Setting it in an unused scripted trigger or effect does not count
[09:18:58][jomini_effect.cpp:1139]: Variable 'quinto_imperio_var' is used but is never set. Setting it in an unused scripted trigger or effect does not count
[09:18:58][jomini_effect.cpp:1135]: Variable 'je_spa_economic_regeneration_mining_caught_var' is set but is never used. Note that use in localization doesn't count due to technical limitations. Use in unused scripted triggers and effects also does not count
[09:18:58][jomini_effect.cpp:1139]: Variable 'AFG_appealed_to_RUS' is used but is never set. Setting it in an unused scripted trigger or effect does not count
[09:18:58][jomini_effect.cpp:1139]: Variable 'dyer_disciplined' is used but is never set. Setting it in an unused scripted trigger or effect does not count
[09:18:58][jomini_effect.cpp:1135]: Variable 'central_africa_explored' is set but is never used. Note that use in localization doesn't count due to technical limitations. Use in unused scripted triggers and effects also does not count
[09:18:58][jomini_effect.cpp:1139]: Variable 'king_in_parliament_possible' is used but is never set. Setting it in an unused scripted trigger or effect does not count
[09:18:58][jomini_effect.cpp:1139]: Variable 'doctrine_of_lapse_ended' is used but is never set. Setting it in an unused scripted trigger or effect does not count
[09:18:58][jomini_effect.cpp:1135]: Variable 'je_spa_economic_regeneration_ultramar_caught_var' is set but is never used. Note that use in localization doesn't count due to technical limitations. Use in unused scripted triggers and effects also does not count
[09:18:58][jomini_effect.cpp:1139]: Variable 'chose_communism' is used but is never set. Setting it in an unused scripted trigger or effect does not count
[09:18:58][jomini_effect.cpp:1135]: Variable 'ryukyu_rivalry_accident' is set but is never used. Note that use in localization doesn't count due to technical limitations. Use in unused scripted triggers and effects also does not count
[09:18:58][jomini_effect.cpp:1139]: Variable 'AI_EXPEDITION_NIGER' is used but is never set. Setting it in an unused scripted trigger or effect does not count
[09:18:58][jomini_effect.cpp:1139]: Variable 'proposed_compensation_for_afghanistan' is used but is never set. Setting it in an unused scripted trigger or effect does not count
[09:18:58][jomini_effect.cpp:1139]: Variable 'india_home_rule' is used but is never set. Setting it in an unused scripted trigger or effect does not count
[09:18:58][jomini_effect.cpp:1139]: Variable 'complete_iwakura_mission' is used but is never set. Setting it in an unused scripted trigger or effect does not count
[09:18:58][jomini_effect.cpp:1135]: Variable 'espartero_is_dead_var' is set but is never used. Note that use in localization doesn't count due to technical limitations. Use in unused scripted triggers and effects also does not count
[09:18:58][jomini_effect.cpp:1139]: Variable 'commander_doing_coup_on_player_behalf' is used but is never set. Setting it in an unused scripted trigger or effect does not count
[09:18:58][jomini_effect.cpp:1139]: Variable 'mazzini_var' is used but is never set. Setting it in an unused scripted trigger or effect does not count
[09:18:58][jomini_effect.cpp:1139]: Variable 'sultan_aziz_coup_happened' is used but is never set. Setting it in an unused scripted trigger or effect does not count
[09:18:58][jomini_effect.cpp:1139]: Variable 'hungarian_ultimatum_sent_var' is used but is never set. Setting it in an unused scripted trigger or effect does not count
[09:18:58][jomini_effect.cpp:1139]: Variable 'je_communism_2_var' is used but is never set. Setting it in an unused scripted trigger or effect does not count
[09:18:58][jomini_effect.cpp:1139]: Variable 'kaiserforum_stage_complete_2_var' is used but is never set. Setting it in an unused scripted trigger or effect does not count
[09:18:58][jomini_effect.cpp:1135]: Variable 'crushed_secession' is set but is never used. Note that use in localization doesn't count due to technical limitations. Use in unused scripted triggers and effects also does not count
[09:18:58][jomini_effect.cpp:1139]: Variable 'ongoing_serial_killer_je' is used but is never set. Setting it in an unused scripted trigger or effect does not count
[09:18:58][jomini_effect.cpp:1139]: Variable 'je_philippines_main_complete_happened' is used but is never set. Setting it in an unused scripted trigger or effect does not count
[09:18:58][jomini_effect.cpp:1139]: Variable 'sino_japanese_war' is used but is never set. Setting it in an unused scripted trigger or effect does not count
[09:18:58][jomini_effect.cpp:1139]: Variable 'spa_economic_regeneration_var' is used but is never set. Setting it in an unused scripted trigger or effect does not count
[09:18:58][jomini_effect.cpp:1135]: Variable 'completed_ig_suppression_je_var' is set but is never used. Note that use in localization doesn't count due to technical limitations. Use in unused scripted triggers and effects also does not count
[09:18:58][jomini_effect.cpp:1135]: Variable 'completed_sick_man_army_je' is set but is never used. Note that use in localization doesn't count due to technical limitations. Use in unused scripted triggers and effects also does not count
[09:18:58][jomini_effect.cpp:1139]: Variable 'grunderzeit_quarterly_count_1' is used but is never set. Setting it in an unused scripted trigger or effect does not count
[09:18:58][jomini_effect.cpp:1139]: Variable 'congo_subject_var' is used but is never set. Setting it in an unused scripted trigger or effect does not count
[09:18:58][jomini_effect.cpp:1139]: Variable 'glorious_revolution_var' is used but is never set. Setting it in an unused scripted trigger or effect does not count
[09:18:58][jomini_effect.cpp:1139]: Variable 'senegal_subject_var' is used but is never set. Setting it in an unused scripted trigger or effect does not count
[09:18:58][jomini_effect.cpp:1139]: Variable 'kenesary_recognizer_var' is used but is never set. Setting it in an unused scripted trigger or effect does not count
[09:18:58][jomini_effect.cpp:1139]: Variable 'grunderzeit_ongoing_global_var' is used but is never set. Setting it in an unused scripted trigger or effect does not count
[09:18:58][jomini_effect.cpp:1139]: Variable 'custom_gigantic_var' is used but is never set. Setting it in an unused scripted trigger or effect does not count
[09:18:58][jomini_effect.cpp:1139]: Variable 'aus_integrated_cultures' is used but is never set. Setting it in an unused scripted trigger or effect does not count
[09:18:58][jomini_effect.cpp:1139]: Variable 'american_civil_war' is used but is never set. Setting it in an unused scripted trigger or effect does not count
[09:18:58][jomini_effect.cpp:1139]: Variable 'pebrine_outbreak_event' is used but is never set. Setting it in an unused scripted trigger or effect does not count
[09:18:58][jomini_effect.cpp:1135]: Variable 'polish_rebel_country_var' is set but is never used. Note that use in localization doesn't count due to technical limitations. Use in unused scripted triggers and effects also does not count
[09:18:58][jomini_effect.cpp:1139]: Variable 'pedro_republican_coup' is used but is never set. Setting it in an unused scripted trigger or effect does not count
[09:18:58][jomini_effect.cpp:1139]: Variable 'proposed_reprisals_for_afghanistan' is used but is never set. Setting it in an unused scripted trigger or effect does not count
[09:18:58][jomini_effect.cpp:1139]: Variable 'brz_enduring_empire' is used but is never set. Setting it in an unused scripted trigger or effect does not count
[09:18:58][jomini_effect.cpp:1139]: Variable 'iwakura_mission_returned_home' is used but is never set. Setting it in an unused scripted trigger or effect does not count
[09:18:58][jomini_effect.cpp:1135]: Variable 'ottoman_crushed_secession' is set but is never used. Note that use in localization doesn't count due to technical limitations. Use in unused scripted triggers and effects also does not count
[09:18:58][jomini_effect.cpp:1139]: Variable 'pbc_member' is used but is never set. Setting it in an unused scripted trigger or effect does not count
[09:18:58][jomini_effect.cpp:1139]: Variable 'japan_attends_vienna_world_fair_var' is used but is never set. Setting it in an unused scripted trigger or effect does not count
[09:18:58][jomini_effect.cpp:1135]: Variable 'toe_gg_tortal_side' is set but is never used. Note that use in localization doesn't count due to technical limitations. Use in unused scripted triggers and effects also does not count
[09:18:58][jomini_effect.cpp:1139]: Variable 'japan_restoration_complete' is used but is never set. Setting it in an unused scripted trigger or effect does not count
[09:18:58][jomini_effect.cpp:1139]: Variable 'hungarian_revolution_twelve_points_var' is used but is never set. Setting it in an unused scripted trigger or effect does not count
[09:18:58][jomini_effect.cpp:1139]: Variable 'patino_paraguay_var' is used but is never set. Setting it in an unused scripted trigger or effect does not count
[09:18:58][jomini_effect.cpp:1139]: Variable 'impressive_miltech' is used but is never set. Setting it in an unused scripted trigger or effect does not count
[09:18:58][jomini_effect.cpp:1139]: Variable 'china_han_empire' is used but is never set. Setting it in an unused scripted trigger or effect does not count
[09:18:58][jomini_effect.cpp:1135]: Variable 'recently_lost_war' is set but is never used. Note that use in localization doesn't count due to technical limitations. Use in unused scripted triggers and effects also does not count
[09:18:58][jomini_effect.cpp:1135]: Variable 'brz_election_done' is set but is never used. Note that use in localization doesn't count due to technical limitations. Use in unused scripted triggers and effects also does not count
[09:18:58][jomini_effect.cpp:1139]: Variable 'chose_anarchism' is used but is never set. Setting it in an unused scripted trigger or effect does not count
[09:18:58][jomini_effect.cpp:1139]: Variable 'committed_to_afghanistan_assistance' is used but is never set. Setting it in an unused scripted trigger or effect does not count
[09:18:58][jomini_effect.cpp:1135]: Variable 'finished_glorious_revolution_var' is set but is never used. Note that use in localization doesn't count due to technical limitations. Use in unused scripted triggers and effects also does not count
[09:18:58][jomini_effect.cpp:1139]: Variable 'positivism_progress_var' is used but is never set. Setting it in an unused scripted trigger or effect does not count
[09:18:58][jomini_effect.cpp:1139]: Variable 'je_spanish_new_world_dummy_happened_var' is used but is never set. Setting it in an unused scripted trigger or effect does not count
[09:18:58][jomini_effect.cpp:1139]: Variable 'lhasa_approached' is used but is never set. Setting it in an unused scripted trigger or effect does not count
[09:18:58][jomini_effect.cpp:1139]: Variable 'cult_center' is used but is never set. Setting it in an unused scripted trigger or effect does not count
[09:18:58][jomini_effect.cpp:1139]: Variable 'fra_republic_counter' is used but is never set. Setting it in an unused scripted trigger or effect does not count
[09:18:58][jomini_effect.cpp:1139]: Variable 'garibaldi_is_alive_global_var' is used but is never set. Setting it in an unused scripted trigger or effect does not count
[09:18:58][jomini_effect.cpp:1139]: Variable 'strike_promised_worker_protections' is used but is never set. Setting it in an unused scripted trigger or effect does not count
[09:18:58][jomini_effect.cpp:1139]: Variable 'monarchy_stamped_out_var' is used but is never set. Setting it in an unused scripted trigger or effect does not count
[09:18:58][jomini_effect.cpp:1135]: Variable 'toe_great_game_failed' is set but is never used. Note that use in localization doesn't count due to technical limitations. Use in unused scripted triggers and effects also does not count
[09:18:58][jomini_effect.cpp:1139]: Variable 'haiti_stops_paying_france_target' is used but is never set. Setting it in an unused scripted trigger or effect does not count
[09:18:58][jomini_effect.cpp:1139]: Variable 'afghan_notification_sender' is used but is never set. Setting it in an unused scripted trigger or effect does not count
[09:18:58][jomini_effect.cpp:1139]: Variable 'strike_promised_regulatory_bodies' is used but is never set. Setting it in an unused scripted trigger or effect does not count
[09:18:58][jomini_effect.cpp:1139]: Variable 'former_shogun_var' is used but is never set. Setting it in an unused scripted trigger or effect does not count
[09:18:58][jomini_effect.cpp:1139]: Variable 'failed_sick_man_main' is used but is never set. Setting it in an unused scripted trigger or effect does not count
[09:18:58][jomini_effect.cpp:1139]: Variable 'grunderzeit_started_var' is used but is never set. Setting it in an unused scripted trigger or effect does not count
[09:18:58][jomini_effect.cpp:1139]: Variable 'coup_immunity' is used but is never set. Setting it in an unused scripted trigger or effect does not count
[09:18:58][jomini_effect.cpp:1139]: Variable 'cancel_sa_migration_var' is used but is never set. Setting it in an unused scripted trigger or effect does not count
[09:18:58][jomini_effect.cpp:1139]: Variable 'ig_leader_steps_down_var' is used but is never set. Setting it in an unused scripted trigger or effect does not count
[09:18:58][jomini_effect.cpp:1135]: Variable 'je_montenegrin_raiding_won' is set but is never used. Note that use in localization doesn't count due to technical limitations. Use in unused scripted triggers and effects also does not count
[09:18:58][jomini_effect.cpp:1139]: Variable 'spain_republic_2' is used but is never set. Setting it in an unused scripted trigger or effect does not count
[09:18:58][jomini_effect.cpp:1139]: Variable 'spa_couped_dynasty' is used but is never set. Setting it in an unused scripted trigger or effect does not count
[09:18:58][jomini_effect.cpp:1135]: Variable 'toe_gg_steppe_side' is set but is never used. Note that use in localization doesn't count due to technical limitations. Use in unused scripted triggers and effects also does not count
[09:18:58][jomini_effect.cpp:1139]: Variable 'anti_dreyfusard_victory' is used but is never set. Setting it in an unused scripted trigger or effect does not count
[09:18:58][jomini_effect.cpp:1139]: Variable 'acw_dixie_states' is used but is never set. Setting it in an unused scripted trigger or effect does not count
[09:18:58][jomini_effect.cpp:1139]: Variable 'received_subjugation_refusal_var' is used but is never set. Setting it in an unused scripted trigger or effect does not count
[09:18:58][jomini_effect.cpp:1139]: Variable 'ztr_bolshevik_ideology_var' is used but is never set. Setting it in an unused scripted trigger or effect does not count
[09:18:58][jomini_effect.cpp:1139]: Variable 'pursued_iberian_unification' is used but is never set. Setting it in an unused scripted trigger or effect does not count
[09:18:58][jomini_effect.cpp:1139]: Variable 'is_away' is used but is never set. Setting it in an unused scripted trigger or effect does not count
[09:18:58][jomini_effect.cpp:1135]: Variable 'toe_paido_innovative_monarchs_won' is set but is never used. Note that use in localization doesn't count due to technical limitations. Use in unused scripted triggers and effects also does not count
[09:18:58][jomini_effect.cpp:1139]: Variable 'paris_commune_progress_drift' is used but is never set. Setting it in an unused scripted trigger or effect does not count
[09:18:58][jomini_effect.cpp:1139]: Variable 'PER_appealed_to_RUS' is used but is never set. Setting it in an unused scripted trigger or effect does not count
[09:18:58][jomini_effect.cpp:1139]: Variable 'mon_state_formation_13_fired' is used but is never set. Setting it in an unused scripted trigger or effect does not count
[09:18:58][jomini_effect.cpp:1139]: Variable 'religious_nationalism_decrease_var' is used but is never set. Setting it in an unused scripted trigger or effect does not count
[09:18:58][jomini_effect.cpp:1135]: Variable 'completed_egypt_je' is set but is never used. Note that use in localization doesn't count due to technical limitations. Use in unused scripted triggers and effects also does not count
[09:18:58][jomini_effect.cpp:1139]: Variable 'impressive_cultech' is used but is never set. Setting it in an unused scripted trigger or effect does not count
[09:18:58][jomini_effect.cpp:1139]: Variable 'japan_reformed_shinsengumi_var' is used but is never set. Setting it in an unused scripted trigger or effect does not count
[09:18:58][jomini_effect.cpp:1139]: Variable 'spa_carlist_war_score' is used but is never set. Setting it in an unused scripted trigger or effect does not count
[09:18:58][jomini_effect.cpp:1135]: Variable 'je_spa_economic_regeneration_modernise_agriculture_caught_var' is set but is never used. Note that use in localization doesn't count due to technical limitations. Use in unused scripted triggers and effects also does not count
[09:18:58][jomini_effect.cpp:1139]: Variable 'serbian_voivoideship_var' is used but is never set. Setting it in an unused scripted trigger or effect does not count
[09:18:58][jomini_effect.cpp:1139]: Variable 'caudillo_conservative' is used but is never set. Setting it in an unused scripted trigger or effect does not count
[09:18:58][jomini_effect.cpp:1139]: Variable 'fireworks_variable' is used but is never set. Setting it in an unused scripted trigger or effect does not count
[09:18:58][jomini_effect.cpp:1139]: Variable 'iwakura_mission_in_continental_europe' is used but is never set. Setting it in an unused scripted trigger or effect does not count
[09:18:58][jomini_effect.cpp:1139]: Variable 'button_reestablish_new_spain_var' is used but is never set. Setting it in an unused scripted trigger or effect does not count
[09:18:58][jomini_effect.cpp:1139]: Variable 'proposed_status_quo_north' is used but is never set. Setting it in an unused scripted trigger or effect does not count
[09:18:58][jomini_effect.cpp:1139]: Variable 'proposed_durand_line' is used but is never set. Setting it in an unused scripted trigger or effect does not count
[09:18:58][jomini_effect.cpp:1139]: Variable 'egyptian_crisis' is used but is never set. Setting it in an unused scripted trigger or effect does not count
[09:18:58][jomini_effect.cpp:1139]: Variable 'british_raj_var' is used but is never set. Setting it in an unused scripted trigger or effect does not count
[09:18:58][jomini_effect.cpp:1139]: Variable 'failed_tanzimat' is used but is never set. Setting it in an unused scripted trigger or effect does not count
[09:18:58][jomini_effect.cpp:1135]: Variable 'toe_gg_south_lefria_side' is set but is never used. Note that use in localization doesn't count due to technical limitations. Use in unused scripted triggers and effects also does not count
[09:18:58][jomini_effect.cpp:1139]: Variable 'attack_bolivia' is used but is never set. Setting it in an unused scripted trigger or effect does not count
[09:18:58][jomini_effect.cpp:1139]: Variable 'kaiserforum_stage_complete_1_var' is used but is never set. Setting it in an unused scripted trigger or effect does not count
[09:18:58][jomini_effect.cpp:1139]: Variable 'triune_kingdom_var' is used but is never set. Setting it in an unused scripted trigger or effect does not count
[09:18:58][jomini_effect.cpp:1139]: Variable 'ezo_republic_var' is used but is never set. Setting it in an unused scripted trigger or effect does not count
[09:18:58][jomini_effect.cpp:1139]: Variable 'danilo_dresses_like_a_prince' is used but is never set. Setting it in an unused scripted trigger or effect does not count
[09:18:58][jomini_effect.cpp:1139]: Variable 'anti_lobby_third_party_var' is used but is never set. Setting it in an unused scripted trigger or effect does not count
[09:18:58][jomini_effect.cpp:1139]: Variable 'spain_republic_3' is used but is never set. Setting it in an unused scripted trigger or effect does not count
[09:18:58][jomini_effect.cpp:1139]: Variable 'fall_of_the_samurai_global_var' is used but is never set. Setting it in an unused scripted trigger or effect does not count
[09:18:58][jomini_effect.cpp:1135]: Variable 'dreyfus_trial_reincarceration' is set but is never used. Note that use in localization doesn't count due to technical limitations. Use in unused scripted triggers and effects also does not count
[09:18:58][jomini_effect.cpp:1139]: Variable 'against_iberian_unification' is used but is never set. Setting it in an unused scripted trigger or effect does not count
[09:18:58][jomini_effect.cpp:1135]: Variable 'toe_paido_rival_claimant' is set but is never used. Note that use in localization doesn't count due to technical limitations. Use in unused scripted triggers and effects also does not count
[09:18:58][jomini_effect.cpp:1135]: Variable 'number_of_mega_eruptions' is set but is never used. Note that use in localization doesn't count due to technical limitations. Use in unused scripted triggers and effects also does not count
[09:18:58][jomini_effect.cpp:1135]: Variable 'recently_won_war' is set but is never used. Note that use in localization doesn't count due to technical limitations. Use in unused scripted triggers and effects also does not count
[09:18:58][jomini_effect.cpp:1139]: Variable 'completed_fascism_1_var' is used but is never set. Setting it in an unused scripted trigger or effect does not count
[09:18:58][jomini_effect.cpp:1135]: Variable 'toe_paido_conservative_monarchs_won' is set but is never used. Note that use in localization doesn't count due to technical limitations. Use in unused scripted triggers and effects also does not count
[09:18:58][jomini_effect.cpp:1139]: Variable 'southwest_border_rejected' is used but is never set. Setting it in an unused scripted trigger or effect does not count
[09:18:58][jomini_effect.cpp:1135]: Variable 'completed_mughal_hindustan_je' is set but is never used. Note that use in localization doesn't count due to technical limitations. Use in unused scripted triggers and effects also does not count
[09:18:58][jomini_effect.cpp:1139]: Variable 'colonize_korea_states_states' is used but is never set. Setting it in an unused scripted trigger or effect does not count
[09:18:58][jomini_effect.cpp:1139]: Variable 'two_spains_tension_current_var' is used but is never set. Setting it in an unused scripted trigger or effect does not count
[09:18:58][jomini_effect.cpp:1139]: Variable 'por_ignored_gbr_var' is used but is never set. Setting it in an unused scripted trigger or effect does not count
[09:18:58][jomini_effect.cpp:1139]: Variable 'scramble_for_africa_complete' is used but is never set. Setting it in an unused scripted trigger or effect does not count
[09:18:58][jomini_effect.cpp:1139]: Variable 'romanian_transylvanian_revolt_var' is used but is never set. Setting it in an unused scripted trigger or effect does not count
[09:18:58][jomini_effect.cpp:1135]: Variable 'has_enforced_wargoal_on_prussia_var' is set but is never used. Note that use in localization doesn't count due to technical limitations. Use in unused scripted triggers and effects also does not count
[09:18:58][jomini_effect.cpp:1139]: Variable 'esperanto_var' is used but is never set. Setting it in an unused scripted trigger or effect does not count
[09:18:58][jomini_effect.cpp:1139]: Variable 'cisleithania_var' is used but is never set. Setting it in an unused scripted trigger or effect does not count
[09:18:58][jomini_effect.cpp:1139]: Variable 'economic_regeneration_started_var' is used but is never set. Setting it in an unused scripted trigger or effect does not count
[09:18:58][jomini_effect.cpp:1139]: Variable 'japan_daimyo_abolished' is used but is never set. Setting it in an unused scripted trigger or effect does not count
[09:18:58][jomini_effect.cpp:1139]: Variable 'paris_commune_progress_var' is used but is never set. Setting it in an unused scripted trigger or effect does not count
[09:18:58][jomini_effect.cpp:1139]: Variable 'is_carlist_spain' is used but is never set. Setting it in an unused scripted trigger or effect does not count
[09:18:58][jomini_effect.cpp:1135]: Variable 'recent_capitulation' is set but is never used. Note that use in localization doesn't count due to technical limitations. Use in unused scripted triggers and effects also does not count
[09:18:58][jomini_effect.cpp:1139]: Variable 'krakatoa_temperature_drop' is used but is never set. Setting it in an unused scripted trigger or effect does not count
[09:18:58][jomini_effect.cpp:1139]: Variable 'crownlands_annexed_var' is used but is never set. Setting it in an unused scripted trigger or effect does not count
[09:18:58][jomini_effect.cpp:1135]: Variable 'congo_river_expedition_success_var' is set but is never used. Note that use in localization doesn't count due to technical limitations. Use in unused scripted triggers and effects also does not count
[09:18:58][jomini_effect.cpp:1135]: Variable 'je_spa_economic_regeneration_light_industry_caught_var' is set but is never used. Note that use in localization doesn't count due to technical limitations. Use in unused scripted triggers and effects also does not count
[09:18:58][jomini_effect.cpp:1135]: Variable 'son_of_varmland_var' is set but is never used. Note that use in localization doesn't count due to technical limitations. Use in unused scripted triggers and effects also does not count
[09:18:58][jomini_effect.cpp:1139]: Variable 'proposed_indus_line' is used but is never set. Setting it in an unused scripted trigger or effect does not count
[09:18:58][jomini_effect.cpp:1139]: Variable 'tibet_has_concluded' is used but is never set. Setting it in an unused scripted trigger or effect does not count
[09:18:58][jomini_effect.cpp:1139]: Variable 'button_reestablish_new_grenada_var' is used but is never set. Setting it in an unused scripted trigger or effect does not count
[09:18:58][jomini_effect.cpp:1139]: Variable 'entered_into_tibet' is used but is never set. Setting it in an unused scripted trigger or effect does not count
[09:18:58][jomini_effect.cpp:1139]: Variable 'sulistas_integrated' is used but is never set. Setting it in an unused scripted trigger or effect does not count
[09:18:58][jomini_effect.cpp:1139]: Variable 'indian_federation_member' is used but is never set. Setting it in an unused scripted trigger or effect does not count
[09:18:58][jomini_effect.cpp:1135]: Variable 'ryukyu_rivalry_fire' is set but is never used. Note that use in localization doesn't count due to technical limitations. Use in unused scripted triggers and effects also does not count
[09:18:58][jomini_effect.cpp:1139]: Variable 'befriend_bolivia' is used but is never set. Setting it in an unused scripted trigger or effect does not count
[09:18:58][jomini_effect.cpp:1139]: Variable 'strike_promised_wage_controls' is used but is never set. Setting it in an unused scripted trigger or effect does not count
[09:18:58][jomini_effect.cpp:1139]: Variable 'gp_hawaii_interest' is used but is never set. Setting it in an unused scripted trigger or effect does not count
[09:18:58][jomini_effect.cpp:1139]: Variable 'haiti_stops_paying_france_aggressor' is used but is never set. Setting it in an unused scripted trigger or effect does not count
[09:18:58][jomini_effect.cpp:1139]: Variable 'accepted_kaiserforum' is used but is never set. Setting it in an unused scripted trigger or effect does not count
[09:18:58][jomini_effect.cpp:1139]: Variable 'manila_cathedral_cooldown_var' is used but is never set. Setting it in an unused scripted trigger or effect does not count
[09:18:58][jomini_effect.cpp:1139]: Variable 'george_v_ruler_var' is used but is never set. Setting it in an unused scripted trigger or effect does not count
[09:18:58][jomini_effect.cpp:1139]: Variable 'garibaldi_var' is used but is never set. Setting it in an unused scripted trigger or effect does not count
[09:18:58][jomini_effect.cpp:1139]: Variable 'chose_assimilation_var' is used but is never set. Setting it in an unused scripted trigger or effect does not count
[09:18:58][jomini_effect.cpp:1135]: Variable 'portuguese_colonialism_je_completed' is set but is never used. Note that use in localization doesn't count due to technical limitations. Use in unused scripted triggers and effects also does not count
[09:18:58][jomini_effect.cpp:1139]: Variable 'risorgimento_unifying_stance' is used but is never set. Setting it in an unused scripted trigger or effect does not count
[09:18:58][jomini_effect.cpp:1139]: Variable 'japan_taikunate_var' is used but is never set. Setting it in an unused scripted trigger or effect does not count
[09:18:58][jomini_effect.cpp:1135]: Variable 'je_spa_economic_regeneration_railways_caught_var' is set but is never used. Note that use in localization doesn't count due to technical limitations. Use in unused scripted triggers and effects also does not count
[09:18:58][jomini_effect.cpp:1139]: Variable 'mon_stop_raiding_deal' is used but is never set. Setting it in an unused scripted trigger or effect does not count
[09:18:58][jomini_effect.cpp:1135]: Variable 'deposed_spanish_heir' is set but is never used. Note that use in localization doesn't count due to technical limitations. Use in unused scripted triggers and effects also does not count
[09:18:58][jomini_effect.cpp:1139]: Variable 'spa_liberal_military_var' is used but is never set. Setting it in an unused scripted trigger or effect does not count
[09:18:58][jomini_effect.cpp:1139]: Variable 'chose_fascism' is used but is never set. Setting it in an unused scripted trigger or effect does not count
[09:18:58][jomini_effect.cpp:1139]: Variable 'opium_wars_target' is used but is never set. Setting it in an unused scripted trigger or effect does not count
[09:18:58][jomini_effect.cpp:1135]: Variable 'princely_states_je_happened' is set but is never used. Note that use in localization doesn't count due to technical limitations. Use in unused scripted triggers and effects also does not count
[09:18:58][jomini_effect.cpp:1139]: Variable 'button_reestablish_peru_var' is used but is never set. Setting it in an unused scripted trigger or effect does not count
[09:18:58][jomini_effect.cpp:1135]: Variable 'je_amazonas_complete_variable' is set but is never used. Note that use in localization doesn't count due to technical limitations. Use in unused scripted triggers and effects also does not count
[09:18:58][jomini_effect.cpp:1139]: Variable 'ignore_peru_bol' is used but is never set. Setting it in an unused scripted trigger or effect does not count
[09:18:58][jomini_effect.cpp:1135]: Variable 'achievement_we_are_not_amused' is set but is never used. Note that use in localization doesn't count due to technical limitations. Use in unused scripted triggers and effects also does not count
[09:18:58][jomini_effect.cpp:1135]: Variable 'completed_sick_man_education_je' is set but is never used. Note that use in localization doesn't count due to technical limitations. Use in unused scripted triggers and effects also does not count
[09:18:58][jomini_effect.cpp:1139]: Variable 'je_philippines_main_reliance_happened' is used but is never set. Setting it in an unused scripted trigger or effect does not count
[09:18:58][jomini_effect.cpp:1139]: Variable 'ser_campaign_cooldown' is used but is never set. Setting it in an unused scripted trigger or effect does not count
[09:18:58][jomini_effect.cpp:1139]: Variable 'ig_leader_exposed_var' is used but is never set. Setting it in an unused scripted trigger or effect does not count
[09:18:58][jomini_effect.cpp:1139]: Variable 'neo_absolutism_victory' is used but is never set. Setting it in an unused scripted trigger or effect does not count
[09:18:58][jomini_effect.cpp:1139]: Variable 'dictate_plantation_type' is used but is never set. Setting it in an unused scripted trigger or effect does not count
[09:18:58][jomini_effect.cpp:1135]: Variable 'completed_sick_man_bureaucracy_je' is set but is never used. Note that use in localization doesn't count due to technical limitations. Use in unused scripted triggers and effects also does not count
[09:18:58][jomini_effect.cpp:1139]: Variable 'fatherland_front_var' is used but is never set. Setting it in an unused scripted trigger or effect does not count
[09:18:58][jomini_effect.cpp:1139]: Variable 'sided_with_korean_rebels' is used but is never set. Setting it in an unused scripted trigger or effect does not count
[09:18:58][jomini_effect.cpp:1139]: Variable 'southern_africa_subject_var' is used but is never set. Setting it in an unused scripted trigger or effect does not count
[09:18:58][jomini_effect.cpp:1139]: Variable 'emperor_norton_spawn' is used but is never set. Setting it in an unused scripted trigger or effect does not count
[09:18:58][jomini_effect.cpp:1139]: Variable 'zanj_subject_var' is used but is never set. Setting it in an unused scripted trigger or effect does not count
[09:18:58][jomini_effect.cpp:1139]: Variable 'german_confederation_country_list' is used but is never set. Setting it in an unused scripted trigger or effect does not count
[09:18:58][jomini_effect.cpp:1135]: Variable 'portugal_revolution_month' is set but is never used. Note that use in localization doesn't count due to technical limitations. Use in unused scripted triggers and effects also does not count
[09:18:58][jomini_effect.cpp:1139]: Variable 'ferdinand_I_abdicated_var' is used but is never set. Setting it in an unused scripted trigger or effect does not count
[09:18:58][jomini_effect.cpp:1135]: Variable 'dreyfus_trial_exoneration' is set but is never used. Note that use in localization doesn't count due to technical limitations. Use in unused scripted triggers and effects also does not count
[09:18:58][jomini_effect.cpp:1139]: Variable 'won_boxer_rebellion' is used but is never set. Setting it in an unused scripted trigger or effect does not count
[09:18:58][jomini_effect.cpp:1139]: Variable 'custom_olympic_var' is used but is never set. Setting it in an unused scripted trigger or effect does not count
[09:18:58][jomini_effect.cpp:1139]: Variable 'cardinal_var' is used but is never set. Setting it in an unused scripted trigger or effect does not count
[09:18:58][jomini_effect.cpp:1139]: Variable 'plague_lockdown' is used but is never set. Setting it in an unused scripted trigger or effect does not count
[09:18:58][jomini_effect.cpp:1139]: Variable 'selected_federal_solution_var' is used but is never set. Setting it in an unused scripted trigger or effect does not count
[09:18:58][jomini_effect.cpp:1135]: Variable 'iwakura_mission_tech_learnings' is set but is never used. Note that use in localization doesn't count due to technical limitations. Use in unused scripted triggers and effects also does not count
[09:18:58][jomini_effect.cpp:1135]: Variable 'number_of_mega_floods' is set but is never used. Note that use in localization doesn't count due to technical limitations. Use in unused scripted triggers and effects also does not count
[09:18:58][jomini_effect.cpp:1139]: Variable 'hungarian_revolution_increased_liberalism' is used but is never set. Setting it in an unused scripted trigger or effect does not count
[09:18:58][jomini_effect.cpp:1139]: Variable 'spa_two_spains_liberal_victory' is used but is never set. Setting it in an unused scripted trigger or effect does not count
[09:18:58][jomini_effect.cpp:1139]: Variable 'strike_strikebreakers_var' is used but is never set. Setting it in an unused scripted trigger or effect does not count
[09:18:58][jomini_effect.cpp:1139]: Variable 'krakatoa_temperature_recovery_rate' is used but is never set. Setting it in an unused scripted trigger or effect does not count
[09:18:58][jomini_effect.cpp:1139]: Variable 'sikh_empire_je_done' is used but is never set. Setting it in an unused scripted trigger or effect does not count
[09:18:58][jomini_effect.cpp:1139]: Variable 'regent_immortality_var' is used but is never set. Setting it in an unused scripted trigger or effect does not count
[09:18:58][jomini_effect.cpp:1139]: Variable 'hungarian_revolution_annex_transylvania_button_var' is used but is never set. Setting it in an unused scripted trigger or effect does not count
[09:18:58][jomini_effect.cpp:1135]: Variable 'historical_csa' is set but is never used. Note that use in localization doesn't count due to technical limitations. Use in unused scripted triggers and effects also does not count
[09:18:58][jomini_effect.cpp:1139]: Variable 'begging_woman_martyr_variable' is used but is never set. Setting it in an unused scripted trigger or effect does not count
[09:18:58][jomini_effect.cpp:1139]: Variable 'britain_granted_dop_permission' is used but is never set. Setting it in an unused scripted trigger or effect does not count
[09:18:58][jomini_effect.cpp:1139]: Variable 'one_emperor_one_era' is used but is never set. Setting it in an unused scripted trigger or effect does not count
[09:18:58][jomini_effect.cpp:1139]: Variable 'is_billy' is used but is never set. Setting it in an unused scripted trigger or effect does not count
[09:18:58][jomini_effect.cpp:1139]: Variable 'biljarda_built' is used but is never set. Setting it in an unused scripted trigger or effect does not count
[09:18:58][jomini_effect.cpp:1139]: Variable 'caudillo_communist' is used but is never set. Setting it in an unused scripted trigger or effect does not count
[09:18:58][jomini_effect.cpp:1139]: Variable 'monroe_doctrine' is used but is never set. Setting it in an unused scripted trigger or effect does not count
[09:18:58][jomini_effect.cpp:1135]: Variable 'spa_economic_regeneration_goal_var' is set but is never used. Note that use in localization doesn't count due to technical limitations. Use in unused scripted triggers and effects also does not count
[09:18:58][jomini_effect.cpp:1139]: Variable 'count_integrated_cultures' is used but is never set. Setting it in an unused scripted trigger or effect does not count
[09:18:58][jomini_effect.cpp:1135]: Variable 'je_spa_economic_regeneration_land_reform_caught_var' is set but is never used. Note that use in localization doesn't count due to technical limitations. Use in unused scripted triggers and effects also does not count
[09:18:58][jomini_effect.cpp:1139]: Variable 'chose_vanguardism' is used but is never set. Setting it in an unused scripted trigger or effect does not count
[09:18:58][jomini_effect.cpp:1139]: Variable 'is_tsunami_state' is used but is never set. Setting it in an unused scripted trigger or effect does not count
[09:18:58][jomini_effect.cpp:1139]: Variable 'indian_states_annexed' is used but is never set. Setting it in an unused scripted trigger or effect does not count
[09:18:58][jomini_effect.cpp:1139]: Variable 'AI_EXPEDITION_NILE' is used but is never set. Setting it in an unused scripted trigger or effect does not count
[09:18:58][jomini_effect.cpp:1135]: Variable 'positivism_done' is set but is never used. Note that use in localization doesn't count due to technical limitations. Use in unused scripted triggers and effects also does not count
[09:18:58][jomini_effect.cpp:1139]: Variable 'budapest_founded_global_var' is used but is never set. Setting it in an unused scripted trigger or effect does not count
[09:18:58][jomini_effect.cpp:1135]: Variable 'stamped_out_monarchy_var' is set but is never used. Note that use in localization doesn't count due to technical limitations. Use in unused scripted triggers and effects also does not count
[09:18:58][jomini_effect.cpp:1139]: Variable 'pebrine_cure' is used but is never set. Setting it in an unused scripted trigger or effect does not count
[09:18:58][jomini_effect.cpp:1135]: Variable 'great_game_gbr_progress' is set but is never used. Note that use in localization doesn't count due to technical limitations. Use in unused scripted triggers and effects also does not count
[09:18:58][jomini_effect.cpp:1139]: Variable 'ongoing_campaign' is used but is never set. Setting it in an unused scripted trigger or effect does not count
[09:18:58][jomini_effect.cpp:1139]: Variable 'we_are_not_amused_ach_possible' is used but is never set. Setting it in an unused scripted trigger or effect does not count
[09:18:58][jomini_effect.cpp:1139]: Variable 'japan_emperor_restored' is used but is never set. Setting it in an unused scripted trigger or effect does not count
[09:18:58][jomini_effect.cpp:1135]: Variable 'toe_paido_reigning_claimant' is set but is never used. Note that use in localization doesn't count due to technical limitations. Use in unused scripted triggers and effects also does not count
[09:18:58][jomini_effect.cpp:1139]: Variable 'GDPGR_month' is used but is never set. Setting it in an unused scripted trigger or effect does not count
[09:18:58][jomini_effect.cpp:1139]: Variable 'pedropoints' is used but is never set. Setting it in an unused scripted trigger or effect does not count
[09:18:58][jomini_effect.cpp:1139]: Variable 'decided_future_of_zanzibar' is used but is never set. Setting it in an unused scripted trigger or effect does not count
[09:18:58][jomini_effect.cpp:1139]: Variable 'france_had_revolution' is used but is never set. Setting it in an unused scripted trigger or effect does not count
[09:18:58][jomini_effect.cpp:1135]: Variable 'has_enforced_wargoal_on_germany_var' is set but is never used. Note that use in localization doesn't count due to technical limitations. Use in unused scripted triggers and effects also does not count
[09:18:58][jomini_effect.cpp:1135]: Variable 'state_hit_by_plague' is set but is never used. Note that use in localization doesn't count due to technical limitations. Use in unused scripted triggers and effects also does not count
[09:18:58][jomini_effect.cpp:1139]: Variable 'serial_killer_caught' is used but is never set. Setting it in an unused scripted trigger or effect does not count
[09:18:58][jomini_effect.cpp:1139]: Variable 'sagrada_familia_stage_complete_2_var' is used but is never set. Setting it in an unused scripted trigger or effect does not count
[09:18:58][jomini_effect.cpp:1139]: Variable 'algeria_deylik_restored' is used but is never set. Setting it in an unused scripted trigger or effect does not count
[09:18:58][jomini_effect.cpp:1139]: Variable 'mon_state_formation_10_fired' is used but is never set. Setting it in an unused scripted trigger or effect does not count
[09:18:58][jomini_effect.cpp:1139]: Variable 'mute_election_events' is used but is never set. Setting it in an unused scripted trigger or effect does not count
[09:18:58][jomini_effect.cpp:1139]: Variable 'grand_exhibition_decision_taken' is used but is never set. Setting it in an unused scripted trigger or effect does not count
[09:18:58][jomini_effect.cpp:1139]: Variable 'pro_lobby_third_party_var' is used but is never set. Setting it in an unused scripted trigger or effect does not count
[09:18:58][jomini_effect.cpp:1139]: Variable 'meiji_var' is used but is never set. Setting it in an unused scripted trigger or effect does not count
[09:18:58][jomini_effect.cpp:1139]: Variable 'num_coups' is used but is never set. Setting it in an unused scripted trigger or effect does not count
[09:18:58][jomini_effect.cpp:1135]: Variable 'central_africa_expedition_success_var' is set but is never used. Note that use in localization doesn't count due to technical limitations. Use in unused scripted triggers and effects also does not count
[09:18:58][jomini_effect.cpp:1139]: Variable 'count_casian_countries' is used but is never set. Setting it in an unused scripted trigger or effect does not count
[09:18:58][jomini_effect.cpp:1139]: Variable 'zaibatsu_victory_var' is used but is never set. Setting it in an unused scripted trigger or effect does not count
[09:18:58][jomini_effect.cpp:1135]: Variable 'congo_river_explored' is set but is never used. Note that use in localization doesn't count due to technical limitations. Use in unused scripted triggers and effects also does not count
[09:18:58][jomini_effect.cpp:1135]: Variable 'ryukyu_rivalry_brawl' is set but is never used. Note that use in localization doesn't count due to technical limitations. Use in unused scripted triggers and effects also does not count
[09:18:58][jomini_effect.cpp:1139]: Variable 'rejected_colonialism_ambitions_var' is used but is never set. Setting it in an unused scripted trigger or effect does not count
[09:18:58][jomini_effect.cpp:1139]: Variable 'chose_ethno_nationalism' is used but is never set. Setting it in an unused scripted trigger or effect does not count
[09:18:58][jomini_effect.cpp:1139]: Variable 'AI_EXPEDITION_ANTARCTICA' is used but is never set. Setting it in an unused scripted trigger or effect does not count
[09:18:58][jomini_effect.cpp:1139]: Variable 'dreyfusard_victory' is used but is never set. Setting it in an unused scripted trigger or effect does not count
[09:18:58][jomini_effect.cpp:1139]: Variable 'getting_married' is used but is never set. Setting it in an unused scripted trigger or effect does not count
[09:18:58][jomini_effect.cpp:1139]: Variable 'london_treaty_not_signed_bel_global_var' is used but is never set. Setting it in an unused scripted trigger or effect does not count
[09:18:58][jomini_effect.cpp:1139]: Variable 'manila_cathedral_count' is used but is never set. Setting it in an unused scripted trigger or effect does not count
[09:18:58][jomini_effect.cpp:1139]: Variable 'PER_appealed_to_GBR' is used but is never set. Setting it in an unused scripted trigger or effect does not count
[09:18:58][jomini_effect.cpp:1139]: Variable 'chose_to_not_care_var' is used but is never set. Setting it in an unused scripted trigger or effect does not count
[09:18:58][jomini_effect.cpp:1139]: Variable 'je_spa_economic_regeneration_master_completed_var' is used but is never set. Setting it in an unused scripted trigger or effect does not count
[09:18:58][jomini_effect.cpp:1139]: Variable 'accepted_manila_cathedral_project' is used but is never set. Setting it in an unused scripted trigger or effect does not count
[09:18:58][jomini_effect.cpp:1139]: Variable 'hawaii_interest' is used but is never set. Setting it in an unused scripted trigger or effect does not count
[09:18:58][jomini_effect.cpp:1139]: Variable 'daimyo_var' is used but is never set. Setting it in an unused scripted trigger or effect does not count
[09:18:58][jomini_effect.cpp:1139]: Variable 'accepted_sagrada_familia_project' is used but is never set. Setting it in an unused scripted trigger or effect does not count
[09:18:58][jomini_effect.cpp:1139]: Variable 'grunderzeit_quarterly_count_3' is used but is never set. Setting it in an unused scripted trigger or effect does not count
[09:18:58][jomini_effect.cpp:1139]: Variable 'missionary_works_counter' is used but is never set. Setting it in an unused scripted trigger or effect does not count
[09:18:58][jomini_effect.cpp:1139]: Variable 'milyutin_memorandum_accepted' is used but is never set. Setting it in an unused scripted trigger or effect does not count
[09:18:58][jomini_effect.cpp:1135]: Variable 'achievement_mightier_than_the_sword' is set but is never used. Note that use in localization doesn't count due to technical limitations. Use in unused scripted triggers and effects also does not count
[09:18:58][jomini_effect.cpp:1139]: Variable 'one_true_french_dynasty' is used but is never set. Setting it in an unused scripted trigger or effect does not count
[09:18:58][jomini_effect.cpp:1135]: Variable 'deposed_spanish_monarch' is set but is never used. Note that use in localization doesn't count due to technical limitations. Use in unused scripted triggers and effects also does not count
[09:18:58][jomini_effect.cpp:1139]: Variable 'indochina_campaign_target' is used but is never set. Setting it in an unused scripted trigger or effect does not count
[09:18:58][jomini_effect.cpp:1139]: Variable 'coup_reason_var' is used but is never set. Setting it in an unused scripted trigger or effect does not count
[09:18:58][jomini_effect.cpp:1139]: Variable 'london_treaty_not_signed_net_global_var' is used but is never set. Setting it in an unused scripted trigger or effect does not count
[09:18:58][jomini_effect.cpp:1135]: Variable 'west_america_expedition_success_var' is set but is never used. Note that use in localization doesn't count due to technical limitations. Use in unused scripted triggers and effects also does not count
[09:18:58][jomini_effect.cpp:1139]: Variable 'strike_breaker' is used but is never set. Setting it in an unused scripted trigger or effect does not count
[09:18:58][jomini_effect.cpp:1139]: Variable 'je_sakoku_maybe_we_should_open_up' is used but is never set. Setting it in an unused scripted trigger or effect does not count
[09:18:58][jomini_effect.cpp:1135]: Variable 'polish_rebel_country_enemy_var' is set but is never used. Note that use in localization doesn't count due to technical limitations. Use in unused scripted triggers and effects also does not count
[09:18:58][jomini_effect.cpp:1139]: Variable 'proposed_amu_darya_line' is used but is never set. Setting it in an unused scripted trigger or effect does not count
[09:18:58][jomini_effect.cpp:1139]: Variable 'proposed_torkestan_line' is used but is never set. Setting it in an unused scripted trigger or effect does not count
[09:18:58][jomini_effect.cpp:1139]: Variable 'iwakura_mission_en_route_home' is used but is never set. Setting it in an unused scripted trigger or effect does not count
[09:18:58][jomini_effect.cpp:1139]: Variable 'slaves_work_with_independence_movement' is used but is never set. Setting it in an unused scripted trigger or effect does not count
[09:18:58][jomini_effect.cpp:1135]: Variable 'balkan_got_tech_cooldown' is set but is never used. Note that use in localization doesn't count due to technical limitations. Use in unused scripted triggers and effects also does not count
[09:18:58][jomini_effect.cpp:1139]: Variable 'chose_integration_var' is used but is never set. Setting it in an unused scripted trigger or effect does not count
[09:18:58][jomini_effect.cpp:1139]: Variable 'deported_americans' is used but is never set. Setting it in an unused scripted trigger or effect does not count
[09:18:58][jomini_effect.cpp:1139]: Variable 'spain_accepted_cultures' is used but is never set. Setting it in an unused scripted trigger or effect does not count
[09:18:58][jomini_effect.cpp:1139]: Variable 'mon_state_formation_20_fired' is used but is never set. Setting it in an unused scripted trigger or effect does not count
[09:18:58][jomini_effect.cpp:1139]: Variable 'accepted_atocha_railway_project' is used but is never set. Setting it in an unused scripted trigger or effect does not count
[09:18:58][jomini_effect.cpp:1135]: Variable 'newly_released_country' is set but is never used. Note that use in localization doesn't count due to technical limitations. Use in unused scripted triggers and effects also does not count
[09:18:58][jomini_effect.cpp:1135]: Variable 'completed_sick_man_economy_je' is set but is never used. Note that use in localization doesn't count due to technical limitations. Use in unused scripted triggers and effects also does not count
[09:18:58][jomini_effect.cpp:1139]: Variable 'francocracia_paraguay_var' is used but is never set. Setting it in an unused scripted trigger or effect does not count
[09:18:58][jomini_effect.cpp:1139]: Variable 'balkan_league_immediate_rejector' is used but is never set. Setting it in an unused scripted trigger or effect does not count
[09:18:58][jomini_effect.cpp:1135]: Variable 'hermit_kingdom_achievement' is set but is never used. Note that use in localization doesn't count due to technical limitations. Use in unused scripted triggers and effects also does not count
[09:18:58][jomini_effect.cpp:1139]: Variable 'Njegos_brother_dead' is used but is never set. Setting it in an unused scripted trigger or effect does not count
[09:18:58][jomini_effect.cpp:1139]: Variable 'china_warlord_explosion' is used but is never set. Setting it in an unused scripted trigger or effect does not count
[09:18:58][jomini_effect.cpp:1135]: Variable 'achievement_military_junta_var' is set but is never used. Note that use in localization doesn't count due to technical limitations. Use in unused scripted triggers and effects also does not count
[09:18:58][jomini_effect.cpp:1139]: Variable 'railway_strike' is used but is never set. Setting it in an unused scripted trigger or effect does not count
[09:18:58][jomini_effect.cpp:1139]: Variable 'spc_carlist_war_score' is used but is never set. Setting it in an unused scripted trigger or effect does not count
[09:18:58][jomini_effect.cpp:1135]: Variable 'nobody_did_their_duty_var' is set but is never used. Note that use in localization doesn't count due to technical limitations. Use in unused scripted triggers and effects also does not count
[09:18:58][jomini_effect.cpp:1135]: Variable 'achievement_revolutionary' is set but is never used. Note that use in localization doesn't count due to technical limitations. Use in unused scripted triggers and effects also does not count
[09:18:58][jomini_effect.cpp:1139]: Variable 'custom_titanic_var' is used but is never set. Setting it in an unused scripted trigger or effect does not count
[09:18:58][jomini_effect.cpp:1139]: Variable 'owned_by_pan_nationalist_radicals' is used but is never set. Setting it in an unused scripted trigger or effect does not count
[09:18:58][jomini_effect.cpp:1135]: Variable 'var_jack_ripper_possible' is set but is never used. Note that use in localization doesn't count due to technical limitations. Use in unused scripted triggers and effects also does not count
[09:18:58][jomini_effect.cpp:1139]: Variable 'north_border_rejected' is used but is never set. Setting it in an unused scripted trigger or effect does not count
[09:18:58][jomini_effect.cpp:1139]: Variable 'afghanistan_rejection' is used but is never set. Setting it in an unused scripted trigger or effect does not count
[09:18:58][jomini_effect.cpp:1139]: Variable 'national_liberation_alliance_variable' is used but is never set. Setting it in an unused scripted trigger or effect does not count
[09:18:58][jomini_effect.cpp:1135]: Variable 'ruler_selector_karl_marx' is set but is never used. Note that use in localization doesn't count due to technical limitations. Use in unused scripted triggers and effects also does not count
[09:18:58][jomini_effect.cpp:1139]: Variable 'sagrada_familia_stage_complete_1_var' is used but is never set. Setting it in an unused scripted trigger or effect does not count
[09:18:58][jomini_effect.cpp:1139]: Variable 'free_state_created' is used but is never set. Setting it in an unused scripted trigger or effect does not count
[09:18:58][jomini_effect.cpp:1139]: Variable 'peru_bolivia_var' is used but is never set. Setting it in an unused scripted trigger or effect does not count
[09:18:58][jomini_effect.cpp:1139]: Variable 'grunderzeit_combined_gdp_global_var_actual' is used but is never set. Setting it in an unused scripted trigger or effect does not count
[09:18:58][jomini_effect.cpp:1139]: Variable 'ai_tenpo_hardline_agenda' is used but is never set. Setting it in an unused scripted trigger or effect does not count
[09:18:58][jomini_effect.cpp:1135]: Variable 'petar_died_tuberculosis' is set but is never used. Note that use in localization doesn't count due to technical limitations. Use in unused scripted triggers and effects also does not count
[09:18:58][jomini_effect.cpp:1139]: Variable 'grunderzeit_combined_gdp_global_var_baseline' is used but is never set. Setting it in an unused scripted trigger or effect does not count
[09:18:58][jomini_effect.cpp:1139]: Variable 'empire_of_great_britain' is used but is never set. Setting it in an unused scripted trigger or effect does not count
[09:18:58][jomini_effect.cpp:1135]: Variable 'ottoman_grand_collapse' is set but is never used. Note that use in localization doesn't count due to technical limitations. Use in unused scripted triggers and effects also does not count
[09:18:58][jomini_effect.cpp:1139]: Variable 'free_state_made' is used but is never set. Setting it in an unused scripted trigger or effect does not count
[09:18:58][jomini_effect.cpp:1139]: Variable 'var_slave_trade_suppression_var' is used but is never set. Setting it in an unused scripted trigger or effect does not count
[09:18:58][jomini_effect.cpp:1139]: Variable 'is_victoria' is used but is never set. Setting it in an unused scripted trigger or effect does not count
[09:18:58][jomini_effect.cpp:1139]: Variable 'dismissed_poverty_variable' is used but is never set. Setting it in an unused scripted trigger or effect does not count
[09:18:58][jomini_effect.cpp:1139]: Variable 'ai_zaibatsu_curtail' is used but is never set. Setting it in an unused scripted trigger or effect does not count
[09:18:58][jomini_effect.cpp:1139]: Variable 'frankenstein_happened_global_var' is used but is never set. Setting it in an unused scripted trigger or effect does not count
[09:18:58][jomini_effect.cpp:1139]: Variable 'circassia_recognizer' is used but is never set. Setting it in an unused scripted trigger or effect does not count
[09:18:58][jomini_effect.cpp:1135]: Variable 'antarctica_expedition_success_var' is set but is never used. Note that use in localization doesn't count due to technical limitations. Use in unused scripted triggers and effects also does not count
[09:18:58][jomini_effect.cpp:1139]: Variable 'mining_strike' is used but is never set. Setting it in an unused scripted trigger or effect does not count
[09:18:58][jomini_effect.cpp:1139]: Variable 'princely_state' is used but is never set. Setting it in an unused scripted trigger or effect does not count
[09:18:58][jomini_effect.cpp:1139]: Variable 'lenin_spawn' is used but is never set. Setting it in an unused scripted trigger or effect does not count
[09:18:58][jomini_effect.cpp:1139]: Variable 'spa_two_spains_conservative_victory' is used but is never set. Setting it in an unused scripted trigger or effect does not count
[09:18:58][jomini_effect.cpp:1139]: Variable 'spain_carlist_victory' is used but is never set. Setting it in an unused scripted trigger or effect does not count
[09:18:58][jomini_effect.cpp:1139]: Variable 'ultimatum_sent' is used but is never set. Setting it in an unused scripted trigger or effect does not count
[09:18:58][jomini_effect.cpp:1139]: Variable 'AI_EXPEDITION_CONGO' is used but is never set. Setting it in an unused scripted trigger or effect does not count
[09:18:58][jomini_effect.cpp:1135]: Variable 'enemy_ig_var' is set but is never used. Note that use in localization doesn't count due to technical limitations. Use in unused scripted triggers and effects also does not count
[09:18:58][jomini_effect.cpp:1135]: Variable 'indochina_capital_state' is set but is never used. Note that use in localization doesn't count due to technical limitations. Use in unused scripted triggers and effects also does not count
[09:18:58][jomini_effect.cpp:1135]: Variable 'toe_gg_route_side' is set but is never used. Note that use in localization doesn't count due to technical limitations. Use in unused scripted triggers and effects also does not count
[09:18:58][jomini_effect.cpp:1139]: Variable 'custom_gargantuan_var' is used but is never set. Setting it in an unused scripted trigger or effect does not count
[09:18:58][jomini_effect.cpp:1139]: Variable 'iberia_permanent_personal_union' is used but is never set. Setting it in an unused scripted trigger or effect does not count
[09:18:58][jomini_effect.cpp:1139]: Variable 'lingering_plc_resistance' is used but is never set. Setting it in an unused scripted trigger or effect does not count
[09:18:58][jomini_effect.cpp:1139]: Variable 'marriage_target' is used but is never set. Setting it in an unused scripted trigger or effect does not count
[09:18:58][jomini_effect.cpp:1135]: Variable 'exile_to_ruler_var' is set but is never used. Note that use in localization doesn't count due to technical limitations. Use in unused scripted triggers and effects also does not count
[09:18:58][jomini_effect.cpp:1135]: Variable 'achievement_teamkiller_var' is set but is never used. Note that use in localization doesn't count due to technical limitations. Use in unused scripted triggers and effects also does not count
[09:18:58][jomini_effect.cpp:1135]: Variable 'completed_syria_je' is set but is never used. Note that use in localization doesn't count due to technical limitations. Use in unused scripted triggers and effects also does not count
[09:18:58][jomini_effect.cpp:1139]: Variable 'donghak_petition_complete' is used but is never set. Setting it in an unused scripted trigger or effect does not count
[09:18:58][jomini_effect.cpp:1139]: Variable 'industrial_strike' is used but is never set. Setting it in an unused scripted trigger or effect does not count
[09:18:58][jomini_effect.cpp:1139]: Variable 'grunderzeit_combined_gdp_global_var_goal' is used but is never set. Setting it in an unused scripted trigger or effect does not count
[09:18:58][jomini_effect.cpp:1135]: Variable 'je_spa_economic_regeneration_cheats_var' is set but is never used. Note that use in localization doesn't count due to technical limitations. Use in unused scripted triggers and effects also does not count
[09:18:58][jomini_effect.cpp:1135]: Variable 'unanimity_achievement_var' is set but is never used. Note that use in localization doesn't count due to technical limitations. Use in unused scripted triggers and effects also does not count
[09:18:58][jomini_effect.cpp:1135]: Variable 'has_taken_enemy_capital_with_marines' is set but is never used. Note that use in localization doesn't count due to technical limitations. Use in unused scripted triggers and effects also does not count
[09:18:58][jomini_effect.cpp:1139]: Variable 'ig_leader_in_jail_var' is used but is never set. Setting it in an unused scripted trigger or effect does not count
[09:18:58][jomini_effect.cpp:1139]: Variable 'caudillo_fascist' is used but is never set. Setting it in an unused scripted trigger or effect does not count
[09:18:58][jomini_effect.cpp:1139]: Variable 'button_reestablish_la_plata_var' is used but is never set. Setting it in an unused scripted trigger or effect does not count
[09:18:58][jomini_effect.cpp:1139]: Variable 'wants_treaty_port_revenge_against' is used but is never set. Setting it in an unused scripted trigger or effect does not count
[09:18:58][jomini_effect.cpp:1139]: Variable 'chose_conservatism' is used but is never set. Setting it in an unused scripted trigger or effect does not count
[09:18:58][jomini_effect.cpp:1139]: Variable 'afghanistan_delimitation_treaty_approved' is used but is never set. Setting it in an unused scripted trigger or effect does not count
[09:18:58][jomini_effect.cpp:1139]: Variable 'strike_negotiator' is used but is never set. Setting it in an unused scripted trigger or effect does not count
[09:18:58][jomini_effect.cpp:1139]: Variable 'hispanoamerica_recognition_countries' is used but is never set. Setting it in an unused scripted trigger or effect does not count
[09:18:58][jomini_effect.cpp:1139]: Variable 'carlist_war_skirmish_phase' is used but is never set. Setting it in an unused scripted trigger or effect does not count
[09:18:58][jomini_effect.cpp:1139]: Variable 'ragamuffin_nation_var' is used but is never set. Setting it in an unused scripted trigger or effect does not count
[09:18:58][jomini_effect.cpp:1139]: Variable 'ai_tenpo_reform_agenda' is used but is never set. Setting it in an unused scripted trigger or effect does not count
[09:18:58][jomini_effect.cpp:1139]: Variable 'christ_of_nations_target' is used but is never set. Setting it in an unused scripted trigger or effect does not count
[09:18:58][jomini_effect.cpp:1135]: Variable 'garibaldi_cooldown_var' is set but is never used. Note that use in localization doesn't count due to technical limitations. Use in unused scripted triggers and effects also does not count
[09:18:58][jomini_effect.cpp:1139]: Variable 'shimonoseki_gp' is used but is never set. Setting it in an unused scripted trigger or effect does not count
[09:18:58][jomini_effect.cpp:1135]: Variable 'completed_separatism_sick_man_je' is set but is never used. Note that use in localization doesn't count due to technical limitations. Use in unused scripted triggers and effects also does not count
[09:18:58][jomini_effect.cpp:1139]: Variable 'eastern_crisis_happened' is used but is never set. Setting it in an unused scripted trigger or effect does not count
[09:18:58][jomini_effect.cpp:1135]: Variable 'imprisoned_general_var' is set but is never used. Note that use in localization doesn't count due to technical limitations. Use in unused scripted triggers and effects also does not count
[09:18:58][jomini_effect.cpp:1139]: Variable 'PRC_recognition_level' is used but is never set. Setting it in an unused scripted trigger or effect does not count
[09:18:58][jomini_effect.cpp:1139]: Variable 'ig_guardia_civil_active' is used but is never set. Setting it in an unused scripted trigger or effect does not count
[09:18:58][jomini_effect.cpp:1139]: Variable 'skyscraper_var' is used but is never set. Setting it in an unused scripted trigger or effect does not count
[09:18:58][jomini_effect.cpp:1139]: Variable 'ai_zaibatsu_cement' is used but is never set. Setting it in an unused scripted trigger or effect does not count
[09:18:58][jomini_effect.cpp:1139]: Variable 'AFG_appealed_to_GBR' is used but is never set. Setting it in an unused scripted trigger or effect does not count
[09:18:58][jomini_effect.cpp:1139]: Variable 'successful_coups' is used but is never set. Setting it in an unused scripted trigger or effect does not count
[09:18:58][jomini_effect.cpp:1139]: Variable 'tibet_has_started' is used but is never set. Setting it in an unused scripted trigger or effect does not count
[09:18:58][jomini_effect.cpp:1139]: Variable 'lost_opium_wars' is used but is never set. Setting it in an unused scripted trigger or effect does not count
[09:18:58][jomini_effect.cpp:1139]: Variable 'plague_measures' is used but is never set. Setting it in an unused scripted trigger or effect does not count
[09:18:58][jomini_effect.cpp:1139]: Variable 'custom_colosssal_var' is used but is never set. Setting it in an unused scripted trigger or effect does not count
[09:18:58][jomini_effect.cpp:1135]: Variable 'dreyfus_trial_lesser_sentence' is set but is never used. Note that use in localization doesn't count due to technical limitations. Use in unused scripted triggers and effects also does not count
[09:18:58][jomini_effect.cpp:1139]: Variable 'custom_herculean_var' is used but is never set. Setting it in an unused scripted trigger or effect does not count
[09:18:58][jomini_effect.cpp:1135]: Variable 'tribal_leader_appointment_rejected' is set but is never used. Note that use in localization doesn't count due to technical limitations. Use in unused scripted triggers and effects also does not count
[09:18:58][jomini_effect.cpp:1135]: Variable 'niger_river_expedition_success_var' is set but is never used. Note that use in localization doesn't count due to technical limitations. Use in unused scripted triggers and effects also does not count
[09:18:58][jomini_effect.cpp:1135]: Variable 'number_of_mega_earthquakes' is set but is never used. Note that use in localization doesn't count due to technical limitations. Use in unused scripted triggers and effects also does not count
[09:18:58][jomini_effect.cpp:1139]: Event target 'heavenly_kingdom_spawn' is used but is never set. Setting it in an unused scripted trigger or effect does not count
[09:18:58][jomini_effect.cpp:1139]: Event target 'name_c_scope' is used but is never set. Setting it in an unused scripted trigger or effect does not count
[09:18:58][jomini_eventmanager.cpp:376]: Event wild_west.1 is orphaned
[09:18:58][jomini_eventmanager.cpp:376]: Event wild_west.2 is orphaned
[09:18:58][jomini_eventmanager.cpp:376]: Event wild_west.3 is orphaned
[09:18:58][jomini_eventmanager.cpp:376]: Event grunderzeit.1 is orphaned
[09:18:58][jomini_eventmanager.cpp:376]: Event grunderzeit.2 is orphaned
[09:18:58][jomini_eventmanager.cpp:376]: Event grunderzeit.3 is orphaned
[09:18:58][jomini_eventmanager.cpp:376]: Event bp1_patagonia.1 is orphaned
[09:18:58][jomini_eventmanager.cpp:376]: Event positivism.2 is orphaned
[09:18:58][jomini_eventmanager.cpp:376]: Event positivism.3 is orphaned
[09:18:58][jomini_eventmanager.cpp:376]: Event positivism.4 is orphaned
[09:18:58][jomini_eventmanager.cpp:376]: Event positivism_pulse.1 is orphaned
[09:18:58][jomini_eventmanager.cpp:376]: Event positivism_pulse.2 is orphaned
[09:18:58][jomini_eventmanager.cpp:376]: Event positivism_pulse.3 is orphaned
[09:18:58][jomini_eventmanager.cpp:376]: Event positivism_pulse.4 is orphaned
[09:18:58][jomini_eventmanager.cpp:376]: Event positivism_pulse.5 is orphaned
[09:18:58][jomini_eventmanager.cpp:376]: Event cold.101 is orphaned
[09:18:58][jomini_eventmanager.cpp:376]: Event expedition_events.1 is orphaned
[09:18:58][jomini_eventmanager.cpp:376]: Event expedition_events.200 is orphaned
[09:18:58][jomini_eventmanager.cpp:376]: Event expedition_events.501 is orphaned
[09:18:58][jomini_eventmanager.cpp:376]: Event expedition_events.601 is orphaned
[09:18:58][jomini_eventmanager.cpp:376]: Event india_railway.1 is orphaned
[09:18:58][jomini_eventmanager.cpp:376]: Event india_railway.2 is orphaned
[09:18:58][jomini_eventmanager.cpp:376]: Event india_railway.3 is orphaned
[09:18:58][jomini_eventmanager.cpp:376]: Event india_railway.4 is orphaned
[09:18:58][jomini_eventmanager.cpp:376]: Event india_railway.5 is orphaned
[09:18:58][jomini_eventmanager.cpp:376]: Event jail.1 is orphaned
[09:18:58][jomini_eventmanager.cpp:376]: Event zaibatsu.1 is orphaned
[09:18:58][jomini_eventmanager.cpp:376]: Event zaibatsu.2 is orphaned
[09:18:58][jomini_eventmanager.cpp:376]: Event japan_religion.13 is orphaned
[09:19:00][route_graphics.cpp:904]: Unable to get valid state region from strip's lower anchor 1, LowerStateRegionID = 0
[09:19:00][route_graphics.cpp:908]: Unable to get valid state region from strip's upper anchor 2, UpperStateRegionID = 0
[09:19:00][route_graphics.cpp:886]: Strip between locators 39601 and 39902 connects state region to a non-adjacent one
[09:19:00][route_graphics.cpp:896]: Strip between locators 39601 and 39902 connects state region to a non-adjacent one
[09:19:00][route_graphics.cpp:904]: Unable to get valid state region from strip's lower anchor 1, LowerStateRegionID = 0
[09:19:00][route_graphics.cpp:904]: Unable to get valid state region from strip's lower anchor 1, LowerStateRegionID = 0
[09:19:00][route_graphics.cpp:886]: Strip between locators 13101 and 44401 connects state region to a non-adjacent one
[09:19:00][route_graphics.cpp:896]: Strip between locators 13101 and 44401 connects state region to a non-adjacent one
[09:19:00][route_graphics.cpp:886]: Strip between locators 13101 and 44403 connects state region to a non-adjacent one
[09:19:00][route_graphics.cpp:896]: Strip between locators 13101 and 44403 connects state region to a non-adjacent one
[09:19:00][route_graphics.cpp:886]: Strip between locators 17504 and 47901 connects state region to a non-adjacent one
[09:19:00][route_graphics.cpp:896]: Strip between locators 17504 and 47901 connects state region to a non-adjacent one
[09:19:00][route_graphics.cpp:821]: Strip between locators 6402 and 8395008 goes between anchors of different type (naval/land)
[09:19:00][route_graphics.cpp:821]: Strip between locators 73201 and 8395008 goes between anchors of different type (naval/land)
[09:19:00][route_graphics.cpp:821]: Strip between locators 7800 and 8396408 goes between anchors of different type (naval/land)
[09:19:00][route_graphics.cpp:821]: Strip between locators 21503 and 8396408 goes between anchors of different type (naval/land)
[09:19:00][route_graphics.cpp:821]: Strip between locators 18500 and 8407108 goes between anchors of different type (naval/land)
[09:19:00][route_graphics.cpp:821]: Strip between locators 18501 and 8407108 goes between anchors of different type (naval/land)
[09:19:00][route_graphics.cpp:821]: Strip between locators 30003 and 8418608 goes between anchors of different type (naval/land)
[09:19:00][route_graphics.cpp:821]: Strip between locators 32302 and 8420908 goes between anchors of different type (naval/land)
[09:19:00][route_graphics.cpp:821]: Strip between locators 42703 and 8431308 goes between anchors of different type (naval/land)
[09:19:00][route_graphics.cpp:821]: Strip between locators 40303 and 8441508 goes between anchors of different type (naval/land)
[09:19:00][route_graphics.cpp:821]: Strip between locators 52900 and 8441508 goes between anchors of different type (naval/land)
[09:19:00][route_graphics.cpp:821]: Strip between locators 52902 and 8441508 goes between anchors of different type (naval/land)
[09:19:00][fortification_graphics.cpp:373]: Fortification graphics: locator 0 is in a non-land province at (4385, 2943)
[09:19:00][fortification_graphics.cpp:373]: Fortification graphics: locator 1 is in a non-land province at (4453, 2944)
[09:19:00][fortification_graphics.cpp:373]: Fortification graphics: locator 2 is in a non-land province at (4359, 3002)
[09:19:00][fortification_graphics.cpp:391]: Fortification graphics: locator 3 is in a province at (4334, 3054) whose state region has graphical culture 'western' that does not have a corresponding entity for fortifications
[09:19:00][fortification_graphics.cpp:373]: Fortification graphics: locator 4 is in a non-land province at (5092, 3295)
[09:19:00][fortification_graphics.cpp:373]: Fortification graphics: locator 5 is in a non-land province at (4892, 3230)
[09:19:00][fortification_graphics.cpp:373]: Fortification graphics: locator 6 is in a non-land province at (4920, 3257)
[09:19:00][fortification_graphics.cpp:373]: Fortification graphics: locator 7 is in a non-land province at (4992, 3235)
[09:19:00][fortification_graphics.cpp:391]: Fortification graphics: locator 8 is in a province at (4862, 3415) whose state region has graphical culture 'western' that does not have a corresponding entity for fortifications
[09:19:00][fortification_graphics.cpp:391]: Fortification graphics: locator 9 is in a province at (4800, 3459) whose state region has graphical culture 'western' that does not have a corresponding entity for fortifications
[09:19:00][fortification_graphics.cpp:391]: Fortification graphics: locator 10 is in a province at (4422, 3343) whose state region has graphical culture 'western' that does not have a corresponding entity for fortifications
[09:19:00][fortification_graphics.cpp:391]: Fortification graphics: locator 11 is in a province at (4321, 3201) whose state region has graphical culture 'western' that does not have a corresponding entity for fortifications
[09:19:00][fortification_graphics.cpp:373]: Fortification graphics: locator 12 is in a non-land province at (4446, 2946)
[09:19:00][fortification_graphics.cpp:391]: Fortification graphics: locator 13 is in a province at (4317, 3201) whose state region has graphical culture 'western' that does not have a corresponding entity for fortifications
[09:19:00][fortification_graphics.cpp:391]: Fortification graphics: locator 14 is in a province at (4204, 3094) whose state region has graphical culture 'western' that does not have a corresponding entity for fortifications
[09:19:00][fortification_graphics.cpp:391]: Fortification graphics: locator 15 is in a province at (4209, 3082) whose state region has graphical culture 'western' that does not have a corresponding entity for fortifications
[09:19:00][fortification_graphics.cpp:391]: Fortification graphics: locator 16 is in a province at (4222, 3039) whose state region has graphical culture 'western' that does not have a corresponding entity for fortifications
[09:19:00][fortification_graphics.cpp:391]: Fortification graphics: locator 17 is in a province at (4286, 3014) whose state region has graphical culture 'western' that does not have a corresponding entity for fortifications
[09:19:00][fortification_graphics.cpp:391]: Fortification graphics: locator 18 is in a province at (4340, 3050) whose state region has graphical culture 'western' that does not have a corresponding entity for fortifications
[09:19:00][fortification_graphics.cpp:373]: Fortification graphics: locator 19 is in a non-land province at (4359, 2939)
[09:19:00][fortification_graphics.cpp:373]: Fortification graphics: locator 20 is in a non-land province at (4322, 2992)
[09:19:00][fortification_graphics.cpp:373]: Fortification graphics: locator 21 is in a non-land province at (4334, 2946)
[09:19:00][fortification_graphics.cpp:373]: Fortification graphics: locator 22 is in a non-land province at (4502, 3037)
[09:19:00][fortification_graphics.cpp:391]: Fortification graphics: locator 23 is in a province at (4651, 3234) whose state region has graphical culture 'western' that does not have a corresponding entity for fortifications
[09:19:00][fortification_graphics.cpp:373]: Fortification graphics: locator 24 is in a non-land province at (4645, 3016)
[09:19:00][fortification_graphics.cpp:391]: Fortification graphics: locator 25 is in a province at (4252, 2866) whose state region has graphical culture 'western' that does not have a corresponding entity for fortifications
[09:19:00][fortification_graphics.cpp:391]: Fortification graphics: locator 26 is in a province at (4263, 2869) whose state region has graphical culture 'western' that does not have a corresponding entity for fortifications
[09:19:00][fortification_graphics.cpp:373]: Fortification graphics: locator 27 is in a non-land province at (4331, 2889)
[09:19:00][fortification_graphics.cpp:373]: Fortification graphics: locator 28 is in a non-land province at (4179, 2797)
[09:19:00][fortification_graphics.cpp:373]: Fortification graphics: locator 29 is in a non-land province at (4154, 2788)
[09:19:00][fortification_graphics.cpp:373]: Fortification graphics: locator 30 is in a non-land province at (4133, 2782)
[09:19:00][fortification_graphics.cpp:373]: Fortification graphics: locator 31 is in a non-land province at (4132, 2759)
[09:19:00][fortification_graphics.cpp:373]: Fortification graphics: locator 32 is in a non-land province at (4101, 2746)
[09:19:00][fortification_graphics.cpp:373]: Fortification graphics: locator 33 is in a non-land province at (4057, 2745)
[09:19:00][fortification_graphics.cpp:373]: Fortification graphics: locator 34 is in a non-land province at (4069, 2777)
[09:19:00][fortification_graphics.cpp:373]: Fortification graphics: locator 35 is in a non-land province at (4115, 2786)
[09:19:00][fortification_graphics.cpp:391]: Fortification graphics: locator 36 is in a province at (3569, 3300) whose state region has graphical culture 'western' that does not have a corresponding entity for fortifications
[09:19:00][fortification_graphics.cpp:391]: Fortification graphics: locator 37 is in a province at (2910, 3221) whose state region has graphical culture 'western' that does not have a corresponding entity for fortifications
[09:19:00][fortification_graphics.cpp:373]: Fortification graphics: locator 38 is in a non-land province at (2875, 3415)
[09:19:00][fortification_graphics.cpp:391]: Fortification graphics: locator 39 is in a province at (3598, 3223) whose state region has graphical culture 'western' that does not have a corresponding entity for fortifications
[09:19:00][fortification_graphics.cpp:391]: Fortification graphics: locator 40 is in a province at (3941, 3140) whose state region has graphical culture 'western' that does not have a corresponding entity for fortifications
[09:19:00][fortification_graphics.cpp:391]: Fortification graphics: locator 41 is in a province at (4071, 3077) whose state region has graphical culture 'western' that does not have a corresponding entity for fortifications
[09:19:00][fortification_graphics.cpp:391]: Fortification graphics: locator 42 is in a province at (4027, 3044) whose state region has graphical culture 'western' that does not have a corresponding entity for fortifications
[09:19:00][fortification_graphics.cpp:373]: Fortification graphics: locator 43 is in a non-land province at (3938, 2914)
[09:19:00][fortification_graphics.cpp:373]: Fortification graphics: locator 44 is in a non-land province at (3903, 2906)
[09:19:00][fortification_graphics.cpp:373]: Fortification graphics: locator 45 is in a non-land province at (3885, 2850)
[09:19:00][fortification_graphics.cpp:373]: Fortification graphics: locator 46 is in a non-land province at (3908, 2812)
[09:19:00][fortification_graphics.cpp:373]: Fortification graphics: locator 47 is in a non-land province at (3936, 2823)
[09:19:00][fortification_graphics.cpp:373]: Fortification graphics: locator 48 is in a non-land province at (3981, 2761)
[09:19:00][fortification_graphics.cpp:373]: Fortification graphics: locator 49 is in a non-land province at (4029, 2798)
[09:19:00][fortification_graphics.cpp:373]: Fortification graphics: locator 50 is in a non-land province at (4013, 2800)
[09:19:00][fortification_graphics.cpp:373]: Fortification graphics: locator 51 is in a non-land province at (3982, 2807)
[09:19:00][fortification_graphics.cpp:373]: Fortification graphics: locator 52 is in a non-land province at (3955, 2854)
[09:19:00][fortification_graphics.cpp:373]: Fortification graphics: locator 53 is in a non-land province at (3956, 2859)
[09:19:00][fortification_graphics.cpp:373]: Fortification graphics: locator 54 is in a non-land province at (3967, 2900)
[09:19:00][fortification_graphics.cpp:373]: Fortification graphics: locator 55 is in a non-land province at (3991, 2882)
[09:19:00][fortification_graphics.cpp:391]: Fortification graphics: locator 56 is in a province at (4027, 2864) whose state region has graphical culture 'western' that does not have a corresponding entity for fortifications
[09:19:00][fortification_graphics.cpp:391]: Fortification graphics: locator 57 is in a province at (4003, 2991) whose state region has graphical culture 'western' that does not have a corresponding entity for fortifications
[09:19:00][fortification_graphics.cpp:391]: Fortification graphics: locator 58 is in a province at (4047, 2980) whose state region has graphical culture 'western' that does not have a corresponding entity for fortifications
[09:19:00][fortification_graphics.cpp:391]: Fortification graphics: locator 59 is in a province at (4022, 2940) whose state region has graphical culture 'western' that does not have a corresponding entity for fortifications
[09:19:00][fortification_graphics.cpp:391]: Fortification graphics: locator 60 is in a province at (4061, 2912) whose state region has graphical culture 'western' that does not have a corresponding entity for fortifications
[09:19:00][fortification_graphics.cpp:373]: Fortification graphics: locator 61 is in a non-land province at (4090, 2869)
[09:19:00][fortification_graphics.cpp:373]: Fortification graphics: locator 62 is in a non-land province at (4094, 2863)
[09:19:00][fortification_graphics.cpp:373]: Fortification graphics: locator 63 is in a non-land province at (4128, 2814)
[09:19:00][fortification_graphics.cpp:373]: Fortification graphics: locator 64 is in a non-land province at (4105, 2798)
[09:19:00][fortification_graphics.cpp:373]: Fortification graphics: locator 65 is in a non-land province at (4124, 2790)
[09:19:00][fortification_graphics.cpp:373]: Fortification graphics: locator 66 is in a non-land province at (4088, 2782)
[09:19:00][fortification_graphics.cpp:373]: Fortification graphics: locator 67 is in a non-land province at (4074, 2780)
[09:19:00][fortification_graphics.cpp:373]: Fortification graphics: locator 68 is in a non-land province at (4018, 2567)
[09:19:00][fortification_graphics.cpp:373]: Fortification graphics: locator 69 is in a non-land province at (4030, 2566)
[09:19:00][fortification_graphics.cpp:373]: Fortification graphics: locator 70 is in a non-land province at (4048, 2563)
[09:19:00][fortification_graphics.cpp:373]: Fortification graphics: locator 71 is in a non-land province at (3962, 2572)
[09:19:00][fortification_graphics.cpp:373]: Fortification graphics: locator 72 is in a non-land province at (4066, 2587)
[09:19:00][fortification_graphics.cpp:373]: Fortification graphics: locator 73 is in a non-land province at (3903, 2563)
[09:19:00][fortification_graphics.cpp:373]: Fortification graphics: locator 74 is in a non-land province at (3907, 2570)
[09:19:00][fortification_graphics.cpp:373]: Fortification graphics: locator 75 is in a non-land province at (3512, 2413)
[09:19:00][fortification_graphics.cpp:373]: Fortification graphics: locator 76 is in a non-land province at (3478, 2438)
[09:19:00][fortification_graphics.cpp:373]: Fortification graphics: locator 77 is in a non-land province at (3712, 2281)
[09:19:00][fortification_graphics.cpp:391]: Fortification graphics: locator 78 is in a province at (4677, 706) whose state region has graphical culture 'western' that does not have a corresponding entity for fortifications
[09:19:00][fortification_graphics.cpp:373]: Fortification graphics: locator 79 is in a non-land province at (4741, 738)
[09:19:00][fortification_graphics.cpp:373]: Fortification graphics: locator 80 is in a non-land province at (4599, 701)
[09:19:00][fortification_graphics.cpp:373]: Fortification graphics: locator 81 is in a non-land province at (5077, 1776)
[09:19:00][fortification_graphics.cpp:373]: Fortification graphics: locator 82 is in a non-land province at (5115, 1748)
[09:19:00][fortification_graphics.cpp:373]: Fortification graphics: locator 83 is in a non-land province at (5120, 1555)
[09:19:00][fortification_graphics.cpp:373]: Fortification graphics: locator 84 is in a non-land province at (5017, 1454)
[09:19:00][fortification_graphics.cpp:373]: Fortification graphics: locator 85 is in a non-land province at (5347, 1903)
[09:19:00][fortification_graphics.cpp:373]: Fortification graphics: locator 86 is in a non-land province at (5238, 2113)
[09:19:00][fortification_graphics.cpp:391]: Fortification graphics: locator 87 is in a province at (6271, 1639) whose state region has graphical culture 'western' that does not have a corresponding entity for fortifications
[09:19:00][fortification_graphics.cpp:391]: Fortification graphics: locator 88 is in a province at (6269, 1645) whose state region has graphical culture 'western' that does not have a corresponding entity for fortifications
[09:19:00][fortification_graphics.cpp:373]: Fortification graphics: locator 89 is in a non-land province at (6425, 1562)
[09:19:00][fortification_graphics.cpp:373]: Fortification graphics: locator 90 is in a non-land province at (6918, 1701)
[09:19:00][fortification_graphics.cpp:373]: Fortification graphics: locator 91 is in a non-land province at (6972, 1653)
[09:19:00][fortification_graphics.cpp:373]: Fortification graphics: locator 92 is in a non-land province at (6845, 1837)
[09:19:00][fortification_graphics.cpp:373]: Fortification graphics: locator 93 is in a non-land province at (6995, 1530)
[09:19:00][fortification_graphics.cpp:373]: Fortification graphics: locator 94 is in a non-land province at (7294, 1454)
[09:19:00][fortification_graphics.cpp:373]: Fortification graphics: locator 95 is in a non-land province at (7904, 1155)
[09:19:00][fortification_graphics.cpp:373]: Fortification graphics: locator 96 is in a non-land province at (7901, 984)
[09:19:00][fortification_graphics.cpp:373]: Fortification graphics: locator 97 is in a non-land province at (463, 2028)
[09:19:00][fortification_graphics.cpp:373]: Fortification graphics: locator 98 is in a non-land province at (545, 1973)
[09:19:00][fortification_graphics.cpp:373]: Fortification graphics: locator 99 is in a non-land province at (500, 2004)
[09:19:00][fortification_graphics.cpp:373]: Fortification graphics: locator 100 is in a non-land province at (7990, 1673)
[09:19:00][fortification_graphics.cpp:373]: Fortification graphics: locator 101 is in a non-land province at (7508, 1707)
[09:19:00][fortification_graphics.cpp:373]: Fortification graphics: locator 102 is in a non-land province at (7890, 1495)
[09:19:00][fortification_graphics.cpp:373]: Fortification graphics: locator 103 is in a non-land province at (835, 853)
[09:19:00][fortification_graphics.cpp:373]: Fortification graphics: locator 104 is in a non-land province at (211, 1187)
[09:19:00][fortification_graphics.cpp:373]: Fortification graphics: locator 105 is in a non-land province at (8161, 1095)
[09:19:00][fortification_graphics.cpp:373]: Fortification graphics: locator 106 is in a non-land province at (7875, 1005)
[09:19:00][fortification_graphics.cpp:373]: Fortification graphics: locator 107 is in a non-land province at (7637, 1357)
[09:19:00][fortification_graphics.cpp:373]: Fortification graphics: locator 108 is in a non-land province at (7417, 1400)
[09:19:00][fortification_graphics.cpp:373]: Fortification graphics: locator 109 is in a non-land province at (7446, 1297)
[09:19:00][fortification_graphics.cpp:373]: Fortification graphics: locator 110 is in a non-land province at (7086, 1491)
[09:19:00][fortification_graphics.cpp:373]: Fortification graphics: locator 111 is in a non-land province at (7019, 1429)
[09:19:00][fortification_graphics.cpp:373]: Fortification graphics: locator 112 is in a non-land province at (6998, 1526)
[09:19:00][fortification_graphics.cpp:373]: Fortification graphics: locator 113 is in a non-land province at (6935, 1541)
[09:19:00][fortification_graphics.cpp:373]: Fortification graphics: locator 114 is in a non-land province at (6817, 1394)
[09:19:00][fortification_graphics.cpp:373]: Fortification graphics: locator 115 is in a non-land province at (6843, 1897)
[09:19:00][fortification_graphics.cpp:373]: Fortification graphics: locator 116 is in a non-land province at (6840, 1842)
[09:19:00][fortification_graphics.cpp:373]: Fortification graphics: locator 117 is in a non-land province at (6394, 1802)
[09:19:00][fortification_graphics.cpp:373]: Fortification graphics: locator 118 is in a non-land province at (6696, 2026)
[09:19:00][fortification_graphics.cpp:373]: Fortification graphics: locator 119 is in a non-land province at (6840, 2140)
[09:19:00][fortification_graphics.cpp:373]: Fortification graphics: locator 120 is in a non-land province at (8141, 3230)
[09:19:00][fortification_graphics.cpp:373]: Fortification graphics: locator 121 is in a non-land province at (7802, 2958)
[09:19:00][fortification_graphics.cpp:373]: Fortification graphics: locator 122 is in a non-land province at (7349, 3050)
[09:19:00][fortification_graphics.cpp:373]: Fortification graphics: locator 123 is in a non-land province at (7315, 2854)
[09:19:00][fortification_graphics.cpp:373]: Fortification graphics: locator 124 is in a non-land province at (7101, 2554)
[09:19:00][fortification_graphics.cpp:373]: Fortification graphics: locator 125 is in a non-land province at (7102, 2558)
[09:19:00][fortification_graphics.cpp:373]: Fortification graphics: locator 126 is in a non-land province at (7052, 2511)
[09:19:00][fortification_graphics.cpp:373]: Fortification graphics: locator 127 is in a non-land province at (7049, 2290)
[09:19:00][fortification_graphics.cpp:373]: Fortification graphics: locator 128 is in a non-land province at (2766, 689)
[09:19:00][fortification_graphics.cpp:373]: Fortification graphics: locator 129 is in a non-land province at (2765, 704)
[09:19:00][fortification_graphics.cpp:373]: Fortification graphics: locator 130 is in a non-land province at (2777, 696)
[09:19:00][fortification_graphics.cpp:373]: Fortification graphics: locator 131 is in a non-land province at (3145, 1446)
[09:19:00][fortification_graphics.cpp:373]: Fortification graphics: locator 132 is in a non-land province at (2990, 1477)
[09:19:00][fortification_graphics.cpp:391]: Fortification graphics: locator 133 is in a province at (2438, 2509) whose state region has graphical culture 'western' that does not have a corresponding entity for fortifications
[09:19:00][fortification_graphics.cpp:373]: Fortification graphics: locator 134 is in a non-land province at (2273, 2016)
[09:19:00][fortification_graphics.cpp:391]: Fortification graphics: locator 135 is in a province at (2240, 2215) whose state region has graphical culture 'western' that does not have a corresponding entity for fortifications
[09:19:00][fortification_graphics.cpp:391]: Fortification graphics: locator 136 is in a province at (2334, 2093) whose state region has graphical culture 'western' that does not have a corresponding entity for fortifications
[09:19:00][fortification_graphics.cpp:391]: Fortification graphics: locator 137 is in a province at (2222, 2048) whose state region has graphical culture 'western' that does not have a corresponding entity for fortifications
[09:19:00][fortification_graphics.cpp:373]: Fortification graphics: locator 138 is in a non-land province at (2208, 2044)
[09:19:00][fortification_graphics.cpp:391]: Fortification graphics: locator 139 is in a province at (2264, 2023) whose state region has graphical culture 'western' that does not have a corresponding entity for fortifications
[09:19:00][fortification_graphics.cpp:391]: Fortification graphics: locator 140 is in a province at (2342, 1933) whose state region has graphical culture 'western' that does not have a corresponding entity for fortifications
[09:19:00][fortification_graphics.cpp:373]: Fortification graphics: locator 141 is in a non-land province at (5216, 2221)
[09:19:00][fortification_graphics.cpp:391]: Fortification graphics: locator 142 is in a province at (2381, 1972) whose state region has graphical culture 'western' that does not have a corresponding entity for fortifications
[09:19:00][fortification_graphics.cpp:391]: Fortification graphics: locator 143 is in a province at (2369, 1973) whose state region has graphical culture 'western' that does not have a corresponding entity for fortifications
[09:19:00][fortification_graphics.cpp:391]: Fortification graphics: locator 144 is in a province at (2341, 1922) whose state region has graphical culture 'western' that does not have a corresponding entity for fortifications
[09:19:00][fortification_graphics.cpp:391]: Fortification graphics: locator 145 is in a province at (2593, 1935) whose state region has graphical culture 'western' that does not have a corresponding entity for fortifications
[09:19:00][fortification_graphics.cpp:391]: Fortification graphics: locator 146 is in a province at (2588, 1936) whose state region has graphical culture 'western' that does not have a corresponding entity for fortifications
[09:19:00][fortification_graphics.cpp:391]: Fortification graphics: locator 147 is in a province at (2505, 1938) whose state region has graphical culture 'western' that does not have a corresponding entity for fortifications
[09:19:00][fortification_graphics.cpp:391]: Fortification graphics: locator 148 is in a province at (2446, 1937) whose state region has graphical culture 'western' that does not have a corresponding entity for fortifications
[09:19:00][fortification_graphics.cpp:391]: Fortification graphics: locator 149 is in a province at (2426, 1968) whose state region has graphical culture 'western' that does not have a corresponding entity for fortifications
[09:19:00][fortification_graphics.cpp:391]: Fortification graphics: locator 150 is in a province at (2453, 1963) whose state region has graphical culture 'western' that does not have a corresponding entity for fortifications
[09:19:00][fortification_graphics.cpp:391]: Fortification graphics: locator 151 is in a province at (2673, 2296) whose state region has graphical culture 'western' that does not have a corresponding entity for fortifications
[09:19:00][fortification_graphics.cpp:391]: Fortification graphics: locator 152 is in a province at (2658, 2280) whose state region has graphical culture 'western' that does not have a corresponding entity for fortifications
[09:19:00][fortification_graphics.cpp:391]: Fortification graphics: locator 153 is in a province at (2026, 3187) whose state region has graphical culture 'western' that does not have a corresponding entity for fortifications
[09:19:00][fortification_graphics.cpp:391]: Fortification graphics: locator 154 is in a province at (1949, 3030) whose state region has graphical culture 'western' that does not have a corresponding entity for fortifications
[09:19:00][fortification_graphics.cpp:391]: Fortification graphics: locator 155 is in a province at (1985, 2979) whose state region has graphical culture 'western' that does not have a corresponding entity for fortifications
[09:19:00][fortification_graphics.cpp:391]: Fortification graphics: locator 156 is in a province at (2260, 2796) whose state region has graphical culture 'western' that does not have a corresponding entity for fortifications
[09:19:00][fortification_graphics.cpp:391]: Fortification graphics: locator 157 is in a province at (2878, 2708) whose state region has graphical culture 'western' that does not have a corresponding entity for fortifications
[09:19:00][fortification_graphics.cpp:373]: Fortification graphics: locator 158 is in a non-land province at (2893, 2688)
[09:19:00][fortification_graphics.cpp:391]: Fortification graphics: locator 159 is in a province at (2626, 2724) whose state region has graphical culture 'western' that does not have a corresponding entity for fortifications
[09:19:00][fortification_graphics.cpp:391]: Fortification graphics: locator 160 is in a province at (2485, 2672) whose state region has graphical culture 'western' that does not have a corresponding entity for fortifications
[09:19:00][fortification_graphics.cpp:391]: Fortification graphics: locator 161 is in a province at (2721, 2648) whose state region has graphical culture 'western' that does not have a corresponding entity for fortifications
[09:19:00][fortification_graphics.cpp:391]: Fortification graphics: locator 162 is in a province at (2636, 2598) whose state region has graphical culture 'western' that does not have a corresponding entity for fortifications
[09:19:00][fortification_graphics.cpp:391]: Fortification graphics: locator 163 is in a province at (2504, 2578) whose state region has graphical culture 'western' that does not have a corresponding entity for fortifications
[09:19:00][fortification_graphics.cpp:391]: Fortification graphics: locator 164 is in a province at (2483, 2556) whose state region has graphical culture 'western' that does not have a corresponding entity for fortifications
[09:19:00][fortification_graphics.cpp:391]: Fortification graphics: locator 165 is in a province at (2486, 2526) whose state region has graphical culture 'western' that does not have a corresponding entity for fortifications
[09:19:00][fortification_graphics.cpp:391]: Fortification graphics: locator 166 is in a province at (2483, 2533) whose state region has graphical culture 'western' that does not have a corresponding entity for fortifications
[09:19:00][fortification_graphics.cpp:391]: Fortification graphics: locator 167 is in a province at (2467, 2515) whose state region has graphical culture 'western' that does not have a corresponding entity for fortifications
[09:19:00][fortification_graphics.cpp:391]: Fortification graphics: locator 168 is in a province at (2415, 2495) whose state region has graphical culture 'western' that does not have a corresponding entity for fortifications
[09:19:00][fortification_graphics.cpp:391]: Fortification graphics: locator 169 is in a province at (2409, 2484) whose state region has graphical culture 'western' that does not have a corresponding entity for fortifications
[09:19:00][fortification_graphics.cpp:391]: Fortification graphics: locator 170 is in a province at (2376, 2458) whose state region has graphical culture 'western' that does not have a corresponding entity for fortifications
[09:19:00][fortification_graphics.cpp:391]: Fortification graphics: locator 171 is in a province at (2385, 2440) whose state region has graphical culture 'western' that does not have a corresponding entity for fortifications
[09:19:00][fortification_graphics.cpp:391]: Fortification graphics: locator 172 is in a province at (2353, 2446) whose state region has graphical culture 'western' that does not have a corresponding entity for fortifications
[09:19:00][fortification_graphics.cpp:391]: Fortification graphics: locator 173 is in a province at (2356, 2423) whose state region has graphical culture 'western' that does not have a corresponding entity for fortifications
[09:19:00][fortification_graphics.cpp:391]: Fortification graphics: locator 174 is in a province at (2364, 2390) whose state region has graphical culture 'western' that does not have a corresponding entity for fortifications
[09:19:00][fortification_graphics.cpp:391]: Fortification graphics: locator 175 is in a province at (2346, 2335) whose state region has graphical culture 'western' that does not have a corresponding entity for fortifications
[09:19:00][fortification_graphics.cpp:391]: Fortification graphics: locator 176 is in a province at (2318, 2316) whose state region has graphical culture 'western' that does not have a corresponding entity for fortifications
[09:19:00][fortification_graphics.cpp:391]: Fortification graphics: locator 177 is in a province at (2246, 2259) whose state region has graphical culture 'western' that does not have a corresponding entity for fortifications
[09:19:00][fortification_graphics.cpp:391]: Fortification graphics: locator 178 is in a province at (2272, 2281) whose state region has graphical culture 'western' that does not have a corresponding entity for fortifications
[09:19:00][fortification_graphics.cpp:373]: Fortification graphics: locator 179 is in a non-land province at (2108, 2227)
[09:19:00][fortification_graphics.cpp:373]: Fortification graphics: locator 180 is in a non-land province at (2087, 2224)
[09:19:00][fortification_graphics.cpp:373]: Fortification graphics: locator 181 is in a non-land province at (2042, 2195)
[09:19:00][fortification_graphics.cpp:373]: Fortification graphics: locator 182 is in a non-land province at (2046, 2213)
[09:19:00][fortification_graphics.cpp:373]: Fortification graphics: locator 183 is in a non-land province at (1934, 2197)
[09:19:00][fortification_graphics.cpp:373]: Fortification graphics: locator 184 is in a non-land province at (1864, 2031)
[09:19:00][fortification_graphics.cpp:373]: Fortification graphics: locator 185 is in a non-land province at (1895, 1969)
[09:19:00][fortification_graphics.cpp:373]: Fortification graphics: locator 186 is in a non-land province at (1939, 1934)
[09:19:00][fortification_graphics.cpp:373]: Fortification graphics: locator 187 is in a non-land province at (2006, 1942)
[09:19:00][fortification_graphics.cpp:373]: Fortification graphics: locator 188 is in a non-land province at (2090, 1919)
[09:19:00][fortification_graphics.cpp:391]: Fortification graphics: locator 189 is in a province at (2121, 1872) whose state region has graphical culture 'western' that does not have a corresponding entity for fortifications
[09:19:00][fortification_graphics.cpp:391]: Fortification graphics: locator 190 is in a province at (2187, 1786) whose state region has graphical culture 'western' that does not have a corresponding entity for fortifications
[09:19:00][fortification_graphics.cpp:391]: Fortification graphics: locator 191 is in a province at (2199, 1742) whose state region has graphical culture 'western' that does not have a corresponding entity for fortifications
[09:19:00][fortification_graphics.cpp:373]: Fortification graphics: locator 192 is in a non-land province at (2408, 1768)
[09:19:00][fortification_graphics.cpp:391]: Fortification graphics: locator 193 is in a province at (2376, 1752) whose state region has graphical culture 'western' that does not have a corresponding entity for fortifications
[09:19:00][fortification_graphics.cpp:373]: Fortification graphics: locator 194 is in a non-land province at (2467, 1758)
[09:19:00][fortification_graphics.cpp:373]: Fortification graphics: locator 195 is in a non-land province at (2622, 1744)
[09:19:00][fortification_graphics.cpp:373]: Fortification graphics: locator 196 is in a non-land province at (2528, 1788)
[09:19:00][fortification_graphics.cpp:373]: Fortification graphics: locator 197 is in a non-land province at (2691, 1879)
[09:19:00][fortification_graphics.cpp:373]: Fortification graphics: locator 198 is in a non-land province at (2705, 1845)
[09:19:00][fortification_graphics.cpp:373]: Fortification graphics: locator 199 is in a non-land province at (2693, 1756)
[09:19:00][fortification_graphics.cpp:373]: Fortification graphics: locator 200 is in a non-land province at (2770, 1670)
[09:19:00][fortification_graphics.cpp:373]: Fortification graphics: locator 201 is in a non-land province at (2785, 1659)
[09:19:00][fortification_graphics.cpp:373]: Fortification graphics: locator 202 is in a non-land province at (2944, 1514)
[09:19:00][fortification_graphics.cpp:373]: Fortification graphics: locator 203 is in a non-land province at (3090, 1456)
[09:19:00][fortification_graphics.cpp:373]: Fortification graphics: locator 204 is in a non-land province at (3167, 1446)
[09:19:00][fortification_graphics.cpp:373]: Fortification graphics: locator 205 is in a non-land province at (3255, 1397)
[09:19:00][fortification_graphics.cpp:373]: Fortification graphics: locator 206 is in a non-land province at (3301, 1329)
[09:19:00][fortification_graphics.cpp:373]: Fortification graphics: locator 207 is in a non-land province at (3251, 1260)
[09:19:00][fortification_graphics.cpp:373]: Fortification graphics: locator 208 is in a non-land province at (3219, 1215)
[09:19:00][fortification_graphics.cpp:373]: Fortification graphics: locator 209 is in a non-land province at (3206, 1173)
[09:19:00][fortification_graphics.cpp:373]: Fortification graphics: locator 210 is in a non-land province at (3170, 1031)
[09:19:00][fortification_graphics.cpp:373]: Fortification graphics: locator 211 is in a non-land province at (3113, 978)
[09:19:00][fortification_graphics.cpp:373]: Fortification graphics: locator 212 is in a non-land province at (3042, 956)
[09:19:00][fortification_graphics.cpp:373]: Fortification graphics: locator 213 is in a non-land province at (2990, 912)
[09:19:00][fortification_graphics.cpp:373]: Fortification graphics: locator 214 is in a non-land province at (2992, 870)
[09:19:00][fortification_graphics.cpp:373]: Fortification graphics: locator 215 is in a non-land province at (2908, 754)
[09:19:00][fortification_graphics.cpp:373]: Fortification graphics: locator 216 is in a non-land province at (2845, 683)
[09:19:00][fortification_graphics.cpp:373]: Fortification graphics: locator 217 is in a non-land province at (2814, 683)
[09:19:00][fortification_graphics.cpp:373]: Fortification graphics: locator 218 is in a non-land province at (2785, 605)
[09:19:00][fortification_graphics.cpp:373]: Fortification graphics: locator 219 is in a non-land province at (2553, 280)
[09:19:00][fortification_graphics.cpp:373]: Fortification graphics: locator 220 is in a non-land province at (2721, 204)
[09:19:00][fortification_graphics.cpp:373]: Fortification graphics: locator 221 is in a non-land province at (2432, 502)
[09:19:00][fortification_graphics.cpp:373]: Fortification graphics: locator 222 is in a non-land province at (2426, 560)
[09:19:00][fortification_graphics.cpp:373]: Fortification graphics: locator 223 is in a non-land province at (2465, 729)
[09:19:00][fortification_graphics.cpp:373]: Fortification graphics: locator 224 is in a non-land province at (2487, 915)
[09:19:00][fortification_graphics.cpp:373]: Fortification graphics: locator 225 is in a non-land province at (2498, 1057)
[09:19:00][fortification_graphics.cpp:373]: Fortification graphics: locator 226 is in a non-land province at (2460, 1119)
[09:19:00][fortification_graphics.cpp:373]: Fortification graphics: locator 227 is in a non-land province at (2394, 1153)
[09:19:00][fortification_graphics.cpp:373]: Fortification graphics: locator 228 is in a non-land province at (2337, 1236)
[09:19:00][fortification_graphics.cpp:391]: Fortification graphics: locator 229 is in a province at (2273, 1356) whose state region has graphical culture 'western' that does not have a corresponding entity for fortifications
[09:19:00][fortification_graphics.cpp:391]: Fortification graphics: locator 230 is in a province at (2287, 1535) whose state region has graphical culture 'western' that does not have a corresponding entity for fortifications
[09:19:00][fortification_graphics.cpp:391]: Fortification graphics: locator 231 is in a province at (2335, 1600) whose state region has graphical culture 'western' that does not have a corresponding entity for fortifications
[09:19:00][fortification_graphics.cpp:391]: Fortification graphics: locator 232 is in a province at (2273, 1723) whose state region has graphical culture 'western' that does not have a corresponding entity for fortifications
[09:19:00][fortification_graphics.cpp:391]: Fortification graphics: locator 233 is in a province at (2277, 1712) whose state region has graphical culture 'western' that does not have a corresponding entity for fortifications
[09:19:00][fortification_graphics.cpp:391]: Fortification graphics: locator 234 is in a province at (2051, 1822) whose state region has graphical culture 'western' that does not have a corresponding entity for fortifications
[09:19:00][fortification_graphics.cpp:373]: Fortification graphics: locator 235 is in a non-land province at (1962, 1875)
[09:19:00][fortification_graphics.cpp:373]: Fortification graphics: locator 236 is in a non-land province at (1920, 1879)
[09:19:00][fortification_graphics.cpp:373]: Fortification graphics: locator 237 is in a non-land province at (1826, 1897)
[09:19:00][fortification_graphics.cpp:373]: Fortification graphics: locator 238 is in a non-land province at (1693, 1992)
[09:19:00][fortification_graphics.cpp:373]: Fortification graphics: locator 239 is in a non-land province at (1693, 2013)
[09:19:00][fortification_graphics.cpp:373]: Fortification graphics: locator 240 is in a non-land province at (1603, 2111)
[09:19:00][fortification_graphics.cpp:373]: Fortification graphics: locator 241 is in a non-land province at (1568, 2164)
[09:19:00][fortification_graphics.cpp:373]: Fortification graphics: locator 242 is in a non-land province at (1453, 2228)
[09:19:00][fortification_graphics.cpp:373]: Fortification graphics: locator 243 is in a non-land province at (1400, 2310)
[09:19:00][fortification_graphics.cpp:391]: Fortification graphics: locator 244 is in a province at (1305, 2416) whose state region has graphical culture 'western' that does not have a corresponding entity for fortifications
[09:19:00][fortification_graphics.cpp:391]: Fortification graphics: locator 245 is in a province at (1300, 2419) whose state region has graphical culture 'western' that does not have a corresponding entity for fortifications
[09:19:00][fortification_graphics.cpp:373]: Fortification graphics: locator 246 is in a non-land province at (1272, 2643)
[09:19:00][fortification_graphics.cpp:373]: Fortification graphics: locator 247 is in a non-land province at (1295, 2698)
[09:19:00][fortification_graphics.cpp:373]: Fortification graphics: locator 248 is in a non-land province at (1283, 2711)
[09:19:00][fortification_graphics.cpp:373]: Fortification graphics: locator 249 is in a non-land province at (1054, 2980)
[09:19:00][fortification_graphics.cpp:373]: Fortification graphics: locator 250 is in a non-land province at (649, 3091)
[09:19:00][fortification_graphics.cpp:373]: Fortification graphics: locator 251 is in a non-land province at (689, 3072)
[09:19:00][fortification_graphics.cpp:373]: Fortification graphics: locator 252 is in a non-land province at (7315, 2510)
[09:19:00][fortification_graphics.cpp:373]: Fortification graphics: locator 253 is in a non-land province at (7359, 2735)
[09:19:00][fortification_graphics.cpp:373]: Fortification graphics: locator 254 is in a non-land province at (7356, 2657)
[09:19:00][fortification_graphics.cpp:373]: Fortification graphics: locator 255 is in a non-land province at (7306, 2523)
[09:19:00][fortification_graphics.cpp:373]: Fortification graphics: locator 256 is in a non-land province at (7320, 2442)
[09:19:00][fortification_graphics.cpp:373]: Fortification graphics: locator 257 is in a non-land province at (7283, 2351)
[09:19:00][fortification_graphics.cpp:373]: Fortification graphics: locator 258 is in a non-land province at (7282, 2341)
[09:19:00][fortification_graphics.cpp:373]: Fortification graphics: locator 259 is in a non-land province at (7214, 2329)
[09:19:00][fortification_graphics.cpp:373]: Fortification graphics: locator 260 is in a non-land province at (7178, 2361)
[09:19:00][fortification_graphics.cpp:373]: Fortification graphics: locator 261 is in a non-land province at (7173, 2333)
[09:19:00][fortification_graphics.cpp:373]: Fortification graphics: locator 262 is in a non-land province at (7162, 2320)
[09:19:00][fortification_graphics.cpp:373]: Fortification graphics: locator 263 is in a non-land province at (7175, 2319)
[09:19:00][fortification_graphics.cpp:373]: Fortification graphics: locator 264 is in a non-land province at (7125, 2318)
[09:19:00][fortification_graphics.cpp:373]: Fortification graphics: locator 265 is in a non-land province at (7114, 2319)
[09:19:00][fortification_graphics.cpp:373]: Fortification graphics: locator 266 is in a non-land province at (7010, 2125)
[09:19:00][fortification_graphics.cpp:373]: Fortification graphics: locator 267 is in a non-land province at (7054, 2281)
[09:19:00][fortification_graphics.cpp:373]: Fortification graphics: locator 268 is in a non-land province at (7080, 2318)
[09:19:00][fortification_graphics.cpp:373]: Fortification graphics: locator 269 is in a non-land province at (7040, 2348)
[09:19:00][fortification_graphics.cpp:373]: Fortification graphics: locator 270 is in a non-land province at (6987, 2303)
[09:19:00][fortification_graphics.cpp:373]: Fortification graphics: locator 271 is in a non-land province at (6980, 2321)
[09:19:00][fortification_graphics.cpp:373]: Fortification graphics: locator 272 is in a non-land province at (6975, 2412)
[09:19:00][fortification_graphics.cpp:373]: Fortification graphics: locator 273 is in a non-land province at (6965, 2416)
[09:19:00][fortification_graphics.cpp:373]: Fortification graphics: locator 274 is in a non-land province at (6872, 2501)
[09:19:00][fortification_graphics.cpp:373]: Fortification graphics: locator 275 is in a non-land province at (6859, 2443)
[09:19:00][fortification_graphics.cpp:373]: Fortification graphics: locator 276 is in a non-land province at (6856, 2440)
[09:19:00][fortification_graphics.cpp:373]: Fortification graphics: locator 277 is in a non-land province at (6776, 2453)
[09:19:00][fortification_graphics.cpp:373]: Fortification graphics: locator 278 is in a non-land province at (6775, 2448)
[09:19:00][fortification_graphics.cpp:373]: Fortification graphics: locator 279 is in a non-land province at (6775, 2432)
[09:19:00][fortification_graphics.cpp:373]: Fortification graphics: locator 280 is in a non-land province at (6870, 2407)
[09:19:00][fortification_graphics.cpp:373]: Fortification graphics: locator 281 is in a non-land province at (6838, 2371)
[09:19:00][fortification_graphics.cpp:373]: Fortification graphics: locator 282 is in a non-land province at (6835, 2367)
[09:19:00][fortification_graphics.cpp:373]: Fortification graphics: locator 283 is in a non-land province at (6829, 2327)
[09:19:00][fortification_graphics.cpp:373]: Fortification graphics: locator 284 is in a non-land province at (6868, 2265)
[09:19:00][fortification_graphics.cpp:373]: Fortification graphics: locator 285 is in a non-land province at (6860, 2257)
[09:19:00][fortification_graphics.cpp:373]: Fortification graphics: locator 286 is in a non-land province at (6865, 2215)
[09:19:00][fortification_graphics.cpp:373]: Fortification graphics: locator 287 is in a non-land province at (6871, 2171)
[09:19:00][fortification_graphics.cpp:373]: Fortification graphics: locator 288 is in a non-land province at (6798, 2082)
[09:19:00][fortification_graphics.cpp:373]: Fortification graphics: locator 289 is in a non-land province at (6681, 2037)
[09:19:00][fortification_graphics.cpp:373]: Fortification graphics: locator 290 is in a non-land province at (6681, 2027)
[09:19:00][fortification_graphics.cpp:373]: Fortification graphics: locator 291 is in a non-land province at (6568, 2012)
[09:19:00][fortification_graphics.cpp:373]: Fortification graphics: locator 292 is in a non-land province at (6611, 1973)
[09:19:00][fortification_graphics.cpp:373]: Fortification graphics: locator 293 is in a non-land province at (6530, 1987)
[09:19:00][fortification_graphics.cpp:373]: Fortification graphics: locator 294 is in a non-land province at (6548, 1891)
[09:19:00][fortification_graphics.cpp:373]: Fortification graphics: locator 295 is in a non-land province at (6562, 1880)
[09:19:00][fortification_graphics.cpp:373]: Fortification graphics: locator 296 is in a non-land province at (6537, 1748)
[09:19:00][fortification_graphics.cpp:373]: Fortification graphics: locator 297 is in a non-land province at (6466, 1742)
[09:19:00][fortification_graphics.cpp:373]: Fortification graphics: locator 298 is in a non-land province at (6376, 1811)
[09:19:00][fortification_graphics.cpp:373]: Fortification graphics: locator 299 is in a non-land province at (6851, 1848)
[09:19:00][fortification_graphics.cpp:373]: Fortification graphics: locator 300 is in a non-land province at (6921, 1746)
[09:19:00][fortification_graphics.cpp:373]: Fortification graphics: locator 301 is in a non-land province at (6878, 1669)
[09:19:00][fortification_graphics.cpp:373]: Fortification graphics: locator 302 is in a non-land province at (6742, 1649)
[09:19:00][fortification_graphics.cpp:373]: Fortification graphics: locator 303 is in a non-land province at (6611, 1549)
[09:19:00][fortification_graphics.cpp:373]: Fortification graphics: locator 304 is in a non-land province at (6716, 1626)
[09:19:00][fortification_graphics.cpp:373]: Fortification graphics: locator 305 is in a non-land province at (6603, 1475)
[09:19:00][fortification_graphics.cpp:373]: Fortification graphics: locator 306 is in a non-land province at (6761, 1484)
[09:19:00][fortification_graphics.cpp:373]: Fortification graphics: locator 307 is in a non-land province at (6722, 1313)
[09:19:00][fortification_graphics.cpp:373]: Fortification graphics: locator 308 is in a non-land province at (6740, 1317)
[09:19:00][fortification_graphics.cpp:373]: Fortification graphics: locator 309 is in a non-land province at (6669, 1337)
[09:19:00][fortification_graphics.cpp:373]: Fortification graphics: locator 310 is in a non-land province at (6666, 1351)
[09:19:00][fortification_graphics.cpp:373]: Fortification graphics: locator 311 is in a non-land province at (6616, 1357)
[09:19:00][fortification_graphics.cpp:373]: Fortification graphics: locator 312 is in a non-land province at (6528, 1372)
[09:19:00][fortification_graphics.cpp:373]: Fortification graphics: locator 313 is in a non-land province at (6517, 1373)
[09:19:00][fortification_graphics.cpp:373]: Fortification graphics: locator 314 is in a non-land province at (6493, 1380)
[09:19:00][fortification_graphics.cpp:373]: Fortification graphics: locator 315 is in a non-land province at (6464, 1544)
[09:19:00][fortification_graphics.cpp:373]: Fortification graphics: locator 316 is in a non-land province at (6461, 1539)
[09:19:00][fortification_graphics.cpp:373]: Fortification graphics: locator 317 is in a non-land province at (6331, 1821)
[09:19:00][fortification_graphics.cpp:373]: Fortification graphics: locator 318 is in a non-land province at (6314, 1893)
[09:19:00][fortification_graphics.cpp:391]: Fortification graphics: locator 319 is in a province at (6227, 1956) whose state region has graphical culture 'western' that does not have a corresponding entity for fortifications
[09:19:00][fortification_graphics.cpp:391]: Fortification graphics: locator 320 is in a province at (6189, 2025) whose state region has graphical culture 'western' that does not have a corresponding entity for fortifications
[09:19:00][fortification_graphics.cpp:391]: Fortification graphics: locator 321 is in a province at (6106, 2016) whose state region has graphical culture 'western' that does not have a corresponding entity for fortifications
[09:19:00][fortification_graphics.cpp:391]: Fortification graphics: locator 322 is in a province at (6078, 2008) whose state region has graphical culture 'western' that does not have a corresponding entity for fortifications
[09:19:00][fortification_graphics.cpp:391]: Fortification graphics: locator 323 is in a province at (5948, 1886) whose state region has graphical culture 'western' that does not have a corresponding entity for fortifications
[09:19:00][fortification_graphics.cpp:391]: Fortification graphics: locator 324 is in a province at (5916, 1790) whose state region has graphical culture 'western' that does not have a corresponding entity for fortifications
[09:19:00][fortification_graphics.cpp:391]: Fortification graphics: locator 325 is in a province at (5945, 1709) whose state region has graphical culture 'western' that does not have a corresponding entity for fortifications
[09:19:00][fortification_graphics.cpp:391]: Fortification graphics: locator 326 is in a province at (5929, 1648) whose state region has graphical culture 'western' that does not have a corresponding entity for fortifications
[09:19:00][fortification_graphics.cpp:391]: Fortification graphics: locator 327 is in a province at (5916, 1666) whose state region has graphical culture 'western' that does not have a corresponding entity for fortifications
[09:19:00][fortification_graphics.cpp:373]: Fortification graphics: locator 328 is in a non-land province at (5834, 1738)
[09:19:00][fortification_graphics.cpp:373]: Fortification graphics: locator 329 is in a non-land province at (5825, 1762)
[09:19:00][fortification_graphics.cpp:373]: Fortification graphics: locator 330 is in a non-land province at (5801, 1806)
[09:19:00][fortification_graphics.cpp:373]: Fortification graphics: locator 331 is in a non-land province at (5783, 1854)
[09:19:00][fortification_graphics.cpp:373]: Fortification graphics: locator 332 is in a non-land province at (5764, 1911)
[09:19:00][fortification_graphics.cpp:373]: Fortification graphics: locator 333 is in a non-land province at (5762, 1917)
[09:19:00][fortification_graphics.cpp:373]: Fortification graphics: locator 334 is in a non-land province at (5754, 1996)
[09:19:00][fortification_graphics.cpp:373]: Fortification graphics: locator 335 is in a non-land province at (5713, 1991)
[09:19:00][fortification_graphics.cpp:373]: Fortification graphics: locator 336 is in a non-land province at (5673, 2041)
[09:19:00][fortification_graphics.cpp:373]: Fortification graphics: locator 337 is in a non-land province at (5625, 2088)
[09:19:00][fortification_graphics.cpp:373]: Fortification graphics: locator 338 is in a non-land province at (5517, 2095)
[09:19:00][fortification_graphics.cpp:373]: Fortification graphics: locator 339 is in a non-land province at (5480, 2100)
[09:19:00][fortification_graphics.cpp:373]: Fortification graphics: locator 340 is in a non-land province at (5345, 2130)
[09:19:00][fortification_graphics.cpp:373]: Fortification graphics: locator 341 is in a non-land province at (5255, 2188)
[09:19:00][fortification_graphics.cpp:373]: Fortification graphics: locator 342 is in a non-land province at (5196, 2221)
[09:19:00][fortification_graphics.cpp:373]: Fortification graphics: locator 343 is in a non-land province at (5197, 2202)
[09:19:00][fortification_graphics.cpp:373]: Fortification graphics: locator 344 is in a non-land province at (5234, 2131)
[09:19:00][fortification_graphics.cpp:373]: Fortification graphics: locator 345 is in a non-land province at (5250, 2125)
[09:19:00][fortification_graphics.cpp:373]: Fortification graphics: locator 346 is in a non-land province at (5340, 2084)
[09:19:00][fortification_graphics.cpp:373]: Fortification graphics: locator 347 is in a non-land province at (5379, 2122)
[09:19:00][fortification_graphics.cpp:373]: Fortification graphics: locator 348 is in a non-land province at (5376, 2140)
[09:19:00][fortification_graphics.cpp:373]: Fortification graphics: locator 349 is in a non-land province at (5383, 2143)
[09:19:00][fortification_graphics.cpp:373]: Fortification graphics: locator 350 is in a non-land province at (5428, 2058)
[09:19:00][fortification_graphics.cpp:373]: Fortification graphics: locator 351 is in a non-land province at (5122, 1807)
[09:19:00][fortification_graphics.cpp:373]: Fortification graphics: locator 352 is in a non-land province at (4986, 2024)
[09:19:00][fortification_graphics.cpp:373]: Fortification graphics: locator 353 is in a non-land province at (4943, 1960)
[09:19:00][fortification_graphics.cpp:373]: Fortification graphics: locator 354 is in a non-land province at (4998, 1867)
[09:19:00][fortification_graphics.cpp:373]: Fortification graphics: locator 355 is in a non-land province at (4995, 1351)
[09:19:00][fortification_graphics.cpp:373]: Fortification graphics: locator 356 is in a non-land province at (5002, 1389)
[09:19:00][fortification_graphics.cpp:373]: Fortification graphics: locator 357 is in a non-land province at (4990, 1369)
[09:19:00][fortification_graphics.cpp:373]: Fortification graphics: locator 358 is in a non-land province at (5407, 1047)
[09:19:00][fortification_graphics.cpp:373]: Fortification graphics: locator 359 is in a non-land province at (5357, 1019)
[09:19:00][fortification_graphics.cpp:373]: Fortification graphics: locator 360 is in a non-land province at (5219, 1234)
[09:19:00][fortification_graphics.cpp:373]: Fortification graphics: locator 361 is in a non-land province at (5155, 1156)
[09:19:00][fortification_graphics.cpp:373]: Fortification graphics: locator 362 is in a non-land province at (5222, 1105)
[09:19:00][fortification_graphics.cpp:373]: Fortification graphics: locator 363 is in a non-land province at (5176, 954)
[09:19:00][fortification_graphics.cpp:373]: Fortification graphics: locator 364 is in a non-land province at (5089, 969)
[09:19:00][fortification_graphics.cpp:373]: Fortification graphics: locator 365 is in a non-land province at (5021, 1162)
[09:19:00][fortification_graphics.cpp:373]: Fortification graphics: locator 366 is in a non-land province at (4886, 1044)
[09:19:00][fortification_graphics.cpp:391]: Fortification graphics: locator 367 is in a province at (4837, 906) whose state region has graphical culture 'western' that does not have a corresponding entity for fortifications
[09:19:00][fortification_graphics.cpp:373]: Fortification graphics: locator 368 is in a non-land province at (4799, 806)
[09:19:00][fortification_graphics.cpp:373]: Fortification graphics: locator 369 is in a non-land province at (4517, 707)
[09:19:00][fortification_graphics.cpp:373]: Fortification graphics: locator 370 is in a non-land province at (4515, 703)
[09:19:00][fortification_graphics.cpp:373]: Fortification graphics: locator 371 is in a non-land province at (4440, 887)
[09:19:00][fortification_graphics.cpp:373]: Fortification graphics: locator 372 is in a non-land province at (4427, 991)
[09:19:00][fortification_graphics.cpp:373]: Fortification graphics: locator 373 is in a non-land province at (4393, 1218)
[09:19:00][fortification_graphics.cpp:373]: Fortification graphics: locator 374 is in a non-land province at (4398, 1309)
[09:19:00][fortification_graphics.cpp:373]: Fortification graphics: locator 375 is in a non-land province at (4370, 1396)
[09:19:00][fortification_graphics.cpp:373]: Fortification graphics: locator 376 is in a non-land province at (4380, 1375)
[09:19:00][fortification_graphics.cpp:373]: Fortification graphics: locator 377 is in a non-land province at (4296, 1491)
[09:19:00][fortification_graphics.cpp:373]: Fortification graphics: locator 378 is in a non-land province at (4308, 1600)
[09:19:00][fortification_graphics.cpp:373]: Fortification graphics: locator 379 is in a non-land province at (4295, 1597)
[09:19:00][fortification_graphics.cpp:373]: Fortification graphics: locator 380 is in a non-land province at (4244, 1611)
[09:19:00][fortification_graphics.cpp:373]: Fortification graphics: locator 381 is in a non-land province at (4208, 1649)
[09:19:00][fortification_graphics.cpp:373]: Fortification graphics: locator 382 is in a non-land province at (4170, 1658)
[09:19:00][fortification_graphics.cpp:373]: Fortification graphics: locator 383 is in a non-land province at (4150, 1656)
[09:19:00][fortification_graphics.cpp:373]: Fortification graphics: locator 384 is in a non-land province at (4120, 1651)
[09:19:00][fortification_graphics.cpp:373]: Fortification graphics: locator 385 is in a non-land province at (4067, 1629)
[09:19:00][fortification_graphics.cpp:373]: Fortification graphics: locator 386 is in a non-land province at (4093, 1639)
[09:19:00][fortification_graphics.cpp:373]: Fortification graphics: locator 387 is in a non-land province at (4012, 1630)
[09:19:00][fortification_graphics.cpp:373]: Fortification graphics: locator 388 is in a non-land province at (3948, 1620)
[09:19:00][fortification_graphics.cpp:373]: Fortification graphics: locator 389 is in a non-land province at (3849, 1655)
[09:19:00][fortification_graphics.cpp:373]: Fortification graphics: locator 390 is in a non-land province at (3808, 1683)
[09:19:00][fortification_graphics.cpp:373]: Fortification graphics: locator 391 is in a non-land province at (3793, 1704)
[09:19:00][fortification_graphics.cpp:373]: Fortification graphics: locator 392 is in a non-land province at (3729, 1780)
[09:19:00][fortification_graphics.cpp:373]: Fortification graphics: locator 393 is in a non-land province at (3717, 1820)
[09:19:00][fortification_graphics.cpp:373]: Fortification graphics: locator 394 is in a non-land province at (3556, 1854)
[09:19:00][fortification_graphics.cpp:373]: Fortification graphics: locator 395 is in a non-land province at (3719, 1881)
[09:19:00][fortification_graphics.cpp:373]: Fortification graphics: locator 396 is in a non-land province at (3695, 1848)
[09:19:00][fortification_graphics.cpp:373]: Fortification graphics: locator 397 is in a non-land province at (3735, 2067)
[09:19:00][fortification_graphics.cpp:373]: Fortification graphics: locator 398 is in a non-land province at (3781, 2187)
[09:19:00][fortification_graphics.cpp:373]: Fortification graphics: locator 399 is in a non-land province at (3713, 2174)
[09:19:00][fortification_graphics.cpp:373]: Fortification graphics: locator 400 is in a non-land province at (3875, 2230)
[09:19:00][fortification_graphics.cpp:373]: Fortification graphics: locator 401 is in a non-land province at (3919, 2305)
[09:19:00][fortification_graphics.cpp:373]: Fortification graphics: locator 402 is in a non-land province at (3932, 2312)
[09:19:00][fortification_graphics.cpp:373]: Fortification graphics: locator 403 is in a non-land province at (3961, 2362)
[09:19:00][fortification_graphics.cpp:391]: Fortification graphics: locator 404 is in a province at (4375, 2524) whose state region has graphical culture 'western' that does not have a corresponding entity for fortifications
[09:19:00][fortification_graphics.cpp:373]: Fortification graphics: locator 405 is in a non-land province at (4423, 2488)
[09:19:00][fortification_graphics.cpp:373]: Fortification graphics: locator 406 is in a non-land province at (4408, 2614)
[09:19:00][fortification_graphics.cpp:373]: Fortification graphics: locator 407 is in a non-land province at (4548, 2468)
[09:19:00][fortification_graphics.cpp:373]: Fortification graphics: locator 408 is in a non-land province at (4568, 2443)
[09:19:00][fortification_graphics.cpp:373]: Fortification graphics: locator 409 is in a non-land province at (4593, 2428)
[09:19:00][fortification_graphics.cpp:373]: Fortification graphics: locator 410 is in a non-land province at (4591, 2393)
[09:19:00][fortification_graphics.cpp:373]: Fortification graphics: locator 411 is in a non-land province at (4616, 2409)
[09:19:00][fortification_graphics.cpp:373]: Fortification graphics: locator 412 is in a non-land province at (4738, 2381)
[09:19:00][fortification_graphics.cpp:373]: Fortification graphics: locator 413 is in a non-land province at (4668, 2350)
[09:19:00][fortification_graphics.cpp:373]: Fortification graphics: locator 414 is in a non-land province at (4655, 2351)
[09:19:00][fortification_graphics.cpp:373]: Fortification graphics: locator 415 is in a non-land province at (4648, 2354)
[09:19:00][fortification_graphics.cpp:373]: Fortification graphics: locator 416 is in a non-land province at (4621, 2389)
[09:19:00][fortification_graphics.cpp:373]: Fortification graphics: locator 417 is in a non-land province at (4668, 2398)
[09:19:00][fortification_graphics.cpp:373]: Fortification graphics: locator 418 is in a non-land province at (4694, 2471)
[09:19:00][fortification_graphics.cpp:373]: Fortification graphics: locator 419 is in a non-land province at (4893, 2205)
[09:19:00][fortification_graphics.cpp:373]: Fortification graphics: locator 420 is in a non-land province at (4347, 2352)
[09:19:00][fortification_graphics.cpp:373]: Fortification graphics: locator 421 is in a non-land province at (4330, 2391)
[09:19:00][fortification_graphics.cpp:373]: Fortification graphics: locator 422 is in a non-land province at (4119, 2381)
[09:19:00][fortification_graphics.cpp:373]: Fortification graphics: locator 423 is in a non-land province at (4080, 2360)
[09:19:00][fortification_graphics.cpp:373]: Fortification graphics: locator 424 is in a non-land province at (4170, 2389)
[09:19:00][fortification_graphics.cpp:373]: Fortification graphics: locator 425 is in a non-land province at (4163, 2389)
[09:19:00][fortification_graphics.cpp:373]: Fortification graphics: locator 426 is in a non-land province at (4246, 2395)
[09:19:00][fortification_graphics.cpp:373]: Fortification graphics: locator 427 is in a non-land province at (4271, 2392)
[09:19:00][fortification_graphics.cpp:373]: Fortification graphics: locator 428 is in a non-land province at (4329, 2399)
[09:19:00][fortification_graphics.cpp:373]: Fortification graphics: locator 429 is in a non-land province at (4398, 2289)
[09:19:00][fortification_graphics.cpp:373]: Fortification graphics: locator 430 is in a non-land province at (4556, 2271)
[09:19:00][fortification_graphics.cpp:373]: Fortification graphics: locator 431 is in a non-land province at (4612, 2283)
[09:19:00][fortification_graphics.cpp:373]: Fortification graphics: locator 432 is in a non-land province at (4714, 2249)
[09:19:00][fortification_graphics.cpp:373]: Fortification graphics: locator 433 is in a non-land province at (4812, 2250)
[09:19:00][fortification_graphics.cpp:373]: Fortification graphics: locator 434 is in a non-land province at (4778, 2247)
[09:19:00][fortification_graphics.cpp:373]: Fortification graphics: locator 435 is in a non-land province at (4788, 2251)
[09:19:00][fortification_graphics.cpp:373]: Fortification graphics: locator 436 is in a non-land province at (4870, 2131)
[09:19:00][fortification_graphics.cpp:373]: Fortification graphics: locator 437 is in a non-land province at (4834, 2201)
[09:19:00][fortification_graphics.cpp:373]: Fortification graphics: locator 438 is in a non-land province at (4833, 2212)
[09:19:00][fortification_graphics.cpp:373]: Fortification graphics: locator 439 is in a non-land province at (4875, 2161)
[09:19:00][fortification_graphics.cpp:373]: Fortification graphics: locator 440 is in a non-land province at (4830, 2248)
[09:19:00][fortification_graphics.cpp:373]: Fortification graphics: locator 441 is in a non-land province at (4890, 2271)
[09:19:00][fortification_graphics.cpp:373]: Fortification graphics: locator 442 is in a non-land province at (4905, 2310)
[09:19:00][fortification_graphics.cpp:373]: Fortification graphics: locator 443 is in a non-land province at (4836, 2336)
[09:19:00][fortification_graphics.cpp:373]: Fortification graphics: locator 444 is in a non-land province at (4861, 2338)
[09:19:00][fortification_graphics.cpp:373]: Fortification graphics: locator 445 is in a non-land province at (4915, 2327)
[09:19:00][fortification_graphics.cpp:373]: Fortification graphics: locator 446 is in a non-land province at (4914, 2338)
[09:19:00][fortification_graphics.cpp:373]: Fortification graphics: locator 447 is in a non-land province at (4899, 2385)
[09:19:00][fortification_graphics.cpp:373]: Fortification graphics: locator 448 is in a non-land province at (4794, 2392)
[09:19:00][fortification_graphics.cpp:373]: Fortification graphics: locator 449 is in a non-land province at (4705, 2439)
[09:19:00][fortification_graphics.cpp:373]: Fortification graphics: locator 450 is in a non-land province at (4982, 2501)
[09:19:00][fortification_graphics.cpp:373]: Fortification graphics: locator 451 is in a non-land province at (4814, 2509)
[09:19:00][fortification_graphics.cpp:373]: Fortification graphics: locator 452 is in a non-land province at (4894, 2530)
[09:19:00][fortification_graphics.cpp:373]: Fortification graphics: locator 453 is in a non-land province at (5046, 2518)
[09:19:00][fortification_graphics.cpp:373]: Fortification graphics: locator 454 is in a non-land province at (5044, 2540)
[09:19:00][fortification_graphics.cpp:373]: Fortification graphics: locator 455 is in a non-land province at (4999, 2575)
[09:19:00][fortification_graphics.cpp:373]: Fortification graphics: locator 456 is in a non-land province at (4959, 2602)
[09:19:00][fortification_graphics.cpp:373]: Fortification graphics: locator 457 is in a non-land province at (4974, 2673)
[09:19:00][fortification_graphics.cpp:373]: Fortification graphics: locator 458 is in a non-land province at (4997, 2674)
[09:19:00][fortification_graphics.cpp:373]: Fortification graphics: locator 459 is in a non-land province at (4944, 2664)
[09:19:00][fortification_graphics.cpp:373]: Fortification graphics: locator 460 is in a non-land province at (4925, 2622)
[09:19:00][fortification_graphics.cpp:373]: Fortification graphics: locator 461 is in a non-land province at (4865, 2595)
[09:19:00][fortification_graphics.cpp:373]: Fortification graphics: locator 462 is in a non-land province at (4860, 2600)
[09:19:00][fortification_graphics.cpp:373]: Fortification graphics: locator 463 is in a non-land province at (4821, 2649)
[09:19:00][fortification_graphics.cpp:373]: Fortification graphics: locator 464 is in a non-land province at (4796, 2652)
[09:19:00][fortification_graphics.cpp:373]: Fortification graphics: locator 465 is in a non-land province at (4788, 2641)
[09:19:00][fortification_graphics.cpp:373]: Fortification graphics: locator 466 is in a non-land province at (4747, 2589)
[09:19:00][fortification_graphics.cpp:373]: Fortification graphics: locator 467 is in a non-land province at (4733, 2562)
[09:19:00][fortification_graphics.cpp:373]: Fortification graphics: locator 468 is in a non-land province at (4726, 2537)
[09:19:00][fortification_graphics.cpp:373]: Fortification graphics: locator 469 is in a non-land province at (4759, 2506)
[09:19:00][fortification_graphics.cpp:373]: Fortification graphics: locator 470 is in a non-land province at (4753, 2507)
[09:19:00][fortification_graphics.cpp:373]: Fortification graphics: locator 471 is in a non-land province at (4744, 2503)
[09:19:00][fortification_graphics.cpp:373]: Fortification graphics: locator 472 is in a non-land province at (4696, 2480)
[09:19:00][fortification_graphics.cpp:373]: Fortification graphics: locator 473 is in a non-land province at (4677, 2499)
[09:19:00][fortification_graphics.cpp:373]: Fortification graphics: locator 474 is in a non-land province at (4619, 2487)
[09:19:00][fortification_graphics.cpp:373]: Fortification graphics: locator 475 is in a non-land province at (4631, 2453)
[09:19:00][fortification_graphics.cpp:373]: Fortification graphics: locator 476 is in a non-land province at (4633, 2414)
[09:19:00][fortification_graphics.cpp:373]: Fortification graphics: locator 477 is in a non-land province at (4563, 2430)
[09:19:00][fortification_graphics.cpp:373]: Fortification graphics: locator 478 is in a non-land province at (4549, 2464)
[09:19:00][fortification_graphics.cpp:373]: Fortification graphics: locator 479 is in a non-land province at (4539, 2503)
[09:19:00][fortification_graphics.cpp:373]: Fortification graphics: locator 480 is in a non-land province at (4542, 2479)
[09:19:00][fortification_graphics.cpp:373]: Fortification graphics: locator 481 is in a non-land province at (4540, 2517)
[09:19:00][fortification_graphics.cpp:373]: Fortification graphics: locator 482 is in a non-land province at (4539, 2511)
[09:19:00][fortification_graphics.cpp:391]: Fortification graphics: locator 483 is in a province at (4509, 2546) whose state region has graphical culture 'western' that does not have a corresponding entity for fortifications
[09:19:00][fortification_graphics.cpp:391]: Fortification graphics: locator 484 is in a province at (4518, 2541) whose state region has graphical culture 'western' that does not have a corresponding entity for fortifications
[09:19:00][fortification_graphics.cpp:391]: Fortification graphics: locator 485 is in a province at (4465, 2558) whose state region has graphical culture 'western' that does not have a corresponding entity for fortifications
[09:19:00][fortification_graphics.cpp:391]: Fortification graphics: locator 486 is in a province at (4470, 2569) whose state region has graphical culture 'western' that does not have a corresponding entity for fortifications
[09:19:00][fortification_graphics.cpp:373]: Fortification graphics: locator 487 is in a non-land province at (4443, 2585)
[09:19:00][fortification_graphics.cpp:373]: Fortification graphics: locator 488 is in a non-land province at (4414, 2607)
[09:19:00][fortification_graphics.cpp:373]: Fortification graphics: locator 489 is in a non-land province at (4410, 2628)
[09:19:00][fortification_graphics.cpp:391]: Fortification graphics: locator 490 is in a province at (4383, 2626) whose state region has graphical culture 'western' that does not have a corresponding entity for fortifications
[09:19:00][fortification_graphics.cpp:391]: Fortification graphics: locator 491 is in a province at (4375, 2622) whose state region has graphical culture 'western' that does not have a corresponding entity for fortifications
[09:19:00][fortification_graphics.cpp:373]: Fortification graphics: locator 492 is in a non-land province at (4375, 2600)
[09:19:00][fortification_graphics.cpp:391]: Fortification graphics: locator 493 is in a province at (4393, 2579) whose state region has graphical culture 'western' that does not have a corresponding entity for fortifications
[09:19:00][fortification_graphics.cpp:391]: Fortification graphics: locator 494 is in a province at (4414, 2548) whose state region has graphical culture 'western' that does not have a corresponding entity for fortifications
[09:19:00][fortification_graphics.cpp:373]: Fortification graphics: locator 495 is in a non-land province at (4516, 2477)
[09:19:00][fortification_graphics.cpp:373]: Fortification graphics: locator 496 is in a non-land province at (4502, 2492)
[09:19:00][fortification_graphics.cpp:373]: Fortification graphics: locator 497 is in a non-land province at (4490, 2485)
[09:19:00][fortification_graphics.cpp:391]: Fortification graphics: locator 498 is in a province at (4420, 2370) whose state region has graphical culture 'western' that does not have a corresponding entity for fortifications
[09:19:00][fortification_graphics.cpp:373]: Fortification graphics: locator 499 is in a non-land province at (4429, 2361)
[09:19:00][fortification_graphics.cpp:373]: Fortification graphics: locator 500 is in a non-land province at (4426, 2364)
[09:19:00][fortification_graphics.cpp:373]: Fortification graphics: locator 501 is in a non-land province at (4396, 2424)
[09:19:00][fortification_graphics.cpp:391]: Fortification graphics: locator 502 is in a province at (4289, 2495) whose state region has graphical culture 'western' that does not have a corresponding entity for fortifications
[09:19:00][fortification_graphics.cpp:391]: Fortification graphics: locator 503 is in a province at (4301, 2450) whose state region has graphical culture 'western' that does not have a corresponding entity for fortifications
[09:19:00][fortification_graphics.cpp:391]: Fortification graphics: locator 504 is in a province at (4295, 2523) whose state region has graphical culture 'western' that does not have a corresponding entity for fortifications
[09:19:00][fortification_graphics.cpp:391]: Fortification graphics: locator 505 is in a province at (4332, 2568) whose state region has graphical culture 'western' that does not have a corresponding entity for fortifications
