[23:22:17][jomini_script_system.cpp:247]: Script system error!
  Error: untyped trigger [ Unknwon trigger 'is_princely_state' ]
  Script location: common/script_values/india_values.txt:120

[23:22:17][jomini_script_system.cpp:247]: Script system error!
  Error: untyped trigger [ Unknwon trigger 'is_princely_state' ]
  Script location: common/script_values/india_values.txt:131

[23:22:17][jomini_script_system.cpp:247]: Script system error!
  Error: untyped trigger [ Unknwon trigger 'is_princely_state' ]
  Script location: common/script_values/india_values.txt:144

[23:22:17][jomini_script_system.cpp:247]: Script system error!
  Error: untyped trigger [ Unknwon trigger 'is_princely_state' ]
  Script location: common/scripted_lists/victoria_scripted_lists.txt:1

[23:22:17][jomini_script_system.cpp:247]: Script system error!
  Error: untyped trigger [ Unknwon trigger 'is_princely_state' ]
  Script location: common/scripted_lists/victoria_scripted_lists.txt:1

[23:22:17][jomini_script_system.cpp:247]: Script system error!
  Error: untyped trigger [ Unknwon trigger 'is_princely_state' ]
  Script location: common/scripted_lists/victoria_scripted_lists.txt:1

[23:22:17][jomini_script_system.cpp:247]: Script system error!
  Error: untyped trigger [ Unknwon trigger 'is_princely_state' ]
  Script location: common/scripted_lists/victoria_scripted_lists.txt:1

[23:22:17][state_region_template.cpp:328]: Duplicate resources with the same type (金鉱山) in state region (北米2)
[23:22:17][state_region_template.cpp:328]: Duplicate resources with the same type (金鉱山) in state region (パルン)
[23:22:17][state_region_template.cpp:328]: Duplicate resources with the same type (金鉱山) in state region (東欧78)
[23:22:17][state_region_template.cpp:328]: Duplicate resources with the same type (金鉱山) in state region (北米51)
[23:22:17][state_region_template.cpp:328]: Duplicate resources with the same type (金鉱山) in state region (コーサル)
[23:22:17][state_region_template.cpp:328]: Duplicate resources with the same type (金鉱山) in state region (バイゼル)
[23:22:17][state_region_template.cpp:328]: Duplicate resources with the same type (金鉱山) in state region (西亜24)
[23:22:17][state_region_template.cpp:328]: Duplicate resources with the same type (金鉱山) in state region (東欧76)
[23:22:17][state_region_template.cpp:328]: Duplicate resources with the same type (金鉱山) in state region (西亜3)
[23:22:17][state_region_template.cpp:328]: Duplicate resources with the same type (金鉱山) in state region (豪31)
[23:22:17][state_region_template.cpp:328]: Duplicate resources with the same type (金鉱山) in state region (北阿4)
[23:22:17][state_region_template.cpp:328]: Duplicate resources with the same type (金鉱山) in state region (南レフリア東島)
[23:22:17][state_region_template.cpp:328]: Duplicate resources with the same type (金鉱山) in state region (西亜68)
[23:22:17][state_region_template.cpp:328]: Duplicate resources with the same type (金鉱山) in state region (豪34)
[23:22:17][state_region_template.cpp:328]: Duplicate resources with the same type (金鉱山) in state region (東亜7)
[23:22:17][state_region_template.cpp:328]: Duplicate resources with the same type (金鉱山) in state region (豪40)
[23:22:17][state_region_template.cpp:328]: Duplicate resources with the same type (金鉱山) in state region (東亜2)
[23:22:17][state_region_template.cpp:328]: Duplicate resources with the same type (金鉱山) in state region (豪36)
[23:22:17][state_region_template.cpp:328]: Duplicate resources with the same type (金鉱山) in state region (東亜5)
[23:22:17][jomini_eventmanager.cpp:590]: Events loaded events/1848.txt' #0
[23:22:17][jomini_eventmanager.cpp:590]: Events loaded events/africa_colonial_events.txt' #0
[23:22:17][jomini_eventmanager.cpp:590]: Events loaded events/africa_colonial_events_02.txt' #0
[23:22:17][jomini_eventmanager.cpp:590]: Events loaded events/africa_colonial_events_03.txt' #0
[23:22:17][jomini_eventmanager.cpp:590]: Events loaded events/alaska_events.txt' #0
[23:22:17][jomini_eventmanager.cpp:590]: Events loaded events/belle_epoque_events.txt' #0
[23:22:17][jomini_eventmanager.cpp:590]: Events loaded events/bic_breakup.txt' #0
[23:22:17][jomini_eventmanager.cpp:590]: Events loaded events/boxer_rebellion_events.txt' #0
[23:22:17][jomini_eventmanager.cpp:590]: Events loaded events/british_raj_events.txt' #0
[23:22:17][jomini_eventmanager.cpp:590]: Events loaded events/bulgaria_events.txt' #0
[23:22:17][jomini_eventmanager.cpp:590]: Events loaded events/canada_australia_events.txt' #0
[23:22:17][jomini_eventmanager.cpp:590]: Events loaded events/central_america_events.txt' #0
[23:22:17][jomini_eventmanager.cpp:590]: Events loaded events/character_events.txt' #0
[23:22:17][jomini_eventmanager.cpp:590]: Events loaded events/cholera.txt' #0
[23:22:17][jomini_eventmanager.cpp:590]: Events loaded events/communism.txt' #0
[23:22:17][jomini_eventmanager.cpp:590]: Events loaded events/congo_free_state_events.txt' #0
[23:22:17][jomini_eventmanager.cpp:590]: Events loaded events/decree_events.txt' #0
[23:22:17][jomini_eventmanager.cpp:590]: Events loaded events/dei_breakup.txt' #0
[23:22:17][jomini_eventmanager.cpp:590]: Events loaded events/east_indies_je_events.txt' #0
[23:22:17][jomini_eventmanager.cpp:590]: Events loaded events/egyptian_crisis_events.txt' #0
[23:22:17][jomini_eventmanager.cpp:590]: Events loaded events/fascism_events.txt' #0
[23:22:17][jomini_eventmanager.cpp:590]: Events loaded events/french_pretenders.txt' #0
[23:22:17][jomini_eventmanager.cpp:590]: Events loaded events/french_pretenders_pulse.txt' #0
[23:22:17][jomini_eventmanager.cpp:637]: >=== NAMESPACE > 'gdp' is set to #1000000
[23:22:17][jomini_eventmanager.cpp:590]: Events loaded events/gdp_events.txt' #101
[23:22:17][jomini_eventmanager.cpp:590]: Events loaded events/german_unification.txt' #0
[23:22:17][jomini_eventmanager.cpp:590]: Events loaded events/government_conflicts_events.txt' #0
[23:22:17][jomini_eventmanager.cpp:590]: Events loaded events/greece_events.txt' #0
[23:22:17][jomini_eventmanager.cpp:590]: Events loaded events/hawaii_events.txt' #0
[23:22:17][jomini_eventmanager.cpp:590]: Events loaded events/heavenly_kingdom_events.txt' #0
[23:22:17][jomini_eventmanager.cpp:590]: Events loaded events/hispaniola_events.txt' #0
[23:22:17][jomini_eventmanager.cpp:590]: Events loaded events/indochina.txt' #0
[23:22:17][jomini_eventmanager.cpp:590]: Events loaded events/italian_unification.txt' #0
[23:22:17][jomini_eventmanager.cpp:590]: Events loaded events/karl_marx_events.txt' #0
[23:22:17][jomini_eventmanager.cpp:590]: Events loaded events/krakatoa_events.txt' #0
[23:22:17][jomini_eventmanager.cpp:590]: Events loaded events/krakow_events.txt' #0
[23:22:17][jomini_eventmanager.cpp:590]: Events loaded events/manifest_destiny_events.txt' #0
[23:22:17][jomini_eventmanager.cpp:590]: Events loaded events/meiji_restoration.txt' #0
[23:22:17][jomini_eventmanager.cpp:590]: Events loaded events/misc_unifications.txt' #0
[23:22:17][jomini_eventmanager.cpp:590]: Events loaded events/native_resettlement.txt' #0
[23:22:17][jomini_eventmanager.cpp:590]: Events loaded events/nihilism.txt' #0
[23:22:17][jomini_eventmanager.cpp:590]: Events loaded events/opium_wars_events.txt' #0
[23:22:17][jomini_eventmanager.cpp:590]: Events loaded events/oregon_events.txt' #0
[23:22:17][jomini_eventmanager.cpp:590]: Events loaded events/oscar_wilde.txt' #0
[23:22:17][jomini_eventmanager.cpp:590]: Events loaded events/patagonia.txt' #0
[23:22:17][jomini_eventmanager.cpp:590]: Events loaded events/peoples_springtime.txt' #0
[23:22:17][jomini_eventmanager.cpp:590]: Events loaded events/poland_events.txt' #0
[23:22:17][jomini_eventmanager.cpp:590]: Events loaded events/romania_events.txt' #0
[23:22:17][jomini_eventmanager.cpp:590]: Events loaded events/russia_events.txt' #0
[23:22:17][jomini_eventmanager.cpp:590]: Events loaded events/scotland_yard.txt' #0
[23:22:17][jomini_eventmanager.cpp:590]: Events loaded events/secession_situations.txt' #0
[23:22:17][jomini_eventmanager.cpp:590]: Events loaded events/sick_man_events.txt' #0
[23:22:17][jomini_eventmanager.cpp:590]: Events loaded events/south_america_events.txt' #0
[23:22:17][jomini_eventmanager.cpp:590]: Events loaded events/sweden_events.txt' #0
[23:22:17][jomini_eventmanager.cpp:590]: Events loaded events/texan_war_of_independence_events.txt' #0
[23:22:17][jomini_eventmanager.cpp:590]: Events loaded events/tibetan_expedition.txt' #0
[23:22:17][jomini_eventmanager.cpp:590]: Events loaded events/titanic_events.txt' #0
[23:22:17][jomini_eventmanager.cpp:637]: >=== NAMESPACE > 'toe_great_game' is set to #1010000
[23:22:17][jomini_eventmanager.cpp:590]: Events loaded events/toe_great_game_events.txt' #2
[23:22:17][jomini_eventmanager.cpp:637]: >=== NAMESPACE > 'toe_ria_civil_war' is set to #1020000
[23:22:17][jomini_eventmanager.cpp:590]: Events loaded events/toe_ria_civil_war_events.txt' #1
[23:22:17][jomini_eventmanager.cpp:590]: Events loaded events/treaty_of_london_events.txt' #0
[23:22:17][jomini_eventmanager.cpp:590]: Events loaded events/urbanization_events.txt' #0
[23:22:17][jomini_eventmanager.cpp:590]: Events loaded events/veiled_protectorate_events.txt' #0
[23:22:17][jomini_eventmanager.cpp:590]: Events loaded events/victoria_events.txt' #0
[23:22:17][jomini_eventmanager.cpp:590]: Events loaded events/zanzibar_events.txt' #0
[23:22:17][jomini_eventmanager.cpp:637]: >=== NAMESPACE > 'agitator_legal_events' is set to #1030000
[23:22:17][jomini_eventmanager.cpp:590]: Events loaded events/agitators_events/agitator_law_events_2.txt' #30
[23:22:17][jomini_eventmanager.cpp:637]: >=== NAMESPACE > 'agitators_election_events' is set to #1040000
[23:22:17][jomini_eventmanager.cpp:590]: Events loaded events/agitators_events/agitators_election_events.txt' #50
[23:22:17][jomini_eventmanager.cpp:637]: >=== NAMESPACE > 'agitators_law_events' is set to #1050000
[23:22:17][jomini_eventmanager.cpp:590]: Events loaded events/agitators_events/agitators_law_events.txt' #30
[23:22:17][jomini_eventmanager.cpp:590]: Events loaded events/agitators_events/algeria_events.txt' #0
[23:22:17][jomini_eventmanager.cpp:637]: >=== NAMESPACE > 'coup_pulse_events' is set to #1060000
[23:22:17][jomini_eventmanager.cpp:637]: >=== NAMESPACE > 'coup_aftermath_events' is set to #1070000
[23:22:17][jomini_eventmanager.cpp:590]: Events loaded events/agitators_events/coup_events.txt' #14
[23:22:17][jomini_eventmanager.cpp:590]: Events loaded events/agitators_events/dreyfus_events.txt' #0
[23:22:17][jomini_eventmanager.cpp:637]: >=== NAMESPACE > 'exiles_events' is set to #1080000
[23:22:17][jomini_eventmanager.cpp:590]: Events loaded events/agitators_events/exiles_events.txt' #11
[23:22:17][jomini_eventmanager.cpp:637]: >=== NAMESPACE > 'exiles_more_events' is set to #1090000
[23:22:17][jomini_eventmanager.cpp:590]: Events loaded events/agitators_events/exiles_events_02.txt' #10
[23:22:17][jomini_eventmanager.cpp:590]: Events loaded events/agitators_events/garibaldi_events.txt' #0
[23:22:17][jomini_eventmanager.cpp:637]: >=== NAMESPACE > 'government_petition_events' is set to #1100000
[23:22:17][jomini_eventmanager.cpp:637]: >=== NAMESPACE > 'government_collapse' is set to #1110000
[23:22:17][jomini_eventmanager.cpp:590]: Events loaded events/agitators_events/government_petition_events.txt' #2
[23:22:17][jomini_eventmanager.cpp:590]: Events loaded events/agitators_events/historic_agitator_events.txt' #0
[23:22:17][jomini_eventmanager.cpp:637]: >=== NAMESPACE > 'land_ownership_law_events' is set to #1120000
[23:22:17][jomini_eventmanager.cpp:590]: Events loaded events/agitators_events/land_ownership_law_events.txt' #18
[23:22:17][jomini_eventmanager.cpp:637]: >=== NAMESPACE > 'luddite_law_events' is set to #1130000
[23:22:17][jomini_eventmanager.cpp:590]: Events loaded events/agitators_events/luddite_law_events.txt' #6
[23:22:17][jomini_eventmanager.cpp:590]: Events loaded events/agitators_events/natural_borders.txt' #0
[23:22:17][jomini_eventmanager.cpp:590]: Events loaded events/agitators_events/paris_commune_events.txt' #0
[23:22:17][jomini_eventmanager.cpp:590]: Events loaded events/agitators_events/paris_commune_pulse_events.txt' #0
[23:22:17][jomini_eventmanager.cpp:637]: >=== NAMESPACE > 'revolution_pulse1_events' is set to #1140000
[23:22:17][jomini_eventmanager.cpp:590]: Events loaded events/agitators_events/revolution_events_01.txt' #19
[23:22:17][jomini_eventmanager.cpp:637]: >=== NAMESPACE > 'revolution_pulse_events' is set to #1150000
[23:22:17][jomini_eventmanager.cpp:590]: Events loaded events/agitators_events/revolution_events_02.txt' #40
[23:22:17][jomini_eventmanager.cpp:637]: >=== NAMESPACE > 'revolution_pulse2_events' is set to #1160000
[23:22:17][jomini_eventmanager.cpp:590]: Events loaded events/agitators_events/revolution_events_03.txt' #9
[23:22:17][jomini_eventmanager.cpp:590]: Events loaded events/agitators_events/silkworm_diseases.txt' #0
[23:22:17][jomini_eventmanager.cpp:637]: >=== NAMESPACE > 'slave_revolt_events' is set to #1170000
[23:22:17][jomini_eventmanager.cpp:590]: Events loaded events/agitators_events/slave_revolt_events.txt' #1
[23:22:17][jomini_eventmanager.cpp:637]: >=== NAMESPACE > 'yeet_agitator_events' is set to #1180000
[23:22:17][jomini_eventmanager.cpp:590]: Events loaded events/agitators_events/yeet_agitator_events.txt' #3
[23:22:17][jomini_eventmanager.cpp:637]: >=== NAMESPACE > 'fsa_events' is set to #1190000
[23:22:17][jomini_eventmanager.cpp:590]: Events loaded events/american_civil_war/00_fsa_events.txt' #1
[23:22:17][jomini_eventmanager.cpp:590]: Events loaded events/american_civil_war/acw_events.txt' #0
[23:22:17][jomini_eventmanager.cpp:590]: Events loaded events/american_civil_war/acw_followup_events.txt' #0
[23:22:17][jomini_eventmanager.cpp:590]: Events loaded events/american_civil_war/acw_je_events.txt' #0
[23:22:17][jomini_eventmanager.cpp:637]: >=== NAMESPACE > 'wild_west' is set to #1200000
[23:22:17][jomini_eventmanager.cpp:590]: Events loaded events/american_civil_war/acw_wild_west_events.txt' #3
[23:22:17][jomini_eventmanager.cpp:590]: Events loaded events/balkans_events/00_ip3_austria_events.txt' #0
[23:22:17][jomini_eventmanager.cpp:590]: Events loaded events/balkans_events/00_ip3_hungary_events.txt' #0
[23:22:17][jomini_eventmanager.cpp:590]: Events loaded events/balkans_events/03_ip3_austria_events.txt' #0
[23:22:17][jomini_eventmanager.cpp:590]: Events loaded events/balkans_events/04_ip3_austria_events.txt' #0
[23:22:17][jomini_eventmanager.cpp:590]: Events loaded events/balkans_events/austria_federalism.txt' #0
[23:22:17][jomini_eventmanager.cpp:637]: >=== NAMESPACE > 'austria_germany' is set to #1210000
[23:22:17][jomini_eventmanager.cpp:590]: Events loaded events/balkans_events/austria_germany_events.txt' #1
[23:22:17][jomini_eventmanager.cpp:590]: Events loaded events/balkans_events/balkan_wars_events.txt' #0
[23:22:17][jomini_eventmanager.cpp:590]: Events loaded events/balkans_events/bavarocracy.txt' #0
[23:22:17][jomini_eventmanager.cpp:590]: Events loaded events/balkans_events/eastern_crisis.txt' #0
[23:22:17][jomini_eventmanager.cpp:590]: Events loaded events/balkans_events/eastern_question.txt' #0
[23:22:17][jomini_eventmanager.cpp:637]: >=== NAMESPACE > 'grunderzeit' is set to #1220000
[23:22:17][jomini_eventmanager.cpp:590]: Events loaded events/balkans_events/grunderzeit.txt' #3
[23:22:17][jomini_eventmanager.cpp:637]: >=== NAMESPACE > 'hungry_forties' is set to #1230000
[23:22:17][jomini_eventmanager.cpp:590]: Events loaded events/balkans_events/hungry_forties.txt' #2
[23:22:17][jomini_eventmanager.cpp:590]: Events loaded events/balkans_events/metternich.txt' #0
[23:22:17][jomini_eventmanager.cpp:590]: Events loaded events/balkans_events/montenegro_events.txt' #0
[23:22:17][jomini_eventmanager.cpp:590]: Events loaded events/balkans_events/national_awakening.txt' #0
[23:22:17][jomini_eventmanager.cpp:590]: Events loaded events/balkans_events/ottoman_events.txt' #0
[23:22:17][jomini_eventmanager.cpp:590]: Events loaded events/balkans_events/serbia_events.txt' #0
[23:22:17][jomini_eventmanager.cpp:637]: >=== NAMESPACE > 'subjecthood_events' is set to #1240000
[23:22:17][jomini_eventmanager.cpp:590]: Events loaded events/balkans_events/subjecthood_events.txt' #5
[23:22:17][jomini_eventmanager.cpp:637]: >=== NAMESPACE > 'the_grand_collapse' is set to #1250000
[23:22:17][jomini_eventmanager.cpp:590]: Events loaded events/balkans_events/the_grand_collapse_events.txt' #5
[23:22:17][jomini_eventmanager.cpp:590]: Events loaded events/balkans_events/yugoslavia_events.txt' #0
[23:22:17][jomini_eventmanager.cpp:590]: Events loaded events/brazil/acre_dispute.txt' #0
[23:22:17][jomini_eventmanager.cpp:590]: Events loaded events/brazil/amazonas.txt' #0
[23:22:17][jomini_eventmanager.cpp:590]: Events loaded events/brazil/brazil_navy.txt' #0
[23:22:17][jomini_eventmanager.cpp:590]: Events loaded events/brazil/brazilian_minors.txt' #0
[23:22:17][jomini_eventmanager.cpp:590]: Events loaded events/brazil/brazilian_slavery.txt' #0
[23:22:17][jomini_eventmanager.cpp:590]: Events loaded events/brazil/caudillo.txt' #0
[23:22:17][jomini_eventmanager.cpp:590]: Events loaded events/brazil/coffee_with_milk.txt' #0
[23:22:17][jomini_eventmanager.cpp:637]: >=== NAMESPACE > 'cristo_redentor' is set to #1260000
[23:22:17][jomini_eventmanager.cpp:590]: Events loaded events/brazil/cristo_redentor.txt' #2
[23:22:17][jomini_eventmanager.cpp:590]: Events loaded events/brazil/culture_brazil_events.txt' #0
[23:22:17][jomini_eventmanager.cpp:590]: Events loaded events/brazil/culture_south_america.txt' #0
[23:22:17][jomini_eventmanager.cpp:590]: Events loaded events/brazil/gran_colombia.txt' #0
[23:22:17][jomini_eventmanager.cpp:590]: Events loaded events/brazil/misc_events.txt' #0
[23:22:17][jomini_eventmanager.cpp:590]: Events loaded events/brazil/paraguay.txt' #0
[23:22:17][jomini_eventmanager.cpp:637]: >=== NAMESPACE > 'bp1_patagonia' is set to #1270000
[23:22:17][jomini_eventmanager.cpp:590]: Events loaded events/brazil/patagonia_events.txt' #1
[23:22:17][jomini_eventmanager.cpp:590]: Events loaded events/brazil/pedro_brazil_events.txt' #0
[23:22:17][jomini_eventmanager.cpp:590]: Events loaded events/brazil/peru_bolivia.txt' #0
[23:22:17][jomini_eventmanager.cpp:637]: >=== NAMESPACE > 'positivism' is set to #1280000
[23:22:17][jomini_eventmanager.cpp:637]: >=== NAMESPACE > 'positivism_pulse' is set to #1290000
[23:22:17][jomini_eventmanager.cpp:590]: Events loaded events/brazil/positivism.txt' #9
[23:22:17][jomini_eventmanager.cpp:590]: Events loaded events/brazil/south_america_migration.txt' #0
[23:22:17][jomini_eventmanager.cpp:590]: Events loaded events/brazil/vargas.txt' #0
[23:22:17][jomini_eventmanager.cpp:637]: >=== NAMESPACE > 'communist_elections' is set to #1300000
[23:22:17][jomini_eventmanager.cpp:637]: >=== NAMESPACE > 'cable_street' is set to #1310000
[23:22:17][jomini_eventmanager.cpp:590]: Events loaded events/election_events/communist_fascist_election_events.txt' #5
[23:22:17][jomini_eventmanager.cpp:637]: >=== NAMESPACE > 'election_conservative_events' is set to #1320000
[23:22:17][jomini_eventmanager.cpp:590]: Events loaded events/election_events/election_conservative_events.txt' #4
[23:22:17][jomini_eventmanager.cpp:637]: >=== NAMESPACE > 'election_contextual_events' is set to #1330000
[23:22:17][jomini_eventmanager.cpp:590]: Events loaded events/election_events/election_contextual_events.txt' #8
[23:22:17][jomini_eventmanager.cpp:637]: >=== NAMESPACE > 'election_generic' is set to #1340000
[23:22:17][jomini_eventmanager.cpp:590]: Events loaded events/election_events/election_generic_events.txt' #2
[23:22:17][jomini_eventmanager.cpp:637]: >=== NAMESPACE > 'election_liberal_events' is set to #1350000
[23:22:17][jomini_eventmanager.cpp:590]: Events loaded events/election_events/election_liberal_events.txt' #4
[23:22:17][jomini_eventmanager.cpp:637]: >=== NAMESPACE > 'election_moderate_events' is set to #1360000
[23:22:17][jomini_eventmanager.cpp:590]: Events loaded events/election_events/election_moderate_events.txt' #2
[23:22:17][jomini_eventmanager.cpp:637]: >=== NAMESPACE > 'election_neutral' is set to #1370000
[23:22:17][jomini_eventmanager.cpp:590]: Events loaded events/election_events/election_neutral_events.txt' #8
[23:22:17][jomini_eventmanager.cpp:637]: >=== NAMESPACE > 'election_other_parties_events' is set to #1380000
[23:22:17][jomini_eventmanager.cpp:590]: Events loaded events/election_events/election_other_parties_events.txt' #5
[23:22:17][jomini_eventmanager.cpp:637]: >=== NAMESPACE > 'cold' is set to #1390000
[23:22:17][jomini_eventmanager.cpp:590]: Events loaded events/expedition_events/antarctic_expedition_events.txt' #15
[23:22:17][jomini_eventmanager.cpp:637]: >=== NAMESPACE > 'expedition_events' is set to #1400000
[23:22:17][jomini_eventmanager.cpp:637]: >=== NAMESPACE > 'ai_expedition_simulator' is set to #1410000
[23:22:17][jomini_eventmanager.cpp:590]: Events loaded events/expedition_events/central_africa_expedition_events.txt' #15
[23:22:17][jomini_eventmanager.cpp:590]: Events loaded events/expedition_events/congo_river_expedition_events.txt' #19
[23:22:17][jomini_eventmanager.cpp:590]: Events loaded events/expedition_events/niger_river_expedition_events.txt' #31
[23:22:17][jomini_eventmanager.cpp:590]: Events loaded events/expedition_events/west_america_expedition_events.txt' #34
[23:22:17][jomini_eventmanager.cpp:637]: >=== NAMESPACE > 'after_revolution_technical' is set to #1420000
[23:22:17][jomini_eventmanager.cpp:590]: Events loaded events/iberia_events/after_revolution_technical.txt' #1
[23:22:17][jomini_eventmanager.cpp:590]: Events loaded events/iberia_events/carlist_war_events.txt' #0
[23:22:17][jomini_eventmanager.cpp:590]: Events loaded events/iberia_events/cuba_eventos.txt' #0
[23:22:17][jomini_eventmanager.cpp:590]: Events loaded events/iberia_events/cuba_events.txt' #0
[23:22:17][jomini_eventmanager.cpp:590]: Events loaded events/iberia_events/dominican_events.txt' #0
[23:22:17][jomini_eventmanager.cpp:590]: Events loaded events/iberia_events/iberian_union_events.txt' #0
[23:22:17][jomini_eventmanager.cpp:637]: >=== NAMESPACE > 'independence' is set to #1430000
[23:22:17][jomini_eventmanager.cpp:590]: Events loaded events/iberia_events/independence.txt' #2
[23:22:17][jomini_eventmanager.cpp:590]: Events loaded events/iberia_events/ip4_anarchism_events.txt' #0
[23:22:18][jomini_eventmanager.cpp:637]: >=== NAMESPACE > 'ip4_coup' is set to #1440000
[23:22:18][jomini_eventmanager.cpp:590]: Events loaded events/iberia_events/ip4_coup_events.txt' #5
[23:22:18][jomini_eventmanager.cpp:590]: Events loaded events/iberia_events/ip4_economic_regeneration_events.txt' #0
[23:22:18][jomini_eventmanager.cpp:590]: Events loaded events/iberia_events/ip4_election_rigging.txt' #0
[23:22:18][jomini_eventmanager.cpp:590]: Events loaded events/iberia_events/ip4_lusosphere_events.txt' #0
[23:22:18][jomini_eventmanager.cpp:590]: Events loaded events/iberia_events/ip4_monument_events.txt' #0
[23:22:18][jomini_eventmanager.cpp:637]: >=== NAMESPACE > 'devorismo' is set to #1450000
[23:22:18][jomini_eventmanager.cpp:637]: >=== NAMESPACE > 'second_liberalism' is set to #1460000
[23:22:18][jomini_eventmanager.cpp:637]: >=== NAMESPACE > 'portugal_regeneration' is set to #1470000
[23:22:18][jomini_eventmanager.cpp:590]: Events loaded events/iberia_events/ip4_portuguese_political_events.txt' #15
[23:22:18][jomini_eventmanager.cpp:590]: Events loaded events/iberia_events/ip4_spanish_political_events.txt' #0
[23:22:18][jomini_eventmanager.cpp:637]: >=== NAMESPACE > 'lands_of_anarchy' is set to #1480000
[23:22:18][jomini_eventmanager.cpp:590]: Events loaded events/iberia_events/morocco_makhzen_events.txt' #5
[23:22:18][jomini_eventmanager.cpp:637]: >=== NAMESPACE > 'negotiation' is set to #1490000
[23:22:18][jomini_eventmanager.cpp:590]: Events loaded events/iberia_events/negotiation_events.txt' #1
[23:22:18][jomini_eventmanager.cpp:590]: Events loaded events/iberia_events/philippines_events.txt' #0
[23:22:18][jomini_eventmanager.cpp:590]: Events loaded events/iberia_events/portugal_single_fire_events_1.txt' #0
[23:22:18][jomini_eventmanager.cpp:590]: Events loaded events/iberia_events/portuguese_colonialism_events.txt' #0
[23:22:18][jomini_eventmanager.cpp:590]: Events loaded events/iberia_events/portuguese_monarchy_events.txt' #0
[23:22:18][jomini_eventmanager.cpp:590]: Events loaded events/iberia_events/regency_events.txt' #0
[23:22:18][jomini_eventmanager.cpp:590]: Events loaded events/iberia_events/spanish_africa_events.txt' #0
[23:22:18][jomini_eventmanager.cpp:590]: Events loaded events/iberia_events/spanish_events.txt' #0
[23:22:18][jomini_eventmanager.cpp:590]: Events loaded events/iberia_events/spanish_new_world_events.txt' #0
[23:22:18][jomini_eventmanager.cpp:590]: Events loaded events/iberia_events/struggle_for_the_highveld_events.txt' #0
[23:22:18][jomini_eventmanager.cpp:590]: Events loaded events/iberia_events/subject_interaction_evts.txt' #0
[23:22:18][jomini_eventmanager.cpp:590]: Events loaded events/iberia_events/two_spains_events.txt' #0
[23:22:18][jomini_eventmanager.cpp:590]: Events loaded events/iberia_events/vernacular_events.txt' #0
[23:22:18][jomini_eventmanager.cpp:590]: Events loaded events/india_events/british_dictates.txt' #0
[23:22:18][jomini_eventmanager.cpp:590]: Events loaded events/india_events/caste_conflict.txt' #0
[23:22:18][jomini_eventmanager.cpp:590]: Events loaded events/india_events/communal_divides_events.txt' #0
[23:22:18][jomini_eventmanager.cpp:590]: Events loaded events/india_events/federation_of_india.txt' #0
[23:22:18][jomini_eventmanager.cpp:590]: Events loaded events/india_events/india_home_rule_events.txt' #0
[23:22:18][jomini_eventmanager.cpp:590]: Events loaded events/india_events/india_misc_events.txt' #0
[23:22:18][jomini_eventmanager.cpp:590]: Events loaded events/india_events/india_nationalism_events.txt' #0
[23:22:18][jomini_eventmanager.cpp:590]: Events loaded events/india_events/india_non_cooperation.txt' #0
[23:22:18][jomini_eventmanager.cpp:637]: >=== NAMESPACE > 'india_railway' is set to #1500000
[23:22:18][jomini_eventmanager.cpp:590]: Events loaded events/india_events/india_railway.txt' #5
[23:22:18][jomini_eventmanager.cpp:590]: Events loaded events/india_events/indian_famines.txt' #0
[23:22:18][jomini_eventmanager.cpp:637]: >=== NAMESPACE > 'jail' is set to #1510000
[23:22:18][jomini_eventmanager.cpp:590]: Events loaded events/india_events/jail.txt' #1
[23:22:18][jomini_eventmanager.cpp:590]: Events loaded events/india_events/mughal_events.txt' #0
[23:22:18][jomini_eventmanager.cpp:590]: Events loaded events/india_events/princely_state_creation.txt' #0
[23:22:18][jomini_eventmanager.cpp:590]: Events loaded events/india_events/princely_states.txt' #0
[23:22:18][jomini_eventmanager.cpp:590]: Events loaded events/india_events/sepoy_mutiny_events.txt' #0
[23:22:18][jomini_eventmanager.cpp:590]: Events loaded events/india_events/set_hierarchy_events.txt' #0
[23:22:18][jomini_eventmanager.cpp:590]: Events loaded events/india_events/sikh_empire.txt' #0
[23:22:18][jomini_eventmanager.cpp:590]: Events loaded events/india_events/utilitarian.txt' #0
[23:22:18][jomini_eventmanager.cpp:637]: >=== NAMESPACE > 'victoria_terminus' is set to #1520000
[23:22:18][jomini_eventmanager.cpp:590]: Events loaded events/india_events/victoria_terminus.txt' #2
[23:22:18][jomini_eventmanager.cpp:590]: Events loaded events/japan_events/ep2_ezo_republic.txt' #0
[23:22:18][jomini_eventmanager.cpp:590]: Events loaded events/japan_events/ep2_hokkaido_events.txt' #0
[23:22:18][jomini_eventmanager.cpp:590]: Events loaded events/japan_events/ep2_imperial_events.txt' #0
[23:22:18][jomini_eventmanager.cpp:590]: Events loaded events/japan_events/ep2_iwakura_events.txt' #0
[23:22:18][jomini_eventmanager.cpp:590]: Events loaded events/japan_events/ep2_japan_earthquake_events.txt' #0
[23:22:18][jomini_eventmanager.cpp:590]: Events loaded events/japan_events/ep2_japan_events.txt' #0
[23:22:18][jomini_eventmanager.cpp:590]: Events loaded events/japan_events/ep2_japan_events_03.txt' #0
[23:22:18][jomini_eventmanager.cpp:590]: Events loaded events/japan_events/ep2_japan_political_events.txt' #0
[23:22:18][jomini_eventmanager.cpp:590]: Events loaded events/japan_events/ep2_korea_colonization.txt' #0
[23:22:18][jomini_eventmanager.cpp:590]: Events loaded events/japan_events/ep2_meiji_restoration.txt' #0
[23:22:18][jomini_eventmanager.cpp:590]: Events loaded events/japan_events/ep2_sakoku_events.txt' #0
[23:22:18][jomini_eventmanager.cpp:590]: Events loaded events/japan_events/ep2_shogunate_events.txt' #0
[23:22:18][jomini_eventmanager.cpp:590]: Events loaded events/japan_events/ep2_tenpo_events.txt' #0
[23:22:18][jomini_eventmanager.cpp:637]: >=== NAMESPACE > 'zaibatsu' is set to #1530000
[23:22:18][jomini_eventmanager.cpp:590]: Events loaded events/japan_events/ep2_zaibatsu_events.txt' #2
[23:22:18][jomini_eventmanager.cpp:637]: >=== NAMESPACE > 'japan_religion' is set to #1540000
[23:22:18][jomini_eventmanager.cpp:590]: Events loaded events/japan_events/japan_religion_events.txt' #13
[23:22:18][jomini_eventmanager.cpp:590]: Events loaded events/japan_events/ryukyu_rivalry_events.txt' #0
[23:22:18][jomini_eventmanager.cpp:637]: >=== NAMESPACE > 'anarchy' is set to #1550000
[23:22:18][jomini_eventmanager.cpp:590]: Events loaded events/law_events/anarchy_law.txt' #3
[23:22:18][jomini_eventmanager.cpp:637]: >=== NAMESPACE > 'anti_state_religion' is set to #1560000
[23:22:18][jomini_eventmanager.cpp:590]: Events loaded events/law_events/anti_state_religion_law_events.txt' #3
[23:22:18][jomini_eventmanager.cpp:637]: >=== NAMESPACE > 'bureaucracy' is set to #1570000
[23:22:18][jomini_eventmanager.cpp:590]: Events loaded events/law_events/bureaucracy.txt' #3
[23:22:18][jomini_eventmanager.cpp:637]: >=== NAMESPACE > 'children_rights_events' is set to #1580000
[23:22:18][jomini_eventmanager.cpp:590]: Events loaded events/law_events/children_rights_events.txt' #6
[23:22:18][jomini_eventmanager.cpp:637]: >=== NAMESPACE > 'citizenship_laws' is set to #1590000
[23:22:18][jomini_eventmanager.cpp:590]: Events loaded events/law_events/citizenship_laws.txt' #6
[23:22:18][jomini_eventmanager.cpp:637]: >=== NAMESPACE > 'colonization' is set to #1600000
[23:22:18][jomini_eventmanager.cpp:590]: Events loaded events/law_events/colonization_laws.txt' #4
[23:22:18][jomini_eventmanager.cpp:637]: >=== NAMESPACE > 'conscription_laws' is set to #1610000
[23:22:18][jomini_eventmanager.cpp:590]: Events loaded events/law_events/conscription_laws.txt' #3
[23:22:18][jomini_eventmanager.cpp:637]: >=== NAMESPACE > 'corporate_state' is set to #1620000
[23:22:18][jomini_eventmanager.cpp:590]: Events loaded events/law_events/corporate_state_events.txt' #6
[23:22:18][jomini_eventmanager.cpp:637]: >=== NAMESPACE > 'council_republic_law_events' is set to #1630000
[23:22:18][jomini_eventmanager.cpp:590]: Events loaded events/law_events/council_republic_law_events.txt' #3
[23:22:18][jomini_eventmanager.cpp:637]: >=== NAMESPACE > 'distribution_of_power_laws' is set to #1640000
[23:22:18][jomini_eventmanager.cpp:590]: Events loaded events/law_events/distribution_of_power_laws.txt' #12
[23:22:18][jomini_eventmanager.cpp:637]: >=== NAMESPACE > 'economy_laws' is set to #1650000
[23:22:18][jomini_eventmanager.cpp:590]: Events loaded events/law_events/economy_laws.txt' #6
[23:22:18][jomini_eventmanager.cpp:637]: >=== NAMESPACE > 'education_laws' is set to #1660000
[23:22:18][jomini_eventmanager.cpp:590]: Events loaded events/law_events/education_laws.txt' #6
[23:22:18][jomini_eventmanager.cpp:637]: >=== NAMESPACE > 'free_speech_laws' is set to #1670000
[23:22:18][jomini_eventmanager.cpp:590]: Events loaded events/law_events/free_speech_laws.txt' #6
[23:22:18][jomini_eventmanager.cpp:637]: >=== NAMESPACE > 'healthcare_laws' is set to #1680000
[23:22:18][jomini_eventmanager.cpp:590]: Events loaded events/law_events/healthcare_laws.txt' #6
[23:22:18][jomini_eventmanager.cpp:637]: >=== NAMESPACE > 'internal_security_events' is set to #1690000
[23:22:18][jomini_eventmanager.cpp:590]: Events loaded events/law_events/internal_security_events.txt' #6
[23:22:18][jomini_eventmanager.cpp:637]: >=== NAMESPACE > 'isolation' is set to #1700000
[23:22:18][jomini_eventmanager.cpp:590]: Events loaded events/law_events/isolationism_law.txt' #2
[23:22:18][jomini_eventmanager.cpp:590]: Events loaded events/law_events/labor_rights_laws.txt' #0
[23:22:18][jomini_eventmanager.cpp:590]: Events loaded events/law_events/labour_associations_events.txt' #0
[23:22:18][jomini_eventmanager.cpp:637]: >=== NAMESPACE > 'law_events' is set to #1710000
[23:22:18][jomini_eventmanager.cpp:590]: Events loaded events/law_events/law_events.txt' #3
[23:22:18][jomini_eventmanager.cpp:637]: >=== NAMESPACE > 'generic_laws' is set to #1720000
[23:22:18][jomini_eventmanager.cpp:590]: Events loaded events/law_events/law_events_01.txt' #12
[23:22:18][jomini_eventmanager.cpp:637]: >=== NAMESPACE > 'law_notification' is set to #1730000
[23:22:18][jomini_eventmanager.cpp:590]: Events loaded events/law_events/law_notification.txt' #4
[23:22:18][jomini_eventmanager.cpp:637]: >=== NAMESPACE > 'laws' is set to #1740000
[23:22:18][jomini_eventmanager.cpp:590]: Events loaded events/law_events/laws.txt' #1
[23:22:18][jomini_eventmanager.cpp:637]: >=== NAMESPACE > 'laws_police' is set to #1750000
[23:22:18][jomini_eventmanager.cpp:590]: Events loaded events/law_events/laws_police.txt' #3
[23:22:18][jomini_eventmanager.cpp:637]: >=== NAMESPACE > 'migration_laws' is set to #1760000
[23:22:18][jomini_eventmanager.cpp:590]: Events loaded events/law_events/migration_laws.txt' #6
[23:22:18][jomini_eventmanager.cpp:637]: >=== NAMESPACE > 'monarchy_law_events' is set to #1770000
[23:22:18][jomini_eventmanager.cpp:590]: Events loaded events/law_events/monarchy_laws.txt' #4
[23:22:18][jomini_eventmanager.cpp:637]: >=== NAMESPACE > 'republic_laws' is set to #1780000
[23:22:18][jomini_eventmanager.cpp:590]: Events loaded events/law_events/republic_laws.txt' #3
[23:22:18][jomini_eventmanager.cpp:637]: >=== NAMESPACE > 'rights_of_women_laws' is set to #1790000
[23:22:18][jomini_eventmanager.cpp:590]: Events loaded events/law_events/rights_of_women_laws.txt' #7
[23:22:18][jomini_eventmanager.cpp:637]: >=== NAMESPACE > 'single_party_state' is set to #1800000
[23:22:18][jomini_eventmanager.cpp:590]: Events loaded events/law_events/single_party_state_laws.txt' #7
[23:22:18][jomini_eventmanager.cpp:590]: Events loaded events/law_events/slavery_laws.txt' #0
[23:22:18][jomini_eventmanager.cpp:637]: >=== NAMESPACE > 'state_atheism' is set to #1810000
[23:22:18][jomini_eventmanager.cpp:590]: Events loaded events/law_events/state_atheism.txt' #6
[23:22:18][jomini_eventmanager.cpp:637]: >=== NAMESPACE > 'tax' is set to #1820000
[23:22:18][jomini_eventmanager.cpp:590]: Events loaded events/law_events/tax_laws.txt' #6
[23:22:18][jomini_eventmanager.cpp:637]: >=== NAMESPACE > 'technocracy' is set to #1830000
[23:22:18][jomini_eventmanager.cpp:590]: Events loaded events/law_events/technocracy_law.txt' #4
[23:22:18][jomini_eventmanager.cpp:637]: >=== NAMESPACE > 'theocracy' is set to #1840000
[23:22:18][jomini_eventmanager.cpp:590]: Events loaded events/law_events/theocracy.txt' #3
[23:22:18][jomini_eventmanager.cpp:637]: >=== NAMESPACE > 'unable_to_enact' is set to #1850000
[23:22:18][jomini_eventmanager.cpp:590]: Events loaded events/law_events/unable_to_enact_events.txt' #2
[23:22:18][jomini_eventmanager.cpp:637]: >=== NAMESPACE > 'welfare_laws' is set to #1860000
[23:22:18][jomini_eventmanager.cpp:590]: Events loaded events/law_events/welfare_laws_events.txt' #9
[23:22:18][jomini_eventmanager.cpp:637]: >=== NAMESPACE > 'earn_recognition_events' is set to #1870000
[23:22:18][jomini_eventmanager.cpp:590]: Events loaded events/soi_events/00_earn_recognition_events.txt' #1
[23:22:18][jomini_eventmanager.cpp:590]: Events loaded events/soi_events/00_ep1_afghanistan_events.txt' #0
[23:22:18][jomini_eventmanager.cpp:590]: Events loaded events/soi_events/00_ep1_caucasus_events.txt' #0
[23:22:18][jomini_eventmanager.cpp:590]: Events loaded events/soi_events/00_ep1_great_game_events.txt' #0
[23:22:18][jomini_eventmanager.cpp:590]: Events loaded events/soi_events/00_ep1_kazakh_events.txt' #0
[23:22:18][jomini_eventmanager.cpp:590]: Events loaded events/soi_events/00_ep1_korea_events.txt' #0
[23:22:18][jomini_eventmanager.cpp:590]: Events loaded events/soi_events/00_ep1_persia_events.txt' #0
[23:22:18][jomini_eventmanager.cpp:637]: >=== NAMESPACE > 'lobby_events' is set to #1880000
[23:22:18][jomini_eventmanager.cpp:590]: Events loaded events/soi_events/00_lobbies_events_01.txt' #10
[23:22:18][jomini_eventmanager.cpp:590]: Events loaded events/soi_events/00_lobbies_events_03.txt' #20
[23:22:18][jomini_eventmanager.cpp:590]: Events loaded events/soi_events/00_lobbies_events_04.txt' #0
[23:22:18][jomini_eventmanager.cpp:637]: >=== NAMESPACE > 'aviation' is set to #1890000
[23:22:18][jomini_eventmanager.cpp:590]: Events loaded events/tech_events/aviation.txt' #1
[23:22:18][jomini_eventmanager.cpp:637]: >=== NAMESPACE > 'camera_film_pm_events' is set to #1900000
[23:22:18][jomini_eventmanager.cpp:590]: Events loaded events/tech_events/camera_film_pm_events.txt' #2
[23:22:18][jomini_eventmanager.cpp:637]: >=== NAMESPACE > 'military_tech_events' is set to #1910000
[23:22:18][jomini_eventmanager.cpp:637]: >=== NAMESPACE > 'flamethrowers_event' is set to #1920000
[23:22:18][jomini_eventmanager.cpp:590]: Events loaded events/tech_events/military_tech_events.txt' #5
[23:22:18][jomini_eventmanager.cpp:637]: >=== NAMESPACE > 'naval_tech_events' is set to #1930000
[23:22:18][jomini_eventmanager.cpp:590]: Events loaded events/tech_events/naval_tech_events.txt' #5
[23:22:18][jomini_eventmanager.cpp:637]: >=== NAMESPACE > 'nursing_events' is set to #1940000
[23:22:18][jomini_eventmanager.cpp:590]: Events loaded events/tech_events/nursing_events.txt' #4
[23:22:18][jomini_eventmanager.cpp:637]: >=== NAMESPACE > 'production_tech_events' is set to #1950000
[23:22:18][jomini_eventmanager.cpp:590]: Events loaded events/tech_events/production_tech_events.txt' #13
[23:22:18][jomini_eventmanager.cpp:637]: >=== NAMESPACE > 'rubber_events' is set to #1960000
[23:22:18][jomini_eventmanager.cpp:590]: Events loaded events/tech_events/rubber_events.txt' #2
[23:22:18][jomini_eventmanager.cpp:637]: >=== NAMESPACE > 'society_tech_events' is set to #1970000
[23:22:18][jomini_eventmanager.cpp:637]: >=== NAMESPACE > 'dan_society_tech_events' is set to #1980000
[23:22:18][jomini_eventmanager.cpp:637]: >=== NAMESPACE > 'dt_society_events' is set to #1990000
[23:22:18][jomini_eventmanager.cpp:590]: Events loaded events/tech_events/society_tech_events.txt' #8
[23:22:18][jomini_eventmanager.cpp:637]: >=== NAMESPACE > 'trench_warfare' is set to #2000000
[23:22:18][jomini_eventmanager.cpp:590]: Events loaded events/tech_events/trench_warfare.txt' #1
[23:22:18][jomini_eventmanager.cpp:637]: >=== NAMESPACE > 'war_crimes' is set to #2010000
[23:22:18][jomini_eventmanager.cpp:590]: Events loaded events/tech_events/war_crimes_events.txt' #2
[23:22:18][jomini_eventmanager.cpp:597]: >>> Total of : 818
[23:22:18][jomini_script_system.cpp:247]: Script system error!
  Error: untyped trigger [ Unknwon trigger 'is_princely_state' ]
  Script location: common/journal_entries/04_princely_states.txt:7

[23:22:18][political_movement_type.cpp:104]: Invalid country definition 'PAK' political movement forced_tags
[23:22:18][jomini_script_system.cpp:247]: Script system error!
  Error: scope:target_country trigger [ Unknwon trigger 'is_princely_state' ]
  Script location: common/ai_strategies/00_default_strategy.txt:8155

[23:22:18][jomini_script_system.cpp:247]: Script system error!
  Error: untyped trigger [ Unknwon trigger 'is_princely_state' ]
  Script location: common/ai_strategies/01_admin_strategies.txt:69

[23:22:18][jomini_script_system.cpp:247]: Script system error!
  Error: untyped trigger [ Unknwon trigger 'is_princely_state' ]
  Script location: common/ai_strategies/01_admin_strategies.txt:182

[23:22:18][jomini_script_system.cpp:247]: Script system error!
  Error: untyped trigger [ Unknwon trigger 'is_princely_state' ]
  Script location: common/ai_strategies/02_subject_diplomatic_strategies.txt:514

[23:22:18][jomini_script_system.cpp:247]: Script system error!
  Error: untyped trigger [ Unknwon trigger 'is_princely_state' ]
  Script location: common/ai_strategies/03_political_strategies.txt:154

[23:22:18][jomini_script_system.cpp:247]: Script system error!
  Error: untyped trigger [ Unknwon trigger 'is_princely_state' ]
  Script location: common/scripted_lists/victoria_scripted_lists.txt:1

[23:22:18][jomini_script_system.cpp:247]: Script system error!
  Error: untyped trigger [ Unknwon trigger 'is_princely_state' ]
  Script location: common/scripted_lists/victoria_scripted_lists.txt:1

[23:22:18][ship_modification_type.cpp:54]: Could not find sound effect 'event:/SFX/UI/ShipDesigner/shipdesigner_modification_range_heavy'. common/ship_modifications/ztr_navy_ship_modifications.txt:365
[23:22:18][country_formation.cpp:75]: Invalid leadership play dp_leadership_cipro in country_formation
[23:22:18][country_formation.cpp:75]: Invalid leadership play dp_leadership_reich in country_formation
[23:22:18][journal_entry_type.cpp:476]: Journal entry has redundant loc for je_sick_man_syria_goal
[23:22:18][journal_entry_type.cpp:476]: Journal entry has redundant loc for je_sick_man_egypt_goal
[23:22:18][journal_entry_type.cpp:476]: Journal entry has redundant loc for je_acw_countdown_goal
[23:22:18][journal_entry_type.cpp:476]: Journal entry has redundant loc for je_agricultural_development_goal
[23:22:18][journal_entry_type.cpp:476]: Journal entry has redundant loc for je_cement_the_rightful_dynasty_goal
[23:22:18][journal_entry_type.cpp:476]: Journal entry has redundant loc for je_consolidate_colonial_rule_goal
[23:22:18][journal_entry_type.cpp:476]: Journal entry has redundant loc for je_great_reformer_goal
[23:22:18][journal_entry_type.cpp:476]: Journal entry has redundant loc for je_maintain_afghan_protectorate_goal
[23:22:18][journal_entry_type.cpp:476]: Journal entry has redundant loc for je_meiji_main_goal
[23:22:18][journal_entry_type.cpp:476]: Journal entry has redundant loc for je_modernizing_paraguay_goal
[23:22:18][journal_entry_type.cpp:476]: Journal entry has redundant loc for je_opium_obsession_goal
[23:22:19][diplomatic_action_type.cpp:105]: dominion lacks an evaluation_chance block, which means the AI will never use it
[23:22:19][diplomatic_action_type.cpp:105]: colony lacks an evaluation_chance block, which means the AI will never use it
[23:22:19][diplomatic_action_type.cpp:105]: host_player_ally lacks an evaluation_chance block, which means the AI will never use it
[23:22:19][diplomatic_action_type.cpp:105]: request_player_ally lacks an evaluation_chance block, which means the AI will never use it
[23:22:19][diplomatic_action_type.cpp:105]: war_reparations lacks an evaluation_chance block, which means the AI will never use it
[23:22:19][diplomatic_action_type.cpp:105]: vassal lacks an evaluation_chance block, which means the AI will never use it
[23:22:19][diplomatic_action_type.cpp:105]: disapproval_pact lacks an evaluation_chance block, which means the AI will never use it
[23:22:19][diplomatic_action_type.cpp:105]: colonization_rights lacks an evaluation_chance block, which means the AI will never use it
[23:22:19][diplomatic_action_type.cpp:105]: chartered_company lacks an evaluation_chance block, which means the AI will never use it
[23:22:19][diplomatic_action_type.cpp:105]: protectorate lacks an evaluation_chance block, which means the AI will never use it
[23:22:19][diplomatic_action_type.cpp:105]: puppet lacks an evaluation_chance block, which means the AI will never use it
[23:22:19][diplomatic_action_type.cpp:105]: raiding_pact lacks an evaluation_chance block, which means the AI will never use it
[23:22:19][diplomatic_action_type.cpp:105]: personal_union lacks an evaluation_chance block, which means the AI will never use it
[23:22:19][diplomatic_action_type.cpp:105]: humiliation lacks an evaluation_chance block, which means the AI will never use it
[23:22:19][diplomatic_action_type.cpp:105]: tributary lacks an evaluation_chance block, which means the AI will never use it
[23:22:19][diplomatic_action_type.cpp:105]: crown_land lacks an evaluation_chance block, which means the AI will never use it
[23:22:19][jomini_script_system.cpp:247]: Script system error!
  Error: scripted_bar_progress trigger [ Invalid database object 'expedition_progress_bar' ]
  Script location: common/customizable_localization/10_expedition_loc.txt:6

[23:22:19][jomini_script_system.cpp:247]: Script system error!
  Error: scripted_bar_progress trigger [ Invalid database object 'expedition_progress_bar' ]
  Script location: common/customizable_localization/10_expedition_loc.txt:12

[23:22:19][jomini_script_system.cpp:247]: Script system error!
  Error: scripted_bar_progress trigger [ Invalid database object 'expedition_progress_bar' ]
  Script location: common/customizable_localization/10_expedition_loc.txt:13

[23:22:19][jomini_script_system.cpp:247]: Script system error!
  Error: scripted_bar_progress trigger [ Invalid database object 'expedition_progress_bar' ]
  Script location: common/customizable_localization/10_expedition_loc.txt:19

[23:22:19][jomini_script_system.cpp:247]: Script system error!
  Error: scripted_bar_progress trigger [ Invalid database object 'expedition_progress_bar' ]
  Script location: common/customizable_localization/10_expedition_loc.txt:20

[23:22:19][jomini_script_system.cpp:247]: Script system error!
  Error: scripted_bar_progress trigger [ Invalid database object 'expedition_progress_bar' ]
  Script location: common/customizable_localization/10_expedition_loc.txt:26

[23:22:19][jomini_script_system.cpp:247]: Script system error!
  Error: scripted_bar_progress trigger [ Invalid database object 'expedition_peril_progress_bar' ]
  Script location: common/customizable_localization/10_expedition_loc.txt:37

[23:22:19][jomini_script_system.cpp:247]: Script system error!
  Error: scripted_bar_progress trigger [ Invalid database object 'expedition_peril_progress_bar' ]
  Script location: common/customizable_localization/10_expedition_loc.txt:43

[23:22:19][jomini_script_system.cpp:247]: Script system error!
  Error: scripted_bar_progress trigger [ Invalid database object 'expedition_peril_progress_bar' ]
  Script location: common/customizable_localization/10_expedition_loc.txt:44

[23:22:19][jomini_script_system.cpp:247]: Script system error!
  Error: scripted_bar_progress trigger [ Invalid database object 'expedition_peril_progress_bar' ]
  Script location: common/customizable_localization/10_expedition_loc.txt:50

[23:22:19][jomini_script_system.cpp:247]: Script system error!
  Error: scripted_bar_progress trigger [ Invalid database object 'expedition_peril_progress_bar' ]
  Script location: common/customizable_localization/10_expedition_loc.txt:51

[23:22:19][jomini_script_system.cpp:247]: Script system error!
  Error: scripted_bar_progress trigger [ Invalid database object 'expedition_peril_progress_bar' ]
  Script location: common/customizable_localization/10_expedition_loc.txt:57

[23:22:19][jomini_script_system.cpp:247]: Script system error!
  Error: scripted_bar_progress trigger [ Invalid database object 'je_two_spains_progress_bar' ]
  Script location: common/script_values/ip4_je_values.txt:6

[23:22:19][jomini_script_system.cpp:247]: Script system error!
  Error: scripted_bar_progress trigger [ Invalid database object 'je_two_spains_progress_bar' ]
  Script location: common/script_values/ip4_je_values.txt:17

[23:22:19][jomini_script_system.cpp:247]: Script system error!
  Error: scripted_bar_progress trigger [ Invalid database object 'expedition_progress_bar' ]
  Script location: common/scripted_effects/00_expedition_effects.txt:136

[23:22:19][jomini_script_system.cpp:247]: Script system error!
  Error: scripted_bar_progress trigger [ Invalid database object 'expedition_progress_bar' ]
  Script location: common/scripted_effects/00_expedition_effects.txt:149

[23:22:19][jomini_script_system.cpp:247]: Script system error!
  Error: scripted_bar_progress trigger [ Invalid database object 'expedition_progress_bar' ]
  Script location: common/scripted_effects/00_expedition_effects.txt:150

[23:22:19][jomini_script_system.cpp:247]: Script system error!
  Error: scripted_bar_progress trigger [ Invalid database object 'expedition_progress_bar' ]
  Script location: common/scripted_effects/00_expedition_effects.txt:163

[23:22:19][jomini_script_system.cpp:247]: Script system error!
  Error: scripted_bar_progress trigger [ Invalid database object 'expedition_progress_bar' ]
  Script location: common/scripted_effects/00_expedition_effects.txt:164

[23:22:19][jomini_script_system.cpp:247]: Script system error!
  Error: scripted_bar_progress trigger [ Invalid database object 'expedition_progress_bar' ]
  Script location: common/scripted_effects/00_expedition_effects.txt:177

[23:22:19][jomini_script_system.cpp:247]: Script system error!
  Error: scripted_bar_progress trigger [ Invalid database object 'expedition_progress_bar' ]
  Script location: common/scripted_effects/00_expedition_effects.txt:13

[23:22:19][jomini_script_system.cpp:247]: Script system error!
  Error: scripted_bar_progress trigger [ Invalid database object 'expedition_progress_bar' ]
  Script location: common/scripted_effects/00_expedition_effects.txt:201

[23:22:19][jomini_script_system.cpp:247]: Script system error!
  Error: scripted_bar_progress trigger [ Invalid database object 'expedition_progress_bar' ]
  Script location: common/scripted_effects/00_expedition_effects.txt:26

[23:22:19][jomini_script_system.cpp:247]: Script system error!
  Error: scripted_bar_progress trigger [ Invalid database object 'expedition_progress_bar' ]
  Script location: common/scripted_effects/00_expedition_effects.txt:214

[23:22:19][jomini_script_system.cpp:247]: Script system error!
  Error: scripted_bar_progress trigger [ Invalid database object 'expedition_progress_bar' ]
  Script location: common/scripted_effects/00_expedition_effects.txt:39

[23:22:19][jomini_script_system.cpp:247]: Script system error!
  Error: scripted_bar_progress trigger [ Invalid database object 'expedition_progress_bar' ]
  Script location: common/scripted_effects/00_expedition_effects.txt:227

[23:22:19][jomini_script_system.cpp:247]: Script system error!
  Error: scripted_bar_progress trigger [ Invalid database object 'expedition_progress_bar' ]
  Script location: common/scripted_effects/00_expedition_effects.txt:52

[23:22:19][jomini_script_system.cpp:247]: Script system error!
  Error: scripted_bar_progress trigger [ Invalid database object 'expedition_progress_bar' ]
  Script location: common/scripted_effects/00_expedition_effects.txt:240

[23:22:19][jomini_script_system.cpp:247]: Script system error!
  Error: scripted_bar_progress trigger [ Invalid database object 'expedition_progress_bar' ]
  Script location: common/scripted_effects/00_expedition_effects.txt:253

[23:22:19][jomini_script_system.cpp:247]: Script system error!
  Error: scripted_bar_progress trigger [ Invalid database object 'expedition_progress_bar' ]
  Script location: common/scripted_effects/00_expedition_effects.txt:65

[23:22:19][jomini_script_system.cpp:247]: Script system error!
  Error: scripted_bar_progress trigger [ Invalid database object 'expedition_progress_bar' ]
  Script location: common/scripted_effects/00_expedition_effects.txt:266

[23:22:19][jomini_script_system.cpp:247]: Script system error!
  Error: scripted_bar_progress trigger [ Invalid database object 'expedition_progress_bar' ]
  Script location: common/scripted_effects/00_expedition_effects.txt:78

[23:22:19][jomini_script_system.cpp:247]: Script system error!
  Error: scripted_bar_progress trigger [ Invalid database object 'expedition_progress_bar' ]
  Script location: common/scripted_effects/00_expedition_effects.txt:279

[23:22:19][jomini_script_system.cpp:247]: Script system error!
  Error: scripted_bar_progress trigger [ Invalid database object 'expedition_progress_bar' ]
  Script location: common/scripted_effects/00_expedition_effects.txt:91

[23:22:19][jomini_script_system.cpp:247]: Script system error!
  Error: scripted_bar_progress trigger [ Invalid database object 'expedition_progress_bar' ]
  Script location: common/scripted_effects/00_expedition_effects.txt:292

[23:22:19][jomini_script_system.cpp:247]: Script system error!
  Error: scripted_bar_progress trigger [ Invalid database object 'expedition_progress_bar' ]
  Script location: common/scripted_effects/00_expedition_effects.txt:104

[23:22:19][jomini_script_system.cpp:247]: Script system error!
  Error: scripted_bar_progress trigger [ Invalid database object 'expedition_progress_bar' ]
  Script location: common/scripted_effects/00_expedition_effects.txt:324

[23:22:19][jomini_script_system.cpp:247]: Script system error!
  Error: scripted_bar_progress trigger [ Invalid database object 'expedition_progress_bar' ]
  Script location: common/scripted_effects/00_expedition_effects.txt:337

[23:22:19][jomini_script_system.cpp:247]: Script system error!
  Error: scripted_bar_progress trigger [ Invalid database object 'expedition_progress_bar' ]
  Script location: common/scripted_effects/00_expedition_effects.txt:350

[23:22:19][jomini_script_system.cpp:247]: Script system error!
  Error: scripted_bar_progress trigger [ Invalid database object 'expedition_progress_bar' ]
  Script location: common/scripted_effects/00_expedition_effects.txt:363

[23:22:19][jomini_script_system.cpp:247]: Script system error!
  Error: scripted_bar_progress trigger [ Invalid database object 'expedition_progress_bar' ]
  Script location: common/scripted_effects/00_expedition_effects.txt:376

[23:22:19][jomini_script_system.cpp:247]: Script system error!
  Error: scripted_bar_progress trigger [ Invalid database object 'expedition_progress_bar' ]
  Script location: common/scripted_effects/00_expedition_effects.txt:389

[23:22:19][jomini_script_system.cpp:247]: Script system error!
  Error: scripted_bar_progress trigger [ Invalid database object 'expedition_progress_bar' ]
  Script location: common/scripted_effects/00_expedition_effects.txt:402

[23:22:19][jomini_script_system.cpp:247]: Script system error!
  Error: scripted_bar_progress trigger [ Invalid database object 'expedition_progress_bar' ]
  Script location: common/scripted_effects/00_expedition_effects.txt:415

[23:22:19][jomini_script_system.cpp:247]: Script system error!
  Error: scripted_bar_progress trigger [ Invalid database object 'expedition_progress_bar' ]
  Script location: events/expedition_events/antarctic_expedition_events.txt:225

[23:22:19][jomini_script_system.cpp:247]: Script system error!
  Error: scripted_bar_progress trigger [ Invalid database object 'expedition_progress_bar' ]
  Script location: events/expedition_events/antarctic_expedition_events.txt:351

[23:22:19][jomini_script_system.cpp:247]: Script system error!
  Error: scripted_bar_progress trigger [ Invalid database object 'expedition_peril_progress_bar' ]
  Script location: events/expedition_events/antarctic_expedition_events.txt:409

[23:22:19][jomini_script_system.cpp:247]: Script system error!
  Error: scripted_bar_progress trigger [ Invalid database object 'expedition_peril_progress_bar' ]
  Script location: events/expedition_events/antarctic_expedition_events.txt:417

[23:22:19][jomini_script_system.cpp:247]: Script system error!
  Error: scripted_bar_progress trigger [ Invalid database object 'expedition_progress_bar' ]
  Script location: events/expedition_events/antarctic_expedition_events.txt:435

[23:22:19][jomini_script_system.cpp:247]: Script system error!
  Error: scripted_bar_progress trigger [ Invalid database object 'expedition_progress_bar' ]
  Script location: events/expedition_events/antarctic_expedition_events.txt:569

[23:22:19][jomini_script_system.cpp:247]: Script system error!
  Error: scripted_bar_progress trigger [ Invalid database object 'expedition_progress_bar' ]
  Script location: events/expedition_events/antarctic_expedition_events.txt:638

[23:22:19][jomini_script_system.cpp:247]: Script system error!
  Error: scripted_bar_progress trigger [ Invalid database object 'expedition_progress_bar' ]
  Script location: events/expedition_events/antarctic_expedition_events.txt:773

[23:22:19][jomini_script_system.cpp:247]: Script system error!
  Error: scripted_bar_progress trigger [ Invalid database object 'expedition_progress_bar' ]
  Script location: events/expedition_events/antarctic_expedition_events.txt:997

[23:22:19][jomini_script_system.cpp:247]: Script system error!
  Error: scripted_bar_progress trigger [ Invalid database object 'expedition_progress_bar' ]
  Script location: events/expedition_events/antarctic_expedition_events.txt:1063

[23:22:19][jomini_script_system.cpp:247]: Script system error!
  Error: scripted_bar_progress trigger [ Invalid database object 'expedition_peril_progress_bar' ]
  Script location: events/expedition_events/antarctic_expedition_events.txt:1146

[23:22:19][jomini_script_system.cpp:247]: Script system error!
  Error: scripted_bar_progress trigger [ Invalid database object 'expedition_peril_progress_bar' ]
  Script location: events/expedition_events/antarctic_expedition_events.txt:1154

[23:22:19][jomini_script_system.cpp:247]: Script system error!
  Error: scripted_bar_progress trigger [ Invalid database object 'expedition_progress_bar' ]
  Script location: events/expedition_events/antarctic_expedition_events.txt:1172

[23:22:19][jomini_script_system.cpp:247]: Script system error!
  Error: scripted_bar_progress trigger [ Invalid database object 'expedition_progress_bar' ]
  Script location: events/expedition_events/congo_river_expedition_events.txt:378

[23:22:19][jomini_script_system.cpp:247]: Script system error!
  Error: scripted_bar_progress trigger [ Invalid database object 'expedition_progress_bar' ]
  Script location: events/expedition_events/congo_river_expedition_events.txt:444

[23:22:19][jomini_script_system.cpp:247]: Script system error!
  Error: scripted_bar_progress trigger [ Invalid database object 'expedition_progress_bar' ]
  Script location: events/expedition_events/congo_river_expedition_events.txt:447

[23:22:19][jomini_script_system.cpp:247]: Script system error!
  Error: scripted_bar_progress trigger [ Invalid database object 'expedition_progress_bar' ]
  Script location: events/expedition_events/congo_river_expedition_events.txt:493

[23:22:19][jomini_script_system.cpp:247]: Script system error!
  Error: scripted_bar_progress trigger [ Invalid database object 'expedition_progress_bar' ]
  Script location: events/expedition_events/congo_river_expedition_events.txt:626

[23:22:19][jomini_script_system.cpp:247]: Script system error!
  Error: scripted_bar_progress trigger [ Invalid database object 'expedition_progress_bar' ]
  Script location: events/expedition_events/congo_river_expedition_events.txt:801

[23:22:19][jomini_script_system.cpp:247]: Script system error!
  Error: scripted_bar_progress trigger [ Invalid database object 'expedition_progress_bar' ]
  Script location: events/expedition_events/congo_river_expedition_events.txt:848

[23:22:19][jomini_script_system.cpp:247]: Script system error!
  Error: scripted_bar_progress trigger [ Invalid database object 'expedition_progress_bar' ]
  Script location: events/expedition_events/congo_river_expedition_events.txt:907

[23:22:19][jomini_script_system.cpp:247]: Script system error!
  Error: scripted_bar_progress trigger [ Invalid database object 'expedition_progress_bar' ]
  Script location: events/expedition_events/congo_river_expedition_events.txt:910

[23:22:19][jomini_script_system.cpp:247]: Script system error!
  Error: scripted_bar_progress trigger [ Invalid database object 'expedition_progress_bar' ]
  Script location: events/expedition_events/congo_river_expedition_events.txt:967

[23:22:19][jomini_script_system.cpp:247]: Script system error!
  Error: scripted_bar_progress trigger [ Invalid database object 'expedition_progress_bar' ]
  Script location: events/expedition_events/congo_river_expedition_events.txt:1031

[23:22:19][jomini_script_system.cpp:247]: Script system error!
  Error: scripted_bar_progress trigger [ Invalid database object 'expedition_progress_bar' ]
  Script location: events/expedition_events/congo_river_expedition_events.txt:1034

[23:22:19][jomini_script_system.cpp:247]: Script system error!
  Error: scripted_bar_progress trigger [ Invalid database object 'expedition_progress_bar' ]
  Script location: events/expedition_events/congo_river_expedition_events.txt:1037

[23:22:19][jomini_script_system.cpp:247]: Script system error!
  Error: scripted_bar_progress trigger [ Invalid database object 'expedition_progress_bar' ]
  Script location: events/expedition_events/niger_river_expedition_events.txt:316

[23:22:19][jomini_script_system.cpp:247]: Script system error!
  Error: scripted_bar_progress trigger [ Invalid database object 'expedition_progress_bar' ]
  Script location: events/expedition_events/niger_river_expedition_events.txt:319

[23:22:19][jomini_script_system.cpp:247]: Script system error!
  Error: scripted_bar_progress trigger [ Invalid database object 'expedition_progress_bar' ]
  Script location: events/expedition_events/niger_river_expedition_events.txt:322

[23:22:19][jomini_script_system.cpp:247]: Script system error!
  Error: scripted_bar_progress trigger [ Invalid database object 'expedition_progress_bar' ]
  Script location: events/expedition_events/niger_river_expedition_events.txt:473

[23:22:19][jomini_script_system.cpp:247]: Script system error!
  Error: scripted_bar_progress trigger [ Invalid database object 'expedition_progress_bar' ]
  Script location: events/expedition_events/niger_river_expedition_events.txt:622

[23:22:19][jomini_script_system.cpp:247]: Script system error!
  Error: scripted_bar_progress trigger [ Invalid database object 'expedition_progress_bar' ]
  Script location: events/expedition_events/niger_river_expedition_events.txt:625

[23:22:19][jomini_script_system.cpp:247]: Script system error!
  Error: scripted_bar_progress trigger [ Invalid database object 'expedition_progress_bar' ]
  Script location: events/expedition_events/niger_river_expedition_events.txt:1052

[23:22:19][jomini_script_system.cpp:247]: Script system error!
  Error: scripted_bar_progress trigger [ Invalid database object 'expedition_progress_bar' ]
  Script location: events/expedition_events/niger_river_expedition_events.txt:1055

[23:22:19][jomini_script_system.cpp:247]: Script system error!
  Error: scripted_bar_progress trigger [ Invalid database object 'expedition_progress_bar' ]
  Script location: events/expedition_events/niger_river_expedition_events.txt:1058

[23:22:19][jomini_script_system.cpp:247]: Script system error!
  Error: scripted_bar_progress trigger [ Invalid database object 'expedition_progress_bar' ]
  Script location: events/expedition_events/niger_river_expedition_events.txt:1350

[23:22:19][jomini_script_system.cpp:247]: Script system error!
  Error: scripted_bar_progress trigger [ Invalid database object 'expedition_progress_bar' ]
  Script location: events/expedition_events/niger_river_expedition_events.txt:1353

[23:22:19][jomini_script_system.cpp:247]: Script system error!
  Error: scripted_bar_progress trigger [ Invalid database object 'expedition_progress_bar' ]
  Script location: events/expedition_events/niger_river_expedition_events.txt:1472

[23:22:19][jomini_script_system.cpp:247]: Script system error!
  Error: scripted_bar_progress trigger [ Invalid database object 'expedition_progress_bar' ]
  Script location: events/expedition_events/niger_river_expedition_events.txt:1475

[23:22:19][jomini_script_system.cpp:247]: Script system error!
  Error: scripted_bar_progress trigger [ Invalid database object 'expedition_progress_bar' ]
  Script location: events/expedition_events/niger_river_expedition_events.txt:1478

[23:22:19][jomini_script_system.cpp:247]: Script system error!
  Error: scripted_bar_progress trigger [ Invalid database object 'expedition_progress_bar' ]
  Script location: events/expedition_events/niger_river_expedition_events.txt:1678

[23:22:19][jomini_script_system.cpp:247]: Script system error!
  Error: scripted_bar_progress trigger [ Invalid database object 'expedition_progress_bar' ]
  Script location: events/expedition_events/niger_river_expedition_events.txt:1681

[23:22:19][jomini_script_system.cpp:247]: Script system error!
  Error: scripted_bar_progress trigger [ Invalid database object 'expedition_progress_bar' ]
  Script location: events/expedition_events/niger_river_expedition_events.txt:1684

[23:22:19][jomini_script_system.cpp:247]: Script system error!
  Error: scripted_bar_progress trigger [ Invalid database object 'expedition_progress_bar' ]
  Script location: events/expedition_events/niger_river_expedition_events.txt:1687

[23:22:19][jomini_script_system.cpp:247]: Script system error!
  Error: scripted_bar_progress trigger [ Invalid database object 'expedition_progress_bar' ]
  Script location: events/expedition_events/niger_river_expedition_events.txt:1690

[23:22:19][jomini_script_system.cpp:247]: Script system error!
  Error: scripted_bar_progress trigger [ Invalid database object 'expedition_peril_progress_bar' ]
  Script location: events/expedition_events/niger_river_expedition_events.txt:1695

[23:22:19][jomini_script_system.cpp:247]: Script system error!
  Error: scripted_bar_progress trigger [ Invalid database object 'expedition_peril_progress_bar' ]
  Script location: events/expedition_events/niger_river_expedition_events.txt:1698

[23:22:19][jomini_script_system.cpp:247]: Script system error!
  Error: scripted_bar_progress trigger [ Invalid database object 'expedition_peril_progress_bar' ]
  Script location: events/expedition_events/niger_river_expedition_events.txt:1701

[23:22:19][jomini_script_system.cpp:247]: Script system error!
  Error: scripted_bar_progress trigger [ Invalid database object 'expedition_peril_progress_bar' ]
  Script location: events/expedition_events/niger_river_expedition_events.txt:1704

[23:22:19][jomini_script_system.cpp:247]: Script system error!
  Error: scripted_bar_progress trigger [ Invalid database object 'expedition_peril_progress_bar' ]
  Script location: events/expedition_events/niger_river_expedition_events.txt:1707

[23:22:19][jomini_script_system.cpp:247]: Script system error!
  Error: scripted_bar_progress trigger [ Invalid database object 'expedition_peril_progress_bar' ]
  Script location: events/expedition_events/west_america_expedition_events.txt:1083

[23:22:19][jomini_script_system.cpp:247]: Script system error!
  Error: scripted_bar_progress trigger [ Invalid database object 'expedition_peril_progress_bar' ]
  Script location: events/expedition_events/west_america_expedition_events.txt:1091

[23:22:19][jomini_script_system.cpp:247]: Script system error!
  Error: scripted_bar_progress trigger [ Invalid database object 'expedition_peril_progress_bar' ]
  Script location: events/expedition_events/west_america_expedition_events.txt:1151

[23:22:19][jomini_script_system.cpp:247]: Script system error!
  Error: scripted_bar_progress trigger [ Invalid database object 'expedition_peril_progress_bar' ]
  Script location: events/expedition_events/west_america_expedition_events.txt:1159

[23:22:19][jomini_script_system.cpp:247]: Script system error!
  Error: scripted_bar_progress trigger [ Invalid database object 'expedition_progress_bar' ]
  Script location: events/expedition_events/west_america_expedition_events.txt:1336

[23:22:19][jomini_script_system.cpp:247]: Script system error!
  Error: scripted_bar_progress trigger [ Invalid database object 'expedition_progress_bar' ]
  Script location: events/expedition_events/west_america_expedition_events.txt:1479

[23:22:19][jomini_script_system.cpp:247]: Script system error!
  Error: scripted_bar_progress trigger [ Invalid database object 'expedition_peril_progress_bar' ]
  Script location: events/expedition_events/west_america_expedition_events.txt:1937

[23:22:19][jomini_script_system.cpp:247]: Script system error!
  Error: scripted_bar_progress trigger [ Invalid database object 'lands_of_anarchy_tribes_of_marrakech_bar' ]
  Script location: events/iberia_events/morocco_makhzen_events.txt:62

[23:22:19][jomini_script_system.cpp:247]: Script system error!
  Error: scripted_bar_progress trigger [ Invalid database object 'lands_of_anarchy_tribes_of_al_rif_bar' ]
  Script location: events/iberia_events/morocco_makhzen_events.txt:75

[23:22:19][jomini_script_system.cpp:247]: Script system error!
  Error: scripted_bar_progress trigger [ Invalid database object 'lands_of_anarchy_tribes_of_inner_morocco_bar' ]
  Script location: events/iberia_events/morocco_makhzen_events.txt:88

[23:22:19][jomini_script_system.cpp:247]: Script system error!
  Error: scripted_bar_progress trigger [ Invalid database object 'expedition_peril_progress_bar' ]
  Script location: common/journal_entries/00_antarctica.txt:64

[23:22:19][jomini_script_system.cpp:247]: Script system error!
  Error: scripted_bar_progress trigger [ Invalid database object 'expedition_progress_bar' ]
  Script location: common/journal_entries/00_antarctica.txt:93

[23:22:19][jomini_script_system.cpp:247]: Script system error!
  Error: scripted_bar_progress trigger [ Invalid database object 'expedition_peril_progress_bar' ]
  Script location: common/journal_entries/00_central_africa.txt:90

[23:22:19][jomini_script_system.cpp:247]: Script system error!
  Error: scripted_bar_progress trigger [ Invalid database object 'expedition_progress_bar' ]
  Script location: common/journal_entries/00_central_africa.txt:120

[23:22:19][jomini_script_system.cpp:247]: Script system error!
  Error: scripted_bar_progress trigger [ Invalid database object 'communism_1_progress_bar' ]
  Script location: common/journal_entries/00_communism.txt:55

[23:22:19][jomini_script_system.cpp:247]: Script system error!
  Error: scripted_bar_progress trigger [ Invalid database object 'expedition_peril_progress_bar' ]
  Script location: common/journal_entries/00_congo.txt:91

[23:22:19][jomini_script_system.cpp:247]: Script system error!
  Error: scripted_bar_progress trigger [ Invalid database object 'expedition_progress_bar' ]
  Script location: common/journal_entries/00_congo.txt:105

[23:22:19][jomini_script_system.cpp:247]: Script system error!
  Error: scripted_bar_progress trigger [ Invalid database object 'expedition_progress_bar' ]
  Script location: common/journal_entries/00_congo.txt:128

[23:22:19][jomini_script_system.cpp:247]: Script system error!
  Error: scripted_bar_progress trigger [ Invalid database object 'expedition_progress_bar' ]
  Script location: common/journal_entries/00_niger_river.txt:84

[23:22:19][jomini_script_system.cpp:247]: Script system error!
  Error: scripted_bar_progress trigger [ Invalid database object 'expedition_peril_progress_bar' ]
  Script location: common/journal_entries/00_niger_river.txt:113

[23:22:19][jomini_script_system.cpp:247]: Script system error!
  Error: scripted_bar_progress trigger [ Invalid database object 'earn_recognition_progress_bar' ]
  Script location: common/journal_entries/00_request_recognition.txt:49

[23:22:19][jomini_script_system.cpp:247]: Script system error!
  Error: scripted_bar_progress trigger [ Invalid database object 'expedition_progress_bar' ]
  Script location: common/journal_entries/00_west_america.txt:89

[23:22:19][jomini_script_system.cpp:247]: Script system error!
  Error: scripted_bar_progress trigger [ Invalid database object 'expedition_peril_progress_bar' ]
  Script location: common/journal_entries/00_west_america.txt:125

[23:22:19][jomini_script_system.cpp:247]: Script system error!
  Error: scripted_bar_progress trigger [ Invalid database object 'je_ip4_coup_progress_bar' ]
  Script location: common/journal_entries/01_coup.txt:74

[23:22:19][jomini_script_system.cpp:247]: Script system error!
  Error: scripted_bar_progress trigger [ Invalid database object 'je_ip4_coup_progress_bar' ]
  Script location: common/journal_entries/01_coup.txt:98

[23:22:19][jomini_script_system.cpp:247]: Script system error!
  Error: scripted_bar_progress trigger [ Invalid database object 'je_caudillo_progress_bar' ]
  Script location: common/journal_entries/02_caudillo.txt:30

[23:22:19][jomini_script_system.cpp:247]: Script system error!
  Error: scripted_bar_progress trigger [ Invalid database object 'je_caudillo_progress_bar' ]
  Script location: common/journal_entries/02_caudillo.txt:50

[23:22:19][jomini_script_system.cpp:247]: Script system error!
  Error: scripted_bar_progress trigger [ Invalid database object 'sikh_empire_progress_bar' ]
  Script location: common/journal_entries/04_sikh_empire.txt:24

[23:22:19][jomini_script_system.cpp:247]: Script system error!
  Error: scripted_bar_progress trigger [ Invalid database object 'sikh_empire_intrigue_bar' ]
  Script location: common/journal_entries/04_sikh_empire.txt:119

[23:22:19][jomini_script_system.cpp:247]: Script system error!
  Error: scripted_bar_progress trigger [ Invalid database object 'balkan_league_timeout_bar' ]
  Script location: common/journal_entries/05_balkan_wars.txt:164

[23:22:19][jomini_script_system.cpp:247]: Script system error!
  Error: scripted_bar_progress trigger [ Invalid database object 'je_technocracy_progress_bar' ]
  Script location: common/journal_entries/05_technocracy.txt:33

[23:22:19][jomini_script_system.cpp:247]: Script system error!
  Error: scripted_bar_progress trigger [ Invalid database object 'lands_of_anarchy_tribes_of_al_rif_bar' ]
  Script location: common/journal_entries/06_morocco_lands_of_anarchy.txt:92

[23:22:19][jomini_script_system.cpp:247]: Script system error!
  Error: scripted_bar_progress trigger [ Invalid database object 'lands_of_anarchy_tribes_of_marrakech_bar' ]
  Script location: common/journal_entries/06_morocco_lands_of_anarchy.txt:110

[23:22:19][jomini_script_system.cpp:247]: Script system error!
  Error: scripted_bar_progress trigger [ Invalid database object 'lands_of_anarchy_tribes_of_inner_morocco_bar' ]
  Script location: common/journal_entries/06_morocco_lands_of_anarchy.txt:129

[23:22:19][jomini_script_system.cpp:247]: Script system error!
  Error: scripted_bar_progress trigger [ Invalid database object 'lands_of_anarchy_tribes_of_marrakech_bar' ]
  Script location: common/journal_entries/06_morocco_lands_of_anarchy.txt:155

[23:22:19][jomini_script_system.cpp:247]: Script system error!
  Error: scripted_bar_progress trigger [ Invalid database object 'lands_of_anarchy_tribes_of_al_rif_bar' ]
  Script location: common/journal_entries/06_morocco_lands_of_anarchy.txt:158

[23:22:19][jomini_script_system.cpp:247]: Script system error!
  Error: scripted_bar_progress trigger [ Invalid database object 'lands_of_anarchy_tribes_of_inner_morocco_bar' ]
  Script location: common/journal_entries/06_morocco_lands_of_anarchy.txt:161

[23:22:19][jomini_script_system.cpp:247]: Script system error!
  Error: scripted_bar_progress trigger [ Invalid database object 'lands_of_anarchy_tribes_of_marrakech_bar' ]
  Script location: common/journal_entries/06_morocco_lands_of_anarchy.txt:206

[23:22:19][jomini_script_system.cpp:247]: Script system error!
  Error: scripted_bar_progress trigger [ Invalid database object 'lands_of_anarchy_tribes_of_al_rif_bar' ]
  Script location: common/journal_entries/06_morocco_lands_of_anarchy.txt:209

[23:22:19][jomini_script_system.cpp:247]: Script system error!
  Error: scripted_bar_progress trigger [ Invalid database object 'lands_of_anarchy_tribes_of_inner_morocco_bar' ]
  Script location: common/journal_entries/06_morocco_lands_of_anarchy.txt:212

[23:22:19][jomini_script_system.cpp:247]: Script system error!
  Error: scripted_bar_progress trigger [ Invalid database object 'divided_monarchists_orleanist_progress_bar' ]
  Script location: common/journal_entries/99_toe_paido_national_integration.txt:97

[23:22:19][jomini_script_system.cpp:247]: Script system error!
  Error: scripted_bar_progress trigger [ Invalid database object 'divided_monarchists_legitimist_progress_bar' ]
  Script location: common/journal_entries/99_toe_paido_national_integration.txt:98

[23:22:19][jomini_script_system.cpp:247]: Script system error!
  Error: scripted_bar_progress trigger [ Invalid database object 'divided_monarchists_orleanist_progress_bar' ]
  Script location: common/journal_entries/99_toe_paido_national_integration.txt:107

[23:22:19][jomini_script_system.cpp:247]: Script system error!
  Error: scripted_bar_progress trigger [ Invalid database object 'divided_monarchists_legitimist_progress_bar' ]
  Script location: common/journal_entries/99_toe_paido_national_integration.txt:107

[23:22:19][jomini_script_system.cpp:247]: Script system error!
  Error: owns_entire_state_region trigger [ Invalid database object 'STATE_SVEALAND' ]
  Script location: common/customizable_localization/02_events.txt:357

[23:22:19][jomini_script_system.cpp:247]: Script system error!
  Error: owns_entire_state_region trigger [ Invalid database object 'STATE_SVEALAND' ]
  Script location: common/customizable_localization/02_events.txt:366

[23:22:19][jomini_script_system.cpp:247]: Script system error!
  Error: owns_entire_state_region trigger [ Invalid database object 'STATE_MOSCOW' ]
  Script location: common/customizable_localization/02_events.txt:375

[23:22:19][jomini_script_system.cpp:247]: Script system error!
  Error: owns_entire_state_region trigger [ Invalid database object 'STATE_DISTRICT_OF_COLUMBIA' ]
  Script location: common/customizable_localization/02_events.txt:384

[23:22:19][jomini_script_system.cpp:247]: Script system error!
  Error: scripted_bar_progress trigger [ Invalid progress bar:  ]
  Script location: common/customizable_localization/10_expedition_loc.txt:6

[23:22:19][jomini_script_system.cpp:247]: Script system error!
  Error: scripted_bar_progress trigger [ Invalid progress bar:  ]
  Script location: common/customizable_localization/10_expedition_loc.txt:12

[23:22:19][jomini_script_system.cpp:247]: Script system error!
  Error: scripted_bar_progress trigger [ Invalid progress bar:  ]
  Script location: common/customizable_localization/10_expedition_loc.txt:13

[23:22:19][jomini_script_system.cpp:247]: Script system error!
  Error: scripted_bar_progress trigger [ Invalid progress bar:  ]
  Script location: common/customizable_localization/10_expedition_loc.txt:19

[23:22:19][jomini_script_system.cpp:247]: Script system error!
  Error: scripted_bar_progress trigger [ Invalid progress bar:  ]
  Script location: common/customizable_localization/10_expedition_loc.txt:20

[23:22:19][jomini_script_system.cpp:247]: Script system error!
  Error: scripted_bar_progress trigger [ Invalid progress bar:  ]
  Script location: common/customizable_localization/10_expedition_loc.txt:26

[23:22:19][jomini_script_system.cpp:247]: Script system error!
  Error: scripted_bar_progress trigger [ Invalid progress bar:  ]
  Script location: common/customizable_localization/10_expedition_loc.txt:37

[23:22:19][jomini_script_system.cpp:247]: Script system error!
  Error: scripted_bar_progress trigger [ Invalid progress bar:  ]
  Script location: common/customizable_localization/10_expedition_loc.txt:43

[23:22:19][jomini_script_system.cpp:247]: Script system error!
  Error: scripted_bar_progress trigger [ Invalid progress bar:  ]
  Script location: common/customizable_localization/10_expedition_loc.txt:44

[23:22:19][jomini_script_system.cpp:247]: Script system error!
  Error: scripted_bar_progress trigger [ Invalid progress bar:  ]
  Script location: common/customizable_localization/10_expedition_loc.txt:50

[23:22:19][jomini_script_system.cpp:247]: Script system error!
  Error: scripted_bar_progress trigger [ Invalid progress bar:  ]
  Script location: common/customizable_localization/10_expedition_loc.txt:51

[23:22:19][jomini_script_system.cpp:247]: Script system error!
  Error: scripted_bar_progress trigger [ Invalid progress bar:  ]
  Script location: common/customizable_localization/10_expedition_loc.txt:57

[23:22:19][jomini_script_system.cpp:247]: Script system error!
  Error: has_journal_entry trigger [ Invalid database object 'je_tenpo_crisis' ]
  Script location: common/laws/00_bureaucracy.txt:156

[23:22:19][jomini_script_system.cpp:247]: Script system error!
  Error: has_journal_entry trigger [ Invalid database object 'je_tenpo_crisis' ]
  Script location: common/laws/00_bureaucracy.txt:200

[23:22:19][jomini_script_system.cpp:247]: Script system error!
  Error: has_journal_entry trigger [ Invalid database object 'je_tenpo_crisis' ]
  Script location: common/laws/00_caste_hegemony.txt:226

[23:22:19][jomini_script_system.cpp:247]: Script system error!
  Error: has_journal_entry trigger [ Invalid database object 'je_tenpo_crisis' ]
  Script location: common/laws/00_caste_hegemony.txt:320

[23:22:19][jomini_script_system.cpp:247]: Script system error!
  Error: has_journal_entry trigger [ Invalid database object 'je_zaibatsu' ]
  Script location: common/laws/00_distribution_of_power.txt:418

[23:22:19][jomini_script_system.cpp:247]: Script system error!
  Error: has_journal_entry trigger [ Invalid database object 'je_zaibatsu' ]
  Script location: common/laws/00_distribution_of_power.txt:847

[23:22:19][jomini_script_system.cpp:247]: Script system error!
  Error: has_journal_entry trigger [ Invalid database object 'je_zaibatsu' ]
  Script location: common/laws/00_distribution_of_power.txt:1115

[23:22:19][jomini_script_system.cpp:247]: Script system error!
  Error: has_journal_entry trigger [ Invalid database object 'je_zaibatsu' ]
  Script location: common/laws/00_distribution_of_power.txt:1407

[23:22:19][jomini_script_system.cpp:247]: Script system error!
  Error: has_template trigger [ Invalid database object 'POR_manuel_ii_de_braganca_template' ]
  Script location: common/laws/00_governance_principles.txt:389

[23:22:19][jomini_script_system.cpp:247]: Script system error!
  Error: has_template trigger [ Invalid database object 'POR_manuel_ii_de_braganca_template' ]
  Script location: common/laws/00_governance_principles.txt:536

[23:22:19][jomini_script_system.cpp:247]: Script system error!
  Error: has_template trigger [ Invalid database object 'POR_manuel_ii_de_braganca_template' ]
  Script location: common/laws/00_governance_principles.txt:847

[23:22:19][jomini_script_system.cpp:247]: Script system error!
  Error: has_template trigger [ Invalid database object 'POR_manuel_ii_de_braganca_template' ]
  Script location: common/laws/00_governance_principles.txt:945

[23:22:19][jomini_script_system.cpp:247]: Script system error!
  Error: has_journal_entry trigger [ Invalid database object 'je_tenpo_crisis' ]
  Script location: common/laws/00_internal_security.txt:160

[23:22:19][jomini_script_system.cpp:247]: Script system error!
  Error: has_template trigger [ Invalid database object 'aus_ferdinand_I_habsburg_template' ]
  Script location: common/amendments/00_amendments_content_04.txt:30

[23:22:19][jomini_script_system.cpp:247]: Script system error!
  Error: has_template trigger [ Invalid database object 'aus_ferdinand_I_habsburg_template' ]
  Script location: common/amendments/00_amendments_content_04.txt:42

[23:22:19][jomini_script_system.cpp:247]: Script system error!
  Error: has_template trigger [ Invalid database object 'aus_ferdinand_I_habsburg_template' ]
  Script location: common/amendments/00_amendments_content_04.txt:83

[23:22:19][jomini_script_system.cpp:247]: Script system error!
  Error: has_template trigger [ Invalid database object 'aus_ferdinand_I_habsburg_template' ]
  Script location: common/amendments/00_amendments_content_04.txt:95

[23:22:19][jomini_script_system.cpp:247]: Script system error!
  Error: has_template trigger [ Invalid database object 'aus_ferdinand_I_habsburg_template' ]
  Script location: common/amendments/00_amendments_historical_04.txt:353

[23:22:19][jomini_script_system.cpp:247]: Script system error!
  Error: has_template trigger [ Invalid database object 'aus_ferdinand_I_habsburg_template' ]
  Script location: common/amendments/00_amendments_historical_04.txt:365

[23:22:19][jomini_script_system.cpp:247]: Script system error!
  Error: has_journal_entry trigger [ Invalid database object 'je_tenpo_crisis' ]
  Script location: common/buildings/05_military.txt:85

[23:22:19][jomini_script_system.cpp:247]: Script system error!
  Error: has_government_type trigger [ Invalid database object 'gov_zhuz' ]
  Script location: common/script_values/00_diplomacy_values.txt:185

[23:22:19][jomini_script_system.cpp:247]: Script system error!
  Error: scripted_bar_progress trigger [ Invalid progress bar:  ]
  Script location: common/script_values/ip4_je_values.txt:6

[23:22:19][jomini_script_system.cpp:247]: Script system error!
  Error: scripted_bar_progress trigger [ Invalid progress bar:  ]
  Script location: common/script_values/ip4_je_values.txt:17

[23:22:19][jomini_script_system.cpp:247]: Script system error!
  Error: owns_entire_state_region trigger [ Invalid database object 'STATE_WEST_GALICIA' ]
  Script location: common/script_values/je_values.txt:192

[23:22:19][jomini_script_system.cpp:247]: Script system error!
  Error: is_in_geographic_region trigger [ Invalid database object 'geographic_region_indochina' ]
  Script location: common/scripted_triggers/00_geography_triggers.txt:29

[23:22:19][jomini_script_system.cpp:247]: Script system error!
  Error: is_in_geographic_region trigger [ Invalid database object 'geographic_region_indochina' ]
  Script location: common/scripted_triggers/00_geography_triggers.txt:36

[23:22:19][jomini_script_system.cpp:247]: Script system error!
  Error: is_in_geographic_region trigger [ Invalid database object 'geographic_region_south_china' ]
  Script location: common/scripted_triggers/00_geography_triggers.txt:30

[23:22:19][jomini_script_system.cpp:247]: Script system error!
  Error: is_in_geographic_region trigger [ Invalid database object 'geographic_region_indochina' ]
  Script location: common/scripted_triggers/00_geography_triggers.txt:37

[23:22:19][jomini_script_system.cpp:247]: Script system error!
  Error: is_in_geographic_region trigger [ Invalid database object 'geographic_region_south_china' ]
  Script location: common/scripted_triggers/00_geography_triggers.txt:38

[23:22:19][jomini_script_system.cpp:247]: Script system error!
  Error: is_in_geographic_region trigger [ Invalid database object 'geographic_region_north_china' ]
  Script location: common/scripted_triggers/00_geography_triggers.txt:39

[23:22:19][jomini_script_system.cpp:247]: Script system error!
  Error: is_in_geographic_region trigger [ Invalid database object 'geographic_region_gran_colombia' ]
  Script location: common/scripted_triggers/00_geography_triggers.txt:49

[23:22:19][jomini_script_system.cpp:247]: Script system error!
  Error: is_in_geographic_region trigger [ Invalid database object 'geographic_region_andes' ]
  Script location: common/scripted_triggers/00_geography_triggers.txt:50

[23:22:19][jomini_script_system.cpp:247]: Script system error!
  Error: is_in_geographic_region trigger [ Invalid database object 'geographic_region_brazil' ]
  Script location: common/scripted_triggers/00_geography_triggers.txt:51

[23:22:19][jomini_script_system.cpp:247]: Script system error!
  Error: is_in_geographic_region trigger [ Invalid database object 'geographic_region_la_plata' ]
  Script location: common/scripted_triggers/00_geography_triggers.txt:52

[23:22:19][jomini_script_system.cpp:247]: Script system error!
  Error: is_in_geographic_region trigger [ Invalid database object 'geographic_region_oceania' ]
  Script location: common/scripted_triggers/00_geography_triggers.txt:59

[23:22:19][jomini_script_system.cpp:247]: Script system error!
  Error: is_in_geographic_region trigger [ Invalid database object 'geographic_region_nile_basin' ]
  Script location: common/scripted_triggers/00_geography_triggers.txt:65

[23:22:19][jomini_script_system.cpp:247]: Script system error!
  Error: is_in_geographic_region trigger [ Invalid database object 'geographic_region_nile_basin' ]
  Script location: common/scripted_triggers/00_geography_triggers.txt:15

[23:22:19][jomini_script_system.cpp:247]: Script system error!
  Error: owns_entire_state_region trigger [ Invalid database object 'STATE_UPPER_SILESIA' ]
  Script location: common/scripted_effects/00_dynamic_state_names_europe.txt:1626

[23:22:19][jomini_script_system.cpp:247]: Script system error!
  Error: scripted_bar_progress trigger [ Invalid progress bar:  ]
  Script location: common/scripted_effects/00_expedition_effects.txt:136

[23:22:19][jomini_script_system.cpp:247]: Script system error!
  Error: scripted_bar_progress trigger [ Invalid progress bar:  ]
  Script location: common/scripted_effects/00_expedition_effects.txt:149

[23:22:19][jomini_script_system.cpp:247]: Script system error!
  Error: scripted_bar_progress trigger [ Invalid progress bar:  ]
  Script location: common/scripted_effects/00_expedition_effects.txt:150

[23:22:19][jomini_script_system.cpp:247]: Script system error!
  Error: scripted_bar_progress trigger [ Invalid progress bar:  ]
  Script location: common/scripted_effects/00_expedition_effects.txt:163

[23:22:19][jomini_script_system.cpp:247]: Script system error!
  Error: scripted_bar_progress trigger [ Invalid progress bar:  ]
  Script location: common/scripted_effects/00_expedition_effects.txt:164

[23:22:19][jomini_script_system.cpp:247]: Script system error!
  Error: scripted_bar_progress trigger [ Invalid progress bar:  ]
  Script location: common/scripted_effects/00_expedition_effects.txt:177

[23:22:19][jomini_script_system.cpp:247]: Script system error!
  Error: scripted_bar_progress trigger [ Invalid progress bar:  ]
  Script location: common/scripted_effects/00_expedition_effects.txt:13

[23:22:19][jomini_script_system.cpp:247]: Script system error!
  Error: scripted_bar_progress trigger [ Invalid progress bar:  ]
  Script location: common/scripted_effects/00_expedition_effects.txt:201

[23:22:19][jomini_script_system.cpp:247]: Script system error!
  Error: scripted_bar_progress trigger [ Invalid progress bar:  ]
  Script location: common/scripted_effects/00_expedition_effects.txt:26

[23:22:19][jomini_script_system.cpp:247]: Script system error!
  Error: scripted_bar_progress trigger [ Invalid progress bar:  ]
  Script location: common/scripted_effects/00_expedition_effects.txt:214

[23:22:19][jomini_script_system.cpp:247]: Script system error!
  Error: scripted_bar_progress trigger [ Invalid progress bar:  ]
  Script location: common/scripted_effects/00_expedition_effects.txt:39

[23:22:19][jomini_script_system.cpp:247]: Script system error!
  Error: scripted_bar_progress trigger [ Invalid progress bar:  ]
  Script location: common/scripted_effects/00_expedition_effects.txt:227

[23:22:19][jomini_script_system.cpp:247]: Script system error!
  Error: scripted_bar_progress trigger [ Invalid progress bar:  ]
  Script location: common/scripted_effects/00_expedition_effects.txt:52

[23:22:19][jomini_script_system.cpp:247]: Script system error!
  Error: scripted_bar_progress trigger [ Invalid progress bar:  ]
  Script location: common/scripted_effects/00_expedition_effects.txt:240

[23:22:19][jomini_script_system.cpp:247]: Script system error!
  Error: scripted_bar_progress trigger [ Invalid progress bar:  ]
  Script location: common/scripted_effects/00_expedition_effects.txt:253

[23:22:19][jomini_script_system.cpp:247]: Script system error!
  Error: scripted_bar_progress trigger [ Invalid progress bar:  ]
  Script location: common/scripted_effects/00_expedition_effects.txt:65

[23:22:19][jomini_script_system.cpp:247]: Script system error!
  Error: scripted_bar_progress trigger [ Invalid progress bar:  ]
  Script location: common/scripted_effects/00_expedition_effects.txt:266

[23:22:19][jomini_script_system.cpp:247]: Script system error!
  Error: scripted_bar_progress trigger [ Invalid progress bar:  ]
  Script location: common/scripted_effects/00_expedition_effects.txt:78

[23:22:19][jomini_script_system.cpp:247]: Script system error!
  Error: scripted_bar_progress trigger [ Invalid progress bar:  ]
  Script location: common/scripted_effects/00_expedition_effects.txt:279

[23:22:19][jomini_script_system.cpp:247]: Script system error!
  Error: scripted_bar_progress trigger [ Invalid progress bar:  ]
  Script location: common/scripted_effects/00_expedition_effects.txt:91

[23:22:19][jomini_script_system.cpp:247]: Script system error!
  Error: scripted_bar_progress trigger [ Invalid progress bar:  ]
  Script location: common/scripted_effects/00_expedition_effects.txt:292

[23:22:19][jomini_script_system.cpp:247]: Script system error!
  Error: scripted_bar_progress trigger [ Invalid progress bar:  ]
  Script location: common/scripted_effects/00_expedition_effects.txt:104

[23:22:19][jomini_script_system.cpp:247]: Script system error!
  Error: scripted_bar_progress trigger [ Invalid progress bar:  ]
  Script location: common/scripted_effects/00_expedition_effects.txt:324

[23:22:19][jomini_script_system.cpp:247]: Script system error!
  Error: scripted_bar_progress trigger [ Invalid progress bar:  ]
  Script location: common/scripted_effects/00_expedition_effects.txt:337

[23:22:19][jomini_script_system.cpp:247]: Script system error!
  Error: scripted_bar_progress trigger [ Invalid progress bar:  ]
  Script location: common/scripted_effects/00_expedition_effects.txt:350

[23:22:19][jomini_script_system.cpp:247]: Script system error!
  Error: scripted_bar_progress trigger [ Invalid progress bar:  ]
  Script location: common/scripted_effects/00_expedition_effects.txt:363

[23:22:19][jomini_script_system.cpp:247]: Script system error!
  Error: scripted_bar_progress trigger [ Invalid progress bar:  ]
  Script location: common/scripted_effects/00_expedition_effects.txt:376

[23:22:19][jomini_script_system.cpp:247]: Script system error!
  Error: scripted_bar_progress trigger [ Invalid progress bar:  ]
  Script location: common/scripted_effects/00_expedition_effects.txt:389

[23:22:19][jomini_script_system.cpp:247]: Script system error!
  Error: scripted_bar_progress trigger [ Invalid progress bar:  ]
  Script location: common/scripted_effects/00_expedition_effects.txt:402

[23:22:19][jomini_script_system.cpp:247]: Script system error!
  Error: scripted_bar_progress trigger [ Invalid progress bar:  ]
  Script location: common/scripted_effects/00_expedition_effects.txt:415

[23:22:19][jomini_script_system.cpp:247]: Script system error!
  Error: has_template trigger [ Invalid database object 'spa_isabel_de_borbon_template' ]
  Script location: common/scripted_effects/00_victoria_heir_generation.txt:215

[23:22:19][jomini_script_system.cpp:247]: Script system error!
  Error: has_template trigger [ Invalid database object 'spa_isabel_de_borbon_template' ]
  Script location: common/scripted_effects/00_victoria_heir_generation.txt:229

[23:22:19][jomini_script_system.cpp:247]: Script system error!
  Error: has_template trigger [ Invalid database object 'spa_alfonso_xii_de_borbon_template' ]
  Script location: common/scripted_effects/00_victoria_heir_generation.txt:242

[23:22:19][jomini_script_system.cpp:247]: Script system error!
  Error: has_template trigger [ Invalid database object 'SPC_carlos_v_de_borbon_template' ]
  Script location: common/scripted_effects/00_victoria_heir_generation.txt:255

[23:22:19][jomini_script_system.cpp:247]: Script system error!
  Error: has_template trigger [ Invalid database object 'SPC_carlos_vi_de_borbon_template' ]
  Script location: common/scripted_effects/00_victoria_heir_generation.txt:268

[23:22:19][jomini_script_system.cpp:247]: Script system error!
  Error: has_template trigger [ Invalid database object 'SPC_juan_iii_de_borbon_template' ]
  Script location: common/scripted_effects/00_victoria_heir_generation.txt:282

[23:22:19][jomini_script_system.cpp:247]: Script system error!
  Error: has_template trigger [ Invalid database object 'SPC_carlos_vii_de_borbon_template' ]
  Script location: common/scripted_effects/00_victoria_heir_generation.txt:296

[23:22:19][jomini_script_system.cpp:247]: Script system error!
  Error: has_template trigger [ Invalid database object 'SPC_jaime_iii_de_borbon_template' ]
  Script location: common/scripted_effects/00_victoria_heir_generation.txt:309

[23:22:19][jomini_script_system.cpp:247]: Script system error!
  Error: has_template trigger [ Invalid database object 'swe_oscar_bernadotte_template' ]
  Script location: common/scripted_effects/00_victoria_royal_successions.txt:63

[23:22:19][jomini_script_system.cpp:247]: Script system error!
  Error: has_template trigger [ Invalid database object 'aus_franz_josef_I_habsburg_template' ]
  Script location: common/scripted_effects/00_victoria_royal_successions.txt:74

[23:22:19][jomini_script_system.cpp:247]: Script system error!
  Error: has_template trigger [ Invalid database object 'fra_napoleon_iii_character_template' ]
  Script location: common/scripted_effects/00_victoria_royal_successions.txt:434

[23:22:19][jomini_script_system.cpp:247]: Script system error!
  Error: has_template trigger [ Invalid database object 'FRA_napoleon_eugene_louis_bonaparte' ]
  Script location: common/scripted_effects/00_victoria_royal_successions.txt:445

[23:22:19][jomini_script_system.cpp:247]: Script system error!
  Error: has_template trigger [ Invalid database object 'fra_napoleon_iii_character_template' ]
  Script location: common/scripted_effects/00_victoria_ip4_scripted_effects.txt:1938

[23:22:19][jomini_script_system.cpp:247]: Script system error!
  Error: has_template trigger [ Invalid database object 'aus_franz_josef_I_habsburg_template' ]
  Script location: common/scripted_effects/00_victoria_royal_successions.txt:86

[23:22:19][jomini_script_system.cpp:247]: Script system error!
  Error: has_template trigger [ Invalid database object 'fra_napoleon_iii_character_template' ]
  Script location: common/scripted_effects/00_victoria_ip4_scripted_effects.txt:1943

[23:22:19][jomini_script_system.cpp:247]: Script system error!
  Error: has_template trigger [ Invalid database object 'aus_maximilian_I_habsburg_template' ]
  Script location: common/scripted_effects/00_victoria_royal_successions.txt:87

[23:22:19][jomini_script_system.cpp:247]: Script system error!
  Error: has_template trigger [ Invalid database object 'FRA_victor_bonaparte' ]
  Script location: common/scripted_effects/00_victoria_royal_successions.txt:456

[23:22:19][jomini_script_system.cpp:247]: Script system error!
  Error: has_template trigger [ Invalid database object 'aus_franz_ferdinand' ]
  Script location: common/scripted_effects/00_victoria_royal_successions.txt:99

[23:22:19][jomini_script_system.cpp:247]: Script system error!
  Error: is_template_used trigger [ Invalid database object 'fra_napoleon_iii_character_template' ]
  Script location: common/scripted_effects/00_victoria_ip4_scripted_effects.txt:1961

[23:22:19][jomini_script_system.cpp:247]: Script system error!
  Error: has_template trigger [ Invalid database object 'JAP_ninko_yamato' ]
  Script location: common/scripted_effects/00_victoria_royal_successions.txt:949

[23:22:19][jomini_script_system.cpp:247]: Script system error!
  Error: has_template trigger [ Invalid database object 'SER_milan_obrenovic' ]
  Script location: common/scripted_effects/00_victoria_royal_successions.txt:132

[23:22:19][jomini_script_system.cpp:247]: Script system error!
  Error: has_template trigger [ Invalid database object 'FRA_louis_bonaparte' ]
  Script location: common/scripted_effects/00_victoria_ip4_scripted_effects.txt:2033

[23:22:19][jomini_script_system.cpp:247]: Script system error!
  Error: has_template trigger [ Invalid database object 'FRA_louis_bonaparte' ]
  Script location: common/scripted_effects/00_victoria_ip4_scripted_effects.txt:2038

[23:22:19][jomini_script_system.cpp:247]: Script system error!
  Error: has_template trigger [ Invalid database object 'JAP_komei_yamato' ]
  Script location: common/scripted_effects/00_victoria_royal_successions.txt:985

[23:22:19][jomini_script_system.cpp:247]: Script system error!
  Error: has_template trigger [ Invalid database object 'SER_mihailo_obrenovic' ]
  Script location: common/scripted_effects/00_victoria_royal_successions.txt:142

[23:22:19][jomini_script_system.cpp:247]: Script system error!
  Error: has_template trigger [ Invalid database object 'JAP_meiji_yamato' ]
  Script location: common/scripted_effects/00_victoria_royal_successions.txt:1015

[23:22:19][jomini_script_system.cpp:247]: Script system error!
  Error: has_template trigger [ Invalid database object 'SER_milan_iv_obrenovic' ]
  Script location: common/scripted_effects/00_victoria_royal_successions.txt:157

[23:22:19][jomini_script_system.cpp:247]: Script system error!
  Error: has_template trigger [ Invalid database object 'JAP_taisho_yamato' ]
  Script location: common/scripted_effects/00_victoria_royal_successions.txt:1044

[23:22:19][jomini_script_system.cpp:247]: Script system error!
  Error: has_template trigger [ Invalid database object 'SER_alexandar_karadordevic' ]
  Script location: common/scripted_effects/00_victoria_royal_successions.txt:173

[23:22:19][jomini_script_system.cpp:247]: Script system error!
  Error: has_template trigger [ Invalid database object 'SER_petar_i_karadordevic' ]
  Script location: common/scripted_effects/00_victoria_royal_successions.txt:184

[23:22:19][jomini_script_system.cpp:247]: Script system error!
  Error: has_template trigger [ Invalid database object 'SER_george_karadordevic' ]
  Script location: common/scripted_effects/00_victoria_royal_successions.txt:195

[23:22:19][jomini_script_system.cpp:247]: Script system error!
  Error: has_template trigger [ Invalid database object 'SER_alexander_i_karadordevic' ]
  Script location: common/scripted_effects/00_victoria_royal_successions.txt:206

[23:22:19][jomini_script_system.cpp:247]: Script system error!
  Error: has_template trigger [ Invalid database object 'tur_abdulmecid_osmanoglu_template' ]
  Script location: common/scripted_effects/00_victoria_royal_successions.txt:221

[23:22:19][jomini_script_system.cpp:247]: Script system error!
  Error: has_template trigger [ Invalid database object 'tur_abdulaziz_osmanoglu_template' ]
  Script location: common/scripted_effects/00_victoria_royal_successions.txt:233

[23:22:19][jomini_script_system.cpp:247]: Script system error!
  Error: has_template trigger [ Invalid database object 'tur_murad_v_osmanoglu_template' ]
  Script location: common/scripted_effects/00_victoria_royal_successions.txt:245

[23:22:19][jomini_script_system.cpp:247]: Script system error!
  Error: has_template trigger [ Invalid database object 'tur_abdulhamid_ii_osmanoglu_template' ]
  Script location: common/scripted_effects/00_victoria_royal_successions.txt:257

[23:22:19][jomini_script_system.cpp:247]: Script system error!
  Error: has_template trigger [ Invalid database object 'tur_reshad_osmanoglu_template' ]
  Script location: common/scripted_effects/00_victoria_royal_successions.txt:269

[23:22:19][jomini_script_system.cpp:247]: Script system error!
  Error: has_template trigger [ Invalid database object 'FRA_philippe_de_orleans_of_paris' ]
  Script location: common/scripted_effects/00_victoria_ip4_scripted_effects.txt:2005

[23:22:19][jomini_script_system.cpp:247]: Script system error!
  Error: has_template trigger [ Invalid database object 'FRA_philippe_de_orleans_of_paris' ]
  Script location: common/scripted_effects/00_victoria_ip4_scripted_effects.txt:2010

[23:22:19][jomini_script_system.cpp:247]: Script system error!
  Error: has_template trigger [ Invalid database object 'FRA_victor_bonaparte' ]
  Script location: common/scripted_effects/00_victoria_ip4_scripted_effects.txt:2033

[23:22:19][jomini_script_system.cpp:247]: Script system error!
  Error: has_template trigger [ Invalid database object 'FRA_victor_bonaparte' ]
  Script location: common/scripted_effects/00_victoria_ip4_scripted_effects.txt:2038

[23:22:19][jomini_script_system.cpp:247]: Script system error!
  Error: has_template trigger [ Invalid database object 'FRA_ferdinand_philippe' ]
  Script location: common/scripted_effects/00_victoria_royal_successions.txt:310

[23:22:19][jomini_script_system.cpp:247]: Script system error!
  Error: has_template trigger [ Invalid database object 'FRA_philippe_de_orleans_of_orleans' ]
  Script location: common/scripted_effects/00_victoria_ip4_scripted_effects.txt:2005

[23:22:19][jomini_script_system.cpp:247]: Script system error!
  Error: has_template trigger [ Invalid database object 'FRA_philippe_de_orleans_of_orleans' ]
  Script location: common/scripted_effects/00_victoria_ip4_scripted_effects.txt:2010

[23:22:19][jomini_script_system.cpp:247]: Script system error!
  Error: has_template trigger [ Invalid database object 'SPC_carlos_v_de_borbon_template' ]
  Script location: common/scripted_effects/00_victoria_royal_successions.txt:491

[23:22:19][jomini_script_system.cpp:247]: Script system error!
  Error: has_template trigger [ Invalid database object 'FRA_jean_de_orleans' ]
  Script location: common/scripted_effects/00_victoria_ip4_scripted_effects.txt:2005

[23:22:19][jomini_script_system.cpp:247]: Script system error!
  Error: has_template trigger [ Invalid database object 'FRA_philippe_de_orleans_of_paris' ]
  Script location: common/scripted_effects/00_victoria_ip4_scripted_effects.txt:2033

[23:22:19][jomini_script_system.cpp:247]: Script system error!
  Error: has_template trigger [ Invalid database object 'FRA_jean_de_orleans' ]
  Script location: common/scripted_effects/00_victoria_ip4_scripted_effects.txt:2010

[23:22:19][jomini_script_system.cpp:247]: Script system error!
  Error: has_template trigger [ Invalid database object 'FRA_philippe_de_orleans_of_paris' ]
  Script location: common/scripted_effects/00_victoria_ip4_scripted_effects.txt:2038

[23:22:19][jomini_script_system.cpp:247]: Script system error!
  Error: has_template trigger [ Invalid database object 'SPC_carlos_vi_de_borbon_template' ]
  Script location: common/scripted_effects/00_victoria_royal_successions.txt:506

[23:22:19][jomini_script_system.cpp:247]: Script system error!
  Error: has_template trigger [ Invalid database object 'FRA_napoleon_eugene_louis_bonaparte' ]
  Script location: common/scripted_effects/00_victoria_ip4_scripted_effects.txt:2033

[23:22:19][jomini_script_system.cpp:247]: Script system error!
  Error: has_template trigger [ Invalid database object 'SPC_juan_iii_de_borbon_template' ]
  Script location: common/scripted_effects/00_victoria_royal_successions.txt:512

[23:22:19][jomini_script_system.cpp:247]: Script system error!
  Error: has_template trigger [ Invalid database object 'SPC_juan_iii_de_borbon_template' ]
  Script location: common/scripted_effects/00_victoria_royal_successions.txt:517

[23:22:19][jomini_script_system.cpp:247]: Script system error!
  Error: has_template trigger [ Invalid database object 'FRA_napoleon_eugene_louis_bonaparte' ]
  Script location: common/scripted_effects/00_victoria_ip4_scripted_effects.txt:2038

[23:22:19][jomini_script_system.cpp:247]: Script system error!
  Error: has_template trigger [ Invalid database object 'SPC_juan_iii_de_borbon_template' ]
  Script location: common/scripted_effects/00_victoria_royal_successions.txt:539

[23:22:19][jomini_script_system.cpp:247]: Script system error!
  Error: has_template trigger [ Invalid database object 'FRA_philippe_de_orleans_of_paris' ]
  Script location: common/scripted_effects/00_victoria_royal_successions.txt:322

[23:22:19][jomini_script_system.cpp:247]: Script system error!
  Error: has_template trigger [ Invalid database object 'FRA_henri_de_orleans' ]
  Script location: common/scripted_effects/00_victoria_ip4_scripted_effects.txt:2005

[23:22:19][jomini_script_system.cpp:247]: Script system error!
  Error: has_template trigger [ Invalid database object 'FRA_henri_de_orleans' ]
  Script location: common/scripted_effects/00_victoria_ip4_scripted_effects.txt:2010

[23:22:19][jomini_script_system.cpp:247]: Script system error!
  Error: has_template trigger [ Invalid database object 'SPC_carlos_vii_de_borbon_template' ]
  Script location: common/scripted_effects/00_victoria_royal_successions.txt:546

[23:22:19][jomini_script_system.cpp:247]: Script system error!
  Error: has_template trigger [ Invalid database object 'SPC_carlos_vii_de_borbon_template' ]
  Script location: common/scripted_effects/00_victoria_royal_successions.txt:551

[23:22:19][jomini_script_system.cpp:247]: Script system error!
  Error: has_template trigger [ Invalid database object 'FRA_philippe_de_orleans_of_orleans' ]
  Script location: common/scripted_effects/00_victoria_ip4_scripted_effects.txt:2033

[23:22:19][jomini_script_system.cpp:247]: Script system error!
  Error: has_template trigger [ Invalid database object 'SPC_carlos_vii_de_borbon_template' ]
  Script location: common/scripted_effects/00_victoria_royal_successions.txt:573

[23:22:19][jomini_script_system.cpp:247]: Script system error!
  Error: has_template trigger [ Invalid database object 'FRA_philippe_de_orleans_of_orleans' ]
  Script location: common/scripted_effects/00_victoria_ip4_scripted_effects.txt:2038

[23:22:19][jomini_script_system.cpp:247]: Script system error!
  Error: has_template trigger [ Invalid database object 'SPC_jaime_iii_de_borbon_template' ]
  Script location: common/scripted_effects/00_victoria_royal_successions.txt:580

[23:22:19][jomini_script_system.cpp:247]: Script system error!
  Error: has_template trigger [ Invalid database object 'SPC_jaime_iii_de_borbon_template' ]
  Script location: common/scripted_effects/00_victoria_royal_successions.txt:585

[23:22:19][jomini_script_system.cpp:247]: Script system error!
  Error: has_template trigger [ Invalid database object 'SPC_jaime_iii_de_borbon_template' ]
  Script location: common/scripted_effects/00_victoria_royal_successions.txt:607

[23:22:19][jomini_script_system.cpp:247]: Script system error!
  Error: has_template trigger [ Invalid database object 'SPC_alfonso_i_de_borbon_template' ]
  Script location: common/scripted_effects/00_victoria_royal_successions.txt:613

[23:22:19][jomini_script_system.cpp:247]: Script system error!
  Error: has_template trigger [ Invalid database object 'SPC_alfonso_i_de_borbon_template' ]
  Script location: common/scripted_effects/00_victoria_royal_successions.txt:618

[23:22:19][jomini_script_system.cpp:247]: Script system error!
  Error: has_template trigger [ Invalid database object 'FRA_philippe_de_orleans_of_orleans' ]
  Script location: common/scripted_effects/00_victoria_royal_successions.txt:334

[23:22:19][jomini_script_system.cpp:247]: Script system error!
  Error: has_template trigger [ Invalid database object 'spa_isabel_de_borbon_template' ]
  Script location: common/scripted_effects/00_victoria_royal_successions.txt:645

[23:22:19][jomini_script_system.cpp:247]: Script system error!
  Error: has_template trigger [ Invalid database object 'spa_isabel_de_borbon_template' ]
  Script location: common/scripted_effects/00_victoria_royal_successions.txt:657

[23:22:19][jomini_script_system.cpp:247]: Script system error!
  Error: has_template trigger [ Invalid database object 'spa_alfonso_xii_de_borbon_template' ]
  Script location: common/scripted_effects/00_victoria_royal_successions.txt:669

[23:22:19][jomini_script_system.cpp:247]: Script system error!
  Error: has_template trigger [ Invalid database object 'FRA_jean_de_orleans' ]
  Script location: common/scripted_effects/00_victoria_ip4_scripted_effects.txt:2033

[23:22:19][jomini_script_system.cpp:247]: Script system error!
  Error: has_template trigger [ Invalid database object 'FRA_jean_de_orleans' ]
  Script location: common/scripted_effects/00_victoria_ip4_scripted_effects.txt:2038

[23:22:19][jomini_script_system.cpp:247]: Script system error!
  Error: has_template trigger [ Invalid database object 'fra_napoleon_iii_character_template' ]
  Script location: common/scripted_effects/00_victoria_ip4_scripted_effects.txt:2089

[23:22:19][jomini_script_system.cpp:247]: Script system error!
  Error: has_template trigger [ Invalid database object 'FRA_jean_de_orleans' ]
  Script location: common/scripted_effects/00_victoria_royal_successions.txt:346

[23:22:19][jomini_script_system.cpp:247]: Script system error!
  Error: has_template trigger [ Invalid database object 'FRA_henri_de_orleans' ]
  Script location: common/scripted_effects/00_victoria_ip4_scripted_effects.txt:2033

[23:22:19][jomini_script_system.cpp:247]: Script system error!
  Error: has_template trigger [ Invalid database object 'FRA_henri_de_orleans' ]
  Script location: common/scripted_effects/00_victoria_ip4_scripted_effects.txt:2038

[23:22:19][jomini_script_system.cpp:247]: Script system error!
  Error: has_template trigger [ Invalid database object 'FRA_napoleon_eugene_louis_bonaparte' ]
  Script location: common/scripted_effects/00_victoria_ip4_scripted_effects.txt:2005

[23:22:19][jomini_script_system.cpp:247]: Script system error!
  Error: has_template trigger [ Invalid database object 'FRA_napoleon_eugene_louis_bonaparte' ]
  Script location: common/scripted_effects/00_victoria_ip4_scripted_effects.txt:2010

[23:22:19][jomini_script_system.cpp:247]: Script system error!
  Error: has_template trigger [ Invalid database object 'FRA_louis_antoine_de_bourbon' ]
  Script location: common/scripted_effects/00_victoria_royal_successions.txt:361

[23:22:19][jomini_script_system.cpp:247]: Script system error!
  Error: has_template trigger [ Invalid database object 'FRA_victor_bonaparte' ]
  Script location: common/scripted_effects/00_victoria_ip4_scripted_effects.txt:2005

[23:22:19][jomini_script_system.cpp:247]: Script system error!
  Error: has_template trigger [ Invalid database object 'FRA_victor_bonaparte' ]
  Script location: common/scripted_effects/00_victoria_ip4_scripted_effects.txt:2010

[23:22:19][jomini_script_system.cpp:247]: Script system error!
  Error: has_template trigger [ Invalid database object 'FRA_henri_de_bourbon' ]
  Script location: common/scripted_effects/00_victoria_ip4_scripted_effects.txt:2033

[23:22:19][jomini_script_system.cpp:247]: Script system error!
  Error: has_template trigger [ Invalid database object 'FRA_henri_de_bourbon' ]
  Script location: common/scripted_effects/00_victoria_ip4_scripted_effects.txt:2038

[23:22:19][jomini_script_system.cpp:247]: Script system error!
  Error: has_template trigger [ Invalid database object 'FRA_ferdinand_philippe' ]
  Script location: common/scripted_effects/00_victoria_ip4_scripted_effects.txt:2005

[23:22:19][jomini_script_system.cpp:247]: Script system error!
  Error: has_template trigger [ Invalid database object 'FRA_ferdinand_philippe' ]
  Script location: common/scripted_effects/00_victoria_ip4_scripted_effects.txt:2010

[23:22:19][jomini_script_system.cpp:247]: Script system error!
  Error: has_template trigger [ Invalid database object 'FRA_henri_de_bourbon' ]
  Script location: common/scripted_effects/00_victoria_royal_successions.txt:372

[23:22:19][jomini_script_system.cpp:247]: Script system error!
  Error: has_template trigger [ Invalid database object 'FRA_louis_bonaparte' ]
  Script location: common/scripted_effects/00_victoria_ip4_scripted_effects.txt:2005

[23:22:19][jomini_script_system.cpp:247]: Script system error!
  Error: has_template trigger [ Invalid database object 'FRA_louis_bonaparte' ]
  Script location: common/scripted_effects/00_victoria_ip4_scripted_effects.txt:2010

[23:22:19][jomini_script_system.cpp:247]: Script system error!
  Error: has_template trigger [ Invalid database object 'SPC_juan_iii_de_borbon_template' ]
  Script location: common/scripted_effects/00_victoria_ip4_scripted_effects.txt:2033

[23:22:19][jomini_script_system.cpp:247]: Script system error!
  Error: has_template trigger [ Invalid database object 'SPC_juan_iii_de_borbon_template' ]
  Script location: common/scripted_effects/00_victoria_ip4_scripted_effects.txt:2038

[23:22:19][jomini_script_system.cpp:247]: Script system error!
  Error: has_template trigger [ Invalid database object 'SPC_juan_iii_de_borbon_template' ]
  Script location: common/scripted_effects/00_victoria_royal_successions.txt:386

[23:22:19][jomini_script_system.cpp:247]: Script system error!
  Error: has_template trigger [ Invalid database object 'SPC_carlos_vii_de_borbon_template' ]
  Script location: common/scripted_effects/00_victoria_ip4_scripted_effects.txt:2033

[23:22:19][jomini_script_system.cpp:247]: Script system error!
  Error: has_template trigger [ Invalid database object 'SPC_carlos_vii_de_borbon_template' ]
  Script location: common/scripted_effects/00_victoria_ip4_scripted_effects.txt:2038

[23:22:19][jomini_script_system.cpp:247]: Script system error!
  Error: has_template trigger [ Invalid database object 'fra_napoleon_iii_character_template' ]
  Script location: common/scripted_effects/00_victoria_ip4_scripted_effects.txt:2184

[23:22:19][jomini_script_system.cpp:247]: Script system error!
  Error: has_template trigger [ Invalid database object 'SPC_carlos_vii_de_borbon_template' ]
  Script location: common/scripted_effects/00_victoria_royal_successions.txt:401

[23:22:19][jomini_script_system.cpp:247]: Script system error!
  Error: has_template trigger [ Invalid database object 'POR_miguel_i_de_braganca_template' ]
  Script location: common/scripted_effects/00_victoria_royal_successions.txt:704

[23:22:19][jomini_script_system.cpp:247]: Script system error!
  Error: has_template trigger [ Invalid database object 'POR_miguel_i_de_braganca_template' ]
  Script location: common/scripted_effects/00_victoria_royal_successions.txt:717

[23:22:19][jomini_script_system.cpp:247]: Script system error!
  Error: has_template trigger [ Invalid database object 'SPC_jaime_iii_de_borbon_template' ]
  Script location: common/scripted_effects/00_victoria_ip4_scripted_effects.txt:2033

[23:22:19][jomini_script_system.cpp:247]: Script system error!
  Error: has_template trigger [ Invalid database object 'SPC_jaime_iii_de_borbon_template' ]
  Script location: common/scripted_effects/00_victoria_ip4_scripted_effects.txt:2038

[23:22:19][jomini_script_system.cpp:247]: Script system error!
  Error: has_template trigger [ Invalid database object 'FRA_louis_antoine_de_bourbon' ]
  Script location: common/scripted_effects/00_victoria_ip4_scripted_effects.txt:2005

[23:22:19][jomini_script_system.cpp:247]: Script system error!
  Error: has_template trigger [ Invalid database object 'RUS_alexander_ii' ]
  Script location: common/scripted_effects/00_victoria_royal_successions.txt:4

[23:22:19][jomini_script_system.cpp:247]: Script system error!
  Error: has_template trigger [ Invalid database object 'POR_miguel_i_de_braganca_template' ]
  Script location: common/scripted_effects/00_victoria_royal_successions.txt:730

[23:22:19][jomini_script_system.cpp:247]: Script system error!
  Error: has_template trigger [ Invalid database object 'POR_maria_das_neves_de_braganca_template' ]
  Script location: common/scripted_effects/00_victoria_royal_successions.txt:731

[23:22:19][jomini_script_system.cpp:247]: Script system error!
  Error: has_template trigger [ Invalid database object 'FRA_louis_antoine_de_bourbon' ]
  Script location: common/scripted_effects/00_victoria_ip4_scripted_effects.txt:2010

[23:22:19][jomini_script_system.cpp:247]: Script system error!
  Error: has_template trigger [ Invalid database object 'RUS_tsarevich_nicholas_alexandrovich' ]
  Script location: common/scripted_effects/00_victoria_royal_successions.txt:11

[23:22:19][jomini_script_system.cpp:247]: Script system error!
  Error: has_template trigger [ Invalid database object 'POR_miguel_januario_de_braganca_template' ]
  Script location: common/scripted_effects/00_victoria_royal_successions.txt:744

[23:22:19][jomini_script_system.cpp:247]: Script system error!
  Error: has_template trigger [ Invalid database object 'RUS_alexander_iii' ]
  Script location: common/scripted_effects/00_victoria_royal_successions.txt:18

[23:22:19][jomini_script_system.cpp:247]: Script system error!
  Error: has_template trigger [ Invalid database object 'RUS_nicholas_ii' ]
  Script location: common/scripted_effects/00_victoria_royal_successions.txt:25

[23:22:19][jomini_script_system.cpp:247]: Script system error!
  Error: has_template trigger [ Invalid database object 'POR_maria_ii_de_braganca' ]
  Script location: common/scripted_effects/00_victoria_royal_successions.txt:759

[23:22:19][jomini_script_system.cpp:247]: Script system error!
  Error: has_template trigger [ Invalid database object 'RUS_alexei_ii' ]
  Script location: common/scripted_effects/00_victoria_royal_successions.txt:32

[23:22:19][jomini_script_system.cpp:247]: Script system error!
  Error: has_template trigger [ Invalid database object 'RUS_michael_ii' ]
  Script location: common/scripted_effects/00_victoria_royal_successions.txt:39

[23:22:19][jomini_script_system.cpp:247]: Script system error!
  Error: has_template trigger [ Invalid database object 'POR_pedro_v_de_braganca_template' ]
  Script location: common/scripted_effects/00_victoria_royal_successions.txt:771

[23:22:19][jomini_script_system.cpp:247]: Script system error!
  Error: has_template trigger [ Invalid database object 'RUS_george_i' ]
  Script location: common/scripted_effects/00_victoria_royal_successions.txt:46

[23:22:19][jomini_script_system.cpp:247]: Script system error!
  Error: has_template trigger [ Invalid database object 'SPC_jaime_iii_de_borbon_template' ]
  Script location: common/scripted_effects/00_victoria_royal_successions.txt:416

[23:22:19][jomini_script_system.cpp:247]: Script system error!
  Error: has_template trigger [ Invalid database object 'POR_luis_i_de_braganca_template' ]
  Script location: common/scripted_effects/00_victoria_royal_successions.txt:783

[23:22:19][jomini_script_system.cpp:247]: Script system error!
  Error: has_template trigger [ Invalid database object 'FRA_henri_de_bourbon' ]
  Script location: common/scripted_effects/00_victoria_ip4_scripted_effects.txt:2005

[23:22:19][jomini_script_system.cpp:247]: Script system error!
  Error: has_template trigger [ Invalid database object 'POR_carlos_i_de_braganca_template' ]
  Script location: common/scripted_effects/00_victoria_royal_successions.txt:795

[23:22:19][jomini_script_system.cpp:247]: Script system error!
  Error: has_template trigger [ Invalid database object 'FRA_henri_de_bourbon' ]
  Script location: common/scripted_effects/00_victoria_ip4_scripted_effects.txt:2010

[23:22:19][jomini_script_system.cpp:247]: Script system error!
  Error: has_template trigger [ Invalid database object 'SPC_alfonso_i_de_borbon_template' ]
  Script location: common/scripted_effects/00_victoria_ip4_scripted_effects.txt:2033

[23:22:19][jomini_script_system.cpp:247]: Script system error!
  Error: has_template trigger [ Invalid database object 'MOR_muhammad_al_alawi' ]
  Script location: common/scripted_effects/00_victoria_royal_successions.txt:810

[23:22:19][jomini_script_system.cpp:247]: Script system error!
  Error: has_template trigger [ Invalid database object 'SPC_alfonso_i_de_borbon_template' ]
  Script location: common/scripted_effects/00_victoria_ip4_scripted_effects.txt:2038

[23:22:19][jomini_script_system.cpp:247]: Script system error!
  Error: has_template trigger [ Invalid database object 'MOR_hasan_al_alawi' ]
  Script location: common/scripted_effects/00_victoria_royal_successions.txt:821

[23:22:19][jomini_script_system.cpp:247]: Script system error!
  Error: has_template trigger [ Invalid database object 'MOR_abdelaziz_al_alawi' ]
  Script location: common/scripted_effects/00_victoria_royal_successions.txt:832

[23:22:19][jomini_script_system.cpp:247]: Script system error!
  Error: has_template trigger [ Invalid database object 'MOR_abd_alhafid_al_alawi' ]
  Script location: common/scripted_effects/00_victoria_royal_successions.txt:843

[23:22:19][jomini_script_system.cpp:247]: Script system error!
  Error: has_template trigger [ Invalid database object 'SPC_juan_iii_de_borbon_template' ]
  Script location: common/scripted_effects/00_victoria_ip4_scripted_effects.txt:2005

[23:22:19][jomini_script_system.cpp:247]: Script system error!
  Error: has_template trigger [ Invalid database object 'SPC_juan_iii_de_borbon_template' ]
  Script location: common/scripted_effects/00_victoria_ip4_scripted_effects.txt:2010

[23:22:19][jomini_script_system.cpp:247]: Script system error!
  Error: has_template trigger [ Invalid database object 'MOR_yusef_al_alawi' ]
  Script location: common/scripted_effects/00_victoria_royal_successions.txt:855

[23:22:19][jomini_script_system.cpp:247]: Script system error!
  Error: has_template trigger [ Invalid database object 'JAP_ieyoshi_tokugawa' ]
  Script location: common/scripted_effects/00_victoria_royal_successions.txt:869

[23:22:19][jomini_script_system.cpp:247]: Script system error!
  Error: has_template trigger [ Invalid database object 'JAP_iesada_tokugawa' ]
  Script location: common/scripted_effects/00_victoria_royal_successions.txt:885

[23:22:19][jomini_script_system.cpp:247]: Script system error!
  Error: has_template trigger [ Invalid database object 'JAP_iemochi_tokugawa' ]
  Script location: common/scripted_effects/00_victoria_royal_successions.txt:900

[23:22:19][jomini_script_system.cpp:247]: Script system error!
  Error: has_template trigger [ Invalid database object 'JAP_yoshinobu_tokugawa' ]
  Script location: common/scripted_effects/00_victoria_royal_successions.txt:915

[23:22:19][jomini_script_system.cpp:247]: Script system error!
  Error: has_template trigger [ Invalid database object 'SPC_carlos_vii_de_borbon_template' ]
  Script location: common/scripted_effects/00_victoria_ip4_scripted_effects.txt:2005

[23:22:19][jomini_script_system.cpp:247]: Script system error!
  Error: has_template trigger [ Invalid database object 'SPC_carlos_vii_de_borbon_template' ]
  Script location: common/scripted_effects/00_victoria_ip4_scripted_effects.txt:2010

[23:22:19][jomini_script_system.cpp:247]: Script system error!
  Error: has_template trigger [ Invalid database object 'JAP_iesato_tokugawa' ]
  Script location: common/scripted_effects/00_victoria_royal_successions.txt:927

[23:22:19][jomini_script_system.cpp:247]: Script system error!
  Error: has_template trigger [ Invalid database object 'SPC_jaime_iii_de_borbon_template' ]
  Script location: common/scripted_effects/00_victoria_ip4_scripted_effects.txt:2005

[23:22:19][jomini_script_system.cpp:247]: Script system error!
  Error: has_template trigger [ Invalid database object 'SPC_jaime_iii_de_borbon_template' ]
  Script location: common/scripted_effects/00_victoria_ip4_scripted_effects.txt:2010

[23:22:19][jomini_script_system.cpp:247]: Script system error!
  Error: has_template trigger [ Invalid database object 'SPC_alfonso_i_de_borbon_template' ]
  Script location: common/scripted_effects/00_victoria_ip4_scripted_effects.txt:2005

[23:22:19][jomini_script_system.cpp:247]: Script system error!
  Error: has_template trigger [ Invalid database object 'SPC_alfonso_i_de_borbon_template' ]
  Script location: common/scripted_effects/00_victoria_ip4_scripted_effects.txt:2010

[23:22:19][jomini_script_system.cpp:247]: Script system error!
  Error: owns_entire_state_region trigger [ Invalid database object 'STATE_HYDERABAD' ]
  Script location: common/scripted_effects/00_victoria_scripted_effects.txt:4619

[23:22:19][jomini_script_system.cpp:247]: Script system error!
  Error: owns_entire_state_region trigger [ Invalid database object 'STATE_HYDERABAD' ]
  Script location: common/scripted_effects/00_victoria_scripted_effects.txt:4632

[23:22:19][jomini_script_system.cpp:247]: Script system error!
  Error: has_template trigger [ Invalid database object 'POR_miguel_i_de_braganca_template' ]
  Script location: common/scripted_effects/00_victoria_ip4_scripted_effects.txt:2005

[23:22:19][jomini_script_system.cpp:247]: Script system error!
  Error: has_template trigger [ Invalid database object 'POR_miguel_i_de_braganca_template' ]
  Script location: common/scripted_effects/00_victoria_ip4_scripted_effects.txt:2010

[23:22:19][jomini_script_system.cpp:247]: Script system error!
  Error: has_template trigger [ Invalid database object 'rus_jaroslaw_dabrowski_character_template' ]
  Script location: common/scripted_effects/00_victoria_scripted_effects.txt:1878

[23:22:19][jomini_script_system.cpp:247]: Script system error!
  Error: has_template trigger [ Invalid database object 'rus_jaroslaw_dabrowski_character_template' ]
  Script location: common/scripted_effects/00_victoria_scripted_effects.txt:1885

[23:22:19][jomini_script_system.cpp:247]: Script system error!
  Error: has_template trigger [ Invalid database object 'rus_jaroslaw_dabrowski_character_template' ]
  Script location: common/scripted_effects/00_victoria_scripted_effects.txt:1897

[23:22:19][jomini_script_system.cpp:247]: Script system error!
  Error: has_template trigger [ Invalid database object 'rus_jaroslaw_dabrowski_character_template' ]
  Script location: common/scripted_effects/00_victoria_scripted_effects.txt:1902

[23:22:19][jomini_script_system.cpp:247]: Script system error!
  Error: has_template trigger [ Invalid database object 'fra_delescluze_character_template' ]
  Script location: common/scripted_effects/00_victoria_scripted_effects.txt:1933

[23:22:19][jomini_script_system.cpp:247]: Script system error!
  Error: has_template trigger [ Invalid database object 'fra_delescluze_character_template' ]
  Script location: common/scripted_effects/00_victoria_scripted_effects.txt:1940

[23:22:19][jomini_script_system.cpp:247]: Script system error!
  Error: has_template trigger [ Invalid database object 'fra_delescluze_character_template' ]
  Script location: common/scripted_effects/00_victoria_scripted_effects.txt:1951

[23:22:19][jomini_script_system.cpp:247]: Script system error!
  Error: has_template trigger [ Invalid database object 'fra_delescluze_character_template' ]
  Script location: common/scripted_effects/00_victoria_scripted_effects.txt:1956

[23:22:19][jomini_script_system.cpp:247]: Script system error!
  Error: has_template trigger [ Invalid database object 'agitator_louise_michel' ]
  Script location: common/scripted_effects/00_victoria_scripted_effects.txt:1983

[23:22:19][jomini_script_system.cpp:247]: Script system error!
  Error: has_template trigger [ Invalid database object 'agitator_louise_michel' ]
  Script location: common/scripted_effects/00_victoria_scripted_effects.txt:1990

[23:22:19][jomini_script_system.cpp:247]: Script system error!
  Error: has_template trigger [ Invalid database object 'agitator_louise_michel' ]
  Script location: common/scripted_effects/00_victoria_scripted_effects.txt:2000

[23:22:19][jomini_script_system.cpp:247]: Script system error!
  Error: has_template trigger [ Invalid database object 'agitator_louise_michel' ]
  Script location: common/scripted_effects/00_victoria_scripted_effects.txt:2005

[23:22:19][jomini_script_system.cpp:247]: Script system error!
  Error: has_template trigger [ Invalid database object 'aus_klemens_von_metternich' ]
  Script location: common/scripted_effects/00_victoria_scripted_effects.txt:2057

[23:22:19][jomini_script_system.cpp:247]: Script system error!
  Error: has_template trigger [ Invalid database object 'JAP_ninko_yamato' ]
  Script location: common/scripted_effects/00_victoria_heir_generation.txt:13

[23:22:19][jomini_script_system.cpp:247]: Script system error!
  Error: has_template trigger [ Invalid database object 'JAP_komei_yamato' ]
  Script location: common/scripted_effects/00_victoria_heir_generation.txt:29

[23:22:19][jomini_script_system.cpp:247]: Script system error!
  Error: has_template trigger [ Invalid database object 'JAP_meiji_yamato' ]
  Script location: common/scripted_effects/00_victoria_heir_generation.txt:45

[23:22:19][jomini_script_system.cpp:247]: Script system error!
  Error: has_template trigger [ Invalid database object 'JAP_taisho_yamato' ]
  Script location: common/scripted_effects/00_victoria_heir_generation.txt:61

[23:22:19][jomini_script_system.cpp:247]: Script system error!
  Error: is_template_used trigger [ Invalid database object 'JAP_iesada_tokugawa' ]
  Script location: common/scripted_effects/00_victoria_heir_generation.txt:81

[23:22:19][jomini_script_system.cpp:247]: Script system error!
  Error: has_template trigger [ Invalid database object 'JAP_ieyoshi_tokugawa' ]
  Script location: common/scripted_effects/00_victoria_heir_generation.txt:83

[23:22:19][jomini_script_system.cpp:247]: Script system error!
  Error: is_template_used trigger [ Invalid database object 'JAP_iemochi_tokugawa' ]
  Script location: common/scripted_effects/00_victoria_heir_generation.txt:97

[23:22:19][jomini_script_system.cpp:247]: Script system error!
  Error: has_template trigger [ Invalid database object 'JAP_iesada_tokugawa' ]
  Script location: common/scripted_effects/00_victoria_heir_generation.txt:99

[23:22:19][jomini_script_system.cpp:247]: Script system error!
  Error: is_template_used trigger [ Invalid database object 'JAP_yoshinobu_tokugawa' ]
  Script location: common/scripted_effects/00_victoria_heir_generation.txt:113

[23:22:19][jomini_script_system.cpp:247]: Script system error!
  Error: has_template trigger [ Invalid database object 'JAP_iemochi_tokugawa' ]
  Script location: common/scripted_effects/00_victoria_heir_generation.txt:115

[23:22:19][jomini_script_system.cpp:247]: Script system error!
  Error: is_template_used trigger [ Invalid database object 'JAP_iesato_tokugawa' ]
  Script location: common/scripted_effects/00_victoria_heir_generation.txt:128

[23:22:19][jomini_script_system.cpp:247]: Script system error!
  Error: has_template trigger [ Invalid database object 'JAP_iemochi_tokugawa' ]
  Script location: common/scripted_effects/00_victoria_heir_generation.txt:131

[23:22:19][jomini_script_system.cpp:247]: Script system error!
  Error: has_template trigger [ Invalid database object 'JAP_yoshinobu_tokugawa' ]
  Script location: common/scripted_effects/00_victoria_heir_generation.txt:132

[23:22:19][jomini_script_system.cpp:247]: Script system error!
  Error: has_template trigger [ Invalid database object 'POR_maria_ii_de_braganca' ]
  Script location: common/scripted_effects/00_victoria_heir_generation.txt:152

[23:22:19][jomini_script_system.cpp:247]: Script system error!
  Error: has_template trigger [ Invalid database object 'gbr_queen_victoria_template' ]
  Script location: common/scripted_effects/00_victoria_heir_generation.txt:168

[23:22:19][jomini_script_system.cpp:247]: Script system error!
  Error: has_template trigger [ Invalid database object 'gbr_albert_edward_template' ]
  Script location: common/scripted_effects/00_victoria_heir_generation.txt:182

[23:22:19][jomini_script_system.cpp:247]: Script system error!
  Error: is_template_used trigger [ Invalid database object 'FRA_napoleon_eugene_louis_bonaparte' ]
  Script location: common/scripted_effects/00_victoria_heir_generation.txt:197

[23:22:19][jomini_script_system.cpp:247]: Script system error!
  Error: has_template trigger [ Invalid database object 'fra_napoleon_iii_character_template' ]
  Script location: common/scripted_effects/00_victoria_heir_generation.txt:199

[23:22:19][jomini_script_system.cpp:247]: Script system error!
  Error: owns_entire_state_region trigger [ Invalid database object 'STATE_BRANDENBURG' ]
  Script location: common/coat_of_arms/template_lists/textured_emblem_lists.txt:34

[23:22:19][jomini_script_system.cpp:247]: Script system error!
  Error: owns_entire_state_region trigger [ Invalid database object 'STATE_NEW_CASTILE' ]
  Script location: common/coat_of_arms/template_lists/textured_emblem_lists.txt:44

[23:22:19][jomini_script_system.cpp:247]: Script system error!
  Error: owns_entire_state_region trigger [ Invalid database object 'STATE_ESTREMADURA' ]
  Script location: common/coat_of_arms/template_lists/textured_emblem_lists.txt:54

[23:22:19][jomini_script_system.cpp:247]: Script system error!
  Error: has_template trigger [ Invalid database object 'RUS_alexander_iii' ]
  Script location: common/ideologies/01_character_ideologies.txt:248

[23:22:19][jomini_script_system.cpp:247]: Script system error!
  Error: has_template trigger [ Invalid database object 'RUS_alexander_iii' ]
  Script location: common/ideologies/01_character_ideologies.txt:306

[23:22:19][jomini_script_system.cpp:247]: Script system error!
  Error: has_template trigger [ Invalid database object 'RUS_alexander_iii' ]
  Script location: common/ideologies/01_character_ideologies.txt:452

[23:22:19][jomini_script_system.cpp:247]: Script system error!
  Error: has_template trigger [ Invalid database object 'RUS_alexander_iii' ]
  Script location: common/ideologies/01_character_ideologies.txt:510

[23:22:19][jomini_script_system.cpp:247]: Script system error!
  Error: has_template trigger [ Invalid database object 'RUS_alexei_ii' ]
  Script location: common/ideologies/01_character_ideologies.txt:2959

[23:22:19][jomini_script_system.cpp:247]: Script system error!
  Error: has_template trigger [ Invalid database object 'RUS_alexei_ii' ]
  Script location: common/ideologies/01_character_ideologies.txt:3055

[23:22:19][jomini_script_system.cpp:247]: Script system error!
  Error: has_template trigger [ Invalid database object 'RUS_alexander_ii' ]
  Script location: common/ideologies/01_character_ideologies.txt:6233

[23:22:19][jomini_script_system.cpp:247]: Script system error!
  Error: has_template trigger [ Invalid database object 'RUS_alexander_ii' ]
  Script location: common/ideologies/01_character_ideologies.txt:6431

[23:22:19][jomini_script_system.cpp:247]: Script system error!
  Error: has_template trigger [ Invalid database object 'POR_maria_ii_de_braganca' ]
  Script location: common/parties/conservative_party.txt:74

[23:22:19][jomini_script_system.cpp:247]: Script system error!
  Error: has_template trigger [ Invalid database object 'POR_maria_ii_de_braganca' ]
  Script location: common/parties/conservative_party.txt:85

[23:22:19][jomini_script_system.cpp:247]: Script system error!
  Error: has_template trigger [ Invalid database object 'POR_sidonio_pais' ]
  Script location: common/parties/conservative_party.txt:113

[23:22:19][jomini_script_system.cpp:247]: Script system error!
  Error: has_template trigger [ Invalid database object 'POR_sidonio_pais' ]
  Script location: common/parties/conservative_party.txt:129

[23:22:19][jomini_script_system.cpp:247]: Script system error!
  Error: has_template trigger [ Invalid database object 'SPA_baldomero_espartero' ]
  Script location: common/parties/conservative_party.txt:937

[23:22:19][jomini_script_system.cpp:247]: Script system error!
  Error: has_template trigger [ Invalid database object 'SPA_ramon_maria_narvaez' ]
  Script location: common/parties/conservative_party.txt:948

[23:22:19][jomini_script_system.cpp:247]: Script system error!
  Error: has_template trigger [ Invalid database object 'POR_maria_ii_de_braganca' ]
  Script location: common/parties/free_trade_party.txt:132

[23:22:19][jomini_script_system.cpp:247]: Script system error!
  Error: has_template trigger [ Invalid database object 'POR_maria_ii_de_braganca' ]
  Script location: common/parties/liberal_party.txt:268

[23:22:19][jomini_script_system.cpp:247]: Script system error!
  Error: has_template trigger [ Invalid database object 'POR_maria_ii_de_braganca' ]
  Script location: common/parties/liberal_party.txt:279

[23:22:19][jomini_script_system.cpp:247]: Script system error!
  Error: has_template trigger [ Invalid database object 'USA_robert_rantoul' ]
  Script location: common/parties/liberal_party.txt:1155

[23:22:19][jomini_script_system.cpp:247]: Script system error!
  Error: has_template trigger [ Invalid database object 'BUL_ferdinand_i' ]
  Script location: common/government_types/01_regencies.txt:627

[23:22:19][jomini_script_system.cpp:247]: Script system error!
  Error: has_template trigger [ Invalid database object 'BUL_ferdinand_i' ]
  Script location: common/government_types/01_regencies.txt:1598

[23:22:19][jomini_script_system.cpp:247]: Script system error!
  Error: has_template trigger [ Invalid database object 'BUL_ferdinand_i' ]
  Script location: common/government_types/01_regencies.txt:1805

[23:22:19][jomini_script_system.cpp:247]: Script system error!
  Error: has_template trigger [ Invalid database object 'BUL_ferdinand_i' ]
  Script location: common/government_types/01_social_monarchies.txt:715

[23:22:19][jomini_script_system.cpp:247]: Script system error!
  Error: has_template trigger [ Invalid database object 'BUL_ferdinand_i' ]
  Script location: common/government_types/01_social_monarchies.txt:1779

[23:22:19][jomini_script_system.cpp:247]: Script system error!
  Error: has_template trigger [ Invalid database object 'BUL_ferdinand_i' ]
  Script location: common/government_types/01_social_monarchies.txt:2511

[23:22:19][jomini_script_system.cpp:247]: Script system error!
  Error: has_template trigger [ Invalid database object 'BUL_ferdinand_i' ]
  Script location: common/government_types/01_social_monarchies.txt:3565

[23:22:19][jomini_script_system.cpp:247]: Script system error!
  Error: has_template trigger [ Invalid database object 'BUL_ferdinand_i' ]
  Script location: common/government_types/01_social_monarchies.txt:4276

[23:22:19][jomini_script_system.cpp:247]: Script system error!
  Error: has_template trigger [ Invalid database object 'BUL_ferdinand_i' ]
  Script location: common/government_types/01_social_monarchies.txt:5296

[23:22:19][jomini_script_system.cpp:247]: Script system error!
  Error: is_in_geographic_region trigger [ Invalid database object 'geographic_region_west_siberia_old' ]
  Script location: common/scripted_triggers/00_geography_triggers.txt:79

[23:22:19][jomini_script_system.cpp:247]: Script system error!
  Error: is_in_geographic_region trigger [ Invalid database object 'geographic_region_east_siberia_old' ]
  Script location: common/scripted_triggers/00_geography_triggers.txt:80

[23:22:19][jomini_script_system.cpp:247]: Script system error!
  Error: is_in_geographic_region trigger [ Invalid database object 'geographic_region_canada_old' ]
  Script location: common/scripted_triggers/00_geography_triggers.txt:82

[23:22:19][jomini_script_system.cpp:247]: Script system error!
  Error: is_in_geographic_region trigger [ Invalid database object 'geographic_region_pacific_coast_old' ]
  Script location: common/scripted_triggers/00_geography_triggers.txt:83

[23:22:19][jomini_script_system.cpp:247]: Script system error!
  Error: is_in_geographic_region trigger [ Invalid database object 'geographic_region_finland_old' ]
  Script location: common/scripted_triggers/00_geography_triggers.txt:86

[23:22:19][jomini_script_system.cpp:247]: Script system error!
  Error: is_in_geographic_region trigger [ Invalid database object 'geographic_region_arctic_russia_old' ]
  Script location: common/scripted_triggers/00_geography_triggers.txt:87

[23:22:19][jomini_script_system.cpp:247]: Script system error!
  Error: is_in_geographic_region trigger [ Invalid database object 'geographic_region_urals_old' ]
  Script location: common/scripted_triggers/00_geography_triggers.txt:88

[23:22:19][jomini_script_system.cpp:247]: Script system error!
  Error: is_in_geographic_region trigger [ Invalid database object 'geographic_region_baltic_states_old' ]
  Script location: common/scripted_triggers/00_geography_triggers.txt:89

[23:22:19][jomini_script_system.cpp:247]: Script system error!
  Error: is_in_geographic_region trigger [ Invalid database object 'geographic_region_oceania' ]
  Script location: common/scripted_triggers/00_geography_triggers.txt:100

[23:22:19][jomini_script_system.cpp:247]: Script system error!
  Error: is_in_geographic_region trigger [ Invalid database object 'geographic_region_caucasus_old' ]
  Script location: common/scripted_triggers/00_geography_triggers.txt:105

[23:22:19][jomini_script_system.cpp:247]: Script system error!
  Error: is_in_geographic_region trigger [ Invalid database object 'geographic_region_canada_old' ]
  Script location: common/scripted_triggers/00_geography_triggers.txt:106

[23:22:19][jomini_script_system.cpp:247]: Script system error!
  Error: is_in_geographic_region trigger [ Invalid database object 'geographic_region_great_plains_old' ]
  Script location: common/scripted_triggers/00_geography_triggers.txt:107

[23:22:19][jomini_script_system.cpp:247]: Script system error!
  Error: is_in_geographic_region trigger [ Invalid database object 'geographic_region_la_plata' ]
  Script location: common/scripted_triggers/00_geography_triggers.txt:109

[23:22:19][jomini_script_system.cpp:247]: Script system error!
  Error: is_in_geographic_region trigger [ Invalid database object 'geographic_region_nile_basin' ]
  Script location: common/scripted_triggers/00_geography_triggers.txt:115

[23:22:19][jomini_script_system.cpp:247]: Script system error!
  Error: is_in_geographic_region trigger [ Invalid database object 'geographic_region_indochina' ]
  Script location: common/scripted_triggers/00_geography_triggers.txt:123

[23:22:19][jomini_script_system.cpp:247]: Script system error!
  Error: is_in_geographic_region trigger [ Invalid database object 'geographic_region_south_china' ]
  Script location: common/scripted_triggers/00_geography_triggers.txt:124

[23:22:19][jomini_script_system.cpp:247]: Script system error!
  Error: is_in_geographic_region trigger [ Invalid database object 'geographic_region_oceania' ]
  Script location: common/scripted_triggers/00_geography_triggers.txt:125

[23:22:19][jomini_script_system.cpp:247]: Script system error!
  Error: is_in_geographic_region trigger [ Invalid database object 'geographic_region_madras_old' ]
  Script location: common/scripted_triggers/00_geography_triggers.txt:129

[23:22:19][jomini_script_system.cpp:247]: Script system error!
  Error: is_in_geographic_region trigger [ Invalid database object 'geographic_region_bengal_old' ]
  Script location: common/scripted_triggers/00_geography_triggers.txt:130

[23:22:19][jomini_script_system.cpp:247]: Script system error!
  Error: is_in_geographic_region trigger [ Invalid database object 'geographic_region_bombay_old' ]
  Script location: common/scripted_triggers/00_geography_triggers.txt:131

[23:22:19][jomini_script_system.cpp:247]: Script system error!
  Error: is_in_geographic_region trigger [ Invalid database object 'geographic_region_punjab_old' ]
  Script location: common/scripted_triggers/00_geography_triggers.txt:132

[23:22:19][jomini_script_system.cpp:247]: Script system error!
  Error: is_in_geographic_region trigger [ Invalid database object 'geographic_region_central_india_old' ]
  Script location: common/scripted_triggers/00_geography_triggers.txt:133

[23:22:19][jomini_script_system.cpp:247]: Script system error!
  Error: is_in_geographic_region trigger [ Invalid database object 'geographic_region_brazil' ]
  Script location: common/scripted_triggers/00_geography_triggers.txt:136

[23:22:19][jomini_script_system.cpp:247]: Script system error!
  Error: is_in_geographic_region trigger [ Invalid database object 'geographic_region_gran_colombia' ]
  Script location: common/scripted_triggers/00_geography_triggers.txt:137

[23:22:19][jomini_script_system.cpp:247]: Script system error!
  Error: is_in_geographic_region trigger [ Invalid database object 'geographic_region_nile_basin' ]
  Script location: common/scripted_triggers/00_geography_triggers.txt:163

[23:22:19][jomini_script_system.cpp:247]: Script system error!
  Error: is_in_geographic_region trigger [ Invalid database object 'geographic_region_madras_old' ]
  Script location: common/scripted_triggers/00_geography_triggers.txt:170

[23:22:19][jomini_script_system.cpp:247]: Script system error!
  Error: is_in_geographic_region trigger [ Invalid database object 'geographic_region_bengal_old' ]
  Script location: common/scripted_triggers/00_geography_triggers.txt:171

[23:22:19][jomini_script_system.cpp:247]: Script system error!
  Error: is_in_geographic_region trigger [ Invalid database object 'geographic_region_bombay_old' ]
  Script location: common/scripted_triggers/00_geography_triggers.txt:172

[23:22:19][jomini_script_system.cpp:247]: Script system error!
  Error: is_in_geographic_region trigger [ Invalid database object 'geographic_region_punjab_old' ]
  Script location: common/scripted_triggers/00_geography_triggers.txt:173

[23:22:19][jomini_script_system.cpp:247]: Script system error!
  Error: is_in_geographic_region trigger [ Invalid database object 'geographic_region_central_india_old' ]
  Script location: common/scripted_triggers/00_geography_triggers.txt:174

[23:22:19][jomini_script_system.cpp:247]: Script system error!
  Error: is_in_geographic_region trigger [ Invalid database object 'geographic_region_brazil' ]
  Script location: common/scripted_triggers/00_geography_triggers.txt:175

[23:22:19][jomini_script_system.cpp:247]: Script system error!
  Error: is_in_geographic_region trigger [ Invalid database object 'geographic_region_andes' ]
  Script location: common/scripted_triggers/00_geography_triggers.txt:176

[23:22:19][jomini_script_system.cpp:247]: Script system error!
  Error: is_in_geographic_region trigger [ Invalid database object 'geographic_region_la_plata' ]
  Script location: common/scripted_triggers/00_geography_triggers.txt:177

[23:22:19][jomini_script_system.cpp:247]: Script system error!
  Error: is_in_geographic_region trigger [ Invalid database object 'geographic_region_gran_colombia' ]
  Script location: common/scripted_triggers/00_geography_triggers.txt:178

[23:22:19][jomini_script_system.cpp:247]: Script system error!
  Error: is_in_geographic_region trigger [ Invalid database object 'geographic_region_great_plains_old' ]
  Script location: common/scripted_triggers/00_geography_triggers.txt:179

[23:22:19][jomini_script_system.cpp:247]: Script system error!
  Error: is_in_geographic_region trigger [ Invalid database object 'geographic_region_west_siberia_old' ]
  Script location: common/scripted_triggers/00_geography_triggers.txt:185

[23:22:19][jomini_script_system.cpp:247]: Script system error!
  Error: is_in_geographic_region trigger [ Invalid database object 'geographic_region_east_siberia_old' ]
  Script location: common/scripted_triggers/00_geography_triggers.txt:186

[23:22:19][jomini_script_system.cpp:247]: Script system error!
  Error: is_in_geographic_region trigger [ Invalid database object 'geographic_region_arctic_russia_old' ]
  Script location: common/scripted_triggers/00_geography_triggers.txt:188

[23:22:19][jomini_script_system.cpp:247]: Script system error!
  Error: scripted_bar_progress trigger [ Invalid progress bar:  ]
  Script location: events/expedition_events/antarctic_expedition_events.txt:225

[23:22:19][jomini_script_system.cpp:247]: Script system error!
  Error: scripted_bar_progress trigger [ Invalid progress bar:  ]
  Script location: events/expedition_events/antarctic_expedition_events.txt:351

[23:22:19][jomini_script_system.cpp:247]: Script system error!
  Error: scripted_bar_progress trigger [ Invalid progress bar:  ]
  Script location: events/expedition_events/antarctic_expedition_events.txt:409

[23:22:19][jomini_script_system.cpp:247]: Script system error!
  Error: scripted_bar_progress trigger [ Invalid progress bar:  ]
  Script location: events/expedition_events/antarctic_expedition_events.txt:417

[23:22:19][jomini_script_system.cpp:247]: Script system error!
  Error: scripted_bar_progress trigger [ Invalid progress bar:  ]
  Script location: events/expedition_events/antarctic_expedition_events.txt:435

[23:22:19][jomini_script_system.cpp:247]: Script system error!
  Error: scripted_bar_progress trigger [ Invalid progress bar:  ]
  Script location: events/expedition_events/antarctic_expedition_events.txt:569

[23:22:19][jomini_script_system.cpp:247]: Script system error!
  Error: scripted_bar_progress trigger [ Invalid progress bar:  ]
  Script location: events/expedition_events/antarctic_expedition_events.txt:638

[23:22:19][jomini_script_system.cpp:247]: Script system error!
  Error: scripted_bar_progress trigger [ Invalid progress bar:  ]
  Script location: events/expedition_events/antarctic_expedition_events.txt:773

[23:22:19][jomini_script_system.cpp:247]: Script system error!
  Error: scripted_bar_progress trigger [ Invalid progress bar:  ]
  Script location: events/expedition_events/antarctic_expedition_events.txt:997

[23:22:19][jomini_script_system.cpp:247]: Script system error!
  Error: scripted_bar_progress trigger [ Invalid progress bar:  ]
  Script location: events/expedition_events/antarctic_expedition_events.txt:1063

[23:22:19][jomini_script_system.cpp:247]: Script system error!
  Error: scripted_bar_progress trigger [ Invalid progress bar:  ]
  Script location: events/expedition_events/antarctic_expedition_events.txt:1146

[23:22:19][jomini_script_system.cpp:247]: Script system error!
  Error: scripted_bar_progress trigger [ Invalid progress bar:  ]
  Script location: events/expedition_events/antarctic_expedition_events.txt:1154

[23:22:19][jomini_script_system.cpp:247]: Script system error!
  Error: scripted_bar_progress trigger [ Invalid progress bar:  ]
  Script location: events/expedition_events/antarctic_expedition_events.txt:1172

[23:22:19][jomini_script_system.cpp:247]: Script system error!
  Error: scripted_bar_progress trigger [ Invalid progress bar:  ]
  Script location: events/expedition_events/congo_river_expedition_events.txt:378

[23:22:19][jomini_script_system.cpp:247]: Script system error!
  Error: scripted_bar_progress trigger [ Invalid progress bar:  ]
  Script location: events/expedition_events/congo_river_expedition_events.txt:444

[23:22:19][jomini_script_system.cpp:247]: Script system error!
  Error: scripted_bar_progress trigger [ Invalid progress bar:  ]
  Script location: events/expedition_events/congo_river_expedition_events.txt:447

[23:22:19][jomini_script_system.cpp:247]: Script system error!
  Error: scripted_bar_progress trigger [ Invalid progress bar:  ]
  Script location: events/expedition_events/congo_river_expedition_events.txt:493

[23:22:19][jomini_script_system.cpp:247]: Script system error!
  Error: scripted_bar_progress trigger [ Invalid progress bar:  ]
  Script location: events/expedition_events/congo_river_expedition_events.txt:626

[23:22:19][jomini_script_system.cpp:247]: Script system error!
  Error: scripted_bar_progress trigger [ Invalid progress bar:  ]
  Script location: events/expedition_events/congo_river_expedition_events.txt:801

[23:22:19][jomini_script_system.cpp:247]: Script system error!
  Error: scripted_bar_progress trigger [ Invalid progress bar:  ]
  Script location: events/expedition_events/congo_river_expedition_events.txt:848

[23:22:19][jomini_script_system.cpp:247]: Script system error!
  Error: scripted_bar_progress trigger [ Invalid progress bar:  ]
  Script location: events/expedition_events/congo_river_expedition_events.txt:907

[23:22:19][jomini_script_system.cpp:247]: Script system error!
  Error: scripted_bar_progress trigger [ Invalid progress bar:  ]
  Script location: events/expedition_events/congo_river_expedition_events.txt:910

[23:22:19][jomini_script_system.cpp:247]: Script system error!
  Error: scripted_bar_progress trigger [ Invalid progress bar:  ]
  Script location: events/expedition_events/congo_river_expedition_events.txt:967

[23:22:19][jomini_script_system.cpp:247]: Script system error!
  Error: scripted_bar_progress trigger [ Invalid progress bar:  ]
  Script location: events/expedition_events/congo_river_expedition_events.txt:1031

[23:22:19][jomini_script_system.cpp:247]: Script system error!
  Error: scripted_bar_progress trigger [ Invalid progress bar:  ]
  Script location: events/expedition_events/congo_river_expedition_events.txt:1034

[23:22:19][jomini_script_system.cpp:247]: Script system error!
  Error: scripted_bar_progress trigger [ Invalid progress bar:  ]
  Script location: events/expedition_events/congo_river_expedition_events.txt:1037

[23:22:19][jomini_script_system.cpp:247]: Script system error!
  Error: scripted_bar_progress trigger [ Invalid progress bar:  ]
  Script location: events/expedition_events/niger_river_expedition_events.txt:316

[23:22:19][jomini_script_system.cpp:247]: Script system error!
  Error: scripted_bar_progress trigger [ Invalid progress bar:  ]
  Script location: events/expedition_events/niger_river_expedition_events.txt:319

[23:22:19][jomini_script_system.cpp:247]: Script system error!
  Error: scripted_bar_progress trigger [ Invalid progress bar:  ]
  Script location: events/expedition_events/niger_river_expedition_events.txt:322

[23:22:19][jomini_script_system.cpp:247]: Script system error!
  Error: scripted_bar_progress trigger [ Invalid progress bar:  ]
  Script location: events/expedition_events/niger_river_expedition_events.txt:473

[23:22:19][jomini_script_system.cpp:247]: Script system error!
  Error: scripted_bar_progress trigger [ Invalid progress bar:  ]
  Script location: events/expedition_events/niger_river_expedition_events.txt:622

[23:22:19][jomini_script_system.cpp:247]: Script system error!
  Error: scripted_bar_progress trigger [ Invalid progress bar:  ]
  Script location: events/expedition_events/niger_river_expedition_events.txt:625

[23:22:19][jomini_script_system.cpp:247]: Script system error!
  Error: scripted_bar_progress trigger [ Invalid progress bar:  ]
  Script location: events/expedition_events/niger_river_expedition_events.txt:1052

[23:22:19][jomini_script_system.cpp:247]: Script system error!
  Error: scripted_bar_progress trigger [ Invalid progress bar:  ]
  Script location: events/expedition_events/niger_river_expedition_events.txt:1055

[23:22:19][jomini_script_system.cpp:247]: Script system error!
  Error: scripted_bar_progress trigger [ Invalid progress bar:  ]
  Script location: events/expedition_events/niger_river_expedition_events.txt:1058

[23:22:19][jomini_script_system.cpp:247]: Script system error!
  Error: scripted_bar_progress trigger [ Invalid progress bar:  ]
  Script location: events/expedition_events/niger_river_expedition_events.txt:1350

[23:22:19][jomini_script_system.cpp:247]: Script system error!
  Error: scripted_bar_progress trigger [ Invalid progress bar:  ]
  Script location: events/expedition_events/niger_river_expedition_events.txt:1353

[23:22:19][jomini_script_system.cpp:247]: Script system error!
  Error: scripted_bar_progress trigger [ Invalid progress bar:  ]
  Script location: events/expedition_events/niger_river_expedition_events.txt:1472

[23:22:19][jomini_script_system.cpp:247]: Script system error!
  Error: scripted_bar_progress trigger [ Invalid progress bar:  ]
  Script location: events/expedition_events/niger_river_expedition_events.txt:1475

[23:22:19][jomini_script_system.cpp:247]: Script system error!
  Error: scripted_bar_progress trigger [ Invalid progress bar:  ]
  Script location: events/expedition_events/niger_river_expedition_events.txt:1478

[23:22:19][jomini_script_system.cpp:247]: Script system error!
  Error: scripted_bar_progress trigger [ Invalid progress bar:  ]
  Script location: events/expedition_events/niger_river_expedition_events.txt:1678

[23:22:19][jomini_script_system.cpp:247]: Script system error!
  Error: scripted_bar_progress trigger [ Invalid progress bar:  ]
  Script location: events/expedition_events/niger_river_expedition_events.txt:1681

[23:22:19][jomini_script_system.cpp:247]: Script system error!
  Error: scripted_bar_progress trigger [ Invalid progress bar:  ]
  Script location: events/expedition_events/niger_river_expedition_events.txt:1684

[23:22:19][jomini_script_system.cpp:247]: Script system error!
  Error: scripted_bar_progress trigger [ Invalid progress bar:  ]
  Script location: events/expedition_events/niger_river_expedition_events.txt:1687

[23:22:19][jomini_script_system.cpp:247]: Script system error!
  Error: scripted_bar_progress trigger [ Invalid progress bar:  ]
  Script location: events/expedition_events/niger_river_expedition_events.txt:1690

[23:22:19][jomini_script_system.cpp:247]: Script system error!
  Error: scripted_bar_progress trigger [ Invalid progress bar:  ]
  Script location: events/expedition_events/niger_river_expedition_events.txt:1695

[23:22:19][jomini_script_system.cpp:247]: Script system error!
  Error: scripted_bar_progress trigger [ Invalid progress bar:  ]
  Script location: events/expedition_events/niger_river_expedition_events.txt:1698

[23:22:19][jomini_script_system.cpp:247]: Script system error!
  Error: scripted_bar_progress trigger [ Invalid progress bar:  ]
  Script location: events/expedition_events/niger_river_expedition_events.txt:1701

[23:22:19][jomini_script_system.cpp:247]: Script system error!
  Error: scripted_bar_progress trigger [ Invalid progress bar:  ]
  Script location: events/expedition_events/niger_river_expedition_events.txt:1704

[23:22:19][jomini_script_system.cpp:247]: Script system error!
  Error: scripted_bar_progress trigger [ Invalid progress bar:  ]
  Script location: events/expedition_events/niger_river_expedition_events.txt:1707

[23:22:19][jomini_script_system.cpp:247]: Script system error!
  Error: scripted_bar_progress trigger [ Invalid progress bar:  ]
  Script location: events/expedition_events/west_america_expedition_events.txt:1083

[23:22:19][jomini_script_system.cpp:247]: Script system error!
  Error: scripted_bar_progress trigger [ Invalid progress bar:  ]
  Script location: events/expedition_events/west_america_expedition_events.txt:1091

[23:22:19][jomini_script_system.cpp:247]: Script system error!
  Error: scripted_bar_progress trigger [ Invalid progress bar:  ]
  Script location: events/expedition_events/west_america_expedition_events.txt:1151

[23:22:19][jomini_script_system.cpp:247]: Script system error!
  Error: scripted_bar_progress trigger [ Invalid progress bar:  ]
  Script location: events/expedition_events/west_america_expedition_events.txt:1159

[23:22:19][jomini_script_system.cpp:247]: Script system error!
  Error: scripted_bar_progress trigger [ Invalid progress bar:  ]
  Script location: events/expedition_events/west_america_expedition_events.txt:1336

[23:22:19][jomini_script_system.cpp:247]: Script system error!
  Error: scripted_bar_progress trigger [ Invalid progress bar:  ]
  Script location: events/expedition_events/west_america_expedition_events.txt:1479

[23:22:19][jomini_script_system.cpp:247]: Script system error!
  Error: scripted_bar_progress trigger [ Invalid progress bar:  ]
  Script location: events/expedition_events/west_america_expedition_events.txt:1937

[23:22:19][jomini_script_system.cpp:247]: Script system error!
  Error: scripted_bar_progress trigger [ Invalid progress bar:  ]
  Script location: events/iberia_events/morocco_makhzen_events.txt:62

[23:22:19][jomini_script_system.cpp:247]: Script system error!
  Error: scripted_bar_progress trigger [ Invalid progress bar:  ]
  Script location: events/iberia_events/morocco_makhzen_events.txt:75

[23:22:19][jomini_script_system.cpp:247]: Script system error!
  Error: scripted_bar_progress trigger [ Invalid progress bar:  ]
  Script location: events/iberia_events/morocco_makhzen_events.txt:88

[23:22:19][jomini_script_system.cpp:247]: Script system error!
  Error: has_template trigger [ Invalid database object 'tur_abdulaziz_osmanoglu_template' ]
  Script location: common/on_actions/00_code_on_actions.txt:573

[23:22:19][jomini_script_system.cpp:247]: Script system error!
  Error: has_template trigger [ Invalid database object 'tur_murad_v_osmanoglu_template' ]
  Script location: common/on_actions/00_code_on_actions.txt:594

[23:22:19][jomini_script_system.cpp:247]: Script system error!
  Error: has_template trigger [ Invalid database object 'tur_abdulmecid_osmanoglu_template' ]
  Script location: common/on_actions/00_code_on_actions.txt:607

[23:22:19][jomini_script_system.cpp:247]: Script system error!
  Error: has_template trigger [ Invalid database object 'POR_pedro_v_de_braganca_template' ]
  Script location: common/on_actions/00_code_on_actions.txt:629

[23:22:19][jomini_script_system.cpp:247]: Script system error!
  Error: has_template trigger [ Invalid database object 'POR_pedro_v_de_braganca_template' ]
  Script location: common/on_actions/00_code_on_actions.txt:639

[23:22:19][jomini_script_system.cpp:247]: Script system error!
  Error: has_template trigger [ Invalid database object 'POR_luis_i_de_braganca_template' ]
  Script location: common/on_actions/00_code_on_actions.txt:651

[23:22:19][jomini_script_system.cpp:247]: Script system error!
  Error: has_template trigger [ Invalid database object 'POR_luis_i_de_braganca_template' ]
  Script location: common/on_actions/00_code_on_actions.txt:667

[23:22:19][jomini_script_system.cpp:247]: Script system error!
  Error: has_template trigger [ Invalid database object 'POR_luis_i_de_braganca_template' ]
  Script location: common/on_actions/00_code_on_actions.txt:675

[23:22:19][jomini_script_system.cpp:247]: Script system error!
  Error: has_template trigger [ Invalid database object 'POR_luis_i_de_braganca_template' ]
  Script location: common/on_actions/00_code_on_actions.txt:680

[23:22:19][jomini_script_system.cpp:247]: Script system error!
  Error: has_template trigger [ Invalid database object 'spa_alfonso_xii_de_borbon_template' ]
  Script location: common/on_actions/00_code_on_actions.txt:693

[23:22:19][jomini_script_system.cpp:247]: Script system error!
  Error: has_template trigger [ Invalid database object 'spa_alfonso_xii_de_borbon_template' ]
  Script location: common/on_actions/00_code_on_actions.txt:700

[23:22:19][jomini_script_system.cpp:247]: Script system error!
  Error: has_template trigger [ Invalid database object 'spa_alfonso_xii_de_borbon_template' ]
  Script location: common/on_actions/00_code_on_actions.txt:705

[23:22:19][jomini_script_system.cpp:247]: Script system error!
  Error: has_template trigger [ Invalid database object 'SPC_carlos_vi_de_borbon_template' ]
  Script location: common/on_actions/00_code_on_actions.txt:718

[23:22:19][jomini_script_system.cpp:247]: Script system error!
  Error: has_template trigger [ Invalid database object 'SPC_carlos_vi_de_borbon_template' ]
  Script location: common/on_actions/00_code_on_actions.txt:734

[23:22:19][jomini_script_system.cpp:247]: Script system error!
  Error: has_template trigger [ Invalid database object 'SPC_carlos_vi_de_borbon_template' ]
  Script location: common/on_actions/00_code_on_actions.txt:742

[23:22:19][jomini_script_system.cpp:247]: Script system error!
  Error: has_template trigger [ Invalid database object 'SPC_carlos_vi_de_borbon_template' ]
  Script location: common/on_actions/00_code_on_actions.txt:747

[23:22:19][jomini_script_system.cpp:247]: Script system error!
  Error: has_template trigger [ Invalid database object 'SPC_jaime_iii_de_borbon_template' ]
  Script location: common/on_actions/00_code_on_actions.txt:760

[23:22:19][jomini_script_system.cpp:247]: Script system error!
  Error: has_template trigger [ Invalid database object 'SPC_jaime_iii_de_borbon_template' ]
  Script location: common/on_actions/00_code_on_actions.txt:767

[23:22:19][jomini_script_system.cpp:247]: Script system error!
  Error: has_template trigger [ Invalid database object 'SPC_jaime_iii_de_borbon_template' ]
  Script location: common/on_actions/00_code_on_actions.txt:772

[23:22:19][jomini_script_system.cpp:247]: Script system error!
  Error: has_template trigger [ Invalid database object 'MOR_muhammad_al_alawi' ]
  Script location: common/on_actions/00_code_on_actions.txt:785

[23:22:19][jomini_script_system.cpp:247]: Script system error!
  Error: has_template trigger [ Invalid database object 'MOR_muhammad_al_alawi' ]
  Script location: common/on_actions/00_code_on_actions.txt:792

[23:22:19][jomini_script_system.cpp:247]: Script system error!
  Error: has_template trigger [ Invalid database object 'MOR_muhammad_al_alawi' ]
  Script location: common/on_actions/00_code_on_actions.txt:797

[23:22:19][jomini_script_system.cpp:247]: Script system error!
  Error: has_template trigger [ Invalid database object 'MOR_hasan_al_alawi' ]
  Script location: common/on_actions/00_code_on_actions.txt:810

[23:22:19][jomini_script_system.cpp:247]: Script system error!
  Error: has_template trigger [ Invalid database object 'MOR_hasan_al_alawi' ]
  Script location: common/on_actions/00_code_on_actions.txt:817

[23:22:19][jomini_script_system.cpp:247]: Script system error!
  Error: has_template trigger [ Invalid database object 'MOR_hasan_al_alawi' ]
  Script location: common/on_actions/00_code_on_actions.txt:822

[23:22:19][jomini_script_system.cpp:247]: Script system error!
  Error: has_template trigger [ Invalid database object 'mon_petar_II_petrovic_njegos' ]
  Script location: common/on_actions/00_code_on_actions.txt:888

[23:22:19][jomini_script_system.cpp:247]: Script system error!
  Error: has_template trigger [ Invalid database object 'mon_danilo_petrovic_njegos' ]
  Script location: common/on_actions/00_code_on_actions.txt:896

[23:22:19][jomini_script_system.cpp:247]: Script system error!
  Error: has_template trigger [ Invalid database object 'mon_danilo_petrovic_njegos' ]
  Script location: common/on_actions/00_code_on_actions.txt:936

[23:22:19][jomini_script_system.cpp:247]: Script system error!
  Error: has_template trigger [ Invalid database object 'swe_charles_bernadotte_template' ]
  Script location: common/on_actions/00_code_on_actions.txt:974

[23:22:19][jomini_script_system.cpp:247]: Script system error!
  Error: has_template trigger [ Invalid database object 'JAP_tokugawa_nariyuki' ]
  Script location: common/on_actions/00_code_on_actions.txt:1056

[23:22:19][jomini_script_system.cpp:247]: Script system error!
  Error: has_template trigger [ Invalid database object 'JAP_tokugawa_narikatsu' ]
  Script location: common/on_actions/00_code_on_actions.txt:1061

[23:22:19][jomini_script_system.cpp:247]: Script system error!
  Error: has_template trigger [ Invalid database object 'gbr_albert_edward_template' ]
  Script location: common/on_actions/00_code_on_actions.txt:1121

[23:22:19][jomini_script_system.cpp:247]: Script system error!
  Error: has_template trigger [ Invalid database object 'gbr_george_v_template' ]
  Script location: common/on_actions/00_code_on_actions.txt:1124

[23:22:19][jomini_script_system.cpp:247]: Script system error!
  Error: is_company_type trigger [ target: Not found in database class CCompanyTypeDatabase ]
  Script location: common/on_actions/00_code_on_actions.txt:1462

[23:22:19][jomini_script_system.cpp:247]: Script system error!
  Error: is_supporting_unification_candidate trigger [ country_formation: Not found in database class CCountryFormationDatabase ]
  Script location: common/on_actions/00_code_on_actions.txt:2490

[23:22:19][jomini_script_system.cpp:247]: Script system error!
  Error: is_supporting_unification_candidate trigger [ Invalid diplomatic action type! ]
  Script location: common/on_actions/00_code_on_actions.txt:2490

[23:22:19][jomini_script_system.cpp:247]: Script system error!
  Error: is_supporting_unification_candidate trigger [ country_formation: Not found in database class CCountryFormationDatabase ]
  Script location: common/on_actions/00_code_on_actions.txt:2499

[23:22:19][jomini_script_system.cpp:247]: Script system error!
  Error: is_supporting_unification_candidate trigger [ Invalid diplomatic action type! ]
  Script location: common/on_actions/00_code_on_actions.txt:2499

[23:22:19][jomini_script_system.cpp:247]: Script system error!
  Error: is_supporting_unification_candidate trigger [ country_formation: Not found in database class CCountryFormationDatabase ]
  Script location: common/on_actions/00_code_on_actions.txt:2509

[23:22:19][jomini_script_system.cpp:247]: Script system error!
  Error: is_supporting_unification_candidate trigger [ Invalid diplomatic action type! ]
  Script location: common/on_actions/00_code_on_actions.txt:2509

[23:22:19][jomini_script_system.cpp:247]: Script system error!
  Error: has_template trigger [ Invalid database object 'HAW_kamehameha_iii' ]
  Script location: common/on_actions/00_code_on_actions.txt:2613

[23:22:19][jomini_script_system.cpp:247]: Script system error!
  Error: has_template trigger [ Invalid database object 'garibaldi_character_template' ]
  Script location: common/on_actions/00_code_on_actions.txt:2708

[23:22:19][jomini_script_system.cpp:247]: Script system error!
  Error: has_template trigger [ Invalid database object 'SPA_baldomero_espartero' ]
  Script location: common/on_actions/00_code_on_actions.txt:2715

[23:22:19][jomini_script_system.cpp:247]: Script system error!
  Error: has_template trigger [ Invalid database object 'aus_franz_josef_I_habsburg_template' ]
  Script location: common/on_actions/00_code_on_actions.txt:2747

[23:22:19][jomini_script_system.cpp:247]: Script system error!
  Error: has_template trigger [ Invalid database object 'mon_danilo_petrovic_njegos' ]
  Script location: common/on_actions/00_code_on_actions.txt:2765

[23:22:19][jomini_script_system.cpp:247]: Script system error!
  Error: has_template trigger [ Invalid database object 'mon_petar_II_petrovic_njegos' ]
  Script location: common/on_actions/00_code_on_actions.txt:2769

[23:22:19][jomini_script_system.cpp:247]: Script system error!
  Error: has_template trigger [ Invalid database object 'SER_milan_obrenovic' ]
  Script location: common/on_actions/00_code_on_actions.txt:2776

[23:22:19][jomini_script_system.cpp:247]: Script system error!
  Error: has_template trigger [ Invalid database object 'SER_milos_obrenovic' ]
  Script location: common/on_actions/00_code_on_actions.txt:2780

[23:22:19][jomini_script_system.cpp:247]: Script system error!
  Error: has_template trigger [ Invalid database object 'JAP_iemochi_tokugawa' ]
  Script location: common/on_actions/00_code_on_actions.txt:2930

[23:22:19][jomini_script_system.cpp:247]: Script system error!
  Error: has_template trigger [ Invalid database object 'ruler_abraham_lincoln' ]
  Script location: common/on_actions/00_code_on_actions.txt:3161

[23:22:19][jomini_script_system.cpp:247]: Script system error!
  Error: has_template trigger [ Invalid database object 'ruler_karl_marx' ]
  Script location: common/on_actions/00_code_on_actions.txt:3171

[23:22:19][jomini_script_system.cpp:247]: Script system error!
  Error: has_template trigger [ Invalid database object 'ruler_ada_lovelace' ]
  Script location: common/on_actions/00_code_on_actions.txt:3181

[23:22:19][jomini_script_system.cpp:247]: Script system error!
  Error: owns_entire_state_region trigger [ Invalid database object 'STATE_RIO_GRANDE_DO_SUL' ]
  Script location: common/on_actions/00_code_on_actions.txt:6322

[23:22:19][jomini_script_system.cpp:247]: Script system error!
  Error: owns_entire_state_region trigger [ Invalid database object 'STATE_SANTA_CATARINA' ]
  Script location: common/on_actions/00_code_on_actions.txt:6323

[23:22:19][jomini_script_system.cpp:247]: Script system error!
  Error: owns_entire_state_region trigger [ Invalid database object 'STATE_PARA' ]
  Script location: common/on_actions/00_code_on_actions.txt:6340

[23:22:19][jomini_script_system.cpp:247]: Script system error!
  Error: owns_entire_state_region trigger [ Invalid database object 'STATE_RIO_GRANDE_DO_SUL' ]
  Script location: common/on_actions/00_code_on_actions.txt:6358

[23:22:19][jomini_script_system.cpp:247]: Script system error!
  Error: country_or_subject_owns_entire_state_region trigger [ Invalid database object 'STATE_PUNJAB' ]
  Script location: common/on_actions/00_code_on_actions.txt:6507

[23:22:19][jomini_script_system.cpp:247]: Script system error!
  Error: has_template trigger [ Invalid database object 'JAP_iesada_tokugawa' ]
  Script location: common/on_actions/00_code_on_actions.txt:6772

[23:22:19][jomini_script_system.cpp:247]: Script system error!
  Error: has_template trigger [ Invalid database object 'HAW_kamehameha_iii' ]
  Script location: common/on_actions/00_on_actions_yearly.txt:446

[23:22:19][jomini_script_system.cpp:247]: Script system error!
  Error: is_in_geographic_region trigger [ Invalid database object 'geographic_region_central_america' ]
  Script location: common/scripted_triggers/00_gfx_buildings_graphics_triggers.txt:20

[23:22:19][jomini_script_system.cpp:247]: Script system error!
  Error: scripted_bar_progress trigger [ Invalid progress bar:  ]
  Script location: common/journal_entries/00_antarctica.txt:64

[23:22:19][jomini_script_system.cpp:247]: Script system error!
  Error: scripted_bar_progress trigger [ Invalid progress bar:  ]
  Script location: common/journal_entries/00_antarctica.txt:93

[23:22:19][jomini_script_system.cpp:247]: Script system error!
  Error: scripted_bar_progress trigger [ Invalid progress bar:  ]
  Script location: common/journal_entries/00_central_africa.txt:90

[23:22:19][jomini_script_system.cpp:247]: Script system error!
  Error: scripted_bar_progress trigger [ Invalid progress bar:  ]
  Script location: common/journal_entries/00_central_africa.txt:120

[23:22:19][jomini_script_system.cpp:247]: Script system error!
  Error: scripted_bar_progress trigger [ Invalid progress bar:  ]
  Script location: common/journal_entries/00_communism.txt:55

[23:22:19][jomini_script_system.cpp:247]: Script system error!
  Error: scripted_bar_progress trigger [ Invalid progress bar:  ]
  Script location: common/journal_entries/00_congo.txt:91

[23:22:19][jomini_script_system.cpp:247]: Script system error!
  Error: scripted_bar_progress trigger [ Invalid progress bar:  ]
  Script location: common/journal_entries/00_congo.txt:105

[23:22:19][jomini_script_system.cpp:247]: Script system error!
  Error: scripted_bar_progress trigger [ Invalid progress bar:  ]
  Script location: common/journal_entries/00_congo.txt:128

[23:22:19][jomini_script_system.cpp:247]: Script system error!
  Error: can_form_nation trigger [ Invalid database object 'ETH' ]
  Script location: common/journal_entries/00_ethiopia.txt:7

[23:22:19][jomini_script_system.cpp:247]: Script system error!
  Error: can_form_nation trigger [ Invalid database object 'ETH' ]
  Script location: common/journal_entries/00_ethiopia.txt:11

[23:22:19][jomini_script_system.cpp:247]: Script system error!
  Error: scripted_bar_progress trigger [ Invalid progress bar:  ]
  Script location: common/journal_entries/00_niger_river.txt:84

[23:22:19][jomini_script_system.cpp:247]: Script system error!
  Error: scripted_bar_progress trigger [ Invalid progress bar:  ]
  Script location: common/journal_entries/00_niger_river.txt:113

[23:22:19][jomini_script_system.cpp:247]: Script system error!
  Error: scripted_bar_progress trigger [ Invalid progress bar:  ]
  Script location: common/journal_entries/00_request_recognition.txt:49

[23:22:19][jomini_script_system.cpp:247]: Script system error!
  Error: scripted_bar_progress trigger [ Invalid progress bar:  ]
  Script location: common/journal_entries/00_west_america.txt:89

[23:22:19][jomini_script_system.cpp:247]: Script system error!
  Error: scripted_bar_progress trigger [ Invalid progress bar:  ]
  Script location: common/journal_entries/00_west_america.txt:125

[23:22:19][jomini_script_system.cpp:247]: Script system error!
  Error: scripted_bar_progress trigger [ Invalid progress bar:  ]
  Script location: common/journal_entries/01_coup.txt:74

[23:22:19][jomini_script_system.cpp:247]: Script system error!
  Error: scripted_bar_progress trigger [ Invalid progress bar:  ]
  Script location: common/journal_entries/01_coup.txt:98

[23:22:19][jomini_script_system.cpp:247]: Script system error!
  Error: scripted_bar_progress trigger [ Invalid progress bar:  ]
  Script location: common/journal_entries/02_caudillo.txt:30

[23:22:19][jomini_script_system.cpp:247]: Script system error!
  Error: scripted_bar_progress trigger [ Invalid progress bar:  ]
  Script location: common/journal_entries/02_caudillo.txt:50

[23:22:19][jomini_script_system.cpp:247]: Script system error!
  Error: is_in_geographic_region trigger [ Invalid database object 'geographic_region_central_america' ]
  Script location: common/journal_entries/02_south_america_migration.txt:153

[23:22:19][jomini_script_system.cpp:247]: Script system error!
  Error: is_in_geographic_region trigger [ Invalid database object 'geographic_region_central_america' ]
  Script location: common/journal_entries/02_south_america_migration.txt:188

[23:22:19][jomini_script_system.cpp:247]: Script system error!
  Error: is_in_geographic_region trigger [ Invalid database object 'geographic_region_central_america' ]
  Script location: common/journal_entries/02_south_america_migration.txt:221

[23:22:19][jomini_script_system.cpp:247]: Script system error!
  Error: is_in_geographic_region trigger [ Invalid database object 'geographic_region_central_america' ]
  Script location: common/journal_entries/02_south_america_migration.txt:237

[23:22:19][jomini_script_system.cpp:247]: Script system error!
  Error: is_in_geographic_region trigger [ Invalid database object 'geographic_region_northeast_asia' ]
  Script location: common/journal_entries/03_korea.txt:211

[23:22:19][jomini_script_system.cpp:247]: Script system error!
  Error: scripted_bar_progress trigger [ Invalid progress bar:  ]
  Script location: common/journal_entries/04_sikh_empire.txt:24

[23:22:19][jomini_script_system.cpp:247]: Script system error!
  Error: has_template trigger [ Invalid database object 'pan_dhian_singh' ]
  Script location: common/journal_entries/04_sikh_empire.txt:60

[23:22:19][jomini_script_system.cpp:247]: Script system error!
  Error: has_template trigger [ Invalid database object 'pan_ranjit_singh' ]
  Script location: common/journal_entries/04_sikh_empire.txt:74

[23:22:19][jomini_script_system.cpp:247]: Script system error!
  Error: has_template trigger [ Invalid database object 'pan_ranjit_singh' ]
  Script location: common/journal_entries/04_sikh_empire.txt:87

[23:22:19][jomini_script_system.cpp:247]: Script system error!
  Error: has_template trigger [ Invalid database object 'pan_datar_kaur' ]
  Script location: common/journal_entries/04_sikh_empire.txt:98

[23:22:19][jomini_script_system.cpp:247]: Script system error!
  Error: has_template trigger [ Invalid database object 'pan_datar_kaur' ]
  Script location: common/journal_entries/04_sikh_empire.txt:107

[23:22:19][jomini_script_system.cpp:247]: Script system error!
  Error: scripted_bar_progress trigger [ Invalid progress bar:  ]
  Script location: common/journal_entries/04_sikh_empire.txt:119

[23:22:19][jomini_script_system.cpp:247]: Script system error!
  Error: has_template trigger [ Invalid database object 'pan_kharak_singh' ]
  Script location: common/journal_entries/04_sikh_empire.txt:124

[23:22:19][jomini_script_system.cpp:247]: Script system error!
  Error: has_template trigger [ Invalid database object 'pan_nau_nihal_singh' ]
  Script location: common/journal_entries/04_sikh_empire.txt:131

[23:22:19][jomini_script_system.cpp:247]: Script system error!
  Error: has_template trigger [ Invalid database object 'pan_sher_singh' ]
  Script location: common/journal_entries/04_sikh_empire.txt:141

[23:22:19][jomini_script_system.cpp:247]: Script system error!
  Error: has_template trigger [ Invalid database object 'pan_duleep_singh' ]
  Script location: common/journal_entries/04_sikh_empire.txt:166

[23:22:19][jomini_script_system.cpp:247]: Script system error!
  Error: has_template trigger [ Invalid database object 'pan_duleep_singh' ]
  Script location: common/journal_entries/04_sikh_empire.txt:175

[23:22:19][jomini_script_system.cpp:247]: Script system error!
  Error: is_in_geographic_region trigger [ Invalid database object 'geographic_region_balkans' ]
  Script location: common/journal_entries/05_balkan_national_awakening.txt:8

[23:22:19][jomini_script_system.cpp:247]: Script system error!
  Error: scripted_bar_progress trigger [ Invalid progress bar:  ]
  Script location: common/journal_entries/05_balkan_wars.txt:164

[23:22:19][jomini_script_system.cpp:247]: Script system error!
  Error: scripted_bar_progress trigger [ Invalid progress bar:  ]
  Script location: common/journal_entries/05_technocracy.txt:33

[23:22:19][jomini_script_system.cpp:247]: Script system error!
  Error: scripted_bar_progress trigger [ Invalid progress bar:  ]
  Script location: common/journal_entries/06_morocco_lands_of_anarchy.txt:92

[23:22:19][jomini_script_system.cpp:247]: Script system error!
  Error: scripted_bar_progress trigger [ Invalid progress bar:  ]
  Script location: common/journal_entries/06_morocco_lands_of_anarchy.txt:110

[23:22:19][jomini_script_system.cpp:247]: Script system error!
  Error: scripted_bar_progress trigger [ Invalid progress bar:  ]
  Script location: common/journal_entries/06_morocco_lands_of_anarchy.txt:129

[23:22:19][jomini_script_system.cpp:247]: Script system error!
  Error: scripted_bar_progress trigger [ Invalid progress bar:  ]
  Script location: common/journal_entries/06_morocco_lands_of_anarchy.txt:155

[23:22:19][jomini_script_system.cpp:247]: Script system error!
  Error: scripted_bar_progress trigger [ Invalid progress bar:  ]
  Script location: common/journal_entries/06_morocco_lands_of_anarchy.txt:158

[23:22:19][jomini_script_system.cpp:247]: Script system error!
  Error: scripted_bar_progress trigger [ Invalid progress bar:  ]
  Script location: common/journal_entries/06_morocco_lands_of_anarchy.txt:161

[23:22:19][jomini_script_system.cpp:247]: Script system error!
  Error: scripted_bar_progress trigger [ Invalid progress bar:  ]
  Script location: common/journal_entries/06_morocco_lands_of_anarchy.txt:206

[23:22:19][jomini_script_system.cpp:247]: Script system error!
  Error: scripted_bar_progress trigger [ Invalid progress bar:  ]
  Script location: common/journal_entries/06_morocco_lands_of_anarchy.txt:209

[23:22:19][jomini_script_system.cpp:247]: Script system error!
  Error: scripted_bar_progress trigger [ Invalid progress bar:  ]
  Script location: common/journal_entries/06_morocco_lands_of_anarchy.txt:212

[23:22:19][jomini_script_system.cpp:247]: Script system error!
  Error: scripted_bar_progress trigger [ Invalid progress bar:  ]
  Script location: common/journal_entries/99_toe_paido_national_integration.txt:97

[23:22:19][jomini_script_system.cpp:247]: Script system error!
  Error: scripted_bar_progress trigger [ Invalid progress bar:  ]
  Script location: common/journal_entries/99_toe_paido_national_integration.txt:98

[23:22:19][jomini_script_system.cpp:247]: Script system error!
  Error: scripted_bar_progress trigger [ Invalid progress bar:  ]
  Script location: common/journal_entries/99_toe_paido_national_integration.txt:107

[23:22:19][jomini_script_system.cpp:247]: Script system error!
  Error: scripted_bar_progress trigger [ Invalid progress bar:  ]
  Script location: common/journal_entries/99_toe_paido_national_integration.txt:107

[23:22:19][jomini_script_system.cpp:247]: Script system error!
  Error: has_template trigger [ Invalid database object 'canonic_count_dracula' ]
  Script location: common/character_interactions/00_character_interactions.txt:811

[23:22:19][jomini_script_system.cpp:247]: Script system error!
  Error: is_company_type trigger [ target: Not found in database class CCompanyTypeDatabase ]
  Script location: common/company_charter_types/00_company_charter_types.txt:315

[23:22:19][jomini_script_system.cpp:247]: Script system error!
  Error: is_company_type trigger [ target: Not found in database class CCompanyTypeDatabase ]
  Script location: common/company_charter_types/00_company_charter_types.txt:309

[23:22:19][jomini_script_system.cpp:247]: Script system error!
  Error: is_company_type trigger [ target: Not found in database class CCompanyTypeDatabase ]
  Script location: common/company_charter_types/00_company_charter_types.txt:375

[23:22:19][jomini_script_system.cpp:247]: Script system error!
  Error: is_company_type trigger [ target: Not found in database class CCompanyTypeDatabase ]
  Script location: common/company_charter_types/00_company_charter_types.txt:381

[23:22:19][jomini_script_system.cpp:247]: Script system error!
  Error: is_company_type trigger [ target: Not found in database class CCompanyTypeDatabase ]
  Script location: common/company_charter_types/00_company_charter_types.txt:369

[23:22:19][jomini_script_system.cpp:247]: Script system error!
  Error: is_company_type trigger [ target: Not found in database class CCompanyTypeDatabase ]
  Script location: common/company_charter_types/00_company_charter_types.txt:351

[23:22:19][jomini_script_system.cpp:247]: Script system error!
  Error: is_company_type trigger [ target: Not found in database class CCompanyTypeDatabase ]
  Script location: common/company_charter_types/00_company_charter_types.txt:363

[23:22:19][jomini_script_system.cpp:247]: Script system error!
  Error: is_company_type trigger [ target: Not found in database class CCompanyTypeDatabase ]
  Script location: common/company_charter_types/00_company_charter_types.txt:357

[23:22:19][jomini_script_system.cpp:247]: Script system error!
  Error: is_company_type trigger [ target: Not found in database class CCompanyTypeDatabase ]
  Script location: common/company_charter_types/00_company_charter_types.txt:321

[23:22:19][jomini_script_system.cpp:247]: Script system error!
  Error: is_company_type trigger [ target: Not found in database class CCompanyTypeDatabase ]
  Script location: common/company_charter_types/00_company_charter_types.txt:339

[23:22:19][jomini_script_system.cpp:247]: Script system error!
  Error: is_company_type trigger [ target: Not found in database class CCompanyTypeDatabase ]
  Script location: common/company_charter_types/00_company_charter_types.txt:345

[23:22:19][jomini_script_system.cpp:247]: Script system error!
  Error: is_company_type trigger [ target: Not found in database class CCompanyTypeDatabase ]
  Script location: common/company_charter_types/00_company_charter_types.txt:333

[23:22:19][jomini_script_system.cpp:247]: Script system error!
  Error: is_company_type trigger [ target: Not found in database class CCompanyTypeDatabase ]
  Script location: common/company_charter_types/00_company_charter_types.txt:327

[23:22:19][jomini_script_system.cpp:247]: Script system error!
  Error: has_journal_entry trigger [ Invalid database object 'je_zaibatsu' ]
  Script location: common/company_charter_types/00_company_charter_types.txt:90

[23:22:19][jomini_script_system.cpp:247]: Script system error!
  Error: has_journal_entry trigger [ Invalid database object 'je_zaibatsu' ]
  Script location: common/company_charter_types/00_company_charter_types.txt:106

[23:22:19][jomini_script_system.cpp:247]: Script system error!
  Error: has_journal_entry trigger [ Invalid database object 'je_zaibatsu' ]
  Script location: common/company_charter_types/00_company_charter_types.txt:149

[23:22:19][jomini_script_system.cpp:247]: Script system error!
  Error: has_journal_entry trigger [ Invalid database object 'je_zaibatsu' ]
  Script location: common/company_charter_types/00_company_charter_types.txt:165

[23:22:19][jomini_script_system.cpp:247]: Script system error!
  Error: has_journal_entry trigger [ Invalid database object 'je_zaibatsu' ]
  Script location: common/company_charter_types/00_company_charter_types.txt:211

[23:22:19][jomini_script_system.cpp:247]: Script system error!
  Error: has_journal_entry trigger [ Invalid database object 'je_zaibatsu' ]
  Script location: common/company_charter_types/00_company_charter_types.txt:227

[23:22:19][jomini_script_system.cpp:247]: Script system error!
  Error: is_company_type trigger [ target: Not found in database class CCompanyTypeDatabase ]
  Script location: common/company_charter_types/00_company_charter_types.txt:258

[23:22:19][jomini_script_system.cpp:247]: Script system error!
  Error: is_company_type trigger [ target: Not found in database class CCompanyTypeDatabase ]
  Script location: common/company_charter_types/00_company_charter_types.txt:259

[23:22:19][jomini_script_system.cpp:247]: Script system error!
  Error: is_company_type trigger [ target: Not found in database class CCompanyTypeDatabase ]
  Script location: common/company_charter_types/00_company_charter_types.txt:260

[23:22:19][jomini_script_system.cpp:247]: Script system error!
  Error: is_company_type trigger [ target: Not found in database class CCompanyTypeDatabase ]
  Script location: common/company_charter_types/00_company_charter_types.txt:261

[23:22:19][jomini_script_system.cpp:247]: Script system error!
  Error: is_company_type trigger [ target: Not found in database class CCompanyTypeDatabase ]
  Script location: common/company_charter_types/00_company_charter_types.txt:262

[23:22:19][jomini_script_system.cpp:247]: Script system error!
  Error: is_company_type trigger [ target: Not found in database class CCompanyTypeDatabase ]
  Script location: common/company_charter_types/00_company_charter_types.txt:263

[23:22:19][jomini_script_system.cpp:247]: Script system error!
  Error: is_company_type trigger [ target: Not found in database class CCompanyTypeDatabase ]
  Script location: common/company_charter_types/00_company_charter_types.txt:264

[23:22:19][jomini_script_system.cpp:247]: Script system error!
  Error: is_company_type trigger [ target: Not found in database class CCompanyTypeDatabase ]
  Script location: common/company_charter_types/00_company_charter_types.txt:265

[23:22:19][jomini_script_system.cpp:247]: Script system error!
  Error: is_company_type trigger [ target: Not found in database class CCompanyTypeDatabase ]
  Script location: common/company_charter_types/00_company_charter_types.txt:266

[23:22:19][jomini_script_system.cpp:247]: Script system error!
  Error: is_company_type trigger [ target: Not found in database class CCompanyTypeDatabase ]
  Script location: common/company_charter_types/00_company_charter_types.txt:267

[23:22:19][jomini_script_system.cpp:247]: Script system error!
  Error: is_company_type trigger [ target: Not found in database class CCompanyTypeDatabase ]
  Script location: common/company_charter_types/00_company_charter_types.txt:268

[23:22:19][jomini_script_system.cpp:247]: Script system error!
  Error: is_company_type trigger [ target: Not found in database class CCompanyTypeDatabase ]
  Script location: common/company_charter_types/00_company_charter_types.txt:269

[23:22:19][jomini_script_system.cpp:247]: Script system error!
  Error: is_company_type trigger [ target: Not found in database class CCompanyTypeDatabase ]
  Script location: common/company_charter_types/00_company_charter_types.txt:270

[23:22:19][jomini_script_system.cpp:247]: Script system error!
  Error: can_form_nation trigger [ Invalid database object 'ETH' ]
  Script location: common/diplomatic_catalysts/00_diplomatic_catalysts.txt:1676

[23:22:19][jomini_script_system.cpp:247]: Script system error!
  Error: has_journal_entry trigger [ Invalid database object 'je_communal_divides' ]
  Script location: common/political_movement_pop_support/00_political_movement_pop_support.txt:254

[23:22:19][jomini_script_system.cpp:247]: Script system error!
  Error: has_journal_entry trigger [ Invalid database object 'je_spanish_anarchism' ]
  Script location: common/political_movements/00_ideological_movements.txt:3163

[23:22:19][jomini_script_system.cpp:247]: Script system error!
  Error: has_template trigger [ Invalid database object 'BIC_muhammad_ali_jinnah' ]
  Script location: common/political_movements/04_national_movements.txt:457

[23:22:19][jomini_script_system.cpp:247]: Script system error!
  Error: is_unification_candidate trigger [ Invalid country formation ]
  Script location: common/ai_strategies/02_diplomatic_strategies.txt:1442

[23:22:19][jomini_script_system.cpp:247]: Script system error!
  Error: is_unification_candidate trigger [ Invalid country formation ]
  Script location: common/ai_strategies/02_diplomatic_strategies.txt:1461

[23:22:19][jomini_script_system.cpp:247]: Script system error!
  Error: is_unification_candidate trigger [ Invalid country formation ]
  Script location: common/ai_strategies/02_diplomatic_strategies.txt:1600

[23:22:19][jomini_script_system.cpp:247]: Script system error!
  Error: is_supporting_unification_candidate trigger [ country_formation: Not found in database class CCountryFormationDatabase ]
  Script location: common/ai_strategies/02_diplomatic_strategies.txt:1602

[23:22:19][jomini_script_system.cpp:247]: Script system error!
  Error: is_supporting_unification_candidate trigger [ Invalid diplomatic action type! ]
  Script location: common/ai_strategies/02_diplomatic_strategies.txt:1602

[23:22:19][jomini_script_system.cpp:247]: Script system error!
  Error: is_unification_candidate trigger [ Invalid country formation ]
  Script location: common/ai_strategies/02_diplomatic_strategies.txt:1619

[23:22:19][jomini_script_system.cpp:247]: Script system error!
  Error: is_supporting_unification_candidate trigger [ country_formation: Not found in database class CCountryFormationDatabase ]
  Script location: common/ai_strategies/02_diplomatic_strategies.txt:1621

[23:22:19][jomini_script_system.cpp:247]: Script system error!
  Error: is_supporting_unification_candidate trigger [ Invalid diplomatic action type! ]
  Script location: common/ai_strategies/02_diplomatic_strategies.txt:1621

[23:22:19][jomini_script_system.cpp:247]: Script system error!
  Error: is_unification_candidate trigger [ Invalid country formation ]
  Script location: common/ai_strategies/02_diplomatic_strategies.txt:1634

[23:22:19][jomini_script_system.cpp:247]: Script system error!
  Error: is_unification_candidate trigger [ Invalid country formation ]
  Script location: common/ai_strategies/02_diplomatic_strategies.txt:1645

[23:22:19][jomini_script_system.cpp:247]: Script system error!
  Error: is_unification_candidate trigger [ Invalid country formation ]
  Script location: common/ai_strategies/02_diplomatic_strategies.txt:1892

[23:22:19][jomini_script_system.cpp:247]: Script system error!
  Error: is_supporting_unification_candidate trigger [ country_formation: Not found in database class CCountryFormationDatabase ]
  Script location: common/ai_strategies/02_diplomatic_strategies.txt:1894

[23:22:19][jomini_script_system.cpp:247]: Script system error!
  Error: is_supporting_unification_candidate trigger [ Invalid diplomatic action type! ]
  Script location: common/ai_strategies/02_diplomatic_strategies.txt:1894

[23:22:19][jomini_script_system.cpp:247]: Script system error!
  Error: is_unification_candidate trigger [ Invalid country formation ]
  Script location: common/ai_strategies/02_diplomatic_strategies.txt:1912

[23:22:19][jomini_script_system.cpp:247]: Script system error!
  Error: is_supporting_unification_candidate trigger [ country_formation: Not found in database class CCountryFormationDatabase ]
  Script location: common/ai_strategies/02_diplomatic_strategies.txt:1913

[23:22:19][jomini_script_system.cpp:247]: Script system error!
  Error: is_supporting_unification_candidate trigger [ Invalid diplomatic action type! ]
  Script location: common/ai_strategies/02_diplomatic_strategies.txt:1913

[23:22:19][jomini_script_system.cpp:247]: Script system error!
  Error: is_unification_candidate trigger [ Invalid country formation ]
  Script location: common/ai_strategies/02_diplomatic_strategies.txt:1926

[23:22:19][jomini_script_system.cpp:247]: Script system error!
  Error: is_unification_candidate trigger [ Invalid country formation ]
  Script location: common/ai_strategies/02_diplomatic_strategies.txt:1937

[23:22:19][jomini_script_system.cpp:247]: Script system error!
  Error: can_form_nation trigger [ Invalid database object 'YUG' ]
  Script location: common/ai_strategies/02_diplomatic_strategies.txt:3246

[23:22:19][jomini_script_system.cpp:247]: Script system error!
  Error: is_unification_candidate trigger [ Invalid country formation ]
  Script location: common/ai_strategies/02_diplomatic_strategies.txt:3283

[23:22:19][jomini_script_system.cpp:247]: Script system error!
  Error: is_unification_candidate trigger [ Invalid country formation ]
  Script location: common/ai_strategies/02_diplomatic_strategies.txt:3300

[23:22:19][jomini_script_system.cpp:247]: Script system error!
  Error: is_unification_candidate trigger [ Invalid country formation ]
  Script location: common/ai_strategies/02_diplomatic_strategies.txt:3404

[23:22:19][jomini_script_system.cpp:247]: Script system error!
  Error: is_supporting_unification_candidate trigger [ country_formation: Not found in database class CCountryFormationDatabase ]
  Script location: common/ai_strategies/02_diplomatic_strategies.txt:3406

[23:22:19][jomini_script_system.cpp:247]: Script system error!
  Error: is_supporting_unification_candidate trigger [ Invalid diplomatic action type! ]
  Script location: common/ai_strategies/02_diplomatic_strategies.txt:3406

[23:22:19][jomini_script_system.cpp:247]: Script system error!
  Error: is_unification_candidate trigger [ Invalid country formation ]
  Script location: common/ai_strategies/02_diplomatic_strategies.txt:3421

[23:22:19][jomini_script_system.cpp:247]: Script system error!
  Error: is_supporting_unification_candidate trigger [ country_formation: Not found in database class CCountryFormationDatabase ]
  Script location: common/ai_strategies/02_diplomatic_strategies.txt:3423

[23:22:19][jomini_script_system.cpp:247]: Script system error!
  Error: is_supporting_unification_candidate trigger [ Invalid diplomatic action type! ]
  Script location: common/ai_strategies/02_diplomatic_strategies.txt:3423

[23:22:19][jomini_script_system.cpp:247]: Script system error!
  Error: is_unification_candidate trigger [ Invalid country formation ]
  Script location: common/ai_strategies/02_diplomatic_strategies.txt:3440

[23:22:19][jomini_script_system.cpp:247]: Script system error!
  Error: can_form_nation trigger [ Invalid database object 'YUG' ]
  Script location: common/ai_strategies/02_diplomatic_strategies.txt:3444

[23:22:19][jomini_script_system.cpp:247]: Script system error!
  Error: can_form_nation trigger [ Invalid database object 'ETH' ]
  Script location: common/diplomatic_plays/00_diplomatic_plays.txt:1071

[23:22:19][jomini_script_system.cpp:247]: Script system error!
  Error: can_form_nation trigger [ Invalid database object 'ARA' ]
  Script location: common/diplomatic_plays/00_diplomatic_plays.txt:1131

[23:22:19][jomini_script_system.cpp:247]: Script system error!
  Error: can_form_nation trigger [ Invalid database object 'ARA' ]
  Script location: common/diplomatic_plays/00_diplomatic_plays.txt:1139

[23:22:19][jomini_script_system.cpp:247]: Script system error!
  Error: can_form_nation trigger [ Invalid database object 'ARA' ]
  Script location: common/diplomatic_plays/00_diplomatic_plays.txt:1146

[23:22:19][jomini_script_system.cpp:247]: Script system error!
  Error: can_form_nation trigger [ Invalid database object 'BHT' ]
  Script location: common/diplomatic_plays/00_diplomatic_plays.txt:1165

[23:22:19][jomini_script_system.cpp:247]: Script system error!
  Error: can_form_nation trigger [ Invalid database object 'BHT' ]
  Script location: common/diplomatic_plays/00_diplomatic_plays.txt:1177

[23:22:19][jomini_script_system.cpp:247]: Script system error!
  Error: can_form_nation trigger [ Invalid database object 'BHT' ]
  Script location: common/diplomatic_plays/00_diplomatic_plays.txt:1187

[23:22:19][jomini_script_system.cpp:247]: Script system error!
  Error: can_form_nation trigger [ Invalid database object 'IDN' ]
  Script location: common/diplomatic_plays/00_diplomatic_plays.txt:1213

[23:22:19][jomini_script_system.cpp:247]: Script system error!
  Error: can_form_nation trigger [ Invalid database object 'IDN' ]
  Script location: common/diplomatic_plays/00_diplomatic_plays.txt:1223

[23:22:19][jomini_script_system.cpp:247]: Script system error!
  Error: can_form_nation trigger [ Invalid database object 'IDN' ]
  Script location: common/diplomatic_plays/00_diplomatic_plays.txt:1230

[23:22:19][jomini_script_system.cpp:247]: Script system error!
  Error: can_form_nation trigger [ Invalid database object 'FND' ]
  Script location: common/diplomatic_plays/00_diplomatic_plays.txt:1261

[23:22:19][map.cpp:227]: Province is missing default terrain! ProvRef: x0899EA
[23:22:19][map.cpp:227]: Province is missing default terrain! ProvRef: xF13DF9
[23:22:19][map.cpp:227]: Province is missing default terrain! ProvRef: x568FEC
[23:22:19][state_region_template.cpp:1597]: State Region STATE_NSM_077 (346) is coastal but is missing a port hub
[23:22:19][state_region_template.cpp:1597]: State Region STATE_NSM_624 (347) is coastal but is missing a port hub
[23:22:19][state_region_template.cpp:1597]: State Region STATE_NSM_625 (348) is coastal but is missing a port hub
[23:22:19][state_region_template.cpp:1597]: State Region STATE_NSM_626 (349) is coastal but is missing a port hub
[23:22:19][state_region_template.cpp:1597]: State Region STATE_NSM_320 (376) is coastal but is missing a port hub
[23:22:19][state_region_template.cpp:1597]: State Region STATE_NSM_458 (384) is coastal but is missing a port hub
[23:22:19][state_region_template.cpp:1636]: No Port / Treaty Port province designated for coastal State Region: STATE_NSM_077
[23:22:19][state_region_template.cpp:1636]: No Port / Treaty Port province designated for coastal State Region: STATE_NSM_624
[23:22:19][state_region_template.cpp:1636]: No Port / Treaty Port province designated for coastal State Region: STATE_NSM_625
[23:22:19][state_region_template.cpp:1636]: No Port / Treaty Port province designated for coastal State Region: STATE_NSM_626
[23:22:19][state_region_template.cpp:1636]: No Port / Treaty Port province designated for coastal State Region: STATE_NSM_320
[23:22:19][state_region_template.cpp:1636]: No Port / Treaty Port province designated for coastal State Region: STATE_NSM_458
[23:22:19][state_region_template.cpp:1753]: If the state region is considered coastal land, it should always have an exit region! State Region: STATE_NSM_077
[23:22:19][state_region_template.cpp:1753]: If the state region is considered coastal land, it should always have an exit region! State Region: STATE_NSM_624
[23:22:19][state_region_template.cpp:1753]: If the state region is considered coastal land, it should always have an exit region! State Region: STATE_NSM_625
[23:22:19][state_region_template.cpp:1753]: If the state region is considered coastal land, it should always have an exit region! State Region: STATE_NSM_626
[23:22:19][state_region_template.cpp:1753]: If the state region is considered coastal land, it should always have an exit region! State Region: STATE_NSM_320
[23:22:19][state_region_template.cpp:1753]: If the state region is considered coastal land, it should always have an exit region! State Region: STATE_NSM_458
[23:22:19][state_region_template.cpp:1988]: State Region STATE_NSM_401, hub city is located at province xDC5138 which is located in state region STATE_NSM_525
[23:22:19][state_region_template.cpp:1988]: State Region STATE_NSM_401, hub port is located at province xDC5138 which is located in state region STATE_NSM_525
[23:22:19][strategicregions.cpp:377]: Strategic region is missing provinces for a capital! Strategic Region: region_north_china
[23:22:19][strategicregions.cpp:377]: Strategic region is missing provinces for a capital! Strategic Region: region_south_china
[23:22:19][strategicregions.cpp:377]: Strategic region is missing provinces for a capital! Strategic Region: region_oceania
[23:22:19][strategicregions.cpp:377]: Strategic region is missing provinces for a capital! Strategic Region: region_arabia
[23:22:19][strategicregions.cpp:377]: Strategic region is missing provinces for a capital! Strategic Region: region_balkans
[23:22:19][strategicregions.cpp:377]: Strategic region is missing provinces for a capital! Strategic Region: region_brazil
[23:22:19][strategicregions.cpp:377]: Strategic region is missing provinces for a capital! Strategic Region: region_central_asia
[23:22:19][strategicregions.cpp:377]: Strategic region is missing provinces for a capital! Strategic Region: region_central_europe
[23:22:19][strategicregions.cpp:377]: Strategic region is missing provinces for a capital! Strategic Region: region_east_africa
[23:22:19][strategicregions.cpp:377]: Strategic region is missing provinces for a capital! Strategic Region: region_equatorial_africa
[23:22:19][strategicregions.cpp:377]: Strategic region is missing provinces for a capital! Strategic Region: region_great_plains
[23:22:19][strategicregions.cpp:377]: Strategic region is missing provinces for a capital! Strategic Region: region_greater_persia
[23:22:19][strategicregions.cpp:377]: Strategic region is missing provinces for a capital! Strategic Region: region_gulf_of_finland
[23:22:19][strategicregions.cpp:377]: Strategic region is missing provinces for a capital! Strategic Region: region_himalayas
[23:22:19][strategicregions.cpp:377]: Strategic region is missing provinces for a capital! Strategic Region: region_indonesia
[23:22:19][strategicregions.cpp:377]: Strategic region is missing provinces for a capital! Strategic Region: region_near_east
[23:22:19][strategicregions.cpp:377]: Strategic region is missing provinces for a capital! Strategic Region: region_nile_basin
[23:22:19][strategicregions.cpp:377]: Strategic region is missing provinces for a capital! Strategic Region: region_north_africa
[23:22:19][strategicregions.cpp:377]: Strategic region is missing provinces for a capital! Strategic Region: region_north_india
[23:22:19][strategicregions.cpp:377]: Strategic region is missing provinces for a capital! Strategic Region: region_northeast_asia
[23:22:19][strategicregions.cpp:377]: Strategic region is missing provinces for a capital! Strategic Region: region_northern_baltic_sea
[23:22:19][strategicregions.cpp:377]: Strategic region is missing provinces for a capital! Strategic Region: region_pacific_coast
[23:22:19][strategicregions.cpp:377]: Strategic region is missing provinces for a capital! Strategic Region: region_russia
[23:22:19][strategicregions.cpp:377]: Strategic region is missing provinces for a capital! Strategic Region: region_siberia
[23:22:19][strategicregions.cpp:377]: Strategic region is missing provinces for a capital! Strategic Region: region_south_india
[23:22:19][strategicregions.cpp:377]: Strategic region is missing provinces for a capital! Strategic Region: region_southern_africa
[23:22:19][strategicregions.cpp:377]: Strategic region is missing provinces for a capital! Strategic Region: region_southern_baltic_sea
[23:22:19][strategicregions.cpp:377]: Strategic region is missing provinces for a capital! Strategic Region: region_southern_europe
[23:22:19][strategicregions.cpp:377]: Strategic region is missing provinces for a capital! Strategic Region: region_west_africa
[23:22:19][strategicregions.cpp:377]: Strategic region is missing provinces for a capital! Strategic Region: region_western_europe
[23:22:19][strategicregions.cpp:377]: Strategic region is missing provinces for a capital! Strategic Region: region_northern_europe
[23:22:19][strategicregions.cpp:377]: Strategic region is missing provinces for a capital! Strategic Region: region_eastern_europe
[23:22:19][strategicregions.cpp:377]: Strategic region is missing provinces for a capital! Strategic Region: region_indochina
[23:22:19][strategicregions.cpp:377]: Strategic region is missing provinces for a capital! Strategic Region: region_canada
[23:22:19][strategicregions.cpp:377]: Strategic region is missing provinces for a capital! Strategic Region: region_atlantic_coast
[23:22:19][strategicregions.cpp:377]: Strategic region is missing provinces for a capital! Strategic Region: region_central_america
[23:22:19][strategicregions.cpp:377]: Strategic region is missing provinces for a capital! Strategic Region: region_andes
[23:22:19][strategicregions.cpp:377]: Strategic region is missing provinces for a capital! Strategic Region: region_la_plata
[23:22:19][strategicregions.cpp:377]: Strategic region is missing provinces for a capital! Strategic Region: region_gran_colombia
[23:22:19][culture_graphics_type.cpp:33]: Culture graphics type french doesn't have any cultures
[23:22:19][travel_node_definition.cpp:239]: Anchor ID 1 is of type land, but in a non-land state region ?
[23:22:19][travel_node_definition.cpp:239]: Anchor ID 2 is of type land, but in a non-land state region ?
[23:22:19][travel_node_definition.cpp:299]: Port node in 'トリリア' is not located on land province which would lead to travel access issues. Consider fixing it in the map editor
[23:22:19][travel_node_definition.cpp:299]: Port node in 'ポツ' is not located on land province which would lead to travel access issues. Consider fixing it in the map editor
[23:22:19][travel_node_definition.cpp:299]: Port node in 'カルダン' is not located on land province which would lead to travel access issues. Consider fixing it in the map editor
[23:22:19][travel_connection_definition.cpp:73]: Strip between locators 1 and 2 has unknown anchor 1
[23:22:19][travel_connection_definition.cpp:73]: Strip between locators 1 and 41700 has unknown anchor 1
[23:22:19][travel_connection_definition.cpp:73]: Strip between locators 1 and 41703 has unknown anchor 1
[23:22:19][travel_connection_definition.cpp:64]: Strip between locators 6402 and 8395008 has anchors of different type (naval/land)
[23:22:19][travel_connection_definition.cpp:64]: Strip between locators 73201 and 8395008 has anchors of different type (naval/land)
[23:22:19][travel_connection_definition.cpp:64]: Strip between locators 7800 and 8396408 has anchors of different type (naval/land)
[23:22:19][travel_connection_definition.cpp:64]: Strip between locators 21503 and 8396408 has anchors of different type (naval/land)
[23:22:19][travel_connection_definition.cpp:64]: Strip between locators 18500 and 8407108 has anchors of different type (naval/land)
[23:22:19][travel_connection_definition.cpp:64]: Strip between locators 18501 and 8407108 has anchors of different type (naval/land)
[23:22:19][travel_connection_definition.cpp:64]: Strip between locators 30003 and 8418608 has anchors of different type (naval/land)
[23:22:19][travel_connection_definition.cpp:64]: Strip between locators 32302 and 8420908 has anchors of different type (naval/land)
[23:22:19][travel_connection_definition.cpp:64]: Strip between locators 42703 and 8431308 has anchors of different type (naval/land)
[23:22:19][travel_connection_definition.cpp:64]: Strip between locators 40303 and 8441508 has anchors of different type (naval/land)
[23:22:19][travel_connection_definition.cpp:64]: Strip between locators 52900 and 8441508 has anchors of different type (naval/land)
[23:22:19][travel_connection_definition.cpp:64]: Strip between locators 52902 and 8441508 has anchors of different type (naval/land)
[23:22:19][travel_connection_definition.cpp:73]: Strip between locators 8450208 and 8446308 has unknown anchor 8450208
[23:22:19][travel_connection_definition.cpp:78]: Strip between locators 8449208 and 8451408 has unknown anchor 8451408
[23:22:19][travel_connection_definition.cpp:78]: Strip between locators 8451208 and 8451408 has unknown anchor 8451408
[23:22:19][travel_connection_definition.cpp:78]: Strip between locators 8396308 and 8451908 has unknown anchor 8451908
[23:22:19][travel_connection_definition.cpp:78]: Strip between locators 8420608 and 8451908 has unknown anchor 8451908
[23:22:19][travel_connection_definition.cpp:78]: Strip between locators 8434408 and 8451908 has unknown anchor 8451908
[23:22:19][travel_connection_definition.cpp:78]: Strip between locators 8451508 and 8451908 has unknown anchor 8451908
[23:22:19][travel_connection_definition.cpp:78]: Strip between locators 8409408 and 8452208 has unknown anchor 8452208
[23:22:19][travel_connection_definition.cpp:78]: Strip between locators 8430308 and 8452208 has unknown anchor 8452208
[23:22:19][travel_connection_definition.cpp:78]: Strip between locators 8449608 and 8452208 has unknown anchor 8452208
[23:22:19][travel_connection_definition.cpp:78]: Strip between locators 8451708 and 8452208 has unknown anchor 8452208
[23:22:19][travel_connection_definition.cpp:78]: Strip between locators 8451808 and 8452208 has unknown anchor 8452208
[23:22:19][travel_connection_definition.cpp:78]: Strip between locators 8434308 and 8452308 has unknown anchor 8452308
[23:22:19][travel_connection_definition.cpp:78]: Strip between locators 8451808 and 8452308 has unknown anchor 8452308
[23:22:19][travel_connection_definition.cpp:78]: Strip between locators 8452108 and 8452308 has unknown anchor 8452308
[23:22:19][travel_connection_definition.cpp:73]: Strip between locators 8452208 and 8452408 has unknown anchor 8452208
[23:22:19][travel_connection_definition.cpp:78]: Strip between locators 8406908 and 8452508 has unknown anchor 8452508
[23:22:19][travel_connection_definition.cpp:78]: Strip between locators 8420308 and 8452508 has unknown anchor 8452508
[23:22:19][travel_connection_definition.cpp:78]: Strip between locators 8425208 and 8452508 has unknown anchor 8452508
[23:22:19][travel_connection_definition.cpp:78]: Strip between locators 8451508 and 8452508 has unknown anchor 8452508
[23:22:19][travel_connection_definition.cpp:73]: Strip between locators 8452208 and 8452508 has unknown anchor 8452208
[23:22:19][travel_connection_definition.cpp:78]: Strip between locators 8452408 and 8452508 has unknown anchor 8452508
[23:22:19][travel_connection_definition.cpp:78]: Strip between locators 8396108 and 8452708 has unknown anchor 8452708
[23:22:19][travel_connection_definition.cpp:78]: Strip between locators 8434008 and 8452708 has unknown anchor 8452708
[23:22:19][travel_connection_definition.cpp:73]: Strip between locators 8452208 and 8452708 has unknown anchor 8452208
[23:22:19][travel_connection_definition.cpp:78]: Strip between locators 8391508 and 8452808 has unknown anchor 8452808
[23:22:19][travel_connection_definition.cpp:78]: Strip between locators 8398308 and 8452808 has unknown anchor 8452808
[23:22:19][travel_connection_definition.cpp:78]: Strip between locators 8441408 and 8452808 has unknown anchor 8452808
[23:22:19][travel_connection_definition.cpp:78]: Strip between locators 8452108 and 8452808 has unknown anchor 8452808
[23:22:19][travel_connection_definition.cpp:78]: Strip between locators 8406808 and 8452908 has unknown anchor 8452908
[23:22:19][travel_connection_definition.cpp:78]: Strip between locators 8424308 and 8452908 has unknown anchor 8452908
[23:22:19][travel_connection_definition.cpp:78]: Strip between locators 8436908 and 8452908 has unknown anchor 8452908
[23:22:19][travel_connection_definition.cpp:73]: Strip between locators 8451408 and 8452908 has unknown anchor 8451408
[23:22:19][travel_connection_definition.cpp:78]: Strip between locators 8452008 and 8452908 has unknown anchor 8452908
[23:22:19][travel_connection_definition.cpp:73]: Strip between locators 8452808 and 8452908 has unknown anchor 8452808
[23:22:19][travel_connection_definition.cpp:73]: Strip between locators 8452208 and 8453008 has unknown anchor 8452208
[23:22:19][travel_connection_definition.cpp:73]: Strip between locators 8452308 and 8453008 has unknown anchor 8452308
[23:22:19][travel_connection_definition.cpp:110]: Harbor node 8390108 in state 中央諸島部3 has no port node to connect to
[23:22:19][travel_connection_definition.cpp:110]: Harbor node 8392408 in state ルーファ has no port node to connect to
[23:22:19][travel_connection_definition.cpp:110]: Harbor node 8393508 in state 西亜60 has no port node to connect to
[23:22:19][travel_connection_definition.cpp:110]: Harbor node 8395308 in state 豪43 has no port node to connect to
[23:22:19][travel_connection_definition.cpp:110]: Harbor node 8401508 in state 西亜1 has no port node to connect to
[23:22:19][travel_connection_definition.cpp:110]: Harbor node 8407508 in state 中央諸島部11 has no port node to connect to
[23:22:19][travel_connection_definition.cpp:110]: Harbor node 8410008 in state 西欧54 has no port node to connect to
[23:22:19][travel_connection_definition.cpp:110]: Harbor node 8416608 in state 北阿70 has no port node to connect to
[23:22:19][travel_connection_definition.cpp:110]: Harbor node 8416808 in state 南レフリア東島 has no port node to connect to
[23:22:19][travel_connection_definition.cpp:110]: Harbor node 8417408 in state 東欧84 has no port node to connect to
[23:22:19][travel_connection_definition.cpp:110]: Harbor node 8422708 in state 西亜40 has no port node to connect to
[23:22:19][travel_connection_definition.cpp:110]: Harbor node 8422908 in state 豪42 has no port node to connect to
[23:22:19][travel_connection_definition.cpp:110]: Harbor node 8425808 in state 中央諸島部17 has no port node to connect to
[23:22:19][travel_connection_definition.cpp:110]: Harbor node 8428308 in state 西欧10 has no port node to connect to
[23:22:19][travel_connection_definition.cpp:110]: Harbor node 8430508 in state 西欧41 has no port node to connect to
[23:22:19][travel_connection_definition.cpp:110]: Harbor node 8432908 in state 中央諸島部12 has no port node to connect to
[23:22:19][travel_connection_definition.cpp:128]: Port node 5903 in state 北米34 has no harbor node to connect to
[23:22:19][travel_connection_definition.cpp:128]: Port node 62203 in state レフリア湾岸 has no harbor node to connect to
[23:22:19][travel_connection_definition.cpp:128]: Port node 83503 in state アトランティカ北東部 has no harbor node to connect to
[23:22:19][travel_connection_definition.cpp:128]: Port node 83603 in state アトランティカ東部 has no harbor node to connect to
[23:22:19][travel_connection_definition.cpp:252]: State region STATE_NSM_320 contains 6 nodes, but none of the nodes are connected to another state region
[23:22:19][travel_connection_definition.cpp:252]: State region STATE_NSM_458 contains 6 nodes, but none of the nodes are connected to another state region
[23:22:19][travel_connection_definition.cpp:252]: State region STATE_NSM_417 contains 3 nodes, but none of the nodes are connected to another state region
[23:22:19][travel_connection_definition.cpp:252]: State region STATE_NSM_493 contains 3 nodes, but none of the nodes are connected to another state region
[23:22:19][travel_connection_definition.cpp:252]: State region STATE_NSM_520 contains 6 nodes, but none of the nodes are connected to another state region
[23:22:19][travel_connection_definition.cpp:252]: State region STATE_NSM_SEA_010 contains 1 nodes, but none of the nodes are connected to another state region
[23:22:19][travel_node_definition.cpp:477]: Harbor travel node 'STATE_NSM_015_harbor' is not connected to a port travel node
[23:22:19][travel_node_definition.cpp:477]: Harbor travel node 'STATE_NSM_038_harbor' is not connected to a port travel node
[23:22:19][travel_node_definition.cpp:477]: Harbor travel node 'STATE_NSM_049_harbor' is not connected to a port travel node
[23:22:19][travel_node_definition.cpp:477]: Harbor travel node 'STATE_NSM_067_harbor' is not connected to a port travel node
[23:22:19][travel_node_definition.cpp:477]: Harbor travel node 'STATE_NSM_129_harbor' is not connected to a port travel node
[23:22:19][travel_node_definition.cpp:477]: Harbor travel node 'STATE_NSM_189_harbor' is not connected to a port travel node
[23:22:19][travel_node_definition.cpp:477]: Harbor travel node 'STATE_NSM_214_harbor' is not connected to a port travel node
[23:22:19][travel_node_definition.cpp:477]: Harbor travel node 'STATE_NSM_280_harbor' is not connected to a port travel node
[23:22:19][travel_node_definition.cpp:477]: Harbor travel node 'STATE_NSM_282_harbor' is not connected to a port travel node
[23:22:19][travel_node_definition.cpp:477]: Harbor travel node 'STATE_NSM_288_harbor' is not connected to a port travel node
[23:22:19][travel_node_definition.cpp:477]: Harbor travel node 'STATE_NSM_341_harbor' is not connected to a port travel node
[23:22:19][travel_node_definition.cpp:477]: Harbor travel node 'STATE_NSM_343_harbor' is not connected to a port travel node
[23:22:19][travel_node_definition.cpp:477]: Harbor travel node 'STATE_NSM_372_harbor' is not connected to a port travel node
[23:22:19][travel_node_definition.cpp:477]: Harbor travel node 'STATE_NSM_397_harbor' is not connected to a port travel node
[23:22:19][travel_node_definition.cpp:477]: Harbor travel node 'STATE_NSM_419_harbor' is not connected to a port travel node
[23:22:19][travel_node_definition.cpp:477]: Harbor travel node 'STATE_NSM_443_harbor' is not connected to a port travel node
[23:22:19][travel_connection_definition.cpp:398]: Cannot connect state adjacency connection, no connection node found in state .
[23:22:19][travel_connection_definition.cpp:398]: Cannot connect state adjacency connection, no connection node found in state .
[23:22:19][travel_connection_definition.cpp:398]: Cannot connect state adjacency connection, no connection node found in state .
[23:22:19][eventtargetlinks.cpp:5457]: Failed to scope to goods by key 'water'
[23:22:19][eventtargetlinks.cpp:5457]: Failed to scope to goods by key 'space_assets'
[23:22:19][eventtargetlinks.cpp:137]: Invalid database object key 'company_yasuda' file location: common/company_charter_types/00_company_charter_types.txt:218
[23:22:19][eventtargetlinks.cpp:137]: Invalid database object key 'company_mitsubishi' file location: common/company_charter_types/00_company_charter_types.txt:216
[23:22:19][eventtargetlinks.cpp:137]: Invalid database object key 'company_sumitomo' file location: common/company_charter_types/00_company_charter_types.txt:217
[23:22:19][eventtargetlinks.cpp:137]: Invalid database object key 'company_yasuda' file location: common/company_charter_types/00_company_charter_types.txt:234
[23:22:19][eventtargetlinks.cpp:137]: Invalid database object key 'company_sumitomo' file location: common/company_charter_types/00_company_charter_types.txt:233
[23:22:19][eventtargetlinks.cpp:137]: Invalid database object key 'company_mitsubishi' file location: common/company_charter_types/00_company_charter_types.txt:232
[23:22:19][eventtargetlinks.cpp:137]: Invalid database object key 'company_mitsui' file location: common/company_charter_types/00_company_charter_types.txt:231
[23:22:19][eventtargetlinks.cpp:137]: Invalid database object key 'company_mitsui' file location: common/company_charter_types/00_company_charter_types.txt:94
[23:22:19][eventtargetlinks.cpp:137]: Invalid database object key 'company_mitsubishi' file location: common/company_charter_types/00_company_charter_types.txt:95
[23:22:19][eventtargetlinks.cpp:137]: Invalid database object key 'company_sumitomo' file location: common/company_charter_types/00_company_charter_types.txt:96
[23:22:19][eventtargetlinks.cpp:137]: Invalid database object key 'company_yasuda' file location: common/company_charter_types/00_company_charter_types.txt:97
[23:22:19][eventtargetlinks.cpp:137]: Invalid database object key 'company_mitsui' file location: common/company_charter_types/00_company_charter_types.txt:110
[23:22:19][eventtargetlinks.cpp:137]: Invalid database object key 'company_mitsubishi' file location: common/company_charter_types/00_company_charter_types.txt:111
[23:22:19][eventtargetlinks.cpp:137]: Invalid database object key 'company_sumitomo' file location: common/company_charter_types/00_company_charter_types.txt:112
[23:22:19][eventtargetlinks.cpp:137]: Invalid database object key 'company_yasuda' file location: common/company_charter_types/00_company_charter_types.txt:113
[23:22:19][eventtargetlinks.cpp:137]: Invalid database object key 'company_mitsui' file location: common/company_charter_types/00_company_charter_types.txt:153
[23:22:19][eventtargetlinks.cpp:137]: Invalid database object key 'company_mitsubishi' file location: common/company_charter_types/00_company_charter_types.txt:154
[23:22:19][eventtargetlinks.cpp:137]: Invalid database object key 'company_sumitomo' file location: common/company_charter_types/00_company_charter_types.txt:155
[23:22:19][eventtargetlinks.cpp:137]: Invalid database object key 'company_yasuda' file location: common/company_charter_types/00_company_charter_types.txt:156
[23:22:19][eventtargetlinks.cpp:137]: Invalid database object key 'company_mitsui' file location: common/company_charter_types/00_company_charter_types.txt:169
[23:22:19][eventtargetlinks.cpp:137]: Invalid database object key 'company_mitsubishi' file location: common/company_charter_types/00_company_charter_types.txt:170
[23:22:19][eventtargetlinks.cpp:137]: Invalid database object key 'company_sumitomo' file location: common/company_charter_types/00_company_charter_types.txt:171
[23:22:19][eventtargetlinks.cpp:137]: Invalid database object key 'company_yasuda' file location: common/company_charter_types/00_company_charter_types.txt:172
[23:22:19][eventtargetlinks.cpp:137]: Invalid database object key 'company_mitsui' file location: common/company_charter_types/00_company_charter_types.txt:215
[23:22:19][eventtargetlinks.cpp:4498]: Failed to find country! Country: TRS, File Location: common/history/lobbies/00_lobbies.txt:152
[23:22:19][eventtargetlinks.cpp:4498]: Failed to find country! Country: JAB, File Location: common/history/lobbies/00_lobbies.txt:175
[23:22:19][eventtargetlinks.cpp:4498]: Failed to find country! Country: LUC, File Location: common/history/lobbies/00_lobbies.txt:183
[23:22:19][eventtargetlinks.cpp:4498]: Failed to find country! Country: MOD, File Location: common/history/lobbies/00_lobbies.txt:209
[23:22:19][eventtargetlinks.cpp:4498]: Failed to find country! Country: PAR, File Location: common/history/lobbies/00_lobbies.txt:286
[23:22:19][eventtargetlinks.cpp:4498]: Failed to find country! Country: SAR, File Location: common/history/lobbies/00_lobbies.txt:345
[23:22:19][eventtargetlinks.cpp:4498]: Failed to find country! Country: TUS, File Location: common/history/lobbies/00_lobbies.txt:442
[23:22:19][eventtargetlinks.cpp:137]: Invalid database object key 'combat_unit_type_toe_early_marines' file location: common/history/military_formations/00_WestEurope_army.txt:26
[23:22:19][eventtargetlinks.cpp:137]: Invalid database object key 'combat_unit_type_toe_early_marines' file location: common/history/military_formations/00_WestEurope_army.txt:31
[23:22:19][eventtargetlinks.cpp:4498]: Failed to find country! Country: PCO, File Location: common/history/political_movements/00_movements.txt:127
[23:22:19][jomini_script_system.cpp:247]: Script system error!
  Error: trigger_event effect [ Event not found! EventID: boxer_rebellion_events.1 ]
  Script location: common/journal_entries/00_boxer_rebellion.txt:30

[23:22:19][jomini_script_system.cpp:247]: Script system error!
  Error: trigger_event effect [ Event not found! EventID: boxer_rebellion_events.2 ]
  Script location: common/journal_entries/00_boxer_rebellion.txt:43

[23:22:19][jomini_script_system.cpp:247]: Script system error!
  Error: trigger_event effect [ Event not found! EventID: boxer_rebellion_events.3 ]
  Script location: common/journal_entries/00_boxer_rebellion.txt:47

[23:22:19][jomini_script_system.cpp:247]: Script system error!
  Error: add_progress effect [ Invalid progress bar: expedition_progress_bar ]
  Script location: common/scripted_effects/00_expedition_effects.txt:712

[23:22:19][jomini_script_system.cpp:247]: Script system error!
  Error: add_progress effect [ Invalid progress bar: expedition_progress_bar ]
  Script location: common/scripted_effects/00_expedition_effects.txt:720

[23:22:19][jomini_script_system.cpp:247]: Script system error!
  Error: add_progress effect [ Invalid progress bar: expedition_progress_bar ]
  Script location: common/scripted_effects/00_expedition_effects.txt:728

[23:22:19][jomini_script_system.cpp:247]: Script system error!
  Error: add_progress effect [ Invalid progress bar: expedition_progress_bar ]
  Script location: common/scripted_effects/00_expedition_effects.txt:736

[23:22:19][jomini_script_system.cpp:247]: Script system error!
  Error: add_progress effect [ Invalid progress bar: expedition_progress_bar ]
  Script location: common/scripted_effects/00_expedition_effects.txt:744

[23:22:19][jomini_script_system.cpp:247]: Script system error!
  Error: add_progress effect [ Invalid progress bar: expedition_progress_bar ]
  Script location: common/scripted_effects/00_expedition_effects.txt:755

[23:22:19][jomini_script_system.cpp:247]: Script system error!
  Error: add_progress effect [ Invalid progress bar: expedition_progress_bar ]
  Script location: common/scripted_effects/00_expedition_effects.txt:763

[23:22:19][jomini_script_system.cpp:247]: Script system error!
  Error: add_progress effect [ Invalid progress bar: expedition_progress_bar ]
  Script location: common/scripted_effects/00_expedition_effects.txt:771

[23:22:19][jomini_script_system.cpp:247]: Script system error!
  Error: add_progress effect [ Invalid progress bar: expedition_progress_bar ]
  Script location: common/scripted_effects/00_expedition_effects.txt:779

[23:22:19][jomini_script_system.cpp:247]: Script system error!
  Error: add_progress effect [ Invalid progress bar: expedition_progress_bar ]
  Script location: common/scripted_effects/00_expedition_effects.txt:787

[23:22:19][jomini_script_system.cpp:247]: Script system error!
  Error: add_progress effect [ Invalid progress bar: expedition_progress_bar ]
  Script location: common/scripted_effects/00_expedition_effects.txt:798

[23:22:19][jomini_script_system.cpp:247]: Script system error!
  Error: add_progress effect [ Invalid progress bar: expedition_progress_bar ]
  Script location: common/scripted_effects/00_expedition_effects.txt:806

[23:22:19][jomini_script_system.cpp:247]: Script system error!
  Error: add_progress effect [ Invalid progress bar: expedition_progress_bar ]
  Script location: common/scripted_effects/00_expedition_effects.txt:814

[23:22:19][jomini_script_system.cpp:247]: Script system error!
  Error: add_progress effect [ Invalid progress bar: expedition_progress_bar ]
  Script location: common/scripted_effects/00_expedition_effects.txt:822

[23:22:19][jomini_script_system.cpp:247]: Script system error!
  Error: add_progress effect [ Invalid progress bar: expedition_progress_bar ]
  Script location: common/scripted_effects/00_expedition_effects.txt:830

[23:22:19][jomini_script_system.cpp:247]: Script system error!
  Error: add_progress effect [ Invalid progress bar: expedition_peril_progress_bar ]
  Script location: common/scripted_effects/00_expedition_effects.txt:451

[23:22:19][jomini_script_system.cpp:247]: Script system error!
  Error: add_progress effect [ Invalid progress bar: expedition_peril_progress_bar ]
  Script location: common/scripted_effects/00_expedition_effects.txt:459

[23:22:19][jomini_script_system.cpp:247]: Script system error!
  Error: add_progress effect [ Invalid progress bar: expedition_peril_progress_bar ]
  Script location: common/scripted_effects/00_expedition_effects.txt:467

[23:22:19][jomini_script_system.cpp:247]: Script system error!
  Error: add_progress effect [ Invalid progress bar: expedition_peril_progress_bar ]
  Script location: common/scripted_effects/00_expedition_effects.txt:475

[23:22:19][jomini_script_system.cpp:247]: Script system error!
  Error: add_progress effect [ Invalid progress bar: expedition_peril_progress_bar ]
  Script location: common/scripted_effects/00_expedition_effects.txt:483

[23:22:19][jomini_script_system.cpp:247]: Script system error!
  Error: add_progress effect [ Invalid progress bar: expedition_peril_progress_bar ]
  Script location: common/scripted_effects/00_expedition_effects.txt:494

[23:22:19][jomini_script_system.cpp:247]: Script system error!
  Error: add_progress effect [ Invalid progress bar: expedition_peril_progress_bar ]
  Script location: common/scripted_effects/00_expedition_effects.txt:502

[23:22:19][jomini_script_system.cpp:247]: Script system error!
  Error: add_progress effect [ Invalid progress bar: expedition_peril_progress_bar ]
  Script location: common/scripted_effects/00_expedition_effects.txt:510

[23:22:19][jomini_script_system.cpp:247]: Script system error!
  Error: add_progress effect [ Invalid progress bar: expedition_peril_progress_bar ]
  Script location: common/scripted_effects/00_expedition_effects.txt:518

[23:22:19][jomini_script_system.cpp:247]: Script system error!
  Error: add_progress effect [ Invalid progress bar: expedition_peril_progress_bar ]
  Script location: common/scripted_effects/00_expedition_effects.txt:526

[23:22:19][jomini_script_system.cpp:247]: Script system error!
  Error: add_progress effect [ Invalid progress bar: expedition_peril_progress_bar ]
  Script location: common/scripted_effects/00_expedition_effects.txt:537

[23:22:19][jomini_script_system.cpp:247]: Script system error!
  Error: add_progress effect [ Invalid progress bar: expedition_peril_progress_bar ]
  Script location: common/scripted_effects/00_expedition_effects.txt:545

[23:22:19][jomini_script_system.cpp:247]: Script system error!
  Error: add_progress effect [ Invalid progress bar: expedition_peril_progress_bar ]
  Script location: common/scripted_effects/00_expedition_effects.txt:553

[23:22:19][jomini_script_system.cpp:247]: Script system error!
  Error: add_progress effect [ Invalid progress bar: expedition_peril_progress_bar ]
  Script location: common/scripted_effects/00_expedition_effects.txt:561

[23:22:19][jomini_script_system.cpp:247]: Script system error!
  Error: add_progress effect [ Invalid progress bar: expedition_peril_progress_bar ]
  Script location: common/scripted_effects/00_expedition_effects.txt:569

[23:22:19][jomini_script_system.cpp:247]: Script system error!
  Error: add_progress effect [ Invalid progress bar: expedition_peril_progress_bar ]
  Script location: common/scripted_effects/00_expedition_effects.txt:581

[23:22:19][jomini_script_system.cpp:247]: Script system error!
  Error: add_progress effect [ Invalid progress bar: expedition_peril_progress_bar ]
  Script location: common/scripted_effects/00_expedition_effects.txt:589

[23:22:19][jomini_script_system.cpp:247]: Script system error!
  Error: add_progress effect [ Invalid progress bar: expedition_peril_progress_bar ]
  Script location: common/scripted_effects/00_expedition_effects.txt:597

[23:22:19][jomini_script_system.cpp:247]: Script system error!
  Error: add_progress effect [ Invalid progress bar: expedition_peril_progress_bar ]
  Script location: common/scripted_effects/00_expedition_effects.txt:605

[23:22:19][jomini_script_system.cpp:247]: Script system error!
  Error: add_progress effect [ Invalid progress bar: expedition_peril_progress_bar ]
  Script location: common/scripted_effects/00_expedition_effects.txt:613

[23:22:19][jomini_script_system.cpp:247]: Script system error!
  Error: add_progress effect [ Invalid progress bar: expedition_peril_progress_bar ]
  Script location: common/scripted_effects/00_expedition_effects.txt:625

[23:22:19][jomini_script_system.cpp:247]: Script system error!
  Error: add_progress effect [ Invalid progress bar: expedition_peril_progress_bar ]
  Script location: common/scripted_effects/00_expedition_effects.txt:633

[23:22:19][jomini_script_system.cpp:247]: Script system error!
  Error: add_progress effect [ Invalid progress bar: expedition_peril_progress_bar ]
  Script location: common/scripted_effects/00_expedition_effects.txt:641

[23:22:19][jomini_script_system.cpp:247]: Script system error!
  Error: add_progress effect [ Invalid progress bar: expedition_peril_progress_bar ]
  Script location: common/scripted_effects/00_expedition_effects.txt:649

[23:22:19][jomini_script_system.cpp:247]: Script system error!
  Error: add_progress effect [ Invalid progress bar: expedition_peril_progress_bar ]
  Script location: common/scripted_effects/00_expedition_effects.txt:657

[23:22:19][jomini_script_system.cpp:247]: Script system error!
  Error: add_progress effect [ Invalid progress bar: expedition_progress_bar ]
  Script location: common/scripted_effects/00_expedition_effects.txt:669

[23:22:19][jomini_script_system.cpp:247]: Script system error!
  Error: add_progress effect [ Invalid progress bar: expedition_progress_bar ]
  Script location: common/scripted_effects/00_expedition_effects.txt:677

[23:22:19][jomini_script_system.cpp:247]: Script system error!
  Error: add_progress effect [ Invalid progress bar: expedition_progress_bar ]
  Script location: common/scripted_effects/00_expedition_effects.txt:685

[23:22:19][jomini_script_system.cpp:247]: Script system error!
  Error: add_progress effect [ Invalid progress bar: expedition_progress_bar ]
  Script location: common/scripted_effects/00_expedition_effects.txt:693

[23:22:19][jomini_script_system.cpp:247]: Script system error!
  Error: add_progress effect [ Invalid progress bar: expedition_progress_bar ]
  Script location: common/scripted_effects/00_expedition_effects.txt:701

[23:22:19][jomini_script_system.cpp:247]: Script system error!
  Error: add_progress effect [ Invalid progress bar: divided_monarchists_bonapartist_progress_bar ]
  Script location: common/scripted_effects/00_victoria_scripted_effects.txt:2554

[23:22:19][jomini_script_system.cpp:247]: Script system error!
  Error: add_progress effect [ Invalid progress bar: divided_monarchists_orleanist_progress_bar ]
  Script location: common/scripted_effects/00_victoria_scripted_effects.txt:2565

[23:22:19][jomini_script_system.cpp:247]: Script system error!
  Error: add_progress effect [ Invalid progress bar: divided_monarchists_legitimist_progress_bar ]
  Script location: common/scripted_effects/00_victoria_scripted_effects.txt:2576

[23:22:19][jomini_script_system.cpp:247]: Script system error!
  Error: add_progress effect [ Invalid progress bar: divided_monarchists_bonapartist_progress_bar ]
  Script location: common/scripted_effects/00_victoria_scripted_effects.txt:2619

[23:22:19][jomini_script_system.cpp:247]: Script system error!
  Error: add_progress effect [ Invalid progress bar: divided_monarchists_orleanist_progress_bar ]
  Script location: common/scripted_effects/00_victoria_scripted_effects.txt:2661

[23:22:19][jomini_script_system.cpp:247]: Script system error!
  Error: add_progress effect [ Invalid progress bar: divided_monarchists_legitimist_progress_bar ]
  Script location: common/scripted_effects/00_victoria_scripted_effects.txt:2703

[23:22:19][jomini_script_system.cpp:247]: Script system error!
  Error: add_progress effect [ Invalid progress bar: divided_monarchists_bonapartist_progress_bar ]
  Script location: common/scripted_effects/00_victoria_scripted_effects.txt:2422

[23:22:19][jomini_script_system.cpp:247]: Script system error!
  Error: add_progress effect [ Invalid progress bar: divided_monarchists_orleanist_progress_bar ]
  Script location: common/scripted_effects/00_victoria_scripted_effects.txt:2437

[23:22:19][jomini_script_system.cpp:247]: Script system error!
  Error: add_progress effect [ Invalid progress bar: divided_monarchists_legitimist_progress_bar ]
  Script location: common/scripted_effects/00_victoria_scripted_effects.txt:2452

[23:22:19][jomini_script_system.cpp:247]: Script system error!
  Error: add_progress effect [ Invalid progress bar: divided_monarchists_bonapartist_progress_bar ]
  Script location: common/scripted_effects/00_victoria_scripted_effects.txt:2471

[23:22:19][jomini_script_system.cpp:247]: Script system error!
  Error: add_progress effect [ Invalid progress bar: divided_monarchists_orleanist_progress_bar ]
  Script location: common/scripted_effects/00_victoria_scripted_effects.txt:2486

[23:22:19][jomini_script_system.cpp:247]: Script system error!
  Error: add_progress effect [ Invalid progress bar: divided_monarchists_legitimist_progress_bar ]
  Script location: common/scripted_effects/00_victoria_scripted_effects.txt:2501

[23:22:19][jomini_script_system.cpp:247]: Script system error!
  Error: add_progress effect [ Invalid progress bar: divided_monarchists_bonapartist_progress_bar ]
  Script location: common/scripted_effects/00_victoria_scripted_effects.txt:2517

[23:22:19][jomini_script_system.cpp:247]: Script system error!
  Error: add_progress effect [ Invalid progress bar: divided_monarchists_orleanist_progress_bar ]
  Script location: common/scripted_effects/00_victoria_scripted_effects.txt:2528

[23:22:19][jomini_script_system.cpp:247]: Script system error!
  Error: add_progress effect [ Invalid progress bar: divided_monarchists_legitimist_progress_bar ]
  Script location: common/scripted_effects/00_victoria_scripted_effects.txt:2539

[23:22:19][jomini_script_system.cpp:247]: Script system error!
  Error: add_progress effect [ Invalid progress bar: je_ip4_coup_progress_bar ]
  Script location: events/agitators_events/coup_events.txt:89

[23:22:19][jomini_script_system.cpp:247]: Script system error!
  Error: add_progress effect [ Invalid progress bar: je_ip4_coup_progress_bar ]
  Script location: events/agitators_events/coup_events.txt:95

[23:22:19][jomini_script_system.cpp:247]: Script system error!
  Error: add_progress effect [ Invalid progress bar: je_ip4_coup_progress_bar ]
  Script location: events/agitators_events/coup_events.txt:115

[23:22:19][jomini_script_system.cpp:247]: Script system error!
  Error: add_progress effect [ Invalid progress bar: je_ip4_coup_progress_bar ]
  Script location: events/agitators_events/coup_events.txt:121

[23:22:19][jomini_script_system.cpp:247]: Script system error!
  Error: add_progress effect [ Invalid progress bar: je_ip4_coup_progress_bar ]
  Script location: events/agitators_events/coup_events.txt:195

[23:22:19][jomini_script_system.cpp:247]: Script system error!
  Error: add_progress effect [ Invalid progress bar: je_ip4_coup_progress_bar ]
  Script location: events/agitators_events/coup_events.txt:269

[23:22:19][jomini_script_system.cpp:247]: Script system error!
  Error: add_progress effect [ Invalid progress bar: je_ip4_coup_progress_bar ]
  Script location: events/agitators_events/coup_events.txt:288

[23:22:19][jomini_script_system.cpp:247]: Script system error!
  Error: add_progress effect [ Invalid progress bar: je_ip4_coup_progress_bar ]
  Script location: events/agitators_events/coup_events.txt:358

[23:22:19][jomini_script_system.cpp:247]: Script system error!
  Error: add_progress effect [ Invalid progress bar: je_ip4_coup_progress_bar ]
  Script location: events/agitators_events/coup_events.txt:397

[23:22:19][jomini_script_system.cpp:247]: Script system error!
  Error: add_progress effect [ Invalid progress bar: je_ip4_coup_progress_bar ]
  Script location: events/agitators_events/coup_events.txt:460

[23:22:19][jomini_script_system.cpp:247]: Script system error!
  Error: add_progress effect [ Invalid progress bar: je_ip4_coup_progress_bar ]
  Script location: events/agitators_events/coup_events.txt:467

[23:22:19][jomini_script_system.cpp:247]: Script system error!
  Error: add_progress effect [ Invalid progress bar: je_ip4_coup_progress_bar ]
  Script location: events/agitators_events/coup_events.txt:526

[23:22:19][jomini_script_system.cpp:247]: Script system error!
  Error: add_progress effect [ Invalid progress bar: je_ip4_coup_progress_bar ]
  Script location: events/agitators_events/coup_events.txt:625

[23:22:19][jomini_script_system.cpp:247]: Script system error!
  Error: add_progress effect [ Invalid progress bar: je_ip4_coup_progress_bar ]
  Script location: events/agitators_events/coup_events.txt:639

[23:22:19][jomini_script_system.cpp:247]: Script system error!
  Error: add_progress effect [ Invalid progress bar: je_ip4_coup_progress_bar ]
  Script location: events/agitators_events/coup_events.txt:723

[23:22:19][jomini_script_system.cpp:247]: Script system error!
  Error: add_progress effect [ Invalid progress bar: je_ip4_coup_progress_bar ]
  Script location: events/agitators_events/coup_events.txt:807

[23:22:19][jomini_script_system.cpp:247]: Script system error!
  Error: add_progress effect [ Invalid progress bar: je_ip4_coup_progress_bar ]
  Script location: events/agitators_events/coup_events.txt:820

[23:22:19][jomini_script_system.cpp:247]: Script system error!
  Error: add_progress effect [ Invalid progress bar: je_ip4_coup_progress_bar ]
  Script location: events/agitators_events/coup_events.txt:890

[23:22:19][jomini_script_system.cpp:247]: Script system error!
  Error: add_progress effect [ Invalid progress bar: positivist_progress_bar ]
  Script location: events/brazil/positivism.txt:173

[23:22:19][jomini_script_system.cpp:247]: Script system error!
  Error: add_progress effect [ Invalid progress bar: positivist_progress_bar ]
  Script location: events/brazil/positivism.txt:206

[23:22:19][jomini_script_system.cpp:247]: Script system error!
  Error: add_progress effect [ Invalid progress bar: positivist_progress_bar ]
  Script location: events/brazil/positivism.txt:660

[23:22:19][jomini_script_system.cpp:247]: Script system error!
  Error: add_progress effect [ Invalid progress bar: positivist_progress_bar ]
  Script location: events/brazil/positivism.txt:677

[23:22:19][jomini_script_system.cpp:247]: Script system error!
  Error: add_progress effect [ Invalid progress bar: positivist_progress_bar ]
  Script location: events/brazil/positivism.txt:726

[23:22:19][jomini_script_system.cpp:247]: Script system error!
  Error: add_progress effect [ Invalid progress bar: positivist_progress_bar ]
  Script location: events/brazil/positivism.txt:748

[23:22:19][jomini_script_system.cpp:247]: Script system error!
  Error: add_progress effect [ Invalid progress bar: positivist_progress_bar ]
  Script location: events/brazil/positivism.txt:784

[23:22:19][jomini_script_system.cpp:247]: Script system error!
  Error: add_progress effect [ Invalid progress bar: positivist_progress_bar ]
  Script location: events/brazil/positivism.txt:843

[23:22:19][jomini_script_system.cpp:247]: Script system error!
  Error: add_progress effect [ Invalid progress bar: positivist_progress_bar ]
  Script location: events/brazil/positivism.txt:863

[23:22:19][jomini_script_system.cpp:247]: Script system error!
  Error: add_progress effect [ Invalid progress bar: positivist_progress_bar ]
  Script location: events/brazil/positivism.txt:938

[23:22:19][jomini_script_system.cpp:247]: Script system error!
  Error: add_progress effect [ Invalid progress bar: positivist_progress_bar ]
  Script location: events/brazil/positivism.txt:1010

[23:22:19][jomini_script_system.cpp:247]: Script system error!
  Error: add_progress effect [ Invalid progress bar: positivist_progress_bar ]
  Script location: events/brazil/positivism.txt:1035

[23:22:19][jomini_script_system.cpp:247]: Script system error!
  Error: add_progress effect [ Invalid progress bar: je_ip4_coup_progress_bar ]
  Script location: events/iberia_events/ip4_coup_events.txt:862

[23:22:19][jomini_script_system.cpp:247]: Script system error!
  Error: add_progress effect [ Invalid progress bar: earn_recognition_progress_bar ]
  Script location: common/on_actions/00_code_on_actions.txt:6536

[23:22:19][jomini_script_system.cpp:247]: Script system error!
  Error: add_progress effect [ Invalid progress bar: earn_recognition_progress_bar ]
  Script location: common/on_actions/00_code_on_actions.txt:6567

[23:22:19][jomini_script_system.cpp:247]: Script system error!
  Error: add_progress effect [ Invalid progress bar: austrian_neo_absolutism_constitutional_pressure_progress_bar ]
  Script location: common/on_actions/00_code_on_actions.txt:6614

[23:22:19][jomini_script_system.cpp:247]: Script system error!
  Error: add_progress effect [ Invalid progress bar: austrian_neo_absolutism_constitutional_pressure_progress_bar ]
  Script location: common/on_actions/00_code_on_actions.txt:6645

[23:22:19][jomini_script_system.cpp:247]: Script system error!
  Error: add_progress effect [ Invalid progress bar: je_the_first_carlist_war_score_bar ]
  Script location: common/on_actions/ip4_on_actions.txt:48

[23:22:19][jomini_script_system.cpp:247]: Script system error!
  Error: add_progress effect [ Invalid progress bar: je_the_first_carlist_war_score_bar ]
  Script location: common/on_actions/ip4_on_actions.txt:60

[23:22:19][jomini_script_system.cpp:247]: Script system error!
  Error: add_progress effect [ Invalid progress bar: je_caudillo_progress_bar ]
  Script location: common/scripted_buttons/caudillo_buttons.txt:19

[23:22:19][jomini_script_system.cpp:247]: Script system error!
  Error: set_bar_progress effect [ Invalid progress bar: bulgaria_military_progress_bar ]
  Script location: common/journal_entries/05_bulgaria_je.txt:46

[23:22:19][jomini_script_system.cpp:247]: Script system error!
  Error: set_bar_progress effect [ Invalid progress bar: montenegrin_raiding_progress_bar ]
  Script location: common/journal_entries/05_montenegro_je.txt:153

[23:22:19][jomini_script_system.cpp:247]: Script system error!
  Error: add_progress effect [ Invalid progress bar: divided_monarchists_orleanist_progress_bar ]
  Script location: common/journal_entries/99_toe_paido_national_integration.txt:85

[23:22:19][jomini_script_system.cpp:247]: Script system error!
  Error: add_progress effect [ Invalid progress bar: je_caudillo_progress_bar ]
  Script location: common/character_interactions/00_character_interactions.txt:713

[23:22:19][jomini_script_system.cpp:247]: Script system error!
  Error: add_progress effect [ Invalid progress bar: je_caudillo_progress_bar ]
  Script location: common/character_interactions/00_character_interactions.txt:723

[23:22:19][jomini_script_system.cpp:247]: Script system error!
  Error: create_political_movement effect [ type: Not found in database class CPoliticalMovementTypeDatabase ]
  Script location: common/history/political_movements/00_movements.txt:177

[23:22:20][route_graphics.cpp:904]: Unable to get valid state region from strip's lower anchor 1, LowerStateRegionID = 0
[23:22:20][route_graphics.cpp:908]: Unable to get valid state region from strip's upper anchor 2, UpperStateRegionID = 0
[23:22:20][route_graphics.cpp:886]: Strip between locators 39601 and 39902 connects state region to a non-adjacent one
[23:22:20][route_graphics.cpp:896]: Strip between locators 39601 and 39902 connects state region to a non-adjacent one
[23:22:20][route_graphics.cpp:904]: Unable to get valid state region from strip's lower anchor 1, LowerStateRegionID = 0
[23:22:20][route_graphics.cpp:904]: Unable to get valid state region from strip's lower anchor 1, LowerStateRegionID = 0
[23:22:20][route_graphics.cpp:886]: Strip between locators 13101 and 44401 connects state region to a non-adjacent one
[23:22:20][route_graphics.cpp:896]: Strip between locators 13101 and 44401 connects state region to a non-adjacent one
[23:22:20][route_graphics.cpp:886]: Strip between locators 13101 and 44403 connects state region to a non-adjacent one
[23:22:20][route_graphics.cpp:896]: Strip between locators 13101 and 44403 connects state region to a non-adjacent one
[23:22:20][route_graphics.cpp:886]: Strip between locators 17504 and 47901 connects state region to a non-adjacent one
[23:22:20][route_graphics.cpp:896]: Strip between locators 17504 and 47901 connects state region to a non-adjacent one
[23:22:20][route_graphics.cpp:821]: Strip between locators 6402 and 8395008 goes between anchors of different type (naval/land)
[23:22:20][route_graphics.cpp:821]: Strip between locators 73201 and 8395008 goes between anchors of different type (naval/land)
[23:22:20][route_graphics.cpp:821]: Strip between locators 7800 and 8396408 goes between anchors of different type (naval/land)
[23:22:20][route_graphics.cpp:821]: Strip between locators 21503 and 8396408 goes between anchors of different type (naval/land)
[23:22:20][route_graphics.cpp:821]: Strip between locators 18500 and 8407108 goes between anchors of different type (naval/land)
[23:22:20][route_graphics.cpp:821]: Strip between locators 18501 and 8407108 goes between anchors of different type (naval/land)
[23:22:20][route_graphics.cpp:821]: Strip between locators 30003 and 8418608 goes between anchors of different type (naval/land)
[23:22:20][route_graphics.cpp:821]: Strip between locators 32302 and 8420908 goes between anchors of different type (naval/land)
[23:22:20][route_graphics.cpp:821]: Strip between locators 42703 and 8431308 goes between anchors of different type (naval/land)
[23:22:20][route_graphics.cpp:821]: Strip between locators 40303 and 8441508 goes between anchors of different type (naval/land)
[23:22:20][route_graphics.cpp:821]: Strip between locators 52900 and 8441508 goes between anchors of different type (naval/land)
[23:22:20][route_graphics.cpp:821]: Strip between locators 52902 and 8441508 goes between anchors of different type (naval/land)
[23:22:20][fortification_graphics.cpp:373]: Fortification graphics: locator 0 is in a non-land province at (4385, 2943)
[23:22:20][fortification_graphics.cpp:373]: Fortification graphics: locator 1 is in a non-land province at (4453, 2944)
[23:22:20][fortification_graphics.cpp:373]: Fortification graphics: locator 2 is in a non-land province at (4359, 3002)
[23:22:20][fortification_graphics.cpp:391]: Fortification graphics: locator 3 is in a province at (4334, 3054) whose state region has graphical culture 'western' that does not have a corresponding entity for fortifications
[23:22:20][fortification_graphics.cpp:373]: Fortification graphics: locator 4 is in a non-land province at (5092, 3295)
[23:22:20][fortification_graphics.cpp:373]: Fortification graphics: locator 5 is in a non-land province at (4892, 3230)
[23:22:20][fortification_graphics.cpp:373]: Fortification graphics: locator 6 is in a non-land province at (4920, 3257)
[23:22:20][fortification_graphics.cpp:373]: Fortification graphics: locator 7 is in a non-land province at (4992, 3235)
[23:22:20][fortification_graphics.cpp:391]: Fortification graphics: locator 8 is in a province at (4862, 3415) whose state region has graphical culture 'western' that does not have a corresponding entity for fortifications
[23:22:20][fortification_graphics.cpp:391]: Fortification graphics: locator 9 is in a province at (4800, 3459) whose state region has graphical culture 'western' that does not have a corresponding entity for fortifications
[23:22:20][fortification_graphics.cpp:391]: Fortification graphics: locator 10 is in a province at (4422, 3343) whose state region has graphical culture 'western' that does not have a corresponding entity for fortifications
[23:22:20][fortification_graphics.cpp:391]: Fortification graphics: locator 11 is in a province at (4321, 3201) whose state region has graphical culture 'western' that does not have a corresponding entity for fortifications
[23:22:20][fortification_graphics.cpp:373]: Fortification graphics: locator 12 is in a non-land province at (4446, 2946)
[23:22:20][fortification_graphics.cpp:391]: Fortification graphics: locator 13 is in a province at (4317, 3201) whose state region has graphical culture 'western' that does not have a corresponding entity for fortifications
[23:22:20][fortification_graphics.cpp:391]: Fortification graphics: locator 14 is in a province at (4204, 3094) whose state region has graphical culture 'western' that does not have a corresponding entity for fortifications
[23:22:20][fortification_graphics.cpp:391]: Fortification graphics: locator 15 is in a province at (4209, 3082) whose state region has graphical culture 'western' that does not have a corresponding entity for fortifications
[23:22:20][fortification_graphics.cpp:391]: Fortification graphics: locator 16 is in a province at (4222, 3039) whose state region has graphical culture 'western' that does not have a corresponding entity for fortifications
[23:22:20][fortification_graphics.cpp:391]: Fortification graphics: locator 17 is in a province at (4286, 3014) whose state region has graphical culture 'western' that does not have a corresponding entity for fortifications
[23:22:20][fortification_graphics.cpp:391]: Fortification graphics: locator 18 is in a province at (4340, 3050) whose state region has graphical culture 'western' that does not have a corresponding entity for fortifications
[23:22:20][fortification_graphics.cpp:373]: Fortification graphics: locator 19 is in a non-land province at (4359, 2939)
[23:22:20][fortification_graphics.cpp:373]: Fortification graphics: locator 20 is in a non-land province at (4322, 2992)
[23:22:20][fortification_graphics.cpp:373]: Fortification graphics: locator 21 is in a non-land province at (4334, 2946)
[23:22:20][fortification_graphics.cpp:373]: Fortification graphics: locator 22 is in a non-land province at (4502, 3037)
[23:22:20][fortification_graphics.cpp:391]: Fortification graphics: locator 23 is in a province at (4651, 3234) whose state region has graphical culture 'western' that does not have a corresponding entity for fortifications
[23:22:20][fortification_graphics.cpp:373]: Fortification graphics: locator 24 is in a non-land province at (4645, 3016)
[23:22:20][fortification_graphics.cpp:391]: Fortification graphics: locator 25 is in a province at (4252, 2866) whose state region has graphical culture 'western' that does not have a corresponding entity for fortifications
[23:22:20][fortification_graphics.cpp:391]: Fortification graphics: locator 26 is in a province at (4263, 2869) whose state region has graphical culture 'western' that does not have a corresponding entity for fortifications
[23:22:20][fortification_graphics.cpp:373]: Fortification graphics: locator 27 is in a non-land province at (4331, 2889)
[23:22:20][fortification_graphics.cpp:373]: Fortification graphics: locator 28 is in a non-land province at (4179, 2797)
[23:22:20][fortification_graphics.cpp:373]: Fortification graphics: locator 29 is in a non-land province at (4154, 2788)
[23:22:20][fortification_graphics.cpp:373]: Fortification graphics: locator 30 is in a non-land province at (4133, 2782)
[23:22:20][fortification_graphics.cpp:373]: Fortification graphics: locator 31 is in a non-land province at (4132, 2759)
[23:22:20][fortification_graphics.cpp:373]: Fortification graphics: locator 32 is in a non-land province at (4101, 2746)
[23:22:20][fortification_graphics.cpp:373]: Fortification graphics: locator 33 is in a non-land province at (4057, 2745)
[23:22:20][fortification_graphics.cpp:373]: Fortification graphics: locator 34 is in a non-land province at (4069, 2777)
[23:22:20][fortification_graphics.cpp:373]: Fortification graphics: locator 35 is in a non-land province at (4115, 2786)
[23:22:20][fortification_graphics.cpp:391]: Fortification graphics: locator 36 is in a province at (3569, 3300) whose state region has graphical culture 'western' that does not have a corresponding entity for fortifications
[23:22:20][fortification_graphics.cpp:391]: Fortification graphics: locator 37 is in a province at (2910, 3221) whose state region has graphical culture 'western' that does not have a corresponding entity for fortifications
[23:22:20][fortification_graphics.cpp:373]: Fortification graphics: locator 38 is in a non-land province at (2875, 3415)
[23:22:20][fortification_graphics.cpp:391]: Fortification graphics: locator 39 is in a province at (3598, 3223) whose state region has graphical culture 'western' that does not have a corresponding entity for fortifications
[23:22:20][fortification_graphics.cpp:391]: Fortification graphics: locator 40 is in a province at (3941, 3140) whose state region has graphical culture 'western' that does not have a corresponding entity for fortifications
[23:22:20][fortification_graphics.cpp:391]: Fortification graphics: locator 41 is in a province at (4071, 3077) whose state region has graphical culture 'western' that does not have a corresponding entity for fortifications
[23:22:20][fortification_graphics.cpp:391]: Fortification graphics: locator 42 is in a province at (4027, 3044) whose state region has graphical culture 'western' that does not have a corresponding entity for fortifications
[23:22:20][fortification_graphics.cpp:373]: Fortification graphics: locator 43 is in a non-land province at (3938, 2914)
[23:22:20][fortification_graphics.cpp:373]: Fortification graphics: locator 44 is in a non-land province at (3903, 2906)
[23:22:20][fortification_graphics.cpp:373]: Fortification graphics: locator 45 is in a non-land province at (3885, 2850)
[23:22:20][fortification_graphics.cpp:373]: Fortification graphics: locator 46 is in a non-land province at (3908, 2812)
[23:22:20][fortification_graphics.cpp:373]: Fortification graphics: locator 47 is in a non-land province at (3936, 2823)
[23:22:20][fortification_graphics.cpp:373]: Fortification graphics: locator 48 is in a non-land province at (3981, 2761)
[23:22:20][fortification_graphics.cpp:373]: Fortification graphics: locator 49 is in a non-land province at (4029, 2798)
[23:22:20][fortification_graphics.cpp:373]: Fortification graphics: locator 50 is in a non-land province at (4013, 2800)
[23:22:20][fortification_graphics.cpp:373]: Fortification graphics: locator 51 is in a non-land province at (3982, 2807)
[23:22:20][fortification_graphics.cpp:373]: Fortification graphics: locator 52 is in a non-land province at (3955, 2854)
[23:22:20][fortification_graphics.cpp:373]: Fortification graphics: locator 53 is in a non-land province at (3956, 2859)
[23:22:20][fortification_graphics.cpp:373]: Fortification graphics: locator 54 is in a non-land province at (3967, 2900)
[23:22:20][fortification_graphics.cpp:373]: Fortification graphics: locator 55 is in a non-land province at (3991, 2882)
[23:22:20][fortification_graphics.cpp:391]: Fortification graphics: locator 56 is in a province at (4027, 2864) whose state region has graphical culture 'western' that does not have a corresponding entity for fortifications
[23:22:20][fortification_graphics.cpp:391]: Fortification graphics: locator 57 is in a province at (4003, 2991) whose state region has graphical culture 'western' that does not have a corresponding entity for fortifications
[23:22:20][fortification_graphics.cpp:391]: Fortification graphics: locator 58 is in a province at (4047, 2980) whose state region has graphical culture 'western' that does not have a corresponding entity for fortifications
[23:22:20][fortification_graphics.cpp:391]: Fortification graphics: locator 59 is in a province at (4022, 2940) whose state region has graphical culture 'western' that does not have a corresponding entity for fortifications
[23:22:20][fortification_graphics.cpp:391]: Fortification graphics: locator 60 is in a province at (4061, 2912) whose state region has graphical culture 'western' that does not have a corresponding entity for fortifications
[23:22:20][fortification_graphics.cpp:373]: Fortification graphics: locator 61 is in a non-land province at (4090, 2869)
[23:22:20][fortification_graphics.cpp:373]: Fortification graphics: locator 62 is in a non-land province at (4094, 2863)
[23:22:20][fortification_graphics.cpp:373]: Fortification graphics: locator 63 is in a non-land province at (4128, 2814)
[23:22:20][fortification_graphics.cpp:373]: Fortification graphics: locator 64 is in a non-land province at (4105, 2798)
[23:22:20][fortification_graphics.cpp:373]: Fortification graphics: locator 65 is in a non-land province at (4124, 2790)
[23:22:20][fortification_graphics.cpp:373]: Fortification graphics: locator 66 is in a non-land province at (4088, 2782)
[23:22:20][fortification_graphics.cpp:373]: Fortification graphics: locator 67 is in a non-land province at (4074, 2780)
[23:22:20][fortification_graphics.cpp:373]: Fortification graphics: locator 68 is in a non-land province at (4018, 2567)
[23:22:20][fortification_graphics.cpp:373]: Fortification graphics: locator 69 is in a non-land province at (4030, 2566)
[23:22:20][fortification_graphics.cpp:373]: Fortification graphics: locator 70 is in a non-land province at (4048, 2563)
[23:22:20][fortification_graphics.cpp:373]: Fortification graphics: locator 71 is in a non-land province at (3962, 2572)
[23:22:20][fortification_graphics.cpp:373]: Fortification graphics: locator 72 is in a non-land province at (4066, 2587)
[23:22:20][fortification_graphics.cpp:373]: Fortification graphics: locator 73 is in a non-land province at (3903, 2563)
[23:22:20][fortification_graphics.cpp:373]: Fortification graphics: locator 74 is in a non-land province at (3907, 2570)
[23:22:20][fortification_graphics.cpp:373]: Fortification graphics: locator 75 is in a non-land province at (3512, 2413)
[23:22:20][fortification_graphics.cpp:373]: Fortification graphics: locator 76 is in a non-land province at (3478, 2438)
[23:22:20][fortification_graphics.cpp:373]: Fortification graphics: locator 77 is in a non-land province at (3712, 2281)
[23:22:20][fortification_graphics.cpp:391]: Fortification graphics: locator 78 is in a province at (4677, 706) whose state region has graphical culture 'western' that does not have a corresponding entity for fortifications
[23:22:20][fortification_graphics.cpp:373]: Fortification graphics: locator 79 is in a non-land province at (4741, 738)
[23:22:20][fortification_graphics.cpp:373]: Fortification graphics: locator 80 is in a non-land province at (4599, 701)
[23:22:20][fortification_graphics.cpp:373]: Fortification graphics: locator 81 is in a non-land province at (5077, 1776)
[23:22:20][fortification_graphics.cpp:373]: Fortification graphics: locator 82 is in a non-land province at (5115, 1748)
[23:22:20][fortification_graphics.cpp:373]: Fortification graphics: locator 83 is in a non-land province at (5120, 1555)
[23:22:20][fortification_graphics.cpp:373]: Fortification graphics: locator 84 is in a non-land province at (5017, 1454)
[23:22:20][fortification_graphics.cpp:373]: Fortification graphics: locator 85 is in a non-land province at (5347, 1903)
[23:22:20][fortification_graphics.cpp:373]: Fortification graphics: locator 86 is in a non-land province at (5238, 2113)
[23:22:20][fortification_graphics.cpp:391]: Fortification graphics: locator 87 is in a province at (6271, 1639) whose state region has graphical culture 'western' that does not have a corresponding entity for fortifications
[23:22:20][fortification_graphics.cpp:391]: Fortification graphics: locator 88 is in a province at (6269, 1645) whose state region has graphical culture 'western' that does not have a corresponding entity for fortifications
[23:22:20][fortification_graphics.cpp:373]: Fortification graphics: locator 89 is in a non-land province at (6425, 1562)
[23:22:20][fortification_graphics.cpp:373]: Fortification graphics: locator 90 is in a non-land province at (6918, 1701)
[23:22:20][fortification_graphics.cpp:373]: Fortification graphics: locator 91 is in a non-land province at (6972, 1653)
[23:22:20][fortification_graphics.cpp:373]: Fortification graphics: locator 92 is in a non-land province at (6845, 1837)
[23:22:20][fortification_graphics.cpp:373]: Fortification graphics: locator 93 is in a non-land province at (6995, 1530)
[23:22:20][fortification_graphics.cpp:373]: Fortification graphics: locator 94 is in a non-land province at (7294, 1454)
[23:22:20][fortification_graphics.cpp:373]: Fortification graphics: locator 95 is in a non-land province at (7904, 1155)
[23:22:20][fortification_graphics.cpp:373]: Fortification graphics: locator 96 is in a non-land province at (7901, 984)
[23:22:20][fortification_graphics.cpp:373]: Fortification graphics: locator 97 is in a non-land province at (463, 2028)
[23:22:20][fortification_graphics.cpp:373]: Fortification graphics: locator 98 is in a non-land province at (545, 1973)
[23:22:20][fortification_graphics.cpp:373]: Fortification graphics: locator 99 is in a non-land province at (500, 2004)
[23:22:20][fortification_graphics.cpp:373]: Fortification graphics: locator 100 is in a non-land province at (7990, 1673)
[23:22:20][fortification_graphics.cpp:373]: Fortification graphics: locator 101 is in a non-land province at (7508, 1707)
[23:22:20][fortification_graphics.cpp:373]: Fortification graphics: locator 102 is in a non-land province at (7890, 1495)
[23:22:20][fortification_graphics.cpp:373]: Fortification graphics: locator 103 is in a non-land province at (835, 853)
[23:22:20][fortification_graphics.cpp:373]: Fortification graphics: locator 104 is in a non-land province at (211, 1187)
[23:22:20][fortification_graphics.cpp:373]: Fortification graphics: locator 105 is in a non-land province at (8161, 1095)
[23:22:20][fortification_graphics.cpp:373]: Fortification graphics: locator 106 is in a non-land province at (7875, 1005)
[23:22:20][fortification_graphics.cpp:373]: Fortification graphics: locator 107 is in a non-land province at (7637, 1357)
[23:22:20][fortification_graphics.cpp:373]: Fortification graphics: locator 108 is in a non-land province at (7417, 1400)
[23:22:20][fortification_graphics.cpp:373]: Fortification graphics: locator 109 is in a non-land province at (7446, 1297)
[23:22:20][fortification_graphics.cpp:373]: Fortification graphics: locator 110 is in a non-land province at (7086, 1491)
[23:22:20][fortification_graphics.cpp:373]: Fortification graphics: locator 111 is in a non-land province at (7019, 1429)
[23:22:20][fortification_graphics.cpp:373]: Fortification graphics: locator 112 is in a non-land province at (6998, 1526)
[23:22:20][fortification_graphics.cpp:373]: Fortification graphics: locator 113 is in a non-land province at (6935, 1541)
[23:22:20][fortification_graphics.cpp:373]: Fortification graphics: locator 114 is in a non-land province at (6817, 1394)
[23:22:20][fortification_graphics.cpp:373]: Fortification graphics: locator 115 is in a non-land province at (6843, 1897)
[23:22:20][fortification_graphics.cpp:373]: Fortification graphics: locator 116 is in a non-land province at (6840, 1842)
[23:22:20][fortification_graphics.cpp:373]: Fortification graphics: locator 117 is in a non-land province at (6394, 1802)
[23:22:20][fortification_graphics.cpp:373]: Fortification graphics: locator 118 is in a non-land province at (6696, 2026)
[23:22:20][fortification_graphics.cpp:373]: Fortification graphics: locator 119 is in a non-land province at (6840, 2140)
[23:22:20][fortification_graphics.cpp:373]: Fortification graphics: locator 120 is in a non-land province at (8141, 3230)
[23:22:20][fortification_graphics.cpp:373]: Fortification graphics: locator 121 is in a non-land province at (7802, 2958)
[23:22:20][fortification_graphics.cpp:373]: Fortification graphics: locator 122 is in a non-land province at (7349, 3050)
[23:22:20][fortification_graphics.cpp:373]: Fortification graphics: locator 123 is in a non-land province at (7315, 2854)
[23:22:20][fortification_graphics.cpp:373]: Fortification graphics: locator 124 is in a non-land province at (7101, 2554)
[23:22:20][fortification_graphics.cpp:373]: Fortification graphics: locator 125 is in a non-land province at (7102, 2558)
[23:22:20][fortification_graphics.cpp:373]: Fortification graphics: locator 126 is in a non-land province at (7052, 2511)
[23:22:20][fortification_graphics.cpp:373]: Fortification graphics: locator 127 is in a non-land province at (7049, 2290)
[23:22:20][fortification_graphics.cpp:373]: Fortification graphics: locator 128 is in a non-land province at (2766, 689)
[23:22:20][fortification_graphics.cpp:373]: Fortification graphics: locator 129 is in a non-land province at (2765, 704)
[23:22:20][fortification_graphics.cpp:373]: Fortification graphics: locator 130 is in a non-land province at (2777, 696)
[23:22:20][fortification_graphics.cpp:373]: Fortification graphics: locator 131 is in a non-land province at (3145, 1446)
[23:22:20][fortification_graphics.cpp:373]: Fortification graphics: locator 132 is in a non-land province at (2990, 1477)
[23:22:20][fortification_graphics.cpp:391]: Fortification graphics: locator 133 is in a province at (2438, 2509) whose state region has graphical culture 'western' that does not have a corresponding entity for fortifications
[23:22:20][fortification_graphics.cpp:373]: Fortification graphics: locator 134 is in a non-land province at (2273, 2016)
[23:22:20][fortification_graphics.cpp:391]: Fortification graphics: locator 135 is in a province at (2240, 2215) whose state region has graphical culture 'western' that does not have a corresponding entity for fortifications
[23:22:20][fortification_graphics.cpp:391]: Fortification graphics: locator 136 is in a province at (2334, 2093) whose state region has graphical culture 'western' that does not have a corresponding entity for fortifications
[23:22:20][fortification_graphics.cpp:391]: Fortification graphics: locator 137 is in a province at (2222, 2048) whose state region has graphical culture 'western' that does not have a corresponding entity for fortifications
[23:22:20][fortification_graphics.cpp:373]: Fortification graphics: locator 138 is in a non-land province at (2208, 2044)
[23:22:20][fortification_graphics.cpp:391]: Fortification graphics: locator 139 is in a province at (2264, 2023) whose state region has graphical culture 'western' that does not have a corresponding entity for fortifications
[23:22:21][fortification_graphics.cpp:391]: Fortification graphics: locator 140 is in a province at (2342, 1933) whose state region has graphical culture 'western' that does not have a corresponding entity for fortifications
[23:22:21][fortification_graphics.cpp:373]: Fortification graphics: locator 141 is in a non-land province at (5216, 2221)
[23:22:21][fortification_graphics.cpp:391]: Fortification graphics: locator 142 is in a province at (2381, 1972) whose state region has graphical culture 'western' that does not have a corresponding entity for fortifications
[23:22:21][fortification_graphics.cpp:391]: Fortification graphics: locator 143 is in a province at (2369, 1973) whose state region has graphical culture 'western' that does not have a corresponding entity for fortifications
[23:22:21][fortification_graphics.cpp:391]: Fortification graphics: locator 144 is in a province at (2341, 1922) whose state region has graphical culture 'western' that does not have a corresponding entity for fortifications
[23:22:21][fortification_graphics.cpp:391]: Fortification graphics: locator 145 is in a province at (2593, 1935) whose state region has graphical culture 'western' that does not have a corresponding entity for fortifications
[23:22:21][fortification_graphics.cpp:391]: Fortification graphics: locator 146 is in a province at (2588, 1936) whose state region has graphical culture 'western' that does not have a corresponding entity for fortifications
[23:22:21][fortification_graphics.cpp:391]: Fortification graphics: locator 147 is in a province at (2505, 1938) whose state region has graphical culture 'western' that does not have a corresponding entity for fortifications
[23:22:21][fortification_graphics.cpp:391]: Fortification graphics: locator 148 is in a province at (2446, 1937) whose state region has graphical culture 'western' that does not have a corresponding entity for fortifications
[23:22:21][fortification_graphics.cpp:391]: Fortification graphics: locator 149 is in a province at (2426, 1968) whose state region has graphical culture 'western' that does not have a corresponding entity for fortifications
[23:22:21][fortification_graphics.cpp:391]: Fortification graphics: locator 150 is in a province at (2453, 1963) whose state region has graphical culture 'western' that does not have a corresponding entity for fortifications
[23:22:21][fortification_graphics.cpp:391]: Fortification graphics: locator 151 is in a province at (2673, 2296) whose state region has graphical culture 'western' that does not have a corresponding entity for fortifications
[23:22:21][fortification_graphics.cpp:391]: Fortification graphics: locator 152 is in a province at (2658, 2280) whose state region has graphical culture 'western' that does not have a corresponding entity for fortifications
[23:22:21][fortification_graphics.cpp:391]: Fortification graphics: locator 153 is in a province at (2026, 3187) whose state region has graphical culture 'western' that does not have a corresponding entity for fortifications
[23:22:21][fortification_graphics.cpp:391]: Fortification graphics: locator 154 is in a province at (1949, 3030) whose state region has graphical culture 'western' that does not have a corresponding entity for fortifications
[23:22:21][fortification_graphics.cpp:391]: Fortification graphics: locator 155 is in a province at (1985, 2979) whose state region has graphical culture 'western' that does not have a corresponding entity for fortifications
[23:22:21][fortification_graphics.cpp:391]: Fortification graphics: locator 156 is in a province at (2260, 2796) whose state region has graphical culture 'western' that does not have a corresponding entity for fortifications
[23:22:21][fortification_graphics.cpp:391]: Fortification graphics: locator 157 is in a province at (2878, 2708) whose state region has graphical culture 'western' that does not have a corresponding entity for fortifications
[23:22:21][fortification_graphics.cpp:373]: Fortification graphics: locator 158 is in a non-land province at (2893, 2688)
[23:22:21][fortification_graphics.cpp:391]: Fortification graphics: locator 159 is in a province at (2626, 2724) whose state region has graphical culture 'western' that does not have a corresponding entity for fortifications
[23:22:21][fortification_graphics.cpp:391]: Fortification graphics: locator 160 is in a province at (2485, 2672) whose state region has graphical culture 'western' that does not have a corresponding entity for fortifications
[23:22:21][fortification_graphics.cpp:391]: Fortification graphics: locator 161 is in a province at (2721, 2648) whose state region has graphical culture 'western' that does not have a corresponding entity for fortifications
[23:22:21][fortification_graphics.cpp:391]: Fortification graphics: locator 162 is in a province at (2636, 2598) whose state region has graphical culture 'western' that does not have a corresponding entity for fortifications
[23:22:21][fortification_graphics.cpp:391]: Fortification graphics: locator 163 is in a province at (2504, 2578) whose state region has graphical culture 'western' that does not have a corresponding entity for fortifications
[23:22:21][fortification_graphics.cpp:391]: Fortification graphics: locator 164 is in a province at (2483, 2556) whose state region has graphical culture 'western' that does not have a corresponding entity for fortifications
[23:22:21][fortification_graphics.cpp:391]: Fortification graphics: locator 165 is in a province at (2486, 2526) whose state region has graphical culture 'western' that does not have a corresponding entity for fortifications
[23:22:21][fortification_graphics.cpp:391]: Fortification graphics: locator 166 is in a province at (2483, 2533) whose state region has graphical culture 'western' that does not have a corresponding entity for fortifications
[23:22:21][fortification_graphics.cpp:391]: Fortification graphics: locator 167 is in a province at (2467, 2515) whose state region has graphical culture 'western' that does not have a corresponding entity for fortifications
[23:22:21][fortification_graphics.cpp:391]: Fortification graphics: locator 168 is in a province at (2415, 2495) whose state region has graphical culture 'western' that does not have a corresponding entity for fortifications
[23:22:21][fortification_graphics.cpp:391]: Fortification graphics: locator 169 is in a province at (2409, 2484) whose state region has graphical culture 'western' that does not have a corresponding entity for fortifications
[23:22:21][fortification_graphics.cpp:391]: Fortification graphics: locator 170 is in a province at (2376, 2458) whose state region has graphical culture 'western' that does not have a corresponding entity for fortifications
[23:22:21][fortification_graphics.cpp:391]: Fortification graphics: locator 171 is in a province at (2385, 2440) whose state region has graphical culture 'western' that does not have a corresponding entity for fortifications
[23:22:21][fortification_graphics.cpp:391]: Fortification graphics: locator 172 is in a province at (2353, 2446) whose state region has graphical culture 'western' that does not have a corresponding entity for fortifications
[23:22:21][fortification_graphics.cpp:391]: Fortification graphics: locator 173 is in a province at (2356, 2423) whose state region has graphical culture 'western' that does not have a corresponding entity for fortifications
[23:22:21][fortification_graphics.cpp:391]: Fortification graphics: locator 174 is in a province at (2364, 2390) whose state region has graphical culture 'western' that does not have a corresponding entity for fortifications
[23:22:21][fortification_graphics.cpp:391]: Fortification graphics: locator 175 is in a province at (2346, 2335) whose state region has graphical culture 'western' that does not have a corresponding entity for fortifications
[23:22:21][fortification_graphics.cpp:391]: Fortification graphics: locator 176 is in a province at (2318, 2316) whose state region has graphical culture 'western' that does not have a corresponding entity for fortifications
[23:22:21][fortification_graphics.cpp:391]: Fortification graphics: locator 177 is in a province at (2246, 2259) whose state region has graphical culture 'western' that does not have a corresponding entity for fortifications
[23:22:21][fortification_graphics.cpp:391]: Fortification graphics: locator 178 is in a province at (2272, 2281) whose state region has graphical culture 'western' that does not have a corresponding entity for fortifications
[23:22:21][fortification_graphics.cpp:373]: Fortification graphics: locator 179 is in a non-land province at (2108, 2227)
[23:22:21][fortification_graphics.cpp:373]: Fortification graphics: locator 180 is in a non-land province at (2087, 2224)
[23:22:21][fortification_graphics.cpp:373]: Fortification graphics: locator 181 is in a non-land province at (2042, 2195)
[23:22:21][fortification_graphics.cpp:373]: Fortification graphics: locator 182 is in a non-land province at (2046, 2213)
[23:22:21][fortification_graphics.cpp:373]: Fortification graphics: locator 183 is in a non-land province at (1934, 2197)
[23:22:21][fortification_graphics.cpp:373]: Fortification graphics: locator 184 is in a non-land province at (1864, 2031)
[23:22:21][fortification_graphics.cpp:373]: Fortification graphics: locator 185 is in a non-land province at (1895, 1969)
[23:22:21][fortification_graphics.cpp:373]: Fortification graphics: locator 186 is in a non-land province at (1939, 1934)
[23:22:21][fortification_graphics.cpp:373]: Fortification graphics: locator 187 is in a non-land province at (2006, 1942)
[23:22:21][fortification_graphics.cpp:373]: Fortification graphics: locator 188 is in a non-land province at (2090, 1919)
[23:22:21][fortification_graphics.cpp:391]: Fortification graphics: locator 189 is in a province at (2121, 1872) whose state region has graphical culture 'western' that does not have a corresponding entity for fortifications
[23:22:21][fortification_graphics.cpp:391]: Fortification graphics: locator 190 is in a province at (2187, 1786) whose state region has graphical culture 'western' that does not have a corresponding entity for fortifications
[23:22:21][fortification_graphics.cpp:391]: Fortification graphics: locator 191 is in a province at (2199, 1742) whose state region has graphical culture 'western' that does not have a corresponding entity for fortifications
[23:22:21][fortification_graphics.cpp:373]: Fortification graphics: locator 192 is in a non-land province at (2408, 1768)
[23:22:21][fortification_graphics.cpp:391]: Fortification graphics: locator 193 is in a province at (2376, 1752) whose state region has graphical culture 'western' that does not have a corresponding entity for fortifications
[23:22:21][fortification_graphics.cpp:373]: Fortification graphics: locator 194 is in a non-land province at (2467, 1758)
[23:22:21][fortification_graphics.cpp:373]: Fortification graphics: locator 195 is in a non-land province at (2622, 1744)
[23:22:21][fortification_graphics.cpp:373]: Fortification graphics: locator 196 is in a non-land province at (2528, 1788)
[23:22:21][fortification_graphics.cpp:373]: Fortification graphics: locator 197 is in a non-land province at (2691, 1879)
[23:22:21][fortification_graphics.cpp:373]: Fortification graphics: locator 198 is in a non-land province at (2705, 1845)
[23:22:21][fortification_graphics.cpp:373]: Fortification graphics: locator 199 is in a non-land province at (2693, 1756)
[23:22:21][fortification_graphics.cpp:373]: Fortification graphics: locator 200 is in a non-land province at (2770, 1670)
[23:22:21][fortification_graphics.cpp:373]: Fortification graphics: locator 201 is in a non-land province at (2785, 1659)
[23:22:21][fortification_graphics.cpp:373]: Fortification graphics: locator 202 is in a non-land province at (2944, 1514)
[23:22:21][fortification_graphics.cpp:373]: Fortification graphics: locator 203 is in a non-land province at (3090, 1456)
[23:22:21][fortification_graphics.cpp:373]: Fortification graphics: locator 204 is in a non-land province at (3167, 1446)
[23:22:21][fortification_graphics.cpp:373]: Fortification graphics: locator 205 is in a non-land province at (3255, 1397)
[23:22:21][fortification_graphics.cpp:373]: Fortification graphics: locator 206 is in a non-land province at (3301, 1329)
[23:22:21][fortification_graphics.cpp:373]: Fortification graphics: locator 207 is in a non-land province at (3251, 1260)
[23:22:21][fortification_graphics.cpp:373]: Fortification graphics: locator 208 is in a non-land province at (3219, 1215)
[23:22:21][fortification_graphics.cpp:373]: Fortification graphics: locator 209 is in a non-land province at (3206, 1173)
[23:22:21][fortification_graphics.cpp:373]: Fortification graphics: locator 210 is in a non-land province at (3170, 1031)
[23:22:21][fortification_graphics.cpp:373]: Fortification graphics: locator 211 is in a non-land province at (3113, 978)
[23:22:21][fortification_graphics.cpp:373]: Fortification graphics: locator 212 is in a non-land province at (3042, 956)
[23:22:21][fortification_graphics.cpp:373]: Fortification graphics: locator 213 is in a non-land province at (2990, 912)
[23:22:21][fortification_graphics.cpp:373]: Fortification graphics: locator 214 is in a non-land province at (2992, 870)
[23:22:21][fortification_graphics.cpp:373]: Fortification graphics: locator 215 is in a non-land province at (2908, 754)
[23:22:21][fortification_graphics.cpp:373]: Fortification graphics: locator 216 is in a non-land province at (2845, 683)
[23:22:21][fortification_graphics.cpp:373]: Fortification graphics: locator 217 is in a non-land province at (2814, 683)
[23:22:21][fortification_graphics.cpp:373]: Fortification graphics: locator 218 is in a non-land province at (2785, 605)
[23:22:21][fortification_graphics.cpp:373]: Fortification graphics: locator 219 is in a non-land province at (2553, 280)
[23:22:21][fortification_graphics.cpp:373]: Fortification graphics: locator 220 is in a non-land province at (2721, 204)
[23:22:21][fortification_graphics.cpp:373]: Fortification graphics: locator 221 is in a non-land province at (2432, 502)
[23:22:21][fortification_graphics.cpp:373]: Fortification graphics: locator 222 is in a non-land province at (2426, 560)
[23:22:21][fortification_graphics.cpp:373]: Fortification graphics: locator 223 is in a non-land province at (2465, 729)
[23:22:21][fortification_graphics.cpp:373]: Fortification graphics: locator 224 is in a non-land province at (2487, 915)
[23:22:21][fortification_graphics.cpp:373]: Fortification graphics: locator 225 is in a non-land province at (2498, 1057)
[23:22:21][fortification_graphics.cpp:373]: Fortification graphics: locator 226 is in a non-land province at (2460, 1119)
[23:22:21][fortification_graphics.cpp:373]: Fortification graphics: locator 227 is in a non-land province at (2394, 1153)
[23:22:21][fortification_graphics.cpp:373]: Fortification graphics: locator 228 is in a non-land province at (2337, 1236)
[23:22:21][fortification_graphics.cpp:391]: Fortification graphics: locator 229 is in a province at (2273, 1356) whose state region has graphical culture 'western' that does not have a corresponding entity for fortifications
[23:22:21][fortification_graphics.cpp:391]: Fortification graphics: locator 230 is in a province at (2287, 1535) whose state region has graphical culture 'western' that does not have a corresponding entity for fortifications
[23:22:21][fortification_graphics.cpp:391]: Fortification graphics: locator 231 is in a province at (2335, 1600) whose state region has graphical culture 'western' that does not have a corresponding entity for fortifications
[23:22:21][fortification_graphics.cpp:391]: Fortification graphics: locator 232 is in a province at (2273, 1723) whose state region has graphical culture 'western' that does not have a corresponding entity for fortifications
[23:22:21][fortification_graphics.cpp:391]: Fortification graphics: locator 233 is in a province at (2277, 1712) whose state region has graphical culture 'western' that does not have a corresponding entity for fortifications
[23:22:21][fortification_graphics.cpp:391]: Fortification graphics: locator 234 is in a province at (2051, 1822) whose state region has graphical culture 'western' that does not have a corresponding entity for fortifications
[23:22:21][fortification_graphics.cpp:373]: Fortification graphics: locator 235 is in a non-land province at (1962, 1875)
[23:22:21][fortification_graphics.cpp:373]: Fortification graphics: locator 236 is in a non-land province at (1920, 1879)
[23:22:21][fortification_graphics.cpp:373]: Fortification graphics: locator 237 is in a non-land province at (1826, 1897)
[23:22:21][fortification_graphics.cpp:373]: Fortification graphics: locator 238 is in a non-land province at (1693, 1992)
[23:22:21][fortification_graphics.cpp:373]: Fortification graphics: locator 239 is in a non-land province at (1693, 2013)
[23:22:21][fortification_graphics.cpp:373]: Fortification graphics: locator 240 is in a non-land province at (1603, 2111)
[23:22:21][fortification_graphics.cpp:373]: Fortification graphics: locator 241 is in a non-land province at (1568, 2164)
[23:22:21][fortification_graphics.cpp:373]: Fortification graphics: locator 242 is in a non-land province at (1453, 2228)
[23:22:21][fortification_graphics.cpp:373]: Fortification graphics: locator 243 is in a non-land province at (1400, 2310)
[23:22:21][fortification_graphics.cpp:391]: Fortification graphics: locator 244 is in a province at (1305, 2416) whose state region has graphical culture 'western' that does not have a corresponding entity for fortifications
[23:22:21][fortification_graphics.cpp:391]: Fortification graphics: locator 245 is in a province at (1300, 2419) whose state region has graphical culture 'western' that does not have a corresponding entity for fortifications
[23:22:21][fortification_graphics.cpp:373]: Fortification graphics: locator 246 is in a non-land province at (1272, 2643)
[23:22:21][fortification_graphics.cpp:373]: Fortification graphics: locator 247 is in a non-land province at (1295, 2698)
[23:22:21][fortification_graphics.cpp:373]: Fortification graphics: locator 248 is in a non-land province at (1283, 2711)
[23:22:21][fortification_graphics.cpp:373]: Fortification graphics: locator 249 is in a non-land province at (1054, 2980)
[23:22:21][fortification_graphics.cpp:373]: Fortification graphics: locator 250 is in a non-land province at (649, 3091)
[23:22:21][fortification_graphics.cpp:373]: Fortification graphics: locator 251 is in a non-land province at (689, 3072)
[23:22:21][fortification_graphics.cpp:373]: Fortification graphics: locator 252 is in a non-land province at (7315, 2510)
[23:22:21][fortification_graphics.cpp:373]: Fortification graphics: locator 253 is in a non-land province at (7359, 2735)
[23:22:21][fortification_graphics.cpp:373]: Fortification graphics: locator 254 is in a non-land province at (7356, 2657)
[23:22:21][fortification_graphics.cpp:373]: Fortification graphics: locator 255 is in a non-land province at (7306, 2523)
[23:22:21][fortification_graphics.cpp:373]: Fortification graphics: locator 256 is in a non-land province at (7320, 2442)
[23:22:21][fortification_graphics.cpp:373]: Fortification graphics: locator 257 is in a non-land province at (7283, 2351)
[23:22:21][fortification_graphics.cpp:373]: Fortification graphics: locator 258 is in a non-land province at (7282, 2341)
[23:22:21][fortification_graphics.cpp:373]: Fortification graphics: locator 259 is in a non-land province at (7214, 2329)
[23:22:21][fortification_graphics.cpp:373]: Fortification graphics: locator 260 is in a non-land province at (7178, 2361)
[23:22:21][fortification_graphics.cpp:373]: Fortification graphics: locator 261 is in a non-land province at (7173, 2333)
[23:22:21][fortification_graphics.cpp:373]: Fortification graphics: locator 262 is in a non-land province at (7162, 2320)
[23:22:21][fortification_graphics.cpp:373]: Fortification graphics: locator 263 is in a non-land province at (7175, 2319)
[23:22:21][fortification_graphics.cpp:373]: Fortification graphics: locator 264 is in a non-land province at (7125, 2318)
[23:22:21][fortification_graphics.cpp:373]: Fortification graphics: locator 265 is in a non-land province at (7114, 2319)
[23:22:21][fortification_graphics.cpp:373]: Fortification graphics: locator 266 is in a non-land province at (7010, 2125)
[23:22:21][fortification_graphics.cpp:373]: Fortification graphics: locator 267 is in a non-land province at (7054, 2281)
[23:22:21][fortification_graphics.cpp:373]: Fortification graphics: locator 268 is in a non-land province at (7080, 2318)
[23:22:21][fortification_graphics.cpp:373]: Fortification graphics: locator 269 is in a non-land province at (7040, 2348)
[23:22:21][fortification_graphics.cpp:373]: Fortification graphics: locator 270 is in a non-land province at (6987, 2303)
[23:22:21][fortification_graphics.cpp:373]: Fortification graphics: locator 271 is in a non-land province at (6980, 2321)
[23:22:21][fortification_graphics.cpp:373]: Fortification graphics: locator 272 is in a non-land province at (6975, 2412)
[23:22:21][fortification_graphics.cpp:373]: Fortification graphics: locator 273 is in a non-land province at (6965, 2416)
[23:22:21][fortification_graphics.cpp:373]: Fortification graphics: locator 274 is in a non-land province at (6872, 2501)
[23:22:21][fortification_graphics.cpp:373]: Fortification graphics: locator 275 is in a non-land province at (6859, 2443)
[23:22:21][fortification_graphics.cpp:373]: Fortification graphics: locator 276 is in a non-land province at (6856, 2440)
[23:22:21][fortification_graphics.cpp:373]: Fortification graphics: locator 277 is in a non-land province at (6776, 2453)
[23:22:21][fortification_graphics.cpp:373]: Fortification graphics: locator 278 is in a non-land province at (6775, 2448)
[23:22:21][fortification_graphics.cpp:373]: Fortification graphics: locator 279 is in a non-land province at (6775, 2432)
[23:22:21][fortification_graphics.cpp:373]: Fortification graphics: locator 280 is in a non-land province at (6870, 2407)
[23:22:21][fortification_graphics.cpp:373]: Fortification graphics: locator 281 is in a non-land province at (6838, 2371)
[23:22:21][fortification_graphics.cpp:373]: Fortification graphics: locator 282 is in a non-land province at (6835, 2367)
[23:22:21][fortification_graphics.cpp:373]: Fortification graphics: locator 283 is in a non-land province at (6829, 2327)
[23:22:21][fortification_graphics.cpp:373]: Fortification graphics: locator 284 is in a non-land province at (6868, 2265)
[23:22:21][fortification_graphics.cpp:373]: Fortification graphics: locator 285 is in a non-land province at (6860, 2257)
[23:22:21][fortification_graphics.cpp:373]: Fortification graphics: locator 286 is in a non-land province at (6865, 2215)
[23:22:21][fortification_graphics.cpp:373]: Fortification graphics: locator 287 is in a non-land province at (6871, 2171)
[23:22:21][fortification_graphics.cpp:373]: Fortification graphics: locator 288 is in a non-land province at (6798, 2082)
[23:22:21][fortification_graphics.cpp:373]: Fortification graphics: locator 289 is in a non-land province at (6681, 2037)
[23:22:21][fortification_graphics.cpp:373]: Fortification graphics: locator 290 is in a non-land province at (6681, 2027)
[23:22:21][fortification_graphics.cpp:373]: Fortification graphics: locator 291 is in a non-land province at (6568, 2012)
[23:22:21][fortification_graphics.cpp:373]: Fortification graphics: locator 292 is in a non-land province at (6611, 1973)
[23:22:21][fortification_graphics.cpp:373]: Fortification graphics: locator 293 is in a non-land province at (6530, 1987)
[23:22:21][fortification_graphics.cpp:373]: Fortification graphics: locator 294 is in a non-land province at (6548, 1891)
[23:22:21][fortification_graphics.cpp:373]: Fortification graphics: locator 295 is in a non-land province at (6562, 1880)
[23:22:21][fortification_graphics.cpp:373]: Fortification graphics: locator 296 is in a non-land province at (6537, 1748)
[23:22:21][fortification_graphics.cpp:373]: Fortification graphics: locator 297 is in a non-land province at (6466, 1742)
[23:22:21][fortification_graphics.cpp:373]: Fortification graphics: locator 298 is in a non-land province at (6376, 1811)
[23:22:21][fortification_graphics.cpp:373]: Fortification graphics: locator 299 is in a non-land province at (6851, 1848)
[23:22:21][fortification_graphics.cpp:373]: Fortification graphics: locator 300 is in a non-land province at (6921, 1746)
[23:22:21][fortification_graphics.cpp:373]: Fortification graphics: locator 301 is in a non-land province at (6878, 1669)
[23:22:21][fortification_graphics.cpp:373]: Fortification graphics: locator 302 is in a non-land province at (6742, 1649)
[23:22:21][fortification_graphics.cpp:373]: Fortification graphics: locator 303 is in a non-land province at (6611, 1549)
[23:22:21][fortification_graphics.cpp:373]: Fortification graphics: locator 304 is in a non-land province at (6716, 1626)
[23:22:21][fortification_graphics.cpp:373]: Fortification graphics: locator 305 is in a non-land province at (6603, 1475)
[23:22:21][fortification_graphics.cpp:373]: Fortification graphics: locator 306 is in a non-land province at (6761, 1484)
[23:22:21][fortification_graphics.cpp:373]: Fortification graphics: locator 307 is in a non-land province at (6722, 1313)
[23:22:21][fortification_graphics.cpp:373]: Fortification graphics: locator 308 is in a non-land province at (6740, 1317)
[23:22:21][fortification_graphics.cpp:373]: Fortification graphics: locator 309 is in a non-land province at (6669, 1337)
[23:22:21][fortification_graphics.cpp:373]: Fortification graphics: locator 310 is in a non-land province at (6666, 1351)
[23:22:21][fortification_graphics.cpp:373]: Fortification graphics: locator 311 is in a non-land province at (6616, 1357)
[23:22:21][fortification_graphics.cpp:373]: Fortification graphics: locator 312 is in a non-land province at (6528, 1372)
[23:22:21][fortification_graphics.cpp:373]: Fortification graphics: locator 313 is in a non-land province at (6517, 1373)
[23:22:21][fortification_graphics.cpp:373]: Fortification graphics: locator 314 is in a non-land province at (6493, 1380)
[23:22:21][fortification_graphics.cpp:373]: Fortification graphics: locator 315 is in a non-land province at (6464, 1544)
[23:22:21][fortification_graphics.cpp:373]: Fortification graphics: locator 316 is in a non-land province at (6461, 1539)
[23:22:21][fortification_graphics.cpp:373]: Fortification graphics: locator 317 is in a non-land province at (6331, 1821)
[23:22:21][fortification_graphics.cpp:373]: Fortification graphics: locator 318 is in a non-land province at (6314, 1893)
[23:22:21][fortification_graphics.cpp:391]: Fortification graphics: locator 319 is in a province at (6227, 1956) whose state region has graphical culture 'western' that does not have a corresponding entity for fortifications
[23:22:21][fortification_graphics.cpp:391]: Fortification graphics: locator 320 is in a province at (6189, 2025) whose state region has graphical culture 'western' that does not have a corresponding entity for fortifications
[23:22:21][fortification_graphics.cpp:391]: Fortification graphics: locator 321 is in a province at (6106, 2016) whose state region has graphical culture 'western' that does not have a corresponding entity for fortifications
[23:22:21][fortification_graphics.cpp:391]: Fortification graphics: locator 322 is in a province at (6078, 2008) whose state region has graphical culture 'western' that does not have a corresponding entity for fortifications
[23:22:21][fortification_graphics.cpp:391]: Fortification graphics: locator 323 is in a province at (5948, 1886) whose state region has graphical culture 'western' that does not have a corresponding entity for fortifications
[23:22:21][fortification_graphics.cpp:391]: Fortification graphics: locator 324 is in a province at (5916, 1790) whose state region has graphical culture 'western' that does not have a corresponding entity for fortifications
[23:22:21][fortification_graphics.cpp:391]: Fortification graphics: locator 325 is in a province at (5945, 1709) whose state region has graphical culture 'western' that does not have a corresponding entity for fortifications
[23:22:21][fortification_graphics.cpp:391]: Fortification graphics: locator 326 is in a province at (5929, 1648) whose state region has graphical culture 'western' that does not have a corresponding entity for fortifications
[23:22:21][fortification_graphics.cpp:391]: Fortification graphics: locator 327 is in a province at (5916, 1666) whose state region has graphical culture 'western' that does not have a corresponding entity for fortifications
[23:22:21][fortification_graphics.cpp:373]: Fortification graphics: locator 328 is in a non-land province at (5834, 1738)
[23:22:21][fortification_graphics.cpp:373]: Fortification graphics: locator 329 is in a non-land province at (5825, 1762)
[23:22:21][fortification_graphics.cpp:373]: Fortification graphics: locator 330 is in a non-land province at (5801, 1806)
[23:22:21][fortification_graphics.cpp:373]: Fortification graphics: locator 331 is in a non-land province at (5783, 1854)
[23:22:21][fortification_graphics.cpp:373]: Fortification graphics: locator 332 is in a non-land province at (5764, 1911)
[23:22:21][fortification_graphics.cpp:373]: Fortification graphics: locator 333 is in a non-land province at (5762, 1917)
[23:22:21][fortification_graphics.cpp:373]: Fortification graphics: locator 334 is in a non-land province at (5754, 1996)
[23:22:21][fortification_graphics.cpp:373]: Fortification graphics: locator 335 is in a non-land province at (5713, 1991)
[23:22:21][fortification_graphics.cpp:373]: Fortification graphics: locator 336 is in a non-land province at (5673, 2041)
[23:22:21][fortification_graphics.cpp:373]: Fortification graphics: locator 337 is in a non-land province at (5625, 2088)
[23:22:21][fortification_graphics.cpp:373]: Fortification graphics: locator 338 is in a non-land province at (5517, 2095)
[23:22:21][fortification_graphics.cpp:373]: Fortification graphics: locator 339 is in a non-land province at (5480, 2100)
[23:22:21][fortification_graphics.cpp:373]: Fortification graphics: locator 340 is in a non-land province at (5345, 2130)
[23:22:21][fortification_graphics.cpp:373]: Fortification graphics: locator 341 is in a non-land province at (5255, 2188)
[23:22:21][fortification_graphics.cpp:373]: Fortification graphics: locator 342 is in a non-land province at (5196, 2221)
[23:22:21][fortification_graphics.cpp:373]: Fortification graphics: locator 343 is in a non-land province at (5197, 2202)
[23:22:21][fortification_graphics.cpp:373]: Fortification graphics: locator 344 is in a non-land province at (5234, 2131)
[23:22:21][fortification_graphics.cpp:373]: Fortification graphics: locator 345 is in a non-land province at (5250, 2125)
[23:22:21][fortification_graphics.cpp:373]: Fortification graphics: locator 346 is in a non-land province at (5340, 2084)
[23:22:21][fortification_graphics.cpp:373]: Fortification graphics: locator 347 is in a non-land province at (5379, 2122)
[23:22:21][fortification_graphics.cpp:373]: Fortification graphics: locator 348 is in a non-land province at (5376, 2140)
[23:22:21][fortification_graphics.cpp:373]: Fortification graphics: locator 349 is in a non-land province at (5383, 2143)
[23:22:21][fortification_graphics.cpp:373]: Fortification graphics: locator 350 is in a non-land province at (5428, 2058)
[23:22:21][fortification_graphics.cpp:373]: Fortification graphics: locator 351 is in a non-land province at (5122, 1807)
[23:22:21][fortification_graphics.cpp:373]: Fortification graphics: locator 352 is in a non-land province at (4986, 2024)
[23:22:21][fortification_graphics.cpp:373]: Fortification graphics: locator 353 is in a non-land province at (4943, 1960)
[23:22:21][fortification_graphics.cpp:373]: Fortification graphics: locator 354 is in a non-land province at (4998, 1867)
[23:22:21][fortification_graphics.cpp:373]: Fortification graphics: locator 355 is in a non-land province at (4995, 1351)
[23:22:21][fortification_graphics.cpp:373]: Fortification graphics: locator 356 is in a non-land province at (5002, 1389)
[23:22:21][fortification_graphics.cpp:373]: Fortification graphics: locator 357 is in a non-land province at (4990, 1369)
[23:22:21][fortification_graphics.cpp:373]: Fortification graphics: locator 358 is in a non-land province at (5407, 1047)
[23:22:21][fortification_graphics.cpp:373]: Fortification graphics: locator 359 is in a non-land province at (5357, 1019)
[23:22:21][fortification_graphics.cpp:373]: Fortification graphics: locator 360 is in a non-land province at (5219, 1234)
[23:22:21][fortification_graphics.cpp:373]: Fortification graphics: locator 361 is in a non-land province at (5155, 1156)
[23:22:21][fortification_graphics.cpp:373]: Fortification graphics: locator 362 is in a non-land province at (5222, 1105)
[23:22:21][fortification_graphics.cpp:373]: Fortification graphics: locator 363 is in a non-land province at (5176, 954)
[23:22:21][fortification_graphics.cpp:373]: Fortification graphics: locator 364 is in a non-land province at (5089, 969)
[23:22:21][fortification_graphics.cpp:373]: Fortification graphics: locator 365 is in a non-land province at (5021, 1162)
[23:22:21][fortification_graphics.cpp:373]: Fortification graphics: locator 366 is in a non-land province at (4886, 1044)
[23:22:21][fortification_graphics.cpp:391]: Fortification graphics: locator 367 is in a province at (4837, 906) whose state region has graphical culture 'western' that does not have a corresponding entity for fortifications
[23:22:21][fortification_graphics.cpp:373]: Fortification graphics: locator 368 is in a non-land province at (4799, 806)
[23:22:21][fortification_graphics.cpp:373]: Fortification graphics: locator 369 is in a non-land province at (4517, 707)
[23:22:21][fortification_graphics.cpp:373]: Fortification graphics: locator 370 is in a non-land province at (4515, 703)
[23:22:21][fortification_graphics.cpp:373]: Fortification graphics: locator 371 is in a non-land province at (4440, 887)
[23:22:21][fortification_graphics.cpp:373]: Fortification graphics: locator 372 is in a non-land province at (4427, 991)
[23:22:21][fortification_graphics.cpp:373]: Fortification graphics: locator 373 is in a non-land province at (4393, 1218)
[23:22:21][fortification_graphics.cpp:373]: Fortification graphics: locator 374 is in a non-land province at (4398, 1309)
[23:22:21][fortification_graphics.cpp:373]: Fortification graphics: locator 375 is in a non-land province at (4370, 1396)
[23:22:21][fortification_graphics.cpp:373]: Fortification graphics: locator 376 is in a non-land province at (4380, 1375)
[23:22:21][fortification_graphics.cpp:373]: Fortification graphics: locator 377 is in a non-land province at (4296, 1491)
[23:22:21][fortification_graphics.cpp:373]: Fortification graphics: locator 378 is in a non-land province at (4308, 1600)
[23:22:21][fortification_graphics.cpp:373]: Fortification graphics: locator 379 is in a non-land province at (4295, 1597)
[23:22:21][fortification_graphics.cpp:373]: Fortification graphics: locator 380 is in a non-land province at (4244, 1611)
[23:22:21][fortification_graphics.cpp:373]: Fortification graphics: locator 381 is in a non-land province at (4208, 1649)
[23:22:21][fortification_graphics.cpp:373]: Fortification graphics: locator 382 is in a non-land province at (4170, 1658)
[23:22:21][fortification_graphics.cpp:373]: Fortification graphics: locator 383 is in a non-land province at (4150, 1656)
[23:22:21][fortification_graphics.cpp:373]: Fortification graphics: locator 384 is in a non-land province at (4120, 1651)
[23:22:21][fortification_graphics.cpp:373]: Fortification graphics: locator 385 is in a non-land province at (4067, 1629)
[23:22:21][fortification_graphics.cpp:373]: Fortification graphics: locator 386 is in a non-land province at (4093, 1639)
[23:22:21][fortification_graphics.cpp:373]: Fortification graphics: locator 387 is in a non-land province at (4012, 1630)
[23:22:21][fortification_graphics.cpp:373]: Fortification graphics: locator 388 is in a non-land province at (3948, 1620)
[23:22:21][fortification_graphics.cpp:373]: Fortification graphics: locator 389 is in a non-land province at (3849, 1655)
[23:22:21][fortification_graphics.cpp:373]: Fortification graphics: locator 390 is in a non-land province at (3808, 1683)
[23:22:21][fortification_graphics.cpp:373]: Fortification graphics: locator 391 is in a non-land province at (3793, 1704)
[23:22:21][fortification_graphics.cpp:373]: Fortification graphics: locator 392 is in a non-land province at (3729, 1780)
[23:22:21][fortification_graphics.cpp:373]: Fortification graphics: locator 393 is in a non-land province at (3717, 1820)
[23:22:21][fortification_graphics.cpp:373]: Fortification graphics: locator 394 is in a non-land province at (3556, 1854)
[23:22:21][fortification_graphics.cpp:373]: Fortification graphics: locator 395 is in a non-land province at (3719, 1881)
[23:22:21][fortification_graphics.cpp:373]: Fortification graphics: locator 396 is in a non-land province at (3695, 1848)
[23:22:21][fortification_graphics.cpp:373]: Fortification graphics: locator 397 is in a non-land province at (3735, 2067)
[23:22:21][fortification_graphics.cpp:373]: Fortification graphics: locator 398 is in a non-land province at (3781, 2187)
[23:22:21][fortification_graphics.cpp:373]: Fortification graphics: locator 399 is in a non-land province at (3713, 2174)
[23:22:21][fortification_graphics.cpp:373]: Fortification graphics: locator 400 is in a non-land province at (3875, 2230)
[23:22:21][fortification_graphics.cpp:373]: Fortification graphics: locator 401 is in a non-land province at (3919, 2305)
[23:22:21][fortification_graphics.cpp:373]: Fortification graphics: locator 402 is in a non-land province at (3932, 2312)
[23:22:21][fortification_graphics.cpp:373]: Fortification graphics: locator 403 is in a non-land province at (3961, 2362)
[23:22:21][fortification_graphics.cpp:391]: Fortification graphics: locator 404 is in a province at (4375, 2524) whose state region has graphical culture 'western' that does not have a corresponding entity for fortifications
[23:22:21][fortification_graphics.cpp:373]: Fortification graphics: locator 405 is in a non-land province at (4423, 2488)
[23:22:21][fortification_graphics.cpp:373]: Fortification graphics: locator 406 is in a non-land province at (4408, 2614)
[23:22:21][fortification_graphics.cpp:373]: Fortification graphics: locator 407 is in a non-land province at (4548, 2468)
[23:22:21][fortification_graphics.cpp:373]: Fortification graphics: locator 408 is in a non-land province at (4568, 2443)
[23:22:21][fortification_graphics.cpp:373]: Fortification graphics: locator 409 is in a non-land province at (4593, 2428)
[23:22:21][fortification_graphics.cpp:373]: Fortification graphics: locator 410 is in a non-land province at (4591, 2393)
[23:22:21][fortification_graphics.cpp:373]: Fortification graphics: locator 411 is in a non-land province at (4616, 2409)
[23:22:21][fortification_graphics.cpp:373]: Fortification graphics: locator 412 is in a non-land province at (4738, 2381)
[23:22:21][fortification_graphics.cpp:373]: Fortification graphics: locator 413 is in a non-land province at (4668, 2350)
[23:22:21][fortification_graphics.cpp:373]: Fortification graphics: locator 414 is in a non-land province at (4655, 2351)
[23:22:21][fortification_graphics.cpp:373]: Fortification graphics: locator 415 is in a non-land province at (4648, 2354)
[23:22:21][fortification_graphics.cpp:373]: Fortification graphics: locator 416 is in a non-land province at (4621, 2389)
[23:22:21][fortification_graphics.cpp:373]: Fortification graphics: locator 417 is in a non-land province at (4668, 2398)
[23:22:21][fortification_graphics.cpp:373]: Fortification graphics: locator 418 is in a non-land province at (4694, 2471)
[23:22:21][fortification_graphics.cpp:373]: Fortification graphics: locator 419 is in a non-land province at (4893, 2205)
[23:22:21][fortification_graphics.cpp:373]: Fortification graphics: locator 420 is in a non-land province at (4347, 2352)
[23:22:21][fortification_graphics.cpp:373]: Fortification graphics: locator 421 is in a non-land province at (4330, 2391)
[23:22:21][fortification_graphics.cpp:373]: Fortification graphics: locator 422 is in a non-land province at (4119, 2381)
[23:22:21][fortification_graphics.cpp:373]: Fortification graphics: locator 423 is in a non-land province at (4080, 2360)
[23:22:21][fortification_graphics.cpp:373]: Fortification graphics: locator 424 is in a non-land province at (4170, 2389)
[23:22:21][fortification_graphics.cpp:373]: Fortification graphics: locator 425 is in a non-land province at (4163, 2389)
[23:22:21][fortification_graphics.cpp:373]: Fortification graphics: locator 426 is in a non-land province at (4246, 2395)
[23:22:21][fortification_graphics.cpp:373]: Fortification graphics: locator 427 is in a non-land province at (4271, 2392)
[23:22:21][fortification_graphics.cpp:373]: Fortification graphics: locator 428 is in a non-land province at (4329, 2399)
[23:22:21][fortification_graphics.cpp:373]: Fortification graphics: locator 429 is in a non-land province at (4398, 2289)
[23:22:21][fortification_graphics.cpp:373]: Fortification graphics: locator 430 is in a non-land province at (4556, 2271)
[23:22:21][fortification_graphics.cpp:373]: Fortification graphics: locator 431 is in a non-land province at (4612, 2283)
[23:22:21][fortification_graphics.cpp:373]: Fortification graphics: locator 432 is in a non-land province at (4714, 2249)
[23:22:21][fortification_graphics.cpp:373]: Fortification graphics: locator 433 is in a non-land province at (4812, 2250)
[23:22:21][fortification_graphics.cpp:373]: Fortification graphics: locator 434 is in a non-land province at (4778, 2247)
[23:22:21][fortification_graphics.cpp:373]: Fortification graphics: locator 435 is in a non-land province at (4788, 2251)
[23:22:21][fortification_graphics.cpp:373]: Fortification graphics: locator 436 is in a non-land province at (4870, 2131)
[23:22:21][fortification_graphics.cpp:373]: Fortification graphics: locator 437 is in a non-land province at (4834, 2201)
[23:22:21][fortification_graphics.cpp:373]: Fortification graphics: locator 438 is in a non-land province at (4833, 2212)
[23:22:21][fortification_graphics.cpp:373]: Fortification graphics: locator 439 is in a non-land province at (4875, 2161)
[23:22:21][fortification_graphics.cpp:373]: Fortification graphics: locator 440 is in a non-land province at (4830, 2248)
[23:22:21][fortification_graphics.cpp:373]: Fortification graphics: locator 441 is in a non-land province at (4890, 2271)
[23:22:21][fortification_graphics.cpp:373]: Fortification graphics: locator 442 is in a non-land province at (4905, 2310)
[23:22:21][fortification_graphics.cpp:373]: Fortification graphics: locator 443 is in a non-land province at (4836, 2336)
[23:22:21][fortification_graphics.cpp:373]: Fortification graphics: locator 444 is in a non-land province at (4861, 2338)
[23:22:21][fortification_graphics.cpp:373]: Fortification graphics: locator 445 is in a non-land province at (4915, 2327)
[23:22:21][fortification_graphics.cpp:373]: Fortification graphics: locator 446 is in a non-land province at (4914, 2338)
[23:22:21][fortification_graphics.cpp:373]: Fortification graphics: locator 447 is in a non-land province at (4899, 2385)
[23:22:21][fortification_graphics.cpp:373]: Fortification graphics: locator 448 is in a non-land province at (4794, 2392)
[23:22:21][fortification_graphics.cpp:373]: Fortification graphics: locator 449 is in a non-land province at (4705, 2439)
[23:22:21][fortification_graphics.cpp:373]: Fortification graphics: locator 450 is in a non-land province at (4982, 2501)
[23:22:21][fortification_graphics.cpp:373]: Fortification graphics: locator 451 is in a non-land province at (4814, 2509)
[23:22:21][fortification_graphics.cpp:373]: Fortification graphics: locator 452 is in a non-land province at (4894, 2530)
[23:22:21][fortification_graphics.cpp:373]: Fortification graphics: locator 453 is in a non-land province at (5046, 2518)
[23:22:21][fortification_graphics.cpp:373]: Fortification graphics: locator 454 is in a non-land province at (5044, 2540)
[23:22:21][fortification_graphics.cpp:373]: Fortification graphics: locator 455 is in a non-land province at (4999, 2575)
[23:22:21][fortification_graphics.cpp:373]: Fortification graphics: locator 456 is in a non-land province at (4959, 2602)
[23:22:21][fortification_graphics.cpp:373]: Fortification graphics: locator 457 is in a non-land province at (4974, 2673)
[23:22:21][fortification_graphics.cpp:373]: Fortification graphics: locator 458 is in a non-land province at (4997, 2674)
[23:22:21][fortification_graphics.cpp:373]: Fortification graphics: locator 459 is in a non-land province at (4944, 2664)
[23:22:21][fortification_graphics.cpp:373]: Fortification graphics: locator 460 is in a non-land province at (4925, 2622)
[23:22:21][fortification_graphics.cpp:373]: Fortification graphics: locator 461 is in a non-land province at (4865, 2595)
[23:22:21][fortification_graphics.cpp:373]: Fortification graphics: locator 462 is in a non-land province at (4860, 2600)
[23:22:21][fortification_graphics.cpp:373]: Fortification graphics: locator 463 is in a non-land province at (4821, 2649)
[23:22:21][fortification_graphics.cpp:373]: Fortification graphics: locator 464 is in a non-land province at (4796, 2652)
[23:22:21][fortification_graphics.cpp:373]: Fortification graphics: locator 465 is in a non-land province at (4788, 2641)
[23:22:21][fortification_graphics.cpp:373]: Fortification graphics: locator 466 is in a non-land province at (4747, 2589)
[23:22:21][fortification_graphics.cpp:373]: Fortification graphics: locator 467 is in a non-land province at (4733, 2562)
[23:22:21][fortification_graphics.cpp:373]: Fortification graphics: locator 468 is in a non-land province at (4726, 2537)
[23:22:21][fortification_graphics.cpp:373]: Fortification graphics: locator 469 is in a non-land province at (4759, 2506)
[23:22:21][fortification_graphics.cpp:373]: Fortification graphics: locator 470 is in a non-land province at (4753, 2507)
[23:22:21][fortification_graphics.cpp:373]: Fortification graphics: locator 471 is in a non-land province at (4744, 2503)
[23:22:21][fortification_graphics.cpp:373]: Fortification graphics: locator 472 is in a non-land province at (4696, 2480)
[23:22:21][fortification_graphics.cpp:373]: Fortification graphics: locator 473 is in a non-land province at (4677, 2499)
[23:22:21][fortification_graphics.cpp:373]: Fortification graphics: locator 474 is in a non-land province at (4619, 2487)
[23:22:21][fortification_graphics.cpp:373]: Fortification graphics: locator 475 is in a non-land province at (4631, 2453)
[23:22:21][fortification_graphics.cpp:373]: Fortification graphics: locator 476 is in a non-land province at (4633, 2414)
[23:22:21][fortification_graphics.cpp:373]: Fortification graphics: locator 477 is in a non-land province at (4563, 2430)
[23:22:21][fortification_graphics.cpp:373]: Fortification graphics: locator 478 is in a non-land province at (4549, 2464)
[23:22:21][fortification_graphics.cpp:373]: Fortification graphics: locator 479 is in a non-land province at (4539, 2503)
[23:22:21][fortification_graphics.cpp:373]: Fortification graphics: locator 480 is in a non-land province at (4542, 2479)
[23:22:21][fortification_graphics.cpp:373]: Fortification graphics: locator 481 is in a non-land province at (4540, 2517)
[23:22:21][fortification_graphics.cpp:373]: Fortification graphics: locator 482 is in a non-land province at (4539, 2511)
[23:22:21][fortification_graphics.cpp:391]: Fortification graphics: locator 483 is in a province at (4509, 2546) whose state region has graphical culture 'western' that does not have a corresponding entity for fortifications
[23:22:21][fortification_graphics.cpp:391]: Fortification graphics: locator 484 is in a province at (4518, 2541) whose state region has graphical culture 'western' that does not have a corresponding entity for fortifications
[23:22:21][fortification_graphics.cpp:391]: Fortification graphics: locator 485 is in a province at (4465, 2558) whose state region has graphical culture 'western' that does not have a corresponding entity for fortifications
[23:22:21][fortification_graphics.cpp:391]: Fortification graphics: locator 486 is in a province at (4470, 2569) whose state region has graphical culture 'western' that does not have a corresponding entity for fortifications
[23:22:21][fortification_graphics.cpp:373]: Fortification graphics: locator 487 is in a non-land province at (4443, 2585)
[23:22:21][fortification_graphics.cpp:373]: Fortification graphics: locator 488 is in a non-land province at (4414, 2607)
[23:22:21][fortification_graphics.cpp:373]: Fortification graphics: locator 489 is in a non-land province at (4410, 2628)
[23:22:21][fortification_graphics.cpp:391]: Fortification graphics: locator 490 is in a province at (4383, 2626) whose state region has graphical culture 'western' that does not have a corresponding entity for fortifications
[23:22:21][fortification_graphics.cpp:391]: Fortification graphics: locator 491 is in a province at (4375, 2622) whose state region has graphical culture 'western' that does not have a corresponding entity for fortifications
[23:22:21][fortification_graphics.cpp:373]: Fortification graphics: locator 492 is in a non-land province at (4375, 2600)
[23:22:21][fortification_graphics.cpp:391]: Fortification graphics: locator 493 is in a province at (4393, 2579) whose state region has graphical culture 'western' that does not have a corresponding entity for fortifications
[23:22:21][fortification_graphics.cpp:391]: Fortification graphics: locator 494 is in a province at (4414, 2548) whose state region has graphical culture 'western' that does not have a corresponding entity for fortifications
[23:22:21][fortification_graphics.cpp:373]: Fortification graphics: locator 495 is in a non-land province at (4516, 2477)
[23:22:21][fortification_graphics.cpp:373]: Fortification graphics: locator 496 is in a non-land province at (4502, 2492)
[23:22:21][fortification_graphics.cpp:373]: Fortification graphics: locator 497 is in a non-land province at (4490, 2485)
[23:22:21][fortification_graphics.cpp:391]: Fortification graphics: locator 498 is in a province at (4420, 2370) whose state region has graphical culture 'western' that does not have a corresponding entity for fortifications
[23:22:21][fortification_graphics.cpp:373]: Fortification graphics: locator 499 is in a non-land province at (4429, 2361)
[23:22:21][fortification_graphics.cpp:373]: Fortification graphics: locator 500 is in a non-land province at (4426, 2364)
[23:22:21][fortification_graphics.cpp:373]: Fortification graphics: locator 501 is in a non-land province at (4396, 2424)
[23:22:21][fortification_graphics.cpp:391]: Fortification graphics: locator 502 is in a province at (4289, 2495) whose state region has graphical culture 'western' that does not have a corresponding entity for fortifications
[23:22:21][fortification_graphics.cpp:391]: Fortification graphics: locator 503 is in a province at (4301, 2450) whose state region has graphical culture 'western' that does not have a corresponding entity for fortifications
[23:22:21][fortification_graphics.cpp:391]: Fortification graphics: locator 504 is in a province at (4295, 2523) whose state region has graphical culture 'western' that does not have a corresponding entity for fortifications
[23:22:21][fortification_graphics.cpp:391]: Fortification graphics: locator 505 is in a province at (4332, 2568) whose state region has graphical culture 'western' that does not have a corresponding entity for fortifications
[23:22:21][fortification_graphics.cpp:391]: Fortification graphics: locator 506 is in a province at (4331, 2553) whose state region has graphical culture 'western' that does not have a corresponding entity for fortifications
[23:22:21][fortification_graphics.cpp:391]: Fortification graphics: locator 507 is in a province at (4330, 2577) whose state region has graphical culture 'western' that does not have a corresponding entity for fortifications
[23:22:21][fortification_graphics.cpp:373]: Fortification graphics: locator 508 is in a non-land province at (4446, 2421)
[23:22:21][fortification_graphics.cpp:373]: Fortification graphics: locator 509 is in a non-land province at (4453, 2422)
[23:22:21][fortification_graphics.cpp:373]: Fortification graphics: locator 510 is in a non-land province at (4263, 2578)
[23:22:21][fortification_graphics.cpp:373]: Fortification graphics: locator 511 is in a non-land province at (4303, 2594)
[23:22:21][fortification_graphics.cpp:391]: Fortification graphics: locator 512 is in a province at (4240, 2560) whose state region has graphical culture 'western' that does not have a corresponding entity for fortifications
[23:22:21][fortification_graphics.cpp:391]: Fortification graphics: locator 513 is in a province at (4229, 2559) whose state region has graphical culture 'western' that does not have a corresponding entity for fortifications
[23:22:21][fortification_graphics.cpp:391]: Fortification graphics: locator 514 is in a province at (4195, 2569) whose state region has graphical culture 'western' that does not have a corresponding entity for fortifications
[23:22:21][fortification_graphics.cpp:391]: Fortification graphics: locator 515 is in a province at (4161, 2457) whose state region has graphical culture 'western' that does not have a corresponding entity for fortifications
[23:22:21][fortification_graphics.cpp:391]: Fortification graphics: locator 516 is in a province at (4192, 2470) whose state region has graphical culture 'western' that does not have a corresponding entity for fortifications
[23:22:21][fortification_graphics.cpp:373]: Fortification graphics: locator 517 is in a non-land province at (4117, 2501)
[23:22:21][fortification_graphics.cpp:373]: Fortification graphics: locator 518 is in a non-land province at (4139, 2508)
[23:22:21][fortification_graphics.cpp:373]: Fortification graphics: locator 519 is in a non-land province at (4098, 2440)
[23:22:21][fortification_graphics.cpp:373]: Fortification graphics: locator 520 is in a non-land province at (4078, 2411)
[23:22:21][fortification_graphics.cpp:373]: Fortification graphics: locator 521 is in a non-land province at (4068, 2408)
[23:22:21][fortification_graphics.cpp:373]: Fortification graphics: locator 522 is in a non-land province at (4035, 2388)
[23:22:21][fortification_graphics.cpp:373]: Fortification graphics: locator 523 is in a non-land province at (4027, 2354)
[23:22:21][fortification_graphics.cpp:373]: Fortification graphics: locator 524 is in a non-land province at (3975, 2365)
[23:22:21][fortification_graphics.cpp:373]: Fortification graphics: locator 525 is in a non-land province at (3975, 2374)
[23:22:21][fortification_graphics.cpp:373]: Fortification graphics: locator 526 is in a non-land province at (3972, 2371)
[23:22:21][fortification_graphics.cpp:373]: Fortification graphics: locator 527 is in a non-land province at (3953, 2381)
[23:22:21][fortification_graphics.cpp:373]: Fortification graphics: locator 528 is in a non-land province at (3894, 2397)
[23:22:21][fortification_graphics.cpp:373]: Fortification graphics: locator 529 is in a non-land province at (3888, 2433)
[23:22:21][fortification_graphics.cpp:373]: Fortification graphics: locator 530 is in a non-land province at (3882, 2441)
[23:22:21][fortification_graphics.cpp:373]: Fortification graphics: locator 531 is in a non-land province at (3898, 2492)
[23:22:21][fortification_graphics.cpp:373]: Fortification graphics: locator 532 is in a non-land province at (3899, 2506)
[23:22:21][fortification_graphics.cpp:373]: Fortification graphics: locator 533 is in a non-land province at (4081, 2617)
[23:22:21][fortification_graphics.cpp:373]: Fortification graphics: locator 534 is in a non-land province at (4066, 2638)
[23:22:21][fortification_graphics.cpp:373]: Fortification graphics: locator 535 is in a non-land province at (4065, 2645)
[23:22:21][fortification_graphics.cpp:373]: Fortification graphics: locator 536 is in a non-land province at (4040, 2678)
[23:22:21][fortification_graphics.cpp:373]: Fortification graphics: locator 537 is in a non-land province at (4025, 2686)
[23:22:21][fortification_graphics.cpp:373]: Fortification graphics: locator 538 is in a non-land province at (3992, 2704)
[23:22:21][fortification_graphics.cpp:373]: Fortification graphics: locator 539 is in a non-land province at (3990, 2715)
[23:22:21][fortification_graphics.cpp:373]: Fortification graphics: locator 540 is in a non-land province at (4040, 2717)
[23:22:21][fortification_graphics.cpp:373]: Fortification graphics: locator 541 is in a non-land province at (4038, 2742)
[23:22:21][fortification_graphics.cpp:391]: Fortification graphics: locator 542 is in a province at (4191, 2811) whose state region has graphical culture 'western' that does not have a corresponding entity for fortifications
[23:22:21][fortification_graphics.cpp:373]: Fortification graphics: locator 543 is in a non-land province at (4087, 2735)
[23:22:21][fortification_graphics.cpp:391]: Fortification graphics: locator 544 is in a province at (4219, 2860) whose state region has graphical culture 'western' that does not have a corresponding entity for fortifications
[23:22:21][fortification_graphics.cpp:391]: Fortification graphics: locator 545 is in a province at (4204, 2843) whose state region has graphical culture 'western' that does not have a corresponding entity for fortifications
[23:22:21][fortification_graphics.cpp:373]: Fortification graphics: locator 546 is in a non-land province at (4368, 2908)
[23:22:21][fortification_graphics.cpp:391]: Fortification graphics: locator 547 is in a province at (4279, 2867) whose state region has graphical culture 'western' that does not have a corresponding entity for fortifications
[23:22:21][fortification_graphics.cpp:391]: Fortification graphics: locator 548 is in a province at (4287, 2876) whose state region has graphical culture 'western' that does not have a corresponding entity for fortifications
[23:22:21][fortification_graphics.cpp:373]: Fortification graphics: locator 549 is in a non-land province at (4339, 2901)
[23:22:21][fortification_graphics.cpp:373]: Fortification graphics: locator 550 is in a non-land province at (4317, 2907)
[23:22:21][fortification_graphics.cpp:373]: Fortification graphics: locator 551 is in a non-land province at (4744, 3092)
[23:22:21][fortification_graphics.cpp:373]: Fortification graphics: locator 552 is in a non-land province at (3998, 2767)
[23:22:21][fortification_graphics.cpp:373]: Fortification graphics: locator 553 is in a non-land province at (4040, 2774)
[23:22:21][fortification_graphics.cpp:373]: Fortification graphics: locator 554 is in a non-land province at (4471, 2979)
[23:22:21][fortification_graphics.cpp:373]: Fortification graphics: locator 555 is in a non-land province at (4550, 2898)
[23:22:21][fortification_graphics.cpp:373]: Fortification graphics: locator 556 is in a non-land province at (4049, 2774)
[23:22:21][fortification_graphics.cpp:373]: Fortification graphics: locator 557 is in a non-land province at (4521, 2889)
[23:22:21][fortification_graphics.cpp:373]: Fortification graphics: locator 558 is in a non-land province at (4524, 2898)
[23:22:21][fortification_graphics.cpp:373]: Fortification graphics: locator 559 is in a non-land province at (4577, 2928)
[23:22:21][fortification_graphics.cpp:373]: Fortification graphics: locator 560 is in a non-land province at (4575, 2946)
[23:22:21][fortification_graphics.cpp:373]: Fortification graphics: locator 561 is in a non-land province at (4578, 2969)
[23:22:21][fortification_graphics.cpp:373]: Fortification graphics: locator 562 is in a non-land province at (4597, 3005)
[23:22:21][fortification_graphics.cpp:373]: Fortification graphics: locator 563 is in a non-land province at (4660, 3059)
[23:22:21][fortification_graphics.cpp:373]: Fortification graphics: locator 564 is in a non-land province at (4630, 2973)
[23:22:21][fortification_graphics.cpp:373]: Fortification graphics: locator 565 is in a non-land province at (4774, 3072)
[23:22:21][fortification_graphics.cpp:373]: Fortification graphics: locator 566 is in a non-land province at (4779, 3075)
[23:22:21][fortification_graphics.cpp:373]: Fortification graphics: locator 567 is in a non-land province at (4653, 3054)
[23:22:21][fortification_graphics.cpp:373]: Fortification graphics: locator 568 is in a non-land province at (4664, 3080)
[23:22:21][fortification_graphics.cpp:373]: Fortification graphics: locator 569 is in a non-land province at (4719, 3091)
[23:22:21][fortification_graphics.cpp:373]: Fortification graphics: locator 570 is in a non-land province at (4592, 3078)
[23:22:21][fortification_graphics.cpp:391]: Fortification graphics: locator 571 is in a province at (4657, 3252) whose state region has graphical culture 'western' that does not have a corresponding entity for fortifications
[23:22:21][fortification_graphics.cpp:391]: Fortification graphics: locator 572 is in a province at (4610, 3272) whose state region has graphical culture 'western' that does not have a corresponding entity for fortifications
[23:22:21][fortification_graphics.cpp:373]: Fortification graphics: locator 573 is in a non-land province at (4558, 3080)
[23:22:21][fortification_graphics.cpp:373]: Fortification graphics: locator 574 is in a non-land province at (4516, 3052)
[23:22:21][fortification_graphics.cpp:373]: Fortification graphics: locator 575 is in a non-land province at (4517, 3044)
[23:22:21][fortification_graphics.cpp:373]: Fortification graphics: locator 576 is in a non-land province at (4510, 2991)
[23:22:21][fortification_graphics.cpp:373]: Fortification graphics: locator 577 is in a non-land province at (4377, 2917)
[23:22:21][fortification_graphics.cpp:373]: Fortification graphics: locator 578 is in a non-land province at (4382, 2930)
[23:22:21][fortification_graphics.cpp:373]: Fortification graphics: locator 579 is in a non-land province at (4351, 2920)
[23:22:21][fortification_graphics.cpp:373]: Fortification graphics: locator 580 is in a non-land province at (4446, 2881)
[23:22:21][fortification_graphics.cpp:373]: Fortification graphics: locator 581 is in a non-land province at (4421, 2874)
[23:22:21][fortification_graphics.cpp:373]: Fortification graphics: locator 582 is in a non-land province at (4378, 2887)
[23:22:21][fortification_graphics.cpp:373]: Fortification graphics: locator 583 is in a non-land province at (4342, 2881)
[23:22:21][fortification_graphics.cpp:373]: Fortification graphics: locator 584 is in a non-land province at (4388, 2920)
[23:22:21][fortification_graphics.cpp:373]: Fortification graphics: locator 585 is in a non-land province at (4380, 2940)
[23:22:25][journal_entry_manager.cpp:370]: ゴートン already has a journal entry of type je_toe_gg_steppe
[23:22:25][journal_entry_manager.cpp:370]: パイド already has a journal entry of type je_toe_gg_steppe
[23:22:25][journal_entry_manager.cpp:370]: パイド already has a journal entry of type je_toe_gg_sosilia
[23:22:25][journal_entry_manager.cpp:370]: イルボネー already has a journal entry of type je_toe_gg_tortal
[23:22:25][journal_entry_manager.cpp:370]: イルボネー already has a journal entry of type je_toe_gg_south_lefria
[23:22:25][journal_entry_manager.cpp:370]: テーガール already has a journal entry of type je_toe_gg_tegar_ria
[23:22:25][journal_entry_manager.cpp:370]: テーガール already has a journal entry of type je_toe_gg_tortal
[23:22:25][journal_entry_manager.cpp:370]: テーガール already has a journal entry of type je_toe_gg_south_lefria
[23:22:28][country.cpp:12793]: The ruler of リイア共和国 is scripted to be アーサー ウェリントン but that character leads the interest group of 地主 that they belong to, which is not allowed under Dictatorial/Hereditary
[23:22:28][state_region.cpp:387]: State region 北米51 contains multiple instances of the 金鉱山 building type in its resource potentials
[23:22:28][state_region.cpp:387]: State region 北米2 contains multiple instances of the 金鉱山 building type in its resource potentials
[23:22:28][state_region.cpp:387]: State region バイゼル contains multiple instances of the 金鉱山 building type in its resource potentials
[23:22:28][state_region.cpp:387]: State region コーサル contains multiple instances of the 金鉱山 building type in its resource potentials
[23:22:28][state_region.cpp:387]: State region パルン contains multiple instances of the 金鉱山 building type in its resource potentials
[23:22:28][state_region.cpp:387]: State region 東欧78 contains multiple instances of the 金鉱山 building type in its resource potentials
[23:22:28][state_region.cpp:387]: State region 東欧76 contains multiple instances of the 金鉱山 building type in its resource potentials
[23:22:28][state_region.cpp:387]: State region 北阿4 contains multiple instances of the 金鉱山 building type in its resource potentials
[23:22:28][state_region.cpp:387]: State region 南レフリア東島 contains multiple instances of the 金鉱山 building type in its resource potentials
[23:22:28][state_region.cpp:387]: State region 西亜3 contains multiple instances of the 金鉱山 building type in its resource potentials
[23:22:28][state_region.cpp:387]: State region 西亜24 contains multiple instances of the 金鉱山 building type in its resource potentials
[23:22:28][state_region.cpp:387]: State region 西亜68 contains multiple instances of the 金鉱山 building type in its resource potentials
[23:22:28][state_region.cpp:387]: State region 東亜7 contains multiple instances of the 金鉱山 building type in its resource potentials
[23:22:28][state_region.cpp:387]: State region 東亜2 contains multiple instances of the 金鉱山 building type in its resource potentials
[23:22:28][state_region.cpp:387]: State region 東亜5 contains multiple instances of the 金鉱山 building type in its resource potentials
[23:22:28][state_region.cpp:387]: State region 豪31 contains multiple instances of the 金鉱山 building type in its resource potentials
[23:22:28][state_region.cpp:387]: State region 豪34 contains multiple instances of the 金鉱山 building type in its resource potentials
[23:22:28][state_region.cpp:387]: State region 豪40 contains multiple instances of the 金鉱山 building type in its resource potentials
[23:22:28][state_region.cpp:387]: State region 豪36 contains multiple instances of the 金鉱山 building type in its resource potentials
[23:22:28][initializefrombookmark.cpp:1430]: Historical diplomatic pact embargo between XAI and GSU cannot be maintained and will break soon
[23:22:28][initializefrombookmark.cpp:1430]: Historical diplomatic pact embargo between GSU and XAI cannot be maintained and will break soon
[23:22:28][country_law_manager.cpp:464]: Country XCF is not permitted to retain law 学校なし, fix this or consider 民間学校 instead
[23:22:30][gui_search_bar.cpp:78]: Search bar could not find edit box 'search_edit'
